# Wavefront .OBJ file for tesselated shape: IRB6700-MH3_150-320_IRC5_rev04_LINK05_CAD.step-1 path: C:\Users\Jiaqi\AppData\Local\Temp\swx23060\IC~~\IRB6700-MH3_150-320_IRC5_rev04_LINK05_CAD.step.SLDPRT

g body_1
v 2.075500 0.052015 2.160515
v 2.075500 0.049413 2.173592
v 2.075500 0.048500 2.169000
v 2.075500 0.068985 2.177485
v 2.075500 0.068985 2.160515
v 2.075500 0.071587 2.164408
v 2.075500 0.052015 2.177485
v 2.075500 0.072500 2.169000
v 2.075500 0.055908 2.180087
v 2.075500 0.071587 2.173592
v 2.075500 0.055908 2.157913
v 2.075500 0.060500 2.157000
v 2.075500 0.049413 2.164408
v 2.075500 0.065092 2.157913
v 2.075500 0.065092 2.180087
v 2.075500 0.060500 2.181000
v 2.075500 0.060500 2.181000
v 2.059500 0.060500 2.181000
v 2.059500 0.055908 2.180087
v 2.075500 0.055908 2.180087
v 2.059500 0.052015 2.177485
v 2.075500 0.052015 2.177485
v 2.059500 0.049413 2.173592
v 2.075500 0.049413 2.173592
v 2.059500 0.048500 2.169000
v 2.075500 0.048500 2.169000
v 2.059500 0.049413 2.164408
v 2.075500 0.049413 2.164408
v 2.059500 0.052015 2.160515
v 2.075500 0.052015 2.160515
v 2.059500 0.055908 2.157913
v 2.075500 0.055908 2.157913
v 2.059500 0.060500 2.157000
v 2.075500 0.060500 2.157000
v 2.075500 0.060500 2.157000
v 2.059500 0.060500 2.157000
v 2.059500 0.065092 2.157913
v 2.075500 0.065092 2.157913
v 2.059500 0.068985 2.160515
v 2.075500 0.068985 2.160515
v 2.059500 0.071587 2.164408
v 2.075500 0.071587 2.164408
v 2.059500 0.072500 2.169000
v 2.075500 0.072500 2.169000
v 2.059500 0.071587 2.173592
v 2.075500 0.071587 2.173592
v 2.059500 0.068985 2.177485
v 2.075500 0.068985 2.177485
v 2.059500 0.065092 2.180087
v 2.075500 0.065092 2.180087
v 2.059500 0.060500 2.181000
v 2.075500 0.060500 2.181000
v 2.059500 0.072500 2.169000
v 2.059500 0.070249 2.166775
v 2.059500 0.070249 2.171225
v 2.059500 0.048500 2.169000
v 2.059500 0.049413 2.173592
v 2.059500 0.050751 2.171225
v 2.059500 0.071587 2.173592
v 2.059500 0.068318 2.175235
v 2.059500 0.050751 2.166775
v 2.059500 0.049413 2.164408
v 2.059500 0.052015 2.177485
v 2.059500 0.052682 2.175235
v 2.059500 0.065092 2.180087
v 2.059500 0.064839 2.178010
v 2.059500 0.060500 2.179000
v 2.059500 0.068985 2.177485
v 2.059500 0.071587 2.164408
v 2.059500 0.068985 2.160515
v 2.059500 0.068318 2.162765
v 2.059500 0.055908 2.157913
v 2.059500 0.056161 2.159990
v 2.059500 0.060500 2.159000
v 2.059500 0.052015 2.160515
v 2.059500 0.052682 2.162765
v 2.059500 0.065092 2.157913
v 2.059500 0.064839 2.159990
v 2.059500 0.060500 2.157000
v 2.059500 0.055908 2.180087
v 2.059500 0.056161 2.178010
v 2.059500 0.060500 2.181000
v 2.053500 0.060500 2.159000
v 2.059500 0.060500 2.159000
v 2.059500 0.056161 2.159990
v 2.053500 0.056161 2.159990
v 2.059500 0.052682 2.162765
v 2.053500 0.052682 2.162765
v 2.059500 0.050751 2.166775
v 2.053500 0.050751 2.166775
v 2.059500 0.050751 2.171225
v 2.053500 0.050751 2.171225
v 2.059500 0.052682 2.175235
v 2.053500 0.052682 2.175235
v 2.059500 0.056161 2.178010
v 2.053500 0.056161 2.178010
v 2.059500 0.060500 2.179000
v 2.053500 0.060500 2.179000
v 2.053500 0.060500 2.179000
v 2.059500 0.060500 2.179000
v 2.059500 0.064839 2.178010
v 2.053500 0.064839 2.178010
v 2.059500 0.068318 2.175235
v 2.053500 0.068318 2.175235
v 2.059500 0.070249 2.171225
v 2.053500 0.070249 2.171225
v 2.059500 0.070249 2.166775
v 2.053500 0.070249 2.166775
v 2.059500 0.068318 2.162765
v 2.053500 0.068318 2.162765
v 2.059500 0.064839 2.159990
v 2.053500 0.064839 2.159990
v 2.059500 0.060500 2.159000
v 2.053500 0.060500 2.159000
v 2.053500 0.078000 2.169667
v 2.053500 0.070249 2.171225
v 2.053500 0.070249 2.166775
v 2.053500 0.042000 2.169000
v 2.053500 0.042719 2.163892
v 2.053500 0.050751 2.166775
v 2.053500 0.071069 2.155970
v 2.053500 0.068318 2.162765
v 2.053500 0.064839 2.159990
v 2.053500 0.075040 2.160082
v 2.053500 0.077424 2.165279
v 2.053500 0.042000 2.175346
v 2.053500 0.050751 2.171225
v 2.053500 0.052682 2.175235
v 2.053500 0.048140 2.155235
v 2.053500 0.052421 2.152357
v 2.053500 0.056161 2.159990
v 2.053500 0.065959 2.153407
v 2.053500 0.060500 2.159000
v 2.053500 0.077437 2.174007
v 2.053500 0.075105 2.179156
v 2.053500 0.068318 2.175235
v 2.053500 0.071214 2.183257
v 2.053500 0.064839 2.178010
v 2.053500 0.066194 2.185854
v 2.053500 0.061890 2.186644
v 2.053500 0.060500 2.179000
v 2.053500 0.044820 2.159182
v 2.053500 0.052682 2.162765
v 2.053500 0.061593 2.152678
v 2.053500 0.059715 2.186758
v 2.053500 0.051176 2.180557
v 2.053500 0.056161 2.178010
v 2.049500 0.051176 2.180557
v 2.049500 0.042000 2.175346
v 2.053500 0.042000 2.175346
v 2.049500 0.059715 2.186758
v 2.053500 0.051176 2.180557
v 2.053500 0.059715 2.186758
v 2.029500 0.052421 2.152357
v 2.053500 0.052421 2.152357
v 2.053500 0.048140 2.155235
v 2.029500 0.048140 2.155235
v 2.053500 0.044820 2.159182
v 2.029500 0.044820 2.159182
v 2.053500 0.042719 2.163892
v 2.029500 0.042719 2.163892
v 2.053500 0.042000 2.169000
v 2.029500 0.042000 2.169000
v 2.029500 0.042000 2.169000
v 2.053500 0.042000 2.169000
v 2.049500 0.042000 2.175346
v 2.053500 0.042000 2.175346
v 2.029500 0.042000 2.175346
v 2.053500 0.077437 2.174007
v 2.053500 0.078000 2.169667
v 2.044115 0.077695 2.172875
v 2.043775 0.078000 2.169667
v 2.044483 0.076790 2.175967
v 2.044867 0.075318 2.178833
v 2.044245 0.077437 2.174007
v 2.053500 0.071214 2.183257
v 2.053500 0.075105 2.179156
v 2.045253 0.073331 2.181369
v 2.053500 0.066194 2.185854
v 2.045974 0.068117 2.185106
v 2.045582 0.071214 2.183256
v 2.045626 0.070902 2.183486
v 2.046284 0.065077 2.186171
v 2.046544 0.061890 2.186644
v 2.046177 0.066194 2.185854
v 2.053500 0.061890 2.186644
v 2.049500 0.000000 2.165500
v 2.029500 0.000000 2.165500
v 2.029500 0.010857 2.166126
v 2.049500 0.010857 2.166126
v 2.029500 0.021569 2.167994
v 2.049500 0.021569 2.167994
v 2.029500 0.031997 2.171082
v 2.049500 0.031997 2.171082
v 2.029500 0.042000 2.175346
v 2.049500 0.042000 2.175346
v 2.049500 0.000000 2.354500
v 2.029500 0.000000 2.354500
v 2.029500 -0.014084 2.353445
v 2.049500 -0.014084 2.353445
v 2.029500 -0.027854 2.350302
v 2.049500 -0.027854 2.350302
v 2.029500 -0.041002 2.345142
v 2.049500 -0.041002 2.345142
v 2.029500 -0.053234 2.338080
v 2.049500 -0.053234 2.338080
v 2.029500 -0.064276 2.329273
v 2.049500 -0.064276 2.329273
v 2.029500 -0.073883 2.318920
v 2.049500 -0.073883 2.318920
v 2.029500 -0.081839 2.307250
v 2.049500 -0.081839 2.307250
v 2.029500 -0.087968 2.294525
v 2.049500 -0.087968 2.294525
v 2.029500 -0.092131 2.281028
v 2.049500 -0.092131 2.281028
v 2.029500 -0.094236 2.267062
v 2.049500 -0.094236 2.267062
v 2.029500 -0.094236 2.252938
v 2.049500 -0.094236 2.252938
v 2.029500 -0.092131 2.238972
v 2.049500 -0.092131 2.238972
v 2.029500 -0.087968 2.225475
v 2.049500 -0.087968 2.225475
v 2.029500 -0.081839 2.212750
v 2.049500 -0.081839 2.212750
v 2.029500 -0.073883 2.201080
v 2.049500 -0.073883 2.201080
v 2.029500 -0.064276 2.190727
v 2.049500 -0.064276 2.190727
v 2.029500 -0.053234 2.181920
v 2.049500 -0.053234 2.181920
v 2.029500 -0.041002 2.174858
v 2.049500 -0.041002 2.174858
v 2.029500 -0.027854 2.169698
v 2.049500 -0.027854 2.169698
v 2.029500 -0.014084 2.166555
v 2.049500 -0.014084 2.166555
v 2.029500 0.000000 2.165500
v 2.049500 0.000000 2.165500
v 2.053500 0.061890 2.186644
v 2.046544 0.061890 2.186644
v 2.049500 0.059715 2.186758
v 2.046667 0.059715 2.186758
v 2.053500 0.059715 2.186758
v 2.046544 0.061890 2.186644
v 2.044872 0.061897 2.188593
v 2.045776 0.060813 2.187667
v 2.046667 0.059715 2.186758
v 2.049500 0.080110 2.209874
v 2.029500 0.080110 2.209874
v 2.029500 0.086708 2.222424
v 2.049500 0.086708 2.222424
v 2.029500 0.091354 2.235821
v 2.049500 0.091354 2.235821
v 2.029500 0.093944 2.249762
v 2.049500 0.093944 2.249762
v 2.029500 0.094418 2.263933
v 2.049500 0.094418 2.263933
v 2.029500 0.092767 2.278016
v 2.049500 0.092767 2.278016
v 2.029500 0.089027 2.291693
v 2.049500 0.089027 2.291693
v 2.029500 0.083283 2.304657
v 2.049500 0.083283 2.304657
v 2.029500 0.075664 2.316615
v 2.049500 0.075664 2.316615
v 2.029500 0.066341 2.327298
v 2.049500 0.066341 2.327298
v 2.029500 0.055525 2.336467
v 2.049500 0.055525 2.336467
v 2.029500 0.043459 2.343914
v 2.049500 0.043459 2.343914
v 2.029500 0.030414 2.349472
v 2.049500 0.030414 2.349472
v 2.029500 0.016685 2.353015
v 2.049500 0.016685 2.353015
v 2.029500 0.002580 2.354465
v 2.049500 0.002580 2.354465
v 2.029500 0.000000 2.354500
v 2.049500 0.061692 2.188416
v 2.049500 0.059715 2.186758
v 2.046667 0.059715 2.186758
v 2.045776 0.060813 2.187667
v 2.049500 0.071708 2.198452
v 2.044872 0.061897 2.188593
v 2.042078 0.064864 2.191276
v 2.042216 0.069941 2.196451
v 2.042404 0.074607 2.202000
v 2.042279 0.071708 2.198452
v 2.029500 0.074607 2.202000
v 2.049500 0.000000 2.354500
v 2.029500 0.074607 2.202000
v 2.042404 0.074607 2.202000
v 2.041227 0.097000 2.202000
v 2.029500 0.097000 2.202000
v 2.041227 0.097000 2.202000
v 2.040585 0.079020 2.181681
v 2.040061 0.085587 2.179393
v 2.039949 0.090205 2.181065
v 2.040201 0.080896 2.178029
v 2.040111 0.081240 2.177107
v 2.040970 0.076489 2.184914
v 2.041692 0.069845 2.189676
v 2.042279 0.071708 2.198452
v 2.042216 0.069941 2.196451
v 2.041344 0.073394 2.187611
v 2.042404 0.074607 2.202000
v 2.042078 0.064864 2.191276
v 2.042001 0.065970 2.191033
v 2.039744 0.097000 2.183014
v 2.044115 0.077695 2.172875
v 2.043775 0.078000 2.169667
v 2.039493 0.082439 2.170002
v 2.039352 0.082586 2.173709
v 2.037243 0.084771 2.170177
v 2.038442 0.083598 2.171783
v 2.044245 0.077437 2.174007
v 2.039957 0.081648 2.175977
v 2.040111 0.081240 2.177107
v 2.044483 0.076790 2.175967
v 2.040585 0.079020 2.181681
v 2.044867 0.075318 2.178833
v 2.040970 0.076489 2.184914
v 2.045253 0.073331 2.181369
v 2.041344 0.073394 2.187611
v 2.045582 0.071214 2.183256
v 2.045626 0.070902 2.183486
v 2.041692 0.069845 2.189676
v 2.045974 0.068117 2.185106
v 2.042001 0.065970 2.191033
v 2.046177 0.066194 2.185854
v 2.046284 0.065077 2.186171
v 2.042078 0.064864 2.191276
v 2.044872 0.061897 2.188593
v 2.046544 0.061890 2.186644
v 2.040201 0.080896 2.178029
v 2.036431 0.092495 2.172709
v 2.038353 0.091724 2.175600
v 2.037960 0.087838 2.173190
v 2.039612 0.090783 2.179015
v 2.039726 0.086006 2.177250
v 2.039026 0.086936 2.175196
v 2.034680 0.092952 2.170930
v 2.034784 0.089413 2.169638
v 2.032769 0.090022 2.168236
v 2.036535 0.088675 2.171311
v 2.034812 0.092923 2.171046
v 2.036922 0.085076 2.169855
v 2.035508 0.086424 2.168788
v 2.033650 0.088238 2.168001
v 2.032663 0.093319 2.169438
v 2.031443 0.090463 2.167600
v 2.028268 0.093738 2.167516
v 2.029808 0.093640 2.168018
v 2.039949 0.090205 2.181065
v 2.040061 0.085587 2.179393
v 2.040111 0.081240 2.177107
v 2.039352 0.082586 2.173709
v 2.038442 0.083598 2.171783
v 2.037243 0.084771 2.170177
v 2.039957 0.081648 2.175977
v 2.030459 0.093584 2.168282
v 2.042899 0.072558 2.157201
v 2.042875 0.070744 2.155737
v 2.042685 0.071017 2.155697
v 2.042961 0.074154 2.158899
v 2.042007 0.073750 2.157097
v 2.040792 0.076724 2.158619
v 2.043060 0.075504 2.160799
v 2.043020 0.075040 2.160083
v 2.038861 0.080192 2.160395
v 2.043194 0.076580 2.162866
v 2.043360 0.077364 2.165061
v 2.043555 0.077840 2.167342
v 2.035873 0.084524 2.162613
v 2.036922 0.085076 2.169855
v 2.037243 0.084771 2.170177
v 2.039493 0.082439 2.170002
v 2.035508 0.086424 2.168788
v 2.031290 0.090233 2.165536
v 2.033650 0.088238 2.168001
v 2.028082 0.093931 2.167521
v 2.027903 0.094117 2.167524
v 2.027896 0.094125 2.167528
v 2.028268 0.093738 2.167516
v 2.031443 0.090463 2.167600
v 2.043775 0.078000 2.169667
v 2.042889 0.068747 2.154535
v 2.053500 0.061593 2.152678
v 2.002628 0.065272 2.153213
v 2.002664 0.065959 2.153407
v 2.002435 0.061593 2.152678
v 2.053500 0.071069 2.155970
v 2.053500 0.065959 2.153407
v 2.042889 0.068747 2.154535
v 2.002810 0.068747 2.154535
v 2.042899 0.072558 2.157201
v 2.042961 0.074154 2.158899
v 2.042875 0.070744 2.155737
v 2.053500 0.075040 2.160082
v 2.053500 0.077424 2.165279
v 2.043194 0.076580 2.162866
v 2.043060 0.075504 2.160799
v 2.043020 0.075040 2.160083
v 2.053500 0.078000 2.169667
v 2.043555 0.077840 2.167342
v 2.043360 0.077364 2.165061
v 2.043775 0.078000 2.169667
v 2.034680 0.092952 2.170930
v 2.032663 0.093319 2.169438
v 2.032734 0.097000 2.170618
v 2.034694 0.097000 2.172220
v 2.034812 0.092923 2.171046
v 2.030459 0.093584 2.168282
v 2.029710 0.097000 2.168983
v 2.029808 0.093640 2.168018
v 2.038353 0.091724 2.175600
v 2.036431 0.092495 2.172709
v 2.036282 0.097000 2.173984
v 2.039744 0.097000 2.183014
v 2.039949 0.090205 2.181065
v 2.039612 0.090783 2.179015
v 2.038195 0.097000 2.177118
v 2.038667 0.097000 2.178228
v 2.023922 0.097000 2.167853
v 2.027740 0.093942 2.167434
v 2.027584 0.093766 2.167344
v 2.028670 0.097000 2.168604
v 2.027896 0.094125 2.167528
v 2.028082 0.093931 2.167521
v 2.028268 0.093738 2.167516
v 2.024019 0.093778 2.166929
v 2.024160 0.090176 2.165506
v 2.042007 0.073750 2.157097
v 2.042685 0.071017 2.155697
v 2.040792 0.076724 2.158619
v 2.038861 0.080192 2.160395
v 2.027740 0.093942 2.167434
v 2.027896 0.094125 2.167528
v 2.027903 0.094117 2.167524
v 2.035873 0.084524 2.162613
v 2.027584 0.093766 2.167344
v 2.031290 0.090233 2.165536
v 2.042889 0.068747 2.154535
v 2.002810 0.068747 2.154535
v 2.003933 0.090176 2.165506
v 2.024019 0.093778 2.166929
v 2.004121 0.093778 2.166929
v 2.004290 0.097000 2.167853
v 2.023922 0.097000 2.167853
v 2.024160 0.090176 2.165506
v 2.004025 0.091942 2.166305
v 2.004121 0.093778 2.166929
v 2.003933 0.090176 2.165506
v 2.024019 0.093778 2.166929
v 2.024160 0.090176 2.165506
v 2.024019 0.093778 2.166929
v 2.027584 0.093766 2.167344
v 2.049500 -0.064276 2.329273
v 2.049500 -0.058858 2.314183
v 2.049500 -0.049137 2.323131
v 2.049500 0.080110 2.209874
v 2.049500 0.086708 2.222424
v 2.049500 0.073262 2.227864
v 2.049500 0.091354 2.235821
v 2.049500 0.077552 2.240361
v 2.049500 0.094418 2.263933
v 2.049500 0.079727 2.266606
v 2.049500 0.079727 2.253394
v 2.049500 0.092767 2.278016
v 2.049500 0.077552 2.279639
v 2.049500 -0.053234 2.338080
v 2.049500 -0.038076 2.330358
v 2.049500 0.049137 2.196869
v 2.049500 0.038076 2.189642
v 2.049500 0.051176 2.180557
v 2.049500 0.061692 2.188416
v 2.049500 0.071708 2.198452
v 2.049500 0.058858 2.205817
v 2.049500 0.093944 2.249762
v 2.049500 0.089027 2.291693
v 2.049500 0.073262 2.292136
v 2.049500 -0.073883 2.318920
v 2.049500 -0.081839 2.307250
v 2.049500 -0.066973 2.303756
v 2.049500 0.042000 2.175346
v 2.049500 0.059715 2.186758
v 2.049500 0.083283 2.304657
v 2.049500 0.075664 2.316615
v 2.049500 0.066973 2.303756
v 2.049500 -0.087968 2.294525
v 2.049500 -0.073262 2.292136
v 2.049500 -0.092131 2.281028
v 2.049500 -0.077552 2.279639
v 2.049500 -0.094236 2.267062
v 2.049500 -0.079727 2.266606
v 2.049500 -0.094236 2.252938
v 2.049500 -0.079727 2.253394
v 2.049500 -0.092131 2.238972
v 2.049500 -0.077552 2.240361
v 2.049500 0.066973 2.216244
v 2.049500 0.066341 2.327298
v 2.049500 0.058858 2.314183
v 2.049500 0.055525 2.336467
v 2.049500 0.049137 2.323131
v 2.049500 -0.041002 2.345142
v 2.049500 -0.025976 2.335665
v 2.049500 0.025976 2.184335
v 2.049500 0.031997 2.171082
v 2.049500 0.002580 2.354465
v 2.049500 0.000000 2.340000
v 2.049500 0.013168 2.338909
v 2.049500 -0.087968 2.225475
v 2.049500 -0.073262 2.227864
v 2.049500 -0.081839 2.212750
v 2.049500 -0.066973 2.216244
v 2.049500 -0.064276 2.190727
v 2.049500 -0.053234 2.181920
v 2.049500 -0.049137 2.196869
v 2.049500 0.043459 2.343914
v 2.049500 0.038076 2.330358
v 2.049500 0.030414 2.349472
v 2.049500 0.025976 2.335665
v 2.049500 0.016685 2.353015
v 2.049500 -0.014084 2.353445
v 2.049500 -0.013168 2.338909
v 2.049500 -0.027854 2.350302
v 2.049500 -0.073883 2.201080
v 2.049500 -0.058858 2.205817
v 2.049500 0.000000 2.354500
v 2.049500 -0.041002 2.174858
v 2.049500 -0.038076 2.189642
v 2.049500 -0.027854 2.169698
v 2.049500 -0.025976 2.184335
v 2.049500 0.013168 2.181091
v 2.049500 0.021569 2.167994
v 2.049500 -0.014084 2.166555
v 2.049500 -0.013168 2.181091
v 2.049500 0.000000 2.165500
v 2.049500 0.000000 2.180000
v 2.049500 0.010857 2.166126
v 2.076000 0.000000 2.340000
v 2.049500 0.000000 2.340000
v 2.049500 -0.013168 2.338909
v 2.076000 -0.013168 2.338909
v 2.049500 -0.025976 2.335665
v 2.076000 -0.025976 2.335665
v 2.049500 -0.038076 2.330358
v 2.076000 -0.038076 2.330358
v 2.049500 -0.049137 2.323131
v 2.076000 -0.049137 2.323131
v 2.049500 -0.058858 2.314183
v 2.076000 -0.058858 2.314183
v 2.049500 -0.066973 2.303756
v 2.076000 -0.066973 2.303756
v 2.049500 -0.073262 2.292136
v 2.076000 -0.073262 2.292136
v 2.049500 -0.077552 2.279639
v 2.076000 -0.077552 2.279639
v 2.049500 -0.079727 2.266606
v 2.076000 -0.079727 2.266606
v 2.049500 -0.079727 2.253394
v 2.076000 -0.079727 2.253394
v 2.049500 -0.077552 2.240361
v 2.076000 -0.077552 2.240361
v 2.049500 -0.073262 2.227864
v 2.076000 -0.073262 2.227864
v 2.049500 -0.066973 2.216244
v 2.076000 -0.066973 2.216244
v 2.049500 -0.058858 2.205817
v 2.076000 -0.058858 2.205817
v 2.049500 -0.049137 2.196869
v 2.076000 -0.049137 2.196869
v 2.049500 -0.038076 2.189642
v 2.076000 -0.038076 2.189642
v 2.049500 -0.025976 2.184335
v 2.076000 -0.025976 2.184335
v 2.049500 -0.013168 2.181091
v 2.076000 -0.013168 2.181091
v 2.049500 0.000000 2.180000
v 2.076000 0.000000 2.180000
v 2.076000 0.000000 2.180000
v 2.049500 0.000000 2.180000
v 2.049500 0.013168 2.181091
v 2.076000 0.013168 2.181091
v 2.049500 0.025976 2.184335
v 2.076000 0.025976 2.184335
v 2.049500 0.038076 2.189642
v 2.076000 0.038076 2.189642
v 2.049500 0.049137 2.196869
v 2.076000 0.049137 2.196869
v 2.049500 0.058858 2.205817
v 2.076000 0.058858 2.205817
v 2.049500 0.066973 2.216244
v 2.076000 0.066973 2.216244
v 2.049500 0.073262 2.227864
v 2.076000 0.073262 2.227864
v 2.049500 0.077552 2.240361
v 2.076000 0.077552 2.240361
v 2.049500 0.079727 2.253394
v 2.076000 0.079727 2.253394
v 2.049500 0.079727 2.266606
v 2.076000 0.079727 2.266606
v 2.049500 0.077552 2.279639
v 2.076000 0.077552 2.279639
v 2.049500 0.073262 2.292136
v 2.076000 0.073262 2.292136
v 2.049500 0.066973 2.303756
v 2.076000 0.066973 2.303756
v 2.049500 0.058858 2.314183
v 2.076000 0.058858 2.314183
v 2.049500 0.049137 2.323131
v 2.076000 0.049137 2.323131
v 2.049500 0.038076 2.330358
v 2.076000 0.038076 2.330358
v 2.049500 0.025976 2.335665
v 2.076000 0.025976 2.335665
v 2.049500 0.013168 2.338909
v 2.076000 0.013168 2.338909
v 2.049500 0.000000 2.340000
v 2.076000 0.000000 2.340000
v 2.076000 0.066973 2.216244
v 2.076000 0.073262 2.227864
v 2.076000 0.069599 2.229471
v 2.076000 0.077552 2.240361
v 2.076000 0.073674 2.241343
v 2.076000 0.079727 2.266606
v 2.076000 0.075740 2.266276
v 2.076000 0.075740 2.253724
v 2.076000 0.077552 2.279639
v 2.076000 0.073674 2.278657
v 2.076000 0.073262 2.292136
v 2.076000 0.069599 2.290529
v 2.076000 0.066973 2.303756
v 2.076000 0.063625 2.301568
v 2.076000 0.079727 2.253394
v 2.076000 -0.079727 2.253394
v 2.076000 -0.075740 2.253724
v 2.076000 -0.075740 2.266276
v 2.076000 -0.077552 2.240361
v 2.076000 -0.073674 2.241343
v 2.076000 -0.073262 2.227864
v 2.076000 -0.069599 2.229471
v 2.076000 -0.066973 2.216244
v 2.076000 -0.063625 2.218432
v 2.076000 0.058858 2.314183
v 2.076000 0.055915 2.311473
v 2.076000 0.049137 2.323131
v 2.076000 0.046680 2.319975
v 2.076000 -0.066973 2.303756
v 2.076000 -0.073262 2.292136
v 2.076000 -0.069599 2.290529
v 2.076000 -0.077552 2.279639
v 2.076000 -0.073674 2.278657
v 2.076000 -0.058858 2.205817
v 2.076000 -0.055915 2.208527
v 2.076000 -0.049137 2.196869
v 2.076000 -0.046680 2.200025
v 2.076000 0.038076 2.330358
v 2.076000 0.036172 2.326840
v 2.076000 0.025976 2.335665
v 2.076000 0.024677 2.331882
v 2.076000 0.000000 2.340000
v 2.076000 0.000000 2.336000
v 2.076000 0.012509 2.334963
v 2.076000 -0.013168 2.338909
v 2.076000 -0.012509 2.334963
v 2.076000 -0.079727 2.266606
v 2.076000 0.013168 2.338909
v 2.076000 -0.049137 2.323131
v 2.076000 -0.058858 2.314183
v 2.076000 -0.055915 2.311473
v 2.076000 -0.063625 2.301568
v 2.076000 -0.038076 2.189642
v 2.076000 -0.036172 2.193160
v 2.076000 -0.025976 2.184335
v 2.076000 -0.024677 2.188118
v 2.076000 0.025976 2.184335
v 2.076000 0.024677 2.188118
v 2.076000 0.012509 2.185037
v 2.076000 0.038076 2.189642
v 2.076000 0.036172 2.193160
v 2.076000 0.049137 2.196869
v 2.076000 0.058858 2.205817
v 2.076000 0.055915 2.208527
v 2.076000 0.063625 2.218432
v 2.076000 -0.025976 2.335665
v 2.076000 -0.024677 2.331882
v 2.076000 -0.038076 2.330358
v 2.076000 -0.036172 2.326840
v 2.076000 -0.013168 2.181091
v 2.076000 -0.012509 2.185037
v 2.076000 0.046680 2.200025
v 2.076000 -0.046680 2.319975
v 2.076000 0.000000 2.180000
v 2.076000 0.000000 2.184000
v 2.076000 0.013168 2.181091
v 2.077500 0.000000 2.184000
v 2.076000 0.000000 2.184000
v 2.076000 0.012509 2.185037
v 2.077500 0.012509 2.185037
v 2.076000 0.024677 2.188118
v 2.077500 0.024677 2.188118
v 2.076000 0.036172 2.193160
v 2.077500 0.036172 2.193160
v 2.076000 0.046680 2.200025
v 2.077500 0.046680 2.200025
v 2.076000 0.055915 2.208527
v 2.077500 0.055915 2.208527
v 2.076000 0.063625 2.218432
v 2.077500 0.063625 2.218432
v 2.076000 0.069599 2.229471
v 2.077500 0.069599 2.229471
v 2.076000 0.073674 2.241343
v 2.077500 0.073674 2.241343
v 2.076000 0.075740 2.253724
v 2.077500 0.075740 2.253724
v 2.076000 0.075740 2.266276
v 2.077500 0.075740 2.266276
v 2.076000 0.073674 2.278657
v 2.077500 0.073674 2.278657
v 2.076000 0.069599 2.290529
v 2.077500 0.069599 2.290529
v 2.076000 0.063625 2.301568
v 2.077500 0.063625 2.301568
v 2.076000 0.055915 2.311473
v 2.077500 0.055915 2.311473
v 2.076000 0.046680 2.319975
v 2.077500 0.046680 2.319975
v 2.076000 0.036172 2.326840
v 2.077500 0.036172 2.326840
v 2.076000 0.024677 2.331882
v 2.077500 0.024677 2.331882
v 2.076000 0.012509 2.334963
v 2.077500 0.012509 2.334963
v 2.076000 0.000000 2.336000
v 2.077500 0.000000 2.336000
v 2.077500 0.000000 2.336000
v 2.076000 0.000000 2.336000
v 2.076000 -0.012509 2.334963
v 2.077500 -0.012509 2.334963
v 2.076000 -0.024677 2.331882
v 2.077500 -0.024677 2.331882
v 2.076000 -0.036172 2.326840
v 2.077500 -0.036172 2.326840
v 2.076000 -0.046680 2.319975
v 2.077500 -0.046680 2.319975
v 2.076000 -0.055915 2.311473
v 2.077500 -0.055915 2.311473
v 2.076000 -0.063625 2.301568
v 2.077500 -0.063625 2.301568
v 2.076000 -0.069599 2.290529
v 2.077500 -0.069599 2.290529
v 2.076000 -0.073674 2.278657
v 2.077500 -0.073674 2.278657
v 2.076000 -0.075740 2.266276
v 2.077500 -0.075740 2.266276
v 2.076000 -0.075740 2.253724
v 2.077500 -0.075740 2.253724
v 2.076000 -0.073674 2.241343
v 2.077500 -0.073674 2.241343
v 2.076000 -0.069599 2.229471
v 2.077500 -0.069599 2.229471
v 2.076000 -0.063625 2.218432
v 2.077500 -0.063625 2.218432
v 2.076000 -0.055915 2.208527
v 2.077500 -0.055915 2.208527
v 2.076000 -0.046680 2.200025
v 2.077500 -0.046680 2.200025
v 2.076000 -0.036172 2.193160
v 2.077500 -0.036172 2.193160
v 2.076000 -0.024677 2.188118
v 2.077500 -0.024677 2.188118
v 2.076000 -0.012509 2.185037
v 2.077500 -0.012509 2.185037
v 2.076000 0.000000 2.184000
v 2.077500 0.000000 2.184000
v 2.077500 0.073674 2.241343
v 2.077500 0.075740 2.266276
v 2.077500 0.073674 2.278657
v 2.077500 -0.075740 2.253724
v 2.077500 -0.069599 2.229471
v 2.077500 -0.063625 2.218432
v 2.077500 -0.055915 2.208527
v 2.077500 -0.073674 2.278657
v 2.077500 -0.075740 2.266276
v 2.077500 0.069599 2.229471
v 2.077500 0.055915 2.311473
v 2.077500 0.046680 2.319975
v 2.077500 0.069599 2.290529
v 2.077500 0.063625 2.301568
v 2.077500 0.075740 2.253724
v 2.077500 -0.073674 2.241343
v 2.077500 -0.069599 2.290529
v 2.077500 -0.046680 2.200025
v 2.077500 0.036172 2.326840
v 2.077500 0.055915 2.208527
v 2.077500 0.063625 2.218432
v 2.077500 -0.036172 2.193160
v 2.077500 -0.055915 2.311473
v 2.077500 -0.063625 2.301568
v 2.077500 0.036172 2.193160
v 2.077500 0.046680 2.200025
v 2.077500 -0.036172 2.326840
v 2.077500 -0.046680 2.319975
v 2.077500 0.024677 2.188118
v 2.077500 0.024677 2.331882
v 2.077500 -0.024677 2.331882
v 2.077500 -0.024677 2.188118
v 2.077500 -0.012509 2.185037
v 2.077500 0.012509 2.334963
v 2.077500 0.000000 2.336000
v 2.077500 0.000000 2.184000
v 2.077500 0.012509 2.185037
v 2.077500 -0.012509 2.334963
v 2.001969 0.052700 2.181047
v 2.002628 0.065272 2.153213
v 2.002435 0.061593 2.152678
v 2.001463 0.043056 2.169553
v 2.002031 0.053898 2.181858
v 2.002664 0.065959 2.153407
v 2.002810 0.068747 2.154535
v 2.002306 0.059136 2.185739
v 2.001227 0.038553 2.164186
v 2.003933 0.090176 2.165506
v 2.002583 0.064415 2.190263
v 2.003436 0.080693 2.188533
v 2.001035 0.034880 2.160166
v 2.000561 0.025848 2.151429
v 2.004290 0.097000 2.187103
v 2.004290 0.097000 2.167853
v 2.004121 0.093778 2.166929
v 2.004025 0.091942 2.166305
v 1.998165 0.033402 2.168643
v 1.999462 0.034542 2.167630
v 1.999293 0.030386 2.162886
v 1.998036 0.029282 2.163868
v 1.999175 0.026105 2.158245
v 1.998008 0.025079 2.159158
v 1.991329 0.027357 2.165778
v 1.991242 0.031442 2.170646
v 1.993020 0.031500 2.170466
v 2.000414 0.035837 2.166502
v 2.000996 0.037200 2.165332
v 2.000779 0.032961 2.160660
v 2.000215 0.031640 2.161793
v 2.000032 0.027270 2.157230
v 1.999849 0.022900 2.152667
v 2.000556 0.028497 2.156177
v 2.000333 0.024033 2.151694
v 2.001227 0.038553 2.164186
v 2.001035 0.034880 2.160166
v 2.000561 0.025848 2.151429
v 1.992224 0.019225 2.156086
v 1.991617 0.024581 2.162469
v 1.993378 0.023367 2.160798
v 1.996590 0.032490 2.169478
v 1.996511 0.028398 2.164677
v 1.994813 0.027779 2.165270
v 1.993052 0.027439 2.165634
v 1.994838 0.031851 2.170091
v 1.995013 0.023683 2.160460
v 1.996591 0.024257 2.159909
v 1.996671 0.020117 2.155141
v 1.995214 0.019587 2.155650
v 1.993703 0.019295 2.155962
v 1.993735 0.015233 2.151130
v 1.992345 0.016355 2.152666
v 1.992303 0.015000 2.151051
v 1.997980 0.020876 2.154447
v 1.994428 0.032304 2.170876
v 1.996008 0.033516 2.171291
v 1.997365 0.035093 2.171875
v 1.998777 0.037471 2.172834
v 1.999749 0.039784 2.173847
v 1.999970 0.040426 2.174143
v 2.000941 0.044091 2.175950
v 2.001574 0.048006 2.178113
v 2.001969 0.052700 2.181047
v 2.001463 0.043056 2.169553
v 2.000196 0.023097 2.151333
v 1.999058 0.021824 2.153604
v 1.999474 0.020754 2.151251
v 1.998458 0.018787 2.151183
v 1.997256 0.017266 2.151130
v 1.995705 0.016007 2.151086
v 1.994029 0.015251 2.151059
v 1.992838 0.031630 2.170672
v 2.004132 0.080947 2.193150
v 2.003075 0.067447 2.193183
v 2.003945 0.069672 2.195493
v 2.005051 0.081122 2.195470
v 2.005157 0.071570 2.197587
v 2.014105 0.097000 2.201859
v 2.011021 0.075847 2.202802
v 2.013194 0.076579 2.203780
v 2.011644 0.097000 2.200571
v 2.010784 0.075749 2.202673
v 2.008957 0.074835 2.201498
v 2.009397 0.097000 2.198831
v 2.008603 0.074622 2.201230
v 2.006768 0.073271 2.199571
v 2.007498 0.097000 2.196724
v 2.006338 0.081265 2.197648
v 2.006019 0.097000 2.194347
v 2.003596 0.080746 2.190777
v 2.004949 0.097000 2.191653
v 2.003436 0.080693 2.188533
v 2.004396 0.097000 2.188938
v 2.002628 0.065032 2.190838
v 2.002583 0.064415 2.190263
v 2.004290 0.097000 2.187103
v 2.016795 0.097000 2.202710
v 1.988105 0.015000 2.151051
v 1.992224 0.019225 2.156086
v 1.992345 0.016355 2.152666
v 1.977606 0.031727 2.170985
v 1.991617 0.024581 2.162469
v 1.991329 0.027357 2.165778
v 1.983504 0.031727 2.170985
v 1.987372 0.031574 2.170803
v 1.991242 0.031442 2.170646
v 1.992303 0.015000 2.151051
v 1.988105 0.015000 2.151051
v 1.979148 0.011078 2.166152
v 1.978872 0.019280 2.167488
v 1.987500 0.000000 2.150527
v 1.979117 0.006464 2.165721
v 1.978684 0.022021 2.168102
v 1.978853 0.000000 2.165500
v 1.977606 0.031727 2.170985
v 1.983504 0.030083 2.170416
v 1.977606 0.031727 2.170985
v 1.978684 0.022021 2.168102
v 1.983504 0.020252 2.167696
v 1.983504 0.031727 2.170985
v 1.979117 0.006464 2.165721
v 1.983504 0.006466 2.165721
v 1.983504 0.010185 2.166051
v 1.978872 0.019280 2.167488
v 1.979148 0.011078 2.166152
v 1.983504 0.000000 2.165500
v 1.978853 0.000000 2.165500
v 1.979117 -0.006464 2.165721
v 1.983504 -0.006466 2.165721
v 1.983504 -0.010185 2.166051
v 1.979152 -0.010050 2.166036
v 1.978872 -0.019279 2.167487
v 1.978757 -0.021041 2.167872
v 1.977606 -0.031727 2.170985
v 1.983504 -0.030083 2.170416
v 1.983504 -0.031727 2.170985
v 1.983504 -0.020252 2.167696
v 1.988105 -0.015000 2.151051
v 1.979152 -0.010050 2.166036
v 1.979117 -0.006464 2.165721
v 1.978757 -0.021041 2.167872
v 1.978872 -0.019279 2.167487
v 1.987500 0.000000 2.150527
v 1.977606 -0.031727 2.170985
v 1.978853 0.000000 2.165500
v 1.988105 -0.015000 2.151051
v 2.029500 -0.015000 2.151051
v 2.013500 -0.031096 2.170234
v 1.998554 -0.031252 2.170419
v 1.983504 -0.031727 2.170985
v 2.029500 -0.031096 2.170234
v 1.977606 -0.031727 2.170985
v 2.029500 -0.031096 2.170234
v 2.029500 -0.043105 2.175342
v 2.013500 -0.039773 2.173726
v 2.013500 -0.043105 2.175342
v 2.029500 -0.054301 2.182048
v 2.013500 -0.048840 2.178516
v 2.013500 -0.054301 2.182048
v 2.029500 -0.064471 2.190226
v 2.013500 -0.065168 2.190876
v 2.013500 -0.057338 2.184255
v 2.029500 -0.073425 2.199720
v 2.013500 -0.072239 2.198302
v 2.013500 -0.073425 2.199720
v 2.029500 -0.080994 2.210351
v 2.013500 -0.078468 2.206448
v 2.013500 -0.080994 2.210351
v 2.029500 -0.087034 2.221920
v 2.013500 -0.087034 2.221920
v 2.013500 -0.083783 2.215217
v 2.029500 -0.091431 2.234207
v 2.013500 -0.091433 2.234213
v 2.013500 -0.088121 2.224508
v 2.029500 -0.094104 2.246981
v 2.013500 -0.093680 2.244218
v 2.013500 -0.094104 2.246981
v 2.029500 -0.095000 2.260000
v 2.013500 -0.094835 2.254407
v 2.013500 -0.095000 2.260000
v 2.013500 -0.031096 2.170234
v 2.001500 0.011000 2.150911
v 1.999474 0.020754 2.151251
v 2.000196 0.023097 2.151333
v 1.998458 0.018787 2.151183
v 1.987500 0.000000 2.150527
v 1.990791 0.002512 2.150614
v 1.990776 0.002448 2.150612
v 1.988105 0.015000 2.151051
v 1.992345 0.006098 2.150740
v 2.029500 0.052421 2.152357
v 2.006273 0.009911 2.150873
v 2.004017 0.010708 2.150901
v 2.010100 0.006858 2.150766
v 2.009774 0.007249 2.150780
v 2.029500 0.000000 2.150527
v 2.011752 0.003988 2.150666
v 1.997256 0.017266 2.151130
v 1.997513 0.010252 2.150885
v 1.995705 0.016007 2.151086
v 1.994253 0.008275 2.150816
v 1.992900 0.006858 2.150766
v 1.992303 0.015000 2.151051
v 1.994029 0.015251 2.151059
v 2.007602 0.009152 2.150846
v 2.012500 0.000000 2.150527
v 2.012224 0.002448 2.150612
v 1.996727 0.009911 2.150873
v 2.000561 0.025848 2.151429
v 1.990500 0.000000 2.150527
v 2.002435 0.061593 2.152678
v 2.053500 0.061593 2.152678
v 2.053500 0.052421 2.152357
v 2.029500 0.000000 2.150527
v 2.029500 -0.015000 2.151051
v 2.012209 -0.002512 2.150614
v 2.012224 -0.002448 2.150612
v 1.988105 -0.015000 2.151051
v 1.992900 -0.006858 2.150766
v 1.993226 -0.007249 2.150780
v 2.010655 -0.006098 2.150740
v 2.008747 -0.008275 2.150816
v 2.010100 -0.006858 2.150766
v 1.995398 -0.009152 2.150846
v 1.996727 -0.009911 2.150873
v 1.991248 -0.003988 2.150666
v 1.987500 0.000000 2.150527
v 1.990776 -0.002448 2.150612
v 2.005487 -0.010252 2.150885
v 2.006273 -0.009911 2.150873
v 1.990500 0.000000 2.150527
v 2.001500 -0.011000 2.150911
v 1.998983 -0.010708 2.150901
v 2.012500 0.000000 2.150527
v 2.001500 -0.011000 2.156000
v 2.001500 -0.011000 2.150911
v 1.998983 -0.010708 2.150901
v 1.996727 -0.009911 2.156000
v 1.992900 -0.006858 2.156000
v 1.995398 -0.009152 2.150846
v 1.993226 -0.007249 2.150780
v 1.996727 -0.009911 2.150873
v 1.992900 -0.006858 2.150766
v 1.991248 -0.003988 2.150666
v 1.990776 -0.002448 2.156000
v 1.990776 0.002448 2.156000
v 1.990500 0.000000 2.150527
v 1.990776 -0.002448 2.150612
v 1.990791 0.002512 2.150614
v 1.992345 0.006098 2.150740
v 1.990776 0.002448 2.150612
v 1.992900 0.006858 2.156000
v 1.996727 0.009911 2.156000
v 1.994253 0.008275 2.150816
v 1.992900 0.006858 2.150766
v 2.001500 0.011000 2.156000
v 1.997513 0.010252 2.150885
v 1.996727 0.009911 2.150873
v 2.001500 0.011000 2.150911
v 2.001500 0.011000 2.156000
v 2.001500 0.011000 2.150911
v 2.004017 0.010708 2.150901
v 2.006273 0.009911 2.156000
v 2.010100 0.006858 2.156000
v 2.007602 0.009152 2.150846
v 2.009774 0.007249 2.150780
v 2.006273 0.009911 2.150873
v 2.010100 0.006858 2.150766
v 2.011752 0.003988 2.150666
v 2.012224 0.002448 2.156000
v 2.012224 -0.002448 2.156000
v 2.012500 0.000000 2.150527
v 2.012224 0.002448 2.150612
v 2.012209 -0.002512 2.150614
v 2.010655 -0.006098 2.150740
v 2.012224 -0.002448 2.150612
v 2.010100 -0.006858 2.156000
v 2.006273 -0.009911 2.156000
v 2.008747 -0.008275 2.150816
v 2.010100 -0.006858 2.150766
v 2.001500 -0.011000 2.156000
v 2.005487 -0.010252 2.150885
v 2.006273 -0.009911 2.150873
v 2.001500 -0.011000 2.150911
v 1.992900 -0.006858 2.156000
v 1.990776 -0.002448 2.156000
v 1.990776 0.002448 2.156000
v 1.992900 0.006858 2.156000
v 2.010100 -0.006858 2.156000
v 2.006273 -0.009911 2.156000
v 2.012224 0.002448 2.156000
v 2.012224 -0.002448 2.156000
v 2.010100 0.006858 2.156000
v 1.996727 0.009911 2.156000
v 2.001500 0.011000 2.156000
v 1.996727 -0.009911 2.156000
v 2.001500 -0.011000 2.156000
v 2.006273 0.009911 2.156000
v 2.029500 0.042000 2.169000
v 2.029500 0.031997 2.171082
v 2.029500 0.021569 2.167994
v 2.029500 0.042000 2.175346
v 2.029500 -0.094104 2.246981
v 2.029500 -0.091431 2.234207
v 2.029500 -0.092131 2.238972
v 2.029500 -0.087034 2.221920
v 2.029500 -0.087968 2.225475
v 2.029500 -0.015000 2.151051
v 2.029500 -0.090779 2.288002
v 2.029500 -0.093939 2.274159
v 2.029500 -0.092131 2.281028
v 2.029500 -0.080994 2.210351
v 2.029500 -0.081839 2.212750
v 2.029500 0.010857 2.166126
v 2.029500 -0.069640 2.324616
v 2.029500 -0.078493 2.313515
v 2.029500 -0.073883 2.318920
v 2.029500 -0.085592 2.301219
v 2.029500 -0.081839 2.307250
v 2.029500 -0.087968 2.294525
v 2.029500 -0.095000 2.260000
v 2.029500 -0.094236 2.267062
v 2.029500 -0.094236 2.252938
v 2.029500 0.000000 2.165500
v 2.029500 0.007099 2.354734
v 2.029500 -0.007099 2.354734
v 2.029500 0.000000 2.354500
v 2.029500 -0.021139 2.352618
v 2.029500 -0.014084 2.353445
v 2.029500 -0.047500 2.342272
v 2.029500 -0.059232 2.334274
v 2.029500 -0.053234 2.338080
v 2.029500 -0.064276 2.329273
v 2.029500 -0.014084 2.166555
v 2.029500 0.000000 2.150527
v 2.029500 0.002580 2.354465
v 2.029500 0.016685 2.353015
v 2.029500 -0.041002 2.345142
v 2.029500 -0.073425 2.199720
v 2.029500 -0.073883 2.201080
v 2.029500 -0.064276 2.190727
v 2.029500 -0.053234 2.181920
v 2.029500 -0.054301 2.182048
v 2.029500 -0.043105 2.175342
v 2.029500 0.042719 2.163892
v 2.029500 0.085592 2.301219
v 2.029500 0.078493 2.313515
v 2.029500 0.083283 2.304657
v 2.029500 0.069640 2.324616
v 2.029500 0.066341 2.327298
v 2.029500 0.075664 2.316615
v 2.029500 0.059232 2.334274
v 2.029500 0.055525 2.336467
v 2.029500 0.034707 2.348433
v 2.029500 0.030414 2.349472
v 2.029500 0.043459 2.343914
v 2.029500 0.021139 2.352618
v 2.029500 -0.034707 2.348433
v 2.029500 -0.027854 2.350302
v 2.029500 -0.064471 2.190226
v 2.029500 -0.031096 2.170234
v 2.029500 -0.041002 2.174858
v 2.029500 0.097000 2.225036
v 2.029500 0.097000 2.294964
v 2.029500 0.094418 2.263933
v 2.029500 0.044820 2.159182
v 2.029500 0.047500 2.342272
v 2.029500 0.097000 2.202000
v 2.029500 0.086708 2.222424
v 2.029500 0.093944 2.249762
v 2.029500 0.086464 2.299358
v 2.029500 0.089027 2.291693
v 2.029500 0.048140 2.155235
v 2.029500 0.080110 2.209874
v 2.029500 0.092767 2.278016
v 2.029500 0.097000 2.297500
v 2.029500 0.052421 2.152357
v 2.029500 -0.027854 2.169698
v 2.029500 0.091354 2.235821
v 2.029500 0.074607 2.202000
v 2.029500 0.086464 2.299358
v 2.029500 0.097000 2.297500
v 2.016795 0.097000 2.297500
v 2.014937 0.086464 2.299358
v 2.016795 0.097000 2.224800
v 2.016795 0.097000 2.202710
v 2.014745 0.085376 2.218336
v 2.013194 0.076579 2.203780
v 2.013349 0.077456 2.204995
v 2.015276 0.088390 2.294817
v 2.016795 0.097000 2.297500
v 2.016795 0.097000 2.295200
v 2.014577 0.084423 2.216436
v 2.013500 0.078315 2.206225
v 2.015919 0.092035 2.283548
v 2.015698 0.090779 2.288003
v 2.015426 0.089236 2.227411
v 2.015681 0.090681 2.231683
v 2.016311 0.094258 2.271846
v 2.016255 0.093939 2.274160
v 2.016021 0.092610 2.238827
v 2.016251 0.093914 2.245678
v 2.016358 0.094523 2.250493
v 2.016442 0.095000 2.260000
v 2.014937 0.086464 2.299358
v 2.016442 0.095000 2.260000
v 2.016358 0.094523 2.250493
v 2.013500 0.094835 2.254407
v 2.013500 0.093914 2.245678
v 2.016251 0.093914 2.245678
v 2.013500 0.091433 2.234213
v 2.013500 0.093680 2.244218
v 2.016021 0.092610 2.238827
v 2.015681 0.090681 2.231683
v 2.013500 0.090682 2.231684
v 2.015426 0.089236 2.227411
v 2.014745 0.085376 2.218336
v 2.013500 0.085377 2.218337
v 2.013500 0.088121 2.224508
v 2.014577 0.084423 2.216436
v 2.013500 0.078315 2.206225
v 2.013500 0.078468 2.206448
v 2.013500 0.083783 2.215217
v 2.013500 0.095000 2.260000
v 2.029500 -0.093939 2.274159
v 2.013500 -0.093939 2.274159
v 2.013500 -0.094835 2.265593
v 2.029500 -0.095000 2.260000
v 2.029500 -0.090779 2.288002
v 2.013500 -0.091433 2.285787
v 2.013500 -0.093680 2.275782
v 2.013500 -0.090779 2.288002
v 2.029500 -0.085592 2.301219
v 2.013500 -0.088121 2.295492
v 2.013500 -0.085592 2.301219
v 2.029500 -0.078493 2.313515
v 2.013500 -0.078468 2.313552
v 2.013500 -0.083783 2.304783
v 2.029500 -0.069640 2.324616
v 2.013500 -0.072239 2.321698
v 2.013500 -0.069640 2.324616
v 2.029500 -0.059232 2.334274
v 2.013500 -0.059232 2.334274
v 2.013500 -0.065168 2.329124
v 2.029500 -0.047500 2.342272
v 2.013500 -0.048840 2.341484
v 2.013500 -0.057338 2.335745
v 2.013500 -0.047500 2.342272
v 2.029500 -0.034707 2.348433
v 2.013500 -0.039773 2.346274
v 2.013500 -0.034707 2.348433
v 2.029500 -0.021139 2.352618
v 2.013500 -0.021139 2.352618
v 2.013500 -0.030242 2.350058
v 2.029500 -0.007099 2.354734
v 2.013500 -0.010239 2.354447
v 2.013500 -0.020359 2.352793
v 2.013500 -0.007099 2.354734
v 2.029500 0.007099 2.354734
v 2.013500 0.007099 2.354734
v 2.013500 0.000000 2.355000
v 2.029500 0.021139 2.352618
v 2.013500 0.020359 2.352793
v 2.013500 0.010239 2.354447
v 2.013500 0.021139 2.352618
v 2.029500 0.034707 2.348433
v 2.013500 0.030242 2.350058
v 2.013500 0.034707 2.348433
v 2.029500 0.047500 2.342272
v 2.013500 0.047500 2.342272
v 2.013500 0.039773 2.346274
v 2.029500 0.059232 2.334274
v 2.013500 0.057338 2.335745
v 2.013500 0.048840 2.341484
v 2.013500 0.059232 2.334274
v 2.029500 0.069640 2.324616
v 2.013500 0.065168 2.329124
v 2.013500 0.069640 2.324616
v 2.029500 0.078493 2.313515
v 2.013500 0.078468 2.313552
v 2.013500 0.072239 2.321698
v 2.029500 0.085592 2.301219
v 2.013500 0.083783 2.304783
v 2.013500 0.085592 2.301219
v 2.015698 0.090779 2.288003
v 2.015919 0.092035 2.283548
v 2.013500 0.091433 2.285787
v 2.013500 0.093680 2.275782
v 2.016255 0.093939 2.274160
v 2.013500 0.093939 2.274159
v 2.016311 0.094258 2.271846
v 2.016442 0.095000 2.260000
v 2.013500 0.094835 2.265593
v 2.013500 0.095000 2.260000
v 2.013500 0.088121 2.295492
v 2.014937 0.086464 2.299358
v 2.013500 0.090779 2.288002
v 2.015276 0.088390 2.294817
v 2.029500 0.086464 2.299358
v 2.013500 -0.095000 2.260000
v 2.016795 0.097000 2.297500
v 2.029500 0.097000 2.297500
v 2.029218 0.097000 2.295200
v 2.029500 0.097000 2.294964
v 2.016795 0.097000 2.295200
v 2.052100 0.098000 2.276000
v 2.029218 0.098000 2.295200
v 2.029500 0.097000 2.294964
v 2.029218 0.097000 2.295200
v 2.052100 0.097000 2.276000
v 2.029218 0.098000 2.295200
v 2.014100 0.098000 2.295200
v 2.016795 0.097000 2.295200
v 2.014100 0.097000 2.295200
v 2.029218 0.097000 2.295200
v 2.011600 0.098000 2.292700
v 2.011600 0.097000 2.292700
v 2.014100 0.097000 2.295200
v 2.014100 0.098000 2.295200
v 2.011600 0.097000 2.227300
v 2.011600 0.097000 2.292700
v 2.011600 0.098000 2.264170
v 2.011600 0.098000 2.292700
v 2.011600 0.098000 2.227300
v 2.016795 0.097000 2.224800
v 2.011600 0.097000 2.292700
v 2.011600 0.097000 2.227300
v 2.014100 0.097000 2.295200
v 2.016795 0.097000 2.295200
v 2.014100 0.097000 2.224800
v 2.014100 0.098000 2.224800
v 2.014100 0.097000 2.224800
v 2.011600 0.097000 2.227300
v 2.011600 0.098000 2.227300
v 2.029218 0.098000 2.224800
v 2.029218 0.097000 2.224800
v 2.016795 0.097000 2.224800
v 2.014100 0.098000 2.224800
v 2.014100 0.097000 2.224800
v 2.052100 0.098000 2.244000
v 2.052100 0.097000 2.244000
v 2.029500 0.097000 2.225036
v 2.029218 0.098000 2.224800
v 2.029218 0.097000 2.224800
v 2.059654 0.097000 2.276000
v 2.052100 0.097000 2.276000
v 2.052100 0.097000 2.244000
v 2.059654 0.097000 2.244000
v 2.029500 0.097000 2.294964
v 2.029500 0.097000 2.225036
v 2.059654 0.097000 2.244000
v 2.052100 0.097000 2.244000
v 2.054942 0.098000 2.244000
v 2.052100 0.098000 2.244000
v 2.059654 0.098000 2.244000
v 2.059654 0.097000 2.276000
v 2.059654 0.098000 2.276000
v 2.054942 0.098000 2.276000
v 2.052100 0.097000 2.276000
v 2.052100 0.098000 2.276000
v 2.060256 0.096907 2.276000
v 2.059654 0.097000 2.276000
v 2.059654 0.097000 2.244000
v 2.060801 0.096638 2.276000
v 2.060256 0.096907 2.244000
v 2.060801 0.096638 2.244000
v 2.038667 0.097000 2.178228
v 2.029536 0.097000 2.179889
v 2.031274 0.097000 2.183497
v 2.026405 0.097000 2.177391
v 2.034694 0.097000 2.172220
v 2.004290 0.097000 2.167853
v 2.004290 0.097000 2.187103
v 2.013726 0.097000 2.183497
v 2.015464 0.097000 2.191111
v 2.013726 0.097000 2.187503
v 2.004949 0.097000 2.191653
v 2.039744 0.097000 2.183014
v 2.032734 0.097000 2.170618
v 2.023922 0.097000 2.167853
v 2.018595 0.097000 2.177391
v 2.015464 0.097000 2.179889
v 2.006019 0.097000 2.194347
v 2.011644 0.097000 2.200571
v 2.014105 0.097000 2.201859
v 2.018595 0.097000 2.193609
v 2.007498 0.097000 2.196724
v 2.009397 0.097000 2.198831
v 2.038195 0.097000 2.177118
v 2.036282 0.097000 2.173984
v 2.028670 0.097000 2.168604
v 2.022500 0.097000 2.176500
v 2.004396 0.097000 2.188938
v 2.041227 0.097000 2.202000
v 2.031274 0.097000 2.187503
v 2.029710 0.097000 2.168983
v 2.016795 0.097000 2.202710
v 2.022500 0.097000 2.194500
v 2.029218 0.097000 2.224800
v 2.029500 0.097000 2.225036
v 2.029500 0.097000 2.202000
v 2.026405 0.097000 2.193609
v 2.029536 0.097000 2.191111
v 2.016795 0.097000 2.224800
v 2.022500 0.097000 2.194500
v 2.022500 0.100000 2.194500
v 2.018595 0.100000 2.193609
v 2.018595 0.097000 2.193609
v 2.015464 0.100000 2.191111
v 2.015464 0.097000 2.191111
v 2.013726 0.100000 2.187503
v 2.013726 0.097000 2.187503
v 2.013726 0.100000 2.183497
v 2.013726 0.097000 2.183497
v 2.015464 0.100000 2.179889
v 2.015464 0.097000 2.179889
v 2.018595 0.100000 2.177391
v 2.018595 0.097000 2.177391
v 2.022500 0.100000 2.176500
v 2.022500 0.097000 2.176500
v 2.022500 0.097000 2.176500
v 2.022500 0.100000 2.176500
v 2.026405 0.100000 2.177391
v 2.026405 0.097000 2.177391
v 2.029536 0.100000 2.179889
v 2.029536 0.097000 2.179889
v 2.031274 0.100000 2.183497
v 2.031274 0.097000 2.183497
v 2.031274 0.100000 2.187503
v 2.031274 0.097000 2.187503
v 2.029536 0.100000 2.191111
v 2.029536 0.097000 2.191111
v 2.026405 0.100000 2.193609
v 2.026405 0.097000 2.193609
v 2.022500 0.100000 2.194500
v 2.022500 0.097000 2.194500
v 2.029536 0.100000 2.191111
v 2.029536 0.100000 2.179889
v 2.026405 0.100000 2.177391
v 2.031274 0.100000 2.187503
v 2.015464 0.100000 2.179889
v 2.015464 0.100000 2.191111
v 2.018595 0.100000 2.193609
v 2.013726 0.100000 2.183497
v 2.031274 0.100000 2.183497
v 2.022500 0.100000 2.176500
v 2.022500 0.100000 2.194500
v 2.026405 0.100000 2.193609
v 2.013726 0.100000 2.187503
v 2.018595 0.100000 2.177391
v 2.061375 0.097457 2.276000
v 2.060556 0.097861 2.276000
v 2.060256 0.096907 2.276000
v 2.059654 0.098000 2.276000
v 2.059654 0.097000 2.276000
v 2.060801 0.096638 2.276000
v 2.061375 0.097457 2.276000
v 2.061375 0.097457 2.244000
v 2.060556 0.097861 2.244000
v 2.059654 0.098000 2.244000
v 2.059654 0.098000 2.264170
v 2.060556 0.097861 2.276000
v 2.059654 0.098000 2.276000
v 2.066744 0.093698 2.276000
v 2.061375 0.097457 2.276000
v 2.060801 0.096638 2.276000
v 2.066170 0.092879 2.276000
v 2.071659 0.090257 2.270000
v 2.066744 0.093698 2.276000
v 2.066170 0.092879 2.276000
v 2.071085 0.089438 2.270000
v 2.060556 0.097861 2.244000
v 2.060256 0.096907 2.244000
v 2.059654 0.097000 2.244000
v 2.061375 0.097457 2.244000
v 2.060801 0.096638 2.244000
v 2.059654 0.098000 2.244000
v 2.066744 0.093698 2.244000
v 2.066170 0.092879 2.244000
v 2.060801 0.096638 2.244000
v 2.061375 0.097457 2.244000
v 2.071659 0.090257 2.250000
v 2.071085 0.089438 2.250000
v 2.066170 0.092879 2.244000
v 2.066744 0.093698 2.244000
v 2.071085 0.089438 2.250000
v 2.071659 0.090257 2.250000
v 2.071659 0.090257 2.257500
v 2.071085 0.089438 2.257500
v 2.071659 0.090257 2.257500
v 2.069201 0.091977 2.257500
v 2.068628 0.091158 2.257500
v 2.071085 0.089438 2.257500
v 2.067309 0.093302 2.259043
v 2.067153 0.093411 2.260000
v 2.066580 0.092592 2.260000
v 2.067753 0.092991 2.258232
v 2.066736 0.092483 2.259043
v 2.068417 0.092526 2.257690
v 2.067179 0.092172 2.258232
v 2.069201 0.091977 2.257500
v 2.067844 0.091707 2.257690
v 2.068628 0.091158 2.257500
v 2.068628 0.091158 2.262500
v 2.071085 0.089438 2.262500
v 2.071085 0.089438 2.270000
v 2.066170 0.092879 2.276000
v 2.060801 0.096638 2.276000
v 2.067844 0.091707 2.262310
v 2.067179 0.092172 2.261768
v 2.060801 0.096638 2.244000
v 2.066736 0.092483 2.259043
v 2.066580 0.092592 2.260000
v 2.066170 0.092879 2.244000
v 2.068628 0.091158 2.257500
v 2.067844 0.091707 2.257690
v 2.071085 0.089438 2.250000
v 2.066736 0.092483 2.260957
v 2.067179 0.092172 2.258232
v 2.071085 0.089438 2.257500
v 2.066744 0.093698 2.276000
v 2.069201 0.091977 2.262500
v 2.068417 0.092526 2.262310
v 2.071659 0.090257 2.270000
v 2.069201 0.091977 2.257500
v 2.071659 0.090257 2.257500
v 2.071659 0.090257 2.250000
v 2.066744 0.093698 2.244000
v 2.061375 0.097457 2.244000
v 2.068417 0.092526 2.257690
v 2.071659 0.090257 2.262500
v 2.061375 0.097457 2.276000
v 2.067153 0.093411 2.260000
v 2.067753 0.092991 2.258232
v 2.067309 0.093302 2.260957
v 2.067753 0.092991 2.261768
v 2.067309 0.093302 2.259043
v 2.071659 0.090257 2.262500
v 2.071085 0.089438 2.262500
v 2.068628 0.091158 2.262500
v 2.069201 0.091977 2.262500
v 2.071659 0.090257 2.270000
v 2.071085 0.089438 2.270000
v 2.071085 0.089438 2.262500
v 2.071659 0.090257 2.262500
v 2.068417 0.092526 2.262310
v 2.069201 0.091977 2.262500
v 2.068628 0.091158 2.262500
v 2.067753 0.092991 2.261768
v 2.067844 0.091707 2.262310
v 2.067309 0.093302 2.260957
v 2.067179 0.092172 2.261768
v 2.067153 0.093411 2.260000
v 2.066736 0.092483 2.260957
v 2.066580 0.092592 2.260000
v 1.989587 0.094518 2.254426
v 2.013500 0.094835 2.254407
v 2.013500 0.093914 2.245678
v 1.989587 0.093367 2.244271
v 2.013500 0.093680 2.244218
v 2.013500 0.091433 2.234213
v 1.989587 0.087826 2.224627
v 1.989587 0.091127 2.234299
v 2.013500 0.090682 2.231684
v 2.013500 0.088121 2.224508
v 2.013500 0.085377 2.218337
v 1.989587 0.083502 2.215367
v 2.013500 0.083783 2.215217
v 2.013500 0.078468 2.206448
v 1.989587 -0.048676 2.178788
v 1.989587 -0.039640 2.174015
v 2.013500 -0.043105 2.175342
v 2.013500 -0.039773 2.173726
v 2.013500 -0.048840 2.178516
v 2.013500 -0.054301 2.182048
v 1.989587 -0.057146 2.184508
v 2.013500 -0.057338 2.184255
v 2.013500 -0.065168 2.190876
v 1.989587 -0.064950 2.191107
v 2.013500 -0.072239 2.198302
v 1.989587 -0.078205 2.206627
v 1.989587 -0.071997 2.198509
v 2.013500 -0.073425 2.199720
v 1.989587 -0.083502 2.215367
v 2.013500 -0.080994 2.210351
v 2.013500 -0.078468 2.206448
v 2.013500 -0.083783 2.215217
v 2.013500 -0.087034 2.221920
v 1.989587 -0.087826 2.224627
v 2.013500 -0.088121 2.224508
v 2.013500 -0.091433 2.234213
v 1.989587 -0.091127 2.234299
v 2.013500 -0.093680 2.244218
v 1.989587 -0.094518 2.254426
v 1.989587 -0.093367 2.244271
v 2.013500 -0.094104 2.246981
v 1.965690 0.086942 2.224983
v 1.965690 0.082662 2.215816
v 1.989587 0.078205 2.206627
v 1.965690 0.048186 2.179606
v 1.989587 0.048676 2.178788
v 1.989587 0.039640 2.174015
v 1.965690 -0.039241 2.174880
v 1.965690 -0.077418 2.207164
v 1.989587 0.094682 2.260000
v 2.013500 0.095000 2.260000
v 2.006768 0.073271 2.199571
v 2.005157 0.071570 2.197587
v 2.011021 0.075847 2.202802
v 2.010784 0.075749 2.202673
v 2.008957 0.074835 2.201498
v 2.013349 0.077456 2.204995
v 2.013194 0.076579 2.203780
v 2.013500 0.078315 2.206225
v 2.008603 0.074622 2.201230
v 1.989587 0.064950 2.191107
v 1.989587 0.071997 2.198509
v 2.003075 0.067447 2.193183
v 2.003945 0.069672 2.195493
v 2.002583 0.064415 2.190263
v 2.002306 0.059136 2.185739
v 2.002628 0.065032 2.190838
v 1.989587 0.057146 2.184508
v 2.001969 0.052700 2.181047
v 2.002031 0.053898 2.181858
v 2.000941 0.044091 2.175950
v 1.999970 0.040426 2.174143
v 2.001574 0.048006 2.178113
v 1.994428 0.032304 2.170876
v 1.992838 0.031630 2.170672
v 1.996008 0.033516 2.171291
v 1.997365 0.035093 2.171875
v 1.998777 0.037471 2.172834
v 1.999749 0.039784 2.173847
v 1.965690 0.029838 2.171147
v 1.965690 0.039241 2.174880
v 1.983504 0.031727 2.170985
v 1.987372 0.031574 2.170803
v 1.991242 0.031442 2.170646
v 1.983504 0.030083 2.170416
v 1.983504 0.020252 2.167696
v 1.965690 0.020087 2.168448
v 1.983504 0.010185 2.166051
v 1.965690 -0.010102 2.166817
v 1.983504 -0.010185 2.166051
v 1.983504 -0.020252 2.167696
v 1.965690 -0.020087 2.168448
v 1.983504 -0.030083 2.170416
v 1.965690 -0.029838 2.171147
v 1.983504 -0.031727 2.170985
v 1.998554 -0.031252 2.170419
v 2.013500 -0.094835 2.254407
v 2.013500 -0.095000 2.260000
v 1.989587 -0.094682 2.260000
v 1.980524 -0.094390 2.258971
v 1.980532 -0.094396 2.260000
v 1.980274 -0.094193 2.253963
v 1.979614 -0.093675 2.248634
v 1.978535 -0.092830 2.243299
v 1.978071 -0.092469 2.241495
v 1.977038 -0.091665 2.238030
v 1.975117 -0.090181 2.232842
v 1.974194 -0.089472 2.230719
v 1.972722 -0.088348 2.227677
v 1.968609 -0.085252 2.220687
v 1.966619 -0.083778 2.217863
v 1.969881 -0.086202 2.222658
v 1.965690 -0.082662 2.215816
v 1.962924 -0.081091 2.213298
v 1.961441 -0.080030 2.211667
v 1.954686 -0.075351 2.205361
v 1.969832 -0.075087 2.203549
v 1.970553 -0.073106 2.200951
v 1.971146 -0.071478 2.198947
v 1.972157 -0.068701 2.195769
v 1.973906 -0.063895 2.190880
v 1.975765 -0.058786 2.186383
v 1.976461 -0.056875 2.184860
v 1.977740 -0.053361 2.182263
v 1.971525 -0.052428 2.181954
v 1.965690 -0.048186 2.179606
v 1.948314 -0.040420 2.176647
v 1.949088 -0.039678 2.176229
v 1.951767 -0.048445 2.180754
v 1.942569 -0.045935 2.180057
v 1.952677 -0.035890 2.174267
v 1.955880 -0.031793 2.172440
v 1.959637 -0.025681 2.170214
v 1.961036 -0.022833 2.169362
v 1.958718 -0.027350 2.170766
v 1.963789 -0.015440 2.167656
v 1.964354 -0.013354 2.167300
v 1.962932 -0.018113 2.168191
v 1.965339 -0.008502 2.166676
v 1.965810 -0.004573 2.166376
v 1.983504 0.000000 2.165500
v 1.983504 -0.006466 2.165721
v 1.965882 -0.003607 2.166330
v 1.983504 0.006466 2.165721
v 1.965986 0.001226 2.166263
v 1.965690 0.010102 2.166817
v 1.965668 0.006037 2.166467
v 1.965618 0.006477 2.166499
v 1.963782 0.015462 2.167660
v 1.963220 0.017268 2.168012
v 1.964927 0.010813 2.166938
v 1.960226 0.024532 2.169857
v 1.958714 0.027357 2.170769
v 1.962215 0.020051 2.168637
v 1.955015 0.032980 2.172940
v 1.951828 0.036853 2.174740
v 1.957856 0.028803 2.171280
v 1.947684 0.040979 2.176972
v 1.942254 0.045840 2.180031
v 1.951463 0.048370 2.180733
v 1.948355 0.040369 2.176619
v 1.977740 0.053361 2.182263
v 1.971395 0.052407 2.181947
v 1.961372 0.050591 2.181382
v 1.976461 0.056876 2.184861
v 1.976035 0.058045 2.185783
v 1.972578 0.068000 2.195000
v 1.971362 0.070885 2.198244
v 1.974165 0.063183 2.190213
v 1.972416 0.067990 2.195000
v 1.969832 0.075087 2.203549
v 1.965690 0.077418 2.207164
v 1.954293 0.075358 2.205414
v 1.949059 0.078273 2.210354
v 1.953170 0.080966 2.214295
v 1.944662 0.075526 2.206832
v 1.946278 0.076518 2.208052
v 1.956892 0.083496 2.218552
v 1.960199 0.085810 2.223068
v 1.954675 0.081979 2.215927
v 1.961452 0.086702 2.225015
v 1.963123 0.087902 2.227872
v 1.965602 0.089707 2.232853
v 1.967613 0.091191 2.237906
v 1.969185 0.092363 2.243032
v 1.966514 0.090378 2.234997
v 1.970340 0.093230 2.248271
v 1.971058 0.093771 2.253462
v 1.969802 0.092825 2.245580
v 1.971366 0.094003 2.258651
v 1.971379 0.094014 2.260000
v 1.972412 0.068000 2.195011
v 1.961162 -0.050548 2.181369
v 1.958931 -0.078261 2.209125
v 2.013500 -0.031096 2.170234
v 1.969832 0.075087 2.186740
v 1.976035 0.058045 2.185783
v 1.976461 0.056876 2.184861
v 1.974165 0.063183 2.190213
v 1.972412 0.068000 2.195000
v 1.972416 0.067990 2.195000
v 1.971362 0.070885 2.198244
v 1.972412 0.068000 2.195011
v 1.969832 0.075087 2.203549
v 1.977740 0.053361 2.182263
v 1.972578 0.068000 2.195000
v 1.972412 0.068000 2.195000
v 1.972412 0.068000 2.195011
v 1.972416 0.067990 2.195000
v 1.972412 0.068000 2.195000
v 1.972578 0.068000 2.195000
v 1.969832 -0.075087 2.186740
v 1.971146 -0.071478 2.198947
v 1.970553 -0.073106 2.200951
v 1.972157 -0.068701 2.195769
v 1.977740 -0.053361 2.182263
v 1.976461 -0.056875 2.184860
v 1.973906 -0.063895 2.190880
v 1.975765 -0.058786 2.186383
v 1.969832 -0.075087 2.203549
v 1.936536 0.075668 2.186269
v 1.969832 0.075087 2.186740
v 1.961372 0.050591 2.181382
v 1.977740 0.053361 2.182263
v 1.971395 0.052407 2.181947
v 1.951463 0.048370 2.180733
v 1.942254 0.045840 2.180031
v 1.934874 0.052446 2.181304
v 1.907533 0.076174 2.198174
v 1.903300 0.076248 2.197173
v 1.902497 0.076262 2.197792
v 1.924997 0.075869 2.199192
v 1.927555 0.075824 2.186895
v 1.918734 0.075978 2.189034
v 1.910478 0.076123 2.192585
v 1.913477 0.076070 2.197965
v 1.936536 0.075668 2.186269
v 1.926696 0.075839 2.199561
v 1.917120 0.076007 2.198118
v 1.900828 0.076291 2.199104
v 1.901936 0.076272 2.198899
v 1.969832 0.075087 2.186740
v 1.954293 0.075358 2.205414
v 1.936015 0.075677 2.202511
v 1.944662 0.075526 2.206832
v 1.969832 0.075087 2.203549
v 1.952287 0.036337 2.195000
v 1.948355 0.040369 2.176619
v 1.951828 0.036853 2.174740
v 1.947684 0.040979 2.195000
v 1.947684 0.040979 2.176972
v 1.958717 0.027352 2.195000
v 1.955015 0.032980 2.172940
v 1.957856 0.028803 2.171280
v 1.963221 0.017262 2.195000
v 1.960226 0.024532 2.169857
v 1.962215 0.020051 2.168637
v 1.958714 0.027357 2.170769
v 1.965617 0.006476 2.195000
v 1.963782 0.015462 2.167660
v 1.964927 0.010813 2.166938
v 1.963220 0.017268 2.168012
v 1.965668 0.006037 2.166467
v 1.965986 0.001226 2.166263
v 1.965810 -0.004572 2.195000
v 1.965882 -0.003607 2.166330
v 1.965618 0.006477 2.166499
v 1.964354 -0.013354 2.167300
v 1.963789 -0.015440 2.167656
v 1.965810 -0.004573 2.166376
v 1.965339 -0.008502 2.166676
v 1.963790 -0.015435 2.195000
v 1.961036 -0.022833 2.169362
v 1.959637 -0.025681 2.170214
v 1.962932 -0.018113 2.168191
v 1.959639 -0.025675 2.195000
v 1.958718 -0.027350 2.170766
v 1.955880 -0.031793 2.172440
v 1.953526 -0.034879 2.195000
v 1.952677 -0.035890 2.174267
v 1.949088 -0.039678 2.176229
v 1.949088 -0.039678 2.195000
v 1.934382 0.052887 2.184205
v 1.933558 0.053625 2.181549
v 1.934216 0.053035 2.181422
v 1.934874 0.052446 2.181304
v 1.942254 0.045840 2.180031
v 1.935342 0.052027 2.188148
v 1.947684 0.040979 2.195000
v 1.936402 0.051079 2.195000
v 1.947684 0.040979 2.176972
v 1.923330 0.060513 2.191851
v 1.918842 0.062726 2.193253
v 1.918803 0.063214 2.189117
v 1.930991 0.055704 2.185870
v 1.927183 0.058404 2.187622
v 1.926595 0.058980 2.185027
v 1.922794 0.061244 2.187085
v 1.931644 0.055105 2.189000
v 1.927609 0.057963 2.190429
v 1.914650 0.064874 2.191109
v 1.910369 0.066211 2.193043
v 1.910603 0.066609 2.190851
v 1.914183 0.064583 2.194623
v 1.934382 0.052887 2.184205
v 1.935342 0.052027 2.188148
v 1.936402 0.051079 2.195000
v 1.931943 0.054748 2.195000
v 1.932128 0.054655 2.192348
v 1.927264 0.057995 2.195000
v 1.922164 0.060946 2.195000
v 1.916386 0.063661 2.194999
v 1.911345 0.065564 2.195000
v 1.906330 0.067104 2.195000
v 1.906689 0.067416 2.193276
v 1.906039 0.067186 2.195000
v 1.905017 0.067468 2.195000
v 1.904748 0.067875 2.193917
v 1.908488 0.067299 2.191442
v 1.904374 0.067645 2.195000
v 1.903253 0.067976 2.195000
v 1.912487 0.066227 2.189129
v 1.914416 0.065507 2.188341
v 1.916571 0.064689 2.187087
v 1.920793 0.062651 2.185287
v 1.925122 0.060091 2.183744
v 1.929418 0.057058 2.182497
v 1.930178 0.056443 2.182960
v 1.933558 0.053625 2.181549
v 1.909850 0.066056 2.195000
v 1.936536 0.075668 2.186269
v 1.929418 0.057058 2.182497
v 1.925122 0.060091 2.183744
v 1.934874 0.052446 2.181304
v 1.934216 0.053035 2.181422
v 1.933558 0.053625 2.181549
v 1.927555 0.075824 2.186895
v 1.920793 0.062651 2.185287
v 1.916571 0.064689 2.187087
v 1.910478 0.076123 2.192585
v 1.918734 0.075978 2.189034
v 1.912487 0.066227 2.189129
v 1.903300 0.076248 2.197173
v 1.903262 0.068000 2.195000
v 1.902580 0.068000 2.195507
v 1.901906 0.068000 2.196026
v 1.902497 0.076262 2.197792
v 1.904748 0.067875 2.193917
v 1.903253 0.067976 2.195000
v 1.908488 0.067299 2.191442
v 1.902497 0.076262 2.197792
v 1.901906 0.068000 2.196026
v 1.900188 0.072136 2.198483
v 1.900301 0.068000 2.197280
v 1.899545 0.068000 2.197870
v 1.900828 0.076291 2.199104
v 1.930270 -0.057742 2.195000
v 1.949088 -0.039678 2.195000
v 1.942569 -0.045935 2.180057
v 1.949088 -0.039678 2.176229
v 1.948314 -0.040420 2.176647
v 1.930270 -0.057742 2.182347
v 1.922670 -0.071124 2.185056
v 1.927340 -0.060315 2.182842
v 1.930270 -0.057742 2.182347
v 1.969832 -0.075087 2.186740
v 1.961162 -0.050548 2.181369
v 1.971525 -0.052428 2.181954
v 1.927599 -0.075824 2.186143
v 1.951767 -0.048445 2.180754
v 1.924386 -0.062490 2.183251
v 1.918448 -0.068766 2.184479
v 1.920610 -0.064767 2.183668
v 1.942569 -0.045935 2.180057
v 1.914424 -0.067906 2.184225
v 1.916223 -0.066820 2.184026
v 1.977740 -0.053361 2.182263
v 1.913198 -0.067910 2.184204
v 1.969832 -0.075087 2.186740
v 1.969832 -0.075087 2.203549
v 1.954686 -0.075351 2.205361
v 1.946221 -0.075499 2.199776
v 1.937029 -0.075659 2.195493
v 1.952817 -0.075384 2.203970
v 1.932994 -0.075730 2.187449
v 1.930308 -0.075776 2.186746
v 1.927599 -0.075824 2.186143
v 1.900301 0.068000 2.195000
v 1.900301 0.068000 2.197280
v 1.901906 0.068000 2.196026
v 1.902580 0.068000 2.195507
v 1.903262 0.068000 2.195000
v 1.936571 -0.087830 2.196001
v 1.936113 -0.100000 2.196511
v 1.932109 -0.100000 2.188523
v 1.937029 -0.075659 2.195493
v 1.932551 -0.087865 2.187986
v 1.932994 -0.075730 2.187449
v 1.942311 -0.100000 2.199175
v 1.936113 -0.100000 2.196511
v 1.936571 -0.087830 2.196001
v 1.946221 -0.075499 2.199776
v 1.952064 -0.100000 2.205017
v 1.958931 -0.078261 2.209125
v 1.961441 -0.080030 2.211667
v 1.952817 -0.075384 2.203970
v 1.954686 -0.075351 2.205361
v 1.960702 -0.100000 2.212408
v 1.966619 -0.083778 2.217863
v 1.968609 -0.085252 2.220687
v 1.962924 -0.081091 2.213298
v 1.967982 -0.100000 2.221139
v 1.972722 -0.088348 2.227677
v 1.974194 -0.089472 2.230719
v 1.969881 -0.086202 2.222658
v 1.977694 -0.100000 2.241609
v 1.973700 -0.100000 2.230965
v 1.977038 -0.091665 2.238030
v 1.975117 -0.090181 2.232842
v 1.978535 -0.092830 2.243299
v 1.979614 -0.093675 2.248634
v 1.978071 -0.092469 2.241495
v 1.979851 -0.100000 2.252771
v 1.980274 -0.094193 2.253963
v 1.980524 -0.094390 2.258971
v 1.980238 -0.100000 2.260000
v 1.980532 -0.094396 2.260000
v 1.937029 -0.075659 2.195493
v 1.900301 0.068000 2.195000
v 1.900301 0.038000 2.195000
v 1.900301 0.038000 2.197280
v 1.900301 0.068000 2.197280
v 1.900301 0.068000 2.197280
v 1.900301 0.038000 2.197280
v 1.899545 0.038000 2.197870
v 1.899545 0.068000 2.197870
v 1.755775 0.038000 2.195000
v 1.890877 0.038000 2.200331
v 1.891813 0.038000 2.200000
v 1.900301 0.038000 2.195000
v 1.900301 0.038000 2.197280
v 1.899545 0.038000 2.197870
v 1.880893 0.038000 2.204964
v 1.752760 0.038000 2.207290
v 1.877150 0.038000 2.207290
v 1.880893 0.038000 2.204964
v 1.880893 0.068000 2.204964
v 1.890252 0.068000 2.200561
v 1.879593 0.068000 2.205732
v 1.877150 0.038000 2.207290
v 1.873038 0.041874 2.210294
v 1.871858 0.068000 2.211254
v 1.870080 0.068000 2.212793
v 1.869073 0.045639 2.213717
v 1.865365 0.049178 2.217500
v 1.865365 0.068000 2.217500
v 1.899545 0.068000 2.197870
v 1.899545 0.038000 2.197870
v 1.891813 0.038000 2.200000
v 1.890877 0.038000 2.200331
v 1.752760 0.038000 2.207290
v 1.752670 0.041835 2.210261
v 1.869073 0.045639 2.213717
v 1.873038 0.041874 2.210294
v 1.865365 0.049178 2.217500
v 1.752365 0.048442 2.216661
v 1.752342 0.048812 2.217079
v 1.752500 0.045991 2.214067
v 1.752319 0.049178 2.217500
v 1.877150 0.038000 2.207290
v 1.865365 0.049178 2.217500
v 1.753635 0.058589 2.217500
v 1.754951 0.068000 2.217500
v 1.752319 0.049178 2.217500
v 1.865365 0.068000 2.217500
v 1.756475 0.079667 2.218111
v 1.866477 0.073834 2.217806
v 1.865365 0.068000 2.217500
v 1.754951 0.068000 2.217500
v 1.755713 0.073833 2.217806
v 1.867596 0.079667 2.218111
v 1.757123 0.089598 2.222533
v 1.757845 0.099500 2.226942
v 1.864951 0.099500 2.226942
v 1.866096 0.089442 2.222463
v 1.756475 0.079667 2.218111
v 1.867596 0.079667 2.218111
v 1.882473 0.099500 2.210481
v 1.879593 0.068000 2.205732
v 1.871858 0.068000 2.211254
v 1.873792 0.099500 2.216925
v 1.892199 0.099500 2.205763
v 1.890252 0.068000 2.200561
v 1.880893 0.068000 2.204964
v 1.971366 0.094003 2.258651
v 1.971058 0.093771 2.253462
v 1.970309 0.099500 2.256557
v 1.970412 0.099500 2.260000
v 1.971379 0.094014 2.260000
v 1.968662 0.099500 2.245873
v 1.970340 0.093230 2.248271
v 1.965058 0.099500 2.235681
v 1.969185 0.092363 2.243032
v 1.969802 0.092825 2.245580
v 1.967613 0.091191 2.237906
v 1.966514 0.090378 2.234997
v 1.965602 0.089707 2.232853
v 1.959622 0.099500 2.226336
v 1.963123 0.087902 2.227872
v 1.952545 0.099500 2.218164
v 1.960199 0.085810 2.223068
v 1.956892 0.083496 2.218552
v 1.961452 0.086702 2.225015
v 1.944071 0.099500 2.211451
v 1.953170 0.080966 2.214295
v 1.949059 0.078273 2.210354
v 1.954675 0.081979 2.215927
v 1.934498 0.099500 2.206429
v 1.946278 0.076518 2.208052
v 1.944662 0.075526 2.206832
v 1.936015 0.075677 2.202511
v 1.926696 0.075839 2.199561
v 1.924158 0.099500 2.203274
v 1.924997 0.075869 2.199192
v 1.917120 0.076007 2.198118
v 1.913412 0.099500 2.202095
v 1.902634 0.099500 2.202935
v 1.907533 0.076174 2.198174
v 1.913477 0.076070 2.197965
v 1.900828 0.076291 2.199104
v 1.900188 0.072136 2.198483
v 1.901936 0.076272 2.198899
v 1.867596 0.079667 2.218111
v 1.866096 0.089442 2.222463
v 1.870080 0.068000 2.212793
v 1.866477 0.073834 2.217806
v 1.865365 0.068000 2.217500
v 1.864951 0.099500 2.226942
v 1.866461 0.099500 2.224869
v 1.899545 0.068000 2.197870
v 1.916221 -0.066821 2.195000
v 1.924383 -0.062492 2.195000
v 1.920610 -0.064767 2.183668
v 1.924386 -0.062490 2.183251
v 1.907823 -0.069262 2.190809
v 1.907333 -0.069350 2.184452
v 1.904196 -0.069780 2.184755
v 1.899799 -0.070000 2.185383
v 1.899799 -0.070000 2.191863
v 1.903487 -0.069845 2.191270
v 1.916223 -0.066820 2.184026
v 1.912101 -0.068245 2.190599
v 1.912650 -0.068081 2.184210
v 1.908567 -0.069118 2.184366
v 1.913198 -0.067910 2.184204
v 1.930270 -0.057742 2.195000
v 1.927340 -0.060315 2.182842
v 1.930270 -0.057742 2.182347
v 1.912101 -0.068245 2.195000
v 1.912332 -0.066623 2.195000
v 1.912101 -0.068245 2.195000
v 1.912101 -0.068245 2.190599
v 1.912563 -0.065000 2.195000
v 1.912332 -0.066623 2.190513
v 1.912563 -0.065000 2.190428
v 1.899799 -0.070000 2.185383
v 1.891797 -0.070000 2.187196
v 1.894785 -0.070000 2.192992
v 1.887757 -0.070000 2.195257
v 1.899799 -0.070000 2.191863
v 1.887757 -0.070000 2.195257
v 1.891797 -0.070000 2.187196
v 1.892345 -0.085000 2.187859
v 1.888323 -0.085000 2.195883
v 1.892891 -0.100000 2.188523
v 1.888887 -0.100000 2.196511
v 1.900301 -0.065000 2.222000
v 1.900301 -0.065000 2.195000
v 1.894718 -0.065000 2.192739
v 1.872855 -0.065000 2.202829
v 1.863560 -0.065000 2.210552
v 1.883347 -0.065000 2.196831
v 1.906626 -0.065000 2.190676
v 1.912563 -0.065000 2.195000
v 1.912563 -0.065000 2.190428
v 1.855741 -0.065000 2.219767
v 1.854222 -0.065000 2.222000
v 1.900301 0.038000 2.195000
v 1.927264 0.057995 2.195000
v 1.931943 0.054748 2.195000
v 1.916386 0.063661 2.194999
v 1.922164 0.060946 2.195000
v 1.952287 0.036337 2.195000
v 1.958717 0.027352 2.195000
v 1.947684 0.040979 2.195000
v 1.911345 0.065564 2.195000
v 1.936402 0.051079 2.195000
v 1.909850 0.066056 2.195000
v 1.963221 0.017262 2.195000
v 1.753087 0.011818 2.195000
v 1.753877 0.022803 2.195000
v 1.753014 -0.010205 2.195000
v 1.752799 0.000808 2.195000
v 1.906330 0.067104 2.195000
v 1.754945 -0.032123 2.195000
v 1.900301 -0.043000 2.195000
v 1.906039 0.067186 2.195000
v 1.753729 -0.021182 2.195000
v 1.756658 -0.043000 2.195000
v 1.905017 0.067468 2.195000
v 1.959639 -0.025675 2.195000
v 1.912563 -0.065000 2.195000
v 1.904374 0.067645 2.195000
v 1.755490 0.036000 2.195000
v 1.755775 0.038000 2.195000
v 1.755204 0.034000 2.195000
v 1.963790 -0.015435 2.195000
v 1.965617 0.006476 2.195000
v 1.965810 -0.004572 2.195000
v 1.924383 -0.062492 2.195000
v 1.916221 -0.066821 2.195000
v 1.903253 0.067976 2.195000
v 1.930270 -0.057742 2.195000
v 1.949088 -0.039678 2.195000
v 1.953526 -0.034879 2.195000
v 1.900301 -0.065000 2.195000
v 1.900301 0.068000 2.195000
v 1.903262 0.068000 2.195000
v 1.912101 -0.068245 2.195000
v 1.912332 -0.066623 2.195000
v 1.900301 -0.065000 2.195000
v 1.900301 -0.047102 2.217334
v 1.900301 -0.043000 2.213032
v 1.900301 -0.065000 2.222000
v 1.900301 -0.050785 2.222000
v 1.900301 -0.043000 2.195000
v 1.900301 -0.043000 2.213032
v 1.752913 -0.043000 2.210687
v 1.756658 -0.043000 2.195000
v 1.752446 -0.043000 2.213032
v 1.900301 -0.043000 2.195000
v 1.900301 -0.050785 2.222000
v 1.752380 -0.050785 2.222000
v 1.752411 -0.047293 2.217555
v 1.900301 -0.047102 2.217334
v 1.752441 -0.043632 2.213644
v 1.900301 -0.043000 2.213032
v 1.752446 -0.043000 2.213032
v 1.746621 -0.009214 2.226537
v 1.747251 -0.020050 2.226622
v 1.746268 -0.020050 2.234945
v 1.746547 0.023277 2.234973
v 1.747778 0.034000 2.235098
v 1.748511 0.034000 2.228684
v 1.747529 0.023277 2.226659
v 1.744932 -0.009214 2.243249
v 1.745566 -0.020050 2.243292
v 1.745145 -0.020050 2.251648
v 1.748345 -0.030838 2.226770
v 1.749898 -0.041549 2.226980
v 1.748926 -0.041549 2.235214
v 1.745636 -0.009214 2.234881
v 1.747366 -0.030838 2.235056
v 1.746668 -0.030838 2.243366
v 1.751110 -0.052151 2.233776
v 1.750053 -0.052151 2.246869
v 1.748231 -0.041549 2.243471
v 1.746249 -0.030838 2.251685
v 1.744456 -0.011310 2.260000
v 1.744510 -0.009214 2.251627
v 1.746109 -0.030838 2.260000
v 1.745454 -0.025013 2.260000
v 1.747815 -0.041549 2.251738
v 1.747207 -0.038655 2.260000
v 1.749700 -0.052151 2.260000
v 1.746458 0.001640 2.226515
v 1.745472 0.001640 2.234865
v 1.745777 0.012480 2.234895
v 1.746762 0.012480 2.226556
v 1.745846 0.023277 2.243311
v 1.745074 0.012480 2.243259
v 1.744652 0.012480 2.251632
v 1.745426 0.023277 2.251658
v 1.745286 0.023277 2.260000
v 1.745974 0.029728 2.260000
v 1.746741 0.034000 2.249599
v 1.744719 0.016107 2.260000
v 1.744346 0.001640 2.251621
v 1.744768 0.001640 2.243238
v 1.744212 0.002412 2.260000
v 1.750327 0.023277 2.210159
v 1.748790 0.023277 2.218383
v 1.750009 0.034000 2.218590
v 1.752044 0.034000 2.207993
v 1.752370 0.034000 2.206500
v 1.751539 0.034000 2.210406
v 1.751385 0.012480 2.201819
v 1.749568 0.012480 2.210004
v 1.751087 0.001640 2.201748
v 1.749268 0.001640 2.209942
v 1.751247 -0.009214 2.201786
v 1.747724 0.001640 2.218202
v 1.748026 0.012480 2.218254
v 1.748755 0.034000 2.226825
v 1.749429 -0.009214 2.209975
v 1.747886 -0.009214 2.218230
v 1.750052 -0.020050 2.210102
v 1.751865 -0.020050 2.201934
v 1.752938 -0.030838 2.202191
v 1.751134 -0.030838 2.210323
v 1.749601 -0.030838 2.218521
v 1.748513 -0.020050 2.218336
v 1.752669 -0.041549 2.210637
v 1.751147 -0.041549 2.218783
v 1.754463 -0.041549 2.202557
v 1.755204 0.034000 2.195000
v 1.753877 0.022803 2.195000
v 1.752138 0.023277 2.202000
v 1.753087 0.011818 2.195000
v 1.752799 0.000808 2.195000
v 1.753014 -0.010205 2.195000
v 1.753729 -0.021182 2.195000
v 1.754945 -0.032123 2.195000
v 1.752913 -0.043000 2.210687
v 1.752446 -0.043000 2.213032
v 1.752441 -0.043632 2.213644
v 1.752380 -0.050785 2.222000
v 1.752525 -0.051468 2.222000
v 1.752411 -0.047293 2.217555
v 1.752671 -0.052151 2.222000
v 1.756658 -0.043000 2.195000
v 1.746523 0.034000 2.260000
v 1.756771 -0.061944 2.222000
v 1.900301 -0.050785 2.222000
v 1.854222 -0.065000 2.222000
v 1.759078 -0.065000 2.222000
v 1.754168 -0.056994 2.222000
v 1.753451 -0.055042 2.222000
v 1.754885 -0.058607 2.222000
v 1.752803 -0.052735 2.222000
v 1.752736 -0.052444 2.222000
v 1.752671 -0.052151 2.222000
v 1.752525 -0.051468 2.222000
v 1.900301 -0.065000 2.222000
v 1.752380 -0.050785 2.222000
v 1.753632 -0.061201 2.247062
v 1.756370 -0.065000 2.247209
v 1.756027 -0.065000 2.260000
v 1.754674 -0.061201 2.234160
v 1.757400 -0.065000 2.234455
v 1.751179 -0.056993 2.260000
v 1.751529 -0.056993 2.246948
v 1.750191 -0.052769 2.246876
v 1.752581 -0.056993 2.233935
v 1.750053 -0.052151 2.246869
v 1.749838 -0.052769 2.260000
v 1.751110 -0.052151 2.233776
v 1.751248 -0.052769 2.233791
v 1.752671 -0.052151 2.222000
v 1.752736 -0.052444 2.222000
v 1.752803 -0.052735 2.222000
v 1.753451 -0.055042 2.222000
v 1.754168 -0.056994 2.222000
v 1.754885 -0.058607 2.222000
v 1.756771 -0.061944 2.222000
v 1.759078 -0.065000 2.222000
v 1.749700 -0.052151 2.260000
v 1.753285 -0.061201 2.260000
v 1.756468 -0.065000 2.274490
v 1.756027 -0.065000 2.260000
v 1.842936 -0.065000 2.261093
v 1.756370 -0.065000 2.247209
v 1.843241 -0.065000 2.253410
v 1.842928 -0.065000 2.260000
v 1.844160 -0.065000 2.273037
v 1.757790 -0.065000 2.288926
v 1.757400 -0.065000 2.234455
v 1.845426 -0.065000 2.241524
v 1.759940 -0.065000 2.303000
v 1.759078 -0.065000 2.222000
v 1.847419 -0.065000 2.284592
v 1.852616 -0.065000 2.295415
v 1.854222 -0.065000 2.222000
v 1.849635 -0.065000 2.230196
v 1.857807 -0.065000 2.303000
v 1.755068 -0.061201 2.289259
v 1.753731 -0.061201 2.274657
v 1.756468 -0.065000 2.274490
v 1.753285 -0.061201 2.260000
v 1.756027 -0.065000 2.260000
v 1.752978 -0.056993 2.289515
v 1.751179 -0.056993 2.260000
v 1.751629 -0.056993 2.274785
v 1.751647 -0.052769 2.289677
v 1.749838 -0.052769 2.260000
v 1.750291 -0.052769 2.274866
v 1.751101 -0.052151 2.286139
v 1.751510 -0.052151 2.289694
v 1.749700 -0.052151 2.260000
v 1.757790 -0.065000 2.288926
v 1.759940 -0.065000 2.303000
v 1.757641 -0.061966 2.303000
v 1.756459 -0.060011 2.303000
v 1.756453 -0.060000 2.303000
v 1.756464 -0.060021 2.303000
v 1.755013 -0.056993 2.303000
v 1.754838 -0.056556 2.303000
v 1.753736 -0.053113 2.303000
v 1.752849 -0.052151 2.299115
v 1.753511 -0.052151 2.303000
v 1.750153 -0.052151 2.274875
v 1.827500 -0.060000 2.303000
v 1.756459 -0.060011 2.303000
v 1.756464 -0.060021 2.303000
v 1.756453 -0.060000 2.303000
v 1.827500 -0.060021 2.303000
v 1.900301 -0.060000 2.303000
v 1.827500 -0.060000 2.303000
v 1.827500 -0.060021 2.303000
v 1.900301 -0.060021 2.303000
v 1.900301 -0.048744 2.303000
v 1.753511 -0.052151 2.303000
v 1.753736 -0.053113 2.303000
v 1.755013 -0.056993 2.303000
v 1.756453 -0.060000 2.303000
v 1.827500 -0.060000 2.303000
v 1.754838 -0.056556 2.303000
v 1.753148 -0.050449 2.303000
v 1.752798 -0.048744 2.303000
v 1.900301 -0.060000 2.303000
v 1.759940 -0.065000 2.303000
v 1.857807 -0.065000 2.303000
v 1.827500 -0.060021 2.303000
v 1.900301 -0.060021 2.303000
v 1.756464 -0.060021 2.303000
v 1.757641 -0.061966 2.303000
v 1.900301 -0.065000 2.303000
v 1.900301 -0.043644 2.308168
v 1.752798 -0.043644 2.308168
v 1.752798 -0.048744 2.303000
v 1.900301 -0.038000 2.312735
v 1.752798 -0.038000 2.312735
v 1.900301 -0.048744 2.303000
v 1.900301 -0.065000 2.325000
v 1.900301 -0.060000 2.303000
v 1.900301 -0.060021 2.303000
v 1.900301 -0.043644 2.308168
v 1.900301 -0.048744 2.303000
v 1.900301 -0.038000 2.325000
v 1.900301 -0.038000 2.312735
v 1.900301 -0.065000 2.303000
v 1.750388 -0.038655 2.299514
v 1.748622 -0.038655 2.286405
v 1.751510 -0.052151 2.289694
v 1.751101 -0.052151 2.286139
v 1.747561 -0.038655 2.273222
v 1.750153 -0.052151 2.274875
v 1.749700 -0.052151 2.260000
v 1.748658 -0.025013 2.299794
v 1.746880 -0.025013 2.286593
v 1.745811 -0.025013 2.273315
v 1.746109 -0.030838 2.260000
v 1.745454 -0.025013 2.260000
v 1.751140 -0.025013 2.312881
v 1.750165 -0.011310 2.313093
v 1.747672 -0.011310 2.299954
v 1.745887 -0.011310 2.286700
v 1.744456 -0.011310 2.260000
v 1.749926 0.002412 2.313145
v 1.747431 0.002412 2.299993
v 1.744814 -0.011310 2.273369
v 1.745644 0.002412 2.286726
v 1.744570 0.002412 2.273382
v 1.744212 0.002412 2.260000
v 1.750422 0.016107 2.313037
v 1.747933 0.016107 2.299911
v 1.746149 0.016107 2.286671
v 1.745077 0.016107 2.273355
v 1.751648 0.029728 2.312770
v 1.749171 0.029728 2.299711
v 1.747396 0.029728 2.286537
v 1.746330 0.029728 2.273288
v 1.745286 0.023277 2.260000
v 1.745974 0.029728 2.260000
v 1.752151 0.034000 2.312500
v 1.752184 0.034000 2.312654
v 1.749713 0.034000 2.299623
v 1.748534 0.034000 2.291503
v 1.747942 0.034000 2.286479
v 1.746749 0.034000 2.270589
v 1.746878 0.034000 2.273258
v 1.752798 -0.048744 2.303000
v 1.752798 -0.043644 2.308168
v 1.752849 -0.052151 2.299115
v 1.753148 -0.050449 2.303000
v 1.753511 -0.052151 2.303000
v 1.752798 -0.038000 2.312735
v 1.755055 -0.032935 2.325000
v 1.755807 -0.038000 2.325000
v 1.753802 -0.021995 2.325000
v 1.753049 -0.011008 2.325000
v 1.752798 0.000000 2.325000
v 1.752886 0.006541 2.325000
v 1.752810 0.002412 2.325000
v 1.753435 0.017535 2.325000
v 1.754829 0.031253 2.325000
v 1.754486 0.028500 2.325000
v 1.755204 0.034000 2.325000
v 1.746523 0.034000 2.260000
v 1.744719 0.016107 2.260000
v 1.747207 -0.038655 2.260000
v 1.900301 -0.038000 2.312735
v 1.900301 -0.038000 2.325000
v 1.755807 -0.038000 2.325000
v 1.752798 -0.038000 2.312735
v 1.900301 -0.065000 2.303000
v 1.878030 -0.065000 2.320433
v 1.888933 -0.065000 2.325459
v 1.859597 -0.065000 2.305184
v 1.868153 -0.065000 2.313606
v 1.912563 -0.065000 2.325000
v 1.900301 -0.065000 2.325000
v 1.900539 -0.065000 2.328536
v 1.912500 -0.065000 2.329572
v 1.857807 -0.065000 2.303000
v 1.912563 -0.065000 2.329572
v 1.912563 -0.065000 2.325000
v 1.912563 -0.065000 2.329572
v 1.912473 -0.065630 2.329539
v 1.912473 -0.065630 2.325000
v 1.912383 -0.066261 2.329506
v 1.912383 -0.066261 2.325000
v 1.883347 -0.065000 2.196831
v 1.884115 -0.100000 2.198496
v 1.873900 -0.100000 2.204336
v 1.872855 -0.065000 2.202829
v 1.864850 -0.100000 2.211855
v 1.863560 -0.065000 2.210552
v 1.857238 -0.100000 2.220827
v 1.851293 -0.100000 2.230981
v 1.849635 -0.065000 2.230196
v 1.854222 -0.065000 2.222000
v 1.847194 -0.100000 2.242011
v 1.844023 -0.080000 2.253484
v 1.845067 -0.100000 2.253583
v 1.844762 -0.100000 2.260000
v 1.843241 -0.065000 2.253410
v 1.845426 -0.065000 2.241524
v 1.843926 -0.070000 2.249921
v 1.844418 -0.080000 2.250183
v 1.844172 -0.075000 2.250052
v 1.843501 -0.070000 2.253435
v 1.843190 -0.070000 2.260000
v 1.906626 -0.065000 2.190676
v 1.912332 -0.066623 2.190513
v 1.912101 -0.068245 2.190599
v 1.907823 -0.069262 2.190809
v 1.912563 -0.065000 2.190428
v 1.903487 -0.069845 2.191270
v 1.899799 -0.070000 2.191863
v 1.894718 -0.065000 2.192739
v 1.887757 -0.070000 2.195257
v 1.888323 -0.085000 2.195883
v 1.894785 -0.070000 2.192992
v 1.888887 -0.100000 2.196511
v 1.842928 -0.065000 2.260000
v 1.843714 -0.080000 2.260000
v 1.855741 -0.065000 2.219767
v 1.830421 -0.070000 2.249921
v 1.843926 -0.070000 2.249921
v 1.844172 -0.075000 2.250052
v 1.830683 -0.080000 2.250183
v 1.844418 -0.080000 2.250183
v 1.830683 -0.080000 2.269817
v 1.830683 -0.080000 2.250183
v 1.843714 -0.080000 2.260000
v 1.844023 -0.080000 2.253484
v 1.843722 -0.080000 2.261080
v 1.844418 -0.080000 2.250183
v 1.844418 -0.080000 2.269817
v 1.830421 -0.070000 2.270079
v 1.843198 -0.070000 2.261089
v 1.843190 -0.070000 2.260000
v 1.830421 -0.070000 2.249921
v 1.843926 -0.070000 2.270079
v 1.843501 -0.070000 2.253435
v 1.843926 -0.070000 2.249921
v 1.830421 -0.070000 2.270079
v 1.830683 -0.080000 2.269817
v 1.844172 -0.075000 2.269948
v 1.844418 -0.080000 2.269817
v 1.843926 -0.070000 2.270079
v 1.830421 -0.070000 2.249921
v 1.830683 -0.080000 2.250183
v 1.830683 -0.080000 2.269817
v 1.830421 -0.070000 2.270079
v 1.844160 -0.065000 2.273037
v 1.845962 -0.100000 2.272693
v 1.849135 -0.100000 2.283944
v 1.847419 -0.065000 2.284592
v 1.854195 -0.100000 2.294481
v 1.860992 -0.100000 2.303992
v 1.857807 -0.065000 2.303000
v 1.859597 -0.065000 2.305184
v 1.869322 -0.100000 2.312193
v 1.868153 -0.065000 2.313606
v 1.878939 -0.100000 2.318839
v 1.878030 -0.065000 2.320433
v 1.889555 -0.100000 2.323733
v 1.888933 -0.065000 2.325459
v 1.900854 -0.100000 2.326729
v 1.980532 -0.094396 2.260000
v 1.980334 -0.094241 2.265286
v 1.980230 -0.100000 2.261064
v 1.979038 -0.100000 2.272693
v 1.979745 -0.093778 2.270529
v 1.975865 -0.100000 2.283944
v 1.978761 -0.093007 2.275738
v 1.979373 -0.093486 2.272762
v 1.977405 -0.091950 2.280810
v 1.970805 -0.100000 2.294481
v 1.975648 -0.090590 2.285841
v 1.976299 -0.091093 2.284116
v 1.973504 -0.088944 2.290753
v 1.964008 -0.100000 2.303992
v 1.971374 -0.087326 2.294824
v 1.971000 -0.087044 2.295478
v 1.968067 -0.084849 2.300111
v 1.955678 -0.100000 2.312193
v 1.961049 -0.079752 2.308747
v 1.957008 -0.076930 2.312657
v 1.964727 -0.082395 2.304571
v 1.946061 -0.100000 2.318839
v 1.956460 -0.076554 2.313140
v 1.954686 -0.075351 2.314639
v 1.946175 -0.075499 2.320250
v 1.936825 -0.075663 2.324585
v 1.935445 -0.100000 2.323733
v 1.946698 -0.075490 2.319955
v 1.935877 -0.075679 2.324933
v 1.927017 -0.075834 2.327460
v 1.924146 -0.100000 2.326729
v 1.924363 -0.075880 2.327975
v 1.916978 -0.076009 2.328850
v 1.912500 -0.100000 2.327738
v 1.912473 -0.065630 2.329539
v 1.900539 -0.065000 2.328536
v 1.908806 -0.067389 2.329349
v 1.912383 -0.066261 2.329506
v 1.903928 -0.068588 2.328853
v 1.904623 -0.070049 2.328859
v 1.905319 -0.071548 2.328856
v 1.906391 -0.073865 2.328837
v 1.907477 -0.076175 2.328803
v 1.912500 -0.076087 2.328991
v 1.842928 -0.065000 2.260000
v 1.843190 -0.070000 2.260000
v 1.843198 -0.070000 2.261089
v 1.844770 -0.100000 2.261064
v 1.844418 -0.080000 2.269817
v 1.844172 -0.075000 2.269948
v 1.843926 -0.070000 2.270079
v 1.842936 -0.065000 2.261093
v 1.843714 -0.080000 2.260000
v 1.844762 -0.100000 2.260000
v 1.843722 -0.080000 2.261080
v 1.912563 -0.065000 2.329572
v 1.912500 -0.065000 2.329572
v 1.980238 -0.100000 2.260000
v 1.852616 -0.065000 2.295415
v 1.904623 -0.070049 2.328859
v 1.905160 -0.068321 2.329544
v 1.904544 -0.068458 2.329198
v 1.903928 -0.068588 2.328853
v 1.905319 -0.071548 2.328856
v 1.907607 -0.067719 2.330856
v 1.905160 -0.068321 2.329544
v 1.905319 -0.071548 2.328856
v 1.913173 -0.076076 2.331066
v 1.906391 -0.073865 2.328837
v 1.912150 -0.066340 2.332962
v 1.921938 -0.075923 2.333185
v 1.916604 -0.064641 2.334650
v 1.921938 -0.062109 2.336232
v 1.921113 -0.062538 2.336017
v 1.930911 -0.075766 2.333810
v 1.925630 -0.060006 2.337066
v 1.929991 -0.057102 2.337794
v 1.907477 -0.076175 2.328803
v 1.908806 -0.067389 2.329349
v 1.904544 -0.068458 2.329198
v 1.905160 -0.068321 2.329544
v 1.903928 -0.068588 2.328853
v 1.912150 -0.066340 2.332962
v 1.912383 -0.066261 2.329506
v 1.907607 -0.067719 2.330856
v 1.916604 -0.064641 2.334650
v 1.921717 -0.062226 2.325000
v 1.912383 -0.066261 2.325000
v 1.921938 -0.062109 2.336232
v 1.925630 -0.060006 2.337066
v 1.930645 -0.056623 2.325000
v 1.921113 -0.062538 2.336017
v 1.929991 -0.057102 2.337794
v 1.933718 -0.054205 2.338343
v 1.937235 -0.051056 2.325000
v 1.937235 -0.051056 2.338950
v 1.946667 -0.047115 2.339619
v 1.942569 -0.045935 2.339943
v 1.937235 -0.051056 2.338950
v 1.969832 -0.075087 2.333260
v 1.955894 -0.049420 2.338965
v 1.933718 -0.054205 2.338343
v 1.977740 -0.053361 2.337737
v 1.966009 -0.051480 2.338346
v 1.929991 -0.057102 2.337794
v 1.930911 -0.075766 2.333810
v 1.969832 -0.075087 2.333260
v 1.946698 -0.075490 2.319955
v 1.954686 -0.075351 2.314639
v 1.946175 -0.075499 2.320250
v 1.930911 -0.075766 2.333810
v 1.935877 -0.075679 2.324933
v 1.936825 -0.075663 2.324585
v 1.921938 -0.075923 2.333185
v 1.924363 -0.075880 2.327975
v 1.913173 -0.076076 2.331066
v 1.912500 -0.076087 2.328991
v 1.916978 -0.076009 2.328850
v 1.927017 -0.075834 2.327460
v 1.907477 -0.076175 2.328803
v 1.969832 -0.075087 2.316451
v 1.969832 -0.075087 2.333260
v 1.969832 -0.075087 2.316451
v 1.970595 -0.072991 2.319194
v 1.975779 -0.058748 2.333648
v 1.976461 -0.056875 2.335140
v 1.971146 -0.071478 2.321053
v 1.973967 -0.063726 2.329280
v 1.972193 -0.068601 2.324340
v 1.977740 -0.053361 2.337737
v 1.949088 -0.039678 2.325000
v 1.942569 -0.045935 2.339943
v 1.943387 -0.045150 2.340463
v 1.937235 -0.051056 2.325000
v 1.937235 -0.051056 2.338950
v 1.949088 -0.039678 2.343771
v 1.953526 -0.034879 2.325000
v 1.949688 -0.039093 2.344092
v 1.953031 -0.035475 2.345932
v 1.949088 -0.039678 2.325000
v 1.949088 -0.039678 2.343771
v 1.959639 -0.025675 2.325000
v 1.956067 -0.031527 2.347669
v 1.958758 -0.027280 2.349258
v 1.963790 -0.015435 2.325000
v 1.960986 -0.022943 2.350607
v 1.962823 -0.018422 2.351741
v 1.959637 -0.025681 2.349786
v 1.965810 -0.004572 2.325000
v 1.964244 -0.013788 2.352631
v 1.965240 -0.009110 2.353261
v 1.963789 -0.015440 2.352344
v 1.965617 0.006476 2.325000
v 1.965998 0.000515 2.353744
v 1.965831 -0.004317 2.353637
v 1.965740 0.005350 2.353579
v 1.965810 -0.004572 2.353624
v 1.963890 0.015087 2.352408
v 1.963219 0.017268 2.351988
v 1.965618 0.006478 2.353501
v 1.965039 0.010239 2.353133
v 1.963221 0.017262 2.325000
v 1.960245 0.024493 2.350155
v 1.958714 0.027358 2.349231
v 1.962308 0.019813 2.351421
v 1.958717 0.027352 2.325000
v 1.957766 0.028949 2.348666
v 1.954769 0.033305 2.346919
v 1.952287 0.036337 2.325000
v 1.951414 0.037307 2.345032
v 1.947684 0.040979 2.343028
v 1.947684 0.040979 2.325000
v 1.944071 0.099500 2.211451
v 1.934498 0.099500 2.206429
v 1.931591 0.099500 2.220357
v 1.970309 0.099500 2.263443
v 1.956500 0.099500 2.260000
v 1.955397 0.099500 2.269791
v 1.970309 0.099500 2.256557
v 1.968662 0.099500 2.245873
v 1.955397 0.099500 2.250209
v 1.952545 0.099500 2.218164
v 1.939934 0.099500 2.225599
v 1.946901 0.099500 2.232566
v 1.882473 0.099500 2.210481
v 1.873792 0.099500 2.216925
v 1.885066 0.099500 2.225599
v 1.959622 0.099500 2.293664
v 1.965058 0.099500 2.284319
v 1.952143 0.099500 2.279091
v 1.968662 0.099500 2.274127
v 1.970412 0.099500 2.260000
v 1.959622 0.099500 2.226336
v 1.952143 0.099500 2.240909
v 1.893409 0.099500 2.220357
v 1.892199 0.099500 2.205763
v 1.866461 0.099500 2.224869
v 1.878099 0.099500 2.232566
v 1.868500 0.099500 2.260000
v 1.864951 0.099500 2.226942
v 1.757460 0.099500 2.229824
v 1.944071 0.099500 2.308549
v 1.939934 0.099500 2.294401
v 1.931591 0.099500 2.299643
v 1.965058 0.099500 2.235681
v 1.864951 0.099500 2.293058
v 1.878099 0.099500 2.287434
v 1.872857 0.099500 2.279091
v 1.755763 0.099500 2.270204
v 1.757483 0.099500 2.290356
v 1.755755 0.099500 2.249978
v 1.934498 0.099500 2.313571
v 1.952545 0.099500 2.301836
v 1.946901 0.099500 2.287434
v 1.902634 0.099500 2.202935
v 1.902709 0.099500 2.217103
v 1.912500 0.099500 2.216000
v 1.872857 0.099500 2.240909
v 1.869603 0.099500 2.250209
v 1.869603 0.099500 2.269791
v 1.893409 0.099500 2.299643
v 1.885066 0.099500 2.294401
v 1.924158 0.099500 2.316726
v 1.922291 0.099500 2.302897
v 1.912500 0.099500 2.304000
v 1.924158 0.099500 2.203274
v 1.922291 0.099500 2.217103
v 1.913412 0.099500 2.202095
v 1.902709 0.099500 2.302897
v 1.882473 0.099500 2.309519
v 1.892199 0.099500 2.314237
v 1.866461 0.099500 2.295131
v 1.873792 0.099500 2.303075
v 1.757845 0.099500 2.226942
v 1.902634 0.099500 2.317065
v 1.913412 0.099500 2.317905
v 1.757845 0.099500 2.293058
v 1.757123 0.089598 2.297467
v 1.866096 0.089442 2.297536
v 1.864951 0.099500 2.293058
v 1.757845 0.099500 2.293058
v 1.756475 0.079667 2.301888
v 1.867596 0.079667 2.301888
v 1.756475 0.079667 2.301888
v 1.755713 0.073834 2.302194
v 1.865365 0.068000 2.302500
v 1.866477 0.073834 2.302194
v 1.754951 0.068000 2.302500
v 1.867596 0.079667 2.301888
v 1.955397 0.099500 2.269791
v 1.956500 0.099500 2.260000
v 1.956500 0.093500 2.260000
v 1.952143 0.099500 2.279091
v 1.955397 0.093500 2.269791
v 1.946901 0.099500 2.287434
v 1.952143 0.093500 2.279091
v 1.939934 0.099500 2.294401
v 1.946901 0.093500 2.287434
v 1.931591 0.099500 2.299643
v 1.939934 0.093500 2.294401
v 1.922291 0.099500 2.302897
v 1.931591 0.093500 2.299643
v 1.912500 0.099500 2.304000
v 1.922291 0.093500 2.302897
v 1.902709 0.099500 2.302897
v 1.912500 0.093500 2.304000
v 1.893409 0.099500 2.299643
v 1.902709 0.093500 2.302897
v 1.885066 0.099500 2.294401
v 1.893409 0.093500 2.299643
v 1.878099 0.099500 2.287434
v 1.885066 0.093500 2.294401
v 1.872857 0.099500 2.279091
v 1.878099 0.093500 2.287434
v 1.869603 0.099500 2.269791
v 1.872857 0.093500 2.279091
v 1.868500 0.099500 2.260000
v 1.869603 0.093500 2.269791
v 1.868500 0.093500 2.260000
v 1.869603 0.099500 2.250209
v 1.868500 0.099500 2.260000
v 1.868500 0.093500 2.260000
v 1.872857 0.099500 2.240909
v 1.869603 0.093500 2.250209
v 1.878099 0.099500 2.232566
v 1.872857 0.093500 2.240909
v 1.885066 0.099500 2.225599
v 1.878099 0.093500 2.232566
v 1.893409 0.099500 2.220357
v 1.885066 0.093500 2.225599
v 1.902709 0.099500 2.217103
v 1.893409 0.093500 2.220357
v 1.912500 0.099500 2.216000
v 1.902709 0.093500 2.217103
v 1.922291 0.099500 2.217103
v 1.912500 0.093500 2.216000
v 1.931591 0.099500 2.220357
v 1.922291 0.093500 2.217103
v 1.939934 0.099500 2.225599
v 1.931591 0.093500 2.220357
v 1.946901 0.099500 2.232566
v 1.939934 0.093500 2.225599
v 1.952143 0.099500 2.240909
v 1.946901 0.093500 2.232566
v 1.955397 0.099500 2.250209
v 1.952143 0.093500 2.240909
v 1.956500 0.099500 2.260000
v 1.955397 0.093500 2.250209
v 1.956500 0.093500 2.260000
v 1.902709 0.093500 2.217103
v 1.869603 0.093500 2.250209
v 1.868500 0.093500 2.260000
v 1.885066 0.093500 2.225599
v 1.878099 0.093500 2.232566
v 1.893409 0.093500 2.220357
v 1.869603 0.093500 2.269791
v 1.956500 0.093500 2.260000
v 1.955397 0.093500 2.250209
v 1.952143 0.093500 2.240909
v 1.922291 0.093500 2.217103
v 1.952143 0.093500 2.279091
v 1.955397 0.093500 2.269791
v 1.939934 0.093500 2.294401
v 1.946901 0.093500 2.287434
v 1.872857 0.093500 2.279091
v 1.878099 0.093500 2.287434
v 1.872857 0.093500 2.240909
v 1.939934 0.093500 2.225599
v 1.931591 0.093500 2.220357
v 1.946901 0.093500 2.232566
v 1.922291 0.093500 2.302897
v 1.931591 0.093500 2.299643
v 1.885066 0.093500 2.294401
v 1.893409 0.093500 2.299643
v 1.902709 0.093500 2.302897
v 1.912500 0.093500 2.216000
v 1.912500 0.093500 2.304000
v 1.755763 0.099500 2.270204
v 1.746878 0.034000 2.273258
v 1.747942 0.034000 2.286479
v 1.757483 0.099500 2.290356
v 1.746749 0.034000 2.270589
v 1.755755 0.099500 2.249978
v 1.746523 0.034000 2.260000
v 1.746741 0.034000 2.249599
v 1.757460 0.099500 2.229824
v 1.747778 0.034000 2.235098
v 1.748511 0.034000 2.228684
v 1.755847 0.038500 2.325000
v 1.752701 0.043000 2.309090
v 1.752184 0.034000 2.312654
v 1.752151 0.034000 2.312500
v 1.755204 0.034000 2.325000
v 1.748534 0.034000 2.291503
v 1.757123 0.089598 2.297467
v 1.755713 0.073834 2.302194
v 1.753639 0.058618 2.302500
v 1.754951 0.068000 2.302500
v 1.752327 0.049237 2.302500
v 1.756475 0.079667 2.301888
v 1.749713 0.034000 2.299623
v 1.752492 0.046117 2.305796
v 1.750009 0.034000 2.218590
v 1.752500 0.045991 2.214067
v 1.752670 0.041835 2.210261
v 1.752365 0.048442 2.216661
v 1.752342 0.048812 2.217079
v 1.752319 0.049178 2.217500
v 1.751539 0.034000 2.210406
v 1.752760 0.038000 2.207290
v 1.752044 0.034000 2.207993
v 1.748755 0.034000 2.226825
v 1.755713 0.073833 2.217806
v 1.754951 0.068000 2.217500
v 1.757123 0.089598 2.222533
v 1.756475 0.079667 2.218111
v 1.753635 0.058589 2.217500
v 1.757845 0.099500 2.226942
v 1.755490 0.036000 2.195000
v 1.755204 0.034000 2.195000
v 1.752370 0.034000 2.206500
v 1.755775 0.038000 2.195000
v 1.757845 0.099500 2.293058
v 1.756489 0.043000 2.325000
v 1.865365 0.049237 2.302500
v 1.865365 0.068000 2.302500
v 1.754951 0.068000 2.302500
v 1.753639 0.058618 2.302500
v 1.752327 0.049237 2.302500
v 1.752701 0.043000 2.309090
v 1.868695 0.045995 2.305925
v 1.865365 0.049237 2.302500
v 1.752327 0.049237 2.302500
v 1.752492 0.046117 2.305796
v 1.872274 0.043000 2.309090
v 1.872274 0.043000 2.309090
v 1.880625 0.043000 2.314881
v 1.879593 0.068000 2.314268
v 1.890252 0.068000 2.319439
v 1.899545 0.043000 2.322130
v 1.899545 0.068000 2.322130
v 1.870080 0.068000 2.307207
v 1.865365 0.068000 2.302500
v 1.865365 0.049237 2.302500
v 1.872633 0.068000 2.309382
v 1.868695 0.045995 2.305925
v 1.889794 0.043000 2.319265
v 1.900301 0.043000 2.325000
v 1.900301 0.043000 2.322720
v 1.899545 0.043000 2.322130
v 1.889794 0.043000 2.319265
v 1.756489 0.043000 2.325000
v 1.880625 0.043000 2.314881
v 1.872274 0.043000 2.309090
v 1.752701 0.043000 2.309090
v 1.900301 0.043000 2.322720
v 1.900301 0.068000 2.322720
v 1.899545 0.068000 2.322130
v 1.899545 0.043000 2.322130
v 1.890252 0.068000 2.319439
v 1.892199 0.099500 2.314237
v 1.882473 0.099500 2.309519
v 1.873792 0.099500 2.303075
v 1.872633 0.068000 2.309382
v 1.870080 0.068000 2.307207
v 1.867596 0.079667 2.301888
v 1.866477 0.073834 2.302194
v 1.866461 0.099500 2.295131
v 1.866096 0.089442 2.297536
v 1.902634 0.099500 2.317065
v 1.900828 0.076291 2.320896
v 1.900188 0.072136 2.321517
v 1.899545 0.068000 2.322130
v 1.901936 0.076272 2.321101
v 1.910431 0.076123 2.321999
v 1.913412 0.099500 2.317905
v 1.913477 0.076070 2.322035
v 1.920197 0.075953 2.321585
v 1.924158 0.099500 2.316726
v 1.934498 0.099500 2.313571
v 1.929689 0.075787 2.319666
v 1.924997 0.075869 2.320808
v 1.944662 0.075526 2.313168
v 1.946279 0.076519 2.311947
v 1.938679 0.075630 2.316335
v 1.936094 0.075675 2.317457
v 1.944071 0.099500 2.308549
v 1.951633 0.079946 2.307261
v 1.954677 0.081981 2.304070
v 1.947491 0.077277 2.310977
v 1.952545 0.099500 2.301836
v 1.958729 0.084774 2.299041
v 1.961456 0.086704 2.294978
v 1.955354 0.082441 2.303298
v 1.959622 0.099500 2.293664
v 1.964248 0.088718 2.289995
v 1.966427 0.090314 2.285217
v 1.961707 0.086883 2.294570
v 1.968662 0.099500 2.274127
v 1.965058 0.099500 2.284319
v 1.968211 0.091636 2.280312
v 1.969583 0.092660 2.275378
v 1.970309 0.099500 2.263443
v 1.970580 0.093410 2.270297
v 1.969803 0.092826 2.274418
v 1.971379 0.094014 2.260000
v 1.970412 0.099500 2.260000
v 1.971179 0.093862 2.265166
v 1.865365 0.068000 2.302500
v 1.864951 0.099500 2.293058
v 1.879593 0.068000 2.314268
v 1.900301 0.043000 2.325000
v 1.900301 0.068055 2.325000
v 1.900301 0.068000 2.322720
v 1.900301 0.068055 2.322705
v 1.900301 0.043000 2.322720
v 1.963790 -0.015435 2.325000
v 1.752798 0.000000 2.325000
v 1.753049 -0.011008 2.325000
v 1.755055 -0.032935 2.325000
v 1.755807 -0.038000 2.325000
v 1.900301 -0.038000 2.325000
v 1.753802 -0.021995 2.325000
v 1.754486 0.028500 2.325000
v 1.753435 0.017535 2.325000
v 1.752886 0.006541 2.325000
v 1.900301 0.043000 2.325000
v 1.917826 0.064033 2.325000
v 1.910269 0.066585 2.325000
v 1.752810 0.002412 2.325000
v 1.754829 0.031253 2.325000
v 1.920869 0.062568 2.325000
v 1.930619 0.056138 2.325000
v 1.925622 0.059776 2.325000
v 1.963221 0.017262 2.325000
v 1.958717 0.027352 2.325000
v 1.965617 0.006476 2.325000
v 1.965810 -0.004572 2.325000
v 1.912563 -0.065000 2.325000
v 1.912473 -0.065630 2.325000
v 1.921717 -0.062226 2.325000
v 1.755204 0.034000 2.325000
v 1.933056 0.054074 2.325000
v 1.930645 -0.056623 2.325000
v 1.900301 -0.065000 2.325000
v 1.755847 0.038500 2.325000
v 1.903151 0.067694 2.325000
v 1.952287 0.036337 2.325000
v 1.949088 -0.039678 2.325000
v 1.953526 -0.034879 2.325000
v 1.937235 -0.051056 2.325000
v 1.959639 -0.025675 2.325000
v 1.756489 0.043000 2.325000
v 1.933126 0.054011 2.325000
v 1.947684 0.040979 2.325000
v 1.900301 0.068055 2.325000
v 1.912383 -0.066261 2.325000
v 1.901895 0.067853 2.324006
v 1.902497 0.076262 2.322208
v 1.900188 0.072136 2.321517
v 1.900828 0.076291 2.320896
v 1.899545 0.068000 2.322130
v 1.900301 0.068000 2.322720
v 1.900301 0.068055 2.322705
v 1.900301 0.068055 2.325000
v 1.903151 0.067694 2.325000
v 1.902520 0.067774 2.324507
v 1.901895 0.067853 2.324006
v 1.900301 0.068055 2.322705
v 1.933056 0.054074 2.325000
v 1.933126 0.054011 2.338363
v 1.930596 0.056155 2.337793
v 1.930619 0.056138 2.325000
v 1.926594 0.059128 2.336710
v 1.925617 0.059781 2.336411
v 1.925622 0.059776 2.325000
v 1.922579 0.061637 2.335390
v 1.920869 0.062568 2.325000
v 1.918804 0.063589 2.333921
v 1.917817 0.064037 2.333499
v 1.917826 0.064033 2.325000
v 1.911075 0.066388 2.330158
v 1.910261 0.066586 2.329697
v 1.914888 0.065212 2.332148
v 1.910269 0.066585 2.325000
v 1.907400 0.067139 2.327966
v 1.903151 0.067694 2.325000
v 1.933126 0.054011 2.325000
v 1.910035 0.076130 2.327176
v 1.902497 0.076262 2.322208
v 1.903151 0.067694 2.325000
v 1.902520 0.067774 2.324507
v 1.901895 0.067853 2.324006
v 1.907400 0.067139 2.327966
v 1.910261 0.066586 2.329697
v 1.911075 0.066388 2.330158
v 1.918351 0.075985 2.330836
v 1.914888 0.065212 2.332148
v 1.927060 0.075833 2.333027
v 1.922579 0.061637 2.335390
v 1.925617 0.059781 2.336411
v 1.917817 0.064037 2.333499
v 1.918804 0.063589 2.333921
v 1.935573 0.075685 2.333736
v 1.933126 0.054011 2.338363
v 1.933547 0.053635 2.338449
v 1.930596 0.056155 2.337793
v 1.926594 0.059128 2.336710
v 1.933968 0.053258 2.338532
v 1.933126 0.054011 2.325000
v 1.934874 0.052446 2.338696
v 1.934421 0.052852 2.338616
v 1.933968 0.053258 2.338532
v 1.933547 0.053635 2.338449
v 1.947684 0.040979 2.325000
v 1.942254 0.045840 2.339969
v 1.947684 0.040979 2.343028
v 1.944954 0.043423 2.341545
v 1.933126 0.054011 2.338363
v 1.936054 0.075676 2.333736
v 1.935573 0.075685 2.333736
v 1.933968 0.053258 2.338532
v 1.934421 0.052852 2.338616
v 1.934874 0.052446 2.338696
v 1.936536 0.075668 2.333731
v 1.936536 0.075668 2.333731
v 1.969832 0.075087 2.333260
v 1.959860 0.075261 2.315312
v 1.910431 0.076123 2.321999
v 1.901936 0.076272 2.321101
v 1.902497 0.076262 2.322208
v 1.910035 0.076130 2.327176
v 1.918351 0.075985 2.330836
v 1.913477 0.076070 2.322035
v 1.944662 0.075526 2.313168
v 1.920197 0.075953 2.321585
v 1.927060 0.075833 2.333027
v 1.924997 0.075869 2.320808
v 1.929689 0.075787 2.319666
v 1.936094 0.075675 2.317457
v 1.935573 0.075685 2.333736
v 1.969832 0.075087 2.316451
v 1.936054 0.075676 2.333736
v 1.938679 0.075630 2.316335
v 1.900828 0.076291 2.320896
v 1.969832 0.075087 2.333260
v 1.936536 0.075668 2.333731
v 1.955923 0.049427 2.338963
v 1.946684 0.047120 2.339618
v 1.934874 0.052446 2.338696
v 1.966037 0.051485 2.338345
v 1.942254 0.045840 2.339969
v 1.977740 0.053361 2.337737
v 1.971369 0.070864 2.321780
v 1.969832 0.075087 2.333260
v 1.972412 0.068000 2.325000
v 1.974177 0.063150 2.329818
v 1.972415 0.067990 2.325000
v 1.977740 0.053361 2.337737
v 1.976103 0.057858 2.334367
v 1.972412 0.068000 2.324989
v 1.969832 0.075087 2.316451
v 1.972412 0.068000 2.324989
v 1.972412 0.068000 2.325000
v 1.972576 0.068000 2.325000
v 1.972415 0.067990 2.325000
v 1.972576 0.068000 2.325000
v 1.972412 0.068000 2.325000
v 1.989587 -0.094518 2.265574
v 2.013500 -0.094835 2.265593
v 2.013500 -0.093939 2.274159
v 1.989587 -0.093367 2.275729
v 2.013500 -0.093680 2.275782
v 2.013500 -0.091433 2.285787
v 1.989587 -0.087826 2.295373
v 1.989587 -0.091127 2.285701
v 2.013500 -0.090779 2.288002
v 2.013500 -0.088121 2.295492
v 2.013500 -0.085592 2.301219
v 1.989587 -0.083502 2.304633
v 2.013500 -0.083783 2.304783
v 2.013500 -0.078468 2.313552
v 1.989587 -0.078205 2.313373
v 2.013500 -0.072239 2.321698
v 1.989587 -0.064950 2.328893
v 1.989587 -0.071997 2.321491
v 2.013500 -0.069640 2.324616
v 2.013500 -0.065168 2.329124
v 2.013500 -0.059232 2.334274
v 1.989587 -0.057146 2.335492
v 2.013500 -0.057338 2.335745
v 2.013500 -0.048840 2.341484
v 1.989587 -0.039640 2.345985
v 1.989587 -0.048676 2.341212
v 2.013500 -0.047500 2.342272
v 2.013500 -0.039773 2.346274
v 2.013500 -0.034707 2.348433
v 1.989587 -0.030141 2.349757
v 2.013500 -0.030242 2.350058
v 2.013500 -0.021139 2.352618
v 1.989587 -0.020291 2.352482
v 2.013500 -0.020359 2.352793
v 2.013500 -0.010239 2.354447
v 1.989587 0.010205 2.354131
v 2.013500 0.010239 2.354447
v 2.013500 0.020359 2.352793
v 1.989587 0.030141 2.349757
v 1.989587 0.020291 2.352482
v 2.013500 0.021139 2.352618
v 1.989587 0.039640 2.345985
v 2.013500 0.034707 2.348433
v 2.013500 0.030242 2.350058
v 2.013500 0.039773 2.346274
v 2.013500 0.047500 2.342272
v 1.989587 0.048676 2.341212
v 2.013500 0.048840 2.341484
v 2.013500 0.057338 2.335745
v 1.989587 0.064950 2.328893
v 1.989587 0.057146 2.335492
v 2.013500 0.059232 2.334274
v 2.013500 0.065168 2.329124
v 2.013500 0.069640 2.324616
v 1.989587 0.071997 2.321491
v 2.013500 0.072239 2.321698
v 2.013500 0.078468 2.313552
v 1.989587 0.078205 2.313373
v 2.013500 0.083783 2.304783
v 1.989587 0.087826 2.295373
v 1.989587 0.083502 2.304633
v 2.013500 0.085592 2.301219
v 2.013500 0.088121 2.295492
v 2.013500 0.090779 2.288002
v 1.989587 0.091127 2.285701
v 2.013500 0.091433 2.285787
v 2.013500 0.093680 2.275782
v 1.989587 0.094518 2.265574
v 1.989587 0.093367 2.275729
v 2.013500 0.093939 2.274159
v 1.965690 -0.082662 2.304184
v 1.965690 -0.048186 2.340394
v 1.965690 -0.039241 2.345120
v 1.965690 -0.029838 2.348853
v 1.965690 -0.020087 2.351552
v 1.989587 -0.010205 2.354131
v 1.965690 0.010102 2.353183
v 1.965690 0.020087 2.351552
v 1.965690 0.029838 2.348853
v 1.965690 0.039241 2.345120
v 1.965690 0.077418 2.312836
v 1.965690 0.082662 2.304184
v 1.989587 0.000000 2.354682
v 1.992594 -0.003308 2.354699
v 1.993588 -0.005258 2.354634
v 1.992083 -0.001250 2.354737
v 1.994994 -0.006923 2.354557
v 1.996747 -0.008226 2.354487
v 2.002415 -0.009456 2.354460
v 2.000883 -0.009480 2.354437
v 2.004559 -0.008994 2.354529
v 2.008199 -0.006737 2.354745
v 2.007188 -0.007609 2.354673
v 2.006481 -0.008089 2.354628
v 2.013500 -0.007099 2.354734
v 2.010493 -0.003063 2.354946
v 2.009851 -0.004529 2.354885
v 2.009557 -0.005034 2.354858
v 2.013500 0.000000 2.355000
v 2.010953 -0.000939 2.354992
v 1.998742 -0.009091 2.354442
v 2.013500 0.007099 2.354734
v 2.010406 0.003306 2.354937
v 2.010918 0.001246 2.354988
v 2.009415 0.005253 2.354845
v 2.008007 0.006921 2.354731
v 2.006255 0.008224 2.354614
v 2.004258 0.009091 2.354516
v 2.000571 0.009455 2.354435
v 2.002117 0.009480 2.354453
v 1.998445 0.008995 2.354447
v 1.994814 0.006749 2.354565
v 1.995812 0.007609 2.354520
v 1.996522 0.008092 2.354494
v 1.992509 0.003068 2.354706
v 1.993149 0.004529 2.354662
v 1.993446 0.005038 2.354643
v 1.992046 0.000939 2.354740
v 2.013500 0.094835 2.265593
v 2.013500 0.095000 2.260000
v 1.989587 0.094682 2.260000
v 1.971379 0.094014 2.260000
v 1.970580 0.093410 2.270297
v 1.969803 0.092826 2.274418
v 1.971179 0.093862 2.265166
v 1.969583 0.092660 2.275378
v 1.968211 0.091636 2.280312
v 1.966427 0.090314 2.285217
v 1.965690 0.086942 2.295017
v 1.964248 0.088718 2.289995
v 1.961456 0.086704 2.294978
v 1.961707 0.086883 2.294570
v 1.958729 0.084774 2.299041
v 1.947491 0.077277 2.310977
v 1.946279 0.076519 2.311947
v 1.951633 0.079946 2.307261
v 1.955354 0.082441 2.303298
v 1.954677 0.081981 2.304070
v 1.944662 0.075526 2.313168
v 1.959860 0.075261 2.315312
v 1.969832 0.075087 2.316451
v 1.971369 0.070864 2.321780
v 1.974177 0.063150 2.329818
v 1.972576 0.068000 2.325000
v 1.972412 0.068000 2.324989
v 1.976103 0.057858 2.334367
v 1.965690 0.048186 2.340394
v 1.977740 0.053361 2.337737
v 1.966037 0.051485 2.338345
v 1.955923 0.049427 2.338963
v 1.947684 0.040979 2.343028
v 1.951414 0.037307 2.345032
v 1.946684 0.047120 2.339618
v 1.942254 0.045840 2.339969
v 1.944954 0.043423 2.341545
v 1.954769 0.033305 2.346919
v 1.957766 0.028949 2.348666
v 1.960245 0.024493 2.350155
v 1.958714 0.027358 2.349231
v 1.963890 0.015087 2.352408
v 1.962308 0.019813 2.351421
v 1.963219 0.017268 2.351988
v 1.965039 0.010239 2.353133
v 1.965618 0.006478 2.353501
v 1.965740 0.005350 2.353579
v 1.965831 -0.004317 2.353637
v 1.965998 0.000515 2.353744
v 1.965690 -0.010102 2.353183
v 1.965810 -0.004572 2.353624
v 1.964244 -0.013788 2.352631
v 1.963789 -0.015440 2.352344
v 1.965240 -0.009110 2.353261
v 1.960986 -0.022943 2.350607
v 1.959637 -0.025681 2.349786
v 1.958758 -0.027280 2.349258
v 1.962823 -0.018422 2.351741
v 1.956067 -0.031527 2.347669
v 1.953031 -0.035475 2.345932
v 1.949088 -0.039678 2.343771
v 1.943387 -0.045150 2.340463
v 1.946667 -0.047115 2.339619
v 1.949688 -0.039093 2.344092
v 1.955894 -0.049420 2.338965
v 1.977740 -0.053361 2.337737
v 1.966009 -0.051480 2.338346
v 1.976461 -0.056875 2.335140
v 1.975779 -0.058748 2.333648
v 1.973967 -0.063726 2.329280
v 1.972193 -0.068601 2.324340
v 1.971146 -0.071478 2.321053
v 1.970595 -0.072991 2.319194
v 1.969832 -0.075087 2.316451
v 1.956460 -0.076554 2.313140
v 1.957008 -0.076930 2.312657
v 1.965690 -0.077418 2.312836
v 1.954686 -0.075351 2.314639
v 1.961049 -0.079752 2.308747
v 1.964727 -0.082395 2.304571
v 1.968067 -0.084849 2.300111
v 1.971000 -0.087044 2.295478
v 1.973504 -0.088944 2.290753
v 1.975648 -0.090590 2.285841
v 1.971374 -0.087326 2.294824
v 1.977405 -0.091950 2.280810
v 1.978761 -0.093007 2.275738
v 1.976299 -0.091093 2.284116
v 1.979745 -0.093778 2.270529
v 1.979373 -0.093486 2.272762
v 1.980334 -0.094241 2.265286
v 1.980532 -0.094396 2.260000
v 1.989587 -0.094682 2.260000
v 2.013500 -0.095000 2.260000
v 1.942569 -0.045935 2.339943
v 1.972415 0.067990 2.325000
v 2.002117 0.009480 2.355000
v 2.004667 0.008957 2.355000
v 2.004258 0.009091 2.354516
v 2.008126 0.006808 2.355000
v 2.008007 0.006921 2.354731
v 2.006255 0.008224 2.354614
v 2.010367 0.003409 2.355000
v 2.010406 0.003306 2.354937
v 2.009415 0.005253 2.354845
v 2.010980 -0.000617 2.355000
v 2.010953 -0.000939 2.354992
v 2.010918 0.001246 2.354988
v 2.009851 -0.004529 2.355000
v 2.009851 -0.004529 2.354885
v 2.010493 -0.003063 2.354946
v 2.007188 -0.007609 2.355000
v 2.008199 -0.006737 2.354745
v 2.009557 -0.005034 2.354858
v 2.007188 -0.007609 2.354673
v 2.003479 -0.009291 2.355000
v 2.004559 -0.008994 2.354529
v 2.006481 -0.008089 2.354628
v 2.000883 -0.009480 2.355000
v 2.000883 -0.009480 2.354437
v 2.002415 -0.009456 2.354460
v 2.002117 0.009480 2.354453
v 1.995812 0.007609 2.355000
v 1.999521 0.009291 2.355000
v 1.998445 0.008995 2.354447
v 1.996522 0.008092 2.354494
v 1.993149 0.004529 2.355000
v 1.994814 0.006749 2.354565
v 1.995812 0.007609 2.354520
v 1.993446 0.005038 2.354643
v 1.992020 0.000617 2.355000
v 1.992509 0.003068 2.354706
v 1.993149 0.004529 2.354662
v 1.992633 -0.003409 2.355000
v 1.992083 -0.001250 2.354737
v 1.992046 0.000939 2.354740
v 1.992594 -0.003308 2.354699
v 1.993588 -0.005258 2.354634
v 1.994874 -0.006808 2.355000
v 1.994994 -0.006923 2.354557
v 1.996747 -0.008226 2.354487
v 1.998333 -0.008957 2.355000
v 2.000883 -0.009480 2.355000
v 1.998742 -0.009091 2.354442
v 2.002117 0.009480 2.355000
v 2.002117 0.009480 2.354453
v 2.000571 0.009455 2.354435
v 2.000883 -0.009480 2.354437
v 1.998333 -0.008957 2.355000
v 1.995812 0.007609 2.355000
v 1.993149 0.004529 2.355000
v 2.003479 -0.009291 2.355000
v 2.010367 0.003409 2.355000
v 2.008126 0.006808 2.355000
v 1.992020 0.000617 2.355000
v 1.992633 -0.003409 2.355000
v 1.994874 -0.006808 2.355000
v 1.999521 0.009291 2.355000
v 2.010980 -0.000617 2.355000
v 2.007188 -0.007609 2.355000
v 2.009851 -0.004529 2.355000
v 2.002117 0.009480 2.355000
v 2.004667 0.008957 2.355000
v 2.000883 -0.009480 2.355000
v 1.901087 -0.100000 2.186766
v 1.892891 -0.100000 2.188523
v 1.892345 -0.085000 2.187859
v 1.899799 -0.070000 2.185383
v 1.909500 -0.085000 2.185156
v 1.909500 -0.099000 2.185891
v 1.908567 -0.069118 2.184366
v 1.912434 -0.085000 2.185096
v 1.904196 -0.069780 2.184755
v 1.907333 -0.069350 2.184452
v 1.912650 -0.068081 2.184210
v 1.918448 -0.068766 2.184479
v 1.922670 -0.071124 2.185056
v 1.915500 -0.085000 2.185156
v 1.914424 -0.067906 2.184225
v 1.913198 -0.067910 2.184204
v 1.923784 -0.100000 2.186746
v 1.915500 -0.099000 2.185891
v 1.915552 -0.100000 2.185945
v 1.927599 -0.075824 2.186143
v 1.930308 -0.075776 2.186746
v 1.932551 -0.087865 2.187986
v 1.932994 -0.075730 2.187449
v 1.932109 -0.100000 2.188523
v 1.909448 -0.100000 2.185945
v 1.891797 -0.070000 2.187196
v 1.915500 -0.099000 2.187000
v 1.915500 -0.099000 2.185891
v 1.915552 -0.100000 2.185945
v 1.915552 -0.100000 2.187000
v 1.909500 -0.099000 2.187000
v 1.909448 -0.100000 2.187000
v 1.909448 -0.100000 2.185945
v 1.909500 -0.099000 2.185891
v 1.915552 -0.100000 2.187000
v 1.915143 -0.100000 2.188526
v 1.915098 -0.099000 2.188500
v 1.914026 -0.100000 2.189643
v 1.914000 -0.099000 2.189598
v 1.912500 -0.100000 2.190052
v 1.912500 -0.099000 2.190000
v 1.910974 -0.100000 2.189643
v 1.911000 -0.099000 2.189598
v 1.909857 -0.100000 2.188526
v 1.909902 -0.099000 2.188500
v 1.909448 -0.100000 2.187000
v 1.909500 -0.099000 2.187000
v 1.915500 -0.099000 2.187000
v 1.912434 -0.085000 2.185096
v 1.915500 -0.085000 2.187000
v 1.915098 -0.085000 2.188500
v 1.912500 -0.085000 2.190000
v 1.911000 -0.085000 2.189598
v 1.914000 -0.085000 2.189598
v 1.909902 -0.085000 2.188500
v 1.915500 -0.085000 2.185156
v 1.909500 -0.085000 2.187000
v 1.909500 -0.085000 2.185156
v 1.909500 -0.085000 2.187000
v 1.909500 -0.099000 2.187000
v 1.909500 -0.099000 2.185891
v 1.909500 -0.085000 2.185156
v 1.915500 -0.085000 2.187000
v 1.915500 -0.085000 2.185156
v 1.915500 -0.099000 2.185891
v 1.915500 -0.099000 2.187000
v 1.915098 -0.085000 2.188500
v 1.915500 -0.085000 2.187000
v 1.915500 -0.099000 2.187000
v 1.914000 -0.085000 2.189598
v 1.915098 -0.099000 2.188500
v 1.912500 -0.085000 2.190000
v 1.914000 -0.099000 2.189598
v 1.911000 -0.085000 2.189598
v 1.912500 -0.099000 2.190000
v 1.909902 -0.085000 2.188500
v 1.911000 -0.099000 2.189598
v 1.909500 -0.085000 2.187000
v 1.909902 -0.099000 2.188500
v 1.909500 -0.099000 2.187000
v 1.854195 -0.100000 2.294481
v 1.849135 -0.100000 2.283944
v 1.854220 -0.100000 2.282578
v 1.845962 -0.100000 2.272693
v 1.851064 -0.100000 2.271484
v 1.844770 -0.100000 2.261064
v 1.850000 -0.100000 2.260000
v 1.955678 -0.100000 2.312193
v 1.950165 -0.100000 2.309876
v 1.958688 -0.100000 2.302106
v 1.946061 -0.100000 2.318839
v 1.940359 -0.100000 2.315948
v 1.935445 -0.100000 2.323733
v 1.929604 -0.100000 2.320114
v 1.924146 -0.100000 2.326729
v 1.918267 -0.100000 2.322233
v 1.889555 -0.100000 2.323733
v 1.878939 -0.100000 2.318839
v 1.884641 -0.100000 2.315948
v 1.869322 -0.100000 2.312193
v 1.874835 -0.100000 2.309876
v 1.958688 -0.100000 2.217894
v 1.942311 -0.100000 2.199175
v 1.952064 -0.100000 2.205017
v 1.977694 -0.100000 2.241609
v 1.973936 -0.100000 2.248516
v 1.970780 -0.100000 2.237422
v 1.970805 -0.100000 2.294481
v 1.965639 -0.100000 2.292902
v 1.970780 -0.100000 2.282578
v 1.964008 -0.100000 2.303992
v 1.912500 -0.100000 2.327738
v 1.906733 -0.100000 2.322233
v 1.860992 -0.100000 2.303992
v 1.866312 -0.100000 2.302106
v 1.859361 -0.100000 2.292902
v 1.844762 -0.100000 2.260000
v 1.873900 -0.100000 2.204336
v 1.884115 -0.100000 2.198496
v 1.884641 -0.100000 2.204052
v 1.888887 -0.100000 2.196511
v 1.936113 -0.100000 2.196511
v 1.967982 -0.100000 2.221139
v 1.965639 -0.100000 2.227098
v 1.973700 -0.100000 2.230965
v 1.980230 -0.100000 2.261064
v 1.979038 -0.100000 2.272693
v 1.973936 -0.100000 2.271484
v 1.900854 -0.100000 2.326729
v 1.895396 -0.100000 2.320114
v 1.845067 -0.100000 2.253583
v 1.847194 -0.100000 2.242011
v 1.851064 -0.100000 2.248516
v 1.851293 -0.100000 2.230981
v 1.857238 -0.100000 2.220827
v 1.859361 -0.100000 2.227098
v 1.864850 -0.100000 2.211855
v 1.866312 -0.100000 2.217894
v 1.874835 -0.100000 2.210124
v 1.895396 -0.100000 2.199886
v 1.960702 -0.100000 2.212408
v 1.979851 -0.100000 2.252771
v 1.975000 -0.100000 2.260000
v 1.980238 -0.100000 2.260000
v 1.975865 -0.100000 2.283944
v 1.854220 -0.100000 2.237422
v 1.912500 -0.100000 2.190052
v 1.906733 -0.100000 2.197767
v 1.918267 -0.100000 2.197767
v 1.914026 -0.100000 2.189643
v 1.929604 -0.100000 2.199886
v 1.923784 -0.100000 2.186746
v 1.932109 -0.100000 2.188523
v 1.909857 -0.100000 2.188526
v 1.892891 -0.100000 2.188523
v 1.909448 -0.100000 2.187000
v 1.901087 -0.100000 2.186766
v 1.915143 -0.100000 2.188526
v 1.915552 -0.100000 2.187000
v 1.950165 -0.100000 2.210124
v 1.940359 -0.100000 2.204052
v 1.909448 -0.100000 2.185945
v 1.915552 -0.100000 2.185945
v 1.910974 -0.100000 2.189643
v 1.973936 -0.095000 2.271484
v 1.975000 -0.095000 2.260000
v 1.975000 -0.100000 2.260000
v 1.970780 -0.095000 2.282578
v 1.973936 -0.100000 2.271484
v 1.965639 -0.095000 2.292902
v 1.970780 -0.100000 2.282578
v 1.958688 -0.095000 2.302106
v 1.965639 -0.100000 2.292902
v 1.950165 -0.095000 2.309876
v 1.958688 -0.100000 2.302106
v 1.940359 -0.095000 2.315948
v 1.950165 -0.100000 2.309876
v 1.929604 -0.095000 2.320114
v 1.940359 -0.100000 2.315948
v 1.918267 -0.095000 2.322233
v 1.929604 -0.100000 2.320114
v 1.906733 -0.095000 2.322233
v 1.918267 -0.100000 2.322233
v 1.895396 -0.095000 2.320114
v 1.906733 -0.100000 2.322233
v 1.884641 -0.095000 2.315948
v 1.895396 -0.100000 2.320114
v 1.874835 -0.095000 2.309876
v 1.884641 -0.100000 2.315948
v 1.866312 -0.095000 2.302106
v 1.874835 -0.100000 2.309876
v 1.859361 -0.095000 2.292902
v 1.866312 -0.100000 2.302106
v 1.854220 -0.095000 2.282578
v 1.859361 -0.100000 2.292902
v 1.851064 -0.095000 2.271484
v 1.854220 -0.100000 2.282578
v 1.850000 -0.095000 2.260000
v 1.851064 -0.100000 2.271484
v 1.850000 -0.100000 2.260000
v 1.851064 -0.095000 2.248516
v 1.850000 -0.095000 2.260000
v 1.850000 -0.100000 2.260000
v 1.854220 -0.095000 2.237422
v 1.851064 -0.100000 2.248516
v 1.859361 -0.095000 2.227098
v 1.854220 -0.100000 2.237422
v 1.866312 -0.095000 2.217894
v 1.859361 -0.100000 2.227098
v 1.874835 -0.095000 2.210124
v 1.866312 -0.100000 2.217894
v 1.884641 -0.095000 2.204052
v 1.874835 -0.100000 2.210124
v 1.895396 -0.095000 2.199886
v 1.884641 -0.100000 2.204052
v 1.906733 -0.095000 2.197767
v 1.895396 -0.100000 2.199886
v 1.918267 -0.095000 2.197767
v 1.906733 -0.100000 2.197767
v 1.929604 -0.095000 2.199886
v 1.918267 -0.100000 2.197767
v 1.940359 -0.095000 2.204052
v 1.929604 -0.100000 2.199886
v 1.950165 -0.095000 2.210124
v 1.940359 -0.100000 2.204052
v 1.958688 -0.095000 2.217894
v 1.950165 -0.100000 2.210124
v 1.965639 -0.095000 2.227098
v 1.958688 -0.100000 2.217894
v 1.970780 -0.095000 2.237422
v 1.965639 -0.100000 2.227098
v 1.973936 -0.095000 2.248516
v 1.970780 -0.100000 2.237422
v 1.975000 -0.095000 2.260000
v 1.973936 -0.100000 2.248516
v 1.975000 -0.100000 2.260000
v 1.851064 -0.095000 2.248516
v 1.950165 -0.095000 2.210124
v 1.958688 -0.095000 2.217894
v 1.940359 -0.095000 2.204052
v 1.859361 -0.095000 2.292902
v 1.884641 -0.095000 2.315948
v 1.874835 -0.095000 2.309876
v 1.965639 -0.095000 2.227098
v 1.906733 -0.095000 2.197767
v 1.918267 -0.095000 2.197767
v 1.884641 -0.095000 2.204052
v 1.895396 -0.095000 2.199886
v 1.859361 -0.095000 2.227098
v 1.866312 -0.095000 2.217894
v 1.874835 -0.095000 2.210124
v 1.854220 -0.095000 2.237422
v 1.854220 -0.095000 2.282578
v 1.851064 -0.095000 2.271484
v 1.866312 -0.095000 2.302106
v 1.850000 -0.095000 2.260000
v 1.906733 -0.095000 2.322233
v 1.895396 -0.095000 2.320114
v 1.929604 -0.095000 2.320114
v 1.918267 -0.095000 2.322233
v 1.950165 -0.095000 2.309876
v 1.940359 -0.095000 2.315948
v 1.965639 -0.095000 2.292902
v 1.958688 -0.095000 2.302106
v 1.975000 -0.095000 2.260000
v 1.973936 -0.095000 2.271484
v 1.970780 -0.095000 2.237422
v 1.973936 -0.095000 2.248516
v 1.929604 -0.095000 2.199886
v 1.970780 -0.095000 2.282578
v 2.055980 0.098000 2.260553
v 2.055625 0.098000 2.261763
v 2.055894 0.098000 2.261835
v 2.055416 0.098000 2.261578
v 2.055286 0.098000 2.261311
v 2.055882 0.098000 2.260556
v 2.056621 0.098000 2.261311
v 2.056833 0.098000 2.260632
v 2.056479 0.098000 2.260384
v 2.056223 0.098000 2.261758
v 2.056504 0.098000 2.261499
v 2.055222 0.098000 2.261020
v 2.054718 0.098000 2.261051
v 2.055398 0.098000 2.260413
v 2.056900 0.098000 2.259922
v 2.054958 0.098000 2.259960
v 2.029218 0.098000 2.295200
v 2.011600 0.098000 2.264170
v 2.011600 0.098000 2.292700
v 2.052100 0.098000 2.276000
v 2.054600 0.098000 2.273750
v 2.014100 0.098000 2.295200
v 2.054942 0.098000 2.264170
v 2.054600 0.098000 2.273250
v 2.054942 0.098000 2.276000
v 2.054942 0.098000 2.273750
v 2.055850 0.098000 2.275000
v 2.059654 0.098000 2.276000
v 2.056350 0.098000 2.275000
v 2.057600 0.098000 2.273750
v 2.056350 0.098000 2.273750
v 2.059654 0.098000 2.264170
v 2.057600 0.098000 2.273250
v 2.057033 0.098000 2.269000
v 2.056350 0.098000 2.266000
v 2.055850 0.098000 2.266000
v 2.055167 0.098000 2.269000
v 2.054942 0.098000 2.273250
v 2.055850 0.098000 2.272000
v 2.056350 0.098000 2.272000
v 2.056100 0.098000 2.271000
v 2.055850 0.098000 2.269000
v 2.055850 0.098000 2.273250
v 2.056350 0.098000 2.273250
v 2.056350 0.098000 2.269000
v 2.057367 0.098000 2.258686
v 2.057412 0.098000 2.259697
v 2.056350 0.098000 2.254000
v 2.057074 0.098000 2.257815
v 2.055850 0.098000 2.254000
v 2.055765 0.098000 2.257244
v 2.056062 0.098000 2.257216
v 2.055308 0.098000 2.257473
v 2.059654 0.098000 2.244000
v 2.056350 0.098000 2.245000
v 2.056350 0.098000 2.248000
v 2.057131 0.098000 2.261379
v 2.054718 0.098000 2.258885
v 2.054991 0.098000 2.257864
v 2.057033 0.098000 2.251000
v 2.054942 0.098000 2.244000
v 2.055850 0.098000 2.245000
v 2.055167 0.098000 2.251000
v 2.055850 0.098000 2.248000
v 2.056097 0.098000 2.262324
v 2.055847 0.098000 2.262340
v 2.056640 0.098000 2.262070
v 2.056634 0.098000 2.257380
v 2.056100 0.098000 2.249000
v 2.056350 0.098000 2.251000
v 2.055296 0.098000 2.262180
v 2.054929 0.098000 2.261800
v 2.055850 0.098000 2.251000
v 2.052100 0.098000 2.244000
v 2.054726 0.098000 2.259204
v 2.054723 0.098000 2.261101
v 2.029218 0.098000 2.224800
v 2.014100 0.098000 2.224800
v 2.011600 0.098000 2.227300
v 2.055850 0.098000 2.273750
v 2.055222 0.098100 2.261020
v 2.055222 0.098000 2.261020
v 2.054718 0.098000 2.261051
v 2.054718 0.098100 2.261051
v 2.055286 0.098000 2.261311
v 2.055222 0.098000 2.261020
v 2.055222 0.098100 2.261020
v 2.055416 0.098100 2.261578
v 2.055416 0.098000 2.261578
v 2.055286 0.098100 2.261311
v 2.055625 0.098000 2.261763
v 2.055416 0.098000 2.261578
v 2.055416 0.098100 2.261578
v 2.055894 0.098100 2.261835
v 2.055894 0.098000 2.261835
v 2.055625 0.098100 2.261763
v 2.056223 0.098100 2.261758
v 2.056223 0.098000 2.261758
v 2.055894 0.098000 2.261835
v 2.056504 0.098100 2.261499
v 2.056504 0.098000 2.261499
v 2.056621 0.098000 2.261311
v 2.056621 0.098100 2.261311
v 2.055894 0.098100 2.261835
v 2.056833 0.098000 2.260632
v 2.056621 0.098000 2.261311
v 2.056621 0.098100 2.261311
v 2.056900 0.098100 2.259922
v 2.056900 0.098000 2.259922
v 2.056833 0.098100 2.260632
v 2.056479 0.098100 2.260384
v 2.056479 0.098000 2.260384
v 2.056900 0.098000 2.259922
v 2.055980 0.098100 2.260553
v 2.055980 0.098000 2.260553
v 2.055882 0.098000 2.260556
v 2.055882 0.098100 2.260556
v 2.056900 0.098100 2.259922
v 2.055398 0.098000 2.260413
v 2.055882 0.098000 2.260556
v 2.055882 0.098100 2.260556
v 2.054958 0.098100 2.259960
v 2.054958 0.098000 2.259960
v 2.054726 0.098100 2.259204
v 2.054726 0.098000 2.259204
v 2.054718 0.098000 2.258885
v 2.054718 0.098100 2.258885
v 2.055398 0.098100 2.260413
v 2.054991 0.098000 2.257864
v 2.054718 0.098000 2.258885
v 2.054718 0.098100 2.258885
v 2.055308 0.098100 2.257473
v 2.055308 0.098000 2.257473
v 2.055765 0.098000 2.257244
v 2.056062 0.098100 2.257216
v 2.056062 0.098000 2.257216
v 2.055765 0.098100 2.257244
v 2.054991 0.098100 2.257864
v 2.056634 0.098100 2.257380
v 2.056634 0.098000 2.257380
v 2.056062 0.098000 2.257216
v 2.057074 0.098100 2.257815
v 2.057074 0.098000 2.257815
v 2.057367 0.098000 2.258686
v 2.057412 0.098100 2.259697
v 2.057412 0.098000 2.259697
v 2.057367 0.098100 2.258686
v 2.056062 0.098100 2.257216
v 2.057131 0.098100 2.261379
v 2.057131 0.098000 2.261379
v 2.057412 0.098000 2.259697
v 2.056640 0.098000 2.262070
v 2.056097 0.098100 2.262324
v 2.056097 0.098000 2.262324
v 2.055847 0.098100 2.262340
v 2.055847 0.098000 2.262340
v 2.056640 0.098100 2.262070
v 2.057412 0.098100 2.259697
v 2.055296 0.098100 2.262180
v 2.055296 0.098000 2.262180
v 2.055847 0.098000 2.262340
v 2.054929 0.098000 2.261800
v 2.054723 0.098000 2.261101
v 2.054929 0.098100 2.261800
v 2.054718 0.098100 2.261051
v 2.054718 0.098000 2.261051
v 2.054723 0.098100 2.261101
v 2.055847 0.098100 2.262340
v 2.055850 0.098100 2.248000
v 2.055850 0.098000 2.248000
v 2.056350 0.098000 2.248000
v 2.056350 0.098100 2.248000
v 2.055850 0.098100 2.248000
v 2.056350 0.098100 2.248000
v 2.056350 0.098100 2.245000
v 2.055850 0.098100 2.245000
v 2.055850 0.098100 2.245000
v 2.055850 0.098000 2.245000
v 2.055850 0.098000 2.248000
v 2.055850 0.098100 2.248000
v 2.056350 0.098100 2.245000
v 2.056350 0.098000 2.245000
v 2.055850 0.098000 2.245000
v 2.055850 0.098100 2.245000
v 2.056350 0.098100 2.248000
v 2.056350 0.098000 2.248000
v 2.056350 0.098000 2.245000
v 2.056350 0.098100 2.245000
v 2.055850 0.098100 2.254000
v 2.055850 0.098000 2.254000
v 2.056350 0.098000 2.254000
v 2.056350 0.098100 2.254000
v 2.056350 0.098100 2.254000
v 2.056350 0.098100 2.251000
v 2.055850 0.098100 2.251000
v 2.056100 0.098100 2.249000
v 2.055167 0.098100 2.251000
v 2.055850 0.098100 2.254000
v 2.057033 0.098100 2.251000
v 2.055850 0.098100 2.251000
v 2.055850 0.098000 2.251000
v 2.055850 0.098000 2.254000
v 2.055850 0.098100 2.254000
v 2.055167 0.098100 2.251000
v 2.055167 0.098000 2.251000
v 2.055850 0.098000 2.251000
v 2.055850 0.098100 2.251000
v 2.056100 0.098100 2.249000
v 2.056100 0.098000 2.249000
v 2.055167 0.098000 2.251000
v 2.055167 0.098100 2.251000
v 2.057033 0.098100 2.251000
v 2.057033 0.098000 2.251000
v 2.056100 0.098000 2.249000
v 2.056100 0.098100 2.249000
v 2.056350 0.098100 2.251000
v 2.056350 0.098000 2.251000
v 2.057033 0.098000 2.251000
v 2.057033 0.098100 2.251000
v 2.056350 0.098100 2.254000
v 2.056350 0.098000 2.254000
v 2.056350 0.098000 2.251000
v 2.056350 0.098100 2.251000
v 2.057600 0.098100 2.273250
v 2.057600 0.098000 2.273250
v 2.056350 0.098000 2.273250
v 2.056350 0.098100 2.273250
v 2.056350 0.098100 2.275000
v 2.056350 0.098100 2.273750
v 2.055850 0.098100 2.273750
v 2.055850 0.098100 2.272000
v 2.055850 0.098100 2.273250
v 2.056350 0.098100 2.273250
v 2.054600 0.098100 2.273750
v 2.057600 0.098100 2.273250
v 2.054600 0.098100 2.273250
v 2.057600 0.098100 2.273750
v 2.056350 0.098100 2.272000
v 2.055850 0.098100 2.275000
v 2.057600 0.098100 2.273750
v 2.057600 0.098000 2.273750
v 2.057600 0.098000 2.273250
v 2.057600 0.098100 2.273250
v 2.056350 0.098100 2.273750
v 2.056350 0.098000 2.273750
v 2.057600 0.098000 2.273750
v 2.057600 0.098100 2.273750
v 2.056350 0.098100 2.275000
v 2.056350 0.098000 2.275000
v 2.056350 0.098000 2.273750
v 2.056350 0.098100 2.273750
v 2.055850 0.098100 2.275000
v 2.055850 0.098000 2.275000
v 2.056350 0.098000 2.275000
v 2.056350 0.098100 2.275000
v 2.055850 0.098100 2.273750
v 2.055850 0.098000 2.273750
v 2.055850 0.098000 2.275000
v 2.055850 0.098100 2.275000
v 2.055850 0.098100 2.273750
v 2.054600 0.098100 2.273750
v 2.054942 0.098000 2.273750
v 2.054600 0.098000 2.273750
v 2.055850 0.098000 2.273750
v 2.054600 0.098100 2.273250
v 2.054600 0.098000 2.273250
v 2.054600 0.098000 2.273750
v 2.054600 0.098100 2.273750
v 2.055850 0.098100 2.273250
v 2.055850 0.098000 2.273250
v 2.054942 0.098000 2.273250
v 2.054600 0.098100 2.273250
v 2.054600 0.098000 2.273250
v 2.055850 0.098100 2.272000
v 2.055850 0.098000 2.272000
v 2.055850 0.098000 2.273250
v 2.055850 0.098100 2.273250
v 2.056350 0.098100 2.272000
v 2.056350 0.098000 2.272000
v 2.055850 0.098000 2.272000
v 2.055850 0.098100 2.272000
v 2.056350 0.098100 2.273250
v 2.056350 0.098000 2.273250
v 2.056350 0.098000 2.272000
v 2.056350 0.098100 2.272000
v 2.057033 0.098100 2.269000
v 2.057033 0.098000 2.269000
v 2.056350 0.098000 2.269000
v 2.056350 0.098100 2.269000
v 2.055850 0.098100 2.266000
v 2.055850 0.098100 2.269000
v 2.056350 0.098100 2.269000
v 2.056350 0.098100 2.266000
v 2.056100 0.098100 2.271000
v 2.057033 0.098100 2.269000
v 2.055167 0.098100 2.269000
v 2.056100 0.098100 2.271000
v 2.056100 0.098000 2.271000
v 2.057033 0.098000 2.269000
v 2.057033 0.098100 2.269000
v 2.055167 0.098100 2.269000
v 2.055167 0.098000 2.269000
v 2.056100 0.098000 2.271000
v 2.056100 0.098100 2.271000
v 2.055850 0.098100 2.269000
v 2.055850 0.098000 2.269000
v 2.055167 0.098000 2.269000
v 2.055167 0.098100 2.269000
v 2.055850 0.098100 2.266000
v 2.055850 0.098000 2.266000
v 2.055850 0.098000 2.269000
v 2.055850 0.098100 2.269000
v 2.056350 0.098100 2.266000
v 2.056350 0.098000 2.266000
v 2.055850 0.098000 2.266000
v 2.055850 0.098100 2.266000
v 2.056350 0.098100 2.269000
v 2.056350 0.098000 2.269000
v 2.056350 0.098000 2.266000
v 2.056350 0.098100 2.266000
v 2.056062 0.098100 2.257216
v 2.056041 0.098100 2.257722
v 2.056197 0.098100 2.257746
v 2.054726 0.098100 2.259204
v 2.054958 0.098100 2.259960
v 2.055341 0.098100 2.259528
v 2.054723 0.098100 2.261101
v 2.054929 0.098100 2.261800
v 2.055286 0.098100 2.261311
v 2.057367 0.098100 2.258686
v 2.057074 0.098100 2.257815
v 2.056733 0.098100 2.258254
v 2.056634 0.098100 2.257380
v 2.055765 0.098100 2.257244
v 2.055760 0.098100 2.257788
v 2.054718 0.098100 2.258885
v 2.055235 0.098100 2.258864
v 2.055285 0.098100 2.258475
v 2.055980 0.098100 2.260553
v 2.056479 0.098100 2.260384
v 2.055999 0.098100 2.260014
v 2.055222 0.098100 2.261020
v 2.054718 0.098100 2.261051
v 2.057412 0.098100 2.259697
v 2.056900 0.098100 2.259922
v 2.056833 0.098100 2.260632
v 2.056838 0.098100 2.259151
v 2.056855 0.098100 2.258956
v 2.056503 0.098100 2.257928
v 2.055308 0.098100 2.257473
v 2.054991 0.098100 2.257864
v 2.055495 0.098100 2.258020
v 2.055398 0.098100 2.260413
v 2.055882 0.098100 2.260556
v 2.055858 0.098100 2.259996
v 2.055416 0.098100 2.261578
v 2.055296 0.098100 2.262180
v 2.055625 0.098100 2.261763
v 2.057131 0.098100 2.261379
v 2.055554 0.098100 2.259829
v 2.055847 0.098100 2.262340
v 2.055894 0.098100 2.261835
v 2.056097 0.098100 2.262324
v 2.056640 0.098100 2.262070
v 2.056223 0.098100 2.261758
v 2.056621 0.098100 2.261311
v 2.056504 0.098100 2.261499
v 2.056652 0.098100 2.259652
v 2.056333 0.098100 2.259940
v 2.055341 0.098000 2.259528
v 2.055235 0.098000 2.258864
v 2.055235 0.098100 2.258864
v 2.055554 0.098100 2.259829
v 2.055554 0.098000 2.259829
v 2.055858 0.098100 2.259996
v 2.055858 0.098000 2.259996
v 2.055999 0.098100 2.260014
v 2.055999 0.098000 2.260014
v 2.055341 0.098100 2.259528
v 2.056041 0.098000 2.257722
v 2.055760 0.098000 2.257788
v 2.055495 0.098000 2.258020
v 2.055285 0.098000 2.258475
v 2.056855 0.098000 2.258956
v 2.056733 0.098000 2.258254
v 2.055235 0.098000 2.258864
v 2.055999 0.098000 2.260014
v 2.056333 0.098000 2.259940
v 2.055341 0.098000 2.259528
v 2.055554 0.098000 2.259829
v 2.056197 0.098000 2.257746
v 2.056503 0.098000 2.257928
v 2.056652 0.098000 2.259652
v 2.055858 0.098000 2.259996
v 2.056838 0.098000 2.259151
v 2.055760 0.098000 2.257788
v 2.056041 0.098000 2.257722
v 2.056041 0.098100 2.257722
v 2.055495 0.098100 2.258020
v 2.055495 0.098000 2.258020
v 2.055285 0.098100 2.258475
v 2.055285 0.098000 2.258475
v 2.055235 0.098000 2.258864
v 2.055235 0.098100 2.258864
v 2.055760 0.098100 2.257788
v 2.056733 0.098000 2.258254
v 2.056855 0.098000 2.258956
v 2.056855 0.098100 2.258956
v 2.056503 0.098100 2.257928
v 2.056503 0.098000 2.257928
v 2.056197 0.098100 2.257746
v 2.056197 0.098000 2.257746
v 2.056041 0.098100 2.257722
v 2.056041 0.098000 2.257722
v 2.056733 0.098100 2.258254
v 2.056333 0.098000 2.259940
v 2.055999 0.098000 2.260014
v 2.055999 0.098100 2.260014
v 2.056652 0.098100 2.259652
v 2.056652 0.098000 2.259652
v 2.056838 0.098100 2.259151
v 2.056838 0.098000 2.259151
v 2.056855 0.098100 2.258956
v 2.056855 0.098000 2.258956
v 2.056333 0.098100 2.259940
vn 1.000 0.000 0.000
vn 1.000 0.000 0.000
vn 1.000 0.000 0.000
vn 1.000 0.000 0.000
vn 1.000 0.000 0.000
vn 1.000 0.000 0.000
vn 1.000 0.000 0.000
vn 1.000 0.000 0.000
vn 1.000 0.000 0.000
vn 1.000 0.000 0.000
vn 1.000 0.000 0.000
vn 1.000 0.000 0.000
vn 1.000 0.000 0.000
vn 1.000 0.000 0.000
vn 1.000 0.000 0.000
vn 1.000 0.000 0.000
vn 0.000 0.000 1.000
vn 0.000 0.000 1.000
vn 0.000 -0.383 0.924
vn 0.000 -0.383 0.924
vn 0.000 -0.707 0.707
vn 0.000 -0.707 0.707
vn 0.000 -0.924 0.383
vn 0.000 -0.924 0.383
vn 0.000 -1.000 0.000
vn 0.000 -1.000 0.000
vn 0.000 -0.924 -0.383
vn 0.000 -0.924 -0.383
vn 0.000 -0.707 -0.707
vn 0.000 -0.707 -0.707
vn 0.000 -0.383 -0.924
vn 0.000 -0.383 -0.924
vn 0.000 0.000 -1.000
vn 0.000 0.000 -1.000
vn 0.000 0.000 -1.000
vn 0.000 0.000 -1.000
vn 0.000 0.383 -0.924
vn 0.000 0.383 -0.924
vn 0.000 0.707 -0.707
vn 0.000 0.707 -0.707
vn 0.000 0.924 -0.383
vn 0.000 0.924 -0.383
vn 0.000 1.000 0.000
vn 0.000 1.000 0.000
vn 0.000 0.924 0.383
vn 0.000 0.924 0.383
vn 0.000 0.707 0.707
vn 0.000 0.707 0.707
vn 0.000 0.383 0.924
vn 0.000 0.383 0.924
vn 0.000 0.000 1.000
vn 0.000 0.000 1.000
vn -1.000 0.000 0.000
vn -1.000 0.000 0.000
vn -1.000 0.000 0.000
vn -1.000 0.000 0.000
vn -1.000 0.000 0.000
vn -1.000 0.000 0.000
vn -1.000 0.000 0.000
vn -1.000 0.000 0.000
vn -1.000 0.000 0.000
vn -1.000 0.000 0.000
vn -1.000 0.000 0.000
vn -1.000 0.000 0.000
vn -1.000 0.000 0.000
vn -1.000 0.000 0.000
vn -1.000 0.000 0.000
vn -1.000 0.000 0.000
vn -1.000 0.000 0.000
vn -1.000 0.000 0.000
vn -1.000 0.000 0.000
vn -1.000 0.000 0.000
vn -1.000 0.000 0.000
vn -1.000 0.000 0.000
vn -1.000 0.000 0.000
vn -1.000 0.000 0.000
vn -1.000 0.000 0.000
vn -1.000 0.000 0.000
vn -1.000 0.000 0.000
vn -1.000 0.000 0.000
vn -1.000 0.000 0.000
vn -1.000 0.000 0.000
vn 0.000 0.000 -1.000
vn 0.000 0.000 -1.000
vn 0.000 -0.434 -0.901
vn 0.000 -0.434 -0.901
vn 0.000 -0.782 -0.623
vn 0.000 -0.782 -0.623
vn 0.000 -0.975 -0.223
vn 0.000 -0.975 -0.223
vn 0.000 -0.975 0.223
vn 0.000 -0.975 0.223
vn 0.000 -0.782 0.623
vn 0.000 -0.782 0.623
vn 0.000 -0.434 0.901
vn 0.000 -0.434 0.901
vn 0.000 0.000 1.000
vn 0.000 0.000 1.000
vn 0.000 0.000 1.000
vn 0.000 0.000 1.000
vn 0.000 0.434 0.901
vn 0.000 0.434 0.901
vn 0.000 0.782 0.623
vn 0.000 0.782 0.623
vn 0.000 0.975 0.223
vn 0.000 0.975 0.223
vn 0.000 0.975 -0.223
vn 0.000 0.975 -0.223
vn 0.000 0.782 -0.623
vn 0.000 0.782 -0.623
vn 0.000 0.434 -0.901
vn 0.000 0.434 -0.901
vn 0.000 0.000 -1.000
vn 0.000 0.000 -1.000
vn 1.000 0.000 0.000
vn 1.000 0.000 0.000
vn 1.000 0.000 0.000
vn 1.000 0.000 0.000
vn 1.000 0.000 0.000
vn 1.000 0.000 0.000
vn 1.000 0.000 0.000
vn 1.000 0.000 0.000
vn 1.000 0.000 0.000
vn 1.000 0.000 0.000
vn 1.000 0.000 0.000
vn 1.000 0.000 0.000
vn 1.000 0.000 0.000
vn 1.000 0.000 0.000
vn 1.000 0.000 0.000
vn 1.000 0.000 0.000
vn 1.000 0.000 0.000
vn 1.000 0.000 0.000
vn 1.000 0.000 0.000
vn 1.000 0.000 0.000
vn 1.000 0.000 0.000
vn 1.000 0.000 0.000
vn 1.000 0.000 0.000
vn 1.000 0.000 0.000
vn 1.000 0.000 0.000
vn 1.000 0.000 0.000
vn 1.000 0.000 0.000
vn 1.000 0.000 0.000
vn 1.000 0.000 0.000
vn 1.000 0.000 0.000
vn 1.000 0.000 0.000
vn 1.000 0.000 0.000
vn 1.000 0.000 0.000
vn 0.000 -0.542 0.841
vn 0.000 -0.444 0.896
vn 0.000 -0.444 0.896
vn 0.000 -0.632 0.775
vn 0.000 -0.542 0.841
vn 0.000 -0.632 0.775
vn 0.000 -0.437 -0.900
vn 0.000 -0.437 -0.900
vn 0.000 -0.668 -0.744
vn 0.000 -0.668 -0.744
vn 0.000 -0.848 -0.531
vn 0.000 -0.848 -0.531
vn 0.000 -0.961 -0.276
vn 0.000 -0.961 -0.276
vn 0.000 -1.000 0.000
vn 0.000 -1.000 0.000
vn 0.000 -1.000 0.000
vn 0.000 -1.000 0.000
vn 0.000 -1.000 0.000
vn 0.000 -1.000 0.000
vn 0.000 -1.000 0.000
vn 0.000 0.967 0.255
vn 0.000 1.000 0.000
vn 0.000 0.982 0.189
vn 0.000 1.000 0.000
vn 0.000 0.929 0.371
vn 0.000 0.842 0.539
vn 0.000 0.967 0.255
vn 0.000 0.601 0.799
vn 0.000 0.830 0.558
vn 0.000 0.725 0.688
vn 0.000 0.306 0.952
vn 0.000 0.419 0.908
vn 0.000 0.601 0.799
vn 0.000 0.582 0.813
vn 0.000 0.240 0.971
vn 0.000 0.052 0.999
vn 0.000 0.306 0.952
vn 0.000 0.052 0.999
vn 0.000 0.000 -1.000
vn 0.000 0.000 -1.000
vn 0.000 0.115 -0.993
vn 0.000 0.115 -0.993
vn 0.000 0.228 -0.974
vn 0.000 0.228 -0.974
vn 0.000 0.339 -0.941
vn 0.000 0.339 -0.941
vn 0.000 0.444 -0.896
vn 0.000 0.444 -0.896
vn 0.000 0.000 1.000
vn 0.000 0.000 1.000
vn 0.000 -0.149 0.989
vn 0.000 -0.149 0.989
vn 0.000 -0.295 0.956
vn 0.000 -0.295 0.956
vn 0.000 -0.434 0.901
vn 0.000 -0.434 0.901
vn 0.000 -0.563 0.826
vn 0.000 -0.563 0.826
vn 0.000 -0.680 0.733
vn 0.000 -0.680 0.733
vn 0.000 -0.782 0.623
vn 0.000 -0.782 0.623
vn 0.000 -0.866 0.500
vn 0.000 -0.866 0.500
vn 0.000 -0.931 0.365
vn 0.000 -0.931 0.365
vn 0.000 -0.975 0.223
vn 0.000 -0.975 0.223
vn 0.000 -0.997 0.075
vn 0.000 -0.997 0.075
vn 0.000 -0.997 -0.075
vn 0.000 -0.997 -0.075
vn 0.000 -0.975 -0.223
vn 0.000 -0.975 -0.223
vn 0.000 -0.931 -0.365
vn 0.000 -0.931 -0.365
vn 0.000 -0.866 -0.500
vn 0.000 -0.866 -0.500
vn 0.000 -0.782 -0.623
vn 0.000 -0.782 -0.623
vn 0.000 -0.680 -0.733
vn 0.000 -0.680 -0.733
vn 0.000 -0.563 -0.826
vn 0.000 -0.563 -0.826
vn 0.000 -0.434 -0.901
vn 0.000 -0.434 -0.901
vn 0.000 -0.295 -0.956
vn 0.000 -0.295 -0.956
vn 0.000 -0.149 -0.989
vn 0.000 -0.149 -0.989
vn 0.000 0.000 -1.000
vn 0.000 0.000 -1.000
vn 0.000 0.052 0.999
vn 0.000 0.052 0.999
vn 0.000 0.052 0.999
vn 0.000 0.052 0.999
vn 0.000 0.052 0.999
vn 0.757 0.077 0.649
vn 0.757 0.077 0.649
vn 0.757 0.077 0.649
vn 0.757 0.077 0.649
vn 0.000 0.848 -0.530
vn 0.000 0.848 -0.530
vn 0.000 0.918 -0.398
vn 0.000 0.918 -0.398
vn 0.000 0.967 -0.256
vn 0.000 0.967 -0.256
vn 0.000 0.994 -0.108
vn 0.000 0.994 -0.108
vn 0.000 0.999 0.042
vn 0.000 0.999 0.042
vn 0.000 0.982 0.191
vn 0.000 0.982 0.191
vn 0.000 0.942 0.335
vn 0.000 0.942 0.335
vn 0.000 0.881 0.473
vn 0.000 0.881 0.473
vn 0.000 0.801 0.599
vn 0.000 0.801 0.599
vn 0.000 0.702 0.712
vn 0.000 0.702 0.712
vn 0.000 0.588 0.809
vn 0.000 0.588 0.809
vn 0.000 0.460 0.888
vn 0.000 0.460 0.888
vn 0.000 0.322 0.947
vn 0.000 0.322 0.947
vn 0.000 0.177 0.984
vn 0.000 0.177 0.984
vn 0.000 0.027 1.000
vn 0.000 0.027 1.000
vn 0.000 0.000 1.000
vn 0.000 0.653 -0.758
vn 0.000 0.632 -0.775
vn 0.000 0.632 -0.775
vn 0.000 0.644 -0.765
vn 0.000 0.759 -0.651
vn 0.000 0.655 -0.756
vn 0.000 0.686 -0.727
vn 0.000 0.740 -0.672
vn 0.000 0.789 -0.614
vn 0.000 0.759 -0.651
vn 0.000 0.789 -0.614
vn 0.000 0.000 1.000
vn 0.000 0.000 1.000
vn 0.000 0.000 1.000
vn 0.000 0.000 1.000
vn 0.000 0.000 1.000
vn 0.996 0.052 -0.078
vn 0.996 0.052 -0.078
vn 0.996 0.052 -0.078
vn 0.996 0.052 -0.078
vn 0.996 0.052 -0.078
vn 0.996 0.052 -0.078
vn 0.996 0.052 -0.078
vn 0.996 0.052 -0.078
vn 0.996 0.052 -0.078
vn 0.996 0.052 -0.078
vn 0.996 0.052 -0.078
vn 0.996 0.052 -0.078
vn 0.996 0.052 -0.078
vn 0.996 0.052 -0.078
vn 0.996 0.052 -0.078
vn 0.719 0.693 0.052
vn 0.715 0.695 -0.071
vn 0.716 0.695 -0.056
vn 0.720 0.691 0.055
vn 0.717 0.695 -0.050
vn 0.718 0.696 -0.004
vn 0.721 0.686 0.097
vn 0.723 0.679 0.127
vn 0.725 0.670 0.163
vn 0.724 0.667 0.175
vn 0.731 0.609 0.308
vn 0.729 0.619 0.292
vn 0.737 0.535 0.413
vn 0.735 0.548 0.400
vn 0.742 0.442 0.504
vn 0.740 0.468 0.483
vn 0.741 0.456 0.493
vn 0.748 0.331 0.575
vn 0.746 0.346 0.568
vn 0.753 0.208 0.625
vn 0.750 0.268 0.605
vn 0.752 0.222 0.621
vn 0.754 0.173 0.634
vn 0.756 0.083 0.649
vn 0.756 0.089 0.648
vn 0.726 0.661 0.192
vn 0.776 0.195 -0.600
vn 0.896 0.147 -0.419
vn 0.864 0.222 -0.452
vn 0.975 0.088 -0.206
vn 0.974 0.107 -0.199
vn 0.930 0.165 -0.327
vn 0.666 0.224 -0.711
vn 0.665 0.320 -0.674
vn 0.539 0.358 -0.762
vn 0.775 0.274 -0.570
vn 0.675 0.222 -0.704
vn 0.796 0.329 -0.508
vn 0.708 0.371 -0.601
vn 0.592 0.392 -0.704
vn 0.540 0.247 -0.804
vn 0.457 0.372 -0.808
vn 0.266 0.273 -0.925
vn 0.362 0.267 -0.893
vn 0.996 0.052 -0.078
vn 0.996 0.052 -0.078
vn 0.996 0.052 -0.078
vn 0.948 0.174 -0.267
vn 0.891 0.249 -0.379
vn 0.816 0.315 -0.484
vn 0.986 0.091 -0.140
vn 0.402 0.264 -0.877
vn 0.706 0.472 -0.528
vn 0.705 0.405 -0.582
vn 0.705 0.411 -0.578
vn 0.706 0.532 -0.467
vn 0.706 0.493 -0.509
vn 0.707 0.562 -0.430
vn 0.707 0.584 -0.399
vn 0.707 0.566 -0.424
vn 0.709 0.617 -0.342
vn 0.709 0.627 -0.324
vn 0.710 0.660 -0.243
vn 0.713 0.683 -0.159
vn 0.711 0.658 -0.248
vn 0.717 0.695 -0.059
vn 0.717 0.695 -0.050
vn 0.716 0.695 -0.056
vn 0.716 0.693 -0.086
vn 0.714 0.684 -0.152
vn 0.715 0.691 -0.102
vn 0.716 0.691 -0.102
vn 0.716 0.691 -0.102
vn 0.716 0.691 -0.102
vn 0.716 0.691 -0.103
vn 0.715 0.691 -0.107
vn 0.715 0.695 -0.071
vn 0.705 0.332 -0.626
vn 0.000 0.035 -0.999
vn 0.000 0.251 -0.968
vn 0.000 0.292 -0.957
vn 0.000 0.035 -0.999
vn 0.000 0.592 -0.806
vn 0.000 0.292 -0.957
vn 0.000 0.456 -0.890
vn 0.000 0.456 -0.890
vn 0.000 0.680 -0.733
vn 0.000 0.774 -0.633
vn 0.000 0.573 -0.819
vn 0.000 0.826 -0.564
vn 0.000 0.966 -0.258
vn 0.000 0.916 -0.400
vn 0.000 0.853 -0.522
vn 0.000 0.826 -0.564
vn 0.000 1.000 0.000
vn 0.000 0.991 -0.137
vn 0.000 0.963 -0.271
vn 0.000 1.000 0.000
vn 0.666 0.224 -0.711
vn 0.540 0.247 -0.804
vn 0.552 0.245 -0.797
vn 0.675 0.222 -0.704
vn 0.675 0.222 -0.704
vn 0.402 0.264 -0.877
vn 0.362 0.267 -0.893
vn 0.362 0.267 -0.893
vn 0.896 0.147 -0.419
vn 0.776 0.195 -0.600
vn 0.775 0.196 -0.601
vn 0.996 0.052 -0.078
vn 0.996 0.052 -0.078
vn 0.975 0.088 -0.206
vn 0.896 0.147 -0.419
vn 0.926 0.130 -0.355
vn 0.000 0.276 -0.961
vn 0.233 0.275 -0.933
vn 0.223 0.275 -0.935
vn 0.297 0.271 -0.916
vn 0.243 0.274 -0.930
vn 0.254 0.274 -0.928
vn 0.266 0.273 -0.925
vn 0.000 0.276 -0.961
vn 0.000 0.456 -0.890
vn 0.000 0.456 -0.890
vn 0.000 0.456 -0.890
vn 0.000 0.456 -0.890
vn 0.000 0.456 -0.890
vn 0.000 0.456 -0.890
vn 0.000 0.456 -0.890
vn 0.000 0.456 -0.890
vn 0.000 0.456 -0.890
vn 0.000 0.456 -0.890
vn 0.000 0.456 -0.890
vn 0.000 0.456 -0.890
vn 0.000 0.456 -0.890
vn 0.000 0.456 -0.890
vn 0.000 0.276 -0.961
vn 0.000 0.276 -0.961
vn 0.000 0.276 -0.961
vn 0.000 0.276 -0.961
vn 0.000 0.456 -0.890
vn 0.000 0.367 -0.930
vn 0.000 0.276 -0.961
vn 0.000 0.456 -0.890
vn 0.000 0.276 -0.961
vn 0.000 0.456 -0.890
vn 0.000 0.276 -0.961
vn 0.223 0.275 -0.935
vn 1.000 0.000 0.000
vn 1.000 0.000 0.000
vn 1.000 0.000 0.000
vn 1.000 0.000 0.000
vn 1.000 0.000 0.000
vn 1.000 0.000 0.000
vn 1.000 0.000 0.000
vn 1.000 0.000 0.000
vn 1.000 0.000 0.000
vn 1.000 0.000 0.000
vn 1.000 0.000 0.000
vn 1.000 0.000 0.000
vn 1.000 0.000 0.000
vn 1.000 0.000 0.000
vn 1.000 0.000 0.000
vn 1.000 0.000 0.000
vn 1.000 0.000 0.000
vn 1.000 0.000 0.000
vn 1.000 0.000 0.000
vn 1.000 0.000 0.000
vn 1.000 0.000 0.000
vn 1.000 0.000 0.000
vn 1.000 0.000 0.000
vn 1.000 0.000 0.000
vn 1.000 0.000 0.000
vn 1.000 0.000 0.000
vn 1.000 0.000 0.000
vn 1.000 0.000 0.000
vn 1.000 0.000 0.000
vn 1.000 0.000 0.000
vn 1.000 0.000 0.000
vn 1.000 0.000 0.000
vn 1.000 0.000 0.000
vn 1.000 0.000 0.000
vn 1.000 0.000 0.000
vn 1.000 0.000 0.000
vn 1.000 0.000 0.000
vn 1.000 0.000 0.000
vn 1.000 0.000 0.000
vn 1.000 0.000 0.000
vn 1.000 0.000 0.000
vn 1.000 0.000 0.000
vn 1.000 0.000 0.000
vn 1.000 0.000 0.000
vn 1.000 0.000 0.000
vn 1.000 0.000 0.000
vn 1.000 0.000 0.000
vn 1.000 0.000 0.000
vn 1.000 0.000 0.000
vn 1.000 0.000 0.000
vn 1.000 0.000 0.000
vn 1.000 0.000 0.000
vn 1.000 0.000 0.000
vn 1.000 0.000 0.000
vn 1.000 0.000 0.000
vn 1.000 0.000 0.000
vn 1.000 0.000 0.000
vn 1.000 0.000 0.000
vn 1.000 0.000 0.000
vn 1.000 0.000 0.000
vn 1.000 0.000 0.000
vn 1.000 0.000 0.000
vn 1.000 0.000 0.000
vn 1.000 0.000 0.000
vn 1.000 0.000 0.000
vn 1.000 0.000 0.000
vn 1.000 0.000 0.000
vn 1.000 0.000 0.000
vn 1.000 0.000 0.000
vn 1.000 0.000 0.000
vn 1.000 0.000 0.000
vn 1.000 0.000 0.000
vn 1.000 0.000 0.000
vn 1.000 0.000 0.000
vn 1.000 0.000 0.000
vn 1.000 0.000 0.000
vn 1.000 0.000 0.000
vn 1.000 0.000 0.000
vn 1.000 0.000 0.000
vn 1.000 0.000 0.000
vn 1.000 0.000 0.000
vn 1.000 0.000 0.000
vn 1.000 0.000 0.000
vn 0.000 0.000 1.000
vn 0.000 0.000 1.000
vn 0.000 -0.165 0.986
vn 0.000 -0.165 0.986
vn 0.000 -0.325 0.946
vn 0.000 -0.325 0.946
vn 0.000 -0.476 0.879
vn 0.000 -0.476 0.879
vn 0.000 -0.614 0.789
vn 0.000 -0.614 0.789
vn 0.000 -0.736 0.677
vn 0.000 -0.736 0.677
vn 0.000 -0.837 0.547
vn 0.000 -0.837 0.547
vn 0.000 -0.916 0.402
vn 0.000 -0.916 0.402
vn 0.000 -0.969 0.245
vn 0.000 -0.969 0.245
vn 0.000 -0.997 0.083
vn 0.000 -0.997 0.083
vn 0.000 -0.997 -0.083
vn 0.000 -0.997 -0.083
vn 0.000 -0.969 -0.245
vn 0.000 -0.969 -0.245
vn 0.000 -0.916 -0.402
vn 0.000 -0.916 -0.402
vn 0.000 -0.837 -0.547
vn 0.000 -0.837 -0.547
vn 0.000 -0.736 -0.677
vn 0.000 -0.736 -0.677
vn 0.000 -0.614 -0.789
vn 0.000 -0.614 -0.789
vn 0.000 -0.476 -0.879
vn 0.000 -0.476 -0.879
vn 0.000 -0.325 -0.946
vn 0.000 -0.325 -0.946
vn 0.000 -0.165 -0.986
vn 0.000 -0.165 -0.986
vn 0.000 0.000 -1.000
vn 0.000 0.000 -1.000
vn 0.000 0.000 -1.000
vn 0.000 0.000 -1.000
vn 0.000 0.165 -0.986
vn 0.000 0.165 -0.986
vn 0.000 0.325 -0.946
vn 0.000 0.325 -0.946
vn 0.000 0.476 -0.879
vn 0.000 0.476 -0.879
vn 0.000 0.614 -0.789
vn 0.000 0.614 -0.789
vn 0.000 0.736 -0.677
vn 0.000 0.736 -0.677
vn 0.000 0.837 -0.547
vn 0.000 0.837 -0.547
vn 0.000 0.916 -0.402
vn 0.000 0.916 -0.402
vn 0.000 0.969 -0.245
vn 0.000 0.969 -0.245
vn 0.000 0.997 -0.083
vn 0.000 0.997 -0.083
vn 0.000 0.997 0.083
vn 0.000 0.997 0.083
vn 0.000 0.969 0.245
vn 0.000 0.969 0.245
vn 0.000 0.916 0.402
vn 0.000 0.916 0.402
vn 0.000 0.837 0.547
vn 0.000 0.837 0.547
vn 0.000 0.736 0.677
vn 0.000 0.736 0.677
vn 0.000 0.614 0.789
vn 0.000 0.614 0.789
vn 0.000 0.476 0.879
vn 0.000 0.476 0.879
vn 0.000 0.325 0.946
vn 0.000 0.325 0.946
vn 0.000 0.165 0.986
vn 0.000 0.165 0.986
vn 0.000 0.000 1.000
vn 0.000 0.000 1.000
vn 1.000 0.000 0.000
vn 1.000 0.000 0.000
vn 1.000 0.000 0.000
vn 1.000 0.000 0.000
vn 1.000 0.000 0.000
vn 1.000 0.000 0.000
vn 1.000 0.000 0.000
vn 1.000 0.000 0.000
vn 1.000 0.000 0.000
vn 1.000 0.000 0.000
vn 1.000 0.000 0.000
vn 1.000 0.000 0.000
vn 1.000 0.000 0.000
vn 1.000 0.000 0.000
vn 1.000 0.000 0.000
vn 1.000 0.000 0.000
vn 1.000 0.000 0.000
vn 1.000 0.000 0.000
vn 1.000 0.000 0.000
vn 1.000 0.000 0.000
vn 1.000 0.000 0.000
vn 1.000 0.000 0.000
vn 1.000 0.000 0.000
vn 1.000 0.000 0.000
vn 1.000 0.000 0.000
vn 1.000 0.000 0.000
vn 1.000 0.000 0.000
vn 1.000 0.000 0.000
vn 1.000 0.000 0.000
vn 1.000 0.000 0.000
vn 1.000 0.000 0.000
vn 1.000 0.000 0.000
vn 1.000 0.000 0.000
vn 1.000 0.000 0.000
vn 1.000 0.000 0.000
vn 1.000 0.000 0.000
vn 1.000 0.000 0.000
vn 1.000 0.000 0.000
vn 1.000 0.000 0.000
vn 1.000 0.000 0.000
vn 1.000 0.000 0.000
vn 1.000 0.000 0.000
vn 1.000 0.000 0.000
vn 1.000 0.000 0.000
vn 1.000 0.000 0.000
vn 1.000 0.000 0.000
vn 1.000 0.000 0.000
vn 1.000 0.000 0.000
vn 1.000 0.000 0.000
vn 1.000 0.000 0.000
vn 1.000 0.000 0.000
vn 1.000 0.000 0.000
vn 1.000 0.000 0.000
vn 1.000 0.000 0.000
vn 1.000 0.000 0.000
vn 1.000 0.000 0.000
vn 1.000 0.000 0.000
vn 1.000 0.000 0.000
vn 1.000 0.000 0.000
vn 1.000 0.000 0.000
vn 1.000 0.000 0.000
vn 1.000 0.000 0.000
vn 1.000 0.000 0.000
vn 1.000 0.000 0.000
vn 1.000 0.000 0.000
vn 1.000 0.000 0.000
vn 1.000 0.000 0.000
vn 1.000 0.000 0.000
vn 1.000 0.000 0.000
vn 1.000 0.000 0.000
vn 1.000 0.000 0.000
vn 1.000 0.000 0.000
vn 1.000 0.000 0.000
vn 1.000 0.000 0.000
vn 1.000 0.000 0.000
vn 1.000 0.000 0.000
vn 0.000 0.000 -1.000
vn 0.000 0.000 -1.000
vn 0.000 0.165 -0.986
vn 0.000 0.165 -0.986
vn 0.000 0.325 -0.946
vn 0.000 0.325 -0.946
vn 0.000 0.476 -0.879
vn 0.000 0.476 -0.879
vn 0.000 0.614 -0.789
vn 0.000 0.614 -0.789
vn 0.000 0.736 -0.677
vn 0.000 0.736 -0.677
vn 0.000 0.837 -0.547
vn 0.000 0.837 -0.547
vn 0.000 0.916 -0.402
vn 0.000 0.916 -0.402
vn 0.000 0.969 -0.245
vn 0.000 0.969 -0.245
vn 0.000 0.997 -0.083
vn 0.000 0.997 -0.083
vn 0.000 0.997 0.083
vn 0.000 0.997 0.083
vn 0.000 0.969 0.245
vn 0.000 0.969 0.245
vn 0.000 0.916 0.402
vn 0.000 0.916 0.402
vn 0.000 0.837 0.547
vn 0.000 0.837 0.547
vn 0.000 0.736 0.677
vn 0.000 0.736 0.677
vn 0.000 0.614 0.789
vn 0.000 0.614 0.789
vn 0.000 0.476 0.879
vn 0.000 0.476 0.879
vn 0.000 0.325 0.946
vn 0.000 0.325 0.946
vn 0.000 0.165 0.986
vn 0.000 0.165 0.986
vn 0.000 0.000 1.000
vn 0.000 0.000 1.000
vn 0.000 0.000 1.000
vn 0.000 0.000 1.000
vn 0.000 -0.165 0.986
vn 0.000 -0.165 0.986
vn 0.000 -0.325 0.946
vn 0.000 -0.325 0.946
vn 0.000 -0.476 0.879
vn 0.000 -0.476 0.879
vn 0.000 -0.614 0.789
vn 0.000 -0.614 0.789
vn 0.000 -0.736 0.677
vn 0.000 -0.736 0.677
vn 0.000 -0.837 0.547
vn 0.000 -0.837 0.547
vn 0.000 -0.916 0.402
vn 0.000 -0.916 0.402
vn 0.000 -0.969 0.245
vn 0.000 -0.969 0.245
vn 0.000 -0.997 0.083
vn 0.000 -0.997 0.083
vn 0.000 -0.997 -0.083
vn 0.000 -0.997 -0.083
vn 0.000 -0.969 -0.245
vn 0.000 -0.969 -0.245
vn 0.000 -0.916 -0.402
vn 0.000 -0.916 -0.402
vn 0.000 -0.837 -0.547
vn 0.000 -0.837 -0.547
vn 0.000 -0.736 -0.677
vn 0.000 -0.736 -0.677
vn 0.000 -0.614 -0.789
vn 0.000 -0.614 -0.789
vn 0.000 -0.476 -0.879
vn 0.000 -0.476 -0.879
vn 0.000 -0.325 -0.946
vn 0.000 -0.325 -0.946
vn 0.000 -0.165 -0.986
vn 0.000 -0.165 -0.986
vn 0.000 0.000 -1.000
vn 0.000 0.000 -1.000
vn 1.000 0.000 0.000
vn 1.000 0.000 0.000
vn 1.000 0.000 0.000
vn 1.000 0.000 0.000
vn 1.000 0.000 0.000
vn 1.000 0.000 0.000
vn 1.000 0.000 0.000
vn 1.000 0.000 0.000
vn 1.000 0.000 0.000
vn 1.000 0.000 0.000
vn 1.000 0.000 0.000
vn 1.000 0.000 0.000
vn 1.000 0.000 0.000
vn 1.000 0.000 0.000
vn 1.000 0.000 0.000
vn 1.000 0.000 0.000
vn 1.000 0.000 0.000
vn 1.000 0.000 0.000
vn 1.000 0.000 0.000
vn 1.000 0.000 0.000
vn 1.000 0.000 0.000
vn 1.000 0.000 0.000
vn 1.000 0.000 0.000
vn 1.000 0.000 0.000
vn 1.000 0.000 0.000
vn 1.000 0.000 0.000
vn 1.000 0.000 0.000
vn 1.000 0.000 0.000
vn 1.000 0.000 0.000
vn 1.000 0.000 0.000
vn 1.000 0.000 0.000
vn 1.000 0.000 0.000
vn 1.000 0.000 0.000
vn 1.000 0.000 0.000
vn 1.000 0.000 0.000
vn 1.000 0.000 0.000
vn 1.000 0.000 0.000
vn 1.000 0.000 0.000
vn -0.999 0.052 0.000
vn -0.999 0.052 0.000
vn -0.999 0.052 0.000
vn -0.999 0.052 0.000
vn -0.999 0.052 0.000
vn -0.999 0.052 0.000
vn -0.999 0.052 0.000
vn -0.999 0.052 0.000
vn -0.999 0.052 0.000
vn -0.999 0.052 0.000
vn -0.999 0.052 0.000
vn -0.999 0.052 0.000
vn -0.999 0.052 0.000
vn -0.999 0.052 0.000
vn -0.999 0.052 0.000
vn -0.999 0.052 0.000
vn -0.999 0.052 0.000
vn -0.999 0.052 0.000
vn -0.692 0.567 -0.446
vn -0.822 0.453 -0.344
vn -0.823 0.433 -0.369
vn -0.693 0.545 -0.472
vn -0.823 0.426 -0.377
vn -0.693 0.537 -0.480
vn 0.000 0.766 -0.643
vn 0.000 0.766 -0.643
vn -0.178 0.758 -0.628
vn -0.917 0.324 -0.232
vn -0.976 0.188 -0.115
vn -0.976 0.179 -0.125
vn -0.918 0.308 -0.250
vn -0.918 0.303 -0.257
vn -0.918 0.308 -0.250
vn -0.976 0.176 -0.129
vn -0.976 0.179 -0.125
vn -0.999 0.052 0.000
vn -0.999 0.052 0.000
vn -0.999 0.052 0.000
vn 0.000 0.766 -0.643
vn 0.000 0.766 -0.643
vn -0.179 0.746 -0.642
vn -0.535 0.659 -0.529
vn -0.536 0.638 -0.553
vn -0.360 0.706 -0.609
vn -0.178 0.749 -0.638
vn -0.360 0.723 -0.590
vn -0.361 0.701 -0.615
vn -0.536 0.631 -0.561
vn -0.536 0.638 -0.553
vn -0.360 0.706 -0.609
vn -0.178 0.749 -0.638
vn -0.178 0.758 -0.628
vn 0.000 0.766 -0.643
vn 0.000 0.766 -0.643
vn -0.693 0.545 -0.472
vn -0.316 0.734 -0.602
vn -0.470 0.686 -0.555
vn -0.601 0.625 -0.498
vn -0.734 0.536 -0.417
vn -0.823 0.452 -0.343
vn -0.843 0.429 -0.323
vn -0.928 0.305 -0.215
vn -0.977 0.183 -0.111
vn -0.999 0.052 0.000
vn -0.999 0.052 0.000
vn -0.963 0.217 -0.160
vn -0.823 0.433 -0.369
vn -0.881 0.369 -0.297
vn -0.760 0.504 -0.411
vn -0.613 0.612 -0.499
vn -0.422 0.702 -0.574
vn -0.215 0.753 -0.622
vn -0.159 0.760 -0.631
vn -0.955 0.078 0.288
vn -0.977 0.074 0.202
vn -0.929 0.088 0.360
vn -0.897 0.089 0.433
vn -0.859 0.099 0.503
vn -0.383 0.094 0.919
vn -0.505 0.115 0.855
vn -0.372 0.114 0.921
vn -0.537 0.095 0.838
vn -0.520 0.115 0.847
vn -0.631 0.113 0.767
vn -0.677 0.094 0.730
vn -0.653 0.113 0.749
vn -0.763 0.108 0.637
vn -0.796 0.090 0.598
vn -0.817 0.098 0.569
vn -0.889 0.083 0.450
vn -0.988 0.065 0.139
vn -0.956 0.073 0.283
vn -0.999 0.052 0.000
vn -0.992 0.061 0.114
vn -0.998 0.057 0.040
vn -0.999 0.052 0.000
vn -0.999 0.052 0.000
vn -0.215 0.089 0.973
vn 0.000 0.766 -0.643
vn 0.000 0.766 -0.643
vn 0.000 0.766 -0.643
vn 0.000 0.766 -0.643
vn 0.000 0.766 -0.643
vn 0.000 0.766 -0.643
vn 0.000 0.766 -0.643
vn 0.000 0.766 -0.643
vn 0.000 0.766 -0.643
vn 0.000 0.766 -0.643
vn -0.865 0.052 -0.499
vn -0.865 0.052 -0.499
vn -0.865 0.052 -0.499
vn -0.865 0.052 -0.499
vn -0.865 0.052 -0.499
vn -0.865 0.052 -0.499
vn -0.865 0.052 -0.499
vn -0.865 0.052 -0.499
vn 0.000 -0.318 0.948
vn 0.000 -0.336 0.942
vn 0.000 -0.233 0.972
vn 0.000 -0.214 0.977
vn 0.000 -0.336 0.942
vn 0.000 -0.068 0.998
vn 0.000 -0.068 0.998
vn 0.000 -0.108 0.994
vn 0.000 -0.204 0.979
vn 0.000 -0.117 0.993
vn 0.000 0.000 1.000
vn 0.000 0.000 1.000
vn 0.000 0.068 0.998
vn 0.000 0.068 0.998
vn 0.000 0.108 0.994
vn 0.000 0.106 0.994
vn 0.000 0.204 0.979
vn 0.000 0.223 0.975
vn 0.000 0.336 0.942
vn 0.000 0.318 0.948
vn 0.000 0.336 0.942
vn 0.000 0.214 0.977
vn -0.865 -0.052 -0.499
vn -0.865 -0.052 -0.499
vn -0.865 -0.052 -0.499
vn -0.865 -0.052 -0.499
vn -0.865 -0.052 -0.499
vn -0.865 -0.052 -0.499
vn -0.865 -0.052 -0.499
vn -0.865 -0.052 -0.499
vn 0.000 -0.766 -0.643
vn 0.000 -0.766 -0.643
vn 0.000 -0.766 -0.643
vn 0.000 -0.766 -0.643
vn 0.000 -0.766 -0.643
vn 0.000 -0.766 -0.643
vn 0.000 -0.766 -0.643
vn 0.000 -0.327 -0.945
vn 0.000 -0.454 -0.891
vn 0.000 -0.419 -0.908
vn 0.000 -0.454 -0.891
vn 0.000 -0.572 -0.821
vn 0.000 -0.514 -0.858
vn 0.000 -0.572 -0.821
vn 0.000 -0.679 -0.734
vn 0.000 -0.686 -0.728
vn 0.000 -0.604 -0.797
vn 0.000 -0.773 -0.635
vn 0.000 -0.760 -0.649
vn 0.000 -0.773 -0.635
vn 0.000 -0.853 -0.523
vn 0.000 -0.826 -0.564
vn 0.000 -0.853 -0.523
vn 0.000 -0.916 -0.401
vn 0.000 -0.916 -0.401
vn 0.000 -0.882 -0.471
vn 0.000 -0.962 -0.272
vn 0.000 -0.962 -0.271
vn 0.000 -0.928 -0.374
vn 0.000 -0.991 -0.137
vn 0.000 -0.986 -0.166
vn 0.000 -0.991 -0.137
vn 0.000 -1.000 0.000
vn 0.000 -0.998 -0.059
vn 0.000 -1.000 0.000
vn 0.000 -0.327 -0.945
vn 0.000 0.035 -0.999
vn 0.000 0.035 -0.999
vn 0.000 0.035 -0.999
vn 0.000 0.035 -0.999
vn 0.000 0.035 -0.999
vn 0.000 0.035 -0.999
vn 0.000 0.035 -0.999
vn 0.000 0.035 -0.999
vn 0.000 0.035 -0.999
vn 0.000 0.035 -0.999
vn 0.000 0.035 -0.999
vn 0.000 0.035 -0.999
vn 0.000 0.035 -0.999
vn 0.000 0.035 -0.999
vn 0.000 0.035 -0.999
vn 0.000 0.035 -0.999
vn 0.000 0.035 -0.999
vn 0.000 0.035 -0.999
vn 0.000 0.035 -0.999
vn 0.000 0.035 -0.999
vn 0.000 0.035 -0.999
vn 0.000 0.035 -0.999
vn 0.000 0.035 -0.999
vn 0.000 0.035 -0.999
vn 0.000 0.035 -0.999
vn 0.000 0.035 -0.999
vn 0.000 0.035 -0.999
vn 0.000 0.035 -0.999
vn 0.000 0.035 -0.999
vn 0.000 0.035 -0.999
vn 0.000 0.035 -0.999
vn 0.000 0.035 -0.999
vn 0.000 -0.035 -0.999
vn 0.000 -0.035 -0.999
vn 0.000 -0.035 -0.999
vn 0.000 -0.035 -0.999
vn 0.000 -0.035 -0.999
vn 0.000 -0.035 -0.999
vn 0.000 -0.035 -0.999
vn 0.000 -0.035 -0.999
vn 0.000 -0.035 -0.999
vn 0.000 -0.035 -0.999
vn 0.000 -0.035 -0.999
vn 0.000 -0.035 -0.999
vn 0.000 -0.035 -0.999
vn 0.000 -0.035 -0.999
vn 0.000 -0.035 -0.999
vn 0.000 -0.035 -0.999
vn 0.000 -0.035 -0.999
vn 0.000 -0.035 -0.999
vn 0.000 -0.035 -0.999
vn 0.000 -0.035 -0.999
vn 0.000 -0.035 -0.999
vn 0.000 1.000 0.000
vn 0.000 1.000 0.000
vn 0.229 0.973 0.000
vn 0.434 0.901 0.000
vn 0.782 0.623 0.000
vn 0.555 0.832 0.000
vn 0.752 0.659 0.000
vn 0.434 0.901 0.000
vn 0.782 0.623 0.000
vn 0.932 0.363 0.000
vn 0.975 0.223 0.000
vn 0.975 -0.223 0.000
vn 1.000 0.000 0.000
vn 0.975 0.223 0.000
vn 0.974 -0.228 0.000
vn 0.832 -0.554 0.000
vn 0.975 -0.223 0.000
vn 0.782 -0.623 0.000
vn 0.434 -0.901 0.000
vn 0.659 -0.752 0.000
vn 0.782 -0.623 0.000
vn 0.000 -1.000 0.000
vn 0.362 -0.932 0.000
vn 0.434 -0.901 0.000
vn 0.000 -1.000 0.000
vn 0.000 -1.000 0.000
vn 0.000 -1.000 0.000
vn -0.229 -0.973 0.000
vn -0.434 -0.901 0.000
vn -0.782 -0.623 0.000
vn -0.555 -0.832 0.000
vn -0.752 -0.659 0.000
vn -0.434 -0.901 0.000
vn -0.782 -0.623 0.000
vn -0.932 -0.363 0.000
vn -0.975 -0.223 0.000
vn -0.975 0.223 0.000
vn -1.000 0.000 0.000
vn -0.975 -0.223 0.000
vn -0.974 0.228 0.000
vn -0.832 0.554 0.000
vn -0.975 0.223 0.000
vn -0.782 0.623 0.000
vn -0.434 0.901 0.000
vn -0.659 0.752 0.000
vn -0.782 0.623 0.000
vn 0.000 1.000 0.000
vn -0.362 0.932 0.000
vn -0.434 0.901 0.000
vn 0.000 1.000 0.000
vn 0.000 0.000 -1.000
vn 0.000 0.000 -1.000
vn 0.000 0.000 -1.000
vn 0.000 0.000 -1.000
vn 0.000 0.000 -1.000
vn 0.000 0.000 -1.000
vn 0.000 0.000 -1.000
vn 0.000 0.000 -1.000
vn 0.000 0.000 -1.000
vn 0.000 0.000 -1.000
vn 0.000 0.000 -1.000
vn 0.000 0.000 -1.000
vn 0.000 0.000 -1.000
vn 0.000 0.000 -1.000
vn 1.000 0.000 0.000
vn 1.000 0.000 0.000
vn 1.000 0.000 0.000
vn 1.000 0.000 0.000
vn 1.000 0.000 0.000
vn 1.000 0.000 0.000
vn 1.000 0.000 0.000
vn 1.000 0.000 0.000
vn 1.000 0.000 0.000
vn 1.000 0.000 0.000
vn 1.000 0.000 0.000
vn 1.000 0.000 0.000
vn 1.000 0.000 0.000
vn 1.000 0.000 0.000
vn 1.000 0.000 0.000
vn 1.000 0.000 0.000
vn 1.000 0.000 0.000
vn 1.000 0.000 0.000
vn 1.000 0.000 0.000
vn 1.000 0.000 0.000
vn 1.000 0.000 0.000
vn 1.000 0.000 0.000
vn 1.000 0.000 0.000
vn 1.000 0.000 0.000
vn 1.000 0.000 0.000
vn 1.000 0.000 0.000
vn 1.000 0.000 0.000
vn 1.000 0.000 0.000
vn 1.000 0.000 0.000
vn 1.000 0.000 0.000
vn 1.000 0.000 0.000
vn 1.000 0.000 0.000
vn 1.000 0.000 0.000
vn 1.000 0.000 0.000
vn 1.000 0.000 0.000
vn 1.000 0.000 0.000
vn 1.000 0.000 0.000
vn 1.000 0.000 0.000
vn 1.000 0.000 0.000
vn 1.000 0.000 0.000
vn 1.000 0.000 0.000
vn 1.000 0.000 0.000
vn 1.000 0.000 0.000
vn 1.000 0.000 0.000
vn 1.000 0.000 0.000
vn 1.000 0.000 0.000
vn 1.000 0.000 0.000
vn 1.000 0.000 0.000
vn 1.000 0.000 0.000
vn 1.000 0.000 0.000
vn 1.000 0.000 0.000
vn 1.000 0.000 0.000
vn 1.000 0.000 0.000
vn 1.000 0.000 0.000
vn 1.000 0.000 0.000
vn 1.000 0.000 0.000
vn 1.000 0.000 0.000
vn 1.000 0.000 0.000
vn 1.000 0.000 0.000
vn 1.000 0.000 0.000
vn 1.000 0.000 0.000
vn 1.000 0.000 0.000
vn 1.000 0.000 0.000
vn 1.000 0.000 0.000
vn 1.000 0.000 0.000
vn 1.000 0.000 0.000
vn 1.000 0.000 0.000
vn 1.000 0.000 0.000
vn 1.000 0.000 0.000
vn 1.000 0.000 0.000
vn 1.000 0.000 0.000
vn 1.000 0.000 0.000
vn 1.000 0.000 0.000
vn 1.000 0.000 0.000
vn 1.000 0.000 0.000
vn 1.000 0.000 0.000
vn 1.000 0.000 0.000
vn 1.000 0.000 0.000
vn 1.000 0.000 0.000
vn 1.000 0.000 0.000
vn 1.000 0.000 0.000
vn 1.000 0.000 0.000
vn 0.000 0.174 0.985
vn 0.000 0.174 0.985
vn 0.000 0.174 0.985
vn 0.000 0.174 0.985
vn -0.985 0.174 0.000
vn -0.985 0.174 0.000
vn -0.985 0.174 0.000
vn -0.985 0.174 0.000
vn -0.985 0.174 0.000
vn -0.985 0.174 0.000
vn -0.985 0.174 0.000
vn -0.985 0.174 0.000
vn -0.985 0.174 0.000
vn -0.985 0.174 0.000
vn -0.985 0.174 0.000
vn -0.985 0.174 0.000
vn -0.985 0.174 0.000
vn -0.985 0.174 0.000
vn -0.985 0.174 0.000
vn -0.985 0.174 0.000
vn -0.985 0.174 0.000
vn -0.985 0.174 0.000
vn -0.985 0.174 0.000
vn -0.985 0.174 0.000
vn -0.985 0.174 0.000
vn 0.000 1.000 0.000
vn 0.000 0.995 -0.100
vn 0.000 0.998 -0.059
vn 0.000 0.989 -0.151
vn 0.000 0.989 -0.151
vn 0.000 0.962 -0.271
vn 0.000 0.986 -0.166
vn 0.000 0.975 -0.223
vn 0.000 0.955 -0.298
vn 0.000 0.955 -0.298
vn 0.000 0.939 -0.343
vn 0.000 0.899 -0.439
vn 0.000 0.899 -0.439
vn 0.000 0.928 -0.374
vn 0.000 0.889 -0.459
vn 0.000 0.824 -0.566
vn 0.000 0.826 -0.564
vn 0.000 0.882 -0.471
vn 0.000 1.000 0.000
vn 0.000 -0.989 0.149
vn 0.000 -0.989 0.149
vn 0.000 -0.998 0.059
vn 0.000 -1.000 0.000
vn 0.000 -0.956 0.295
vn 0.000 -0.962 0.271
vn 0.000 -0.986 0.166
vn 0.000 -0.956 0.295
vn 0.000 -0.901 0.434
vn 0.000 -0.928 0.374
vn 0.000 -0.901 0.434
vn 0.000 -0.826 0.563
vn 0.000 -0.826 0.564
vn 0.000 -0.882 0.471
vn 0.000 -0.733 0.680
vn 0.000 -0.760 0.649
vn 0.000 -0.733 0.680
vn 0.000 -0.623 0.782
vn 0.000 -0.623 0.782
vn 0.000 -0.686 0.728
vn 0.000 -0.500 0.866
vn 0.000 -0.514 0.858
vn 0.000 -0.604 0.797
vn 0.000 -0.500 0.866
vn 0.000 -0.365 0.931
vn 0.000 -0.419 0.908
vn 0.000 -0.365 0.931
vn 0.000 -0.223 0.975
vn 0.000 -0.223 0.975
vn 0.000 -0.318 0.948
vn 0.000 -0.075 0.997
vn 0.000 -0.108 0.994
vn 0.000 -0.214 0.977
vn 0.000 -0.075 0.997
vn 0.000 0.075 0.997
vn 0.000 0.075 0.997
vn 0.000 0.000 1.000
vn 0.000 0.223 0.975
vn 0.000 0.214 0.977
vn 0.000 0.108 0.994
vn 0.000 0.223 0.975
vn 0.000 0.365 0.931
vn 0.000 0.318 0.948
vn 0.000 0.365 0.931
vn 0.000 0.500 0.866
vn 0.000 0.500 0.866
vn 0.000 0.419 0.908
vn 0.000 0.623 0.782
vn 0.000 0.604 0.797
vn 0.000 0.514 0.858
vn 0.000 0.623 0.782
vn 0.000 0.733 0.680
vn 0.000 0.686 0.728
vn 0.000 0.733 0.680
vn 0.000 0.826 0.563
vn 0.000 0.826 0.564
vn 0.000 0.760 0.649
vn 0.000 0.901 0.434
vn 0.000 0.882 0.471
vn 0.000 0.901 0.434
vn 0.000 0.956 0.295
vn 0.000 0.969 0.248
vn 0.000 0.962 0.271
vn 0.000 0.986 0.166
vn 0.000 0.989 0.149
vn 0.000 0.989 0.149
vn 0.000 0.992 0.125
vn 0.000 1.000 0.000
vn 0.000 0.998 0.059
vn 0.000 1.000 0.000
vn 0.000 0.928 0.374
vn 0.000 0.910 0.414
vn 0.000 0.956 0.295
vn 0.000 0.930 0.366
vn 0.000 0.910 0.414
vn 0.000 -1.000 0.000
vn 0.000 1.000 0.000
vn 0.000 1.000 0.000
vn 0.000 1.000 0.000
vn 0.000 1.000 0.000
vn 0.000 1.000 0.000
vn 0.643 0.000 0.766
vn 0.643 0.000 0.766
vn 0.643 0.000 0.766
vn 0.643 0.000 0.766
vn 0.643 0.000 0.766
vn 0.000 0.000 1.000
vn 0.000 0.000 1.000
vn 0.000 0.000 1.000
vn 0.000 0.000 1.000
vn 0.000 0.000 1.000
vn -0.707 0.000 0.707
vn -0.707 0.000 0.707
vn -0.707 0.000 0.707
vn -0.707 0.000 0.707
vn -1.000 0.000 0.000
vn -1.000 0.000 0.000
vn -1.000 0.000 0.000
vn -1.000 0.000 0.000
vn -1.000 0.000 0.000
vn 0.000 -1.000 0.000
vn 0.000 -1.000 0.000
vn 0.000 -1.000 0.000
vn 0.000 -1.000 0.000
vn 0.000 -1.000 0.000
vn 0.000 -1.000 0.000
vn -0.707 0.000 -0.707
vn -0.707 0.000 -0.707
vn -0.707 0.000 -0.707
vn -0.707 0.000 -0.707
vn 0.000 0.000 -1.000
vn 0.000 0.000 -1.000
vn 0.000 0.000 -1.000
vn 0.000 0.000 -1.000
vn 0.000 0.000 -1.000
vn 0.643 0.000 -0.766
vn 0.643 0.000 -0.766
vn 0.643 0.000 -0.766
vn 0.643 0.000 -0.766
vn 0.643 0.000 -0.766
vn 0.000 -1.000 0.000
vn 0.000 -1.000 0.000
vn 0.000 -1.000 0.000
vn 0.000 -1.000 0.000
vn 0.000 -1.000 0.000
vn 0.000 -1.000 0.000
vn 0.000 0.000 -1.000
vn 0.000 0.000 -1.000
vn 0.000 0.000 -1.000
vn 0.000 0.000 -1.000
vn 0.000 0.000 -1.000
vn 0.000 0.000 1.000
vn 0.000 0.000 1.000
vn 0.000 0.000 1.000
vn 0.000 0.000 1.000
vn 0.000 0.000 1.000
vn -0.301 -0.954 0.000
vn 0.000 -1.000 0.000
vn 0.000 -1.000 0.000
vn -0.574 -0.819 0.000
vn -0.301 -0.954 0.000
vn -0.574 -0.819 0.000
vn 0.000 1.000 0.000
vn 0.000 1.000 0.000
vn 0.000 1.000 0.000
vn 0.000 1.000 0.000
vn 0.000 1.000 0.000
vn 0.000 1.000 0.000
vn 0.000 1.000 0.000
vn 0.000 1.000 0.000
vn 0.000 1.000 0.000
vn 0.000 1.000 0.000
vn 0.000 1.000 0.000
vn 0.000 1.000 0.000
vn 0.000 1.000 0.000
vn 0.000 1.000 0.000
vn 0.000 1.000 0.000
vn 0.000 1.000 0.000
vn 0.000 1.000 0.000
vn 0.000 1.000 0.000
vn 0.000 1.000 0.000
vn 0.000 1.000 0.000
vn 0.000 1.000 0.000
vn 0.000 1.000 0.000
vn 0.000 1.000 0.000
vn 0.000 1.000 0.000
vn 0.000 1.000 0.000
vn 0.000 1.000 0.000
vn 0.000 1.000 0.000
vn 0.000 1.000 0.000
vn 0.000 1.000 0.000
vn 0.000 1.000 0.000
vn 0.000 1.000 0.000
vn 0.000 1.000 0.000
vn 0.000 1.000 0.000
vn 0.000 1.000 0.000
vn 0.000 1.000 0.000
vn 0.000 1.000 0.000
vn 0.000 1.000 0.000
vn 0.000 1.000 0.000
vn 0.000 0.000 1.000
vn 0.000 0.000 1.000
vn -0.434 0.000 0.901
vn -0.434 0.000 0.901
vn -0.782 0.000 0.623
vn -0.782 0.000 0.623
vn -0.975 0.000 0.223
vn -0.975 0.000 0.223
vn -0.975 0.000 -0.223
vn -0.975 0.000 -0.223
vn -0.782 0.000 -0.623
vn -0.782 0.000 -0.623
vn -0.434 0.000 -0.901
vn -0.434 0.000 -0.901
vn 0.000 0.000 -1.000
vn 0.000 0.000 -1.000
vn 0.000 0.000 -1.000
vn 0.000 0.000 -1.000
vn 0.434 0.000 -0.901
vn 0.434 0.000 -0.901
vn 0.782 0.000 -0.623
vn 0.782 0.000 -0.623
vn 0.975 0.000 -0.223
vn 0.975 0.000 -0.223
vn 0.975 0.000 0.223
vn 0.975 0.000 0.223
vn 0.782 0.000 0.623
vn 0.782 0.000 0.623
vn 0.434 0.000 0.901
vn 0.434 0.000 0.901
vn 0.000 0.000 1.000
vn 0.000 0.000 1.000
vn 0.000 1.000 0.000
vn 0.000 1.000 0.000
vn 0.000 1.000 0.000
vn 0.000 1.000 0.000
vn 0.000 1.000 0.000
vn 0.000 1.000 0.000
vn 0.000 1.000 0.000
vn 0.000 1.000 0.000
vn 0.000 1.000 0.000
vn 0.000 1.000 0.000
vn 0.000 1.000 0.000
vn 0.000 1.000 0.000
vn 0.000 1.000 0.000
vn 0.000 1.000 0.000
vn 0.000 0.000 1.000
vn 0.000 0.000 1.000
vn 0.000 0.000 1.000
vn 0.000 0.000 1.000
vn 0.000 0.000 1.000
vn 0.000 0.000 1.000
vn 0.574 0.819 0.000
vn 0.574 0.819 0.000
vn 0.301 0.954 0.000
vn 0.000 1.000 0.000
vn 0.000 1.000 0.000
vn 0.301 0.954 0.000
vn 0.000 1.000 0.000
vn 0.000 0.000 1.000
vn 0.000 0.000 1.000
vn 0.000 0.000 1.000
vn 0.000 0.000 1.000
vn 0.579 -0.406 0.707
vn 0.579 -0.406 0.707
vn 0.579 -0.406 0.707
vn 0.579 -0.406 0.707
vn 0.000 0.000 -1.000
vn 0.000 0.000 -1.000
vn 0.000 0.000 -1.000
vn 0.000 0.000 -1.000
vn 0.000 0.000 -1.000
vn 0.000 0.000 -1.000
vn 0.000 0.000 -1.000
vn 0.000 0.000 -1.000
vn 0.000 0.000 -1.000
vn 0.000 0.000 -1.000
vn 0.579 -0.406 -0.707
vn 0.579 -0.406 -0.707
vn 0.579 -0.406 -0.707
vn 0.579 -0.406 -0.707
vn 0.819 -0.574 0.000
vn 0.819 -0.574 0.000
vn 0.819 -0.574 0.000
vn 0.819 -0.574 0.000
vn 0.000 0.000 1.000
vn 0.000 0.000 1.000
vn 0.000 0.000 1.000
vn 0.000 0.000 1.000
vn 0.757 -0.530 0.383
vn 0.819 -0.574 0.000
vn 0.819 -0.574 0.000
vn 0.579 -0.406 0.707
vn 0.757 -0.530 0.383
vn 0.313 -0.219 0.924
vn 0.579 -0.406 0.707
vn 0.000 0.000 1.000
vn 0.313 -0.219 0.924
vn 0.000 0.000 1.000
vn -0.574 -0.819 0.000
vn -0.574 -0.819 0.000
vn -0.574 -0.819 0.000
vn -0.574 -0.819 0.000
vn -0.574 -0.819 0.000
vn -0.574 -0.819 0.000
vn -0.574 -0.819 0.000
vn -0.574 -0.819 0.000
vn -0.574 -0.819 0.000
vn -0.574 -0.819 0.000
vn -0.574 -0.819 0.000
vn -0.574 -0.819 0.000
vn -0.574 -0.819 0.000
vn -0.574 -0.819 0.000
vn -0.574 -0.819 0.000
vn -0.574 -0.819 0.000
vn -0.574 -0.819 0.000
vn 0.574 0.819 0.000
vn 0.574 0.819 0.000
vn 0.574 0.819 0.000
vn 0.574 0.819 0.000
vn 0.574 0.819 0.000
vn 0.574 0.819 0.000
vn 0.574 0.819 0.000
vn 0.574 0.819 0.000
vn 0.574 0.819 0.000
vn 0.574 0.819 0.000
vn 0.574 0.819 0.000
vn 0.574 0.819 0.000
vn 0.574 0.819 0.000
vn 0.574 0.819 0.000
vn 0.574 0.819 0.000
vn 0.574 0.819 0.000
vn 0.574 0.819 0.000
vn 0.000 0.000 -1.000
vn 0.000 0.000 -1.000
vn 0.000 0.000 -1.000
vn 0.000 0.000 -1.000
vn 0.819 -0.574 0.000
vn 0.819 -0.574 0.000
vn 0.819 -0.574 0.000
vn 0.819 -0.574 0.000
vn 0.313 -0.219 -0.924
vn 0.000 0.000 -1.000
vn 0.000 0.000 -1.000
vn 0.579 -0.406 -0.707
vn 0.313 -0.219 -0.924
vn 0.757 -0.530 -0.383
vn 0.579 -0.406 -0.707
vn 0.819 -0.574 0.000
vn 0.757 -0.530 -0.383
vn 0.819 -0.574 0.000
vn -0.027 0.998 -0.059
vn 0.000 0.998 -0.059
vn 0.000 0.989 -0.151
vn -0.027 0.986 -0.166
vn 0.000 0.986 -0.166
vn 0.000 0.962 -0.271
vn -0.027 0.927 -0.373
vn -0.027 0.962 -0.271
vn 0.000 0.955 -0.298
vn 0.000 0.928 -0.374
vn 0.000 0.899 -0.439
vn -0.027 0.882 -0.471
vn 0.000 0.882 -0.471
vn 0.000 0.826 -0.564
vn -0.027 -0.514 -0.857
vn -0.027 -0.419 -0.908
vn 0.000 -0.454 -0.891
vn 0.000 -0.419 -0.908
vn 0.000 -0.514 -0.858
vn 0.000 -0.572 -0.821
vn -0.027 -0.603 -0.797
vn 0.000 -0.604 -0.797
vn 0.000 -0.686 -0.728
vn -0.027 -0.686 -0.727
vn 0.000 -0.760 -0.649
vn -0.027 -0.826 -0.564
vn -0.027 -0.760 -0.649
vn 0.000 -0.773 -0.635
vn -0.027 -0.882 -0.471
vn 0.000 -0.853 -0.523
vn 0.000 -0.826 -0.564
vn 0.000 -0.882 -0.471
vn 0.000 -0.916 -0.401
vn -0.027 -0.927 -0.373
vn 0.000 -0.928 -0.374
vn 0.000 -0.962 -0.271
vn -0.027 -0.962 -0.271
vn 0.000 -0.986 -0.166
vn -0.027 -0.998 -0.059
vn -0.027 -0.986 -0.166
vn 0.000 -0.991 -0.137
vn -0.053 0.926 -0.373
vn -0.053 0.881 -0.471
vn -0.027 0.826 -0.564
vn -0.053 0.513 -0.857
vn -0.027 0.514 -0.857
vn -0.027 0.419 -0.908
vn -0.053 -0.418 -0.907
vn -0.053 -0.825 -0.563
vn -0.027 1.000 0.000
vn 0.000 1.000 0.000
vn -0.007 0.771 -0.636
vn -0.009 0.754 -0.657
vn -0.003 0.798 -0.602
vn -0.003 0.797 -0.603
vn -0.005 0.788 -0.616
vn 0.000 0.815 -0.579
vn 0.000 0.806 -0.592
vn 0.000 0.824 -0.566
vn -0.005 0.786 -0.619
vn -0.027 0.686 -0.727
vn -0.027 0.760 -0.649
vn -0.012 0.710 -0.704
vn -0.011 0.734 -0.679
vn -0.012 0.678 -0.735
vn -0.012 0.623 -0.782
vn -0.012 0.685 -0.728
vn -0.027 0.603 -0.797
vn -0.013 0.555 -0.832
vn -0.013 0.568 -0.823
vn -0.014 0.464 -0.885
vn -0.015 0.426 -0.905
vn -0.013 0.506 -0.863
vn -0.021 0.341 -0.940
vn -0.023 0.334 -0.942
vn -0.019 0.353 -0.935
vn -0.018 0.370 -0.929
vn -0.016 0.395 -0.919
vn -0.015 0.419 -0.908
vn -0.053 0.318 -0.947
vn -0.053 0.418 -0.907
vn -0.033 0.336 -0.941
vn -0.029 0.334 -0.942
vn -0.025 0.332 -0.943
vn -0.033 0.318 -0.947
vn -0.033 0.214 -0.976
vn -0.053 0.214 -0.975
vn -0.033 0.108 -0.994
vn -0.053 -0.108 -0.993
vn -0.033 -0.108 -0.994
vn -0.033 -0.214 -0.976
vn -0.053 -0.214 -0.975
vn -0.033 -0.318 -0.947
vn -0.053 -0.318 -0.947
vn -0.033 -0.336 -0.941
vn -0.017 -0.329 -0.944
vn 0.000 -0.998 -0.059
vn 0.000 -1.000 0.000
vn -0.027 -1.000 0.000
vn -0.037 -0.999 -0.011
vn -0.037 -0.999 0.000
vn -0.037 -0.997 -0.064
vn -0.038 -0.992 -0.120
vn -0.039 -0.983 -0.177
vn -0.039 -0.980 -0.196
vn -0.041 -0.972 -0.233
vn -0.043 -0.957 -0.288
vn -0.044 -0.949 -0.311
vn -0.045 -0.938 -0.343
vn -0.050 -0.907 -0.418
vn -0.052 -0.892 -0.449
vn -0.048 -0.917 -0.397
vn -0.053 -0.881 -0.471
vn -0.056 -0.865 -0.498
vn -0.058 -0.855 -0.516
vn -0.065 -0.808 -0.586
vn -0.049 -0.798 -0.600
vn -0.048 -0.777 -0.628
vn -0.047 -0.760 -0.649
vn -0.046 -0.730 -0.682
vn -0.044 -0.678 -0.734
vn -0.042 -0.623 -0.781
vn -0.041 -0.603 -0.797
vn -0.040 -0.565 -0.824
vn -0.047 -0.557 -0.829
vn -0.053 -0.513 -0.857
vn -0.072 -0.435 -0.897
vn -0.072 -0.427 -0.901
vn -0.069 -0.520 -0.851
vn -0.079 -0.497 -0.864
vn -0.068 -0.385 -0.920
vn -0.064 -0.341 -0.938
vn -0.060 -0.275 -0.960
vn -0.058 -0.244 -0.968
vn -0.061 -0.292 -0.954
vn -0.055 -0.165 -0.985
vn -0.055 -0.142 -0.988
vn -0.056 -0.193 -0.980
vn -0.054 -0.091 -0.994
vn -0.053 -0.049 -0.997
vn -0.033 0.000 -0.999
vn -0.033 -0.068 -0.997
vn -0.053 -0.038 -0.998
vn -0.033 0.068 -0.997
vn -0.053 0.013 -0.999
vn -0.053 0.108 -0.993
vn -0.053 0.064 -0.997
vn -0.053 0.069 -0.996
vn -0.055 0.165 -0.985
vn -0.056 0.184 -0.981
vn -0.054 0.115 -0.992
vn -0.059 0.262 -0.963
vn -0.061 0.293 -0.954
vn -0.057 0.214 -0.975
vn -0.065 0.354 -0.933
vn -0.069 0.396 -0.916
vn -0.062 0.308 -0.949
vn -0.073 0.441 -0.894
vn -0.079 0.496 -0.865
vn -0.069 0.520 -0.852
vn -0.072 0.435 -0.898
vn -0.040 0.565 -0.824
vn -0.047 0.557 -0.829
vn -0.058 0.540 -0.840
vn -0.041 0.603 -0.797
vn -0.042 0.616 -0.787
vn -0.045 0.722 -0.690
vn -0.047 0.753 -0.656
vn -0.044 0.671 -0.741
vn -0.046 0.722 -0.690
vn -0.049 0.798 -0.600
vn -0.053 0.825 -0.563
vn -0.066 0.808 -0.585
vn -0.072 0.842 -0.534
vn -0.067 0.869 -0.490
vn -0.076 0.815 -0.574
vn -0.075 0.825 -0.560
vn -0.063 0.894 -0.444
vn -0.059 0.917 -0.395
vn -0.065 0.879 -0.473
vn -0.058 0.926 -0.374
vn -0.056 0.938 -0.343
vn -0.053 0.956 -0.289
vn -0.051 0.971 -0.235
vn -0.049 0.982 -0.180
vn -0.052 0.962 -0.266
vn -0.048 0.991 -0.125
vn -0.047 0.996 -0.069
vn -0.049 0.987 -0.153
vn -0.047 0.999 -0.014
vn -0.047 0.999 0.000
vn -0.046 0.722 -0.690
vn -0.058 -0.540 -0.840
vn -0.061 -0.837 -0.544
vn 0.000 -0.327 -0.945
vn 0.940 0.342 0.000
vn 0.940 0.342 0.000
vn 0.940 0.342 0.000
vn 0.940 0.342 0.000
vn 0.940 0.342 0.000
vn 0.940 0.342 0.000
vn 0.940 0.342 0.000
vn 0.940 0.342 0.000
vn 0.940 0.342 0.000
vn 0.940 0.342 0.000
vn 0.000 1.000 0.000
vn 0.000 1.000 0.000
vn 0.000 1.000 0.000
vn 0.000 0.000 -1.000
vn 0.000 0.000 -1.000
vn 0.000 0.000 -1.000
vn 0.940 -0.342 0.000
vn 0.940 -0.342 0.000
vn 0.940 -0.342 0.000
vn 0.940 -0.342 0.000
vn 0.940 -0.342 0.000
vn 0.940 -0.342 0.000
vn 0.940 -0.342 0.000
vn 0.940 -0.342 0.000
vn 0.940 -0.342 0.000
vn 0.017 0.208 -0.978
vn 0.017 0.208 -0.978
vn 0.017 0.208 -0.978
vn 0.017 0.208 -0.978
vn 0.017 0.208 -0.978
vn 0.017 0.208 -0.978
vn 0.017 0.208 -0.978
vn 0.017 0.208 -0.978
vn 0.017 1.000 0.000
vn 0.017 1.000 0.000
vn 0.017 1.000 0.000
vn 0.017 1.000 0.000
vn 0.017 1.000 0.000
vn 0.017 1.000 0.000
vn 0.017 1.000 0.000
vn 0.017 1.000 0.000
vn 0.017 1.000 0.000
vn 0.017 1.000 0.000
vn 0.017 1.000 0.000
vn 0.017 1.000 0.000
vn 0.017 1.000 0.000
vn 0.017 1.000 0.000
vn 0.017 1.000 0.000
vn 0.017 1.000 0.000
vn 0.017 1.000 0.000
vn 0.017 1.000 0.000
vn -0.751 -0.661 0.000
vn -0.679 -0.734 0.000
vn -0.742 -0.670 0.000
vn -0.667 -0.745 0.000
vn -0.667 -0.745 0.000
vn -0.868 -0.497 0.000
vn -0.800 -0.600 0.000
vn -0.852 -0.524 0.000
vn -0.949 -0.314 0.000
vn -0.895 -0.446 0.000
vn -0.931 -0.365 0.000
vn -0.868 -0.497 0.000
vn -0.993 -0.118 0.000
vn -0.960 -0.281 0.000
vn -0.980 -0.197 0.000
vn -0.949 -0.314 0.000
vn -0.994 -0.110 0.000
vn -1.000 -0.022 0.000
vn -0.997 0.083 0.000
vn -0.998 0.066 0.000
vn -0.993 -0.118 0.000
vn -0.970 0.243 0.000
vn -0.960 0.281 0.000
vn -0.997 0.083 0.000
vn -0.988 0.155 0.000
vn -0.960 0.281 0.000
vn -0.910 0.415 0.000
vn -0.884 0.467 0.000
vn -0.944 0.329 0.000
vn -0.884 0.467 0.000
vn -0.868 0.497 0.000
vn -0.816 0.578 0.000
vn -0.773 0.634 0.000
vn -0.758 0.653 0.000
vn -0.693 0.721 0.000
vn -0.693 0.721 0.000
vn -0.667 -0.745 0.000
vn -0.667 -0.745 0.000
vn -0.667 -0.745 0.000
vn -0.667 -0.745 0.000
vn -0.667 -0.745 0.000
vn -0.667 -0.745 0.000
vn -0.667 -0.745 0.000
vn -0.667 -0.745 0.000
vn -0.667 -0.745 0.000
vn -0.492 -0.868 -0.062
vn -0.426 -0.901 -0.082
vn -0.453 -0.884 -0.119
vn -0.617 -0.786 -0.024
vn -0.561 -0.826 -0.050
vn -0.567 -0.821 -0.059
vn -0.512 -0.855 -0.090
vn -0.614 -0.789 -0.020
vn -0.555 -0.831 -0.041
vn -0.392 -0.908 -0.149
vn -0.329 -0.928 -0.177
vn -0.369 -0.901 -0.229
vn -0.357 -0.928 -0.103
vn -0.667 -0.745 0.000
vn -0.667 -0.745 0.000
vn -0.667 -0.745 0.000
vn -0.603 -0.798 -0.013
vn -0.611 -0.791 -0.015
vn -0.536 -0.844 -0.029
vn -0.464 -0.884 -0.050
vn -0.385 -0.919 -0.082
vn -0.319 -0.940 -0.122
vn -0.265 -0.945 -0.193
vn -0.311 -0.913 -0.265
vn -0.263 -0.944 -0.199
vn -0.258 -0.939 -0.228
vn -0.319 -0.887 -0.334
vn -0.360 -0.891 -0.276
vn -0.259 -0.932 -0.253
vn -0.303 -0.883 -0.359
vn -0.405 -0.887 -0.220
vn -0.425 -0.885 -0.192
vn -0.454 -0.875 -0.168
vn -0.505 -0.855 -0.120
vn -0.559 -0.826 -0.075
vn -0.614 -0.789 -0.035
vn -0.620 -0.784 -0.029
vn -0.667 -0.745 0.000
vn -0.301 -0.944 -0.138
vn 0.017 0.208 -0.978
vn -0.087 0.214 -0.973
vn -0.169 0.218 -0.961
vn 0.017 0.208 -0.978
vn 0.005 0.209 -0.978
vn -0.008 0.210 -0.978
vn -0.145 0.217 -0.965
vn -0.251 0.220 -0.943
vn -0.330 0.220 -0.918
vn -0.456 0.217 -0.863
vn -0.306 0.220 -0.926
vn -0.407 0.219 -0.887
vn -0.588 0.209 -0.782
vn -0.577 0.210 -0.789
vn -0.590 0.209 -0.780
vn -0.602 0.208 -0.771
vn -0.602 0.208 -0.771
vn -0.550 0.212 -0.808
vn -0.578 0.210 -0.789
vn -0.481 0.216 -0.850
vn -0.602 0.208 -0.771
vn -0.602 0.208 -0.771
vn -0.602 0.208 -0.771
vn -0.602 0.208 -0.771
vn -0.602 0.208 -0.771
vn -0.602 0.208 -0.771
vn -0.693 0.721 0.000
vn -0.693 0.721 0.000
vn -0.693 0.721 0.000
vn -0.693 0.721 0.000
vn -0.693 0.721 0.000
vn -0.693 0.721 0.000
vn 0.017 -0.208 -0.978
vn 0.017 -0.208 -0.978
vn 0.017 -0.208 -0.978
vn 0.017 -0.208 -0.978
vn 0.017 -0.208 -0.978
vn 0.017 -0.208 -0.978
vn 0.017 -0.208 -0.978
vn 0.017 -0.208 -0.978
vn 0.017 -0.208 -0.978
vn 0.017 -0.208 -0.978
vn 0.017 -0.208 -0.978
vn 0.017 -0.208 -0.978
vn 0.017 -0.208 -0.978
vn 0.017 -0.208 -0.978
vn 0.017 -0.208 -0.978
vn 0.017 -0.208 -0.978
vn 0.017 -1.000 0.000
vn 0.017 -1.000 0.000
vn 0.017 -1.000 0.000
vn 0.017 -1.000 0.000
vn 0.017 -1.000 0.000
vn 0.017 -1.000 0.000
vn 0.017 -1.000 0.000
vn 0.017 -1.000 0.000
vn 0.017 -1.000 0.000
vn 0.000 1.000 0.000
vn 0.000 1.000 0.000
vn 0.000 1.000 0.000
vn 0.000 1.000 0.000
vn 0.000 1.000 0.000
vn 0.893 -0.052 -0.447
vn 0.893 -0.052 -0.447
vn 0.893 -0.052 -0.447
vn 0.893 -0.052 -0.447
vn 0.893 -0.052 -0.447
vn 0.893 -0.052 -0.447
vn 0.439 -0.052 -0.897
vn 0.348 -0.052 -0.936
vn 0.352 -0.052 -0.935
vn 0.488 -0.052 -0.871
vn 0.583 -0.052 -0.811
vn 0.673 -0.052 -0.738
vn 0.711 -0.052 -0.702
vn 0.583 -0.052 -0.811
vn 0.610 -0.052 -0.790
vn 0.711 -0.052 -0.702
vn 0.788 -0.052 -0.614
vn 0.818 -0.052 -0.573
vn 0.733 -0.052 -0.679
vn 0.818 -0.052 -0.573
vn 0.880 -0.052 -0.472
vn 0.902 -0.052 -0.428
vn 0.837 -0.052 -0.545
vn 0.961 -0.052 -0.271
vn 0.902 -0.052 -0.428
vn 0.945 -0.052 -0.322
vn 0.916 -0.052 -0.397
vn 0.968 -0.052 -0.245
vn 0.985 -0.052 -0.167
vn 0.961 -0.052 -0.271
vn 0.993 -0.052 -0.107
vn 0.995 -0.052 -0.089
vn 0.999 -0.052 -0.015
vn 0.999 -0.052 0.000
vn 0.999 -0.052 0.000
vn 0.355 -0.052 -0.933
vn -1.000 0.000 0.000
vn -1.000 0.000 0.000
vn -1.000 0.000 0.000
vn -1.000 0.000 0.000
vn -0.616 0.000 -0.788
vn -0.616 0.000 -0.788
vn -0.616 0.000 -0.788
vn -0.616 0.000 -0.788
vn 0.000 1.000 0.000
vn 0.000 1.000 0.000
vn 0.000 1.000 0.000
vn 0.000 1.000 0.000
vn 0.000 1.000 0.000
vn 0.000 1.000 0.000
vn 0.000 1.000 0.000
vn 0.000 1.000 0.000
vn 0.000 1.000 0.000
vn -0.498 0.000 -0.867
vn -0.498 0.000 -0.867
vn -0.351 0.000 -0.937
vn -0.519 0.000 -0.855
vn -0.557 0.000 -0.831
vn -0.622 0.000 -0.783
vn -0.640 0.000 -0.768
vn -0.668 0.000 -0.744
vn -0.684 0.000 -0.729
vn -0.743 0.000 -0.670
vn -0.743 0.000 -0.670
vn -0.204 0.000 -0.979
vn -0.204 0.000 -0.979
vn -0.326 0.000 -0.945
vn -0.341 0.000 -0.940
vn 0.000 0.582 -0.813
vn 0.000 0.642 -0.767
vn 0.000 0.702 -0.712
vn 0.000 0.643 -0.766
vn 0.000 0.757 -0.653
vn 0.000 0.746 -0.666
vn 0.000 0.752 -0.660
vn 0.000 0.707 -0.707
vn 0.000 0.757 -0.653
vn 0.000 0.582 -0.813
vn 0.000 0.000 -1.000
vn 0.000 0.000 -1.000
vn 0.000 0.000 -1.000
vn 0.000 0.000 -1.000
vn 0.000 0.000 -1.000
vn 0.000 0.052 -0.999
vn 0.000 0.052 -0.999
vn 0.000 0.052 -0.999
vn 0.000 0.052 -0.999
vn 0.000 0.052 -0.999
vn 0.000 0.052 -0.999
vn 0.000 0.407 -0.914
vn 0.000 0.407 -0.914
vn 0.000 0.407 -0.914
vn 0.000 0.407 -0.914
vn 0.000 0.407 -0.914
vn 0.000 0.407 -0.914
vn -0.511 0.174 -0.842
vn -0.511 0.174 -0.842
vn -0.631 0.174 -0.756
vn -0.658 0.174 -0.733
vn -0.345 0.174 -0.922
vn -0.345 0.174 -0.922
vn -0.490 0.174 -0.854
vn 0.985 0.174 -0.023
vn 0.979 0.174 -0.109
vn 0.983 0.174 -0.059
vn 0.985 0.174 0.000
vn 0.985 0.174 0.000
vn 0.955 0.174 -0.240
vn 0.965 0.174 -0.196
vn 0.894 0.174 -0.414
vn 0.943 0.174 -0.282
vn 0.955 0.174 -0.240
vn 0.914 0.174 -0.366
vn 0.894 0.174 -0.414
vn 0.877 0.174 -0.448
vn 0.801 0.174 -0.572
vn 0.831 0.174 -0.528
vn 0.681 0.174 -0.711
vn 0.779 0.174 -0.603
vn 0.720 0.174 -0.672
vn 0.801 0.174 -0.573
vn 0.537 0.174 -0.826
vn 0.655 0.174 -0.736
vn 0.584 0.174 -0.793
vn 0.681 0.174 -0.712
vn 0.374 0.174 -0.911
vn 0.537 0.174 -0.826
vn 0.510 0.174 -0.843
vn 0.373 0.174 -0.912
vn 0.225 0.174 -0.959
vn 0.198 0.174 -0.965
vn 0.198 0.174 -0.965
vn 0.073 0.174 -0.982
vn 0.016 0.174 -0.985
vn -0.168 0.174 -0.970
vn -0.079 0.174 -0.982
vn 0.016 0.174 -0.985
vn -0.185 0.174 -0.967
vn -0.193 0.174 -0.966
vn -0.168 0.174 -0.970
vn -0.720 0.174 -0.672
vn -0.766 0.174 -0.619
vn -0.658 0.174 -0.733
vn -0.726 0.174 -0.666
vn -0.731 0.174 -0.659
vn -0.809 0.174 -0.562
vn -0.783 0.174 -0.597
vn -0.201 0.174 -0.964
vn -0.373 0.928 0.000
vn -0.559 0.829 0.000
vn -0.473 0.881 0.000
vn -0.559 0.829 0.000
vn -0.182 0.983 0.000
vn -0.171 0.985 0.000
vn -0.100 0.995 0.000
vn 0.000 1.000 0.000
vn 0.000 1.000 0.000
vn -0.084 0.996 0.000
vn -0.373 0.928 0.000
vn -0.280 0.960 0.000
vn -0.292 0.956 0.000
vn -0.199 0.980 0.000
vn -0.305 0.953 0.000
vn -0.693 0.721 0.000
vn -0.626 0.780 0.000
vn -0.693 0.721 0.000
vn -0.280 0.960 0.000
vn 0.990 -0.141 0.000
vn 0.990 -0.140 0.000
vn 0.990 -0.140 0.000
vn 0.990 -0.141 0.000
vn 0.990 -0.141 0.000
vn 0.990 -0.141 0.000
vn 0.000 1.000 0.000
vn 0.000 1.000 0.000
vn 0.000 1.000 0.000
vn 0.000 1.000 0.000
vn 0.000 1.000 0.000
vn -0.893 -0.052 -0.447
vn -0.893 -0.052 -0.447
vn -0.893 -0.052 -0.447
vn -0.893 -0.052 -0.447
vn -0.893 -0.052 -0.447
vn -0.893 -0.052 -0.447
vn 0.000 1.000 0.000
vn 0.000 1.000 0.000
vn 0.000 1.000 0.000
vn 0.000 1.000 0.000
vn 0.000 1.000 0.000
vn 0.000 1.000 0.000
vn 0.000 1.000 0.000
vn 0.000 1.000 0.000
vn 0.000 1.000 0.000
vn 0.000 1.000 0.000
vn 0.000 1.000 0.000
vn 0.000 0.000 -1.000
vn 0.000 0.000 -1.000
vn 0.000 0.000 -1.000
vn 0.000 0.000 -1.000
vn 0.000 0.000 -1.000
vn 0.000 0.000 -1.000
vn 0.000 0.000 -1.000
vn 0.000 0.000 -1.000
vn 0.000 0.000 -1.000
vn 0.000 0.000 -1.000
vn 0.000 0.000 -1.000
vn 0.000 0.000 -1.000
vn 0.000 0.000 -1.000
vn 0.000 0.000 -1.000
vn 0.000 0.000 -1.000
vn 0.000 0.000 -1.000
vn 0.000 0.000 -1.000
vn 0.000 0.000 -1.000
vn 0.000 0.000 -1.000
vn 0.000 0.000 -1.000
vn 0.000 0.000 -1.000
vn 0.000 0.000 -1.000
vn 0.000 0.000 -1.000
vn 0.000 0.000 -1.000
vn 0.000 0.000 -1.000
vn 0.000 0.000 -1.000
vn 0.000 0.000 -1.000
vn 0.000 0.000 -1.000
vn 0.000 0.000 -1.000
vn 0.000 0.000 -1.000
vn 0.000 0.000 -1.000
vn 0.000 0.000 -1.000
vn 0.000 0.000 -1.000
vn 0.000 0.000 -1.000
vn 0.000 0.000 -1.000
vn 0.000 0.000 -1.000
vn 0.000 0.000 -1.000
vn 0.000 0.000 -1.000
vn 0.000 0.000 -1.000
vn 0.000 0.000 -1.000
vn 0.000 0.000 -1.000
vn 0.000 0.000 -1.000
vn 0.000 0.000 -1.000
vn -1.000 0.000 0.000
vn -1.000 0.000 0.000
vn -1.000 0.000 0.000
vn -1.000 0.000 0.000
vn -1.000 0.000 0.000
vn -1.000 0.000 0.000
vn 0.000 -1.000 0.000
vn 0.000 -1.000 0.000
vn 0.000 -1.000 0.000
vn 0.000 -1.000 0.000
vn 0.000 -1.000 0.000
vn 0.000 -0.813 -0.582
vn 0.000 -0.813 -0.582
vn 0.000 -0.758 -0.652
vn 0.000 -0.755 -0.656
vn 0.000 -0.701 -0.713
vn 0.000 -0.691 -0.723
vn 0.000 -0.691 -0.723
vn -0.990 -0.037 -0.134
vn -0.988 -0.080 -0.134
vn -0.992 -0.080 -0.100
vn -0.991 0.093 -0.100
vn -0.986 0.136 -0.100
vn -0.983 0.136 -0.125
vn -0.987 0.093 -0.133
vn -0.997 -0.037 -0.067
vn -0.995 -0.080 -0.067
vn -0.996 -0.080 -0.033
vn -0.983 -0.123 -0.133
vn -0.977 -0.166 -0.132
vn -0.981 -0.166 -0.099
vn -0.994 -0.037 -0.100
vn -0.987 -0.123 -0.100
vn -0.990 -0.123 -0.067
vn -0.972 -0.209 -0.105
vn -0.977 -0.209 -0.053
vn -0.984 -0.166 -0.066
vn -0.992 -0.123 -0.033
vn -0.999 -0.045 0.000
vn -0.999 -0.037 -0.033
vn -0.992 -0.123 0.000
vn -0.995 -0.100 0.000
vn -0.986 -0.166 -0.033
vn -0.988 -0.155 0.000
vn -0.978 -0.209 0.000
vn -0.991 0.007 -0.134
vn -0.995 0.007 -0.101
vn -0.994 0.050 -0.100
vn -0.990 0.050 -0.134
vn -0.993 0.093 -0.067
vn -0.997 0.050 -0.067
vn -0.998 0.050 -0.033
vn -0.995 0.093 -0.033
vn -0.996 0.093 0.000
vn -0.993 0.119 0.000
vn -0.990 0.136 -0.042
vn -0.998 0.064 0.000
vn -0.999 0.007 -0.034
vn -0.998 0.007 -0.067
vn -1.000 0.010 0.000
vn -0.975 0.093 -0.199
vn -0.982 0.093 -0.166
vn -0.977 0.136 -0.166
vn -0.969 0.136 -0.208
vn -0.967 0.136 -0.214
vn -0.971 0.136 -0.198
vn -0.971 0.050 -0.233
vn -0.979 0.050 -0.200
vn -0.972 0.007 -0.233
vn -0.980 0.007 -0.200
vn -0.972 -0.037 -0.233
vn -0.986 0.007 -0.167
vn -0.985 0.050 -0.167
vn -0.982 0.136 -0.133
vn -0.979 -0.037 -0.200
vn -0.985 -0.037 -0.167
vn -0.977 -0.080 -0.200
vn -0.969 -0.080 -0.232
vn -0.965 -0.123 -0.231
vn -0.972 -0.123 -0.199
vn -0.978 -0.123 -0.166
vn -0.983 -0.080 -0.167
vn -0.966 -0.166 -0.197
vn -0.972 -0.166 -0.165
vn -0.959 -0.166 -0.230
vn -0.956 0.136 -0.260
vn -0.961 0.091 -0.260
vn -0.968 0.093 -0.232
vn -0.964 0.047 -0.260
vn -0.966 0.003 -0.260
vn -0.965 -0.041 -0.260
vn -0.962 -0.085 -0.260
vn -0.957 -0.128 -0.260
vn -0.965 -0.172 -0.197
vn -0.967 -0.172 -0.188
vn -0.967 -0.175 -0.185
vn -0.967 -0.203 -0.152
vn -0.967 -0.206 -0.152
vn -0.967 -0.189 -0.170
vn -0.966 -0.209 -0.152
vn -0.950 -0.172 -0.260
vn -0.991 0.136 0.000
vn 0.000 0.000 -1.000
vn 0.000 0.000 -1.000
vn 0.000 0.000 -1.000
vn 0.000 0.000 -1.000
vn 0.000 0.000 -1.000
vn 0.000 0.000 -1.000
vn 0.000 0.000 -1.000
vn 0.000 0.000 -1.000
vn 0.000 0.000 -1.000
vn 0.000 0.000 -1.000
vn 0.000 0.000 -1.000
vn 0.000 0.000 -1.000
vn 0.000 0.000 -1.000
vn -0.854 -0.518 -0.046
vn -0.760 -0.648 -0.041
vn -0.761 -0.648 0.000
vn -0.850 -0.518 -0.092
vn -0.757 -0.648 -0.082
vn -0.927 -0.374 0.000
vn -0.926 -0.374 -0.050
vn -0.972 -0.229 -0.052
vn -0.922 -0.374 -0.099
vn -0.977 -0.208 -0.053
vn -0.973 -0.229 0.000
vn -0.972 -0.208 -0.105
vn -0.968 -0.229 -0.104
vn -0.966 -0.208 -0.152
vn -0.964 -0.218 -0.152
vn -0.962 -0.228 -0.151
vn -0.940 -0.307 -0.148
vn -0.916 -0.374 -0.145
vn -0.892 -0.429 -0.142
vn -0.829 -0.544 -0.133
vn -0.752 -0.648 -0.121
vn -0.978 -0.208 0.000
vn -0.855 -0.518 0.000
vn 0.000 -1.000 0.000
vn 0.000 -1.000 0.000
vn 0.000 -1.000 0.000
vn 0.000 -1.000 0.000
vn 0.000 -1.000 0.000
vn 0.000 -1.000 0.000
vn 0.000 -1.000 0.000
vn 0.000 -1.000 0.000
vn 0.000 -1.000 0.000
vn 0.000 -1.000 0.000
vn 0.000 -1.000 0.000
vn 0.000 -1.000 0.000
vn 0.000 -1.000 0.000
vn 0.000 -1.000 0.000
vn 0.000 -1.000 0.000
vn 0.000 -1.000 0.000
vn 0.000 -1.000 0.000
vn -0.849 -0.518 0.104
vn -0.854 -0.518 0.052
vn -0.760 -0.648 0.046
vn -0.855 -0.518 0.000
vn -0.761 -0.648 0.000
vn -0.921 -0.374 0.113
vn -0.927 -0.374 0.000
vn -0.926 -0.374 0.056
vn -0.966 -0.229 0.118
vn -0.973 -0.229 0.000
vn -0.972 -0.229 0.059
vn -0.973 -0.208 0.105
vn -0.971 -0.208 0.119
vn -0.978 -0.208 0.000
vn -0.756 -0.648 0.092
vn -0.749 -0.648 0.137
vn -0.825 -0.544 0.150
vn -0.865 -0.477 0.156
vn -0.865 -0.477 0.156
vn -0.864 -0.478 0.156
vn -0.913 -0.374 0.164
vn -0.919 -0.359 0.165
vn -0.955 -0.241 0.171
vn -0.966 -0.208 0.156
vn -0.963 -0.208 0.172
vn -0.976 -0.208 0.060
vn 0.000 0.000 1.000
vn 0.000 -0.002 1.000
vn 0.000 -0.004 1.000
vn 0.000 0.000 1.000
vn 0.000 -0.004 1.000
vn 0.000 0.000 1.000
vn 0.000 0.000 1.000
vn 0.000 -0.004 1.000
vn 0.000 -0.004 1.000
vn 0.000 0.000 1.000
vn 0.000 0.000 1.000
vn 0.000 0.000 1.000
vn 0.000 0.000 1.000
vn 0.000 0.000 1.000
vn 0.000 0.000 1.000
vn 0.000 0.000 1.000
vn 0.000 0.000 1.000
vn 0.000 0.000 1.000
vn 0.000 0.000 1.000
vn 0.000 0.000 1.000
vn 0.000 0.000 1.000
vn 0.000 0.000 1.000
vn 0.000 0.000 1.000
vn 0.000 0.000 1.000
vn 0.000 0.000 1.000
vn 0.000 0.000 1.000
vn 0.000 -0.671 0.741
vn 0.000 -0.671 0.741
vn 0.000 -0.750 0.662
vn 0.000 -0.585 0.811
vn 0.000 -0.585 0.811
vn 0.000 -0.750 0.662
vn -1.000 0.000 0.000
vn -1.000 0.000 0.000
vn -1.000 0.000 0.000
vn -1.000 0.000 0.000
vn -1.000 0.000 0.000
vn -1.000 0.000 0.000
vn -1.000 0.000 0.000
vn -1.000 0.000 0.000
vn -0.975 -0.155 0.158
vn -0.982 -0.155 0.106
vn -0.971 -0.209 0.119
vn -0.972 -0.209 0.105
vn -0.987 -0.155 0.053
vn -0.976 -0.209 0.059
vn -0.978 -0.209 0.000
vn -0.982 -0.100 0.159
vn -0.989 -0.100 0.106
vn -0.994 -0.100 0.053
vn -0.992 -0.123 0.000
vn -0.995 -0.100 0.000
vn -0.972 -0.100 0.212
vn -0.976 -0.045 0.212
vn -0.986 -0.045 0.160
vn -0.993 -0.045 0.107
vn -0.999 -0.045 0.000
vn -0.977 0.010 0.213
vn -0.987 0.010 0.160
vn -0.998 -0.045 0.053
vn -0.994 0.010 0.107
vn -0.999 0.010 0.054
vn -1.000 0.010 0.000
vn -0.975 0.064 0.212
vn -0.985 0.064 0.160
vn -0.992 0.064 0.107
vn -0.996 0.064 0.053
vn -0.970 0.119 0.211
vn -0.980 0.119 0.159
vn -0.987 0.119 0.106
vn -0.991 0.119 0.053
vn -0.996 0.093 0.000
vn -0.993 0.119 0.000
vn -0.968 0.136 0.210
vn -0.968 0.136 0.211
vn -0.978 0.136 0.158
vn -0.983 0.136 0.126
vn -0.985 0.136 0.106
vn -0.990 0.136 0.042
vn -0.989 0.136 0.053
vn -0.966 -0.195 0.172
vn -0.966 -0.175 0.193
vn -0.965 -0.209 0.156
vn -0.964 -0.202 0.172
vn -0.963 -0.209 0.172
vn -0.966 -0.152 0.211
vn -0.957 -0.132 0.260
vn -0.954 -0.152 0.260
vn -0.962 -0.088 0.260
vn -0.965 -0.044 0.260
vn -0.966 0.000 0.260
vn -0.965 0.026 0.260
vn -0.966 0.010 0.260
vn -0.963 0.070 0.260
vn -0.957 0.125 0.260
vn -0.959 0.114 0.260
vn -0.956 0.136 0.260
vn -0.991 0.136 0.000
vn -0.998 0.064 0.000
vn -0.988 -0.155 0.000
vn 0.000 -1.000 0.000
vn 0.000 -1.000 0.000
vn 0.000 -1.000 0.000
vn 0.000 -1.000 0.000
vn 0.000 1.000 0.000
vn 0.000 1.000 0.000
vn 0.000 1.000 0.000
vn 0.000 1.000 0.000
vn 0.000 1.000 0.000
vn 0.000 1.000 0.000
vn 0.000 1.000 0.000
vn 0.000 1.000 0.000
vn 0.000 1.000 0.000
vn 0.000 1.000 0.000
vn 0.000 1.000 0.000
vn 0.990 -0.141 0.000
vn 0.990 -0.141 0.000
vn 0.990 -0.141 0.000
vn 0.990 -0.141 0.000
vn 0.990 -0.141 0.000
vn 0.990 -0.141 0.000
vn -0.418 -0.052 -0.907
vn -0.418 -0.052 -0.907
vn -0.569 -0.052 -0.821
vn -0.569 -0.052 -0.821
vn -0.702 -0.052 -0.710
vn -0.702 -0.052 -0.710
vn -0.815 -0.052 -0.578
vn -0.902 -0.052 -0.428
vn -0.902 -0.052 -0.428
vn -0.837 -0.052 -0.545
vn -0.963 -0.052 -0.265
vn -0.994 -0.052 -0.095
vn -0.994 -0.052 -0.095
vn -0.999 -0.052 0.000
vn -0.994 -0.052 -0.095
vn -0.963 -0.052 -0.265
vn -0.988 -0.052 -0.145
vn -0.988 -0.052 -0.143
vn -0.988 -0.052 -0.144
vn -0.994 -0.052 -0.095
vn -0.999 -0.052 0.000
vn -0.084 -0.052 -0.995
vn -0.002 -0.052 -0.999
vn -0.006 -0.052 -0.999
vn -0.067 -0.052 -0.996
vn 0.001 -0.052 -0.999
vn -0.130 -0.052 -0.990
vn -0.183 -0.052 -0.982
vn -0.255 -0.052 -0.965
vn -0.356 -0.052 -0.933
vn -0.352 -0.052 -0.934
vn -0.255 -0.052 -0.965
vn -0.348 -0.052 -0.936
vn -0.999 -0.052 0.000
vn -0.999 -0.052 0.000
vn -0.815 -0.052 -0.578
vn 0.000 -0.026 -1.000
vn 0.000 -0.026 -1.000
vn 0.000 -0.026 -1.000
vn 0.000 -0.026 -1.000
vn 0.000 -0.026 -1.000
vn 0.000 -1.000 0.000
vn 0.000 -1.000 0.000
vn 0.000 -1.000 0.000
vn 0.000 -1.000 0.000
vn 0.000 -1.000 0.000
vn 0.000 -1.000 0.000
vn 0.000 -1.000 0.000
vn 0.000 1.000 0.000
vn 0.000 1.000 0.000
vn 0.000 1.000 0.000
vn 0.000 1.000 0.000
vn 0.000 1.000 0.000
vn 0.000 1.000 0.000
vn 0.000 1.000 0.000
vn 0.000 -0.026 1.000
vn 0.000 -0.026 1.000
vn 0.000 -0.026 1.000
vn 0.000 -0.026 1.000
vn 0.000 -0.026 1.000
vn -1.000 -0.026 0.000
vn -1.000 -0.026 0.000
vn -1.000 -0.026 0.000
vn -1.000 -0.026 0.000
vn -0.981 -0.052 0.187
vn -0.981 -0.052 0.187
vn -0.934 -0.052 0.353
vn -0.934 -0.052 0.353
vn -0.860 -0.052 0.508
vn -0.759 -0.052 0.649
vn -0.785 -0.052 0.617
vn -0.759 -0.052 0.649
vn -0.637 -0.052 0.769
vn -0.637 -0.052 0.769
vn -0.495 -0.052 0.867
vn -0.495 -0.052 0.867
vn -0.338 -0.052 0.940
vn -0.338 -0.052 0.940
vn -0.172 -0.052 0.984
vn 0.999 -0.052 0.000
vn 0.996 -0.052 0.078
vn 0.999 -0.052 0.016
vn 0.981 -0.052 0.187
vn 0.987 -0.052 0.154
vn 0.934 -0.052 0.353
vn 0.972 -0.052 0.231
vn 0.981 -0.052 0.187
vn 0.951 -0.052 0.305
vn 0.860 -0.052 0.508
vn 0.924 -0.052 0.378
vn 0.934 -0.052 0.353
vn 0.892 -0.052 0.450
vn 0.759 -0.052 0.649
vn 0.860 -0.052 0.508
vn 0.854 -0.052 0.518
vn 0.810 -0.052 0.584
vn 0.637 -0.052 0.769
vn 0.705 -0.052 0.708
vn 0.645 -0.052 0.763
vn 0.760 -0.052 0.648
vn 0.495 -0.052 0.867
vn 0.637 -0.052 0.769
vn 0.610 -0.052 0.790
vn 0.487 -0.052 0.872
vn 0.352 -0.052 0.935
vn 0.338 -0.052 0.940
vn 0.495 -0.052 0.867
vn 0.338 -0.052 0.940
vn 0.210 -0.052 0.976
vn 0.172 -0.052 0.984
vn 0.172 -0.052 0.984
vn 0.065 -0.052 0.997
vn 0.000 -0.052 0.999
vn 0.000 -0.052 0.999
vn -0.172 -0.052 0.984
vn -0.053 -0.052 0.997
vn -0.002 -0.052 0.999
vn -0.123 -0.052 0.991
vn -0.113 -0.052 0.992
vn -0.104 -0.052 0.993
vn -0.088 -0.052 0.995
vn -0.073 -0.052 0.996
vn 0.000 -0.052 0.999
vn -0.999 -0.052 0.000
vn -0.999 -0.052 0.000
vn -0.999 -0.052 0.016
vn -0.999 -0.052 0.016
vn -0.988 -0.052 0.143
vn -0.988 -0.052 0.144
vn -0.988 -0.052 0.145
vn -0.999 -0.052 0.016
vn -0.999 -0.052 0.000
vn -0.999 -0.052 0.000
vn -0.999 -0.052 0.016
vn 0.001 -0.052 0.999
vn 0.000 -0.052 0.999
vn 0.999 -0.052 0.000
vn -0.860 -0.052 0.508
vn -0.444 -0.208 0.872
vn -0.444 -0.208 0.872
vn -0.444 -0.208 0.872
vn -0.444 -0.208 0.872
vn -0.444 -0.208 0.872
vn -0.399 -0.210 0.893
vn -0.444 -0.208 0.872
vn -0.444 -0.208 0.872
vn -0.305 -0.213 0.928
vn -0.427 -0.209 0.880
vn -0.315 -0.213 0.925
vn -0.146 -0.213 0.966
vn -0.232 -0.214 0.949
vn -0.133 -0.213 0.968
vn -0.149 -0.213 0.966
vn 0.017 -0.208 0.978
vn -0.064 -0.211 0.975
vn 0.017 -0.208 0.978
vn -0.409 -0.210 0.888
vn -0.274 0.962 0.000
vn -0.212 0.977 0.000
vn -0.221 0.975 0.000
vn -0.203 0.979 0.000
vn -0.324 0.946 0.000
vn -0.327 0.945 0.000
vn -0.257 0.966 0.000
vn -0.389 0.921 0.000
vn -0.464 0.886 0.000
vn -0.327 0.945 0.000
vn -0.468 0.884 0.000
vn -0.522 0.853 0.000
vn -0.596 0.803 0.000
vn -0.455 0.890 0.000
vn -0.586 0.810 0.000
vn -0.641 0.768 0.000
vn -0.693 0.721 0.000
vn -0.693 0.721 0.000
vn 0.017 -0.208 0.978
vn 0.017 -0.208 0.978
vn 0.017 -0.208 0.978
vn 0.017 -0.208 0.978
vn 0.017 -0.208 0.978
vn 0.017 -0.208 0.978
vn 0.017 -0.208 0.978
vn 0.017 -0.208 0.978
vn 0.017 -0.208 0.978
vn 0.017 -0.208 0.978
vn 0.017 -1.000 0.000
vn 0.017 -1.000 0.000
vn 0.017 -1.000 0.000
vn 0.017 -1.000 0.000
vn 0.017 -1.000 0.000
vn 0.017 -1.000 0.000
vn 0.017 -1.000 0.000
vn 0.017 -1.000 0.000
vn 0.017 -1.000 0.000
vn 0.017 -1.000 0.000
vn 0.017 -1.000 0.000
vn 0.017 -1.000 0.000
vn 0.017 -1.000 0.000
vn 0.017 -1.000 0.000
vn 0.017 -1.000 0.000
vn 0.940 -0.342 0.000
vn 0.940 -0.342 0.000
vn 0.940 -0.342 0.000
vn 0.940 -0.342 0.000
vn 0.940 -0.342 0.000
vn 0.940 -0.342 0.000
vn 0.940 -0.342 0.000
vn 0.940 -0.342 0.000
vn 0.940 -0.342 0.000
vn -0.693 0.721 0.000
vn -0.693 0.721 0.000
vn -0.693 0.721 0.000
vn -0.693 0.721 0.000
vn -0.693 0.721 0.000
vn -0.693 0.721 0.000
vn -0.773 0.634 0.000
vn -0.703 0.711 0.000
vn -0.764 0.645 0.000
vn -0.693 0.721 0.000
vn -0.693 0.721 0.000
vn -0.884 0.467 0.000
vn -0.819 0.573 0.000
vn -0.868 0.496 0.000
vn -0.960 0.281 0.000
vn -0.909 0.417 0.000
vn -0.942 0.335 0.000
vn -0.884 0.467 0.000
vn -0.997 0.083 0.000
vn -0.968 0.251 0.000
vn -0.986 0.166 0.000
vn -0.960 0.281 0.000
vn -0.993 -0.118 0.000
vn -1.000 -0.009 0.000
vn -0.997 0.078 0.000
vn -0.995 -0.097 0.000
vn -0.997 0.083 0.000
vn -0.962 -0.274 0.000
vn -0.949 -0.314 0.000
vn -0.993 -0.118 0.000
vn -0.983 -0.186 0.000
vn -0.949 -0.314 0.000
vn -0.895 -0.445 0.000
vn -0.868 -0.497 0.000
vn -0.933 -0.360 0.000
vn -0.868 -0.497 0.000
vn -0.850 -0.526 0.000
vn -0.796 -0.606 0.000
vn -0.751 -0.661 0.000
vn -0.735 -0.678 0.000
vn -0.667 -0.745 0.000
vn -0.667 -0.745 0.000
vn 0.000 1.000 0.000
vn 0.000 1.000 0.000
vn 0.000 1.000 0.000
vn 0.000 1.000 0.000
vn 0.000 1.000 0.000
vn 0.000 1.000 0.000
vn 0.000 1.000 0.000
vn 0.000 1.000 0.000
vn 0.000 1.000 0.000
vn 0.000 1.000 0.000
vn 0.000 1.000 0.000
vn 0.000 1.000 0.000
vn 0.000 1.000 0.000
vn 0.000 1.000 0.000
vn 0.000 1.000 0.000
vn 0.000 1.000 0.000
vn 0.000 1.000 0.000
vn 0.000 1.000 0.000
vn 0.000 1.000 0.000
vn 0.000 1.000 0.000
vn 0.000 1.000 0.000
vn 0.000 1.000 0.000
vn 0.000 1.000 0.000
vn 0.000 1.000 0.000
vn 0.000 1.000 0.000
vn 0.000 1.000 0.000
vn 0.000 1.000 0.000
vn 0.000 1.000 0.000
vn 0.000 1.000 0.000
vn 0.000 1.000 0.000
vn 0.000 1.000 0.000
vn 0.000 1.000 0.000
vn 0.000 1.000 0.000
vn 0.000 1.000 0.000
vn 0.000 1.000 0.000
vn 0.000 1.000 0.000
vn 0.000 1.000 0.000
vn 0.000 1.000 0.000
vn 0.000 1.000 0.000
vn 0.000 1.000 0.000
vn 0.000 1.000 0.000
vn 0.000 1.000 0.000
vn 0.000 1.000 0.000
vn 0.000 1.000 0.000
vn 0.000 1.000 0.000
vn 0.000 1.000 0.000
vn 0.000 1.000 0.000
vn 0.000 1.000 0.000
vn 0.000 1.000 0.000
vn 0.000 1.000 0.000
vn 0.000 1.000 0.000
vn 0.000 1.000 0.000
vn 0.000 1.000 0.000
vn 0.000 1.000 0.000
vn 0.000 1.000 0.000
vn 0.000 1.000 0.000
vn 0.000 1.000 0.000
vn 0.000 1.000 0.000
vn 0.000 1.000 0.000
vn 0.000 1.000 0.000
vn 0.000 1.000 0.000
vn 0.000 1.000 0.000
vn 0.000 1.000 0.000
vn 0.000 1.000 0.000
vn 0.000 1.000 0.000
vn 0.000 0.407 0.914
vn 0.000 0.407 0.914
vn 0.000 0.407 0.914
vn 0.000 0.407 0.914
vn 0.000 0.407 0.914
vn 0.000 0.407 0.914
vn 0.000 0.052 0.999
vn 0.000 0.052 0.999
vn 0.000 0.052 0.999
vn 0.000 0.052 0.999
vn 0.000 0.052 0.999
vn 0.000 0.052 0.999
vn -0.975 0.000 -0.223
vn -1.000 0.000 0.000
vn -1.000 0.000 0.000
vn -0.901 0.000 -0.434
vn -0.975 0.000 -0.223
vn -0.782 0.000 -0.623
vn -0.901 0.000 -0.434
vn -0.623 0.000 -0.782
vn -0.782 0.000 -0.623
vn -0.434 0.000 -0.901
vn -0.623 0.000 -0.782
vn -0.223 0.000 -0.975
vn -0.434 0.000 -0.901
vn 0.000 0.000 -1.000
vn -0.223 0.000 -0.975
vn 0.223 0.000 -0.975
vn 0.000 0.000 -1.000
vn 0.434 0.000 -0.901
vn 0.223 0.000 -0.975
vn 0.623 0.000 -0.782
vn 0.434 0.000 -0.901
vn 0.782 0.000 -0.623
vn 0.623 0.000 -0.782
vn 0.901 0.000 -0.434
vn 0.782 0.000 -0.623
vn 0.975 0.000 -0.223
vn 0.901 0.000 -0.434
vn 1.000 0.000 0.000
vn 0.975 0.000 -0.223
vn 1.000 0.000 0.000
vn 0.975 0.000 0.223
vn 1.000 0.000 0.000
vn 1.000 0.000 0.000
vn 0.901 0.000 0.434
vn 0.975 0.000 0.223
vn 0.782 0.000 0.623
vn 0.901 0.000 0.434
vn 0.623 0.000 0.782
vn 0.782 0.000 0.623
vn 0.434 0.000 0.901
vn 0.623 0.000 0.782
vn 0.223 0.000 0.975
vn 0.434 0.000 0.901
vn 0.000 0.000 1.000
vn 0.223 0.000 0.975
vn -0.223 0.000 0.975
vn 0.000 0.000 1.000
vn -0.434 0.000 0.901
vn -0.223 0.000 0.975
vn -0.623 0.000 0.782
vn -0.434 0.000 0.901
vn -0.782 0.000 0.623
vn -0.623 0.000 0.782
vn -0.901 0.000 0.434
vn -0.782 0.000 0.623
vn -0.975 0.000 0.223
vn -0.901 0.000 0.434
vn -1.000 0.000 0.000
vn -0.975 0.000 0.223
vn -1.000 0.000 0.000
vn 0.000 1.000 0.000
vn 0.000 1.000 0.000
vn 0.000 1.000 0.000
vn 0.000 1.000 0.000
vn 0.000 1.000 0.000
vn 0.000 1.000 0.000
vn 0.000 1.000 0.000
vn 0.000 1.000 0.000
vn 0.000 1.000 0.000
vn 0.000 1.000 0.000
vn 0.000 1.000 0.000
vn 0.000 1.000 0.000
vn 0.000 1.000 0.000
vn 0.000 1.000 0.000
vn 0.000 1.000 0.000
vn 0.000 1.000 0.000
vn 0.000 1.000 0.000
vn 0.000 1.000 0.000
vn 0.000 1.000 0.000
vn 0.000 1.000 0.000
vn 0.000 1.000 0.000
vn 0.000 1.000 0.000
vn 0.000 1.000 0.000
vn 0.000 1.000 0.000
vn 0.000 1.000 0.000
vn 0.000 1.000 0.000
vn 0.000 1.000 0.000
vn 0.000 1.000 0.000
vn -0.990 0.136 0.042
vn -0.989 0.136 0.053
vn -0.985 0.136 0.106
vn -0.983 0.136 0.126
vn -0.990 0.136 0.042
vn -0.990 0.136 -0.042
vn -0.991 0.136 0.000
vn -0.990 0.136 -0.042
vn -0.983 0.136 -0.125
vn -0.986 0.136 -0.100
vn -0.983 0.136 -0.125
vn -0.956 0.136 0.261
vn -0.971 0.136 0.197
vn -0.968 0.136 0.211
vn -0.968 0.136 0.210
vn -0.956 0.136 0.260
vn -0.983 0.136 0.126
vn -0.979 0.136 0.155
vn -0.975 0.136 0.173
vn -0.976 0.136 0.172
vn -0.975 0.136 0.173
vn -0.976 0.136 0.171
vn -0.976 0.136 0.172
vn -0.978 0.136 0.158
vn -0.973 0.136 0.184
vn -0.977 0.136 -0.166
vn -0.973 0.136 -0.185
vn -0.970 0.136 -0.200
vn -0.975 0.136 -0.175
vn -0.975 0.136 -0.173
vn -0.976 0.136 -0.171
vn -0.971 0.136 -0.198
vn -0.968 0.136 -0.211
vn -0.969 0.136 -0.208
vn -0.982 0.136 -0.133
vn -0.975 0.136 -0.173
vn -0.975 0.136 -0.173
vn -0.979 0.136 -0.155
vn -0.976 0.136 -0.172
vn -0.976 0.136 -0.172
vn -0.981 0.136 -0.137
vn -0.956 0.136 -0.260
vn -0.956 0.136 -0.260
vn -0.967 0.136 -0.214
vn -0.956 0.136 -0.261
vn -0.981 0.136 0.137
vn -0.956 0.136 0.261
vn 0.000 0.000 1.000
vn 0.000 0.000 1.000
vn 0.000 0.000 1.000
vn 0.000 0.000 1.000
vn 0.000 0.000 1.000
vn 0.000 0.726 0.687
vn 0.000 0.726 0.687
vn 0.000 0.726 0.687
vn 0.000 0.726 0.687
vn 0.000 0.726 0.687
vn 0.000 0.726 0.687
vn -0.634 0.000 0.773
vn -0.502 0.000 0.865
vn -0.519 0.000 0.855
vn -0.351 0.000 0.937
vn -0.204 0.000 0.979
vn -0.204 0.000 0.979
vn -0.668 0.000 0.744
vn -0.743 0.000 0.670
vn -0.743 0.000 0.670
vn -0.628 0.000 0.778
vn -0.690 0.000 0.724
vn -0.358 0.000 0.934
vn 0.000 1.000 0.000
vn 0.000 1.000 0.000
vn 0.000 1.000 0.000
vn 0.000 1.000 0.000
vn 0.000 1.000 0.000
vn 0.000 1.000 0.000
vn 0.000 1.000 0.000
vn 0.000 1.000 0.000
vn -0.616 0.000 0.788
vn -0.616 0.000 0.788
vn -0.616 0.000 0.788
vn -0.616 0.000 0.788
vn -0.345 0.174 0.922
vn -0.345 0.174 0.922
vn -0.511 0.174 0.842
vn -0.658 0.174 0.733
vn -0.619 0.174 0.766
vn -0.658 0.174 0.733
vn -0.720 0.174 0.672
vn -0.726 0.174 0.666
vn -0.783 0.174 0.597
vn -0.766 0.174 0.619
vn -0.168 0.174 0.970
vn -0.185 0.174 0.967
vn -0.193 0.174 0.966
vn -0.201 0.174 0.964
vn -0.168 0.174 0.970
vn -0.033 0.174 0.984
vn 0.016 0.174 0.985
vn 0.016 0.174 0.985
vn 0.122 0.174 0.977
vn 0.198 0.174 0.965
vn 0.374 0.174 0.911
vn 0.273 0.174 0.946
vn 0.198 0.174 0.965
vn 0.510 0.174 0.843
vn 0.537 0.174 0.826
vn 0.415 0.174 0.893
vn 0.374 0.174 0.911
vn 0.537 0.174 0.826
vn 0.628 0.174 0.759
vn 0.681 0.174 0.711
vn 0.557 0.174 0.812
vn 0.681 0.174 0.711
vn 0.752 0.174 0.635
vn 0.801 0.174 0.573
vn 0.693 0.174 0.700
vn 0.801 0.174 0.572
vn 0.852 0.174 0.494
vn 0.892 0.174 0.417
vn 0.806 0.174 0.566
vn 0.955 0.174 0.240
vn 0.894 0.174 0.414
vn 0.925 0.174 0.337
vn 0.951 0.174 0.256
vn 0.983 0.174 0.059
vn 0.970 0.174 0.172
vn 0.955 0.174 0.240
vn 0.985 0.174 0.000
vn 0.985 0.174 0.000
vn 0.981 0.174 0.086
vn -0.731 0.174 0.659
vn -0.809 0.174 0.562
vn -0.511 0.174 0.842
vn -1.000 0.000 0.000
vn -1.000 0.000 0.000
vn -1.000 0.000 0.000
vn -1.000 0.000 0.000
vn -1.000 0.000 0.000
vn 0.000 0.000 1.000
vn 0.000 0.000 1.000
vn 0.000 0.000 1.000
vn 0.000 0.000 1.000
vn 0.000 0.000 1.000
vn 0.000 0.000 1.000
vn 0.000 0.000 1.000
vn 0.000 0.000 1.000
vn 0.000 0.000 1.000
vn 0.000 0.000 1.000
vn 0.000 0.000 1.000
vn 0.000 0.000 1.000
vn 0.000 0.000 1.000
vn 0.000 0.000 1.000
vn 0.000 0.000 1.000
vn 0.000 0.000 1.000
vn 0.000 0.000 1.000
vn 0.000 0.000 1.000
vn 0.000 0.000 1.000
vn 0.000 0.000 1.000
vn 0.000 0.000 1.000
vn 0.000 0.000 1.000
vn 0.000 0.000 1.000
vn 0.000 0.000 1.000
vn 0.000 0.000 1.000
vn 0.000 0.000 1.000
vn 0.000 0.000 1.000
vn 0.000 0.000 1.000
vn 0.000 0.000 1.000
vn 0.000 0.000 1.000
vn 0.000 0.000 1.000
vn 0.000 0.000 1.000
vn 0.000 0.000 1.000
vn 0.000 0.000 1.000
vn 0.000 0.000 1.000
vn 0.000 0.000 1.000
vn 0.000 0.000 1.000
vn 0.000 0.000 1.000
vn 0.000 0.000 1.000
vn 0.000 0.000 1.000
vn 0.000 0.000 1.000
vn -0.602 0.208 0.771
vn -0.602 0.208 0.771
vn -0.602 0.208 0.771
vn -0.602 0.208 0.771
vn -0.602 0.208 0.771
vn -0.602 0.208 0.771
vn -0.602 0.208 0.771
vn 0.126 0.992 0.000
vn 0.126 0.992 0.000
vn 0.126 0.992 0.000
vn 0.126 0.992 0.000
vn 0.126 0.992 0.000
vn -0.665 -0.747 0.000
vn -0.665 -0.747 0.000
vn -0.627 -0.779 0.000
vn -0.627 -0.779 0.000
vn -0.563 -0.826 0.000
vn -0.547 -0.837 0.000
vn -0.547 -0.837 0.000
vn -0.494 -0.869 0.000
vn -0.463 -0.886 0.000
vn -0.423 -0.906 0.000
vn -0.403 -0.915 0.000
vn -0.403 -0.915 0.000
vn -0.247 -0.969 0.000
vn -0.226 -0.974 0.000
vn -0.340 -0.941 0.000
vn -0.227 -0.974 0.000
vn -0.153 -0.988 0.000
vn -0.126 -0.992 0.000
vn -0.665 -0.747 0.000
vn -0.464 0.217 0.859
vn -0.602 0.208 0.771
vn -0.579 0.210 0.788
vn -0.591 0.209 0.779
vn -0.602 0.208 0.771
vn -0.501 0.215 0.838
vn -0.448 0.217 0.867
vn -0.433 0.218 0.875
vn -0.313 0.220 0.924
vn -0.362 0.220 0.906
vn -0.154 0.217 0.964
vn -0.217 0.219 0.951
vn -0.160 0.217 0.963
vn -0.307 0.220 0.926
vn -0.288 0.220 0.932
vn 0.000 0.209 0.978
vn -0.016 0.210 0.978
vn -0.008 0.210 0.978
vn -0.065 0.213 0.975
vn -0.141 0.217 0.966
vn 0.000 0.209 0.978
vn -0.667 -0.745 0.000
vn -0.667 -0.745 0.000
vn -0.667 -0.745 0.000
vn -0.667 -0.745 0.000
vn -0.667 -0.745 0.000
vn -0.667 -0.745 0.000
vn -0.667 -0.745 0.000
vn -0.667 -0.745 0.000
vn -0.667 -0.745 0.000
vn -0.667 -0.745 0.000
vn 0.009 0.209 0.978
vn 0.000 0.209 0.978
vn 0.000 0.209 0.978
vn 0.009 0.209 0.978
vn 0.017 0.208 0.978
vn 0.017 0.208 0.978
vn 0.017 1.000 0.000
vn 0.017 1.000 0.000
vn 0.017 1.000 0.000
vn 0.017 1.000 0.000
vn 0.017 1.000 0.000
vn 0.017 1.000 0.000
vn 0.017 1.000 0.000
vn 0.017 1.000 0.000
vn 0.017 1.000 0.000
vn 0.017 1.000 0.000
vn 0.017 1.000 0.000
vn 0.017 1.000 0.000
vn 0.017 1.000 0.000
vn 0.017 1.000 0.000
vn 0.017 1.000 0.000
vn 0.017 1.000 0.000
vn 0.017 1.000 0.000
vn 0.017 1.000 0.000
vn 0.017 1.000 0.000
vn 0.017 1.000 0.000
vn 0.017 0.208 0.978
vn 0.017 0.208 0.978
vn 0.017 0.208 0.978
vn 0.017 0.208 0.978
vn 0.017 0.208 0.978
vn 0.017 0.208 0.978
vn 0.017 0.208 0.978
vn 0.017 0.208 0.978
vn 0.940 0.342 0.000
vn 0.940 0.342 0.000
vn 0.940 0.342 0.000
vn 0.940 0.342 0.000
vn 0.940 0.342 0.000
vn 0.940 0.342 0.000
vn 0.940 0.342 0.000
vn 0.940 0.342 0.000
vn 0.940 0.342 0.000
vn 0.000 1.000 0.000
vn 0.000 1.000 0.000
vn 0.000 1.000 0.000
vn 0.000 0.000 1.000
vn 0.000 0.000 1.000
vn 0.000 0.000 1.000
vn -0.027 -0.998 0.059
vn 0.000 -0.998 0.059
vn 0.000 -0.989 0.149
vn -0.027 -0.986 0.166
vn 0.000 -0.986 0.166
vn 0.000 -0.962 0.271
vn -0.027 -0.927 0.373
vn -0.027 -0.962 0.271
vn 0.000 -0.956 0.295
vn 0.000 -0.928 0.374
vn 0.000 -0.901 0.434
vn -0.027 -0.882 0.471
vn 0.000 -0.882 0.471
vn 0.000 -0.826 0.564
vn -0.027 -0.826 0.564
vn 0.000 -0.760 0.649
vn -0.027 -0.686 0.727
vn -0.027 -0.760 0.649
vn 0.000 -0.733 0.680
vn 0.000 -0.686 0.728
vn 0.000 -0.623 0.782
vn -0.027 -0.603 0.797
vn 0.000 -0.604 0.797
vn 0.000 -0.514 0.858
vn -0.027 -0.419 0.908
vn -0.027 -0.514 0.857
vn 0.000 -0.500 0.866
vn 0.000 -0.419 0.908
vn 0.000 -0.365 0.931
vn -0.027 -0.318 0.948
vn 0.000 -0.318 0.948
vn 0.000 -0.223 0.975
vn -0.027 -0.214 0.976
vn 0.000 -0.214 0.977
vn 0.000 -0.108 0.994
vn -0.027 0.108 0.994
vn 0.000 0.108 0.994
vn 0.000 0.214 0.977
vn -0.027 0.318 0.948
vn -0.027 0.214 0.976
vn 0.000 0.223 0.975
vn -0.027 0.419 0.908
vn 0.000 0.365 0.931
vn 0.000 0.318 0.948
vn 0.000 0.419 0.908
vn 0.000 0.500 0.866
vn -0.027 0.514 0.857
vn 0.000 0.514 0.858
vn 0.000 0.604 0.797
vn -0.027 0.686 0.727
vn -0.027 0.603 0.797
vn 0.000 0.623 0.782
vn 0.000 0.686 0.728
vn 0.000 0.733 0.680
vn -0.027 0.760 0.649
vn 0.000 0.760 0.649
vn 0.000 0.826 0.564
vn -0.027 0.826 0.564
vn 0.000 0.882 0.471
vn -0.027 0.927 0.373
vn -0.027 0.882 0.471
vn 0.000 0.901 0.434
vn 0.000 0.928 0.374
vn 0.000 0.956 0.295
vn -0.027 0.962 0.271
vn 0.000 0.962 0.271
vn 0.000 0.986 0.166
vn -0.027 0.998 0.059
vn -0.027 0.986 0.166
vn 0.000 0.989 0.149
vn -0.053 -0.881 0.471
vn -0.053 -0.513 0.857
vn -0.053 -0.418 0.907
vn -0.053 -0.318 0.947
vn -0.053 -0.214 0.975
vn -0.027 -0.108 0.994
vn -0.053 0.108 0.993
vn -0.053 0.214 0.975
vn -0.053 0.318 0.947
vn -0.053 0.418 0.907
vn -0.053 0.825 0.563
vn -0.053 0.881 0.471
vn -0.027 0.000 1.000
vn -0.023 -0.035 0.999
vn -0.022 -0.055 0.998
vn -0.024 -0.013 1.000
vn -0.021 -0.073 0.997
vn -0.019 -0.087 0.996
vn -0.012 -0.100 0.995
vn -0.014 -0.100 0.995
vn -0.010 -0.095 0.995
vn -0.006 -0.071 0.997
vn -0.007 -0.080 0.997
vn -0.008 -0.085 0.996
vn 0.000 -0.075 0.997
vn -0.003 -0.032 0.999
vn -0.004 -0.048 0.999
vn -0.004 -0.053 0.999
vn 0.000 0.000 1.000
vn -0.003 -0.010 1.000
vn -0.016 -0.096 0.995
vn 0.000 0.075 0.997
vn -0.003 0.035 0.999
vn -0.003 0.013 1.000
vn -0.005 0.055 0.998
vn -0.006 0.073 0.997
vn -0.008 0.087 0.996
vn -0.010 0.096 0.995
vn -0.014 0.100 0.995
vn -0.013 0.100 0.995
vn -0.017 0.095 0.995
vn -0.021 0.071 0.997
vn -0.020 0.080 0.997
vn -0.019 0.085 0.996
vn -0.023 0.032 0.999
vn -0.023 0.048 0.999
vn -0.022 0.053 0.998
vn -0.024 0.010 1.000
vn 0.000 0.998 0.059
vn 0.000 1.000 0.000
vn -0.027 1.000 0.000
vn -0.047 0.999 0.000
vn -0.048 0.993 0.109
vn -0.049 0.987 0.153
vn -0.047 0.997 0.055
vn -0.049 0.985 0.164
vn -0.050 0.975 0.216
vn -0.052 0.962 0.269
vn -0.053 0.926 0.373
vn -0.055 0.946 0.320
vn -0.058 0.926 0.373
vn -0.058 0.928 0.369
vn -0.061 0.907 0.418
vn -0.073 0.832 0.549
vn -0.075 0.825 0.560
vn -0.069 0.859 0.508
vn -0.065 0.883 0.464
vn -0.065 0.879 0.472
vn -0.076 0.815 0.574
vn -0.060 0.804 0.591
vn -0.049 0.798 0.600
vn -0.047 0.753 0.656
vn -0.044 0.670 0.741
vn -0.045 0.722 0.690
vn -0.046 0.722 0.690
vn -0.042 0.614 0.789
vn -0.053 0.513 0.857
vn -0.040 0.565 0.824
vn -0.053 0.548 0.835
vn -0.064 0.529 0.846
vn -0.073 0.441 0.894
vn -0.069 0.401 0.914
vn -0.074 0.508 0.858
vn -0.079 0.496 0.865
vn -0.076 0.469 0.880
vn -0.065 0.357 0.932
vn -0.062 0.310 0.949
vn -0.059 0.262 0.963
vn -0.061 0.293 0.954
vn -0.055 0.161 0.985
vn -0.057 0.211 0.976
vn -0.056 0.184 0.981
vn -0.054 0.109 0.993
vn -0.053 0.069 0.996
vn -0.053 0.057 0.997
vn -0.053 -0.046 0.998
vn -0.053 0.005 0.999
vn -0.053 -0.108 0.993
vn -0.053 -0.049 0.997
vn -0.055 -0.147 0.988
vn -0.055 -0.165 0.985
vn -0.054 -0.097 0.994
vn -0.058 -0.245 0.968
vn -0.060 -0.275 0.960
vn -0.061 -0.292 0.955
vn -0.056 -0.197 0.979
vn -0.064 -0.338 0.939
vn -0.067 -0.381 0.922
vn -0.072 -0.427 0.901
vn -0.078 -0.488 0.869
vn -0.074 -0.508 0.858
vn -0.071 -0.420 0.905
vn -0.064 -0.529 0.846
vn -0.040 -0.565 0.824
vn -0.053 -0.548 0.835
vn -0.041 -0.603 0.797
vn -0.042 -0.623 0.781
vn -0.044 -0.676 0.735
vn -0.046 -0.729 0.683
vn -0.047 -0.760 0.649
vn -0.048 -0.776 0.629
vn -0.049 -0.798 0.600
vn -0.063 -0.820 0.569
vn -0.063 -0.824 0.564
vn -0.053 -0.825 0.563
vn -0.065 -0.808 0.586
vn -0.058 -0.852 0.521
vn -0.054 -0.878 0.475
vn -0.050 -0.903 0.427
vn -0.047 -0.925 0.377
vn -0.044 -0.944 0.326
vn -0.042 -0.961 0.274
vn -0.047 -0.928 0.370
vn -0.040 -0.975 0.221
vn -0.039 -0.985 0.167
vn -0.041 -0.966 0.256
vn -0.038 -0.993 0.111
vn -0.038 -0.990 0.135
vn -0.037 -0.998 0.056
vn -0.037 -0.999 0.000
vn -0.027 -1.000 0.000
vn 0.000 -1.000 0.000
vn -0.079 -0.497 0.864
vn -0.046 0.722 0.690
vn 0.065 0.998 0.000
vn 0.333 0.943 0.000
vn 0.290 0.957 0.000
vn 0.697 0.717 0.000
vn 0.685 0.729 0.000
vn 0.501 0.866 0.000
vn 0.933 0.359 0.000
vn 0.937 0.348 0.000
vn 0.833 0.553 0.000
vn 0.998 -0.065 0.000
vn 0.995 -0.099 0.000
vn 0.991 0.131 0.000
vn 0.879 -0.477 0.000
vn 0.879 -0.477 0.000
vn 0.947 -0.322 0.000
vn 0.599 -0.801 0.000
vn 0.705 -0.709 0.000
vn 0.848 -0.530 0.000
vn 0.599 -0.801 0.000
vn 0.208 -0.978 0.000
vn 0.322 -0.947 0.000
vn 0.524 -0.852 0.000
vn -0.065 -0.998 0.000
vn -0.065 -0.998 0.000
vn 0.096 -0.995 0.000
vn 0.065 0.998 0.000
vn -0.599 0.801 0.000
vn -0.208 0.978 0.000
vn -0.322 0.947 0.000
vn -0.524 0.852 0.000
vn -0.879 0.477 0.000
vn -0.704 0.710 0.000
vn -0.599 0.801 0.000
vn -0.848 0.530 0.000
vn -0.998 0.065 0.000
vn -0.946 0.323 0.000
vn -0.879 0.477 0.000
vn -0.933 -0.359 0.000
vn -0.991 -0.132 0.000
vn -0.995 0.099 0.000
vn -0.937 -0.348 0.000
vn -0.833 -0.553 0.000
vn -0.697 -0.717 0.000
vn -0.685 -0.729 0.000
vn -0.500 -0.866 0.000
vn -0.333 -0.943 0.000
vn -0.065 -0.998 0.000
vn -0.290 -0.957 0.000
vn 0.065 0.998 0.000
vn 0.065 0.998 0.000
vn -0.098 0.995 0.000
vn -0.065 -0.998 0.000
vn 0.000 0.000 1.000
vn 0.000 0.000 1.000
vn 0.000 0.000 1.000
vn 0.000 0.000 1.000
vn 0.000 0.000 1.000
vn 0.000 0.000 1.000
vn 0.000 0.000 1.000
vn 0.000 0.000 1.000
vn 0.000 0.000 1.000
vn 0.000 0.000 1.000
vn 0.000 0.000 1.000
vn 0.000 0.000 1.000
vn 0.000 0.000 1.000
vn 0.000 0.000 1.000
vn 0.000 0.000 1.000
vn 0.000 0.000 1.000
vn -0.154 -0.052 -0.987
vn -0.264 -0.052 -0.963
vn -0.269 -0.052 -0.962
vn -0.168 -0.052 -0.984
vn -0.040 -0.052 -0.998
vn -0.040 -0.052 -0.998
vn -0.052 -0.052 -0.997
vn -0.001 -0.052 -0.999
vn -0.110 -0.052 -0.993
vn -0.068 -0.052 -0.996
vn 0.002 -0.052 -0.999
vn 0.078 -0.052 -0.996
vn 0.134 -0.052 -0.990
vn 0.040 -0.052 -0.998
vn 0.025 -0.052 -0.998
vn 0.009 -0.052 -0.999
vn 0.152 -0.052 -0.987
vn 0.040 -0.052 -0.998
vn 0.041 -0.052 -0.998
vn 0.200 -0.052 -0.978
vn 0.236 -0.052 -0.970
vn 0.268 -0.052 -0.962
vn 0.271 -0.052 -0.961
vn 0.264 -0.052 -0.963
vn -0.041 -0.052 -0.998
vn -0.273 -0.052 -0.961
vn -0.999 -0.052 0.000
vn -0.999 -0.052 0.000
vn -0.999 -0.052 0.000
vn -0.999 -0.052 0.000
vn 0.999 -0.052 0.000
vn 0.999 -0.052 0.000
vn 0.999 -0.052 0.000
vn 0.999 -0.052 0.000
vn -0.999 -0.052 0.000
vn -0.865 -0.052 -0.499
vn -0.865 -0.052 -0.499
vn -0.499 -0.052 -0.865
vn -0.499 -0.052 -0.865
vn 0.000 -0.052 -0.999
vn 0.000 -0.052 -0.999
vn 0.499 -0.052 -0.865
vn 0.499 -0.052 -0.865
vn 0.865 -0.052 -0.499
vn 0.865 -0.052 -0.499
vn 0.999 -0.052 0.000
vn 0.999 -0.052 0.000
vn -0.999 -0.052 0.000
vn 0.000 -1.000 0.000
vn 0.000 -1.000 0.000
vn 0.000 -1.000 0.000
vn 0.000 -1.000 0.000
vn 0.000 -1.000 0.000
vn 0.000 -1.000 0.000
vn 0.000 -1.000 0.000
vn 0.000 -1.000 0.000
vn 0.000 -1.000 0.000
vn 0.000 -1.000 0.000
vn 1.000 0.000 0.000
vn 1.000 0.000 0.000
vn 1.000 0.000 0.000
vn 1.000 0.000 0.000
vn -1.000 0.000 0.000
vn -1.000 0.000 0.000
vn -1.000 0.000 0.000
vn -1.000 0.000 0.000
vn -0.866 0.000 -0.500
vn -1.000 0.000 0.000
vn -1.000 0.000 0.000
vn -0.500 0.000 -0.866
vn -0.866 0.000 -0.500
vn 0.000 0.000 -1.000
vn -0.500 0.000 -0.866
vn 0.500 0.000 -0.866
vn 0.000 0.000 -1.000
vn 0.866 0.000 -0.500
vn 0.500 0.000 -0.866
vn 1.000 0.000 0.000
vn 0.866 0.000 -0.500
vn 1.000 0.000 0.000
vn 0.000 -1.000 0.000
vn 0.000 -1.000 0.000
vn 0.000 -1.000 0.000
vn 0.000 -1.000 0.000
vn 0.000 -1.000 0.000
vn 0.000 -1.000 0.000
vn 0.000 -1.000 0.000
vn 0.000 -1.000 0.000
vn 0.000 -1.000 0.000
vn 0.000 -1.000 0.000
vn 0.000 -1.000 0.000
vn 0.000 -1.000 0.000
vn 0.000 -1.000 0.000
vn 0.000 -1.000 0.000
vn 0.000 -1.000 0.000
vn 0.000 -1.000 0.000
vn 0.000 -1.000 0.000
vn 0.000 -1.000 0.000
vn 0.000 -1.000 0.000
vn 0.000 -1.000 0.000
vn 0.000 -1.000 0.000
vn 0.000 -1.000 0.000
vn 0.000 -1.000 0.000
vn 0.000 -1.000 0.000
vn 0.000 -1.000 0.000
vn 0.000 -1.000 0.000
vn 0.000 -1.000 0.000
vn 0.000 -1.000 0.000
vn 0.000 -1.000 0.000
vn 0.000 -1.000 0.000
vn 0.000 -1.000 0.000
vn 0.000 -1.000 0.000
vn 0.000 -1.000 0.000
vn 0.000 -1.000 0.000
vn 0.000 -1.000 0.000
vn 0.000 -1.000 0.000
vn 0.000 -1.000 0.000
vn 0.000 -1.000 0.000
vn 0.000 -1.000 0.000
vn 0.000 -1.000 0.000
vn 0.000 -1.000 0.000
vn 0.000 -1.000 0.000
vn 0.000 -1.000 0.000
vn 0.000 -1.000 0.000
vn 0.000 -1.000 0.000
vn 0.000 -1.000 0.000
vn 0.000 -1.000 0.000
vn 0.000 -1.000 0.000
vn 0.000 -1.000 0.000
vn 0.000 -1.000 0.000
vn 0.000 -1.000 0.000
vn 0.000 -1.000 0.000
vn 0.000 -1.000 0.000
vn 0.000 -1.000 0.000
vn 0.000 -1.000 0.000
vn 0.000 -1.000 0.000
vn 0.000 -1.000 0.000
vn 0.000 -1.000 0.000
vn 0.000 -1.000 0.000
vn 0.000 -1.000 0.000
vn 0.000 -1.000 0.000
vn 0.000 -1.000 0.000
vn 0.000 -1.000 0.000
vn 0.000 -1.000 0.000
vn 0.000 -1.000 0.000
vn 0.000 -1.000 0.000
vn 0.000 -1.000 0.000
vn 0.000 -1.000 0.000
vn 0.000 -1.000 0.000
vn 0.000 -1.000 0.000
vn 0.000 -1.000 0.000
vn 0.000 -1.000 0.000
vn 0.000 -1.000 0.000
vn 0.000 -1.000 0.000
vn 0.000 -1.000 0.000
vn 0.000 -1.000 0.000
vn 0.000 -1.000 0.000
vn 0.000 -1.000 0.000
vn 0.000 -1.000 0.000
vn 0.000 -1.000 0.000
vn 0.000 -1.000 0.000
vn 0.000 -1.000 0.000
vn 0.000 -1.000 0.000
vn 0.000 -1.000 0.000
vn -0.983 0.000 -0.184
vn -1.000 0.000 0.000
vn -1.000 0.000 0.000
vn -0.932 0.000 -0.361
vn -0.983 0.000 -0.184
vn -0.850 0.000 -0.526
vn -0.932 0.000 -0.361
vn -0.739 0.000 -0.674
vn -0.850 0.000 -0.526
vn -0.603 0.000 -0.798
vn -0.739 0.000 -0.674
vn -0.446 0.000 -0.895
vn -0.603 0.000 -0.798
vn -0.274 0.000 -0.962
vn -0.446 0.000 -0.895
vn -0.092 0.000 -0.996
vn -0.274 0.000 -0.962
vn 0.092 0.000 -0.996
vn -0.092 0.000 -0.996
vn 0.274 0.000 -0.962
vn 0.092 0.000 -0.996
vn 0.446 0.000 -0.895
vn 0.274 0.000 -0.962
vn 0.603 0.000 -0.798
vn 0.446 0.000 -0.895
vn 0.739 0.000 -0.674
vn 0.603 0.000 -0.798
vn 0.850 0.000 -0.526
vn 0.739 0.000 -0.674
vn 0.932 0.000 -0.361
vn 0.850 0.000 -0.526
vn 0.983 0.000 -0.184
vn 0.932 0.000 -0.361
vn 1.000 0.000 0.000
vn 0.983 0.000 -0.184
vn 1.000 0.000 0.000
vn 0.983 0.000 0.184
vn 1.000 0.000 0.000
vn 1.000 0.000 0.000
vn 0.932 0.000 0.361
vn 0.983 0.000 0.184
vn 0.850 0.000 0.526
vn 0.932 0.000 0.361
vn 0.739 0.000 0.674
vn 0.850 0.000 0.526
vn 0.603 0.000 0.798
vn 0.739 0.000 0.674
vn 0.446 0.000 0.895
vn 0.603 0.000 0.798
vn 0.274 0.000 0.962
vn 0.446 0.000 0.895
vn 0.092 0.000 0.996
vn 0.274 0.000 0.962
vn -0.092 0.000 0.996
vn 0.092 0.000 0.996
vn -0.274 0.000 0.962
vn -0.092 0.000 0.996
vn -0.446 0.000 0.895
vn -0.274 0.000 0.962
vn -0.603 0.000 0.798
vn -0.446 0.000 0.895
vn -0.739 0.000 0.674
vn -0.603 0.000 0.798
vn -0.850 0.000 0.526
vn -0.739 0.000 0.674
vn -0.932 0.000 0.361
vn -0.850 0.000 0.526
vn -0.983 0.000 0.184
vn -0.932 0.000 0.361
vn -1.000 0.000 0.000
vn -0.983 0.000 0.184
vn -1.000 0.000 0.000
vn 0.000 -1.000 0.000
vn 0.000 -1.000 0.000
vn 0.000 -1.000 0.000
vn 0.000 -1.000 0.000
vn 0.000 -1.000 0.000
vn 0.000 -1.000 0.000
vn 0.000 -1.000 0.000
vn 0.000 -1.000 0.000
vn 0.000 -1.000 0.000
vn 0.000 -1.000 0.000
vn 0.000 -1.000 0.000
vn 0.000 -1.000 0.000
vn 0.000 -1.000 0.000
vn 0.000 -1.000 0.000
vn 0.000 -1.000 0.000
vn 0.000 -1.000 0.000
vn 0.000 -1.000 0.000
vn 0.000 -1.000 0.000
vn 0.000 -1.000 0.000
vn 0.000 -1.000 0.000
vn 0.000 -1.000 0.000
vn 0.000 -1.000 0.000
vn 0.000 -1.000 0.000
vn 0.000 -1.000 0.000
vn 0.000 -1.000 0.000
vn 0.000 -1.000 0.000
vn 0.000 -1.000 0.000
vn 0.000 -1.000 0.000
vn 0.000 -1.000 0.000
vn 0.000 -1.000 0.000
vn 0.000 -1.000 0.000
vn 0.000 -1.000 0.000
vn 0.000 -1.000 0.000
vn 0.000 -1.000 0.000
vn 0.000 1.000 0.000
vn 0.000 1.000 0.000
vn 0.000 1.000 0.000
vn 0.000 1.000 0.000
vn 0.000 1.000 0.000
vn 0.000 1.000 0.000
vn 0.000 1.000 0.000
vn 0.000 1.000 0.000
vn 0.000 1.000 0.000
vn 0.000 1.000 0.000
vn 0.000 1.000 0.000
vn 0.000 1.000 0.000
vn 0.000 1.000 0.000
vn 0.000 1.000 0.000
vn 0.000 1.000 0.000
vn 0.000 1.000 0.000
vn 0.000 1.000 0.000
vn 0.000 1.000 0.000
vn 0.000 1.000 0.000
vn 0.000 1.000 0.000
vn 0.000 1.000 0.000
vn 0.000 1.000 0.000
vn 0.000 1.000 0.000
vn 0.000 1.000 0.000
vn 0.000 1.000 0.000
vn 0.000 1.000 0.000
vn 0.000 1.000 0.000
vn 0.000 1.000 0.000
vn 0.000 1.000 0.000
vn 0.000 1.000 0.000
vn 0.000 1.000 0.000
vn 0.000 1.000 0.000
vn 0.000 1.000 0.000
vn 0.000 1.000 0.000
vn 0.000 1.000 0.000
vn 0.000 1.000 0.000
vn 0.000 1.000 0.000
vn 0.000 1.000 0.000
vn 0.000 1.000 0.000
vn 0.000 1.000 0.000
vn 0.000 1.000 0.000
vn 0.000 1.000 0.000
vn 0.000 1.000 0.000
vn 0.000 1.000 0.000
vn 0.000 1.000 0.000
vn 0.000 1.000 0.000
vn 0.000 1.000 0.000
vn 0.000 1.000 0.000
vn 0.000 1.000 0.000
vn 0.000 1.000 0.000
vn 0.000 1.000 0.000
vn 0.000 1.000 0.000
vn 0.000 1.000 0.000
vn 0.000 1.000 0.000
vn 0.000 1.000 0.000
vn 0.000 1.000 0.000
vn 0.000 1.000 0.000
vn 0.000 1.000 0.000
vn 0.000 1.000 0.000
vn 0.000 1.000 0.000
vn 0.000 1.000 0.000
vn 0.000 1.000 0.000
vn 0.000 1.000 0.000
vn 0.000 1.000 0.000
vn 0.000 1.000 0.000
vn 0.000 1.000 0.000
vn 0.000 1.000 0.000
vn 0.000 1.000 0.000
vn 0.000 1.000 0.000
vn 0.000 1.000 0.000
vn 0.000 1.000 0.000
vn 0.000 1.000 0.000
vn 0.000 1.000 0.000
vn 0.000 1.000 0.000
vn 0.000 1.000 0.000
vn 0.000 1.000 0.000
vn 0.000 1.000 0.000
vn 0.000 1.000 0.000
vn 0.000 1.000 0.000
vn 0.000 1.000 0.000
vn -0.060 0.000 -0.998
vn -0.060 0.000 -0.998
vn -0.060 0.000 -0.998
vn -0.060 0.000 -0.998
vn 0.956 0.000 -0.295
vn 0.986 0.000 -0.169
vn 0.986 0.000 -0.169
vn 0.823 0.000 -0.569
vn 0.823 0.000 -0.569
vn 0.956 0.000 -0.295
vn 0.483 0.000 -0.876
vn 0.771 0.000 -0.637
vn 0.771 0.000 -0.637
vn 0.064 0.000 -0.998
vn 0.064 0.000 -0.998
vn 0.483 0.000 -0.876
vn -0.479 0.000 -0.878
vn -0.479 0.000 -0.878
vn -0.011 0.000 -1.000
vn -0.808 0.000 -0.590
vn -0.808 0.000 -0.590
vn -0.871 0.000 -0.491
vn -0.871 0.000 -0.491
vn -0.011 0.000 -1.000
vn -0.986 0.000 -0.168
vn -0.899 0.000 -0.437
vn -0.899 0.000 -0.437
vn -0.999 0.000 -0.047
vn -0.999 0.000 -0.047
vn -0.986 0.000 -0.168
vn 0.545 0.000 0.839
vn 0.545 0.000 0.839
vn 0.851 0.000 0.525
vn 0.053 0.000 0.999
vn 0.053 0.000 0.999
vn 0.013 0.000 1.000
vn 0.013 0.000 1.000
vn 0.851 0.000 0.525
vn -0.519 0.000 0.855
vn -0.069 0.000 0.998
vn -0.069 0.000 0.998
vn -0.854 0.000 0.521
vn -0.854 0.000 0.521
vn -0.996 0.000 0.086
vn -0.996 0.000 0.086
vn -1.000 0.000 -0.014
vn -1.000 0.000 -0.014
vn -0.519 0.000 0.855
vn -0.868 0.000 -0.497
vn -0.998 0.000 -0.058
vn -0.998 0.000 -0.058
vn -0.643 0.000 -0.766
vn -0.643 0.000 -0.766
vn -0.228 0.000 -0.974
vn -0.012 0.000 -1.000
vn -0.012 0.000 -1.000
vn -0.228 0.000 -0.974
vn -0.868 0.000 -0.497
vn 0.517 0.000 -0.856
vn 0.517 0.000 -0.856
vn 0.066 0.000 -0.998
vn 0.836 0.000 -0.549
vn 0.836 0.000 -0.549
vn 0.989 0.000 -0.148
vn 1.000 0.000 0.022
vn 1.000 0.000 0.022
vn 0.989 0.000 -0.148
vn 0.066 0.000 -0.998
vn 0.927 0.000 0.375
vn 0.927 0.000 0.375
vn 0.999 0.000 0.043
vn 0.634 0.000 0.774
vn 0.173 0.000 0.985
vn 0.173 0.000 0.985
vn -0.003 0.000 1.000
vn -0.003 0.000 1.000
vn 0.634 0.000 0.774
vn 0.999 0.000 0.043
vn -0.528 0.000 0.849
vn -0.528 0.000 0.849
vn -0.063 0.000 0.998
vn -0.860 0.000 0.510
vn -0.995 0.000 0.101
vn -0.860 0.000 0.510
vn -0.995 0.000 0.097
vn -0.995 0.000 0.097
vn -0.995 0.000 0.101
vn -0.063 0.000 0.998
vn 0.000 0.000 1.000
vn 0.000 0.000 1.000
vn 0.000 0.000 1.000
vn 0.000 0.000 1.000
vn 0.000 1.000 0.000
vn 0.000 1.000 0.000
vn 0.000 1.000 0.000
vn 0.000 1.000 0.000
vn -1.000 0.000 0.000
vn -1.000 0.000 0.000
vn -1.000 0.000 0.000
vn -1.000 0.000 0.000
vn 0.000 0.000 -1.000
vn 0.000 0.000 -1.000
vn 0.000 0.000 -1.000
vn 0.000 0.000 -1.000
vn 1.000 0.000 0.000
vn 1.000 0.000 0.000
vn 1.000 0.000 0.000
vn 1.000 0.000 0.000
vn 0.000 0.000 1.000
vn 0.000 0.000 1.000
vn 0.000 0.000 1.000
vn 0.000 0.000 1.000
vn 0.000 1.000 0.000
vn 0.000 1.000 0.000
vn 0.000 1.000 0.000
vn 0.000 1.000 0.000
vn 0.000 1.000 0.000
vn 0.000 1.000 0.000
vn 0.000 1.000 0.000
vn -1.000 0.000 0.000
vn -1.000 0.000 0.000
vn -1.000 0.000 0.000
vn -1.000 0.000 0.000
vn 0.000 0.000 1.000
vn 0.000 0.000 1.000
vn 0.000 0.000 1.000
vn 0.000 0.000 1.000
vn -0.906 0.000 -0.423
vn -0.906 0.000 -0.423
vn -0.906 0.000 -0.423
vn -0.906 0.000 -0.423
vn 0.906 0.000 -0.423
vn 0.906 0.000 -0.423
vn 0.906 0.000 -0.423
vn 0.906 0.000 -0.423
vn 0.000 0.000 1.000
vn 0.000 0.000 1.000
vn 0.000 0.000 1.000
vn 0.000 0.000 1.000
vn 1.000 0.000 0.000
vn 1.000 0.000 0.000
vn 1.000 0.000 0.000
vn 1.000 0.000 0.000
vn 0.000 0.000 -1.000
vn 0.000 0.000 -1.000
vn 0.000 0.000 -1.000
vn 0.000 0.000 -1.000
vn 0.000 1.000 0.000
vn 0.000 1.000 0.000
vn 0.000 1.000 0.000
vn 0.000 1.000 0.000
vn 0.000 1.000 0.000
vn 0.000 1.000 0.000
vn 0.000 1.000 0.000
vn 0.000 1.000 0.000
vn 0.000 1.000 0.000
vn 0.000 1.000 0.000
vn 0.000 1.000 0.000
vn 0.000 1.000 0.000
vn 1.000 0.000 0.000
vn 1.000 0.000 0.000
vn 1.000 0.000 0.000
vn 1.000 0.000 0.000
vn 0.000 0.000 1.000
vn 0.000 0.000 1.000
vn 0.000 0.000 1.000
vn 0.000 0.000 1.000
vn 1.000 0.000 0.000
vn 1.000 0.000 0.000
vn 1.000 0.000 0.000
vn 1.000 0.000 0.000
vn 0.000 0.000 1.000
vn 0.000 0.000 1.000
vn 0.000 0.000 1.000
vn 0.000 0.000 1.000
vn -1.000 0.000 0.000
vn -1.000 0.000 0.000
vn -1.000 0.000 0.000
vn -1.000 0.000 0.000
vn 0.000 0.000 1.000
vn 0.000 0.000 1.000
vn 0.000 0.000 1.000
vn 0.000 0.000 1.000
vn 0.000 0.000 1.000
vn -1.000 0.000 0.000
vn -1.000 0.000 0.000
vn -1.000 0.000 0.000
vn -1.000 0.000 0.000
vn 0.000 0.000 -1.000
vn 0.000 0.000 -1.000
vn 0.000 0.000 -1.000
vn 0.000 0.000 -1.000
vn 0.000 0.000 -1.000
vn -1.000 0.000 0.000
vn -1.000 0.000 0.000
vn -1.000 0.000 0.000
vn -1.000 0.000 0.000
vn 0.000 0.000 -1.000
vn 0.000 0.000 -1.000
vn 0.000 0.000 -1.000
vn 0.000 0.000 -1.000
vn 1.000 0.000 0.000
vn 1.000 0.000 0.000
vn 1.000 0.000 0.000
vn 1.000 0.000 0.000
vn 0.000 0.000 -1.000
vn 0.000 0.000 -1.000
vn 0.000 0.000 -1.000
vn 0.000 0.000 -1.000
vn 0.000 1.000 0.000
vn 0.000 1.000 0.000
vn 0.000 1.000 0.000
vn 0.000 1.000 0.000
vn 0.000 1.000 0.000
vn 0.000 1.000 0.000
vn 0.000 1.000 0.000
vn 0.906 0.000 0.423
vn 0.906 0.000 0.423
vn 0.906 0.000 0.423
vn 0.906 0.000 0.423
vn -0.906 0.000 0.423
vn -0.906 0.000 0.423
vn -0.906 0.000 0.423
vn -0.906 0.000 0.423
vn 0.000 0.000 -1.000
vn 0.000 0.000 -1.000
vn 0.000 0.000 -1.000
vn 0.000 0.000 -1.000
vn -1.000 0.000 0.000
vn -1.000 0.000 0.000
vn -1.000 0.000 0.000
vn -1.000 0.000 0.000
vn 0.000 0.000 -1.000
vn 0.000 0.000 -1.000
vn 0.000 0.000 -1.000
vn 0.000 0.000 -1.000
vn 1.000 0.000 0.000
vn 1.000 0.000 0.000
vn 1.000 0.000 0.000
vn 1.000 0.000 0.000
vn 0.000 1.000 0.000
vn 0.000 1.000 0.000
vn 0.000 1.000 0.000
vn 0.000 1.000 0.000
vn 0.000 1.000 0.000
vn 0.000 1.000 0.000
vn 0.000 1.000 0.000
vn 0.000 1.000 0.000
vn 0.000 1.000 0.000
vn 0.000 1.000 0.000
vn 0.000 1.000 0.000
vn 0.000 1.000 0.000
vn 0.000 1.000 0.000
vn 0.000 1.000 0.000
vn 0.000 1.000 0.000
vn 0.000 1.000 0.000
vn 0.000 1.000 0.000
vn 0.000 1.000 0.000
vn 0.000 1.000 0.000
vn 0.000 1.000 0.000
vn 0.000 1.000 0.000
vn 0.000 1.000 0.000
vn 0.000 1.000 0.000
vn 0.000 1.000 0.000
vn 0.000 1.000 0.000
vn 0.000 1.000 0.000
vn 0.000 1.000 0.000
vn 0.000 1.000 0.000
vn 0.000 1.000 0.000
vn 0.000 1.000 0.000
vn 0.000 1.000 0.000
vn 0.000 1.000 0.000
vn 0.000 1.000 0.000
vn 0.000 1.000 0.000
vn 0.000 1.000 0.000
vn 0.000 1.000 0.000
vn 0.000 1.000 0.000
vn 0.000 1.000 0.000
vn 0.000 1.000 0.000
vn 0.000 1.000 0.000
vn 0.000 1.000 0.000
vn 0.000 1.000 0.000
vn 0.000 1.000 0.000
vn 0.000 1.000 0.000
vn 0.000 1.000 0.000
vn 0.000 1.000 0.000
vn 0.000 1.000 0.000
vn 0.000 1.000 0.000
vn 0.000 1.000 0.000
vn 0.912 0.000 -0.411
vn 1.000 0.000 0.022
vn 1.000 0.000 0.022
vn 0.680 0.000 -0.733
vn 0.680 0.000 -0.733
vn 0.234 0.000 -0.972
vn 0.234 0.000 -0.972
vn 0.063 0.000 -0.998
vn 0.063 0.000 -0.998
vn 0.912 0.000 -0.411
vn 0.000 1.000 0.000
vn 0.000 1.000 0.000
vn 0.000 1.000 0.000
vn 0.000 1.000 0.000
vn 0.000 1.000 0.000
vn 0.000 1.000 0.000
vn 0.000 1.000 0.000
vn 0.000 1.000 0.000
vn 0.000 1.000 0.000
vn 0.000 1.000 0.000
vn 0.000 1.000 0.000
vn 0.000 1.000 0.000
vn 0.000 1.000 0.000
vn 0.000 1.000 0.000
vn 0.000 1.000 0.000
vn 0.000 1.000 0.000
vn 0.466 0.000 0.885
vn -0.001 0.000 1.000
vn -0.001 0.000 1.000
vn 0.786 0.000 0.618
vn 0.786 0.000 0.618
vn 0.973 0.000 0.230
vn 0.973 0.000 0.230
vn 0.999 0.000 0.048
vn 0.999 0.000 0.048
vn 0.466 0.000 0.885
vn -0.907 0.000 0.420
vn -1.000 0.000 -0.014
vn -1.000 0.000 -0.014
vn -0.699 0.000 0.716
vn -0.699 0.000 0.716
vn -0.273 0.000 0.962
vn -0.273 0.000 0.962
vn -0.070 0.000 0.998
vn -0.070 0.000 0.998
vn -0.907 0.000 0.420
vn -0.459 0.000 -0.889
vn 0.000 0.000 -1.000
vn 0.000 0.000 -1.000
vn -0.818 0.000 -0.575
vn -0.818 0.000 -0.575
vn -0.990 0.000 -0.142
vn -0.990 0.000 -0.142
vn -0.999 0.000 -0.053
vn -0.999 0.000 -0.053
vn -0.459 0.000 -0.889
vt -0.0085 -0.0085 0
vt -0.0111 0.0046 0
vt -0.0120 0.0000 0
vt 0.0085 0.0085 0
vt 0.0085 -0.0085 0
vt 0.0111 -0.0046 0
vt -0.0085 0.0085 0
vt 0.0120 0.0000 0
vt -0.0046 0.0111 0
vt 0.0111 0.0046 0
vt -0.0046 -0.0111 0
vt 0.0000 -0.0120 0
vt -0.0111 -0.0046 0
vt 0.0046 -0.0111 0
vt 0.0046 0.0111 0
vt 0.0000 0.0120 0
vt 3.1416 0.0160 0
vt 3.1416 0.0000 0
vt 3.5343 0.0000 0
vt 3.5343 0.0160 0
vt 3.9270 0.0000 0
vt 3.9270 0.0160 0
vt 4.3197 0.0000 0
vt 4.3197 0.0160 0
vt 4.7124 0.0000 0
vt 4.7124 0.0160 0
vt 5.1051 0.0000 0
vt 5.1051 0.0160 0
vt 5.4978 0.0000 0
vt 5.4978 0.0160 0
vt 5.8905 0.0000 0
vt 5.8905 0.0160 0
vt 0.0000 0.0000 0
vt 0.0000 0.0160 0
vt 0.0000 0.0160 0
vt 0.0000 0.0000 0
vt 0.3927 0.0000 0
vt 0.3927 0.0160 0
vt 0.7854 0.0000 0
vt 0.7854 0.0160 0
vt 1.1781 0.0000 0
vt 1.1781 0.0160 0
vt 1.5708 0.0000 0
vt 1.5708 0.0160 0
vt 1.9635 0.0000 0
vt 1.9635 0.0160 0
vt 2.3562 0.0000 0
vt 2.3562 0.0160 0
vt 2.7489 0.0000 0
vt 2.7489 0.0160 0
vt 3.1416 0.0000 0
vt 3.1416 0.0160 0
vt 0.0120 0.0000 0
vt 0.0097 -0.0022 0
vt 0.0097 0.0022 0
vt -0.0120 0.0000 0
vt -0.0111 0.0046 0
vt -0.0097 0.0022 0
vt 0.0111 0.0046 0
vt 0.0078 0.0062 0
vt -0.0097 -0.0022 0
vt -0.0111 -0.0046 0
vt -0.0085 0.0085 0
vt -0.0078 0.0062 0
vt 0.0046 0.0111 0
vt 0.0043 0.0090 0
vt 0.0000 0.0100 0
vt 0.0085 0.0085 0
vt 0.0111 -0.0046 0
vt 0.0085 -0.0085 0
vt 0.0078 -0.0062 0
vt -0.0046 -0.0111 0
vt -0.0043 -0.0090 0
vt 0.0000 -0.0100 0
vt -0.0085 -0.0085 0
vt -0.0078 -0.0062 0
vt 0.0046 -0.0111 0
vt 0.0043 -0.0090 0
vt 0.0000 -0.0120 0
vt -0.0046 0.0111 0
vt -0.0043 0.0090 0
vt 0.0000 0.0120 0
vt 3.1416 0.0200 0
vt 3.1416 0.0140 0
vt 3.5904 0.0140 0
vt 3.5904 0.0200 0
vt 4.0392 0.0140 0
vt 4.0392 0.0200 0
vt 4.4880 0.0140 0
vt 4.4880 0.0200 0
vt 4.9368 0.0140 0
vt 4.9368 0.0200 0
vt 5.3856 0.0140 0
vt 5.3856 0.0200 0
vt 5.8344 0.0140 0
vt 5.8344 0.0200 0
vt 0.0000 0.0140 0
vt 0.0000 0.0200 0
vt 0.0000 0.0200 0
vt 0.0000 0.0140 0
vt 0.4488 0.0140 0
vt 0.4488 0.0200 0
vt 0.8976 0.0140 0
vt 0.8976 0.0200 0
vt 1.3464 0.0140 0
vt 1.3464 0.0200 0
vt 1.7952 0.0140 0
vt 1.7952 0.0200 0
vt 2.2440 0.0140 0
vt 2.2440 0.0200 0
vt 2.6928 0.0140 0
vt 2.6928 0.0200 0
vt 3.1416 0.0140 0
vt 3.1416 0.0200 0
vt 0.0780 -0.0903 0
vt 0.0702 -0.0888 0
vt 0.0702 -0.0932 0
vt 0.0420 -0.0910 0
vt 0.0427 -0.0961 0
vt 0.0508 -0.0932 0
vt 0.0711 -0.1040 0
vt 0.0683 -0.0972 0
vt 0.0648 -0.1000 0
vt 0.0750 -0.0999 0
vt 0.0774 -0.0947 0
vt 0.0420 -0.0847 0
vt 0.0508 -0.0888 0
vt 0.0527 -0.0848 0
vt 0.0481 -0.1048 0
vt 0.0524 -0.1076 0
vt 0.0562 -0.1000 0
vt 0.0660 -0.1066 0
vt 0.0605 -0.1010 0
vt 0.0774 -0.0860 0
vt 0.0751 -0.0808 0
vt 0.0683 -0.0848 0
vt 0.0712 -0.0767 0
vt 0.0648 -0.0820 0
vt 0.0662 -0.0741 0
vt 0.0619 -0.0734 0
vt 0.0605 -0.0810 0
vt 0.0448 -0.1008 0
vt 0.0527 -0.0972 0
vt 0.0616 -0.1073 0
vt 0.0597 -0.0732 0
vt 0.0512 -0.0794 0
vt 0.0562 -0.0820 0
vt 4.1401 0.0190 0
vt 4.2518 0.0190 0
vt 4.2518 0.0150 0
vt 4.0284 0.0190 0
vt 4.1401 0.0150 0
vt 4.0284 0.0150 0
vt 5.1643 0.0240 0
vt 5.1643 0.0000 0
vt 5.4440 0.0000 0
vt 5.4440 0.0240 0
vt 5.7238 0.0000 0
vt 5.7238 0.0240 0
vt 6.0035 0.0000 0
vt 6.0035 0.0240 0
vt 0.0000 0.0000 0
vt 0.0000 0.0240 0
vt 0.0330 0.0240 0
vt 0.0330 0.0000 0
vt 0.0267 0.0040 0
vt 0.0267 0.0000 0
vt 0.0267 0.0240 0
vt 2.8835 0.0030 0
vt 3.1416 0.0030 0
vt 2.9518 0.0124 0
vt 3.1416 0.0127 0
vt 2.7620 0.0120 0
vt 2.5722 0.0116 0
vt 2.8834 0.0123 0
vt 2.2153 0.0030 0
vt 2.5494 0.0030 0
vt 2.3824 0.0112 0
vt 1.8813 0.0030 0
vt 2.0028 0.0105 0
vt 2.2154 0.0109 0
vt 2.1926 0.0109 0
vt 1.8130 0.0102 0
vt 1.6232 0.0100 0
vt 1.8813 0.0103 0
vt 1.6232 0.0030 0
vt 0.0000 0.0200 0
vt 0.0000 0.0000 0
vt 0.1151 0.0000 0
vt 0.1151 0.0200 0
vt 0.2303 0.0000 0
vt 0.2303 0.0200 0
vt 0.3454 0.0000 0
vt 0.3454 0.0200 0
vt 0.4606 0.0000 0
vt 0.4606 0.0200 0
vt 3.1416 0.0200 0
vt 3.1416 0.0000 0
vt 3.2912 0.0000 0
vt 3.2912 0.0200 0
vt 3.4408 0.0000 0
vt 3.4408 0.0200 0
vt 3.5904 0.0000 0
vt 3.5904 0.0200 0
vt 3.7400 0.0000 0
vt 3.7400 0.0200 0
vt 3.8896 0.0000 0
vt 3.8896 0.0200 0
vt 4.0392 0.0000 0
vt 4.0392 0.0200 0
vt 4.1888 0.0000 0
vt 4.1888 0.0200 0
vt 4.3384 0.0000 0
vt 4.3384 0.0200 0
vt 4.4880 0.0000 0
vt 4.4880 0.0200 0
vt 4.6376 0.0000 0
vt 4.6376 0.0200 0
vt 4.7872 0.0000 0
vt 4.7872 0.0200 0
vt 4.9368 0.0000 0
vt 4.9368 0.0200 0
vt 5.0864 0.0000 0
vt 5.0864 0.0200 0
vt 5.2360 0.0000 0
vt 5.2360 0.0200 0
vt 5.3856 0.0000 0
vt 5.3856 0.0200 0
vt 5.5352 0.0000 0
vt 5.5352 0.0200 0
vt 5.6848 0.0000 0
vt 5.6848 0.0200 0
vt 5.8344 0.0000 0
vt 5.8344 0.0200 0
vt 5.9840 0.0000 0
vt 5.9840 0.0200 0
vt 6.1336 0.0000 0
vt 6.1336 0.0200 0
vt 0.0000 0.0000 0
vt 0.0000 0.0200 0
vt 0.0161 0.0030 0
vt 0.0161 0.0100 0
vt 0.0183 0.0070 0
vt 0.0183 0.0098 0
vt 0.0183 0.0030 0
vt 0.0000 -0.0155 0
vt 0.0026 -0.0155 0
vt 0.0013 -0.0166 0
vt 0.0001 -0.0177 0
vt 1.0117 0.0200 0
vt 1.0117 0.0000 0
vt 1.1619 0.0000 0
vt 1.1619 0.0200 0
vt 1.3121 0.0000 0
vt 1.3121 0.0200 0
vt 1.4622 0.0000 0
vt 1.4622 0.0200 0
vt 1.6124 0.0000 0
vt 1.6124 0.0200 0
vt 1.7626 0.0000 0
vt 1.7626 0.0200 0
vt 1.9128 0.0000 0
vt 1.9128 0.0200 0
vt 2.0630 0.0000 0
vt 2.0630 0.0200 0
vt 2.2132 0.0000 0
vt 2.2132 0.0200 0
vt 2.3634 0.0000 0
vt 2.3634 0.0200 0
vt 2.5135 0.0000 0
vt 2.5135 0.0200 0
vt 2.6637 0.0000 0
vt 2.6637 0.0200 0
vt 2.8139 0.0000 0
vt 2.8139 0.0200 0
vt 2.9641 0.0000 0
vt 2.9641 0.0200 0
vt 3.1143 0.0000 0
vt 3.1143 0.0200 0
vt 3.1416 0.0000 0
vt 0.7113 0.0200 0
vt 0.6840 0.0200 0
vt 0.6840 0.0172 0
vt 0.6991 0.0163 0
vt 0.8615 0.0200 0
vt 0.7142 0.0154 0
vt 0.7565 0.0126 0
vt 0.8332 0.0127 0
vt 0.9100 0.0129 0
vt 0.8615 0.0128 0
vt 0.9100 0.0000 0
vt 3.1416 0.0200 0
vt 0.0240 0.0326 0
vt 0.0111 0.0326 0
vt 0.0123 0.0550 0
vt 0.0240 0.0550 0
vt -0.0151 -0.0297 0
vt 0.0112 -0.0229 0
vt 0.0070 -0.0173 0
vt 0.0022 -0.0161 0
vt 0.0116 -0.0188 0
vt 0.0119 -0.0178 0
vt 0.0114 -0.0270 0
vt 0.0143 -0.0347 0
vt 0.0079 -0.0410 0
vt 0.0104 -0.0403 0
vt 0.0125 -0.0310 0
vt 0.0035 -0.0423 0
vt 0.0175 -0.0388 0
vt 0.0168 -0.0380 0
vt -0.0045 -0.0139 0
vt 0.0000 1.1682 0
vt 0.0000 0.9783 0
vt 1.0000 0.9783 0
vt 1.1022 1.1450 0
vt 1.5254 0.9783 0
vt 1.2751 1.0520 0
vt 0.0000 1.2365 0
vt 1.0105 1.2570 0
vt 1.0000 1.3125 0
vt 0.0000 1.3580 0
vt 1.0000 1.5478 0
vt 0.0000 1.5478 0
vt 1.0000 1.7376 0
vt 0.0000 1.7376 0
vt 1.0000 1.9274 0
vt 0.0000 1.9046 0
vt 0.0000 1.9274 0
vt 1.0000 2.1172 0
vt 0.0000 2.1172 0
vt 1.0000 2.3070 0
vt 0.0000 2.2386 0
vt 0.0000 2.3070 0
vt 1.0000 2.3593 0
vt 0.3904 2.4968 0
vt 0.0000 2.4968 0
vt 1.0000 1.3580 0
vt 2.8284 0.4048 0
vt 2.8284 0.2588 0
vt 2.9790 0.3023 0
vt 2.8284 0.0975 0
vt 2.9790 0.0975 0
vt 2.9790 0.1999 0
vt 2.8284 0.5072 0
vt 2.9790 0.5072 0
vt 2.9790 0.6096 0
vt 2.9790 0.4048 0
vt 2.8284 0.5000 0
vt 3.1206 0.3818 0
vt 3.0989 0.4689 0
vt 3.0513 0.5675 0
vt 2.8284 0.6096 0
vt 2.9721 0.6719 0
vt 2.8284 0.8096 0
vt 2.8284 0.7412 0
vt 2.8284 0.0000 0
vt 2.9649 0.0000 0
vt 3.1015 0.0000 0
vt 3.1211 0.1643 0
vt 3.1274 0.2639 0
vt 3.1236 0.3597 0
vt 3.1085 0.0543 0
vt 2.8284 0.7120 0
vt 0.0000 3.2967 0
vt 0.0000 3.1595 0
vt 0.0446 3.1712 0
vt 0.0000 3.4339 0
vt 0.2120 3.3407 0
vt 0.5172 3.5036 0
vt 0.0000 3.5711 0
vt 0.0000 3.5210 0
vt 1.0000 3.6605 0
vt 0.0000 3.7083 0
vt 0.0000 3.8455 0
vt 0.0000 3.9827 0
vt 1.7379 3.8109 0
vt 1.5947 4.1058 0
vt 1.5254 4.1199 0
vt 1.0000 4.1199 0
vt 1.9079 4.0613 0
vt 2.8530 3.9513 0
vt 2.3308 4.0321 0
vt 3.6268 4.0207 0
vt 3.6687 4.0210 0
vt 3.6703 4.0211 0
vt 3.5832 4.0204 0
vt 2.8418 4.0200 0
vt 0.0000 4.1199 0
vt 0.0000 3.0223 0
vt 4.7473 0.0350 0
vt 4.9664 -0.0159 0
vt 5.0084 -0.0158 0
vt 4.7473 -0.0161 0
vt 5.3463 0.0350 0
vt 5.0084 0.0350 0
vt 5.1856 0.0244 0
vt 5.1856 -0.0157 0
vt 5.4600 0.0244 0
vt 5.5972 0.0245 0
vt 5.3228 0.0244 0
vt 5.6842 0.0350 0
vt 6.0221 0.0350 0
vt 5.8716 0.0247 0
vt 5.7344 0.0246 0
vt 5.6842 0.0245 0
vt 0.0000 0.0350 0
vt 6.1460 0.0251 0
vt 6.0088 0.0249 0
vt 0.0000 0.0253 0
vt 2.4120 -0.0071 0
vt 2.5706 -0.0071 0
vt 2.5569 -0.0032 0
vt 2.4004 -0.0028 0
vt 2.4008 -0.0071 0
vt 2.7272 -0.0071 0
vt 2.7710 -0.0036 0
vt 2.7712 -0.0071 0
vt 2.0305 -0.0071 0
vt 2.2532 -0.0071 0
vt 2.2545 -0.0024 0
vt 1.6601 0.0000 0
vt 1.6601 -0.0071 0
vt 1.7950 -0.0071 0
vt 2.0302 -0.0016 0
vt 1.9570 -0.0013 0
vt 3.1416 -0.0037 0
vt 2.9064 -0.0069 0
vt 2.9168 -0.0071 0
vt 2.8401 -0.0037 0
vt 2.8960 -0.0067 0
vt 2.8844 -0.0069 0
vt 2.8727 -0.0071 0
vt 3.1416 -0.0071 0
vt 0.0465 -0.0241 0
vt 0.0286 -0.0056 0
vt 0.0280 -0.0026 0
vt 0.0298 -0.0090 0
vt 0.0318 -0.0129 0
vt 0.0429 -0.0283 0
vt 0.0427 -0.0285 0
vt 0.0427 -0.0285 0
vt 0.0348 -0.0177 0
vt 0.0431 -0.0281 0
vt 0.0393 -0.0241 0
vt 0.0277 0.0000 0
vt 0.0678 0.0000 0
vt 0.0667 -0.0241 0
vt -0.0065 -0.0075 0
vt 0.0134 -0.0075 0
vt 0.0132 -0.0042 0
vt -0.0064 -0.0042 0
vt 1.0976 -0.0067 0
vt 1.1946 0.0135 0
vt 1.2915 0.0134 0
vt 1.0976 0.0136 0
vt 1.2915 -0.0065 0
vt 3.0223 1.0000 0
vt 2.8284 1.0000 0
vt 2.8284 0.8398 0
vt -0.1638 -0.0643 0
vt -0.1487 -0.0589 0
vt -0.1576 -0.0491 0
vt -0.0444 0.0801 0
vt -0.0569 0.0867 0
vt -0.0624 0.0733 0
vt -0.0703 0.0914 0
vt -0.0749 0.0776 0
vt -0.0984 0.0944 0
vt -0.1011 0.0797 0
vt -0.0879 0.0797 0
vt -0.1125 0.0928 0
vt -0.1141 0.0776 0
vt -0.1726 -0.0532 0
vt -0.1649 -0.0381 0
vt -0.0314 0.0491 0
vt -0.0241 0.0381 0
vt -0.0151 0.0512 0
vt -0.0229 0.0617 0
vt -0.0330 0.0717 0
vt -0.0403 0.0589 0
vt -0.0843 0.0939 0
vt -0.1262 0.0890 0
vt -0.1266 0.0733 0
vt -0.1534 -0.0739 0
vt -0.1417 -0.0818 0
vt -0.1383 -0.0670 0
vt -0.0098 0.0420 0
vt -0.0213 0.0597 0
vt -0.1392 0.0833 0
vt -0.1511 0.0757 0
vt -0.1383 0.0670 0
vt -0.1290 -0.0880 0
vt -0.1266 -0.0733 0
vt -0.1155 -0.0921 0
vt -0.1141 -0.0776 0
vt -0.1016 -0.0942 0
vt -0.1011 -0.0797 0
vt -0.0874 -0.0942 0
vt -0.0879 -0.0797 0
vt -0.0735 -0.0921 0
vt -0.0749 -0.0776 0
vt -0.0507 0.0670 0
vt -0.1618 0.0663 0
vt -0.1487 0.0589 0
vt -0.1710 0.0555 0
vt -0.1576 0.0491 0
vt -0.1796 -0.0410 0
vt -0.1702 -0.0260 0
vt -0.0188 0.0260 0
vt -0.0056 0.0320 0
vt -0.1890 0.0026 0
vt -0.1745 0.0000 0
vt -0.1734 0.0132 0
vt -0.0600 -0.0880 0
vt -0.0624 -0.0733 0
vt -0.0472 -0.0818 0
vt -0.0507 -0.0670 0
vt -0.0252 -0.0643 0
vt -0.0164 -0.0532 0
vt -0.0314 -0.0491 0
vt -0.1784 0.0435 0
vt -0.1649 0.0381 0
vt -0.1840 0.0304 0
vt -0.1702 0.0260 0
vt -0.1875 0.0167 0
vt -0.1879 -0.0141 0
vt -0.1734 -0.0132 0
vt -0.1848 -0.0279 0
vt -0.0356 -0.0739 0
vt -0.0403 -0.0589 0
vt -0.1890 0.0000 0
vt -0.0094 -0.0410 0
vt -0.0241 -0.0381 0
vt -0.0042 -0.0279 0
vt -0.0188 -0.0260 0
vt -0.0156 0.0132 0
vt -0.0025 0.0216 0
vt -0.0011 -0.0141 0
vt -0.0156 -0.0132 0
vt 0.0000 0.0000 0
vt -0.0145 0.0000 0
vt -0.0006 0.0109 0
vt 3.1416 0.0465 0
vt 3.1416 0.0200 0
vt 3.3069 0.0200 0
vt 3.3069 0.0465 0
vt 3.4723 0.0200 0
vt 3.4723 0.0465 0
vt 3.6376 0.0200 0
vt 3.6376 0.0465 0
vt 3.8030 0.0200 0
vt 3.8030 0.0465 0
vt 3.9683 0.0200 0
vt 3.9683 0.0465 0
vt 4.1337 0.0200 0
vt 4.1337 0.0465 0
vt 4.2990 0.0200 0
vt 4.2990 0.0465 0
vt 4.4644 0.0200 0
vt 4.4644 0.0465 0
vt 4.6297 0.0200 0
vt 4.6297 0.0465 0
vt 4.7951 0.0200 0
vt 4.7951 0.0465 0
vt 4.9604 0.0200 0
vt 4.9604 0.0465 0
vt 5.1258 0.0200 0
vt 5.1258 0.0465 0
vt 5.2911 0.0200 0
vt 5.2911 0.0465 0
vt 5.4565 0.0200 0
vt 5.4565 0.0465 0
vt 5.6218 0.0200 0
vt 5.6218 0.0465 0
vt 5.7871 0.0200 0
vt 5.7871 0.0465 0
vt 5.9525 0.0200 0
vt 5.9525 0.0465 0
vt 6.1178 0.0200 0
vt 6.1178 0.0465 0
vt 0.0000 0.0200 0
vt 0.0000 0.0465 0
vt 0.0000 0.0465 0
vt 0.0000 0.0200 0
vt 0.1653 0.0200 0
vt 0.1653 0.0465 0
vt 0.3307 0.0200 0
vt 0.3307 0.0465 0
vt 0.4960 0.0200 0
vt 0.4960 0.0465 0
vt 0.6614 0.0200 0
vt 0.6614 0.0465 0
vt 0.8267 0.0200 0
vt 0.8267 0.0465 0
vt 0.9921 0.0200 0
vt 0.9921 0.0465 0
vt 1.1574 0.0200 0
vt 1.1574 0.0465 0
vt 1.3228 0.0200 0
vt 1.3228 0.0465 0
vt 1.4881 0.0200 0
vt 1.4881 0.0465 0
vt 1.6535 0.0200 0
vt 1.6535 0.0465 0
vt 1.8188 0.0200 0
vt 1.8188 0.0465 0
vt 1.9842 0.0200 0
vt 1.9842 0.0465 0
vt 2.1495 0.0200 0
vt 2.1495 0.0465 0
vt 2.3149 0.0200 0
vt 2.3149 0.0465 0
vt 2.4802 0.0200 0
vt 2.4802 0.0465 0
vt 2.6456 0.0200 0
vt 2.6456 0.0465 0
vt 2.8109 0.0200 0
vt 2.8109 0.0465 0
vt 2.9762 0.0200 0
vt 2.9762 0.0465 0
vt 3.1416 0.0200 0
vt 3.1416 0.0465 0
vt 0.0438 0.0670 0
vt 0.0321 0.0733 0
vt 0.0305 0.0696 0
vt 0.0196 0.0776 0
vt 0.0187 0.0737 0
vt -0.0066 0.0797 0
vt -0.0063 0.0757 0
vt 0.0063 0.0757 0
vt -0.0196 0.0776 0
vt -0.0187 0.0737 0
vt -0.0321 0.0733 0
vt -0.0305 0.0696 0
vt -0.0438 0.0670 0
vt -0.0416 0.0636 0
vt 0.0066 0.0797 0
vt 0.0066 -0.0797 0
vt 0.0063 -0.0757 0
vt -0.0063 -0.0757 0
vt 0.0196 -0.0776 0
vt 0.0187 -0.0737 0
vt 0.0321 -0.0733 0
vt 0.0305 -0.0696 0
vt 0.0438 -0.0670 0
vt 0.0416 -0.0636 0
vt -0.0542 0.0589 0
vt -0.0515 0.0559 0
vt -0.0631 0.0491 0
vt -0.0600 0.0467 0
vt -0.0438 -0.0670 0
vt -0.0321 -0.0733 0
vt -0.0305 -0.0696 0
vt -0.0196 -0.0776 0
vt -0.0187 -0.0737 0
vt 0.0542 -0.0589 0
vt 0.0515 -0.0559 0
vt 0.0631 -0.0491 0
vt 0.0600 -0.0467 0
vt -0.0704 0.0381 0
vt -0.0668 0.0362 0
vt -0.0757 0.0260 0
vt -0.0719 0.0247 0
vt -0.0800 0.0000 0
vt -0.0760 0.0000 0
vt -0.0750 0.0125 0
vt -0.0789 -0.0132 0
vt -0.0750 -0.0125 0
vt -0.0066 -0.0797 0
vt -0.0789 0.0132 0
vt -0.0631 -0.0491 0
vt -0.0542 -0.0589 0
vt -0.0515 -0.0559 0
vt -0.0416 -0.0636 0
vt 0.0704 -0.0381 0
vt 0.0668 -0.0362 0
vt 0.0757 -0.0260 0
vt 0.0719 -0.0247 0
vt 0.0757 0.0260 0
vt 0.0719 0.0247 0
vt 0.0750 0.0125 0
vt 0.0704 0.0381 0
vt 0.0668 0.0362 0
vt 0.0631 0.0491 0
vt 0.0542 0.0589 0
vt 0.0515 0.0559 0
vt 0.0416 0.0636 0
vt -0.0757 -0.0260 0
vt -0.0719 -0.0247 0
vt -0.0704 -0.0381 0
vt -0.0668 -0.0362 0
vt 0.0789 -0.0132 0
vt 0.0750 -0.0125 0
vt 0.0600 0.0467 0
vt -0.0600 -0.0467 0
vt 0.0800 0.0000 0
vt 0.0760 0.0000 0
vt 0.0789 0.0132 0
vt 3.1416 0.0015 0
vt 3.1416 0.0000 0
vt 3.3069 0.0000 0
vt 3.3069 0.0015 0
vt 3.4723 0.0000 0
vt 3.4723 0.0015 0
vt 3.6376 0.0000 0
vt 3.6376 0.0015 0
vt 3.8030 0.0000 0
vt 3.8030 0.0015 0
vt 3.9683 0.0000 0
vt 3.9683 0.0015 0
vt 4.1337 0.0000 0
vt 4.1337 0.0015 0
vt 4.2990 0.0000 0
vt 4.2990 0.0015 0
vt 4.4644 0.0000 0
vt 4.4644 0.0015 0
vt 4.6297 0.0000 0
vt 4.6297 0.0015 0
vt 4.7951 0.0000 0
vt 4.7951 0.0015 0
vt 4.9604 0.0000 0
vt 4.9604 0.0015 0
vt 5.1258 0.0000 0
vt 5.1258 0.0015 0
vt 5.2911 0.0000 0
vt 5.2911 0.0015 0
vt 5.4565 0.0000 0
vt 5.4565 0.0015 0
vt 5.6218 0.0000 0
vt 5.6218 0.0015 0
vt 5.7871 0.0000 0
vt 5.7871 0.0015 0
vt 5.9525 0.0000 0
vt 5.9525 0.0015 0
vt 6.1178 0.0000 0
vt 6.1178 0.0015 0
vt 0.0000 0.0000 0
vt 0.0000 0.0015 0
vt 0.0000 0.0015 0
vt 0.0000 0.0000 0
vt 0.1653 0.0000 0
vt 0.1653 0.0015 0
vt 0.3307 0.0000 0
vt 0.3307 0.0015 0
vt 0.4960 0.0000 0
vt 0.4960 0.0015 0
vt 0.6614 0.0000 0
vt 0.6614 0.0015 0
vt 0.8267 0.0000 0
vt 0.8267 0.0015 0
vt 0.9921 0.0000 0
vt 0.9921 0.0015 0
vt 1.1574 0.0000 0
vt 1.1574 0.0015 0
vt 1.3228 0.0000 0
vt 1.3228 0.0015 0
vt 1.4881 0.0000 0
vt 1.4881 0.0015 0
vt 1.6535 0.0000 0
vt 1.6535 0.0015 0
vt 1.8188 0.0000 0
vt 1.8188 0.0015 0
vt 1.9842 0.0000 0
vt 1.9842 0.0015 0
vt 2.1495 0.0000 0
vt 2.1495 0.0015 0
vt 2.3149 0.0000 0
vt 2.3149 0.0015 0
vt 2.4802 0.0000 0
vt 2.4802 0.0015 0
vt 2.6456 0.0000 0
vt 2.6456 0.0015 0
vt 2.8109 0.0000 0
vt 2.8109 0.0015 0
vt 2.9762 0.0000 0
vt 2.9762 0.0015 0
vt 3.1416 0.0000 0
vt 3.1416 0.0015 0
vt -0.0048 0.0737 0
vt -0.0298 0.0757 0
vt -0.0422 0.0737 0
vt -0.0172 -0.0757 0
vt 0.0070 -0.0696 0
vt 0.0181 -0.0636 0
vt 0.0280 -0.0559 0
vt -0.0422 -0.0737 0
vt -0.0298 -0.0757 0
vt 0.0070 0.0696 0
vt -0.0750 0.0559 0
vt -0.0835 0.0467 0
vt -0.0540 0.0696 0
vt -0.0651 0.0636 0
vt -0.0172 0.0757 0
vt -0.0048 -0.0737 0
vt -0.0540 -0.0696 0
vt 0.0365 -0.0467 0
vt -0.0903 0.0362 0
vt 0.0280 0.0559 0
vt 0.0181 0.0636 0
vt 0.0433 -0.0362 0
vt -0.0750 -0.0559 0
vt -0.0651 -0.0636 0
vt 0.0433 0.0362 0
vt 0.0365 0.0467 0
vt -0.0903 -0.0362 0
vt -0.0835 -0.0467 0
vt 0.0484 0.0247 0
vt -0.0954 0.0247 0
vt -0.0954 -0.0247 0
vt 0.0484 -0.0247 0
vt 0.0515 -0.0125 0
vt -0.0985 0.0125 0
vt -0.0995 0.0000 0
vt 0.0525 0.0000 0
vt 0.0515 0.0125 0
vt -0.0985 -0.0125 0
vt 0.0120 -0.0484 0
vt -0.0158 -0.0358 0
vt -0.0163 -0.0395 0
vt 0.0006 -0.0580 0
vt 0.0129 -0.0472 0
vt -0.0156 -0.0351 0
vt -0.0145 -0.0323 0
vt 0.0167 -0.0419 0
vt -0.0048 -0.0625 0
vt -0.0035 -0.0108 0
vt 0.0213 -0.0366 0
vt 0.0195 -0.0203 0
vt -0.0088 -0.0662 0
vt -0.0176 -0.0753 0
vt 0.0181 -0.0040 0
vt -0.0011 -0.0040 0
vt -0.0021 -0.0072 0
vt -0.0027 -0.0091 0
vt 0.5000 -0.0439 0
vt 0.3750 -0.0439 0
vt 0.3750 -0.0502 0
vt 0.5000 -0.0502 0
vt 0.3750 -0.0565 0
vt 0.5000 -0.0565 0
vt 1.0000 -0.0502 0
vt 1.0000 -0.0439 0
vt 0.8750 -0.0439 0
vt 0.2500 -0.0439 0
vt 0.1250 -0.0439 0
vt 0.1250 -0.0502 0
vt 0.2500 -0.0502 0
vt 0.2500 -0.0565 0
vt 0.2500 -0.0628 0
vt 0.1250 -0.0565 0
vt 0.1250 -0.0628 0
vt 0.0000 -0.0439 0
vt 0.0000 -0.0494 0
vt 0.0000 -0.0619 0
vt 1.0000 -0.0628 0
vt 1.0000 -0.0545 0
vt 0.8750 -0.0565 0
vt 0.6250 -0.0439 0
vt 0.6250 -0.0502 0
vt 0.7500 -0.0502 0
vt 0.8750 -0.0502 0
vt 0.7500 -0.0439 0
vt 0.7500 -0.0565 0
vt 0.6250 -0.0565 0
vt 0.6250 -0.0628 0
vt 0.7500 -0.0628 0
vt 0.8750 -0.0628 0
vt 0.8750 -0.0691 0
vt 1.0000 -0.0673 0
vt 1.0000 -0.0694 0
vt 0.5000 -0.0628 0
vt 0.7803 -0.0430 0
vt 0.6724 -0.0419 0
vt 0.5751 -0.0404 0
vt 0.4631 -0.0381 0
vt 0.3736 -0.0358 0
vt 0.3508 -0.0351 0
vt 0.2325 -0.0314 0
vt 0.1207 -0.0272 0
vt 0.0000 -0.0219 0
vt 0.0000 -0.0369 0
vt 0.1609 -0.0637 0
vt 0.3750 -0.0628 0
vt 0.3044 -0.0653 0
vt 0.4395 -0.0667 0
vt 0.5654 -0.0677 0
vt 0.7064 -0.0686 0
vt 0.8497 -0.0692 0
vt 0.8881 -0.0437 0
vt 0.3827 0.7545 0
vt 0.3478 0.8113 0
vt 0.3531 0.6679 0
vt 0.3827 0.6288 0
vt 0.3576 0.5357 0
vt 0.4231 0.1370 0
vt 0.3681 0.1260 0
vt 0.3700 0.0000 0
vt 0.4231 0.2663 0
vt 0.3678 0.1400 0
vt 0.3655 0.2519 0
vt 0.4231 0.3951 0
vt 0.3650 0.2747 0
vt 0.3617 0.4017 0
vt 0.4233 0.5220 0
vt 0.3827 0.5030 0
vt 0.4236 0.6475 0
vt 0.3827 0.8803 0
vt 0.4240 0.7797 0
vt 0.3831 1.0000 0
vt 0.4244 0.9102 0
vt 0.3421 0.9617 0
vt 0.3407 1.0000 0
vt 0.4248 1.0000 0
vt 0.4233 0.0000 0
vt -0.0006 0.0000 0
vt -0.0047 -0.0066 0
vt -0.0048 -0.0021 0
vt 0.0099 -0.0260 0
vt -0.0041 -0.0149 0
vt -0.0038 -0.0192 0
vt 0.0040 -0.0260 0
vt 0.0001 -0.0258 0
vt -0.0037 -0.0256 0
vt -0.0048 0.0000 0
vt -0.1322 0.0150 0
vt -0.1146 0.0111 0
vt -0.1133 0.0193 0
vt -0.1323 0.0000 0
vt -0.1150 0.0065 0
vt -0.1127 0.0221 0
vt -0.1150 0.0000 0
vt -0.1096 0.0318 0
vt 4.3884 0.0850 0
vt 4.3700 0.0909 0
vt 4.4772 0.0898 0
vt 4.4964 0.0850 0
vt 4.3700 0.0850 0
vt 4.6439 0.0894 0
vt 4.6439 0.0850 0
vt 4.6044 0.0850 0
vt 4.5069 0.0896 0
vt 4.5949 0.0894 0
vt 4.7124 0.0850 0
vt 4.7124 0.0896 0
vt 4.7808 0.0894 0
vt 4.7809 0.0850 0
vt 4.8204 0.0850 0
vt 4.8189 0.0893 0
vt 4.9178 0.0896 0
vt 4.9369 0.0897 0
vt 5.0548 0.0909 0
vt 5.0364 0.0850 0
vt 5.0548 0.0850 0
vt 4.9284 0.0850 0
vt -0.1322 -0.0150 0
vt -0.1147 -0.0101 0
vt -0.1150 -0.0065 0
vt -0.1129 -0.0211 0
vt -0.1133 -0.0193 0
vt -0.1323 0.0000 0
vt -0.1096 -0.0318 0
vt -0.1150 0.0000 0
vt 0.0250 -0.0304 0
vt 0.0250 0.0110 0
vt 0.0000 -0.0050 0
vt -0.0002 -0.0199 0
vt -0.0010 -0.0350 0
vt 0.0000 0.0110 0
vt -0.0010 -0.0409 0
vt 5.0459 -0.1170 0
vt 5.1833 -0.1170 0
vt 5.1444 -0.1010 0
vt 5.1833 -0.1010 0
vt 5.3208 -0.1170 0
vt 5.2524 -0.1010 0
vt 5.3208 -0.1010 0
vt 5.4583 -0.1170 0
vt 5.4683 -0.1010 0
vt 5.3603 -0.1010 0
vt 5.5958 -0.1170 0
vt 5.5763 -0.1010 0
vt 5.5958 -0.1010 0
vt 5.7333 -0.1170 0
vt 5.6843 -0.1010 0
vt 5.7333 -0.1010 0
vt 5.8707 -0.1170 0
vt 5.8707 -0.1010 0
vt 5.7923 -0.1010 0
vt 6.0082 -0.1170 0
vt 6.0083 -0.1010 0
vt 5.9003 -0.1010 0
vt 6.1457 -0.1170 0
vt 6.1163 -0.1010 0
vt 6.1457 -0.1010 0
vt 0.0000 -0.1170 0
vt 6.2243 -0.1010 0
vt 0.0000 -0.1010 0
vt 5.0459 -0.1010 0
vt 0.0170 -0.0506 0
vt 0.0190 -0.0409 0
vt 0.0183 -0.0385 0
vt 0.0200 -0.0428 0
vt 0.0310 -0.0616 0
vt 0.0277 -0.0591 0
vt 0.0277 -0.0592 0
vt 0.0304 -0.0466 0
vt 0.0262 -0.0555 0
vt -0.0110 -0.0092 0
vt 0.0122 -0.0517 0
vt 0.0145 -0.0509 0
vt 0.0084 -0.0548 0
vt 0.0087 -0.0544 0
vt -0.0110 -0.0616 0
vt 0.0067 -0.0576 0
vt 0.0212 -0.0444 0
vt 0.0210 -0.0514 0
vt 0.0228 -0.0456 0
vt 0.0242 -0.0534 0
vt 0.0256 -0.0548 0
vt 0.0262 -0.0466 0
vt 0.0245 -0.0464 0
vt 0.0109 -0.0525 0
vt 0.0060 -0.0616 0
vt 0.0063 -0.0592 0
vt 0.0218 -0.0517 0
vt 0.0179 -0.0358 0
vt 0.0280 -0.0616 0
vt 0.0161 0.0000 0
vt -0.0350 0.0000 0
vt -0.0350 -0.0092 0
vt 0.0000 -0.0110 0
vt 0.0150 -0.0110 0
vt 0.0025 0.0063 0
vt 0.0024 0.0063 0
vt 0.0150 0.0304 0
vt 0.0069 0.0256 0
vt 0.0073 0.0253 0
vt 0.0061 0.0078 0
vt 0.0083 0.0098 0
vt 0.0069 0.0084 0
vt 0.0092 0.0231 0
vt 0.0099 0.0218 0
vt 0.0040 0.0273 0
vt 0.0000 0.0310 0
vt 0.0024 0.0277 0
vt 0.0103 0.0130 0
vt 0.0099 0.0122 0
vt 0.0000 0.0280 0
vt 0.0110 0.0170 0
vt 0.0107 0.0195 0
vt 0.0000 0.0060 0
vt 0.0000 0.0335 0
vt 0.0000 0.0386 0
vt 0.2309 0.0386 0
vt 0.4488 0.0335 0
vt 0.8976 0.0335 0
vt 0.5881 0.0386 0
vt 0.8514 0.0387 0
vt 0.4488 0.0386 0
vt 0.8976 0.0387 0
vt 1.1998 0.0388 0
vt 1.3464 0.0335 0
vt 1.7952 0.0335 0
vt 1.5708 0.0390 0
vt 1.3464 0.0389 0
vt 1.8012 0.0389 0
vt 2.1584 0.0387 0
vt 1.7952 0.0389 0
vt 2.2440 0.0335 0
vt 2.6928 0.0335 0
vt 2.4223 0.0387 0
vt 2.2440 0.0387 0
vt 3.1416 0.0335 0
vt 2.7707 0.0386 0
vt 2.6928 0.0386 0
vt 3.1416 0.0386 0
vt 3.1416 0.0335 0
vt 3.1416 0.0386 0
vt -2.9107 0.0386 0
vt 3.5904 0.0335 0
vt 4.0392 0.0335 0
vt 3.7297 0.0386 0
vt 3.9930 0.0387 0
vt 3.5904 0.0386 0
vt 4.0392 0.0387 0
vt 4.3414 0.0388 0
vt 4.4880 0.0335 0
vt 4.9368 0.0335 0
vt 4.7124 0.0390 0
vt 4.4880 0.0389 0
vt 4.9428 0.0389 0
vt 5.3000 0.0387 0
vt 4.9368 0.0389 0
vt 5.3856 0.0335 0
vt 5.8344 0.0335 0
vt 5.5639 0.0387 0
vt 5.3856 0.0387 0
vt 0.0000 0.0335 0
vt 5.9123 0.0386 0
vt 5.8344 0.0386 0
vt 0.0000 0.0386 0
vt 0.0196 -0.0069 0
vt 0.0217 -0.0024 0
vt 0.0217 0.0024 0
vt 0.0196 0.0069 0
vt 0.0024 -0.0069 0
vt 0.0062 -0.0099 0
vt 0.0003 0.0024 0
vt 0.0003 -0.0024 0
vt 0.0024 0.0069 0
vt 0.0158 0.0099 0
vt 0.0110 0.0110 0
vt 0.0158 -0.0099 0
vt 0.0110 -0.0110 0
vt 0.0062 0.0099 0
vt 0.0420 -0.0910 0
vt 0.0320 -0.0889 0
vt 0.0216 -0.0920 0
vt 0.0420 -0.0847 0
vt -0.0941 -0.0130 0
vt -0.0914 -0.0258 0
vt -0.0921 -0.0210 0
vt -0.0870 -0.0381 0
vt -0.0880 -0.0345 0
vt -0.0150 -0.1089 0
vt -0.0908 0.0280 0
vt -0.0939 0.0142 0
vt -0.0921 0.0210 0
vt -0.0810 -0.0496 0
vt -0.0818 -0.0473 0
vt 0.0109 -0.0939 0
vt -0.0696 0.0646 0
vt -0.0785 0.0535 0
vt -0.0739 0.0589 0
vt -0.0856 0.0412 0
vt -0.0818 0.0472 0
vt -0.0880 0.0345 0
vt -0.0950 0.0000 0
vt -0.0942 0.0071 0
vt -0.0942 -0.0071 0
vt 0.0000 -0.0945 0
vt 0.0071 0.0947 0
vt -0.0071 0.0947 0
vt 0.0000 0.0945 0
vt -0.0211 0.0926 0
vt -0.0141 0.0934 0
vt -0.0475 0.0823 0
vt -0.0592 0.0743 0
vt -0.0532 0.0781 0
vt -0.0643 0.0693 0
vt -0.0141 -0.0934 0
vt 0.0000 -0.1095 0
vt 0.0026 0.0945 0
vt 0.0167 0.0930 0
vt -0.0410 0.0851 0
vt -0.0734 -0.0603 0
vt -0.0739 -0.0589 0
vt -0.0643 -0.0693 0
vt -0.0532 -0.0781 0
vt -0.0543 -0.0780 0
vt -0.0431 -0.0847 0
vt 0.0427 -0.0961 0
vt 0.0856 0.0412 0
vt 0.0785 0.0535 0
vt 0.0833 0.0447 0
vt 0.0696 0.0646 0
vt 0.0663 0.0673 0
vt 0.0757 0.0566 0
vt 0.0592 0.0743 0
vt 0.0555 0.0765 0
vt 0.0347 0.0884 0
vt 0.0304 0.0895 0
vt 0.0435 0.0839 0
vt 0.0211 0.0926 0
vt -0.0347 0.0884 0
vt -0.0279 0.0903 0
vt -0.0645 -0.0698 0
vt -0.0311 -0.0898 0
vt -0.0410 -0.0851 0
vt 0.0970 -0.0350 0
vt 0.0970 0.0350 0
vt 0.0944 0.0039 0
vt 0.0448 -0.1008 0
vt 0.0475 0.0823 0
vt 0.0970 -0.0580 0
vt 0.0867 -0.0376 0
vt 0.0939 -0.0102 0
vt 0.0865 0.0394 0
vt 0.0890 0.0317 0
vt 0.0481 -0.1048 0
vt 0.0801 -0.0501 0
vt 0.0928 0.0180 0
vt 0.0970 0.0375 0
vt 0.0524 -0.1076 0
vt -0.0279 -0.0903 0
vt 0.0914 -0.0242 0
vt 0.0746 -0.0580 0
vt 0.0120 0.0000 0
vt 0.0120 0.0107 0
vt -0.0007 0.0107 0
vt -0.0026 0.0000 0
vt -0.0720 -0.0041 0
vt -0.0941 -0.0041 0
vt -0.0785 -0.0159 0
vt -0.0930 -0.0248 0
vt -0.0918 -0.0239 0
vt -0.0020 -0.0128 0
vt 0.0007 -0.0041 0
vt -0.0016 -0.0041 0
vt -0.0804 -0.0168 0
vt -0.0906 -0.0230 0
vt -0.0132 -0.0091 0
vt -0.0088 -0.0104 0
vt -0.0694 -0.0119 0
vt -0.0651 -0.0105 0
vt -0.0249 -0.0068 0
vt -0.0226 -0.0072 0
vt -0.0580 -0.0085 0
vt -0.0511 -0.0072 0
vt -0.0463 -0.0066 0
vt -0.0368 -0.0061 0
vt 0.0026 -0.0148 0
vt 3.1416 -0.1039 0
vt 3.2418 -0.1039 0
vt 3.2005 -0.1010 0
vt 3.2929 -0.1010 0
vt 3.2929 -0.1038 0
vt 3.4165 -0.1010 0
vt 3.3085 -0.1010 0
vt 3.3664 -0.1035 0
vt 3.4443 -0.1032 0
vt 3.4443 -0.1010 0
vt 3.4917 -0.1029 0
vt 3.5956 -0.1022 0
vt 3.5956 -0.1010 0
vt 3.5245 -0.1010 0
vt 3.6180 -0.1021 0
vt 3.7433 -0.1010 0
vt 3.7405 -0.1010 0
vt 3.6325 -0.1010 0
vt 3.1416 -0.1010 0
vt 0.1496 -0.1170 0
vt 0.1496 -0.1010 0
vt 0.0589 -0.1010 0
vt 0.0000 -0.1170 0
vt 0.2992 -0.1170 0
vt 0.2749 -0.1010 0
vt 0.1669 -0.1010 0
vt 0.2992 -0.1010 0
vt 0.4488 -0.1170 0
vt 0.3829 -0.1010 0
vt 0.4488 -0.1010 0
vt 0.5984 -0.1170 0
vt 0.5989 -0.1010 0
vt 0.4909 -0.1010 0
vt 0.7480 -0.1170 0
vt 0.7069 -0.1010 0
vt 0.7480 -0.1010 0
vt 0.8976 -0.1170 0
vt 0.8976 -0.1010 0
vt 0.8149 -0.1010 0
vt 1.0472 -0.1170 0
vt 1.0308 -0.1010 0
vt 0.9228 -0.1010 0
vt 1.0472 -0.1010 0
vt 1.1968 -0.1170 0
vt 1.1388 -0.1010 0
vt 1.1968 -0.1010 0
vt 1.3464 -0.1170 0
vt 1.3464 -0.1010 0
vt 1.2468 -0.1010 0
vt 1.4960 -0.1170 0
vt 1.4628 -0.1010 0
vt 1.3548 -0.1010 0
vt 1.4960 -0.1010 0
vt 1.6456 -0.1170 0
vt 1.6456 -0.1010 0
vt 1.5708 -0.1010 0
vt 1.7952 -0.1170 0
vt 1.7868 -0.1010 0
vt 1.6788 -0.1010 0
vt 1.7952 -0.1010 0
vt 1.9448 -0.1170 0
vt 1.8948 -0.1010 0
vt 1.9448 -0.1010 0
vt 2.0944 -0.1170 0
vt 2.0944 -0.1010 0
vt 2.0028 -0.1010 0
vt 2.2440 -0.1170 0
vt 2.2187 -0.1010 0
vt 2.1108 -0.1010 0
vt 2.2440 -0.1010 0
vt 2.3936 -0.1170 0
vt 2.3267 -0.1010 0
vt 2.3936 -0.1010 0
vt 2.5432 -0.1170 0
vt 2.5427 -0.1010 0
vt 2.4347 -0.1010 0
vt 2.6928 -0.1170 0
vt 2.6507 -0.1010 0
vt 2.6928 -0.1010 0
vt 2.8424 -0.1032 0
vt 2.8911 -0.1034 0
vt 2.8667 -0.1010 0
vt 2.9747 -0.1010 0
vt 2.9920 -0.1038 0
vt 2.9920 -0.1010 0
vt 3.0166 -0.1038 0
vt 3.1416 -0.1039 0
vt 3.0827 -0.1010 0
vt 3.1416 -0.1010 0
vt 2.7587 -0.1010 0
vt 2.7144 -0.1024 0
vt 2.8424 -0.1010 0
vt 2.7663 -0.1028 0
vt 2.7144 -0.1170 0
vt 0.0000 -0.1010 0
vt 0.0000 0.0007 0
vt 0.0000 -0.0120 0
vt 0.0023 -0.0117 0
vt 0.0025 -0.0120 0
vt 0.0023 0.0007 0
vt -0.0299 0.0000 0
vt 0.0000 0.0000 0
vt -0.0004 -0.0010 0
vt 0.0000 -0.0010 0
vt -0.0299 -0.0010 0
vt 0.0000 0.0000 0
vt 0.0151 0.0000 0
vt 0.0124 -0.0010 0
vt 0.0151 -0.0010 0
vt 0.0000 -0.0010 0
vt 0.0000 0.0000 0
vt 0.0010 0.0000 0
vt 0.0010 -0.0035 0
vt 0.0000 -0.0035 0
vt 0.0679 -0.0010 0
vt 0.0025 -0.0010 0
vt 0.0310 0.0000 0
vt 0.0025 0.0000 0
vt 0.0679 0.0000 0
vt 0.0000 -0.0435 0
vt -0.0679 -0.0487 0
vt -0.0025 -0.0487 0
vt -0.0704 -0.0462 0
vt -0.0704 -0.0435 0
vt 0.0000 -0.0462 0
vt 0.0000 0.0000 0
vt 0.0010 0.0000 0
vt 0.0010 -0.0035 0
vt 0.0000 -0.0035 0
vt 0.0000 0.0176 0
vt 0.0010 0.0176 0
vt 0.0010 0.0052 0
vt 0.0000 0.0025 0
vt 0.0010 0.0025 0
vt 0.0000 0.0000 0
vt -0.0010 0.0000 0
vt -0.0010 0.0295 0
vt 0.0000 0.0299 0
vt -0.0010 0.0299 0
vt -0.0512 -0.0006 0
vt -0.0512 -0.0082 0
vt -0.0192 -0.0082 0
vt -0.0192 -0.0006 0
vt -0.0702 -0.0308 0
vt -0.0002 -0.0308 0
vt 0.0010 -0.0006 0
vt 0.0010 -0.0082 0
vt 0.0000 -0.0053 0
vt 0.0000 -0.0082 0
vt 0.0000 -0.0006 0
vt 0.0006 -0.0010 0
vt 0.0006 0.0000 0
vt 0.0053 0.0000 0
vt 0.0082 -0.0010 0
vt 0.0082 0.0000 0
vt 0.3054 0.0000 0
vt 0.6109 0.0000 0
vt 0.6109 -0.0320 0
vt 0.0000 0.0000 0
vt 0.3054 -0.0320 0
vt 0.0000 -0.0320 0
vt 0.1193 -0.0212 0
vt 0.1176 -0.0120 0
vt 0.1140 -0.0138 0
vt 0.1201 -0.0089 0
vt 0.1253 -0.0172 0
vt 0.1296 0.0132 0
vt 0.1104 0.0132 0
vt 0.1140 0.0038 0
vt 0.1064 0.0020 0
vt 0.1100 0.0038 0
vt 0.1058 0.0126 0
vt 0.1145 -0.0222 0
vt 0.1269 -0.0152 0
vt 0.1296 -0.0064 0
vt 0.1201 -0.0011 0
vt 0.1176 0.0020 0
vt 0.1032 0.0115 0
vt 0.0969 0.0059 0
vt 0.0956 0.0034 0
vt 0.1039 -0.0011 0
vt 0.1008 0.0100 0
vt 0.0987 0.0081 0
vt 0.1204 -0.0207 0
vt 0.1235 -0.0188 0
vt 0.1289 -0.0112 0
vt 0.1210 -0.0050 0
vt 0.1086 0.0131 0
vt 0.0955 -0.0237 0
vt 0.1100 -0.0138 0
vt 0.1285 -0.0122 0
vt 0.0948 0.0007 0
vt 0.1030 -0.0050 0
vt 0.0727 -0.0117 0
vt 0.0725 -0.0120 0
vt 0.0955 -0.0120 0
vt 0.1039 -0.0089 0
vt 0.1064 -0.0120 0
vt 0.0727 0.0007 0
vt 3.1416 0.0030 0
vt 3.1416 0.0000 0
vt 3.5904 0.0000 0
vt 3.5904 0.0030 0
vt 4.0392 0.0000 0
vt 4.0392 0.0030 0
vt 4.4880 0.0000 0
vt 4.4880 0.0030 0
vt 4.9368 0.0000 0
vt 4.9368 0.0030 0
vt 5.3856 0.0000 0
vt 5.3856 0.0030 0
vt 5.8344 0.0000 0
vt 5.8344 0.0030 0
vt 0.0000 0.0000 0
vt 0.0000 0.0030 0
vt 0.0000 0.0030 0
vt 0.0000 0.0000 0
vt 0.4488 0.0000 0
vt 0.4488 0.0030 0
vt 0.8976 0.0000 0
vt 0.8976 0.0030 0
vt 1.3464 0.0000 0
vt 1.3464 0.0030 0
vt 1.7952 0.0000 0
vt 1.7952 0.0030 0
vt 2.2440 0.0000 0
vt 2.2440 0.0030 0
vt 2.6928 0.0000 0
vt 2.6928 0.0030 0
vt 3.1416 0.0000 0
vt 3.1416 0.0030 0
vt -0.0056 -0.0070 0
vt 0.0056 -0.0070 0
vt 0.0081 -0.0039 0
vt -0.0020 -0.0088 0
vt 0.0056 0.0070 0
vt -0.0056 0.0070 0
vt -0.0081 0.0039 0
vt 0.0020 0.0088 0
vt 0.0020 -0.0088 0
vt 0.0090 0.0000 0
vt -0.0090 0.0000 0
vt -0.0081 -0.0039 0
vt -0.0020 0.0088 0
vt 0.0081 0.0039 0
vt -0.0017 0.0025 0
vt -0.0009 0.0029 0
vt -0.0006 0.0019 0
vt 0.0000 0.0030 0
vt 0.0000 0.0020 0
vt -0.0011 0.0016 0
vt 0.0000 0.0000 0
vt 0.0000 -0.0320 0
vt 0.3054 -0.0320 0
vt 0.6109 -0.0320 0
vt 0.6109 -0.0118 0
vt 0.3054 0.0000 0
vt 0.6109 0.0000 0
vt 0.0049 0.0034 0
vt 0.0103 0.0072 0
vt 0.0109 0.0064 0
vt 0.0055 0.0026 0
vt 0.0000 0.0000 0
vt 0.0076 0.0038 0
vt 0.0080 0.0029 0
vt 0.0004 -0.0009 0
vt -0.0009 0.0029 0
vt -0.0006 0.0019 0
vt 0.0000 0.0020 0
vt -0.0017 0.0025 0
vt -0.0011 0.0016 0
vt 0.0000 0.0030 0
vt 0.0041 0.0059 0
vt 0.0049 0.0053 0
vt 0.0012 -0.0001 0
vt 0.0004 0.0005 0
vt 0.0000 -0.0085 0
vt -0.0010 -0.0085 0
vt -0.0010 0.0000 0
vt 0.0000 0.0000 0
vt 0.0060 -0.0010 0
vt 0.0060 0.0000 0
vt 0.0135 0.0000 0
vt 0.0135 -0.0010 0
vt -0.0201 0.0288 0
vt -0.0177 0.0305 0
vt -0.0171 0.0297 0
vt -0.0196 0.0279 0
vt 5.8905 0.0351 0
vt 6.2832 0.0351 0
vt 6.2832 0.0341 0
vt 5.4978 0.0351 0
vt 5.8905 0.0341 0
vt 5.1051 0.0351 0
vt 5.4978 0.0341 0
vt 4.7124 0.0351 0
vt 5.1051 0.0341 0
vt 4.7124 0.0341 0
vt -0.0102 0.0135 0
vt -0.0132 0.0135 0
vt -0.0132 0.0060 0
vt -0.0072 0.0000 0
vt -0.0006 0.0000 0
vt -0.0092 0.0137 0
vt -0.0084 0.0142 0
vt -0.0006 0.0320 0
vt -0.0079 0.0170 0
vt -0.0077 0.0160 0
vt -0.0072 0.0320 0
vt -0.0102 0.0185 0
vt -0.0092 0.0183 0
vt -0.0132 0.0260 0
vt -0.0079 0.0150 0
vt -0.0084 0.0178 0
vt -0.0132 0.0185 0
vt -0.0072 0.0000 0
vt -0.0102 0.0135 0
vt -0.0092 0.0137 0
vt -0.0132 0.0060 0
vt -0.0102 0.0185 0
vt -0.0132 0.0185 0
vt -0.0132 0.0260 0
vt -0.0072 0.0320 0
vt -0.0006 0.0320 0
vt -0.0092 0.0183 0
vt -0.0132 0.0135 0
vt -0.0006 0.0000 0
vt -0.0077 0.0160 0
vt -0.0084 0.0178 0
vt -0.0079 0.0150 0
vt -0.0084 0.0142 0
vt -0.0079 0.0170 0
vt -0.0288 0.0201 0
vt -0.0279 0.0196 0
vt -0.0297 0.0171 0
vt -0.0305 0.0177 0
vt 0.0260 0.0000 0
vt 0.0260 -0.0010 0
vt 0.0185 -0.0010 0
vt 0.0185 0.0000 0
vt 1.1781 0.0351 0
vt 1.5708 0.0351 0
vt 1.5708 0.0341 0
vt 0.7854 0.0351 0
vt 1.1781 0.0341 0
vt 0.3927 0.0351 0
vt 0.7854 0.0341 0
vt 6.2832 0.0351 0
vt 0.3927 0.0341 0
vt 6.2832 0.0341 0
vt 0.0589 0.0266 0
vt 0.0589 0.0000 0
vt 0.1513 0.0000 0
vt 0.1669 0.0266 0
vt 0.1669 0.0000 0
vt 0.2749 0.0000 0
vt 0.3829 0.0266 0
vt 0.2749 0.0266 0
vt 0.3027 0.0000 0
vt 0.3829 0.0000 0
vt 0.4540 0.0000 0
vt 0.4909 0.0266 0
vt 0.4909 0.0000 0
vt 0.5989 0.0000 0
vt 2.1108 0.0266 0
vt 2.0028 0.0266 0
vt 2.0418 0.0000 0
vt 2.0028 0.0000 0
vt 2.1108 0.0000 0
vt 2.1792 0.0000 0
vt 2.2187 0.0266 0
vt 2.2187 0.0000 0
vt 2.3267 0.0000 0
vt 2.3267 0.0266 0
vt 2.4347 0.0000 0
vt 2.5427 0.0266 0
vt 2.4347 0.0266 0
vt 2.4542 0.0000 0
vt 2.6507 0.0266 0
vt 2.5917 0.0000 0
vt 2.5427 0.0000 0
vt 2.6507 0.0000 0
vt 2.7292 0.0000 0
vt 2.7587 0.0266 0
vt 2.7587 0.0000 0
vt 2.8667 0.0000 0
vt 2.8667 0.0266 0
vt 2.9747 0.0000 0
vt 3.0827 0.0266 0
vt 2.9747 0.0266 0
vt 3.0041 0.0000 0
vt 0.3829 0.0531 0
vt 0.4909 0.0531 0
vt 0.5989 0.0266 0
vt 1.0308 0.0531 0
vt 1.0308 0.0266 0
vt 1.1388 0.0266 0
vt 2.0028 0.0531 0
vt 2.5427 0.0531 0
vt 0.0000 0.0266 0
vt 0.0000 0.0000 0
vt 0.6896 0.0075 0
vt 0.7172 0.0093 0
vt 0.6461 0.0028 0
vt 0.6478 0.0030 0
vt 0.6635 0.0050 0
vt 0.6175 0.0002 0
vt 0.6333 0.0003 0
vt 0.6017 0.0000 0
vt 0.6671 0.0054 0
vt 0.8149 0.0266 0
vt 0.7069 0.0266 0
vt 0.7807 0.0116 0
vt 0.7469 0.0106 0
vt 0.8250 0.0121 0
vt 0.8983 0.0124 0
vt 0.8162 0.0121 0
vt 0.9228 0.0266 0
vt 0.9822 0.0128 0
vt 0.9670 0.0127 0
vt 1.0877 0.0140 0
vt 1.1307 0.0150 0
vt 1.0405 0.0133 0
vt 1.2231 0.0212 0
vt 1.2305 0.0230 0
vt 1.2096 0.0194 0
vt 1.1918 0.0179 0
vt 1.1648 0.0164 0
vt 1.1382 0.0153 0
vt 1.2468 0.0531 0
vt 1.1388 0.0531 0
vt 1.2284 0.0333 0
vt 1.2306 0.0290 0
vt 1.2324 0.0247 0
vt 1.2468 0.0333 0
vt 1.3548 0.0333 0
vt 1.3548 0.0531 0
vt 1.4628 0.0333 0
vt 1.6788 0.0531 0
vt 1.6788 0.0333 0
vt 1.7868 0.0333 0
vt 1.7868 0.0531 0
vt 1.8948 0.0333 0
vt 1.8948 0.0531 0
vt 1.9132 0.0333 0
vt 1.9065 0.0166 0
vt 3.0827 0.0000 0
vt 3.1416 0.0000 0
vt 3.1416 0.0266 0
vt 3.1307 0.0366 0
vt 3.1416 0.0366 0
vt 3.0776 0.0369 0
vt 3.0208 0.0377 0
vt 2.9636 0.0389 0
vt 2.9441 0.0394 0
vt 2.9064 0.0405 0
vt 2.8491 0.0427 0
vt 2.8253 0.0437 0
vt 2.7909 0.0453 0
vt 2.7095 0.0499 0
vt 2.6756 0.0521 0
vt 2.7328 0.0485 0
vt 2.6507 0.0531 0
vt 2.6191 0.0562 0
vt 2.5983 0.0579 0
vt 2.5142 0.0654 0
vt 2.4969 0.0485 0
vt 2.4622 0.0477 0
vt 2.4347 0.0471 0
vt 2.3898 0.0460 0
vt 2.3169 0.0440 0
vt 2.2446 0.0419 0
vt 2.2187 0.0412 0
vt 2.1724 0.0397 0
vt 2.1623 0.0467 0
vt 2.1108 0.0531 0
vt 2.0223 0.0725 0
vt 2.0131 0.0716 0
vt 2.1195 0.0686 0
vt 2.0923 0.0789 0
vt 1.9673 0.0676 0
vt 1.9191 0.0641 0
vt 1.8494 0.0599 0
vt 1.8176 0.0583 0
vt 1.8682 0.0609 0
vt 1.7365 0.0553 0
vt 1.7139 0.0546 0
vt 1.7656 0.0562 0
vt 1.6617 0.0535 0
vt 1.6196 0.0530 0
vt 1.5708 0.0333 0
vt 1.6393 0.0333 0
vt 1.6093 0.0529 0
vt 1.5023 0.0333 0
vt 1.5577 0.0528 0
vt 1.4628 0.0531 0
vt 1.5063 0.0532 0
vt 1.5016 0.0532 0
vt 1.4049 0.0553 0
vt 1.3852 0.0559 0
vt 1.4551 0.0540 0
vt 1.3051 0.0592 0
vt 1.2733 0.0609 0
vt 1.3548 0.0570 0
vt 1.2087 0.0650 0
vt 1.1628 0.0686 0
vt 1.2569 0.0619 0
vt 1.1123 0.0732 0
vt 1.0503 0.0792 0
vt 1.0229 0.0690 0
vt 1.1199 0.0724 0
vt 0.9692 0.0397 0
vt 0.9795 0.0468 0
vt 0.9990 0.0580 0
vt 0.9229 0.0412 0
vt 0.9071 0.0416 0
vt 0.7628 0.0455 0
vt 0.7167 0.0468 0
vt 0.8350 0.0437 0
vt 0.7629 0.0457 0
vt 0.6447 0.0485 0
vt 0.5989 0.0531 0
vt 0.6269 0.0658 0
vt 0.5652 0.0717 0
vt 0.5139 0.0671 0
vt 0.6134 0.0766 0
vt 0.5964 0.0748 0
vt 0.4608 0.0629 0
vt 0.4064 0.0593 0
vt 0.4933 0.0654 0
vt 0.3835 0.0579 0
vt 0.3504 0.0560 0
vt 0.2939 0.0532 0
vt 0.2377 0.0510 0
vt 0.1817 0.0493 0
vt 0.2699 0.0522 0
vt 0.1251 0.0480 0
vt 0.0696 0.0472 0
vt 0.1541 0.0486 0
vt 0.0144 0.0468 0
vt 0.0000 0.0468 0
vt 0.7628 0.0457 0
vt 2.1421 0.0582 0
vt 2.5652 0.0607 0
vt 1.9043 0.0000 0
vt 0.1473 -0.0010 0
vt 0.1482 -0.0191 0
vt 0.1491 -0.0204 0
vt 0.1438 -0.0136 0
vt 0.1390 -0.0085 0
vt 0.1390 -0.0085 0
vt 0.1358 -0.0054 0
vt 0.1390 -0.0085 0
vt 0.1305 -0.0010 0
vt 0.1517 -0.0241 0
vt 0.2862 -0.0723 0
vt 0.2862 -0.0721 0
vt 0.2862 -0.0721 0
vt -1.9724 0.0680 0
vt -1.9724 0.0680 0
vt -1.9726 0.0680 0
vt 0.1473 0.0010 0
vt 0.1351 0.0048 0
vt 0.1330 0.0031 0
vt 0.1382 0.0078 0
vt 0.1517 0.0241 0
vt 0.1491 0.0204 0
vt 0.1431 0.0129 0
vt 0.1476 0.0183 0
vt 0.1305 0.0010 0
vt -0.0193 0.0586 0
vt -0.0526 0.0580 0
vt -0.0440 0.0330 0
vt -0.0604 0.0358 0
vt -0.0540 0.0348 0
vt -0.0341 0.0307 0
vt -0.0249 0.0281 0
vt -0.0175 0.0349 0
vt 0.0618 0.0100 0
vt 0.0628 0.0142 0
vt 0.0622 0.0150 0
vt 0.0608 -0.0075 0
vt 0.0731 -0.0101 0
vt 0.0710 -0.0012 0
vt 0.0674 0.0070 0
vt 0.0620 0.0040 0
vt 0.0737 -0.0190 0
vt 0.0604 -0.0092 0
vt 0.0619 0.0004 0
vt 0.0609 0.0167 0
vt 0.0611 0.0156 0
vt 0.0733 -0.0523 0
vt 0.0546 -0.0368 0
vt 0.0575 -0.0185 0
vt 0.0532 -0.0272 0
vt 0.0565 -0.0523 0
vt 2.2925 0.0350 0
vt 2.3949 0.0166 0
vt 2.3051 0.0147 0
vt 2.4114 0.0350 0
vt 2.4114 0.0170 0
vt 2.0913 0.0350 0
vt 2.2138 0.0129 0
vt 2.1220 0.0113 0
vt 1.8900 0.0350 0
vt 2.0331 0.0099 0
vt 1.9440 0.0086 0
vt 2.0914 0.0108 0
vt 1.6888 0.0350 0
vt 1.8558 0.0077 0
vt 1.7687 0.0069 0
vt 1.8902 0.0080 0
vt 1.6808 0.0065 0
vt 1.5931 0.0063 0
vt 1.4876 0.0350 0
vt 1.5052 0.0063 0
vt 1.6888 0.0065 0
vt 1.3255 0.0073 0
vt 1.2862 0.0077 0
vt 1.4875 0.0064 0
vt 1.4156 0.0067 0
vt 1.2863 0.0350 0
vt 1.1427 0.0094 0
vt 1.0850 0.0102 0
vt 1.2352 0.0082 0
vt 1.0851 0.0350 0
vt 1.0504 0.0108 0
vt 0.9544 0.0124 0
vt 0.8839 0.0350 0
vt 0.8599 0.0143 0
vt 0.7650 0.0162 0
vt 0.7650 0.0350 0
vt -0.0242 0.0179 0
vt -0.0215 0.0190 0
vt -0.0214 0.0181 0
vt -0.0213 0.0172 0
vt -0.0200 0.0073 0
vt -0.0281 0.0166 0
vt -0.0350 0.0000 0
vt -0.0350 0.0151 0
vt -0.0170 0.0000 0
vt 0.8917 0.3612 0
vt 0.8917 0.4835 0
vt 0.9227 0.4835 0
vt 0.9072 0.1165 0
vt 0.9072 0.2388 0
vt 0.9227 0.2388 0
vt 0.9227 0.3612 0
vt 0.8917 0.1165 0
vt 0.8917 0.2388 0
vt 0.9227 0.6058 0
vt 0.9227 0.7281 0
vt 0.9538 0.7281 0
vt 0.8917 0.6058 0
vt 0.9072 0.0000 0
vt 0.8895 0.0000 0
vt 0.8614 0.0000 0
vt 0.8649 0.1286 0
vt 0.8762 0.1165 0
vt 0.8693 0.2566 0
vt 0.8751 0.3916 0
vt 0.8841 0.5441 0
vt 0.8959 0.6824 0
vt 0.9183 0.8369 0
vt 0.9538 0.8505 0
vt 0.9205 0.8471 0
vt 0.9303 0.8850 0
vt 0.9799 0.9168 0
vt 0.9700 0.7937 0
vt 0.9393 0.9115 0
vt 0.9841 0.9670 0
vt 0.9605 0.6653 0
vt 0.9538 0.6058 0
vt 0.9516 0.5367 0
vt 0.9430 0.4051 0
vt 0.9348 0.2701 0
vt 0.9271 0.1345 0
vt 0.9227 0.1165 0
vt 0.9200 0.0000 0
vt 0.9008 0.7258 0
vt 3.1241 0.0599 0
vt 3.2292 0.0404 0
vt 3.3119 0.0434 0
vt 3.1241 0.0361 0
vt 3.1368 0.0366 0
vt 3.1495 0.0372 0
vt 3.2879 0.0595 0
vt 3.3960 0.0459 0
vt 3.4792 0.0479 0
vt 3.6166 0.0598 0
vt 3.4531 0.0595 0
vt 3.5616 0.0496 0
vt 3.7713 0.0604 0
vt 3.7589 0.0519 0
vt 3.7743 0.0519 0
vt 3.7897 0.0520 0
vt 3.7897 0.0605 0
vt 3.7257 0.0516 0
vt 3.7590 0.0519 0
vt 3.6448 0.0508 0
vt 0.0191 0.0003 0
vt 0.0185 -0.0082 0
vt 0.0213 -0.0040 0
vt 0.0205 -0.0082 0
vt 0.0215 -0.0082 0
vt 0.0212 0.0003 0
vt -0.0350 -0.0261 0
vt -0.0350 0.0000 0
vt -0.0201 -0.0090 0
vt -0.0162 0.0000 0
vt -0.0166 -0.0011 0
vt -0.0223 -0.0261 0
vt 0.0540 -0.0052 0
vt 0.0430 -0.0098 0
vt 0.0403 -0.0128 0
vt 0.0582 -0.0523 0
vt 0.0331 -0.0437 0
vt 0.0351 -0.0540 0
vt 0.0588 -0.0101 0
vt 0.0309 -0.0343 0
vt 0.0452 -0.0069 0
vt 0.0516 -0.0009 0
vt 0.0475 -0.0031 0
vt 0.0283 -0.0251 0
vt 0.0507 0.0031 0
vt 0.0496 0.0013 0
vt 0.0360 -0.0602 0
vt 0.0507 0.0043 0
vt 0.0733 0.0523 0
vt 0.0565 0.0523 0
vt 0.0546 0.0372 0
vt 0.0602 0.0287 0
vt 0.0645 0.0195 0
vt 0.0560 0.0353 0
vt 0.0726 0.0155 0
vt 0.0733 0.0128 0
vt 0.0739 0.0101 0
vt 0.2862 0.0000 0
vt 0.2840 0.0000 0
vt 0.2852 -0.0016 0
vt 0.2857 -0.0023 0
vt 0.2862 -0.0030 0
vt -0.0142 -0.0101 0
vt -0.0021 -0.0091 0
vt -0.0030 -0.0002 0
vt -0.0264 -0.0112 0
vt -0.0151 -0.0012 0
vt -0.0272 -0.0022 0
vt 4.2567 0.0030 0
vt 4.3563 0.0030 0
vt 4.3526 0.0152 0
vt 4.2019 0.0275 0
vt 4.0887 0.0030 0
vt 3.9726 0.0247 0
vt 3.9207 0.0230 0
vt 4.0887 0.0276 0
vt 4.0549 0.0276 0
vt 3.9206 0.0030 0
vt 3.8031 0.0192 0
vt 3.7528 0.0177 0
vt 3.8887 0.0219 0
vt 3.7526 0.0030 0
vt 3.6342 0.0147 0
vt 3.5847 0.0135 0
vt 3.7185 0.0168 0
vt 3.4165 0.0030 0
vt 3.5846 0.0030 0
vt 3.4697 0.0113 0
vt 3.5508 0.0128 0
vt 3.3893 0.0102 0
vt 3.3094 0.0093 0
vt 3.4167 0.0105 0
vt 3.2485 0.0030 0
vt 3.2304 0.0088 0
vt 3.1567 0.0086 0
vt 3.1416 0.0030 0
vt 3.1416 0.0086 0
vt 4.3490 0.0273 0
vt 0.1372 0.2862 0
vt 0.1072 0.2862 0
vt 0.1072 0.2840 0
vt 0.1372 0.2840 0
vt -0.1769 0.0010 0
vt -0.1469 0.0010 0
vt -0.1469 0.0000 0
vt -0.1769 0.0000 0
vt 0.0074 0.0669 0
vt 0.0020 -0.0682 0
vt 0.0024 -0.0691 0
vt 0.0074 -0.0776 0
vt 0.0051 -0.0776 0
vt 0.0045 -0.0768 0
vt -0.0026 -0.0582 0
vt -0.0049 0.0699 0
vt -0.0049 -0.0544 0
vt 5.2337 0.1469 0
vt 5.2337 0.1769 0
vt 5.0705 0.1769 0
vt 5.2575 0.1769 0
vt 5.3031 0.1469 0
vt 5.3834 0.1508 0
vt 5.4074 0.1769 0
vt 5.4444 0.1769 0
vt 5.4660 0.1546 0
vt 5.5494 0.1581 0
vt 5.5494 0.1769 0
vt 4.9180 0.1769 0
vt 4.9180 0.1469 0
vt 5.0444 0.1469 0
vt 5.0600 0.1469 0
vt 5.6658 0.4053 0
vt 5.5896 0.4054 0
vt 5.5088 0.2890 0
vt 5.5888 0.2850 0
vt 5.4274 0.2927 0
vt 5.4450 0.4057 0
vt 5.4362 0.4057 0
vt 5.5010 0.4056 0
vt 5.4274 0.4058 0
vt 5.6658 0.2809 0
vt -0.0891 0.0224 0
vt -0.0986 -0.0894 0
vt -0.1080 -0.0880 0
vt -0.0891 -0.0907 0
vt -0.1080 0.0224 0
vt 0.0825 0.0000 0
vt -0.0275 -0.0058 0
vt -0.0264 -0.0117 0
vt 0.0840 -0.0117 0
vt 0.0833 -0.0058 0
vt -0.0286 0.0000 0
vt 0.0819 -0.0147 0
vt 0.0812 -0.0038 0
vt -0.0260 -0.0038 0
vt -0.0271 -0.0148 0
vt 0.0825 -0.0255 0
vt -0.0286 -0.0255 0
vt 4.1673 -0.0315 0
vt 4.1673 0.0000 0
vt 4.0174 0.0000 0
vt 3.9803 -0.0315 0
vt 4.3542 -0.0315 0
vt 4.3542 0.0000 0
vt 4.1911 0.0000 0
vt 6.2603 -0.0260 0
vt 6.1720 -0.0258 0
vt 6.2237 -0.0315 0
vt 6.2832 -0.0315 0
vt 6.2832 -0.0260 0
vt 6.0368 -0.0315 0
vt 6.0831 -0.0252 0
vt 5.8498 -0.0315 0
vt 5.9923 -0.0244 0
vt 6.0366 -0.0248 0
vt 5.9019 -0.0232 0
vt 5.8496 -0.0224 0
vt 5.8106 -0.0217 0
vt 5.6629 -0.0315 0
vt 5.7177 -0.0199 0
vt 5.4759 -0.0315 0
vt 5.6243 -0.0178 0
vt 5.5321 -0.0155 0
vt 5.6627 -0.0187 0
vt 5.2890 -0.0315 0
vt 5.4396 -0.0130 0
vt 5.3471 -0.0103 0
vt 5.4758 -0.0140 0
vt 5.1020 -0.0315 0
vt 5.2889 -0.0085 0
vt 5.2564 -0.0075 0
vt 5.1007 -0.0077 0
vt 4.9431 -0.0078 0
vt 4.9151 -0.0315 0
vt 4.9151 -0.0079 0
vt 4.7869 -0.0080 0
vt 4.7281 -0.0315 0
vt 4.5412 -0.0315 0
vt 4.6322 -0.0082 0
vt 4.7281 -0.0081 0
vt 4.5230 -0.0083 0
vt 4.5149 -0.0041 0
vt 4.5412 -0.0083 0
vt 3.8923 -0.0117 0
vt 3.8217 -0.0214 0
vt 3.9803 0.0000 0
vt 3.8836 -0.0058 0
vt 3.8753 0.0000 0
vt 3.7491 -0.0315 0
vt 3.7934 -0.0315 0
vt 4.5068 0.0000 0
vt 2.7591 0.0650 0
vt 2.5487 0.0650 0
vt 2.6489 0.0763 0
vt 2.5487 0.0767 0
vt 2.9582 0.0692 0
vt 2.9695 0.0755 0
vt 3.0415 0.0752 0
vt 3.1416 0.0746 0
vt 3.1416 0.0681 0
vt 3.0577 0.0687 0
vt 2.7591 0.0760 0
vt 2.8582 0.0694 0
vt 2.8452 0.0758 0
vt 2.9410 0.0756 0
vt 2.8322 0.0758 0
vt 2.3766 0.0650 0
vt 2.4653 0.0772 0
vt 2.3766 0.0777 0
vt 2.8582 0.0650 0
vt 0.5022 1.0000 0
vt 0.5022 1.0000 0
vt 0.5022 0.0432 0
vt 0.5022 1.0000 0
vt 0.5022 0.0245 0
vt 0.5022 0.0060 0
vt 0.0746 0.0127 0
vt 0.0728 0.0207 0
vt 0.0670 0.0177 0
vt 0.0647 0.0247 0
vt 0.0681 0.0127 0
vt 0.0082 0.0330 0
vt -0.0008 0.0330 0
vt -0.0004 0.0180 0
vt 0.0086 0.0180 0
vt -0.0001 0.0030 0
vt 0.0089 0.0030 0
vt 0.1030 0.0547 0
vt 0.1300 0.0547 0
vt 0.1323 0.0603 0
vt 0.1222 0.0821 0
vt 0.1144 0.0914 0
vt 0.1282 0.0717 0
vt 0.1343 0.0484 0
vt 0.1300 0.0424 0
vt 0.1346 0.0424 0
vt 0.1052 0.0993 0
vt 0.1030 0.1008 0
vt 0.1124 0.0380 0
vt 0.0854 0.0580 0
vt 0.0808 0.0547 0
vt 0.0963 0.0637 0
vt 0.0905 0.0609 0
vt 0.0604 0.0363 0
vt 0.0540 0.0274 0
vt 0.0650 0.0410 0
vt 0.1014 0.0656 0
vt 0.0763 0.0511 0
vt 0.1029 0.0661 0
vt 0.0495 0.0173 0
vt 0.2596 0.0118 0
vt 0.2588 0.0228 0
vt 0.2597 -0.0102 0
vt 0.2599 0.0008 0
vt 0.1064 0.0671 0
vt 0.2578 -0.0321 0
vt 0.1124 -0.0430 0
vt 0.1067 0.0672 0
vt 0.2590 -0.0212 0
vt 0.2560 -0.0430 0
vt 0.1077 0.0675 0
vt 0.0531 -0.0257 0
vt 0.1001 -0.0650 0
vt 0.1083 0.0676 0
vt 0.2572 0.0360 0
vt 0.2569 0.0380 0
vt 0.2575 0.0340 0
vt 0.0489 -0.0154 0
vt 0.0471 0.0065 0
vt 0.0469 -0.0046 0
vt 0.0883 -0.0625 0
vt 0.0965 -0.0668 0
vt 0.1094 0.0680 0
vt 0.0824 -0.0577 0
vt 0.0636 -0.0397 0
vt 0.0592 -0.0349 0
vt 0.1124 -0.0650 0
vt 0.1124 0.0680 0
vt 0.1094 0.0680 0
vt 0.1006 -0.0682 0
vt 0.1004 -0.0666 0
vt 0.0042 0.2862 0
vt 0.0221 0.2639 0
vt 0.0262 0.2682 0
vt 0.0042 0.2592 0
vt 0.0185 0.2592 0
vt 0.0262 0.2862 0
vt -0.0180 -0.3373 0
vt -0.0157 -0.1899 0
vt 0.0000 -0.1937 0
vt -0.0180 -0.1895 0
vt 0.0000 -0.3373 0
vt 5.3338 0.3373 0
vt 5.3338 0.1894 0
vt 5.4227 0.1894 0
vt 5.4273 0.3373 0
vt 5.5069 0.1895 0
vt 5.5207 0.3373 0
vt 5.5207 0.1895 0
vt 0.5000 0.5000 0
vt 0.3750 0.5000 0
vt 0.3750 0.3750 0
vt 0.8750 0.3750 0
vt 1.0000 0.3750 0
vt 1.0000 0.4719 0
vt 0.8750 0.5000 0
vt 0.5000 0.2500 0
vt 0.3750 0.2500 0
vt 0.3750 0.1250 0
vt 0.2500 0.5000 0
vt 0.1250 0.5000 0
vt 0.1250 0.3750 0
vt 0.5000 0.3750 0
vt 0.2500 0.3750 0
vt 0.2500 0.2500 0
vt 0.0000 0.4001 0
vt 0.0000 0.2003 0
vt 0.1250 0.2500 0
vt 0.2500 0.1250 0
vt 0.4758 0.0000 0
vt 0.5000 0.1250 0
vt 0.2500 0.0000 0
vt 0.3176 0.0000 0
vt 0.1250 0.1250 0
vt 0.1589 0.0000 0
vt 0.0000 0.0000 0
vt 0.6250 0.5000 0
vt 0.6250 0.3750 0
vt 0.7500 0.3750 0
vt 0.7500 0.5000 0
vt 0.8750 0.2500 0
vt 0.7500 0.2500 0
vt 0.7500 0.1250 0
vt 0.8750 0.1250 0
vt 0.8750 0.0000 0
vt 0.9501 0.0000 0
vt 1.0000 0.1566 0
vt 0.7919 0.0000 0
vt 0.6250 0.1250 0
vt 0.6250 0.2500 0
vt 0.6339 0.0000 0
vt 0.8750 0.7500 0
vt 0.8750 0.6250 0
vt 1.0000 0.6250 0
vt 1.0000 0.7870 0
vt 1.0000 0.8100 0
vt 1.0000 0.7500 0
vt 0.7500 0.8750 0
vt 0.7500 0.7500 0
vt 0.6250 0.8750 0
vt 0.6250 0.7500 0
vt 0.5000 0.8750 0
vt 0.6250 0.6250 0
vt 0.7500 0.6250 0
vt 1.0000 0.5000 0
vt 0.5000 0.7500 0
vt 0.5000 0.6250 0
vt 0.3750 0.7500 0
vt 0.3750 0.8750 0
vt 0.2500 0.8750 0
vt 0.2500 0.7500 0
vt 0.2500 0.6250 0
vt 0.3750 0.6250 0
vt 0.1250 0.7500 0
vt 0.1250 0.6250 0
vt 0.1250 0.8750 0
vt 1.0000 0.9882 0
vt 0.8695 0.9830 0
vt 0.8750 0.8750 0
vt 0.7424 0.9799 0
vt 0.6154 0.9788 0
vt 0.4886 0.9796 0
vt 0.3619 0.9824 0
vt 0.2351 0.9872 0
vt 0.1080 0.7500 0
vt 0.1080 0.7139 0
vt 0.1005 0.7048 0
vt 0.0162 0.5800 0
vt 0.0081 0.5803 0
vt 0.0575 0.6465 0
vt 0.0000 0.5806 0
vt 0.1080 0.9940 0
vt 1.0000 0.0000 0
vt -0.0369 -0.0043 0
vt 0.1066 0.0068 0
vt 0.0605 -0.0074 0
vt -0.0346 -0.0074 0
vt -0.0395 0.0006 0
vt -0.0402 0.0026 0
vt -0.0388 -0.0010 0
vt -0.0409 0.0049 0
vt -0.0410 0.0052 0
vt -0.0410 0.0055 0
vt -0.0412 0.0062 0
vt 0.1066 -0.0074 0
vt -0.0413 0.0068 0
vt 0.3249 0.3334 0
vt 0.0000 0.3334 0
vt 0.0000 0.0000 0
vt 0.3249 0.6666 0
vt 0.0000 0.6666 0
vt 0.6490 0.0000 0
vt 0.6490 0.3334 0
vt 0.9559 0.3334 0
vt 0.6490 0.6666 0
vt 1.0000 0.3334 0
vt 0.9559 0.0000 0
vt 1.0000 0.6666 0
vt 0.9559 0.6666 0
vt 1.0000 0.9681 0
vt 0.9791 0.9683 0
vt 0.9583 0.9686 0
vt 0.7922 0.9712 0
vt 0.6490 0.9740 0
vt 0.5277 0.9769 0
vt 0.2645 0.9845 0
vt 0.0000 0.9940 0
vt 1.0000 0.0000 0
vt 0.3249 0.0000 0
vt 0.0505 0.1985 0
vt 0.0650 0.1990 0
vt 0.0639 0.1121 0
vt 0.0778 0.1986 0
vt 0.0716 0.1118 0
vt 0.0650 0.1121 0
vt 0.0520 0.1108 0
vt 0.0361 0.1972 0
vt 0.0905 0.1976 0
vt 0.0835 0.1096 0
vt 0.0220 0.1951 0
vt 0.1030 0.1959 0
vt 0.0404 0.1076 0
vt 0.0296 0.1024 0
vt 0.1030 0.1008 0
vt 0.0948 0.1054 0
vt 0.0220 0.0972 0
vt 0.3249 0.3334 0
vt 0.3249 0.6666 0
vt 0.0000 0.6666 0
vt 0.3249 1.0000 0
vt 0.0000 1.0000 0
vt 0.6490 0.3334 0
vt 0.6490 1.0000 0
vt 0.6490 0.6666 0
vt 0.9559 0.3334 0
vt 0.9559 1.0000 0
vt 0.9559 0.6666 0
vt 1.0000 0.4135 0
vt 1.0000 0.3334 0
vt 1.0000 1.0000 0
vt 0.0000 0.3334 0
vt 0.0000 0.0060 0
vt 0.2627 0.0154 0
vt 0.4194 0.0202 0
vt 0.4202 0.0203 0
vt 0.4186 0.0202 0
vt 0.6490 0.0260 0
vt 0.6814 0.0267 0
vt 0.9312 0.0311 0
vt 1.0000 0.1203 0
vt 1.0000 0.0320 0
vt 1.0000 0.6666 0
vt 3.1415 0.2645 0
vt 3.1437 0.1935 0
vt 3.1458 0.1935 0
vt 3.1415 0.1935 0
vt 3.1457 0.2645 0
vt 1.5708 0.1066 0
vt 1.5708 0.0338 0
vt 1.5750 0.0338 0
vt 1.5750 0.1066 0
vt -0.0113 -0.3373 0
vt -0.0078 -0.1905 0
vt -0.0069 -0.1908 0
vt -0.0030 -0.1920 0
vt 0.0000 -0.1935 0
vt 0.0000 -0.2645 0
vt -0.0034 -0.1919 0
vt -0.0096 -0.1902 0
vt -0.0113 -0.1898 0
vt 0.0000 -0.3373 0
vt 0.0000 -0.1970 0
vt 0.0000 -0.2948 0
vt -0.0050 -0.2645 0
vt -0.0050 -0.3373 0
vt -0.0050 -0.1935 0
vt -0.0030 -0.1947 0
vt 0.0000 -0.3373 0
vt 0.7362 -0.0497 0
vt 0.7362 -0.1972 0
vt 0.8479 -0.1972 0
vt 0.6244 -0.0497 0
vt 0.6244 -0.1972 0
vt 0.8479 -0.0497 0
vt 0.0042 0.1562 0
vt 0.0092 0.1782 0
vt 0.0092 0.1782 0
vt 0.0256 0.1731 0
vt 0.0205 0.1782 0
vt 0.0312 0.1562 0
vt 0.0312 0.1685 0
vt 0.0042 0.1782 0
vt 0.1589 0.4002 0
vt 0.1589 0.5999 0
vt 0.0000 0.5453 0
vt 0.0000 0.5999 0
vt 0.1589 0.7997 0
vt 0.0000 0.7724 0
vt 0.0000 1.0000 0
vt 0.3176 0.4002 0
vt 0.3176 0.5999 0
vt 0.3176 0.7997 0
vt 0.2500 1.0000 0
vt 0.3176 1.0000 0
vt 0.3176 0.2003 0
vt 0.4758 0.2003 0
vt 0.4758 0.4002 0
vt 0.4758 0.5999 0
vt 0.4758 1.0000 0
vt 0.6339 0.2003 0
vt 0.6339 0.4002 0
vt 0.4758 0.7997 0
vt 0.6339 0.5999 0
vt 0.6339 0.7997 0
vt 0.6339 1.0000 0
vt 0.7919 0.2003 0
vt 0.7919 0.4002 0
vt 0.7919 0.5999 0
vt 0.7919 0.7997 0
vt 0.9501 0.2003 0
vt 0.9501 0.4002 0
vt 0.9501 0.5999 0
vt 0.9501 0.7997 0
vt 0.8750 1.0000 0
vt 0.9501 1.0000 0
vt 1.0000 0.2027 0
vt 1.0000 0.2003 0
vt 1.0000 0.4002 0
vt 1.0000 0.5237 0
vt 1.0000 0.5999 0
vt 1.0000 0.8400 0
vt 1.0000 0.7997 0
vt 0.0403 0.3419 0
vt 0.1004 0.2648 0
vt 0.0000 0.4002 0
vt 0.0202 0.3410 0
vt 0.0000 0.3400 0
vt 0.1665 0.1971 0
vt 0.2256 0.0090 0
vt 0.1665 0.0060 0
vt 0.3525 0.0139 0
vt 0.4793 0.0169 0
vt 0.6061 0.0178 0
vt 0.6815 0.0175 0
vt 0.6339 0.0178 0
vt 0.8084 0.0154 0
vt 0.9679 0.0099 0
vt 0.9358 0.0112 0
vt 1.0000 0.0084 0
vt 1.0000 1.0000 0
vt 0.7919 1.0000 0
vt 0.1589 1.0000 0
vt 0.0123 0.0497 0
vt 0.0000 0.0497 0
vt 0.0000 0.1942 0
vt 0.0123 0.1972 0
vt 0.0220 0.0547 0
vt 0.0046 0.0770 0
vt -0.0005 0.0661 0
vt 0.0198 0.0954 0
vt 0.0114 0.0868 0
vt 0.0000 0.0424 0
vt 0.0000 0.0547 0
vt -0.0035 0.0545 0
vt -0.0046 0.0425 0
vt 0.0220 0.0972 0
vt -0.0046 0.0424 0
vt 0.4978 1.0000 0
vt 0.4978 0.0060 0
vt 0.4978 0.0131 0
vt 0.4978 1.0000 0
vt 0.4978 0.0203 0
vt 0.4978 1.0000 0
vt 5.1448 0.0380 0
vt 5.1448 0.0030 0
vt 5.3187 0.0030 0
vt 5.3187 0.0380 0
vt 5.4926 0.0030 0
vt 5.4926 0.0380 0
vt 5.6665 0.0030 0
vt 5.8405 0.0030 0
vt 5.8405 0.0380 0
vt 5.7054 0.0380 0
vt 6.0144 0.0030 0
vt 6.1883 0.0230 0
vt 6.1883 0.0030 0
vt 0.0000 0.0030 0
vt -0.0949 0.0380 0
vt 6.0144 0.0380 0
vt 6.1373 0.0330 0
vt 6.1400 0.0230 0
vt 6.1386 0.0280 0
vt -0.0949 0.0330 0
vt 6.2832 0.0330 0
vt 4.7969 0.0380 0
vt 4.7148 0.0364 0
vt 4.7181 0.0348 0
vt 4.7799 0.0337 0
vt 4.7115 0.0380 0
vt 4.8428 0.0332 0
vt 4.8967 0.0330 0
vt 4.9708 0.0380 0
vt 5.0774 0.0330 0
vt 5.0730 0.0180 0
vt 4.9708 0.0330 0
vt 5.0685 0.0030 0
vt 6.2832 0.0380 0
vt 6.2832 0.0230 0
vt 5.6665 0.0380 0
vt -0.0030 0.0001 0
vt -0.0030 -0.0134 0
vt 0.0020 -0.0137 0
vt 0.0070 -0.0002 0
vt 0.0070 -0.0139 0
vt -0.0198 0.0002 0
vt -0.0002 0.0002 0
vt -0.0100 0.0132 0
vt -0.0035 0.0135 0
vt -0.0111 0.0132 0
vt -0.0002 0.0139 0
vt -0.0198 0.0139 0
vt -0.0101 0.0821 0
vt -0.0011 0.0693 0
vt 0.0000 0.0693 0
vt 0.0101 0.0821 0
vt -0.0101 0.0686 0
vt 0.0066 0.0690 0
vt 0.0101 0.0686 0
vt 0.0001 -0.0030 0
vt -0.0002 0.0070 0
vt -0.0137 0.0020 0
vt -0.0139 0.0070 0
vt -0.0134 -0.0030 0
vt 0.0030 0.0201 0
vt -0.0070 0.0198 0
vt -0.0070 0.0002 0
vt 0.0030 -0.0001 0
vt 6.4717 0.0380 0
vt 6.4717 0.0030 0
vt 6.6445 0.0030 0
vt 6.6445 0.0380 0
vt 6.8173 0.0030 0
vt 6.9900 0.0030 0
vt 0.6663 0.0380 0
vt 6.9900 0.0380 0
vt 7.1628 0.0030 0
vt 7.1628 0.0380 0
vt 7.3356 0.0030 0
vt 7.3356 0.0380 0
vt 7.5084 0.0030 0
vt 7.5084 0.0380 0
vt 7.6812 0.0030 0
vt 3.1416 0.0086 0
vt 3.0638 0.0088 0
vt 9.4091 0.0030 0
vt 9.2363 0.0030 0
vt 2.9863 0.0092 0
vt 9.0635 0.0030 0
vt 2.9084 0.0100 0
vt 2.9530 0.0095 0
vt 2.8313 0.0110 0
vt 8.8907 0.0030 0
vt 2.7532 0.0124 0
vt 2.7802 0.0119 0
vt 2.6747 0.0141 0
vt 8.7179 0.0030 0
vt 2.6075 0.0157 0
vt 2.5964 0.0160 0
vt 2.5164 0.0182 0
vt 8.5451 0.0030 0
vt 2.3542 0.0232 0
vt 2.2725 0.0261 0
vt 2.4351 0.0206 0
vt 8.3723 0.0030 0
vt 2.2619 0.0264 0
vt 2.2283 0.0276 0
vt 8.3636 0.0275 0
vt 8.2142 0.0273 0
vt 8.1996 0.0030 0
vt 2.0892 0.0275 0
vt 1.9164 0.0273 0
vt 8.0659 0.0272 0
vt 8.0268 0.0030 0
vt 1.7436 0.0271 0
vt 7.9189 0.0270 0
vt 7.8540 0.0030 0
vt 7.8536 0.0374 0
vt 7.6812 0.0380 0
vt 1.5176 0.0356 0
vt 1.5691 0.0367 0
vt 1.4469 0.0344 0
vt 7.7401 0.0330 0
vt 1.4669 0.0315 0
vt 7.7655 0.0291 0
vt 1.4979 0.0268 0
vt 1.5708 0.0269 0
vt 6.2832 0.0380 0
vt 6.2832 0.0330 0
vt 0.0157 0.0330 0
vt 0.0157 0.0030 0
vt 0.1432 0.0230 0
vt 0.1446 0.0280 0
vt 0.1459 0.0330 0
vt 0.0157 0.0380 0
vt 6.2832 0.0230 0
vt 0.0000 0.0030 0
vt 0.0157 0.0230 0
vt 1.5717 0.0380 0
vt 7.8540 0.0380 0
vt 3.1416 0.0030 0
vt 6.8173 0.0380 0
vt 0.0108 0.0105 0
vt 0.0122 0.0091 0
vt 0.0123 0.0098 0
vt 0.0125 0.0105 0
vt 0.0092 0.0105 0
vt 3.5525 0.0510 0
vt 3.6023 0.0517 0
vt 3.6023 0.0550 0
vt 3.4520 0.0594 0
vt 3.5829 0.0573 0
vt 3.4624 0.0494 0
vt 3.2879 0.0592 0
vt 3.3764 0.0476 0
vt 3.2753 0.0451 0
vt 3.2909 0.0455 0
vt 3.1241 0.0593 0
vt 3.2060 0.0430 0
vt 3.1241 0.0402 0
vt 3.5634 0.0597 0
vt 2.8636 -0.0693 0
vt 2.9282 -0.0692 0
vt 2.9189 -0.0695 0
vt 2.9375 -0.0689 0
vt 2.8120 -0.0730 0
vt 2.8084 -0.0695 0
vt 2.8819 -0.0709 0
vt 2.7419 -0.0747 0
vt 2.6587 -0.0650 0
vt 2.8084 -0.0650 0
vt 2.6551 -0.0762 0
vt 2.5926 -0.0771 0
vt 2.5036 -0.0650 0
vt 2.6687 -0.0760 0
vt 2.5155 -0.0778 0
vt 2.4461 -0.0783 0
vt 2.3766 -0.0650 0
vt 2.3766 -0.0789 0
vt -0.0267 0.0318 0
vt -0.0227 0.0303 0
vt -0.0169 0.0350 0
vt -0.0474 0.0623 0
vt -0.0357 0.0350 0
vt -0.0132 0.0379 0
vt -0.0571 0.0408 0
vt -0.0456 0.0379 0
vt -0.0092 0.0406 0
vt -0.0086 0.0597 0
vt -0.0733 0.0523 0
vt -0.0600 0.0292 0
vt -0.0546 0.0372 0
vt -0.0602 0.0287 0
vt -0.0738 0.0134 0
vt -0.0649 0.0184 0
vt -0.0646 0.0193 0
vt -0.0732 0.0044 0
vt -0.0680 0.0069 0
vt -0.0711 -0.0043 0
vt -0.0690 -0.0050 0
vt -0.0688 -0.0005 0
vt -0.0675 0.0095 0
vt -0.0688 -0.0100 0
vt -0.0565 0.0523 0
vt 0.0007 0.0010 0
vt 0.0175 0.0010 0
vt 0.0148 0.0032 0
vt 0.0004 0.0184 0
vt -0.0011 0.0204 0
vt 0.0129 0.0048 0
vt 0.0047 0.0131 0
vt 0.0097 0.0079 0
vt -0.0037 0.0241 0
vt -0.1650 0.0000 0
vt -0.1799 -0.0090 0
vt -0.1805 -0.0079 0
vt -0.1650 -0.0164 0
vt -0.1789 -0.0164 0
vt -0.1838 0.0000 0
vt 0.8839 0.1650 0
vt 0.7802 0.1841 0
vt 0.8698 0.1859 0
vt 0.7650 0.1650 0
vt 0.7650 0.1838 0
vt 1.0851 0.1650 0
vt 0.9604 0.1877 0
vt 1.0518 0.1893 0
vt 1.2863 0.1650 0
vt 1.1405 0.1906 0
vt 1.2293 0.1917 0
vt 1.0850 0.1898 0
vt 1.4876 0.1650 0
vt 1.3174 0.1926 0
vt 1.4044 0.1933 0
vt 1.2863 0.1923 0
vt 1.6888 0.1650 0
vt 1.5802 0.1937 0
vt 1.4922 0.1936 0
vt 1.6682 0.1936 0
vt 1.4876 0.1936 0
vt 1.8487 0.1924 0
vt 1.8902 0.1920 0
vt 1.6889 0.1935 0
vt 1.7580 0.1931 0
vt 1.8900 0.1650 0
vt 2.0323 0.1902 0
vt 2.0914 0.1892 0
vt 1.9393 0.1914 0
vt 2.0913 0.1650 0
vt 2.1251 0.1887 0
vt 2.2213 0.1869 0
vt 2.2925 0.1650 0
vt 2.3162 0.1850 0
vt 2.4114 0.1830 0
vt 2.4114 0.1650 0
vt 0.0485 -0.0316 0
vt 0.0536 -0.0220 0
vt 0.0396 -0.0191 0
vt -0.0034 -0.0578 0
vt 0.0000 -0.0440 0
vt -0.0098 -0.0429 0
vt 0.0034 -0.0578 0
vt 0.0141 -0.0562 0
vt 0.0098 -0.0429 0
vt 0.0418 -0.0400 0
vt 0.0344 -0.0274 0
vt 0.0274 -0.0344 0
vt 0.0495 0.0300 0
vt 0.0431 0.0387 0
vt 0.0344 0.0274 0
vt -0.0337 -0.0471 0
vt -0.0243 -0.0526 0
vt -0.0191 -0.0396 0
vt -0.0141 -0.0562 0
vt 0.0000 -0.0579 0
vt 0.0337 -0.0471 0
vt 0.0191 -0.0396 0
vt 0.0396 0.0191 0
vt 0.0542 0.0203 0
vt 0.0351 0.0460 0
vt 0.0274 0.0344 0
vt 0.0000 0.0440 0
vt 0.0331 0.0475 0
vt 0.0302 0.1550 0
vt -0.0485 -0.0316 0
vt -0.0344 -0.0274 0
vt -0.0396 -0.0191 0
vt 0.0243 -0.0526 0
vt -0.0331 0.0475 0
vt -0.0274 0.0344 0
vt -0.0191 0.0396 0
vt -0.0102 0.1567 0
vt -0.0304 0.1550 0
vt 0.0100 0.1567 0
vt -0.0536 -0.0220 0
vt -0.0418 -0.0400 0
vt -0.0274 -0.0344 0
vt 0.0571 0.0099 0
vt 0.0429 0.0098 0
vt 0.0440 0.0000 0
vt 0.0191 0.0396 0
vt 0.0098 0.0429 0
vt -0.0098 0.0429 0
vt -0.0396 0.0191 0
vt -0.0344 0.0274 0
vt -0.0567 -0.0117 0
vt -0.0429 -0.0098 0
vt -0.0440 0.0000 0
vt 0.0567 -0.0117 0
vt 0.0429 -0.0098 0
vt 0.0579 -0.0009 0
vt -0.0429 0.0098 0
vt -0.0495 0.0300 0
vt -0.0542 0.0203 0
vt -0.0351 0.0460 0
vt -0.0431 0.0387 0
vt 0.0331 0.1547 0
vt -0.0571 0.0099 0
vt -0.0579 -0.0009 0
vt -0.0331 0.1547 0
vt -0.0109 -0.1942 0
vt -0.0107 -0.3031 0
vt -0.0217 -0.3020 0
vt -0.0217 -0.1949 0
vt 0.0000 -0.1935 0
vt 0.0000 -0.3046 0
vt -0.0825 0.0117 0
vt -0.0833 0.0058 0
vt 0.0264 0.0000 0
vt 0.0275 0.0058 0
vt -0.0840 0.0000 0
vt 0.0286 0.0117 0
vt 2.9172 0.0300 0
vt 3.1416 0.0300 0
vt 3.1416 0.0240 0
vt 2.6928 0.0300 0
vt 2.9172 0.0240 0
vt 2.4684 0.0300 0
vt 2.6928 0.0240 0
vt 2.2440 0.0300 0
vt 2.4684 0.0240 0
vt 2.0196 0.0300 0
vt 2.2440 0.0240 0
vt 1.7952 0.0300 0
vt 2.0196 0.0240 0
vt 1.5708 0.0300 0
vt 1.7952 0.0240 0
vt 1.3464 0.0300 0
vt 1.5708 0.0240 0
vt 1.1220 0.0300 0
vt 1.3464 0.0240 0
vt 0.8976 0.0300 0
vt 1.1220 0.0240 0
vt 0.6732 0.0300 0
vt 0.8976 0.0240 0
vt 0.4488 0.0300 0
vt 0.6732 0.0240 0
vt 0.2244 0.0300 0
vt 0.4488 0.0240 0
vt 6.2832 0.0300 0
vt 0.2244 0.0240 0
vt 6.2832 0.0240 0
vt 6.0588 0.0300 0
vt 6.2832 0.0300 0
vt 6.2832 0.0240 0
vt 5.8344 0.0300 0
vt 6.0588 0.0240 0
vt 5.6100 0.0300 0
vt 5.8344 0.0240 0
vt 5.3856 0.0300 0
vt 5.6100 0.0240 0
vt 5.1612 0.0300 0
vt 5.3856 0.0240 0
vt 4.9368 0.0300 0
vt 5.1612 0.0240 0
vt 4.7124 0.0300 0
vt 4.9368 0.0240 0
vt 4.4880 0.0300 0
vt 4.7124 0.0240 0
vt 4.2636 0.0300 0
vt 4.4880 0.0240 0
vt 4.0392 0.0300 0
vt 4.2636 0.0240 0
vt 3.8148 0.0300 0
vt 4.0392 0.0240 0
vt 3.5904 0.0300 0
vt 3.8148 0.0240 0
vt 3.3660 0.0300 0
vt 3.5904 0.0240 0
vt 3.1416 0.0300 0
vt 3.3660 0.0240 0
vt 3.1416 0.0240 0
vt 0.0429 -0.0342 0
vt 0.0098 -0.0011 0
vt 0.0000 0.0000 0
vt 0.0344 -0.0166 0
vt 0.0274 -0.0096 0
vt 0.0396 -0.0249 0
vt -0.0098 -0.0011 0
vt 0.0000 -0.0880 0
vt 0.0098 -0.0869 0
vt 0.0191 -0.0836 0
vt 0.0429 -0.0538 0
vt -0.0191 -0.0836 0
vt -0.0098 -0.0869 0
vt -0.0344 -0.0714 0
vt -0.0274 -0.0784 0
vt -0.0191 -0.0044 0
vt -0.0274 -0.0096 0
vt 0.0191 -0.0044 0
vt 0.0344 -0.0714 0
vt 0.0396 -0.0631 0
vt 0.0274 -0.0784 0
vt -0.0429 -0.0538 0
vt -0.0396 -0.0631 0
vt -0.0344 -0.0166 0
vt -0.0396 -0.0249 0
vt -0.0429 -0.0342 0
vt 0.0440 -0.0440 0
vt -0.0440 -0.0440 0
vt 1.5280 -0.0655 0
vt 1.5172 0.0000 0
vt 1.4637 0.0000 0
vt 1.4433 -0.0655 0
vt 1.5280 0.0000 0
vt 1.6128 -0.0655 0
vt 1.5708 0.0000 0
vt 1.6128 0.0000 0
vt 1.6976 -0.0655 0
vt 1.6715 0.0000 0
vt 1.6976 0.0000 0
vt 1.3046 -0.0045 0
vt 1.3703 -0.0090 0
vt 1.3566 0.0000 0
vt 1.3572 0.0000 0
vt 1.3052 0.0000 0
vt 1.4433 0.0000 0
vt 1.4141 -0.0556 0
vt 1.3957 -0.0398 0
vt 1.3959 -0.0246 0
vt 1.3950 -0.0340 0
vt 1.3969 -0.0152 0
vt 1.3964 -0.0457 0
vt 1.4101 0.0000 0
vt 1.3835 -0.0121 0
vt 1.7388 0.0000 0
vt 1.7586 -0.0120 0
vt 1.7739 -0.0078 0
vt 1.7481 -0.0144 0
vt 1.7464 -0.0148 0
vt 1.7447 -0.0152 0
vt 1.7724 0.0000 0
vt 1.7857 -0.0040 0
vt 1.7823 0.0000 0
vt 1.7051 0.0000 0
vt 1.7459 -0.0398 0
vt 1.7466 -0.0340 0
vt 1.7275 -0.0556 0
vt 1.7452 -0.0457 0
vt 1.7457 -0.0246 0
vt 1.7098 -0.0655 0
vt 1.8366 -0.0020 0
vt 1.8363 0.0000 0
vt 1.7885 0.0000 0
vt 1.8370 -0.0040 0
vt 1.4318 -0.0655 0
vt 1.3039 -0.0090 0
vt -0.0070 0.0892 0
vt -0.0070 0.1080 0
vt 0.1034 0.1080 0
vt 0.1047 0.0986 0
vt 0.1060 0.0892 0
vt -0.0125 -0.4054 0
vt -0.0082 -0.2894 0
vt -0.0034 -0.2927 0
vt -0.0034 -0.4057 0
vt -0.0080 -0.4056 0
vt -0.0125 -0.2858 0
vt 0.8843 0.1519 0
vt 1.0446 0.1519 0
vt 1.0257 0.1769 0
vt 1.2126 0.1769 0
vt 1.3652 0.1519 0
vt 1.3652 0.1769 0
vt 0.8388 0.1769 0
vt 0.7337 0.1769 0
vt 0.7337 0.1582 0
vt 0.8916 0.1769 0
vt 0.8090 0.1549 0
vt 1.2049 0.1519 0
vt -0.3373 0.0000 0
vt -0.3373 0.0023 0
vt -0.3366 0.0029 0
vt -0.3268 0.0057 0
vt -0.1935 0.0000 0
vt -0.3177 0.0101 0
vt -0.3093 0.0159 0
vt -0.1897 0.0159 0
vt -0.1519 0.0000 0
vt -0.1769 0.0000 0
vt -0.1769 0.0010 0
vt -0.1519 0.0010 0
vt 1.9289 0.0000 0
vt 1.9289 -0.0315 0
vt 2.1159 -0.0315 0
vt 2.3028 -0.0315 0
vt 2.2500 0.0000 0
vt 2.3028 0.0000 0
vt 2.3909 -0.0117 0
vt 2.3996 -0.0058 0
vt 2.4898 -0.0315 0
vt 2.4614 -0.0214 0
vt 1.7420 -0.0315 0
vt 1.7602 -0.0083 0
vt 1.7683 -0.0041 0
vt 1.7764 0.0000 0
vt 1.7420 -0.0083 0
vt 1.6041 -0.0081 0
vt 1.5551 -0.0315 0
vt 1.5551 -0.0081 0
vt 1.4465 -0.0080 0
vt 1.3681 -0.0315 0
vt 1.1812 -0.0315 0
vt 1.2903 -0.0078 0
vt 1.3681 -0.0079 0
vt 1.0268 -0.0075 0
vt 0.9942 -0.0085 0
vt 1.1358 -0.0076 0
vt 1.1812 -0.0077 0
vt 0.9942 -0.0315 0
vt 0.8792 -0.0119 0
vt 0.8073 -0.0140 0
vt 0.9692 -0.0093 0
vt 0.8073 -0.0315 0
vt 0.7013 -0.0168 0
vt 0.6204 -0.0187 0
vt 0.7905 -0.0144 0
vt 0.6203 -0.0315 0
vt 0.5253 -0.0207 0
vt 0.4374 -0.0223 0
vt 0.6124 -0.0189 0
vt 0.2464 -0.0315 0
vt 0.4334 -0.0315 0
vt 0.3496 -0.0236 0
vt 0.2631 -0.0247 0
vt 0.0595 -0.0315 0
vt 0.1755 -0.0254 0
vt 0.2465 -0.0248 0
vt 6.2832 -0.0260 0
vt 6.2832 -0.0315 0
vt 0.0878 -0.0259 0
vt 2.4079 0.0000 0
vt 2.5341 -0.0315 0
vt 2.1159 0.0000 0
vt 0.1122 0.1562 0
vt 0.1373 0.1562 0
vt 0.1372 0.1585 0
vt 0.1373 0.1585 0
vt 0.1122 0.1585 0
vt 0.1943 -0.0469 0
vt 0.4053 -0.0315 0
vt 0.4050 -0.0425 0
vt 0.4030 -0.0644 0
vt 0.4023 -0.0695 0
vt 0.2578 -0.0695 0
vt 0.4043 -0.0535 0
vt 0.4036 -0.0030 0
vt 0.4046 -0.0140 0
vt 0.4052 -0.0250 0
vt 0.2578 0.0115 0
vt 0.2403 0.0325 0
vt 0.2478 0.0351 0
vt 0.4053 -0.0291 0
vt 0.4032 -0.0002 0
vt 0.2372 0.0311 0
vt 0.2275 0.0246 0
vt 0.2325 0.0283 0
vt 0.1949 -0.0142 0
vt 0.1994 -0.0041 0
vt 0.1925 -0.0250 0
vt 0.1923 -0.0361 0
vt 0.2455 -0.0965 0
vt 0.2456 -0.0971 0
vt 0.2364 -0.0937 0
vt 0.4029 0.0025 0
vt 0.2250 0.0226 0
vt 0.2274 -0.0881 0
vt 0.2578 -0.0965 0
vt 0.4022 0.0070 0
vt 0.2549 0.0362 0
vt 0.2058 0.0048 0
vt 0.2090 -0.0712 0
vt 0.2046 -0.0664 0
vt 0.2208 -0.0826 0
vt 0.1984 -0.0572 0
vt 0.4016 0.0115 0
vt 0.2250 0.0225 0
vt 0.2104 0.0095 0
vt 0.2578 0.0366 0
vt 0.2457 -0.0978 0
vt -0.0128 0.0157 0
vt -0.0046 0.0185 0
vt -0.0093 0.0196 0
vt -0.0052 0.0206 0
vt -0.0134 0.0186 0
vt -0.0132 0.0177 0
vt -0.0131 0.0177 0
vt 0.0000 0.0000 0
vt 0.1072 0.0000 0
vt 0.0834 0.2134 0
vt 0.0600 0.4306 0
vt 0.0000 0.9940 0
vt 1.1227 1.0000 0
vt 1.1257 0.0060 0
vt 1.0224 0.0484 0
vt 1.0233 1.0000 0
vt 0.8664 0.1290 0
vt 0.8294 0.1512 0
vt 0.8296 1.0000 0
vt 0.7160 0.2271 0
vt 0.6531 1.0000 0
vt 0.5781 0.3364 0
vt 0.5425 0.3678 0
vt 0.5429 1.0000 0
vt 0.3013 0.6163 0
vt 0.2717 0.6506 0
vt 0.4383 0.4683 0
vt 0.2720 1.0000 0
vt 0.1663 0.7794 0
vt 0.0067 1.0000 0
vt 1.1257 1.0000 0
vt 5.7990 0.0010 0
vt 5.6351 0.0017 0
vt 5.6639 -0.0072 0
vt 5.6495 -0.0071 0
vt 5.6351 -0.0070 0
vt 5.7574 -0.0081 0
vt 5.8177 -0.0088 0
vt 5.8346 -0.0090 0
vt 5.9643 0.0007 0
vt 5.9121 -0.0103 0
vt 6.1278 0.0007 0
vt 6.0636 -0.0139 0
vt 6.1224 -0.0158 0
vt 5.9705 -0.0115 0
vt 5.9899 -0.0120 0
vt 0.0000 0.0010 0
vt 6.2669 -0.0213 0
vt 6.2751 -0.0216 0
vt 6.2182 -0.0192 0
vt 6.1412 -0.0164 0
vt 6.2832 -0.0220 0
vt -0.1650 0.0195 0
vt -0.1787 0.0172 0
vt -0.1786 0.0178 0
vt -0.1785 0.0184 0
vt -0.1784 0.0190 0
vt -0.1650 0.0000 0
vt -0.1800 0.0073 0
vt -0.1830 0.0000 0
vt -0.1815 0.0037 0
vt -0.1784 0.0195 0
vt 0.0087 0.0010 0
vt 0.0000 0.0010 0
vt 6.2832 -0.0220 0
vt 0.0087 -0.0224 0
vt 0.0175 -0.0227 0
vt 0.0175 0.0011 0
vt -0.0737 -0.0190 0
vt -0.0733 -0.0523 0
vt -0.0553 -0.0424 0
vt -0.0620 0.0071 0
vt -0.0611 0.0156 0
vt -0.0622 0.0150 0
vt -0.0672 0.0075 0
vt -0.0708 -0.0009 0
vt -0.0620 0.0040 0
vt -0.0532 -0.0272 0
vt -0.0616 -0.0027 0
vt -0.0730 -0.0096 0
vt -0.0608 -0.0075 0
vt -0.0597 -0.0122 0
vt -0.0575 -0.0186 0
vt -0.0737 -0.0181 0
vt -0.0565 -0.0523 0
vt -0.0737 -0.0186 0
vt -0.0563 -0.0212 0
vt -0.0609 0.0167 0
vt 0.0474 0.0623 0
vt 0.0142 0.0600 0
vt 0.0357 0.0350 0
vt 0.0267 0.0318 0
vt 0.0145 0.0362 0
vt 0.0456 0.0379 0
vt 0.0224 0.0301 0
vt 0.0571 0.0408 0
vt 0.0122 -0.0055 0
vt 0.0007 -0.0010 0
vt 0.0090 -0.0085 0
vt 0.0042 -0.0137 0
vt 0.0090 -0.0085 0
vt -0.0037 -0.0241 0
vt -0.0004 -0.0193 0
vt 0.0090 -0.0085 0
vt 0.0175 -0.0010 0
vt 0.1563 -0.0721 0
vt 0.1562 -0.0721 0
vt 0.1562 -0.0723 0
vt 0.1857 0.0365 0
vt 0.1855 0.0365 0
vt 0.1857 0.0365 0
vt 3.2005 0.0266 0
vt 3.2005 0.0000 0
vt 3.2912 0.0000 0
vt 3.3085 0.0266 0
vt 3.3085 0.0000 0
vt 3.4165 0.0000 0
vt 3.5245 0.0266 0
vt 3.4165 0.0266 0
vt 3.4408 0.0000 0
vt 3.5245 0.0000 0
vt 3.5904 0.0000 0
vt 3.6325 0.0266 0
vt 3.6325 0.0000 0
vt 3.7405 0.0000 0
vt 3.7405 0.0266 0
vt 3.8485 0.0000 0
vt 3.9564 0.0266 0
vt 3.8485 0.0266 0
vt 3.8896 0.0000 0
vt 3.9564 0.0000 0
vt 4.0392 0.0000 0
vt 4.0644 0.0266 0
vt 4.0644 0.0000 0
vt 4.1724 0.0000 0
vt 4.2804 0.0266 0
vt 4.1724 0.0266 0
vt 4.1888 0.0000 0
vt 4.2804 0.0000 0
vt 4.3384 0.0000 0
vt 4.3884 0.0266 0
vt 4.3884 0.0000 0
vt 4.4880 0.0000 0
vt 4.4964 0.0266 0
vt 4.4964 0.0000 0
vt 4.6044 0.0000 0
vt 4.8204 0.0266 0
vt 4.8204 0.0000 0
vt 4.9284 0.0000 0
vt 5.0364 0.0266 0
vt 4.9284 0.0266 0
vt 4.9368 0.0000 0
vt 5.1444 0.0266 0
vt 5.0864 0.0000 0
vt 5.0364 0.0000 0
vt 5.1444 0.0000 0
vt 5.2360 0.0000 0
vt 5.2524 0.0266 0
vt 5.2524 0.0000 0
vt 5.3603 0.0000 0
vt 5.4683 0.0266 0
vt 5.3603 0.0266 0
vt 5.3856 0.0000 0
vt 5.4683 0.0000 0
vt 5.5352 0.0000 0
vt 5.5763 0.0266 0
vt 5.5763 0.0000 0
vt 5.6843 0.0000 0
vt 5.6843 0.0266 0
vt 5.7923 0.0000 0
vt 5.9003 0.0266 0
vt 5.7923 0.0266 0
vt 5.8344 0.0000 0
vt 5.9003 0.0000 0
vt 5.9840 0.0000 0
vt 6.0083 0.0266 0
vt 6.0083 0.0000 0
vt 6.1163 0.0000 0
vt 6.2243 0.0266 0
vt 6.1163 0.0266 0
vt 6.1336 0.0000 0
vt 3.6325 0.0531 0
vt 4.1724 0.0531 0
vt 4.2804 0.0531 0
vt 4.3884 0.0531 0
vt 4.4964 0.0531 0
vt 4.6044 0.0266 0
vt 4.8204 0.0531 0
vt 4.9284 0.0531 0
vt 5.0364 0.0531 0
vt 5.1444 0.0531 0
vt 5.6843 0.0531 0
vt 5.7923 0.0531 0
vt 4.7124 0.0266 0
vt 4.6775 0.0232 0
vt 4.6569 0.0221 0
vt 4.6992 0.0238 0
vt 4.6393 0.0206 0
vt 4.6256 0.0186 0
vt 4.6126 0.0123 0
vt 4.6123 0.0140 0
vt 4.6175 0.0099 0
vt 4.6414 0.0059 0
vt 4.6322 0.0070 0
vt 4.6271 0.0078 0
vt 4.6376 0.0000 0
vt 4.6801 0.0033 0
vt 4.6647 0.0041 0
vt 4.6594 0.0044 0
vt 4.7124 0.0000 0
vt 4.7025 0.0028 0
vt 4.6164 0.0164 0
vt 4.7872 0.0000 0
vt 4.7472 0.0034 0
vt 4.7255 0.0029 0
vt 4.7677 0.0045 0
vt 4.7853 0.0061 0
vt 4.7991 0.0080 0
vt 4.8083 0.0103 0
vt 4.8122 0.0144 0
vt 4.8124 0.0126 0
vt 4.8073 0.0167 0
vt 4.7836 0.0208 0
vt 4.7927 0.0197 0
vt 4.7978 0.0189 0
vt 4.7448 0.0233 0
vt 4.7602 0.0226 0
vt 4.7656 0.0223 0
vt 4.7223 0.0238 0
vt 6.2243 0.0000 0
vt 0.0000 0.0000 0
vt 6.2832 0.0266 0
vt 0.0000 0.0468 0
vt 6.1734 0.0477 0
vt 6.1291 0.0486 0
vt 6.2282 0.0470 0
vt 6.1187 0.0488 0
vt 6.0651 0.0503 0
vt 6.0109 0.0523 0
vt 5.9003 0.0531 0
vt 5.9572 0.0548 0
vt 5.8997 0.0579 0
vt 5.9045 0.0576 0
vt 5.8516 0.0609 0
vt 5.7000 0.0734 0
vt 5.6868 0.0748 0
vt 5.7493 0.0688 0
vt 5.7996 0.0647 0
vt 5.7899 0.0654 0
vt 5.6698 0.0766 0
vt 5.6494 0.0596 0
vt 5.6385 0.0485 0
vt 5.5662 0.0468 0
vt 5.4477 0.0437 0
vt 5.5203 0.0455 0
vt 5.5204 0.0457 0
vt 5.3736 0.0416 0
vt 5.2524 0.0531 0
vt 5.3140 0.0397 0
vt 5.2938 0.0528 0
vt 5.2717 0.0640 0
vt 5.1709 0.0732 0
vt 5.1258 0.0690 0
vt 5.2468 0.0743 0
vt 5.2329 0.0792 0
vt 5.2017 0.0762 0
vt 5.0783 0.0653 0
vt 5.0280 0.0620 0
vt 4.9777 0.0592 0
vt 5.0099 0.0609 0
vt 4.8742 0.0551 0
vt 4.9258 0.0569 0
vt 4.8980 0.0559 0
vt 4.8219 0.0539 0
vt 4.7816 0.0532 0
vt 4.7695 0.0531 0
vt 4.6663 0.0530 0
vt 4.7179 0.0528 0
vt 4.6044 0.0531 0
vt 4.6636 0.0530 0
vt 4.5646 0.0548 0
vt 4.5467 0.0553 0
vt 4.6150 0.0536 0
vt 4.4644 0.0584 0
vt 4.4338 0.0599 0
vt 4.4158 0.0609 0
vt 4.5142 0.0563 0
vt 4.3672 0.0639 0
vt 4.3209 0.0672 0
vt 4.2700 0.0716 0
vt 4.2010 0.0780 0
vt 4.1781 0.0743 0
vt 4.2772 0.0710 0
vt 4.1532 0.0641 0
vt 4.1108 0.0397 0
vt 4.1310 0.0528 0
vt 4.0645 0.0412 0
vt 4.0391 0.0419 0
vt 3.9687 0.0439 0
vt 3.8950 0.0459 0
vt 3.8485 0.0471 0
vt 3.8230 0.0477 0
vt 3.7863 0.0485 0
vt 3.7484 0.0634 0
vt 3.7418 0.0628 0
vt 3.7405 0.0531 0
vt 3.7690 0.0654 0
vt 3.6902 0.0583 0
vt 3.6375 0.0542 0
vt 3.5832 0.0505 0
vt 3.5286 0.0472 0
vt 3.4745 0.0445 0
vt 3.4195 0.0421 0
vt 3.5210 0.0468 0
vt 3.3642 0.0401 0
vt 3.3092 0.0386 0
vt 3.4004 0.0413 0
vt 3.2534 0.0375 0
vt 3.2773 0.0379 0
vt 3.1976 0.0369 0
vt 3.1416 0.0366 0
vt 3.1416 0.0266 0
vt 3.1416 0.0000 0
vt 4.1909 0.0789 0
vt 5.5203 0.0457 0
vt 6.2832 0.0170 0
vt 6.0083 0.0170 0
vt 6.0536 0.0165 0
vt 5.5763 0.0170 0
vt 5.5936 0.0167 0
vt 5.8239 0.0166 0
vt 5.1444 0.0170 0
vt 5.1328 0.0169 0
vt 5.3633 0.0168 0
vt 4.7124 0.0170 0
vt 4.6783 0.0170 0
vt 4.9089 0.0170 0
vt 4.2804 0.0170 0
vt 4.2804 0.0169 0
vt 4.4491 0.0169 0
vt 3.8485 0.0170 0
vt 3.9891 0.0167 0
vt 4.2189 0.0169 0
vt 3.8485 0.0167 0
vt 3.4165 0.0170 0
vt 3.5344 0.0165 0
vt 3.7585 0.0166 0
vt 3.1416 0.0170 0
vt 3.1416 0.0164 0
vt 3.3031 0.0165 0
vt 6.2832 0.0165 0
vt 0.7069 0.0170 0
vt 0.2749 0.0170 0
vt 0.3924 0.0164 0
vt 0.6165 0.0165 0
vt 1.1388 0.0170 0
vt 0.8457 0.0166 0
vt 0.7069 0.0165 0
vt 1.0768 0.0166 0
vt 1.5708 0.0170 0
vt 1.3070 0.0167 0
vt 1.1388 0.0167 0
vt 2.0028 0.0170 0
vt 1.7678 0.0167 0
vt 1.5368 0.0167 0
vt 1.9914 0.0167 0
vt 2.2223 0.0166 0
vt 2.4347 0.0170 0
vt 2.4523 0.0166 0
vt 2.6826 0.0165 0
vt 2.8667 0.0170 0
vt 3.1416 0.0170 0
vt 2.9121 0.0164 0
vt 6.2832 0.0170 0
vt 6.2832 0.0165 0
vt 0.1629 0.0164 0
vt 3.1416 0.0164 0
vt 0.0032 -0.0090 0
vt 0.0057 0.0076 0
vt 0.0084 0.0045 0
vt -0.0020 -0.0093 0
vt -0.0089 0.0034 0
vt -0.0066 0.0068 0
vt 0.0095 0.0006 0
vt 0.0089 -0.0034 0
vt 0.0066 -0.0068 0
vt 0.0020 0.0093 0
vt -0.0095 -0.0006 0
vt -0.0057 -0.0076 0
vt -0.0084 -0.0045 0
vt -0.0006 0.0095 0
vt -0.0032 0.0090 0
vt 0.0006 -0.0095 0
vt 4.8670 0.0030 0
vt 4.9801 0.0030 0
vt 4.9848 0.0180 0
vt 4.8810 0.0330 0
vt 4.7525 0.0180 0
vt 4.7528 0.0040 0
vt 4.7643 0.0339 0
vt 4.7133 0.0180 0
vt 4.8223 0.0332 0
vt 4.7807 0.0336 0
vt 4.7104 0.0349 0
vt 4.6338 0.0342 0
vt 4.5775 0.0319 0
vt 4.6723 0.0180 0
vt 4.6870 0.0351 0
vt 4.7032 0.0351 0
vt 4.5595 0.0030 0
vt 4.6719 0.0040 0
vt 4.6712 0.0030 0
vt 4.5107 0.0272 0
vt 4.4739 0.0272 0
vt 4.4408 0.0151 0
vt 4.4371 0.0273 0
vt 4.4446 0.0030 0
vt 4.7536 0.0030 0
vt 4.9894 0.0330 0
vt 0.0000 0.0000 0
vt 0.0000 0.0011 0
vt -0.0010 0.0011 0
vt -0.0010 0.0000 0
vt -0.0011 0.0000 0
vt -0.0011 -0.0010 0
vt -0.0001 -0.0010 0
vt 0.0000 0.0000 0
vt 0.0000 0.0010 0
vt 0.5236 0.0010 0
vt 0.5236 0.0000 0
vt 1.0472 0.0010 0
vt 1.0472 0.0000 0
vt 1.5708 0.0010 0
vt 1.5708 0.0000 0
vt 2.0944 0.0010 0
vt 2.0944 0.0000 0
vt 2.6180 0.0010 0
vt 2.6180 0.0000 0
vt 3.1416 0.0010 0
vt 3.1416 0.0000 0
vt 0.0000 0.0000 0
vt -0.0081 -0.0001 0
vt -0.0100 0.0030 0
vt -0.0115 0.0026 0
vt -0.0130 0.0000 0
vt -0.0126 -0.0015 0
vt -0.0126 0.0015 0
vt -0.0115 -0.0026 0
vt -0.0082 0.0030 0
vt -0.0100 -0.0030 0
vt -0.0082 -0.0030 0
vt 0.0100 -0.0140 0
vt 0.0100 0.0000 0
vt 0.0089 0.0000 0
vt 0.0082 -0.0140 0
vt 0.0100 0.0140 0
vt 0.0082 0.0140 0
vt 0.0089 0.0000 0
vt 0.0100 0.0000 0
vt 2.6180 0.0140 0
vt 3.1416 0.0140 0
vt 3.1416 0.0000 0
vt 2.0944 0.0140 0
vt 2.6180 0.0000 0
vt 1.5708 0.0140 0
vt 2.0944 0.0000 0
vt 1.0472 0.0140 0
vt 1.5708 0.0000 0
vt 0.5236 0.0140 0
vt 1.0472 0.0000 0
vt 6.2832 0.0140 0
vt 0.5236 0.0000 0
vt 0.0000 0.0000 0
vt -0.1075 -0.0583 0
vt -0.0969 -0.0634 0
vt -0.0956 -0.0583 0
vt -0.0857 -0.0665 0
vt -0.0845 -0.0614 0
vt -0.0741 -0.0677 0
vt -0.0730 -0.0625 0
vt -0.1252 0.0432 0
vt -0.1229 0.0377 0
vt -0.1151 0.0462 0
vt -0.1318 0.0336 0
vt -0.1289 0.0279 0
vt -0.1367 0.0229 0
vt -0.1331 0.0171 0
vt -0.1397 0.0116 0
vt -0.1352 0.0058 0
vt -0.1367 -0.0229 0
vt -0.1318 -0.0336 0
vt -0.1289 -0.0279 0
vt -0.1252 -0.0432 0
vt -0.1229 -0.0377 0
vt -0.0309 0.0462 0
vt -0.0122 0.0298 0
vt -0.0180 0.0396 0
vt -0.0546 0.0652 0
vt -0.0615 0.0614 0
vt -0.0504 0.0583 0
vt -0.1075 0.0583 0
vt -0.1059 0.0531 0
vt -0.0956 0.0583 0
vt -0.1170 0.0515 0
vt -0.1407 0.0000 0
vt -0.1352 -0.0058 0
vt -0.1170 -0.0515 0
vt -0.1151 -0.0462 0
vt -0.1059 -0.0531 0
vt -0.0730 -0.0677 0
vt -0.0173 -0.0386 0
vt -0.0115 -0.0284 0
vt -0.0171 -0.0279 0
vt -0.0095 -0.0236 0
vt -0.0095 0.0236 0
vt -0.0341 0.0555 0
vt -0.0401 0.0531 0
vt -0.0440 0.0612 0
vt -0.0741 0.0677 0
vt -0.0857 0.0665 0
vt -0.0845 0.0614 0
vt -0.1397 -0.0116 0
vt -0.1331 -0.0171 0
vt -0.0666 -0.0674 0
vt -0.0550 -0.0653 0
vt -0.0615 -0.0614 0
vt -0.0440 -0.0612 0
vt -0.0338 -0.0553 0
vt -0.0401 -0.0531 0
vt -0.0249 -0.0476 0
vt -0.0309 -0.0462 0
vt -0.0231 -0.0377 0
vt -0.0129 -0.0171 0
vt -0.0254 0.0482 0
vt -0.0658 0.0674 0
vt -0.0730 0.0625 0
vt -0.0730 0.0677 0
vt -0.0969 0.0634 0
vt -0.0504 -0.0583 0
vt -0.0031 0.0000 0
vt -0.0108 -0.0058 0
vt -0.0108 0.0058 0
vt -0.0026 0.0015 0
vt -0.0129 0.0171 0
vt 0.0003 0.0113 0
vt -0.0015 0.0196 0
vt -0.0015 -0.0026 0
vt -0.0015 -0.0196 0
vt 0.0000 -0.0031 0
vt 0.0002 -0.0114 0
vt -0.0015 0.0026 0
vt 0.0000 0.0031 0
vt -0.0231 0.0377 0
vt -0.0171 0.0279 0
vt 0.0011 -0.0031 0
vt 0.0011 0.0031 0
vt -0.0026 -0.0015 0
vt 2.9568 -0.0950 0
vt 3.1416 -0.0950 0
vt 3.1416 -0.1000 0
vt 2.7720 -0.0950 0
vt 2.9568 -0.1000 0
vt 2.5872 -0.0950 0
vt 2.7720 -0.1000 0
vt 2.4024 -0.0950 0
vt 2.5872 -0.1000 0
vt 2.2176 -0.0950 0
vt 2.4024 -0.1000 0
vt 2.0328 -0.0950 0
vt 2.2176 -0.1000 0
vt 1.8480 -0.0950 0
vt 2.0328 -0.1000 0
vt 1.6632 -0.0950 0
vt 1.8480 -0.1000 0
vt 1.4784 -0.0950 0
vt 1.6632 -0.1000 0
vt 1.2936 -0.0950 0
vt 1.4784 -0.1000 0
vt 1.1088 -0.0950 0
vt 1.2936 -0.1000 0
vt 0.9240 -0.0950 0
vt 1.1088 -0.1000 0
vt 0.7392 -0.0950 0
vt 0.9240 -0.1000 0
vt 0.5544 -0.0950 0
vt 0.7392 -0.1000 0
vt 0.3696 -0.0950 0
vt 0.5544 -0.1000 0
vt 0.1848 -0.0950 0
vt 0.3696 -0.1000 0
vt 0.0000 -0.0950 0
vt 0.1848 -0.1000 0
vt 0.0000 -0.1000 0
vt 6.0984 -0.0950 0
vt 0.0000 -0.0950 0
vt 0.0000 -0.1000 0
vt 5.9136 -0.0950 0
vt 6.0984 -0.1000 0
vt 5.7288 -0.0950 0
vt 5.9136 -0.1000 0
vt 5.5440 -0.0950 0
vt 5.7288 -0.1000 0
vt 5.3592 -0.0950 0
vt 5.5440 -0.1000 0
vt 5.1744 -0.0950 0
vt 5.3592 -0.1000 0
vt 4.9896 -0.0950 0
vt 5.1744 -0.1000 0
vt 4.8048 -0.0950 0
vt 4.9896 -0.1000 0
vt 4.6200 -0.0950 0
vt 4.8048 -0.1000 0
vt 4.4352 -0.0950 0
vt 4.6200 -0.1000 0
vt 4.2504 -0.0950 0
vt 4.4352 -0.1000 0
vt 4.0656 -0.0950 0
vt 4.2504 -0.1000 0
vt 3.8808 -0.0950 0
vt 4.0656 -0.1000 0
vt 3.6960 -0.0950 0
vt 3.8808 -0.1000 0
vt 3.5112 -0.0950 0
vt 3.6960 -0.1000 0
vt 3.3264 -0.0950 0
vt 3.5112 -0.1000 0
vt 3.1416 -0.0950 0
vt 3.3264 -0.1000 0
vt 3.1416 -0.1000 0
vt -0.0034 0.0115 0
vt 0.0957 0.0499 0
vt 0.1042 0.0421 0
vt 0.0859 0.0559 0
vt 0.0049 -0.0329 0
vt 0.0301 -0.0559 0
vt 0.0203 -0.0499 0
vt 0.1111 0.0329 0
vt 0.0522 0.0622 0
vt 0.0638 0.0622 0
vt 0.0301 0.0559 0
vt 0.0409 0.0601 0
vt 0.0049 0.0329 0
vt 0.0118 0.0421 0
vt 0.0203 0.0499 0
vt -0.0003 0.0226 0
vt -0.0003 -0.0226 0
vt -0.0034 -0.0115 0
vt 0.0118 -0.0421 0
vt -0.0045 0.0000 0
vt 0.0522 -0.0622 0
vt 0.0409 -0.0601 0
vt 0.0751 -0.0601 0
vt 0.0638 -0.0622 0
vt 0.0957 -0.0499 0
vt 0.0859 -0.0559 0
vt 0.1111 -0.0329 0
vt 0.1042 -0.0421 0
vt 0.1205 0.0000 0
vt 0.1194 -0.0115 0
vt 0.1163 0.0226 0
vt 0.1194 0.0115 0
vt 0.0751 0.0601 0
vt 0.1163 -0.0226 0
vt -0.0358 -0.0043 0
vt -0.0370 -0.0047 0
vt -0.0370 -0.0044 0
vt -0.0368 -0.0049 0
vt -0.0365 -0.0050 0
vt -0.0358 -0.0044 0
vt -0.0365 -0.0037 0
vt -0.0358 -0.0035 0
vt -0.0356 -0.0038 0
vt -0.0370 -0.0041 0
vt -0.0367 -0.0038 0
vt -0.0362 -0.0051 0
vt -0.0363 -0.0056 0
vt -0.0356 -0.0049 0
vt -0.0351 -0.0034 0
vt -0.0352 -0.0053 0
vt -0.0704 -0.0311 0
vt -0.0394 -0.0487 0
vt -0.0679 -0.0487 0
vt -0.0512 -0.0082 0
vt -0.0490 -0.0057 0
vt -0.0704 -0.0462 0
vt -0.0394 -0.0053 0
vt -0.0484 -0.0057 0
vt -0.0512 -0.0053 0
vt -0.0490 -0.0053 0
vt -0.0502 -0.0044 0
vt -0.0512 -0.0006 0
vt -0.0502 -0.0039 0
vt -0.0490 -0.0027 0
vt -0.0490 -0.0039 0
vt -0.0394 -0.0006 0
vt -0.0484 -0.0027 0
vt -0.0442 -0.0033 0
vt -0.0412 -0.0039 0
vt -0.0412 -0.0044 0
vt -0.0442 -0.0051 0
vt -0.0484 -0.0053 0
vt -0.0472 -0.0044 0
vt -0.0472 -0.0039 0
vt -0.0462 -0.0042 0
vt -0.0442 -0.0044 0
vt -0.0484 -0.0044 0
vt -0.0484 -0.0039 0
vt -0.0442 -0.0039 0
vt -0.0339 -0.0029 0
vt -0.0349 -0.0029 0
vt -0.0292 -0.0039 0
vt -0.0330 -0.0032 0
vt -0.0292 -0.0044 0
vt -0.0324 -0.0045 0
vt -0.0324 -0.0042 0
vt -0.0327 -0.0050 0
vt -0.0192 -0.0006 0
vt -0.0202 -0.0039 0
vt -0.0232 -0.0039 0
vt -0.0366 -0.0032 0
vt -0.0341 -0.0056 0
vt -0.0331 -0.0053 0
vt -0.0262 -0.0033 0
vt -0.0192 -0.0053 0
vt -0.0202 -0.0044 0
vt -0.0262 -0.0051 0
vt -0.0232 -0.0044 0
vt -0.0375 -0.0042 0
vt -0.0375 -0.0044 0
vt -0.0373 -0.0036 0
vt -0.0326 -0.0037 0
vt -0.0242 -0.0042 0
vt -0.0262 -0.0039 0
vt -0.0374 -0.0050 0
vt -0.0370 -0.0054 0
vt -0.0262 -0.0044 0
vt -0.0192 -0.0082 0
vt -0.0344 -0.0056 0
vt -0.0363 -0.0056 0
vt 0.0000 -0.0311 0
vt 0.0000 -0.0462 0
vt -0.0025 -0.0487 0
vt -0.0490 -0.0044 0
vt -0.0005 0.0000 0
vt -0.0005 -0.0001 0
vt 0.0000 -0.0001 0
vt 0.0000 0.0000 0
vt 0.5000 1.0000 0
vt 0.0000 1.0000 0
vt 0.0000 0.0000 0
vt 1.0000 0.0000 0
vt 1.0000 1.0000 0
vt 0.5000 0.0000 0
vt 0.5000 1.0000 0
vt 0.0000 1.0000 0
vt 0.0000 0.0000 0
vt 1.0000 0.0000 0
vt 1.0000 1.0000 0
vt 0.5000 0.0000 0
vt 0.3607 0.0000 0
vt 0.3607 1.0000 0
vt 0.0000 1.0000 0
vt 0.7659 0.0000 0
vt 0.7659 1.0000 0
vt 1.0000 1.0000 0
vt 1.0000 0.0000 0
vt 0.0000 0.0000 0
vt 0.5000 1.0000 0
vt 0.0000 1.0000 0
vt 0.0000 0.0000 0
vt 1.0000 0.0000 0
vt 1.0000 1.0000 0
vt 0.5000 0.0000 0
vt 0.5000 0.0000 0
vt 0.5000 1.0000 0
vt 0.0000 1.0000 0
vt 0.9219 0.0000 0
vt 0.9219 1.0000 0
vt 1.0000 1.0000 0
vt 1.0000 0.0000 0
vt 0.0000 0.0000 0
vt 0.2253 1.0000 0
vt 0.0000 1.0000 0
vt 0.0000 0.0000 0
vt 0.5065 0.0000 0
vt 0.5065 1.0000 0
vt 0.8589 0.0000 0
vt 0.8589 1.0000 0
vt 1.0000 1.0000 0
vt 1.0000 0.0000 0
vt 0.2253 0.0000 0
vt 0.4470 1.0000 0
vt 0.0000 1.0000 0
vt 0.0000 0.0000 0
vt 0.6589 0.0000 0
vt 0.6589 1.0000 0
vt 0.8746 1.0000 0
vt 1.0000 0.0000 0
vt 1.0000 1.0000 0
vt 0.8746 0.0000 0
vt 0.4470 0.0000 0
vt 0.1898 0.0000 0
vt 0.1898 1.0000 0
vt 0.0000 1.0000 0
vt 0.3871 0.0000 0
vt 0.3871 1.0000 0
vt 0.6796 1.0000 0
vt 1.0000 0.0000 0
vt 1.0000 1.0000 0
vt 0.6796 0.0000 0
vt 0.0000 0.0000 0
vt 0.5000 0.0000 0
vt 0.5000 1.0000 0
vt 0.0000 1.0000 0
vt 0.7500 1.0000 0
vt 0.9269 0.0000 0
vt 0.9269 1.0000 0
vt 1.0000 0.0000 0
vt 1.0000 1.0000 0
vt 0.7500 0.0000 0
vt 0.0000 0.0000 0
vt 0.3056 0.0000 0
vt 0.3056 1.0000 0
vt 0.0000 1.0000 0
vt 0.5868 1.0000 0
vt 0.9734 1.0000 0
vt 0.5868 0.0000 0
vt 1.0000 0.0000 0
vt 1.0000 1.0000 0
vt 0.9734 0.0000 0
vt 0.0000 0.0000 0
vt 0.0005 0.0000 0
vt 0.0005 -0.0001 0
vt 0.0000 -0.0001 0
vt 0.0000 0.0000 0
vt -0.0030 0.0005 0
vt -0.0030 0.0000 0
vt 0.0000 0.0000 0
vt 0.0000 0.0005 0
vt 0.0030 0.0000 0
vt 0.0030 -0.0001 0
vt 0.0000 -0.0001 0
vt 0.0000 0.0000 0
vt 0.0000 0.0000 0
vt 0.0001 0.0000 0
vt 0.0001 -0.0005 0
vt 0.0000 -0.0005 0
vt 0.0000 0.0000 0
vt -0.0001 0.0000 0
vt -0.0001 0.0030 0
vt 0.0000 0.0030 0
vt 0.0005 0.0000 0
vt 0.0005 -0.0001 0
vt 0.0000 -0.0001 0
vt 0.0000 0.0000 0
vt -0.0030 0.0000 0
vt 0.0000 0.0000 0
vt 0.0000 -0.0005 0
vt 0.0020 -0.0003 0
vt 0.0000 -0.0012 0
vt -0.0030 -0.0005 0
vt 0.0000 0.0007 0
vt 0.0030 0.0000 0
vt 0.0030 -0.0001 0
vt 0.0000 -0.0001 0
vt 0.0000 0.0000 0
vt 0.0000 0.0000 0
vt 0.0000 -0.0001 0
vt -0.0007 -0.0001 0
vt -0.0007 0.0000 0
vt 0.0000 0.0000 0
vt 0.0001 0.0000 0
vt 0.0001 -0.0022 0
vt 0.0000 -0.0022 0
vt 0.0000 0.0000 0
vt -0.0001 0.0000 0
vt -0.0001 0.0022 0
vt 0.0000 0.0022 0
vt 0.0000 0.0000 0
vt 0.0000 -0.0001 0
vt -0.0007 -0.0001 0
vt -0.0007 0.0000 0
vt 0.0000 0.0000 0
vt -0.0001 0.0000 0
vt -0.0001 0.0030 0
vt 0.0000 0.0030 0
vt 0.0000 0.0000 0
vt 0.0001 0.0000 0
vt 0.0001 -0.0012 0
vt 0.0000 -0.0012 0
vt -0.0017 0.0000 0
vt -0.0005 0.0000 0
vt -0.0005 -0.0005 0
vt 0.0013 -0.0005 0
vt 0.0000 -0.0005 0
vt 0.0000 0.0000 0
vt -0.0005 -0.0017 0
vt 0.0000 0.0012 0
vt 0.0000 -0.0017 0
vt -0.0005 0.0012 0
vt 0.0013 0.0000 0
vt -0.0017 -0.0005 0
vt 0.0000 -0.0005 0
vt -0.0001 -0.0005 0
vt -0.0001 0.0000 0
vt 0.0000 0.0000 0
vt 0.0012 0.0000 0
vt 0.0012 -0.0001 0
vt 0.0000 -0.0001 0
vt 0.0000 0.0000 0
vt 0.0000 -0.0012 0
vt -0.0001 -0.0012 0
vt -0.0001 0.0000 0
vt 0.0000 0.0000 0
vt 0.0005 0.0000 0
vt 0.0005 -0.0001 0
vt 0.0000 -0.0001 0
vt 0.0000 0.0000 0
vt 0.0000 0.0000 0
vt 0.0000 -0.0001 0
vt -0.0012 -0.0001 0
vt -0.0012 0.0000 0
vt 0.0000 0.0000 0
vt 0.0012 0.0000 0
vt 0.0009 -0.0001 0
vt 0.0012 -0.0001 0
vt 0.0000 -0.0001 0
vt 0.0000 0.0000 0
vt 0.0000 -0.0001 0
vt -0.0005 -0.0001 0
vt -0.0005 0.0000 0
vt 0.0000 0.0000 0
vt 0.0001 0.0000 0
vt 0.0001 -0.0009 0
vt 0.0000 -0.0012 0
vt 0.0001 -0.0012 0
vt 0.0000 0.0000 0
vt 0.0000 -0.0001 0
vt -0.0013 -0.0001 0
vt -0.0013 0.0000 0
vt 0.0000 0.0000 0
vt 0.0001 0.0000 0
vt 0.0001 -0.0005 0
vt 0.0000 -0.0005 0
vt 0.0000 -0.0013 0
vt -0.0001 -0.0013 0
vt -0.0001 0.0000 0
vt 0.0000 0.0000 0
vt 0.0000 0.0007 0
vt 0.0001 0.0007 0
vt 0.0001 0.0000 0
vt 0.0000 0.0000 0
vt 0.0000 -0.0005 0
vt -0.0030 -0.0005 0
vt -0.0030 0.0000 0
vt 0.0000 0.0000 0
vt -0.0050 -0.0003 0
vt -0.0030 0.0007 0
vt -0.0030 -0.0012 0
vt 0.0022 0.0000 0
vt 0.0022 -0.0001 0
vt 0.0000 -0.0001 0
vt 0.0000 0.0000 0
vt 0.0000 0.0022 0
vt 0.0001 0.0022 0
vt 0.0001 0.0000 0
vt 0.0000 0.0000 0
vt 0.0000 0.0007 0
vt 0.0001 0.0007 0
vt 0.0001 0.0000 0
vt 0.0000 0.0000 0
vt 0.0000 0.0000 0
vt 0.0000 -0.0001 0
vt -0.0030 -0.0001 0
vt -0.0030 0.0000 0
vt 0.0000 0.0000 0
vt 0.0001 0.0000 0
vt 0.0001 -0.0005 0
vt 0.0000 -0.0005 0
vt 0.0000 -0.0030 0
vt -0.0001 -0.0030 0
vt -0.0001 0.0000 0
vt 0.0000 0.0000 0
vt 0.0047 -0.0010 0
vt 0.0042 -0.0010 0
vt 0.0042 -0.0012 0
vt 0.0027 0.0003 0
vt 0.0020 0.0001 0
vt 0.0024 -0.0003 0
vt 0.0008 0.0003 0
vt 0.0001 0.0001 0
vt 0.0006 -0.0003 0
vt 0.0032 -0.0023 0
vt 0.0041 -0.0021 0
vt 0.0037 -0.0017 0
vt 0.0046 -0.0016 0
vt 0.0047 -0.0007 0
vt 0.0041 -0.0007 0
vt 0.0031 0.0003 0
vt 0.0031 -0.0002 0
vt 0.0035 -0.0003 0
vt 0.0014 -0.0010 0
vt 0.0016 -0.0015 0
vt 0.0019 -0.0010 0
vt 0.0009 -0.0002 0
vt 0.0009 0.0003 0
vt 0.0022 -0.0024 0
vt 0.0020 -0.0019 0
vt 0.0013 -0.0018 0
vt 0.0028 -0.0018 0
vt 0.0030 -0.0018 0
vt 0.0040 -0.0015 0
vt 0.0045 -0.0003 0
vt 0.0041 0.0000 0
vt 0.0039 -0.0005 0
vt 0.0015 -0.0004 0
vt 0.0014 -0.0009 0
vt 0.0019 -0.0008 0
vt 0.0004 -0.0004 0
vt -0.0002 -0.0003 0
vt 0.0002 -0.0006 0
vt 0.0006 -0.0021 0
vt 0.0021 -0.0005 0
vt -0.0004 -0.0008 0
vt 0.0001 -0.0009 0
vt -0.0004 -0.0011 0
vt -0.0001 -0.0016 0
vt 0.0002 -0.0012 0
vt 0.0006 -0.0016 0
vt 0.0004 -0.0015 0
vt 0.0023 -0.0016 0
vt 0.0020 -0.0013 0
vt 0.4398 1.0000 0
vt 0.0000 1.0000 0
vt 0.0000 0.0000 0
vt 0.6805 0.0000 0
vt 0.6805 1.0000 0
vt 0.9077 0.0000 0
vt 0.9077 1.0000 0
vt 1.0000 0.0000 0
vt 1.0000 1.0000 0
vt 0.4398 0.0000 0
vt -0.0329 -0.0042 0
vt -0.0330 -0.0045 0
vt -0.0332 -0.0048 0
vt -0.0337 -0.0050 0
vt -0.0342 -0.0034 0
vt -0.0335 -0.0036 0
vt -0.0341 -0.0050 0
vt -0.0352 -0.0043 0
vt -0.0351 -0.0040 0
vt -0.0347 -0.0049 0
vt -0.0350 -0.0047 0
vt -0.0329 -0.0041 0
vt -0.0331 -0.0038 0
vt -0.0349 -0.0036 0
vt -0.0352 -0.0044 0
vt -0.0344 -0.0034 0
vt 0.1891 1.0000 0
vt 0.0000 1.0000 0
vt 0.0000 0.0000 0
vt 0.4182 0.0000 0
vt 0.4182 1.0000 0
vt 0.7454 0.0000 0
vt 0.7454 1.0000 0
vt 1.0000 1.0000 0
vt 1.0000 0.0000 0
vt 0.1891 0.0000 0
vt 0.4388 1.0000 0
vt 0.0000 1.0000 0
vt 0.0000 0.0000 0
vt 0.6835 0.0000 0
vt 0.6835 1.0000 0
vt 0.9037 0.0000 0
vt 0.9037 1.0000 0
vt 1.0000 0.0000 0
vt 1.0000 1.0000 0
vt 0.4388 0.0000 0
vt 0.2280 1.0000 0
vt 0.0000 1.0000 0
vt 0.0000 0.0000 0
vt 0.5144 0.0000 0
vt 0.5144 1.0000 0
vt 0.8706 0.0000 0
vt 0.8706 1.0000 0
vt 1.0000 0.0000 0
vt 1.0000 1.0000 0
vt 0.2280 0.0000 0
f 16/16/16 14/14/14 15/15/15
f 14/14/14 16/16/16 9/9/9
f 5/5/5 4/4/4 15/15/15
f 5/5/5 15/15/15 14/14/14
f 9/9/9 1/1/1 11/11/11
f 9/9/9 12/12/12 14/14/14
f 1/1/1 3/3/3 13/13/13
f 12/12/12 9/9/9 11/11/11
f 4/4/4 8/8/8 10/10/10
f 7/7/7 1/1/1 9/9/9
f 4/4/4 6/6/6 8/8/8
f 2/2/2 1/1/1 7/7/7
f 6/6/6 4/4/4 5/5/5
f 3/3/3 1/1/1 2/2/2
f 19/19/19 17/17/17 18/18/18
f 23/23/23 22/22/22 21/21/21
f 25/25/25 24/24/24 23/23/23
f 27/27/27 26/26/26 25/25/25
f 29/29/29 28/28/28 27/27/27
f 31/31/31 30/30/30 29/29/29
f 33/33/33 32/32/32 31/31/31
f 32/32/32 33/33/33 34/34/34
f 30/30/30 31/31/31 32/32/32
f 28/28/28 29/29/29 30/30/30
f 26/26/26 27/27/27 28/28/28
f 24/24/24 25/25/25 26/26/26
f 22/22/22 23/23/23 24/24/24
f 20/20/20 21/21/21 22/22/22
f 17/17/17 19/19/19 20/20/20
f 21/21/21 20/20/20 19/19/19
f 65/65/65 67/67/67 82/82/82
f 55/55/55 53/53/53 54/54/54
f 58/58/58 56/56/56 57/57/57
f 60/60/60 59/59/59 55/55/55
f 53/53/53 55/55/55 59/59/59
f 67/67/67 80/80/80 82/82/82
f 56/56/56 61/61/61 62/62/62
f 64/64/64 57/57/57 63/63/63
f 67/67/67 65/65/65 66/66/66
f 66/66/66 68/68/68 60/60/60
f 54/54/54 53/53/53 69/69/69
f 71/71/71 69/69/69 70/70/70
f 74/74/74 72/72/72 73/73/73
f 73/73/73 75/75/75 76/76/76
f 76/76/76 62/62/62 61/61/61
f 57/57/57 64/64/64 58/58/58
f 68/68/68 66/66/66 65/65/65
f 69/69/69 71/71/71 54/54/54
f 78/78/78 70/70/70 77/77/77
f 74/74/74 77/77/77 79/79/79
f 75/75/75 73/73/73 72/72/72
f 56/56/56 58/58/58 61/61/61
f 81/81/81 63/63/63 80/80/80
f 63/63/63 81/81/81 64/64/64
f 59/59/59 60/60/60 68/68/68
f 77/77/77 74/74/74 78/78/78
f 62/62/62 76/76/76 75/75/75
f 80/80/80 67/67/67 81/81/81
f 70/70/70 78/78/78 71/71/71
f 72/72/72 74/74/74 79/79/79
f 1454/1454/1454 1456/1456/1456 1463/1463/1463
f 1456/1456/1456 1454/1454/1454 1455/1455/1455
f 1457/1457/1457 1455/1455/1455 1454/1454/1454
f 1460/1460/1460 1458/1458/1458 1459/1459/1459
f 1461/1461/1461 1459/1459/1459 1458/1458/1458
f 1455/1455/1455 1457/1457/1457 1462/1462/1462
f 1465/1465/1465 1463/1463/1463 1464/1464/1464
f 1459/1459/1459 1461/1461/1461 1466/1466/1466
f 1467/1467/1467 1464/1464/1464 1463/1463/1463
f 1463/1463/1463 1465/1465/1465 1454/1454/1454
f 1464/1464/1464 1467/1467/1467 1458/1458/1458
f 1458/1458/1458 1460/1460/1460 1464/1464/1464
f 1425/1425/1425 1426/1426/1426 1427/1427/1427
f 1422/1422/1422 1424/1424/1424 1425/1425/1425
f 1427/1427/1427 1428/1428/1428 1429/1429/1429
f 1429/1429/1429 1430/1430/1430 1431/1431/1431
f 1424/1424/1424 1422/1422/1422 1423/1423/1423
f 1426/1426/1426 1425/1425/1425 1424/1424/1424
f 1428/1428/1428 1427/1427/1427 1426/1426/1426
f 1430/1430/1430 1429/1429/1429 1428/1428/1428
f 1432/1432/1432 1431/1431/1431 1430/1430/1430
f 1434/1434/1434 1433/1433/1433 1432/1432/1432
f 1431/1431/1431 1432/1432/1432 1433/1433/1433
f 1435/1435/1435 1436/1436/1436 1437/1437/1437
f 1433/1433/1433 1434/1434/1434 1435/1435/1435
f 1436/1436/1436 1435/1435/1435 1434/1434/1434
f 152/152/152 151/151/151 148/148/148
f 150/150/150 148/148/148 149/149/149
f 151/151/151 152/152/152 153/153/153
f 148/148/148 150/150/150 152/152/152
f 1102/1102/1102 1105/1105/1105 1113/1113/1113
f 1105/1105/1105 1107/1107/1107 1114/1114/1114
f 1108/1108/1108 1105/1105/1105 1110/1110/1110
f 1111/1111/1111 1110/1110/1110 1105/1105/1105
f 1105/1105/1105 1114/1114/1114 1113/1113/1113
f 1110/1110/1110 1112/1112/1112 1115/1115/1115
f 1105/1105/1105 1109/1109/1109 1106/1106/1106
f 1102/1102/1102 1104/1104/1104 1105/1105/1105
f 1104/1104/1104 1102/1102/1102 1103/1103/1103
f 1112/1112/1112 1110/1110/1110 1111/1111/1111
f 1107/1107/1107 1105/1105/1105 1106/1106/1106
f 1109/1109/1109 1105/1105/1105 1108/1108/1108
f 301/301/301 299/299/299 298/298/298
f 299/299/299 297/297/297 298/298/298
f 297/297/297 299/299/299 300/300/300
f 299/299/299 301/301/301 302/302/302
f 298/298/298 297/297/297 303/303/303
f 306/306/306 304/304/304 305/305/305
f 303/303/303 297/297/297 307/307/307
f 307/307/307 308/308/308 304/304/304
f 305/305/305 304/304/304 308/308/308
f 308/308/308 307/307/307 297/297/297
f 310/310/310 306/306/306 309/309/309
f 304/304/304 306/306/306 310/310/310
f 297/297/297 300/300/300 311/311/311
f 293/293/293 295/295/295 296/296/296
f 295/295/295 293/293/293 294/294/294
f 243/243/243 241/241/241 242/242/242
f 241/241/241 243/243/243 245/245/245
f 243/243/243 242/242/242 244/244/244
f 166/166/166 165/165/165 167/167/167
f 164/164/164 166/166/166 168/168/168
f 166/166/166 164/164/164 165/165/165
f 248/248/248 246/246/246 247/247/247
f 246/246/246 248/248/248 249/249/249
f 327/327/327 326/326/326 328/328/328
f 327/327/327 324/324/324 326/326/326
f 323/323/323 324/324/324 325/325/325
f 321/321/321 322/322/322 323/323/323
f 312/312/312 319/319/319 318/318/318
f 319/319/319 312/312/312 315/315/315
f 318/318/318 320/320/320 321/321/321
f 320/320/320 318/318/318 319/319/319
f 317/317/317 314/314/314 316/316/316
f 312/312/312 314/314/314 315/315/315
f 314/314/314 312/312/312 313/313/313
f 332/332/332 329/329/329 331/331/331
f 332/332/332 331/331/331 333/333/333
f 334/334/334 333/333/333 331/331/331
f 333/333/333 334/334/334 335/335/335
f 333/333/333 335/335/335 336/336/336
f 329/329/329 332/332/332 330/330/330
f 329/329/329 328/328/328 326/326/326
f 324/324/324 327/327/327 325/325/325
f 324/324/324 323/323/323 322/322/322
f 322/322/322 321/321/321 337/337/337
f 321/321/321 320/320/320 337/337/337
f 315/315/315 314/314/314 317/317/317
f 328/328/328 329/329/329 330/330/330
f 929/929/929 925/925/925 928/928/928
f 927/927/927 925/925/925 926/926/926
f 925/925/925 927/927/927 930/930/930
f 925/925/925 929/929/929 926/926/926
f 929/929/929 928/928/928 931/931/931
f 925/925/925 930/930/930 932/932/932
f 955/955/955 957/957/957 960/960/960
f 958/958/958 955/955/955 961/961/961
f 960/960/960 957/957/957 962/962/962
f 955/955/955 959/959/959 956/956/956
f 959/959/959 955/955/955 958/958/958
f 957/957/957 955/955/955 956/956/956
f 154/154/154 156/156/156 157/157/157
f 157/157/157 158/158/158 159/159/159
f 159/159/159 160/160/160 161/161/161
f 161/161/161 162/162/162 163/163/163
f 162/162/162 161/161/161 160/160/160
f 160/160/160 159/159/159 158/158/158
f 158/158/158 157/157/157 156/156/156
f 156/156/156 154/154/154 155/155/155
f 1032/1032/1032 1047/1047/1047 1039/1039/1039
f 1033/1033/1033 1031/1031/1031 1032/1032/1032
f 1031/1031/1031 1033/1033/1033 1034/1034/1034
f 1037/1037/1037 1035/1035/1035 1036/1036/1036
f 1031/1031/1031 1034/1034/1034 1051/1051/1051
f 1035/1035/1035 1050/1050/1050 1049/1049/1049
f 1035/1035/1035 1042/1042/1042 1050/1050/1050
f 1032/1032/1032 1049/1049/1049 1046/1046/1046
f 1044/1044/1044 1043/1043/1043 1035/1035/1035
f 1033/1033/1033 1032/1032/1032 1038/1038/1038
f 1040/1040/1040 1032/1032/1032 1039/1039/1039
f 1042/1042/1042 1035/1035/1035 1041/1041/1041
f 1049/1049/1049 1032/1032/1032 1035/1035/1035
f 1043/1043/1043 1044/1044/1044 1045/1045/1045
f 1045/1045/1045 1044/1044/1044 1048/1048/1048
f 1035/1035/1035 1037/1037/1037 1041/1041/1041
f 1047/1047/1047 1032/1032/1032 1046/1046/1046
f 1032/1032/1032 1040/1040/1040 1038/1038/1038
f 1036/1036/1036 1035/1035/1035 1043/1043/1043
f 1018/1018/1018 1021/1021/1021 1025/1025/1025
f 1021/1021/1021 1016/1016/1016 1025/1025/1025
f 1024/1024/1024 1013/1013/1013 1023/1023/1023
f 1008/1008/1008 1012/1012/1012 1022/1022/1022
f 1020/1020/1020 1018/1018/1018 1006/1006/1006
f 1006/1006/1006 1019/1019/1019 1007/1007/1007
f 1016/1016/1016 1021/1021/1021 1017/1017/1017
f 999/999/999 1017/1017/1017 1015/1015/1015
f 1008/1008/1008 1014/1014/1014 1011/1011/1011
f 1009/1009/1009 1008/1008/1008 1022/1022/1022
f 1013/1013/1013 1024/1024/1024 1014/1014/1014
f 1019/1019/1019 1006/1006/1006 1018/1018/1018
f 1006/1006/1006 1004/1004/1004 1003/1003/1003
f 1017/1017/1017 999/999/999 1016/1016/1016
f 1002/1002/1002 999/999/999 1015/1015/1015
f 1014/1014/1014 1008/1008/1008 1013/1013/1013
f 1012/1012/1012 1008/1008/1008 1011/1011/1011
f 1010/1010/1010 1008/1008/1008 1009/1009/1009
f 1004/1004/1004 1006/1006/1006 1007/1007/1007
f 1005/1005/1005 1003/1003/1003 1004/1004/1004
f 1000/1000/1000 999/999/999 1002/1002/1002
f 1001/1001/1001 999/999/999 1000/1000/1000
f 1003/1003/1003 1005/1005/1005 1027/1027/1027
f 1010/1010/1010 1026/1026/1026 1028/1028/1028
f 1008/1008/1008 1010/1010/1010 1028/1028/1028
f 1008/1008/1008 1029/1029/1029 1030/1030/1030
f 1029/1029/1029 1008/1008/1008 1028/1028/1028
f 1021/1021/1021 1018/1018/1018 1020/1020/1020
f 999/999/999 1001/1001/1001 1026/1026/1026
f 1026/1026/1026 1010/1010/1010 999/999/999
f 403/403/403 401/401/401 404/404/404
f 404/404/404 401/401/401 405/405/405
f 407/407/407 406/406/406 402/402/402
f 407/407/407 402/402/402 408/408/408
f 406/406/406 407/407/407 409/409/409
f 402/402/402 403/403/403 408/408/408
f 401/401/401 399/399/399 405/405/405
f 394/394/394 396/396/396 400/400/400
f 390/390/390 392/392/392 395/395/395
f 403/403/403 402/402/402 401/401/401
f 394/394/394 399/399/399 401/401/401
f 398/398/398 394/394/394 400/400/400
f 399/399/399 394/394/394 398/398/398
f 392/392/392 396/396/396 395/395/395
f 396/396/396 392/392/392 397/397/397
f 396/396/396 394/394/394 395/395/395
f 391/391/391 390/390/390 393/393/393
f 392/392/392 390/390/390 391/391/391
f 169/169/169 171/171/171 175/175/175
f 169/169/169 174/174/174 177/177/177
f 176/176/176 178/178/178 181/181/181
f 179/179/179 180/180/180 185/185/185
f 179/179/179 184/184/184 186/186/186
f 183/183/183 179/179/179 185/185/185
f 184/184/184 179/179/179 183/183/183
f 171/171/171 169/169/169 170/170/170
f 171/171/171 170/170/170 172/172/172
f 174/174/174 169/169/169 173/173/173
f 173/173/173 169/169/169 175/175/175
f 178/178/178 176/176/176 177/177/177
f 178/178/178 177/177/177 174/174/174
f 180/180/180 179/179/179 176/176/176
f 182/182/182 176/176/176 181/181/181
f 176/176/176 182/182/182 180/180/180
f 369/369/369 371/371/371 367/367/367
f 371/371/371 369/369/369 370/370/370
f 366/366/366 364/364/364 365/365/365
f 381/381/381 383/383/383 386/386/386
f 381/381/381 386/386/386 387/387/387
f 381/381/381 387/387/387 382/382/382
f 375/375/375 382/382/382 380/380/380
f 375/375/375 379/379/379 388/388/388
f 372/372/372 370/370/370 369/369/369
f 375/375/375 376/376/376 381/381/381
f 374/374/374 372/372/372 376/376/376
f 389/389/389 366/366/366 365/365/365
f 370/370/370 372/372/372 373/373/373
f 372/372/372 374/374/374 373/373/373
f 376/376/376 375/375/375 374/374/374
f 379/379/379 377/377/377 378/378/378
f 367/367/367 368/368/368 369/369/369
f 383/383/383 384/384/384 385/385/385
f 384/384/384 383/383/383 381/381/381
f 382/382/382 375/375/375 381/381/381
f 377/377/377 375/375/375 380/380/380
f 377/377/377 379/379/379 375/375/375
f 364/364/364 366/366/366 368/368/368
f 368/368/368 367/367/367 364/364/364
f 350/350/350 347/347/347 349/349/349
f 348/348/348 345/345/345 344/344/344
f 348/348/348 347/347/347 345/345/345
f 338/338/338 340/340/340 347/347/347
f 341/341/341 343/343/343 339/339/339
f 340/340/340 339/339/339 343/343/343
f 344/344/344 346/346/346 352/352/352
f 346/346/346 344/344/344 345/345/345
f 343/343/343 341/341/341 342/342/342
f 340/340/340 338/338/338 339/339/339
f 353/353/353 352/352/352 346/346/346
f 355/355/355 353/353/353 354/354/354
f 357/357/357 341/341/341 356/356/356
f 358/358/358 342/342/342 357/357/357
f 342/342/342 359/359/359 343/343/343
f 360/360/360 343/343/343 359/359/359
f 349/349/349 340/340/340 361/361/361
f 361/361/361 340/340/340 360/360/360
f 347/347/347 348/348/348 338/338/338
f 347/347/347 350/350/350 345/345/345
f 345/345/345 351/351/351 346/346/346
f 351/351/351 353/353/353 346/346/346
f 352/352/352 353/353/353 363/363/363
f 353/353/353 355/355/355 363/363/363
f 340/340/340 349/349/349 347/347/347
f 343/343/343 360/360/360 340/340/340
f 359/359/359 342/342/342 362/362/362
f 342/342/342 358/358/358 362/362/362
f 341/341/341 357/357/357 342/342/342
f 351/351/351 345/345/345 350/350/350
f 448/448/448 450/450/450 451/451/451
f 450/450/450 448/448/448 449/449/449
f 453/453/453 452/452/452 455/455/455
f 454/454/454 452/452/452 453/453/453
f 452/452/452 454/454/454 456/456/456
f 434/434/434 446/446/446 447/447/447
f 436/436/436 434/434/434 435/435/435
f 439/439/439 444/444/444 443/443/443
f 437/437/437 434/434/434 438/438/438
f 441/441/441 439/439/439 440/440/440
f 446/446/446 434/434/434 445/445/445
f 435/435/435 434/434/434 437/437/437
f 434/434/434 436/436/436 445/445/445
f 438/438/438 434/434/434 442/442/442
f 439/439/439 441/441/441 444/444/444
f 444/444/444 434/434/434 443/443/443
f 434/434/434 444/444/444 442/442/442
f 413/413/413 419/419/419 414/414/414
f 419/419/419 413/413/413 420/420/420
f 412/412/412 415/415/415 416/416/416
f 412/412/412 410/410/410 411/411/411
f 410/410/410 413/413/413 414/414/414
f 415/415/415 412/412/412 411/411/411
f 424/424/424 423/423/423 418/418/418
f 416/416/416 415/415/415 417/417/417
f 428/428/428 426/426/426 427/427/427
f 430/430/430 426/426/426 429/429/429
f 426/426/426 430/430/430 427/427/427
f 430/430/430 416/416/416 431/431/431
f 432/432/432 416/416/416 417/417/417
f 416/416/416 432/432/432 431/431/431
f 416/416/416 430/430/430 429/429/429
f 426/426/426 428/428/428 433/433/433
f 421/421/421 423/423/423 425/425/425
f 418/418/418 420/420/420 424/424/424
f 410/410/410 412/412/412 413/413/413
f 423/423/423 424/424/424 425/425/425
f 420/420/420 418/418/418 419/419/419
f 423/423/423 421/421/421 422/422/422
f 1073/1073/1073 1074/1074/1074 1076/1076/1076
f 1063/1063/1063 1064/1064/1064 1068/1068/1068
f 1062/1062/1062 1061/1061/1061 1065/1065/1065
f 1056/1056/1056 1058/1058/1058 1060/1060/1060
f 1070/1070/1070 1071/1071/1071 1075/1075/1075
f 1069/1069/1069 1067/1067/1067 1072/1072/1072
f 1074/1074/1074 1070/1070/1070 1075/1075/1075
f 1054/1054/1054 1052/1052/1052 1053/1053/1053
f 1052/1052/1052 1054/1054/1054 1055/1055/1055
f 1057/1057/1057 1056/1056/1056 1055/1055/1055
f 1056/1056/1056 1057/1057/1057 1058/1058/1058
f 1057/1057/1057 1055/1055/1055 1059/1059/1059
f 1061/1061/1061 1056/1056/1056 1060/1060/1060
f 1056/1056/1056 1061/1061/1061 1062/1062/1062
f 1064/1064/1064 1063/1063/1063 1062/1062/1062
f 1064/1064/1064 1062/1062/1062 1065/1065/1065
f 1067/1067/1067 1063/1063/1063 1066/1066/1066
f 1074/1074/1074 1073/1073/1073 1070/1070/1070
f 1066/1066/1066 1063/1063/1063 1068/1068/1068
f 1071/1071/1071 1069/1069/1069 1072/1072/1072
f 1071/1071/1071 1070/1070/1070 1069/1069/1069
f 1063/1063/1063 1067/1067/1067 1069/1069/1069
f 1055/1055/1055 1054/1054/1054 1059/1059/1059
f 459/459/459 457/457/457 458/458/458
f 948/948/948 946/946/946 945/945/945
f 946/946/946 948/948/948 947/947/947
f 934/934/934 933/933/933 937/937/937
f 942/942/942 936/936/936 941/941/941
f 935/935/935 933/933/933 934/934/934
f 952/952/952 950/950/950 951/951/951
f 952/952/952 951/951/951 953/953/953
f 950/950/950 954/954/954 949/949/949
f 933/933/933 935/935/935 936/936/936
f 950/950/950 952/952/952 954/954/954
f 947/947/947 949/949/949 954/954/954
f 940/940/940 938/938/938 939/939/939
f 943/943/943 938/938/938 944/944/944
f 938/938/938 940/940/940 942/942/942
f 936/936/936 935/935/935 941/941/941
f 943/943/943 945/945/945 946/946/946
f 949/949/949 947/947/947 948/948/948
f 936/936/936 942/942/942 940/940/940
f 938/938/938 943/943/943 939/939/939
f 945/945/945 943/943/943 944/944/944
f 963/963/963 967/967/967 969/969/969
f 965/965/965 964/964/964 968/968/968
f 967/967/967 963/963/963 966/966/966
f 965/965/965 963/963/963 964/964/964
f 963/963/963 965/965/965 966/966/966
f 828/828/828 833/833/833 834/834/834
f 819/819/819 817/817/817 818/818/818
f 817/817/817 819/819/819 820/820/820
f 818/818/818 821/821/821 822/822/822
f 822/822/822 821/821/821 823/823/823
f 824/824/824 823/823/823 821/821/821
f 820/820/820 819/819/819 825/825/825
f 818/818/818 817/817/817 821/821/821
f 828/828/828 826/826/826 827/827/827
f 825/825/825 819/819/819 829/829/829
f 827/827/827 826/826/826 824/824/824
f 829/829/829 819/819/819 830/830/830
f 832/832/832 828/828/828 831/831/831
f 823/823/823 824/824/824 826/826/826
f 828/828/828 832/832/832 833/833/833
f 826/826/826 828/828/828 834/834/834
f 921/921/921 920/920/920 918/918/918
f 920/920/920 922/922/922 923/923/923
f 915/915/915 917/917/917 924/924/924
f 917/917/917 915/915/915 916/916/916
f 916/916/916 918/918/918 919/919/919
f 920/920/920 921/921/921 922/922/922
f 919/919/919 918/918/918 920/920/920
f 918/918/918 916/916/916 915/915/915
f 841/841/841 843/843/843 861/861/861
f 835/835/835 837/837/837 838/838/838
f 836/836/836 847/847/847 837/837/837
f 858/858/858 860/860/860 862/862/862
f 861/861/861 856/856/856 841/841/841
f 862/862/862 861/861/861 843/843/843
f 860/860/860 857/857/857 861/861/861
f 859/859/859 863/863/863 860/860/860
f 835/835/835 859/859/859 858/858/858
f 838/838/838 864/864/864 859/859/859
f 864/864/864 866/866/866 863/863/863
f 867/867/867 869/869/869 855/855/855
f 863/863/863 867/867/867 857/857/857
f 840/840/840 865/865/865 864/864/864
f 842/842/842 889/889/889 843/843/843
f 872/872/872 843/843/843 889/889/889
f 873/873/873 862/862/862 872/872/872
f 835/835/835 873/873/873 874/874/874
f 836/836/836 875/875/875 876/876/876
f 844/844/844 877/877/877 878/878/878
f 845/845/845 878/878/878 879/879/879
f 845/845/845 881/881/881 852/852/852
f 850/850/850 854/854/854 851/851/851
f 854/854/854 882/882/882 851/851/851
f 849/849/849 882/882/882 884/884/884
f 883/883/883 884/884/884 885/885/885
f 871/871/871 883/883/883 885/885/885
f 865/865/865 885/885/885 886/886/886
f 866/866/866 886/886/886 887/887/887
f 867/867/867 888/888/888 868/868/868
f 888/888/888 870/870/870 868/868/868
f 867/867/867 887/887/887 888/888/888
f 887/887/887 867/867/867 866/866/866
f 886/886/886 866/866/866 865/865/865
f 885/885/885 865/865/865 871/871/871
f 840/840/840 883/883/883 871/871/871
f 883/883/883 840/840/840 839/839/839
f 884/884/884 883/883/883 849/849/849
f 882/882/882 849/849/849 851/851/851
f 879/879/879 881/881/881 845/845/845
f 881/881/881 879/879/879 880/880/880
f 878/878/878 845/845/845 844/844/844
f 844/844/844 876/876/876 877/877/877
f 876/876/876 844/844/844 836/836/836
f 836/836/836 874/874/874 875/875/875
f 874/874/874 836/836/836 835/835/835
f 873/873/873 835/835/835 858/858/858
f 862/862/862 873/873/873 858/858/858
f 843/843/843 872/872/872 862/862/862
f 837/837/837 848/848/848 839/839/839
f 839/839/839 849/849/849 883/883/883
f 848/848/848 851/851/851 849/849/849
f 845/845/845 853/853/853 846/846/846
f 865/865/865 840/840/840 871/871/871
f 867/867/867 863/863/863 866/866/866
f 869/869/869 868/868/868 870/870/870
f 869/869/869 867/867/867 868/868/868
f 866/866/866 864/864/864 865/865/865
f 864/864/864 838/838/838 840/840/840
f 859/859/859 835/835/835 838/838/838
f 863/863/863 859/859/859 864/864/864
f 857/857/857 860/860/860 863/863/863
f 861/861/861 862/862/862 860/860/860
f 856/856/856 861/861/861 857/857/857
f 860/860/860 858/858/858 859/859/859
f 857/857/857 855/855/855 856/856/856
f 850/850/850 853/853/853 854/854/854
f 850/850/850 847/847/847 846/846/846
f 853/853/853 845/845/845 852/852/852
f 851/851/851 848/848/848 850/850/850
f 849/849/849 839/839/839 848/848/848
f 848/848/848 837/837/837 847/847/847
f 847/847/847 836/836/836 844/844/844
f 846/846/846 844/844/844 845/845/845
f 843/843/843 841/841/841 842/842/842
f 838/838/838 839/839/839 840/840/840
f 839/839/839 838/838/838 837/837/837
f 837/837/837 835/835/835 836/836/836
f 847/847/847 850/850/850 848/848/848
f 853/853/853 850/850/850 846/846/846
f 855/855/855 857/857/857 867/867/867
f 844/844/844 846/846/846 847/847/847
f 1203/1203/1203 1211/1211/1211 1210/1210/1210
f 1204/1204/1204 1203/1203/1203 1210/1210/1210
f 1206/1206/1206 1203/1203/1203 1205/1205/1205
f 1204/1204/1204 1202/1202/1202 1203/1203/1203
f 1208/1208/1208 1207/1207/1207 1222/1222/1222
f 1213/1213/1213 1209/1209/1209 1212/1212/1212
f 1202/1202/1202 1221/1221/1221 1209/1209/1209
f 1202/1202/1202 1219/1219/1219 1220/1220/1220
f 1216/1216/1216 1209/1209/1209 1221/1221/1221
f 1202/1202/1202 1215/1215/1215 1218/1218/1218
f 1221/1221/1221 1202/1202/1202 1220/1220/1220
f 1207/1207/1207 1209/1209/1209 1213/1213/1213
f 1209/1209/1209 1207/1207/1207 1208/1208/1208
f 1203/1203/1203 1206/1206/1206 1211/1211/1211
f 1209/1209/1209 1217/1217/1217 1212/1212/1212
f 1202/1202/1202 1204/1204/1204 1214/1214/1214
f 1219/1219/1219 1202/1202/1202 1218/1218/1218
f 1217/1217/1217 1209/1209/1209 1216/1216/1216
f 1215/1215/1215 1202/1202/1202 1214/1214/1214
f 907/907/907 891/891/891 890/890/890
f 890/890/890 892/892/892 893/893/893
f 893/893/893 894/894/894 905/905/905
f 895/895/895 897/897/897 914/914/914
f 898/898/898 896/896/896 895/895/895
f 901/901/901 900/900/900 898/898/898
f 903/903/903 905/905/905 894/894/894
f 906/906/906 905/905/905 904/904/904
f 890/890/890 906/906/906 908/908/908
f 907/907/907 908/908/908 910/910/910
f 909/909/909 910/910/910 913/913/913
f 894/894/894 893/893/893 892/892/892
f 909/909/909 891/891/891 907/907/907
f 911/911/911 909/909/909 912/912/912
f 891/891/891 909/909/909 911/911/911
f 910/910/910 909/909/909 907/907/907
f 908/908/908 907/907/907 890/890/890
f 906/906/906 890/890/890 893/893/893
f 905/905/905 906/906/906 893/893/893
f 901/901/901 905/905/905 903/903/903
f 905/905/905 901/901/901 904/904/904
f 902/902/902 901/901/901 903/903/903
f 900/900/900 901/901/901 902/902/902
f 899/899/899 898/898/898 900/900/900
f 896/896/896 898/898/898 899/899/899
f 897/897/897 895/895/895 896/896/896
f 892/892/892 890/890/890 891/891/891
f 1200/1200/1200 1198/1198/1198 1199/1199/1199
f 1198/1198/1198 1200/1200/1200 1201/1201/1201
f 2134/2134/2134 2132/2132/2132 2133/2133/2133
f 2136/2136/2136 2135/2135/2135 2132/2132/2132
f 2135/2135/2135 2136/2136/2136 2137/2137/2137
f 2132/2132/2132 2134/2134/2134 2136/2136/2136
f 2503/2503/2503 2502/2502/2502 2501/2501/2501
f 2499/2499/2499 2501/2501/2501 2502/2502/2502
f 2501/2501/2501 2499/2499/2499 2500/2500/2500
f 2502/2502/2502 2503/2503/2503 2504/2504/2504
f 3124/3124/3124 3126/3126/3126 3128/3128/3128
f 3128/3128/3128 3129/3129/3129 3130/3130/3130
f 3129/3129/3129 3128/3128/3128 3126/3126/3126
f 3124/3124/3124 3127/3127/3127 3125/3125/3125
f 3127/3127/3127 3124/3124/3124 3123/3123/3123
f 3116/3116/3116 3118/3118/3118 3119/3119/3119
f 3114/3114/3114 3113/3113/3113 3131/3131/3131
f 3126/3126/3126 3124/3124/3124 3125/3125/3125
f 3121/3121/3121 3123/3123/3123 3124/3124/3124
f 3122/3122/3122 3121/3121/3121 3120/3120/3120
f 3123/3123/3123 3121/3121/3121 3122/3122/3122
f 3120/3120/3120 3119/3119/3119 3118/3118/3118
f 3117/3117/3117 3116/3116/3116 3115/3115/3115
f 3118/3118/3118 3116/3116/3116 3117/3117/3117
f 3113/3113/3113 3115/3115/3115 3116/3116/3116
f 3115/3115/3115 3113/3113/3113 3114/3114/3114
f 3119/3119/3119 3120/3120/3120 3121/3121/3121
f 3057/3057/3057 3056/3056/3056 3058/3058/3058
f 3055/3055/3055 3057/3057/3057 3059/3059/3059
f 3057/3057/3057 3055/3055/3055 3056/3056/3056
f 3108/3108/3108 3110/3110/3110 3111/3111/3111
f 3111/3111/3111 3112/3112/3112 3108/3108/3108
f 3110/3110/3110 3108/3108/3108 3109/3109/3109
f 3208/3208/3208 3206/3206/3206 3207/3207/3207
f 3211/3211/3211 3209/3209/3209 3210/3210/3210
f 1780/1780/1780 1778/1778/1778 1779/1779/1779
f 1783/1783/1783 1781/1781/1781 1782/1782/1782
f 1962/1962/1962 1960/1960/1960 1961/1961/1961
f 1960/1960/1960 1963/1963/1963 1964/1964/1964
f 1960/1960/1960 1962/1962/1962 1963/1963/1963
f 3001/3001/3001 2999/2999/2999 3000/3000/3000
f 2999/2999/2999 3001/3001/3001 3002/3002/3002
f 3103/3103/3103 3102/3102/3102 3104/3104/3104
f 3107/3107/3107 3105/3105/3105 3106/3106/3106
f 3105/3105/3105 3107/3107/3107 3103/3103/3103
f 3101/3101/3101 3103/3103/3103 3107/3107/3107
f 3103/3103/3103 3101/3101/3101 3102/3102/3102
f 3174/3174/3174 3173/3173/3173 3188/3188/3188
f 3171/3171/3171 3170/3170/3170 3185/3185/3185
f 3184/3184/3184 3183/3183/3183 3182/3182/3182
f 3180/3180/3180 3182/3182/3182 3181/3181/3181
f 3179/3179/3179 3180/3180/3180 3181/3181/3181
f 3177/3177/3177 3176/3176/3176 3179/3179/3179
f 3172/3172/3172 3174/3174/3174 3175/3175/3175
f 3169/3169/3169 3171/3171/3171 3178/3178/3178
f 3183/3183/3183 3186/3186/3186 3169/3169/3169
f 3169/3169/3169 3187/3187/3187 3183/3183/3183
f 3180/3180/3180 3179/3179/3179 3176/3176/3176
f 3169/3169/3169 3178/3178/3178 3187/3187/3187
f 3183/3183/3183 3184/3184/3184 3186/3186/3186
f 3177/3177/3177 3175/3175/3175 3176/3176/3176
f 3174/3174/3174 3172/3172/3172 3173/3173/3173
f 3171/3171/3171 3169/3169/3169 3170/3170/3170
f 3182/3182/3182 3180/3180/3180 3184/3184/3184
f 3175/3175/3175 3177/3177/3177 3172/3172/3172
f 2155/2155/2155 2156/2156/2156 2157/2157/2157
f 2150/2150/2150 2155/2155/2155 2151/2151/2151
f 2155/2155/2155 2150/2150/2150 2156/2156/2156
f 2149/2149/2149 2158/2158/2158 2159/2159/2159
f 2149/2149/2149 2153/2153/2153 2158/2158/2158
f 2149/2149/2149 2154/2154/2154 2152/2152/2152
f 2151/2151/2151 2149/2149/2149 2150/2150/2150
f 2153/2153/2153 2149/2149/2149 2152/2152/2152
f 2149/2149/2149 2151/2151/2151 2154/2154/2154
f 1971/1971/1971 1973/1973/1973 1974/1974/1974
f 1973/1973/1973 1971/1971/1971 1972/1972/1972
f 1982/1982/1982 1980/1980/1980 1981/1981/1981
f 1983/1983/1983 1980/1980/1980 1977/1977/1977
f 1980/1980/1980 1983/1983/1983 1981/1981/1981
f 1986/1986/1986 1984/1984/1984 1985/1985/1985
f 1987/1987/1987 1984/1984/1984 1982/1982/1982
f 1984/1984/1984 1987/1987/1987 1985/1985/1985
f 1990/1990/1990 1988/1988/1988 1989/1989/1989
f 1991/1991/1991 1989/1989/1989 1986/1986/1986
f 1989/1989/1989 1991/1991/1991 1990/1990/1990
f 1974/1974/1974 1975/1975/1975 1971/1971/1971
f 1992/1992/1992 1988/1988/1988 1994/1994/1994
f 1997/1997/1997 1995/1995/1995 1996/1996/1996
f 1995/1995/1995 1997/1997/1997 1998/1998/1998
f 1977/1977/1977 1975/1975/1975 1976/1976/1976
f 1996/1996/1996 1995/1995/1995 1993/1993/1993
f 1998/1998/1998 1997/1997/1997 1999/1999/1999
f 1988/1988/1988 1993/1993/1993 1995/1995/1995
f 1988/1988/1988 1990/1990/1990 1994/1994/1994
f 1984/1984/1984 1986/1986/1986 1989/1989/1989
f 1980/1980/1980 1982/1982/1982 1984/1984/1984
f 1975/1975/1975 1977/1977/1977 1980/1980/1980
f 1975/1975/1975 1974/1974/1974 1978/1978/1978
f 1979/1979/1979 1975/1975/1975 1978/1978/1978
f 1974/1974/1974 1973/1973/1973 2000/2000/2000
f 1993/1993/1993 1988/1988/1988 1992/1992/1992
f 1975/1975/1975 1979/1979/1979 1976/1976/1976
f 2391/2391/2391 2389/2389/2389 2390/2390/2390
f 2389/2389/2389 2391/2391/2391 2392/2392/2392
f 1802/1802/1802 1801/1801/1801 1807/1807/1807
f 1810/1810/1810 1809/1809/1809 1805/1805/1805
f 1804/1804/1804 1806/1806/1806 1811/1811/1811
f 1805/1805/1805 1804/1804/1804 1810/1810/1810
f 1814/1814/1814 1815/1815/1815 1818/1818/1818
f 1809/1809/1809 1810/1810/1810 1816/1816/1816
f 1806/1806/1806 1808/1808/1808 1811/1811/1811
f 1809/1809/1809 1817/1817/1817 1815/1815/1815
f 1801/1801/1801 1803/1803/1803 1813/1813/1813
f 1808/1808/1808 1806/1806/1806 1807/1807/1807
f 1817/1817/1817 1809/1809/1809 1816/1816/1816
f 1815/1815/1815 1814/1814/1814 1809/1809/1809
f 1813/1813/1813 1803/1803/1803 1812/1812/1812
f 1803/1803/1803 1801/1801/1801 1802/1802/1802
f 1806/1806/1806 1804/1804/1804 1805/1805/1805
f 1808/1808/1808 1807/1807/1807 1801/1801/1801
f 1925/1925/1925 1923/1923/1923 1924/1924/1924
f 1926/1926/1926 1925/1925/1925 1924/1924/1924
f 1925/1925/1925 1926/1926/1926 1927/1927/1927
f 1923/1923/1923 1925/1925/1925 1928/1928/1928
f 2115/2115/2115 2113/2113/2113 2114/2114/2114
f 2115/2115/2115 2114/2114/2114 2116/2116/2116
f 2119/2119/2119 2117/2117/2117 2118/2118/2118
f 2122/2122/2122 2120/2120/2120 2121/2121/2121
f 2120/2120/2120 2122/2122/2122 2119/2119/2119
f 2124/2124/2124 2113/2113/2113 2123/2123/2123
f 2126/2126/2126 2124/2124/2124 2125/2125/2125
f 2125/2125/2125 2124/2124/2124 2127/2127/2127
f 2127/2127/2127 2124/2124/2124 2123/2123/2123
f 2117/2117/2117 2126/2126/2126 2118/2118/2118
f 2129/2129/2129 2114/2114/2114 2128/2128/2128
f 2129/2129/2129 2128/2128/2128 2130/2130/2130
f 2114/2114/2114 2129/2129/2129 2116/2116/2116
f 2113/2113/2113 2124/2124/2124 2131/2131/2131
f 2117/2117/2117 2119/2119/2119 2122/2122/2122
f 2113/2113/2113 2115/2115/2115 2123/2123/2123
f 2124/2124/2124 2126/2126/2126 2117/2117/2117
f 2560/2560/2560 2562/2562/2562 2564/2564/2564
f 2562/2562/2562 2560/2560/2560 2561/2561/2561
f 2562/2562/2562 2561/2561/2561 2563/2563/2563
f 2546/2546/2546 2550/2550/2550 2552/2552/2552
f 2549/2549/2549 2547/2547/2547 2551/2551/2551
f 2546/2546/2546 2548/2548/2548 2550/2550/2550
f 2548/2548/2548 2547/2547/2547 2549/2549/2549
f 2548/2548/2548 2546/2546/2546 2547/2547/2547
f 2541/2541/2541 2543/2543/2543 2544/2544/2544
f 2544/2544/2544 2543/2543/2543 2545/2545/2545
f 2543/2543/2543 2541/2541/2541 2542/2542/2542
f 2556/2556/2556 2555/2555/2555 2558/2558/2558
f 2556/2556/2556 2558/2558/2558 2559/2559/2559
f 2555/2555/2555 2553/2553/2553 2554/2554/2554
f 2554/2554/2554 2553/2553/2553 2557/2557/2557
f 2553/2553/2553 2555/2555/2555 2556/2556/2556
f 2138/2138/2138 2140/2140/2140 2142/2142/2142
f 2140/2140/2140 2139/2139/2139 2141/2141/2141
f 2140/2140/2140 2138/2138/2138 2139/2139/2139
f 2143/2143/2143 2145/2145/2145 2146/2146/2146
f 2146/2146/2146 2147/2147/2147 2148/2148/2148
f 2147/2147/2147 2146/2146/2146 2145/2145/2145
f 2145/2145/2145 2143/2143/2143 2144/2144/2144
f 3625/3625/3625 3639/3639/3639 3626/3626/3626
f 3630/3630/3630 3632/3632/3632 3631/3631/3631
f 3633/3633/3633 3640/3640/3640 3641/3641/3641
f 3640/3640/3640 3642/3642/3642 3641/3641/3641
f 3636/3636/3636 3635/3635/3635 3637/3637/3637
f 3606/3606/3606 3605/3605/3605 3622/3622/3622
f 3627/3627/3627 3629/3629/3629 3639/3639/3639
f 3642/3642/3642 3640/3640/3640 3643/3643/3643
f 3646/3646/3646 3644/3644/3644 3645/3645/3645
f 3648/3648/3648 3647/3647/3647 3614/3614/3614
f 3650/3650/3650 3649/3649/3649 3648/3648/3648
f 3652/3652/3652 3642/3642/3642 3651/3651/3651
f 3638/3638/3638 3621/3621/3621 3620/3620/3620
f 3640/3640/3640 3633/3633/3633 3614/3614/3614
f 3654/3654/3654 3615/3615/3615 3653/3653/3653
f 3644/3644/3644 3646/3646/3646 3615/3615/3615
f 3649/3649/3649 3650/3650/3650 3655/3655/3655
f 3651/3651/3651 3642/3642/3642 3643/3643/3643
f 3624/3624/3624 3626/3626/3626 3580/3580/3580
f 3653/3653/3653 3615/3615/3615 3595/3595/3595
f 3645/3645/3645 3642/3642/3642 3656/3656/3656
f 3647/3647/3647 3648/3648/3648 3649/3649/3649
f 3595/3595/3595 3597/3597/3597 3634/3634/3634
f 3645/3645/3645 3644/3644/3644 3642/3642/3642
f 3614/3614/3614 3647/3647/3647 3657/3657/3657
f 3615/3615/3615 3654/3654/3654 3644/3644/3644
f 3642/3642/3642 3652/3652/3652 3656/3656/3656
f 3613/3613/3613 3614/3614/3614 3633/3633/3633
f 3632/3632/3632 3630/3630/3630 3611/3611/3611
f 3631/3631/3631 3628/3628/3628 3630/3630/3630
f 3629/3629/3629 3627/3627/3627 3628/3628/3628
f 3626/3626/3626 3624/3624/3624 3625/3625/3625
f 3574/3574/3574 3576/3576/3576 3609/3609/3609
f 3590/3590/3590 3592/3592/3592 3623/3623/3623
f 3623/3623/3623 3622/3622/3622 3590/3590/3590
f 3605/3605/3605 3589/3589/3589 3588/3588/3588
f 3586/3586/3586 3585/3585/3585 3584/3584/3584
f 3604/3604/3604 3602/3602/3602 3601/3601/3601
f 3621/3621/3621 3619/3619/3619 3620/3620/3620
f 3598/3598/3598 3600/3600/3600 3618/3618/3618
f 3617/3617/3617 3618/3618/3618 3600/3600/3600
f 3595/3595/3595 3616/3616/3616 3617/3617/3617
f 3596/3596/3596 3595/3595/3595 3615/3615/3615
f 3614/3614/3614 3613/3613/3613 3612/3612/3612
f 3613/3613/3613 3611/3611/3611 3612/3612/3612
f 3580/3580/3580 3579/3579/3579 3610/3610/3610
f 3609/3609/3609 3607/3607/3607 3574/3574/3574
f 3608/3608/3608 3593/3593/3593 3607/3607/3607
f 3591/3591/3591 3594/3594/3594 3592/3592/3592
f 3589/3589/3589 3605/3605/3605 3606/3606/3606
f 3588/3588/3588 3587/3587/3587 3586/3586/3586
f 3584/3584/3584 3582/3582/3582 3581/3581/3581
f 3602/3602/3602 3604/3604/3604 3583/3583/3583
f 3603/3603/3603 3601/3601/3601 3602/3602/3602
f 3600/3600/3600 3598/3598/3598 3599/3599/3599
f 3597/3597/3597 3595/3595/3595 3596/3596/3596
f 3579/3579/3579 3578/3578/3578 3577/3577/3577
f 3575/3575/3575 3578/3578/3578 3576/3576/3576
f 3594/3594/3594 3591/3591/3591 3593/3593/3593
f 3592/3592/3592 3590/3590/3590 3591/3591/3591
f 3587/3587/3587 3588/3588/3588 3589/3589/3589
f 3585/3585/3585 3586/3586/3586 3587/3587/3587
f 3582/3582/3582 3584/3584/3584 3585/3585/3585
f 3583/3583/3583 3581/3581/3581 3582/3582/3582
f 3578/3578/3578 3579/3579/3579 3580/3580/3580
f 3578/3578/3578 3575/3575/3575 3577/3577/3577
f 3601/3601/3601 3603/3603/3603 3638/3638/3638
f 3576/3576/3576 3574/3574/3574 3575/3575/3575
f 3621/3621/3621 3638/3638/3638 3603/3603/3603
f 3619/3619/3619 3621/3621/3621 3636/3636/3636
f 3618/3618/3618 3617/3617/3617 3616/3616/3616
f 3611/3611/3611 3613/3613/3613 3632/3632/3632
f 3628/3628/3628 3631/3631/3631 3629/3629/3629
f 3639/3639/3639 3625/3625/3625 3627/3627/3627
f 3624/3624/3624 3580/3580/3580 3610/3610/3610
f 3607/3607/3607 3609/3609/3609 3608/3608/3608
f 3622/3622/3622 3623/3623/3623 3606/3606/3606
f 3581/3581/3581 3583/3583/3583 3604/3604/3604
f 3616/3616/3616 3595/3595/3595 3634/3634/3634
f 3599/3599/3599 3598/3598/3598 3635/3635/3635
f 3635/3635/3635 3636/3636/3636 3599/3599/3599
f 3619/3619/3619 3636/3636/3636 3637/3637/3637
f 3593/3593/3593 3608/3608/3608 3594/3594/3594
f 3614/3614/3614 3657/3657/3657 3640/3640/3640
f 1965/1965/1965 1967/1967/1967 1969/1969/1969
f 1968/1968/1968 1969/1969/1969 1970/1970/1970
f 1969/1969/1969 1968/1968/1968 1965/1965/1965
f 1967/1967/1967 1965/1965/1965 1966/1966/1966
f 1958/1958/1958 1951/1951/1951 1957/1957/1957
f 1951/1951/1951 1956/1956/1956 1954/1954/1954
f 1955/1955/1955 1951/1951/1951 1954/1954/1954
f 1953/1953/1953 1951/1951/1951 1952/1952/1952
f 1951/1951/1951 1953/1953/1953 1956/1956/1956
f 1951/1951/1951 1955/1955/1955 1957/1957/1957
f 1951/1951/1951 1958/1958/1958 1959/1959/1959
f 2694/2694/2694 2696/2696/2696 2690/2690/2690
f 2695/2695/2695 2694/2694/2694 2702/2702/2702
f 2693/2693/2693 2690/2690/2690 2696/2696/2696
f 2694/2694/2694 2698/2698/2698 2702/2702/2702
f 2690/2690/2690 2692/2692/2692 2704/2704/2704
f 2700/2700/2700 2699/2699/2699 2703/2703/2703
f 2698/2698/2698 2697/2697/2697 2701/2701/2701
f 2699/2699/2699 2701/2701/2701 2697/2697/2697
f 2692/2692/2692 2690/2690/2690 2691/2691/2691
f 2691/2691/2691 2690/2690/2690 2693/2693/2693
f 2696/2696/2696 2694/2694/2694 2695/2695/2695
f 2701/2701/2701 2699/2699/2699 2700/2700/2700
f 2698/2698/2698 2694/2694/2694 2697/2697/2697
f 2654/2654/2654 2657/2657/2657 2655/2655/2655
f 2657/2657/2657 2654/2654/2654 2656/2656/2656
f 2653/2653/2653 2654/2654/2654 2655/2655/2655
f 2656/2656/2656 2658/2658/2658 2659/2659/2659
f 2651/2651/2651 2650/2650/2650 2652/2652/2652
f 2658/2658/2658 2656/2656/2656 2654/2654/2654
f 2648/2648/2648 2650/2650/2650 2651/2651/2651
f 2650/2650/2650 2648/2648/2648 2649/2649/2649
f 2651/2651/2651 2652/2652/2652 2661/2661/2661
f 2659/2659/2659 2658/2658/2658 2660/2660/2660
f 2648/2648/2648 2651/2651/2651 2653/2653/2653
f 2654/2654/2654 2653/2653/2653 2651/2651/2651
f 2643/2643/2643 2645/2645/2645 2646/2646/2646
f 2645/2645/2645 2643/2643/2643 2644/2644/2644
f 2644/2644/2644 2643/2643/2643 2647/2647/2647
f 2666/2666/2666 2662/2662/2662 2668/2668/2668
f 2667/2667/2667 2669/2669/2669 2670/2670/2670
f 2663/2663/2663 2662/2662/2662 2665/2665/2665
f 2664/2664/2664 2662/2662/2662 2663/2663/2663
f 2669/2669/2669 2667/2667/2667 2666/2666/2666
f 2667/2667/2667 2670/2670/2670 2671/2671/2671
f 2673/2673/2673 2670/2670/2670 2672/2672/2672
f 2670/2670/2670 2673/2673/2673 2674/2674/2674
f 2672/2672/2672 2670/2670/2670 2675/2675/2675
f 2677/2677/2677 2674/2674/2674 2676/2676/2676
f 2674/2674/2674 2677/2677/2677 2678/2678/2678
f 2678/2678/2678 2677/2677/2677 2679/2679/2679
f 2674/2674/2674 2673/2673/2673 2676/2676/2676
f 2670/2670/2670 2669/2669/2669 2675/2675/2675
f 2662/2662/2662 2666/2666/2666 2667/2667/2667
f 2662/2662/2662 2664/2664/2664 2668/2668/2668
f 2488/2488/2488 2490/2490/2490 2494/2494/2494
f 2493/2493/2493 2496/2496/2496 2498/2498/2498
f 2491/2491/2491 2488/2488/2488 2497/2497/2497
f 2493/2493/2493 2495/2495/2495 2496/2496/2496
f 2488/2488/2488 2492/2492/2492 2489/2489/2489
f 2495/2495/2495 2493/2493/2493 2494/2494/2494
f 2492/2492/2492 2488/2488/2488 2491/2491/2491
f 2490/2490/2490 2488/2488/2488 2489/2489/2489
f 2495/2495/2495 2494/2494/2494 2490/2490/2490
f 2861/2861/2861 2860/2860/2860 2858/2858/2858
f 2853/2853/2853 2852/2852/2852 2850/2850/2850
f 2851/2851/2851 2850/2850/2850 2848/2848/2848
f 2849/2849/2849 2848/2848/2848 2846/2846/2846
f 2860/2860/2860 2861/2861/2861 2862/2862/2862
f 2845/2845/2845 2844/2844/2844 2842/2842/2842
f 2843/2843/2843 2842/2842/2842 2840/2840/2840
f 2858/2858/2858 2859/2859/2859 2861/2861/2861
f 2856/2856/2856 2857/2857/2857 2859/2859/2859
f 2854/2854/2854 2855/2855/2855 2857/2857/2857
f 2859/2859/2859 2858/2858/2858 2856/2856/2856
f 2850/2850/2850 2851/2851/2851 2853/2853/2853
f 2848/2848/2848 2849/2849/2849 2851/2851/2851
f 2833/2833/2833 2835/2835/2835 2837/2837/2837
f 2846/2846/2846 2847/2847/2847 2849/2849/2849
f 2844/2844/2844 2845/2845/2845 2847/2847/2847
f 2842/2842/2842 2843/2843/2843 2845/2845/2845
f 2841/2841/2841 2840/2840/2840 2838/2838/2838
f 2839/2839/2839 2838/2838/2838 2836/2836/2836
f 2837/2837/2837 2836/2836/2836 2833/2833/2833
f 2835/2835/2835 2833/2833/2833 2834/2834/2834
f 2855/2855/2855 2854/2854/2854 2852/2852/2852
f 2852/2852/2852 2853/2853/2853 2855/2855/2855
f 2857/2857/2857 2856/2856/2856 2854/2854/2854
f 2840/2840/2840 2841/2841/2841 2843/2843/2843
f 2838/2838/2838 2839/2839/2839 2841/2841/2841
f 2836/2836/2836 2837/2837/2837 2839/2839/2839
f 2847/2847/2847 2846/2846/2846 2844/2844/2844
f 3163/3163/3163 3166/3166/3166 3167/3167/3167
f 3165/3165/3165 3163/3163/3163 3164/3164/3164
f 3163/3163/3163 3165/3165/3165 3166/3166/3166
f 3163/3163/3163 3167/3167/3167 3168/3168/3168
f 3193/3193/3193 3192/3192/3192 3190/3190/3190
f 3189/3189/3189 3191/3191/3191 3194/3194/3194
f 3192/3192/3192 3193/3193/3193 3195/3195/3195
f 3190/3190/3190 3192/3192/3192 3191/3191/3191
f 3189/3189/3189 3194/3194/3194 3196/3196/3196
f 3191/3191/3191 3189/3189/3189 3190/3190/3190
f 3197/3197/3197 3199/3199/3199 3204/3204/3204
f 3198/3198/3198 3197/3197/3197 3205/3205/3205
f 3198/3198/3198 3203/3203/3203 3200/3200/3200
f 3203/3203/3203 3198/3198/3198 3202/3202/3202
f 3199/3199/3199 3197/3197/3197 3198/3198/3198
f 3201/3201/3201 3198/3198/3198 3200/3200/3200
f 3198/3198/3198 3201/3201/3201 3199/3199/3199
f 3158/3158/3158 3161/3161/3161 3159/3159/3159
f 3161/3161/3161 3158/3158/3158 3160/3160/3160
f 3153/3153/3153 3159/3159/3159 3154/3154/3154
f 3153/3153/3153 3157/3157/3157 3162/3162/3162
f 3159/3159/3159 3153/3153/3153 3158/3158/3158
f 3155/3155/3155 3153/3153/3153 3154/3154/3154
f 3153/3153/3153 3156/3156/3156 3157/3157/3157
f 3153/3153/3153 3155/3155/3155 3156/3156/3156
f 2754/2754/2754 2752/2752/2752 2753/2753/2753
f 2722/2722/2722 2720/2720/2720 2721/2721/2721
f 2724/2724/2724 2720/2720/2720 2723/2723/2723
f 2720/2720/2720 2724/2724/2724 2721/2721/2721
f 2738/2738/2738 2732/2732/2732 2740/2740/2740
f 2742/2742/2742 2736/2736/2736 2741/2741/2741
f 2726/2726/2726 2725/2725/2725 2720/2720/2720
f 2725/2725/2725 2726/2726/2726 2727/2727/2727
f 2730/2730/2730 2728/2728/2728 2729/2729/2729
f 2731/2731/2731 2728/2728/2728 2725/2725/2725
f 2736/2736/2736 2737/2737/2737 2739/2739/2739
f 2728/2728/2728 2731/2731/2731 2729/2729/2729
f 2744/2744/2744 2736/2736/2736 2743/2743/2743
f 2736/2736/2736 2744/2744/2744 2741/2741/2741
f 2720/2720/2720 2722/2722/2722 2726/2726/2726
f 2737/2737/2737 2732/2732/2732 2738/2738/2738
f 2746/2746/2746 2745/2745/2745 2748/2748/2748
f 2748/2748/2748 2745/2745/2745 2742/2742/2742
f 2751/2751/2751 2749/2749/2749 2750/2750/2750
f 2750/2750/2750 2749/2749/2749 2747/2747/2747
f 2737/2737/2737 2736/2736/2736 2732/2732/2732
f 2732/2732/2732 2735/2735/2735 2733/2733/2733
f 2735/2735/2735 2732/2732/2732 2728/2728/2728
f 2734/2734/2734 2732/2732/2732 2733/2733/2733
f 2747/2747/2747 2745/2745/2745 2746/2746/2746
f 2753/2753/2753 2752/2752/2752 2751/2751/2751
f 2752/2752/2752 2754/2754/2754 2755/2755/2755
f 2749/2749/2749 2751/2751/2751 2752/2752/2752
f 2745/2745/2745 2747/2747/2747 2749/2749/2749
f 2736/2736/2736 2742/2742/2742 2745/2745/2745
f 2736/2736/2736 2739/2739/2739 2743/2743/2743
f 2732/2732/2732 2734/2734/2734 2740/2740/2740
f 2728/2728/2728 2730/2730/2730 2735/2735/2735
f 2725/2725/2725 2727/2727/2727 2731/2731/2731
f 2714/2714/2714 2716/2716/2716 2719/2719/2719
f 2717/2717/2717 2715/2715/2715 2714/2714/2714
f 2715/2715/2715 2717/2717/2717 2718/2718/2718
f 2716/2716/2716 2714/2714/2714 2715/2715/2715
f 2687/2687/2687 2683/2683/2683 2686/2686/2686
f 2683/2683/2683 2680/2680/2680 2685/2685/2685
f 2683/2683/2683 2687/2687/2687 2684/2684/2684
f 2680/2680/2680 2683/2683/2683 2684/2684/2684
f 2682/2682/2682 2680/2680/2680 2681/2681/2681
f 2683/2683/2683 2688/2688/2688 2689/2689/2689
f 2688/2688/2688 2683/2683/2683 2685/2685/2685
f 2680/2680/2680 2682/2682/2682 2685/2685/2685
f 2705/2705/2705 2707/2707/2707 2710/2710/2710
f 2705/2705/2705 2710/2710/2710 2712/2712/2712
f 2705/2705/2705 2712/2712/2712 2711/2711/2711
f 2708/2708/2708 2705/2705/2705 2711/2711/2711
f 2709/2709/2709 2705/2705/2705 2708/2708/2708
f 2705/2705/2705 2709/2709/2709 2713/2713/2713
f 2707/2707/2707 2705/2705/2705 2706/2706/2706
f 1784/1784/1784 1786/1786/1786 1792/1792/1792
f 1784/1784/1784 1791/1791/1791 1790/1790/1790
f 1784/1784/1784 1789/1789/1789 1791/1791/1791
f 1787/1787/1787 1784/1784/1784 1790/1790/1790
f 1789/1789/1789 1784/1784/1784 1788/1788/1788
f 1785/1785/1785 1784/1784/1784 1787/1787/1787
f 1786/1786/1786 1784/1784/1784 1785/1785/1785
f 1935/1935/1935 1937/1937/1937 1946/1946/1946
f 1938/1938/1938 1940/1940/1940 1949/1949/1949
f 1944/1944/1944 1948/1948/1948 1945/1945/1945
f 1948/1948/1948 1947/1947/1947 1950/1950/1950
f 1939/1939/1939 1941/1941/1941 1942/1942/1942
f 1936/1936/1936 1935/1935/1935 1943/1943/1943
f 1937/1937/1937 1935/1935/1935 1936/1936/1936
f 1941/1941/1941 1946/1946/1946 1942/1942/1942
f 1935/1935/1935 1945/1945/1945 1943/1943/1943
f 1945/1945/1945 1935/1935/1935 1944/1944/1944
f 1946/1946/1946 1941/1941/1941 1935/1935/1935
f 1940/1940/1940 1938/1938/1938 1939/1939/1939
f 1941/1941/1941 1939/1939/1939 1938/1938/1938
f 1948/1948/1948 1944/1944/1944 1947/1947/1947
f 1837/1837/1837 1841/1841/1841 1844/1844/1844
f 1844/1844/1844 1846/1846/1846 1848/1848/1848
f 1848/1848/1848 1850/1850/1850 1851/1851/1851
f 1852/1852/1852 1851/1851/1851 1850/1850/1850
f 1837/1837/1837 1838/1838/1838 1842/1842/1842
f 1831/1831/1831 1833/1833/1833 1839/1839/1839
f 1837/1837/1837 1843/1843/1843 1840/1840/1840
f 1843/1843/1843 1837/1837/1837 1842/1842/1842
f 1824/1824/1824 1826/1826/1826 1830/1830/1830
f 1841/1841/1841 1837/1837/1837 1840/1840/1840
f 1835/1835/1835 1831/1831/1831 1839/1839/1839
f 1827/1827/1827 1829/1829/1829 1834/1834/1834
f 1819/1819/1819 1821/1821/1821 1825/1825/1825
f 1837/1837/1837 1836/1836/1836 1838/1838/1838
f 1831/1831/1831 1836/1836/1836 1837/1837/1837
f 1836/1836/1836 1831/1831/1831 1835/1835/1835
f 1831/1831/1831 1834/1834/1834 1832/1832/1832
f 1834/1834/1834 1831/1831/1831 1827/1827/1827
f 1833/1833/1833 1831/1831/1831 1832/1832/1832
f 1827/1827/1827 1830/1830/1830 1828/1828/1828
f 1830/1830/1830 1827/1827/1827 1824/1824/1824
f 1829/1829/1829 1827/1827/1827 1828/1828/1828
f 1853/1853/1853 1851/1851/1851 1852/1852/1852
f 1846/1846/1846 1844/1844/1844 1845/1845/1845
f 1847/1847/1847 1844/1844/1844 1841/1841/1841
f 1844/1844/1844 1847/1847/1847 1845/1845/1845
f 1850/1850/1850 1848/1848/1848 1849/1849/1849
f 1849/1849/1849 1848/1848/1848 1846/1846/1846
f 1824/1824/1824 1825/1825/1825 1826/1826/1826
f 1825/1825/1825 1824/1824/1824 1819/1819/1819
f 1819/1819/1819 1823/1823/1823 1820/1820/1820
f 1823/1823/1823 1819/1819/1819 1822/1822/1822
f 1821/1821/1821 1819/1819/1819 1820/1820/1820
f 1851/1851/1851 1853/1853/1853 1854/1854/1854
f 1861/1861/1861 1859/1859/1859 1863/1863/1863
f 1861/1861/1861 1860/1860/1860 1859/1859/1859
f 1860/1860/1860 1861/1861/1861 1862/1862/1862
f 1855/1855/1855 1859/1859/1859 1860/1860/1860
f 1855/1855/1855 1857/1857/1857 1858/1858/1858
f 1857/1857/1857 1855/1855/1855 1856/1856/1856
f 1855/1855/1855 1858/1858/1858 1859/1859/1859
f 1798/1798/1798 1800/1800/1800 1793/1793/1793
f 1793/1793/1793 1795/1795/1795 1798/1798/1798
f 1794/1794/1794 1797/1797/1797 1795/1795/1795
f 1800/1800/1800 1798/1798/1798 1799/1799/1799
f 1797/1797/1797 1794/1794/1794 1796/1796/1796
f 1795/1795/1795 1793/1793/1793 1794/1794/1794
f 1770/1770/1770 1768/1768/1768 1769/1769/1769
f 1769/1769/1769 1768/1768/1768 1771/1771/1771
f 1773/1773/1773 1768/1768/1768 1772/1772/1772
f 1772/1772/1772 1774/1774/1774 1775/1775/1775
f 1768/1768/1768 1773/1773/1773 1771/1771/1771
f 1774/1774/1774 1768/1768/1768 1776/1776/1776
f 1774/1774/1774 1772/1772/1772 1768/1768/1768
f 1768/1768/1768 1770/1770/1770 1777/1777/1777
f 3445/3445/3445 3450/3450/3450 3446/3446/3446
f 3441/3441/3441 3447/3447/3447 3444/3444/3444
f 3438/3438/3438 3443/3443/3443 3439/3439/3439
f 3429/3429/3429 3434/3434/3434 3430/3430/3430
f 3448/3448/3448 3450/3450/3450 3445/3445/3445
f 3450/3450/3450 3448/3448/3448 3449/3449/3449
f 3427/3427/3427 3431/3431/3431 3428/3428/3428
f 3445/3445/3445 3447/3447/3447 3441/3441/3441
f 3447/3447/3447 3445/3445/3445 3446/3446/3446
f 3441/3441/3441 3443/3443/3443 3438/3438/3438
f 3442/3442/3442 3441/3441/3441 3444/3444/3444
f 3443/3443/3443 3441/3441/3441 3442/3442/3442
f 3438/3438/3438 3436/3436/3436 3435/3435/3435
f 3438/3438/3438 3440/3440/3440 3436/3436/3436
f 3440/3440/3440 3438/3438/3438 3439/3439/3439
f 3432/3432/3432 3437/3437/3437 3433/3433/3433
f 3435/3435/3435 3437/3437/3437 3432/3432/3432
f 3437/3437/3437 3435/3435/3435 3436/3436/3436
f 3432/3432/3432 3434/3434/3434 3429/3429/3429
f 3434/3434/3434 3432/3432/3432 3433/3433/3433
f 3429/3429/3429 3431/3431/3431 3427/3427/3427
f 3431/3431/3431 3429/3429/3429 3430/3430/3430
f 3428/3428/3428 3426/3426/3426 3427/3427/3427
f 3426/3426/3426 3428/3428/3428 3451/3451/3451
f 1909/1909/1909 1911/1911/1911 1913/1913/1913
f 1912/1912/1912 1914/1914/1914 1922/1922/1922
f 1915/1915/1915 1917/1917/1917 1918/1918/1918
f 1920/1920/1920 1916/1916/1916 1912/1912/1912
f 1920/1920/1920 1912/1912/1912 1922/1922/1922
f 1916/1916/1916 1920/1920/1920 1921/1921/1921
f 1915/1915/1915 1918/1918/1918 1919/1919/1919
f 1915/1915/1915 1916/1916/1916 1917/1917/1917
f 1903/1903/1903 1905/1905/1905 1909/1909/1909
f 1916/1916/1916 1915/1915/1915 1912/1912/1912
f 1914/1914/1914 1913/1913/1913 1911/1911/1911
f 1914/1914/1914 1912/1912/1912 1913/1913/1913
f 1910/1910/1910 1909/1909/1909 1905/1905/1905
f 1911/1911/1911 1909/1909/1909 1910/1910/1910
f 1903/1903/1903 1908/1908/1908 1904/1904/1904
f 1903/1903/1903 1907/1907/1907 1908/1908/1908
f 1907/1907/1907 1903/1903/1903 1906/1906/1906
f 1905/1905/1905 1903/1903/1903 1904/1904/1904
f 1871/1871/1871 1868/1868/1868 1867/1867/1867
f 1864/1864/1864 1868/1868/1868 1872/1872/1872
f 1867/1867/1867 1869/1869/1869 1900/1900/1900
f 1864/1864/1864 1866/1866/1866 1870/1870/1870
f 1887/1887/1887 1890/1890/1890 1891/1891/1891
f 1889/1889/1889 1887/1887/1887 1888/1888/1888
f 1873/1873/1873 1875/1875/1875 1895/1895/1895
f 1866/1866/1866 1864/1864/1864 1865/1865/1865
f 1865/1865/1865 1873/1873/1873 1866/1866/1866
f 1877/1877/1877 1871/1871/1871 1867/1867/1867
f 1871/1871/1871 1878/1878/1878 1881/1881/1881
f 1879/1879/1879 1881/1881/1881 1878/1878/1878
f 1882/1882/1882 1881/1881/1881 1880/1880/1880
f 1882/1882/1882 1864/1864/1864 1872/1872/1872
f 1883/1883/1883 1865/1865/1865 1864/1864/1864
f 1865/1865/1865 1884/1884/1884 1876/1876/1876
f 1874/1874/1874 1885/1885/1885 1902/1902/1902
f 1902/1902/1902 1886/1886/1886 1874/1874/1874
f 1874/1874/1874 1887/1887/1887 1875/1875/1875
f 1887/1887/1887 1874/1874/1874 1886/1886/1886
f 1887/1887/1887 1886/1886/1886 1888/1888/1888
f 1887/1887/1887 1889/1889/1889 1892/1892/1892
f 1890/1890/1890 1887/1887/1887 1892/1892/1892
f 1891/1891/1891 1875/1875/1875 1887/1887/1887
f 1873/1873/1873 1885/1885/1885 1874/1874/1874
f 1885/1885/1885 1873/1873/1873 1876/1876/1876
f 1865/1865/1865 1883/1883/1883 1884/1884/1884
f 1875/1875/1875 1894/1894/1894 1895/1895/1895
f 1894/1894/1894 1896/1896/1896 1895/1895/1895
f 1873/1873/1873 1896/1896/1896 1866/1866/1866
f 1866/1866/1866 1897/1897/1897 1870/1870/1870
f 1870/1870/1870 1898/1898/1898 1869/1869/1869
f 1869/1869/1869 1899/1899/1899 1900/1900/1900
f 1899/1899/1899 1901/1901/1901 1900/1900/1900
f 1867/1867/1867 1901/1901/1901 1877/1877/1877
f 1890/1890/1890 1892/1892/1892 1893/1893/1893
f 1901/1901/1901 1867/1867/1867 1900/1900/1900
f 1899/1899/1899 1869/1869/1869 1898/1898/1898
f 1875/1875/1875 1891/1891/1891 1894/1894/1894
f 1896/1896/1896 1873/1873/1873 1895/1895/1895
f 1897/1897/1897 1866/1866/1866 1896/1896/1896
f 1884/1884/1884 1885/1885/1885 1876/1876/1876
f 1864/1864/1864 1882/1882/1882 1883/1883/1883
f 1881/1881/1881 1872/1872/1872 1871/1871/1871
f 1872/1872/1872 1881/1881/1881 1882/1882/1882
f 1881/1881/1881 1879/1879/1879 1880/1880/1880
f 1871/1871/1871 1877/1877/1877 1878/1878/1878
f 1873/1873/1873 1865/1865/1865 1876/1876/1876
f 1875/1875/1875 1873/1873/1873 1874/1874/1874
f 1868/1868/1868 1871/1871/1871 1872/1872/1872
f 1868/1868/1868 1870/1870/1870 1869/1869/1869
f 1868/1868/1868 1864/1864/1864 1870/1870/1870
f 1869/1869/1869 1867/1867/1867 1868/1868/1868
f 1898/1898/1898 1870/1870/1870 1897/1897/1897
f 3507/3507/3507 3505/3505/3505 3506/3506/3506
f 3505/3505/3505 3501/3501/3501 3508/3508/3508
f 3509/3509/3509 3501/3501/3501 3504/3504/3504
f 3501/3501/3501 3509/3509/3509 3508/3508/3508
f 3507/3507/3507 3510/3510/3510 3511/3511/3511
f 3511/3511/3511 3510/3510/3510 3512/3512/3512
f 3510/3510/3510 3507/3507/3507 3506/3506/3506
f 3501/3501/3501 3500/3500/3500 3504/3504/3504
f 3497/3497/3497 3496/3496/3496 3519/3519/3519
f 3500/3500/3500 3498/3498/3498 3503/3503/3503
f 3494/3494/3494 3499/3499/3499 3518/3518/3518
f 3515/3515/3515 3513/3513/3513 3514/3514/3514
f 3503/3503/3503 3498/3498/3498 3502/3502/3502
f 3498/3498/3498 3500/3500/3500 3501/3501/3501
f 3494/3494/3494 3498/3498/3498 3499/3499/3499
f 3498/3498/3498 3494/3494/3494 3497/3497/3497
f 3494/3494/3494 3496/3496/3496 3497/3497/3497
f 3513/3513/3513 3515/3515/3515 3510/3510/3510
f 3515/3515/3515 3514/3514/3514 3516/3516/3516
f 3505/3505/3505 3507/3507/3507 3501/3501/3501
f 3496/3496/3496 3494/3494/3494 3495/3495/3495
f 3513/3513/3513 3510/3510/3510 3506/3506/3506
f 3510/3510/3510 3515/3515/3515 3517/3517/3517
f 3502/3502/3502 3498/3498/3498 3497/3497/3497
f 2565/2565/2565 2567/2567/2567 2568/2568/2568
f 2567/2567/2567 2565/2565/2565 2566/2566/2566
f 3671/3671/3671 3672/3672/3672 3674/3674/3674
f 3669/3669/3669 3670/3670/3670 3672/3672/3672
f 3667/3667/3667 3668/3668/3668 3670/3670/3670
f 3665/3665/3665 3666/3666/3666 3668/3668/3668
f 3663/3663/3663 3664/3664/3664 3666/3666/3666
f 3661/3661/3661 3662/3662/3662 3664/3664/3664
f 3658/3658/3658 3660/3660/3660 3662/3662/3662
f 3678/3678/3678 3677/3677/3677 3675/3675/3675
f 3677/3677/3677 3678/3678/3678 3680/3680/3680
f 3679/3679/3679 3680/3680/3680 3682/3682/3682
f 3673/3673/3673 3674/3674/3674 3676/3676/3676
f 3683/3683/3683 3684/3684/3684 3686/3686/3686
f 3685/3685/3685 3686/3686/3686 3688/3688/3688
f 3689/3689/3689 3690/3690/3690 3692/3692/3692
f 3691/3691/3691 3692/3692/3692 3693/3693/3693
f 3692/3692/3692 3691/3691/3691 3689/3689/3689
f 3690/3690/3690 3689/3689/3689 3687/3687/3687
f 3688/3688/3688 3687/3687/3687 3685/3685/3685
f 3686/3686/3686 3685/3685/3685 3683/3683/3683
f 3684/3684/3684 3683/3683/3683 3681/3681/3681
f 3682/3682/3682 3681/3681/3681 3679/3679/3679
f 3675/3675/3675 3676/3676/3676 3678/3678/3678
f 3681/3681/3681 3682/3682/3682 3684/3684/3684
f 3676/3676/3676 3675/3675/3675 3673/3673/3673
f 3674/3674/3674 3673/3673/3673 3671/3671/3671
f 3672/3672/3672 3671/3671/3671 3669/3669/3669
f 3687/3687/3687 3688/3688/3688 3690/3690/3690
f 3670/3670/3670 3669/3669/3669 3667/3667/3667
f 3680/3680/3680 3679/3679/3679 3677/3677/3677
f 3668/3668/3668 3667/3667/3667 3665/3665/3665
f 3666/3666/3666 3665/3665/3665 3663/3663/3663
f 3664/3664/3664 3663/3663/3663 3661/3661/3661
f 3662/3662/3662 3661/3661/3661 3658/3658/3658
f 3660/3660/3660 3658/3658/3658 3659/3659/3659
f 3532/3532/3532 3529/3529/3529 3531/3531/3531
f 3530/3530/3530 3528/3528/3528 3529/3529/3529
f 3536/3536/3536 3533/3533/3533 3535/3535/3535
f 3538/3538/3538 3535/3535/3535 3537/3537/3537
f 3540/3540/3540 3537/3537/3537 3539/3539/3539
f 3537/3537/3537 3540/3540/3540 3538/3538/3538
f 3535/3535/3535 3538/3538/3538 3536/3536/3536
f 3528/3528/3528 3530/3530/3530 3541/3541/3541
f 3533/3533/3533 3536/3536/3536 3534/3534/3534
f 3531/3531/3531 3534/3534/3534 3532/3532/3532
f 3534/3534/3534 3531/3531/3531 3533/3533/3533
f 3529/3529/3529 3532/3532/3532 3530/3530/3530
f 3520/3520/3520 3522/3522/3522 3523/3523/3523
f 3522/3522/3522 3520/3520/3520 3521/3521/3521
f 3524/3524/3524 3526/3526/3526 3527/3527/3527
f 3526/3526/3526 3524/3524/3524 3525/3525/3525
f 538/538/538 541/541/541 539/539/539
f 507/507/507 508/508/508 528/528/528
f 537/537/537 536/536/536 542/542/542
f 542/542/542 541/541/541 540/540/540
f 541/541/541 538/538/538 540/540/540
f 539/539/539 534/534/534 538/538/538
f 519/519/519 533/533/533 520/520/520
f 525/525/525 524/524/524 523/523/523
f 534/534/534 539/539/539 535/535/535
f 509/509/509 487/487/487 476/476/476
f 541/541/541 542/542/542 536/536/536
f 469/469/469 471/471/471 472/472/472
f 528/528/528 527/527/527 526/526/526
f 514/514/514 501/501/501 500/500/500
f 518/518/518 520/520/520 530/530/530
f 462/462/462 460/460/460 461/461/461
f 474/474/474 473/473/473 462/462/462
f 460/460/460 462/462/462 473/473/473
f 477/477/477 475/475/475 476/476/476
f 480/480/480 478/478/478 479/479/479
f 466/466/466 465/465/465 464/464/464
f 467/467/467 481/481/481 470/470/470
f 471/471/471 469/469/469 468/468/468
f 472/472/472 482/482/482 483/483/483
f 461/461/461 460/460/460 484/484/484
f 486/486/486 484/484/484 485/485/485
f 465/465/465 463/463/463 464/464/464
f 477/477/477 476/476/476 487/487/487
f 478/478/478 475/475/475 488/488/488
f 481/481/481 467/467/467 466/466/466
f 482/482/482 472/472/472 471/471/471
f 491/491/491 489/489/489 490/490/490
f 484/484/484 486/486/486 461/461/461
f 493/493/493 485/485/485 492/492/492
f 537/537/537 509/509/509 536/536/536
f 532/532/532 535/535/535 533/533/533
f 529/529/529 517/517/517 516/516/516
f 526/526/526 512/512/512 531/531/531
f 505/505/505 522/522/522 506/506/506
f 535/535/535 532/532/532 534/534/534
f 533/533/533 519/519/519 532/532/532
f 495/495/495 492/492/492 494/494/494
f 497/497/497 494/494/494 496/496/496
f 499/499/499 496/496/496 498/498/498
f 499/499/499 500/500/500 501/501/501
f 478/478/478 480/480/480 475/475/475
f 502/502/502 479/479/479 463/463/463
f 465/465/465 466/466/466 467/467/467
f 509/509/509 537/537/537 510/510/510
f 512/512/512 511/511/511 531/531/531
f 468/468/468 470/470/470 481/481/481
f 489/489/489 483/483/483 482/482/482
f 504/504/504 490/490/490 503/503/503
f 506/506/506 503/503/503 505/505/505
f 508/508/508 507/507/507 474/474/474
f 485/485/485 493/493/493 486/486/486
f 521/521/521 524/524/524 522/522/522
f 463/463/463 465/465/465 502/502/502
f 518/518/518 530/530/530 529/529/529
f 517/517/517 529/529/529 530/530/530
f 516/516/516 515/515/515 514/514/514
f 492/492/492 495/495/495 493/493/493
f 527/527/527 528/528/528 508/508/508
f 512/512/512 526/526/526 527/527/527
f 511/511/511 513/513/513 525/525/525
f 524/524/524 525/525/525 513/513/513
f 524/524/524 521/521/521 523/523/523
f 522/522/522 505/505/505 521/521/521
f 490/490/490 504/504/504 491/491/491
f 475/475/475 477/477/477 488/488/488
f 520/520/520 518/518/518 519/519/519
f 515/515/515 516/516/516 517/517/517
f 501/501/501 514/514/514 515/515/515
f 496/496/496 499/499/499 497/497/497
f 473/473/473 474/474/474 507/507/507
f 513/513/513 511/511/511 512/512/512
f 503/503/503 506/506/506 504/504/504
f 489/489/489 491/491/491 483/483/483
f 479/479/479 502/502/502 480/480/480
f 487/487/487 509/509/509 510/510/510
f 500/500/500 499/499/499 498/498/498
f 494/494/494 497/497/497 495/495/495
f 470/470/470 468/468/468 469/469/469
f 563/563/563 562/562/562 561/561/561
f 561/561/561 560/560/560 559/559/559
f 559/559/559 558/558/558 557/557/557
f 557/557/557 556/556/556 555/555/555
f 555/555/555 554/554/554 553/553/553
f 553/553/553 552/552/552 551/551/551
f 551/551/551 550/550/550 549/549/549
f 549/549/549 548/548/548 547/547/547
f 547/547/547 546/546/546 545/545/545
f 545/545/545 543/543/543 544/544/544
f 565/565/565 564/564/564 563/563/563
f 567/567/567 566/566/566 565/565/565
f 569/569/569 568/568/568 567/567/567
f 571/571/571 570/570/570 569/569/569
f 573/573/573 572/572/572 571/571/571
f 575/575/575 574/574/574 573/573/573
f 577/577/577 576/576/576 575/575/575
f 579/579/579 578/578/578 577/577/577
f 581/581/581 580/580/580 579/579/579
f 580/580/580 581/581/581 582/582/582
f 578/578/578 579/579/579 580/580/580
f 576/576/576 577/577/577 578/578/578
f 574/574/574 575/575/575 576/576/576
f 572/572/572 573/573/573 574/574/574
f 570/570/570 571/571/571 572/572/572
f 568/568/568 569/569/569 570/570/570
f 566/566/566 567/567/567 568/568/568
f 564/564/564 565/565/565 566/566/566
f 562/562/562 563/563/563 564/564/564
f 560/560/560 561/561/561 562/562/562
f 558/558/558 559/559/559 560/560/560
f 556/556/556 557/557/557 558/558/558
f 554/554/554 555/555/555 556/556/556
f 552/552/552 553/553/553 554/554/554
f 550/550/550 551/551/551 552/552/552
f 548/548/548 549/549/549 550/550/550
f 546/546/546 547/547/547 548/548/548
f 543/543/543 545/545/545 546/546/546
f 3487/3487/3487 3478/3478/3478 3491/3491/3491
f 3481/3481/3481 3492/3492/3492 3493/3493/3493
f 3484/3484/3484 3486/3486/3486 3478/3478/3478
f 3481/3481/3481 3483/3483/3483 3492/3492/3492
f 3493/3493/3493 3492/3492/3492 3491/3491/3491
f 3491/3491/3491 3478/3478/3478 3493/3493/3493
f 3479/3479/3479 3478/3478/3478 3487/3487/3487
f 3480/3480/3480 3478/3478/3478 3479/3479/3479
f 3483/3483/3483 3481/3481/3481 3482/3482/3482
f 3482/3482/3482 3481/3481/3481 3488/3488/3488
f 3490/3490/3490 3481/3481/3481 3489/3489/3489
f 3486/3486/3486 3484/3484/3484 3485/3485/3485
f 3478/3478/3478 3480/3480/3480 3484/3484/3484
f 3481/3481/3481 3490/3490/3490 3488/3488/3488
f 3544/3544/3544 3542/3542/3542 3543/3543/3543
f 3546/3546/3546 3542/3542/3542 3545/3545/3545
f 3542/3542/3542 3544/3544/3544 3547/3547/3547
f 3542/3542/3542 3546/3546/3546 3548/3548/3548
f 3543/3543/3543 3542/3542/3542 3549/3549/3549
f 3542/3542/3542 3548/3548/3548 3550/3550/3550
f 3542/3542/3542 3550/3550/3550 3551/3551/3551
f 3542/3542/3542 3547/3547/3547 3545/3545/3545
f 3554/3554/3554 3552/3552/3552 3553/3553/3553
f 3552/3552/3552 3554/3554/3554 3555/3555/3555
f 3558/3558/3558 3556/3556/3556 3557/3557/3557
f 3556/3556/3556 3558/3558/3558 3559/3559/3559
f 3571/3571/3571 3572/3572/3572 3573/3573/3573
f 3570/3570/3570 3569/3569/3569 3567/3567/3567
f 3569/3569/3569 3570/3570/3570 3572/3572/3572
f 3562/3562/3562 3560/3560/3560 3561/3561/3561
f 3564/3564/3564 3563/3563/3563 3560/3560/3560
f 3566/3566/3566 3565/3565/3565 3563/3563/3563
f 3568/3568/3568 3567/3567/3567 3565/3565/3565
f 3560/3560/3560 3562/3562/3562 3564/3564/3564
f 3563/3563/3563 3564/3564/3564 3566/3566/3566
f 3565/3565/3565 3566/3566/3566 3568/3568/3568
f 3567/3567/3567 3568/3568/3568 3570/3570/3570
f 3572/3572/3572 3571/3571/3571 3569/3569/3569
f 2897/2897/2897 2894/2894/2894 2896/2896/2896
f 2895/2895/2895 2893/2893/2893 2894/2894/2894
f 2900/2900/2900 2913/2913/2913 2911/2911/2911
f 2903/2903/2903 2915/2915/2915 2906/2906/2906
f 2893/2893/2893 2909/2909/2909 2916/2916/2916
f 2919/2919/2919 2918/2918/2918 2903/2903/2903
f 2894/2894/2894 2898/2898/2898 2896/2896/2896
f 2920/2920/2920 2903/2903/2903 2918/2918/2918
f 2902/2902/2902 2900/2900/2900 2901/2901/2901
f 2898/2898/2898 2894/2894/2894 2893/2893/2893
f 2917/2917/2917 2893/2893/2893 2916/2916/2916
f 2909/2909/2909 2893/2893/2893 2908/2908/2908
f 2894/2894/2894 2897/2897/2897 2910/2910/2910
f 2912/2912/2912 2900/2900/2900 2911/2911/2911
f 2918/2918/2918 2919/2919/2919 2893/2893/2893
f 2903/2903/2903 2920/2920/2920 2914/2914/2914
f 2907/2907/2907 2903/2903/2903 2906/2906/2906
f 2900/2900/2900 2912/2912/2912 2903/2903/2903
f 2893/2893/2893 2917/2917/2917 2918/2918/2918
f 2893/2893/2893 2899/2899/2899 2908/2908/2908
f 2893/2893/2893 2895/2895/2895 2899/2899/2899
f 2900/2900/2900 2902/2902/2902 2913/2913/2913
f 2903/2903/2903 2907/2907/2907 2904/2904/2904
f 2903/2903/2903 2905/2905/2905 2900/2900/2900
f 2915/2915/2915 2903/2903/2903 2914/2914/2914
f 2905/2905/2905 2903/2903/2903 2904/2904/2904
f 629/629/629 631/631/631 632/632/632
f 632/632/632 633/633/633 634/634/634
f 656/656/656 646/646/646 645/645/645
f 659/659/659 675/675/675 676/676/676
f 676/676/676 677/677/677 678/678/678
f 681/681/681 679/679/679 680/680/680
f 680/680/680 682/682/682 683/683/683
f 686/686/686 684/684/684 685/685/685
f 687/687/687 685/685/685 623/623/623
f 660/660/660 650/650/650 649/649/649
f 664/664/664 666/666/666 670/670/670
f 668/668/668 688/688/688 689/689/689
f 689/689/689 690/690/690 691/691/691
f 672/672/672 674/674/674 673/673/673
f 634/634/634 635/635/635 636/636/636
f 677/677/677 676/676/676 675/675/675
f 678/678/678 692/692/692 693/693/693
f 682/682/682 680/680/680 679/679/679
f 683/683/683 684/684/684 694/694/694
f 685/685/685 687/687/687 686/686/686
f 670/670/670 663/663/663 662/662/662
f 690/690/690 689/689/689 688/688/688
f 691/691/691 671/671/671 695/695/695
f 651/651/651 653/653/653 674/674/674
f 692/692/692 678/678/678 677/677/677
f 684/684/684 683/683/683 682/682/682
f 623/623/623 625/625/625 687/687/687
f 671/671/671 691/691/691 690/690/690
f 675/675/675 659/659/659 658/658/658
f 684/684/684 686/686/686 694/694/694
f 671/671/671 673/673/673 695/695/695
f 688/688/688 668/668/668 667/667/667
f 693/693/693 696/696/696 697/697/697
f 681/681/681 696/696/696 698/698/698
f 630/630/630 628/628/628 629/629/629
f 679/679/679 681/681/681 698/698/698
f 696/696/696 681/681/681 697/697/697
f 624/624/624 627/627/627 625/625/625
f 630/630/630 626/626/626 637/637/637
f 631/631/631 629/629/629 628/628/628
f 635/635/635 634/634/634 633/633/633
f 640/640/640 638/638/638 639/639/639
f 639/639/639 641/641/641 642/642/642
f 642/642/642 643/643/643 644/644/644
f 644/644/644 645/645/645 646/646/646
f 626/626/626 630/630/630 627/627/627
f 633/633/633 632/632/632 631/631/631
f 636/636/636 647/647/647 648/648/648
f 648/648/648 649/649/649 650/650/650
f 653/653/653 651/651/651 652/652/652
f 655/655/655 652/652/652 654/654/654
f 641/641/641 639/639/639 638/638/638
f 645/645/645 644/644/644 643/643/643
f 646/646/646 656/656/656 657/657/657
f 657/657/657 658/658/658 659/659/659
f 628/628/628 630/630/630 637/637/637
f 649/649/649 648/648/648 647/647/647
f 650/650/650 660/660/660 661/661/661
f 661/661/661 662/662/662 663/663/663
f 666/666/666 664/664/664 665/665/665
f 668/668/668 664/664/664 667/667/667
f 652/652/652 655/655/655 653/653/653
f 640/640/640 654/654/654 669/669/669
f 643/643/643 642/642/642 641/641/641
f 658/658/658 657/657/657 656/656/656
f 647/647/647 636/636/636 635/635/635
f 662/662/662 661/661/661 660/660/660
f 663/663/663 670/670/670 666/666/666
f 664/664/664 668/668/668 665/665/665
f 627/627/627 624/624/624 626/626/626
f 673/673/673 671/671/671 672/672/672
f 696/696/696 693/693/693 692/692/692
f 625/625/625 623/623/623 624/624/624
f 674/674/674 672/672/672 651/651/651
f 638/638/638 640/640/640 669/669/669
f 654/654/654 640/640/640 655/655/655
f 704/704/704 705/705/705 706/706/706
f 706/706/706 707/707/707 708/708/708
f 708/708/708 709/709/709 710/710/710
f 702/702/702 703/703/703 704/704/704
f 712/712/712 713/713/713 714/714/714
f 714/714/714 715/715/715 716/716/716
f 716/716/716 717/717/717 718/718/718
f 718/718/718 719/719/719 720/720/720
f 699/699/699 701/701/701 702/702/702
f 720/720/720 721/721/721 722/722/722
f 722/722/722 723/723/723 724/724/724
f 724/724/724 725/725/725 726/726/726
f 710/710/710 711/711/711 712/712/712
f 728/728/728 729/729/729 730/730/730
f 730/730/730 731/731/731 732/732/732
f 732/732/732 733/733/733 734/734/734
f 734/734/734 735/735/735 736/736/736
f 736/736/736 737/737/737 738/738/738
f 737/737/737 736/736/736 735/735/735
f 735/735/735 734/734/734 733/733/733
f 733/733/733 732/732/732 731/731/731
f 731/731/731 730/730/730 729/729/729
f 729/729/729 728/728/728 727/727/727
f 701/701/701 699/699/699 700/700/700
f 703/703/703 702/702/702 701/701/701
f 705/705/705 704/704/704 703/703/703
f 707/707/707 706/706/706 705/705/705
f 709/709/709 708/708/708 707/707/707
f 711/711/711 710/710/710 709/709/709
f 713/713/713 712/712/712 711/711/711
f 715/715/715 714/714/714 713/713/713
f 717/717/717 716/716/716 715/715/715
f 719/719/719 718/718/718 717/717/717
f 721/721/721 720/720/720 719/719/719
f 723/723/723 722/722/722 721/721/721
f 725/725/725 724/724/724 723/723/723
f 726/726/726 727/727/727 728/728/728
f 727/727/727 726/726/726 725/725/725
f 815/815/815 813/813/813 814/814/814
f 788/788/788 790/790/790 797/797/797
f 805/805/805 800/800/800 809/809/809
f 810/810/810 809/809/809 800/800/800
f 803/803/803 797/797/797 807/807/807
f 807/807/807 808/808/808 812/812/812
f 800/800/800 806/806/806 801/801/801
f 811/811/811 809/809/809 810/810/810
f 797/797/797 804/804/804 798/798/798
f 808/808/808 807/807/807 797/797/797
f 806/806/806 800/800/800 805/805/805
f 800/800/800 802/802/802 795/795/795
f 795/795/795 796/796/796 800/800/800
f 797/797/797 799/799/799 788/788/788
f 802/802/802 800/800/800 801/801/801
f 782/782/782 784/784/784 785/785/785
f 799/799/799 797/797/797 798/798/798
f 779/779/779 781/781/781 791/791/791
f 785/785/785 787/787/787 782/782/782
f 796/796/796 795/795/795 785/785/785
f 779/779/779 791/791/791 788/788/788
f 816/816/816 814/814/814 813/813/813
f 813/813/813 815/815/815 807/807/807
f 814/814/814 816/816/816 809/809/809
f 809/809/809 811/811/811 814/814/814
f 807/807/807 812/812/812 813/813/813
f 781/781/781 779/779/779 780/780/780
f 788/788/788 792/792/792 789/789/789
f 786/786/786 785/785/785 795/795/795
f 783/783/783 782/782/782 794/794/794
f 780/780/780 779/779/779 793/793/793
f 784/784/784 782/782/782 783/783/783
f 792/792/792 788/788/788 791/791/791
f 790/790/790 788/788/788 789/789/789
f 787/787/787 785/785/785 786/786/786
f 804/804/804 797/797/797 803/803/803
f 3730/3730/3730 3739/3739/3739 3762/3762/3762
f 3749/3749/3749 3755/3755/3755 3752/3752/3752
f 3730/3730/3730 3758/3758/3758 3749/3749/3749
f 3734/3734/3734 3736/3736/3736 3748/3748/3748
f 3751/3751/3751 3749/3749/3749 3750/3750/3750
f 3749/3749/3749 3763/3763/3763 3756/3756/3756
f 3749/3749/3749 3751/3751/3751 3735/3735/3735
f 3742/3742/3742 3744/3744/3744 3740/3740/3740
f 3730/3730/3730 3761/3761/3761 3758/3758/3758
f 3735/3735/3735 3747/3747/3747 3749/3749/3749
f 3732/3732/3732 3730/3730/3730 3731/3731/3731
f 3731/3731/3731 3730/3730/3730 3733/3733/3733
f 3753/3753/3753 3749/3749/3749 3752/3752/3752
f 3755/3755/3755 3749/3749/3749 3754/3754/3754
f 3757/3757/3757 3749/3749/3749 3756/3756/3756
f 3759/3759/3759 3749/3749/3749 3758/3758/3758
f 3736/3736/3736 3734/3734/3734 3735/3735/3735
f 3730/3730/3730 3732/3732/3732 3737/3737/3737
f 3730/3730/3730 3737/3737/3737 3760/3760/3760
f 3749/3749/3749 3759/3759/3759 3763/3763/3763
f 3749/3749/3749 3757/3757/3757 3754/3754/3754
f 3761/3761/3761 3730/3730/3730 3760/3760/3760
f 3733/3733/3733 3730/3730/3730 3762/3762/3762
f 3730/3730/3730 3741/3741/3741 3738/3738/3738
f 3740/3740/3740 3745/3745/3745 3742/3742/3742
f 3735/3735/3735 3734/3734/3734 3746/3746/3746
f 3745/3745/3745 3740/3740/3740 3730/3730/3730
f 3744/3744/3744 3742/3742/3742 3743/3743/3743
f 3749/3749/3749 3753/3753/3753 3750/3750/3750
f 3741/3741/3741 3730/3730/3730 3740/3740/3740
f 3739/3739/3739 3730/3730/3730 3738/3738/3738
f 3747/3747/3747 3735/3735/3735 3746/3746/3746
f 2979/2979/2979 2981/2981/2981 2988/2988/2988
f 2982/2982/2982 2980/2980/2980 2990/2990/2990
f 2982/2982/2982 2983/2983/2983 2984/2984/2984
f 2983/2983/2983 2982/2982/2982 2990/2990/2990
f 2985/2985/2985 2987/2987/2987 2989/2989/2989
f 2988/2988/2988 2989/2989/2989 2979/2979/2979
f 2981/2981/2981 2979/2979/2979 2980/2980/2980
f 2980/2980/2980 2982/2982/2982 2981/2981/2981
f 2989/2989/2989 2988/2988/2988 2985/2985/2985
f 2987/2987/2987 2985/2985/2985 2986/2986/2986
f 3005/3005/3005 3003/3003/3003 3004/3004/3004
f 3007/3007/3007 3005/3005/3005 3006/3006/3006
f 3007/3007/3007 3006/3006/3006 3008/3008/3008
f 3009/3009/3009 3008/3008/3008 3006/3006/3006
f 3008/3008/3008 3009/3009/3009 3010/3010/3010
f 3012/3012/3012 3006/3006/3006 3011/3011/3011
f 3003/3003/3003 3005/3005/3005 3054/3054/3054
f 3005/3005/3005 3007/3007/3007 3054/3054/3054
f 3053/3053/3053 3012/3012/3012 3011/3011/3011
f 3008/3008/3008 3010/3010/3010 3052/3052/3052
f 3013/3013/3013 3014/3014/3014 3017/3017/3017
f 3019/3019/3019 3018/3018/3018 3020/3020/3020
f 3022/3022/3022 3021/3021/3021 3025/3025/3025
f 3023/3023/3023 3024/3024/3024 3029/3029/3029
f 3023/3023/3023 3027/3027/3027 3030/3030/3030
f 3030/3030/3030 3032/3032/3032 3034/3034/3034
f 3034/3034/3034 3036/3036/3036 3038/3038/3038
f 3038/3038/3038 3040/3040/3040 3043/3043/3043
f 3042/3042/3042 3045/3045/3045 3048/3048/3048
f 3046/3046/3046 3047/3047/3047 3051/3051/3051
f 3049/3049/3049 3046/3046/3046 3051/3051/3051
f 3046/3046/3046 3049/3049/3049 3050/3050/3050
f 3006/3006/3006 3012/3012/3012 3009/3009/3009
f 3014/3014/3014 3013/3013/3013 3004/3004/3004
f 3014/3014/3014 3003/3003/3003 3015/3015/3015
f 3015/3015/3015 3003/3003/3003 3016/3016/3016
f 3003/3003/3003 3014/3014/3014 3004/3004/3004
f 3018/3018/3018 3013/3013/3013 3017/3017/3017
f 3013/3013/3013 3018/3018/3018 3019/3019/3019
f 3021/3021/3021 3019/3019/3019 3020/3020/3020
f 3019/3019/3019 3021/3021/3021 3022/3022/3022
f 3024/3024/3024 3023/3023/3023 3022/3022/3022
f 3024/3024/3024 3022/3022/3022 3025/3025/3025
f 3027/3027/3027 3023/3023/3023 3026/3026/3026
f 3026/3026/3026 3023/3023/3023 3028/3028/3028
f 3028/3028/3028 3023/3023/3023 3029/3029/3029
f 3032/3032/3032 3030/3030/3030 3031/3031/3031
f 3033/3033/3033 3030/3030/3030 3027/3027/3027
f 3030/3030/3030 3033/3033/3033 3031/3031/3031
f 3036/3036/3036 3034/3034/3034 3035/3035/3035
f 3037/3037/3037 3034/3034/3034 3032/3032/3032
f 3034/3034/3034 3037/3037/3037 3035/3035/3035
f 3040/3040/3040 3038/3038/3038 3039/3039/3039
f 3041/3041/3041 3038/3038/3038 3036/3036/3036
f 3038/3038/3038 3041/3041/3041 3039/3039/3039
f 3044/3044/3044 3042/3042/3042 3043/3043/3043
f 3042/3042/3042 3044/3044/3044 3045/3045/3045
f 3044/3044/3044 3043/3043/3043 3040/3040/3040
f 3047/3047/3047 3046/3046/3046 3042/3042/3042
f 3047/3047/3047 3042/3042/3042 3048/3048/3048
f 1929/1929/1929 1931/1931/1931 1934/1934/1934
f 1933/1933/1933 1930/1930/1930 1932/1932/1932
f 1931/1931/1931 1929/1929/1929 1930/1930/1930
f 1930/1930/1930 1933/1933/1933 1931/1931/1931
f 2416/2416/2416 2418/2418/2418 2423/2423/2423
f 2416/2416/2416 2422/2422/2422 2419/2419/2419
f 2422/2422/2422 2416/2416/2416 2421/2421/2421
f 2416/2416/2416 2420/2420/2420 2417/2417/2417
f 2420/2420/2420 2416/2416/2416 2419/2419/2419
f 2418/2418/2418 2416/2416/2416 2417/2417/2417
f 2203/2203/2203 2207/2207/2207 2204/2204/2204
f 2207/2207/2207 2203/2203/2203 2206/2206/2206
f 2205/2205/2205 2203/2203/2203 2204/2204/2204
f 2203/2203/2203 2205/2205/2205 2208/2208/2208
f 2001/2001/2001 2003/2003/2003 2004/2004/2004
f 2003/2003/2003 2001/2001/2001 2002/2002/2002
f 2005/2005/2005 2007/2007/2007 2008/2008/2008
f 2007/2007/2007 2005/2005/2005 2006/2006/2006
f 2020/2020/2020 2031/2031/2031 2032/2032/2032
f 2029/2029/2029 2031/2031/2031 2020/2020/2020
f 2031/2031/2031 2029/2029/2029 2030/2030/2030
f 2026/2026/2026 2024/2024/2024 2023/2023/2023
f 2026/2026/2026 2025/2025/2025 2024/2024/2024
f 2027/2027/2027 2025/2025/2025 2026/2026/2026
f 2021/2021/2021 2023/2023/2023 2024/2024/2024
f 2022/2022/2022 2021/2021/2021 2018/2018/2018
f 2023/2023/2023 2021/2021/2021 2022/2022/2022
f 2020/2020/2020 2018/2018/2018 2019/2019/2019
f 2025/2025/2025 2027/2027/2027 2028/2028/2028
f 2018/2018/2018 2020/2020/2020 2032/2032/2032
f 2018/2018/2018 2021/2021/2021 2019/2019/2019
f 2211/2211/2211 2209/2209/2209 2210/2210/2210
f 2210/2210/2210 2209/2209/2209 2212/2212/2212
f 2209/2209/2209 2211/2211/2211 2213/2213/2213
f 2991/2991/2991 2993/2993/2993 2994/2994/2994
f 2997/2997/2997 2995/2995/2995 2996/2996/2996
f 2995/2995/2995 2997/2997/2997 2998/2998/2998
f 2991/2991/2991 2994/2994/2994 2995/2995/2995
f 2995/2995/2995 2994/2994/2994 2996/2996/2996
f 2993/2993/2993 2991/2991/2991 2992/2992/2992
f 2398/2398/2398 2396/2396/2396 2397/2397/2397
f 2393/2393/2393 2395/2395/2395 2399/2399/2399
f 2393/2393/2393 2399/2399/2399 2396/2396/2396
f 2394/2394/2394 2393/2393/2393 2400/2400/2400
f 2400/2400/2400 2393/2393/2393 2401/2401/2401
f 2396/2396/2396 2398/2398/2398 2393/2393/2393
f 2393/2393/2393 2398/2398/2398 2402/2402/2402
f 2395/2395/2395 2393/2393/2393 2394/2394/2394
f 2386/2386/2386 2384/2384/2384 2385/2385/2385
f 2384/2384/2384 2386/2386/2386 2388/2388/2388
f 2385/2385/2385 2384/2384/2384 2387/2387/2387
f 2405/2405/2405 2403/2403/2403 2404/2404/2404
f 2406/2406/2406 2404/2404/2404 2409/2409/2409
f 2403/2403/2403 2405/2405/2405 2408/2408/2408
f 2404/2404/2404 2406/2406/2406 2405/2405/2405
f 2408/2408/2408 2405/2405/2405 2407/2407/2407
f 2216/2216/2216 2214/2214/2214 2215/2215/2215
f 2217/2217/2217 2218/2218/2218 2219/2219/2219
f 2219/2219/2219 2218/2218/2218 2220/2220/2220
f 2214/2214/2214 2216/2216/2216 2217/2217/2217
f 2218/2218/2218 2217/2217/2217 2216/2216/2216
f 2012/2012/2012 2011/2011/2011 2013/2013/2013
f 2011/2011/2011 2009/2009/2009 2010/2010/2010
f 2010/2010/2010 2009/2009/2009 2015/2015/2015
f 2017/2017/2017 2009/2009/2009 2016/2016/2016
f 2009/2009/2009 2017/2017/2017 2015/2015/2015
f 2013/2013/2013 2011/2011/2011 2014/2014/2014
f 2009/2009/2009 2011/2011/2011 2012/2012/2012
f 2812/2812/2812 2814/2814/2814 2818/2818/2818
f 2789/2789/2789 2803/2803/2803 2782/2782/2782
f 2806/2806/2806 2808/2808/2808 2819/2819/2819
f 2818/2818/2818 2808/2808/2808 2812/2812/2812
f 2758/2758/2758 2756/2756/2756 2757/2757/2757
f 2761/2761/2761 2759/2759/2759 2760/2760/2760
f 2764/2764/2764 2762/2762/2762 2763/2763/2763
f 2767/2767/2767 2765/2765/2765 2766/2766/2766
f 2756/2756/2756 2766/2766/2766 2765/2765/2765
f 2770/2770/2770 2768/2768/2768 2769/2769/2769
f 2773/2773/2773 2774/2774/2774 2761/2761/2761
f 2759/2759/2759 2761/2761/2761 2774/2774/2774
f 2762/2762/2762 2760/2760/2760 2775/2775/2775
f 2777/2777/2777 2776/2776/2776 2767/2767/2767
f 2757/2757/2757 2810/2810/2810 2758/2758/2758
f 2789/2789/2789 2793/2793/2793 2820/2820/2820
f 2756/2756/2756 2758/2758/2758 2766/2766/2766
f 2768/2768/2768 2778/2778/2778 2779/2779/2779
f 2781/2781/2781 2769/2769/2769 2780/2780/2780
f 2784/2784/2784 2782/2782/2782 2783/2783/2783
f 2787/2787/2787 2785/2785/2785 2786/2786/2786
f 2774/2774/2774 2773/2773/2773 2772/2772/2772
f 2762/2762/2762 2764/2764/2764 2760/2760/2760
f 2777/2777/2777 2763/2763/2763 2788/2788/2788
f 2808/2808/2808 2818/2818/2818 2819/2819/2819
f 2815/2815/2815 2812/2812/2812 2789/2789/2789
f 2765/2765/2765 2767/2767/2767 2776/2776/2776
f 2769/2769/2769 2781/2781/2781 2770/2770/2770
f 2783/2783/2783 2781/2781/2781 2780/2780/2780
f 2791/2791/2791 2789/2789/2789 2790/2790/2790
f 2793/2793/2793 2782/2782/2782 2792/2792/2792
f 2782/2782/2782 2784/2784/2784 2794/2794/2794
f 2785/2785/2785 2787/2787/2787 2795/2795/2795
f 2797/2797/2797 2796/2796/2796 2771/2771/2771
f 2760/2760/2760 2759/2759/2759 2775/2775/2775
f 2776/2776/2776 2777/2777/2777 2788/2788/2788
f 2800/2800/2800 2798/2798/2798 2799/2799/2799
f 2799/2799/2799 2779/2779/2779 2778/2778/2778
f 2781/2781/2781 2783/2783/2783 2801/2801/2801
f 2802/2802/2802 2783/2783/2783 2782/2782/2782
f 2789/2789/2789 2791/2791/2791 2803/2803/2803
f 2805/2805/2805 2789/2789/2789 2804/2804/2804
f 2782/2782/2782 2794/2794/2794 2792/2792/2792
f 2808/2808/2808 2806/2806/2806 2807/2807/2807
f 2807/2807/2807 2795/2795/2795 2787/2787/2787
f 2796/2796/2796 2797/2797/2797 2786/2786/2786
f 2763/2763/2763 2777/2777/2777 2764/2764/2764
f 2810/2810/2810 2757/2757/2757 2809/2809/2809
f 2800/2800/2800 2809/2809/2809 2811/2811/2811
f 2779/2779/2779 2799/2799/2799 2798/2798/2798
f 2783/2783/2783 2802/2802/2802 2801/2801/2801
f 2814/2814/2814 2812/2812/2812 2813/2813/2813
f 2816/2816/2816 2812/2812/2812 2815/2815/2815
f 2789/2789/2789 2805/2805/2805 2790/2790/2790
f 2784/2784/2784 2783/2783/2783 2817/2817/2817
f 2795/2795/2795 2807/2807/2807 2806/2806/2806
f 2771/2771/2771 2773/2773/2773 2797/2797/2797
f 2809/2809/2809 2800/2800/2800 2810/2810/2810
f 2768/2768/2768 2770/2770/2770 2778/2778/2778
f 2812/2812/2812 2816/2816/2816 2813/2813/2813
f 2804/2804/2804 2789/2789/2789 2812/2812/2812
f 2782/2782/2782 2793/2793/2793 2789/2789/2789
f 2786/2786/2786 2785/2785/2785 2796/2796/2796
f 2798/2798/2798 2800/2800/2800 2811/2811/2811
f 2773/2773/2773 2771/2771/2771 2772/2772/2772
f 2033/2033/2033 2035/2035/2035 2036/2036/2036
f 2039/2039/2039 2037/2037/2037 2038/2038/2038
f 2038/2038/2038 2037/2037/2037 2040/2040/2040
f 2037/2037/2037 2034/2034/2034 2040/2040/2040
f 2034/2034/2034 2037/2037/2037 2035/2035/2035
f 2037/2037/2037 2039/2039/2039 2041/2041/2041
f 2033/2033/2033 2036/2036/2036 2042/2042/2042
f 2035/2035/2035 2033/2033/2033 2034/2034/2034
f 2044/2044/2044 2043/2043/2043 2046/2046/2046
f 2045/2045/2045 2043/2043/2043 2044/2044/2044
f 2043/2043/2043 2045/2045/2045 2047/2047/2047
f 2048/2048/2048 2050/2050/2050 2052/2052/2052
f 2049/2049/2049 2048/2048/2048 2053/2053/2053
f 2052/2052/2052 2050/2050/2050 2051/2051/2051
f 2050/2050/2050 2048/2048/2048 2049/2049/2049
f 2058/2058/2058 2057/2057/2057 2059/2059/2059
f 2054/2054/2054 2057/2057/2057 2058/2058/2058
f 2054/2054/2054 2056/2056/2056 2057/2057/2057
f 2056/2056/2056 2054/2054/2054 2055/2055/2055
f 2307/2307/2307 2306/2306/2306 2316/2316/2316
f 2306/2306/2306 2315/2315/2315 2317/2317/2317
f 2306/2306/2306 2313/2313/2313 2314/2314/2314
f 2307/2307/2307 2305/2305/2305 2306/2306/2306
f 2305/2305/2305 2307/2307/2307 2308/2308/2308
f 2310/2310/2310 2306/2306/2306 2309/2309/2309
f 2306/2306/2306 2305/2305/2305 2311/2311/2311
f 2306/2306/2306 2311/2311/2311 2309/2309/2309
f 2306/2306/2306 2314/2314/2314 2315/2315/2315
f 2306/2306/2306 2312/2312/2312 2313/2313/2313
f 2306/2306/2306 2310/2310/2310 2312/2312/2312
f 2171/2171/2171 2188/2188/2188 2186/2186/2186
f 2185/2185/2185 2160/2160/2160 2194/2194/2194
f 2193/2193/2193 2184/2184/2184 2192/2192/2192
f 2191/2191/2191 2178/2178/2178 2190/2190/2190
f 2183/2183/2183 2178/2178/2178 2189/2189/2189
f 2171/2171/2171 2173/2173/2173 2188/2188/2188
f 2160/2160/2160 2186/2186/2186 2187/2187/2187
f 2182/2182/2182 2160/2160/2160 2185/2185/2185
f 2184/2184/2184 2178/2178/2178 2183/2183/2183
f 2171/2171/2171 2177/2177/2177 2180/2180/2180
f 2179/2179/2179 2160/2160/2160 2182/2182/2182
f 2177/2177/2177 2178/2178/2178 2181/2181/2181
f 2174/2174/2174 2171/2171/2171 2180/2180/2180
f 2176/2176/2176 2160/2160/2160 2179/2179/2179
f 2186/2186/2186 2160/2160/2160 2171/2171/2171
f 2197/2197/2197 2184/2184/2184 2183/2183/2183
f 2195/2195/2195 2184/2184/2184 2196/2196/2196
f 2178/2178/2178 2184/2184/2184 2198/2198/2198
f 2194/2194/2194 2199/2199/2199 2200/2200/2200
f 2184/2184/2184 2197/2197/2197 2196/2196/2196
f 2199/2199/2199 2194/2194/2194 2160/2160/2160
f 2178/2178/2178 2177/2177/2177 2171/2171/2171
f 2171/2171/2171 2175/2175/2175 2172/2172/2172
f 2202/2202/2202 2193/2193/2193 2201/2201/2201
f 2184/2184/2184 2193/2193/2193 2202/2202/2202
f 2160/2160/2160 2166/2166/2166 2171/2171/2171
f 2160/2160/2160 2164/2164/2164 2161/2161/2161
f 2166/2166/2166 2160/2160/2160 2165/2165/2165
f 2164/2164/2164 2160/2160/2160 2163/2163/2163
f 2162/2162/2162 2160/2160/2160 2161/2161/2161
f 2190/2190/2190 2178/2178/2178 2171/2171/2171
f 2192/2192/2192 2184/2184/2184 2195/2195/2195
f 2178/2178/2178 2191/2191/2191 2189/2189/2189
f 2170/2170/2170 2160/2160/2160 2176/2176/2176
f 2175/2175/2175 2171/2171/2171 2174/2174/2174
f 2173/2173/2173 2171/2171/2171 2172/2172/2172
f 2160/2160/2160 2162/2162/2162 2169/2169/2169
f 2168/2168/2168 2160/2160/2160 2170/2170/2170
f 2167/2167/2167 2160/2160/2160 2169/2169/2169
f 2163/2163/2163 2160/2160/2160 2168/2168/2168
f 2165/2165/2165 2160/2160/2160 2167/2167/2167
f 2349/2349/2349 2345/2345/2345 2344/2344/2344
f 2347/2347/2347 2351/2351/2351 2348/2348/2348
f 2350/2350/2350 2349/2349/2349 2352/2352/2352
f 2354/2354/2354 2351/2351/2351 2353/2353/2353
f 2342/2342/2342 2346/2346/2346 2343/2343/2343
f 2351/2351/2351 2347/2347/2347 2353/2353/2353
f 2356/2356/2356 2352/2352/2352 2355/2355/2355
f 2352/2352/2352 2356/2356/2356 2350/2350/2350
f 2346/2346/2346 2344/2344/2344 2345/2345/2345
f 2345/2345/2345 2349/2349/2349 2350/2350/2350
f 2351/2351/2351 2354/2354/2354 2357/2357/2357
f 2343/2343/2343 2341/2341/2341 2342/2342/2342
f 2344/2344/2344 2346/2346/2346 2342/2342/2342
f 2341/2341/2341 2343/2343/2343 2347/2347/2347
f 2341/2341/2341 2347/2347/2347 2348/2348/2348
f 3070/3070/3070 3089/3089/3089 3060/3060/3060
f 3084/3084/3084 3083/3083/3083 3100/3100/3100
f 3065/3065/3065 3095/3095/3095 3060/3060/3060
f 3070/3070/3070 3090/3090/3090 3099/3099/3099
f 3082/3082/3082 3093/3093/3093 3095/3095/3095
f 3063/3063/3063 3065/3065/3065 3060/3060/3060
f 3082/3082/3082 3094/3094/3094 3092/3092/3092
f 3070/3070/3070 3091/3091/3091 3098/3098/3098
f 3086/3086/3086 3070/3070/3070 3097/3097/3097
f 3089/3089/3089 3070/3070/3070 3096/3096/3096
f 3065/3065/3065 3082/3082/3082 3095/3095/3095
f 3082/3082/3082 3087/3087/3087 3094/3094/3094
f 3093/3093/3093 3082/3082/3082 3092/3092/3092
f 3070/3070/3070 3079/3079/3079 3091/3091/3091
f 3070/3070/3070 3072/3072/3072 3090/3090/3090
f 3070/3070/3070 3098/3098/3098 3097/3097/3097
f 3085/3085/3085 3060/3060/3060 3089/3089/3089
f 3082/3082/3082 3065/3065/3065 3088/3088/3088
f 3082/3082/3082 3084/3084/3084 3087/3087/3087
f 3070/3070/3070 3081/3081/3081 3080/3080/3080
f 3076/3076/3076 3070/3070/3070 3086/3086/3086
f 3074/3074/3074 3060/3060/3060 3085/3085/3085
f 3084/3084/3084 3082/3082/3082 3083/3083/3083
f 3062/3062/3062 3060/3060/3060 3061/3061/3061
f 3065/3065/3065 3063/3063/3063 3064/3064/3064
f 3060/3060/3060 3062/3062/3062 3066/3066/3066
f 3068/3068/3068 3060/3060/3060 3067/3067/3067
f 3060/3060/3060 3066/3066/3066 3063/3063/3063
f 3060/3060/3060 3068/3068/3068 3069/3069/3069
f 3072/3072/3072 3070/3070/3070 3071/3071/3071
f 3061/3061/3061 3060/3060/3060 3073/3073/3073
f 3067/3067/3067 3060/3060/3060 3074/3074/3074
f 3071/3071/3071 3070/3070/3070 3075/3075/3075
f 3077/3077/3077 3070/3070/3070 3076/3076/3076
f 3079/3079/3079 3070/3070/3070 3078/3078/3078
f 3060/3060/3060 3069/3069/3069 3073/3073/3073
f 3070/3070/3070 3077/3077/3077 3075/3075/3075
f 3078/3078/3078 3070/3070/3070 3080/3080/3080
f 3081/3081/3081 3070/3070/3070 3060/3060/3060
f 2413/2413/2413 2411/2411/2411 2410/2410/2410
f 2411/2411/2411 2413/2413/2413 2414/2414/2414
f 2412/2412/2412 2410/2410/2410 2411/2411/2411
f 2410/2410/2410 2412/2412/2412 2415/2415/2415
f 2486/2486/2486 2484/2484/2484 2485/2485/2485
f 2484/2484/2484 2486/2486/2486 2487/2487/2487
f 2968/2968/2968 2970/2970/2970 2971/2971/2971
f 2970/2970/2970 2968/2968/2968 2969/2969/2969
f 2968/2968/2968 2971/2971/2971 2972/2972/2972
f 2827/2827/2827 2829/2829/2829 2830/2830/2830
f 2829/2829/2829 2828/2828/2828 2831/2831/2831
f 2827/2827/2827 2830/2830/2830 2832/2832/2832
f 2829/2829/2829 2827/2827/2827 2828/2828/2828
f 2821/2821/2821 2823/2823/2823 2824/2824/2824
f 2822/2822/2822 2825/2825/2825 2826/2826/2826
f 2822/2822/2822 2821/2821/2821 2825/2825/2825
f 2823/2823/2823 2821/2821/2821 2822/2822/2822
f 2924/2924/2924 2923/2923/2923 2937/2937/2937
f 2921/2921/2921 2927/2927/2927 2925/2925/2925
f 2926/2926/2926 2930/2930/2930 2928/2928/2928
f 2933/2933/2933 2932/2932/2932 2967/2967/2967
f 2924/2924/2924 2938/2938/2938 2966/2966/2966
f 2951/2951/2951 2955/2955/2955 2931/2931/2931
f 2953/2953/2953 2964/2964/2964 2954/2954/2954
f 2962/2962/2962 2953/2953/2953 2965/2965/2965
f 2962/2962/2962 2964/2964/2964 2953/2953/2953
f 2964/2964/2964 2962/2962/2962 2963/2963/2963
f 2931/2931/2931 2960/2960/2960 2951/2951/2951
f 2929/2929/2929 2958/2958/2958 2931/2931/2931
f 2958/2958/2958 2929/2929/2929 2961/2961/2961
f 2931/2931/2931 2957/2957/2957 2960/2960/2960
f 2958/2958/2958 2956/2956/2956 2931/2931/2931
f 2956/2956/2956 2958/2958/2958 2959/2959/2959
f 2957/2957/2957 2931/2931/2931 2956/2956/2956
f 2951/2951/2951 2946/2946/2946 2955/2955/2955
f 2952/2952/2952 2953/2953/2953 2954/2954/2954
f 2953/2953/2953 2952/2952/2952 2948/2948/2948
f 2923/2923/2923 2921/2921/2921 2922/2922/2922
f 2921/2921/2921 2923/2923/2923 2924/2924/2924
f 2922/2922/2922 2921/2921/2921 2925/2925/2925
f 2927/2927/2927 2921/2921/2921 2926/2926/2926
f 2927/2927/2927 2926/2926/2926 2928/2928/2928
f 2930/2930/2930 2926/2926/2926 2929/2929/2929
f 2930/2930/2930 2929/2929/2929 2931/2931/2931
f 2934/2934/2934 2932/2932/2932 2933/2933/2933
f 2934/2934/2934 2933/2933/2933 2935/2935/2935
f 2932/2932/2932 2934/2934/2934 2936/2936/2936
f 2938/2938/2938 2924/2924/2924 2937/2937/2937
f 2939/2939/2939 2938/2938/2938 2937/2937/2937
f 2941/2941/2941 2937/2937/2937 2940/2940/2940
f 2937/2937/2937 2941/2941/2941 2939/2939/2939
f 2946/2946/2946 2948/2948/2948 2952/2952/2952
f 2950/2950/2950 2946/2946/2946 2951/2951/2951
f 2949/2949/2949 2946/2946/2946 2950/2950/2950
f 2940/2940/2940 2937/2937/2937 2942/2942/2942
f 2938/2938/2938 2939/2939/2939 2943/2943/2943
f 2933/2933/2933 2944/2944/2944 2935/2935/2935
f 2944/2944/2944 2945/2945/2945 2937/2937/2937
f 2944/2944/2944 2933/2933/2933 2945/2945/2945
f 2937/2937/2937 2945/2945/2945 2942/2942/2942
f 2948/2948/2948 2946/2946/2946 2947/2947/2947
f 2947/2947/2947 2946/2946/2946 2949/2949/2949
f 2381/2381/2381 2380/2380/2380 2382/2382/2382
f 2362/2362/2362 2359/2359/2359 2361/2361/2361
f 2363/2363/2363 2359/2359/2359 2358/2358/2358
f 2359/2359/2359 2364/2364/2364 2361/2361/2361
f 2366/2366/2366 2365/2365/2365 2363/2363/2363
f 2365/2365/2365 2367/2367/2367 2364/2364/2364
f 2369/2369/2369 2368/2368/2368 2366/2366/2366
f 2369/2369/2369 2366/2366/2366 2370/2370/2370
f 2358/2358/2358 2360/2360/2360 2372/2372/2372
f 2359/2359/2359 2362/2362/2362 2360/2360/2360
f 2359/2359/2359 2363/2363/2363 2365/2365/2365
f 2364/2364/2364 2359/2359/2359 2365/2365/2365
f 2365/2365/2365 2366/2366/2366 2368/2368/2368
f 2367/2367/2367 2365/2365/2365 2368/2368/2368
f 2368/2368/2368 2369/2369/2369 2383/2383/2383
f 2371/2371/2371 2368/2368/2368 2383/2383/2383
f 2372/2372/2372 2374/2374/2374 2358/2358/2358
f 2363/2363/2363 2380/2380/2380 2366/2366/2366
f 2366/2366/2366 2381/2381/2381 2370/2370/2370
f 2360/2360/2360 2358/2358/2358 2359/2359/2359
f 2381/2381/2381 2366/2366/2366 2380/2380/2380
f 2379/2379/2379 2363/2363/2363 2378/2378/2378
f 2380/2380/2380 2363/2363/2363 2379/2379/2379
f 2377/2377/2377 2358/2358/2358 2374/2374/2374
f 2363/2363/2363 2376/2376/2376 2378/2378/2378
f 2358/2358/2358 2376/2376/2376 2363/2363/2363
f 2375/2375/2375 2358/2358/2358 2377/2377/2377
f 2376/2376/2376 2358/2358/2358 2375/2375/2375
f 2374/2374/2374 2372/2372/2372 2373/2373/2373
f 2368/2368/2368 2371/2371/2371 2367/2367/2367
f 2974/2974/2974 2973/2973/2973 2978/2978/2978
f 2973/2973/2973 2975/2975/2975 2977/2977/2977
f 2975/2975/2975 2973/2973/2973 2974/2974/2974
f 2977/2977/2977 2975/2975/2975 2976/2976/2976
f 2453/2453/2453 2460/2460/2460 2461/2461/2461
f 2452/2452/2452 2457/2457/2457 2459/2459/2459
f 2450/2450/2450 2455/2455/2455 2482/2482/2482
f 2450/2450/2450 2453/2453/2453 2454/2454/2454
f 2449/2449/2449 2452/2452/2452 2453/2453/2453
f 2448/2448/2448 2451/2451/2451 2452/2452/2452
f 2446/2446/2446 2450/2450/2450 2482/2482/2482
f 2445/2445/2445 2449/2449/2449 2450/2450/2450
f 2444/2444/2444 2448/2448/2448 2449/2449/2449
f 2442/2442/2442 2447/2447/2447 2448/2448/2448
f 2445/2445/2445 2440/2440/2440 2443/2443/2443
f 2443/2443/2443 2444/2444/2444 2445/2445/2445
f 2439/2439/2439 2442/2442/2442 2444/2444/2444
f 2438/2438/2438 2441/2441/2441 2442/2442/2442
f 2470/2470/2470 2436/2436/2436 2469/2469/2469
f 2469/2469/2469 2431/2431/2431 2424/2424/2424
f 2466/2466/2466 2464/2464/2464 2424/2424/2424
f 2467/2467/2467 2466/2466/2466 2468/2468/2468
f 2478/2478/2478 2451/2451/2451 2479/2479/2479
f 2464/2464/2464 2466/2466/2466 2467/2467/2467
f 2465/2465/2465 2424/2424/2424 2464/2464/2464
f 2478/2478/2478 2458/2458/2458 2451/2451/2451
f 2477/2477/2477 2451/2451/2451 2447/2447/2447
f 2462/2462/2462 2454/2454/2454 2463/2463/2463
f 2462/2462/2462 2456/2456/2456 2454/2454/2454
f 2461/2461/2461 2454/2454/2454 2453/2453/2453
f 2452/2452/2452 2460/2460/2460 2453/2453/2453
f 2460/2460/2460 2452/2452/2452 2459/2459/2459
f 2475/2475/2475 2447/2447/2447 2441/2441/2441
f 2437/2437/2437 2474/2474/2474 2441/2441/2441
f 2424/2424/2424 2426/2426/2426 2466/2466/2466
f 2425/2425/2425 2429/2429/2429 2427/2427/2427
f 2430/2430/2430 2428/2428/2428 2483/2483/2483
f 2425/2425/2425 2431/2431/2431 2432/2432/2432
f 2428/2428/2428 2432/2432/2432 2433/2433/2433
f 2428/2428/2428 2434/2434/2434 2483/2483/2483
f 2431/2431/2431 2437/2437/2437 2438/2438/2438
f 2432/2432/2432 2438/2438/2438 2439/2439/2439
f 2433/2433/2433 2439/2439/2439 2443/2443/2443
f 2440/2440/2440 2433/2433/2433 2443/2443/2443
f 2457/2457/2457 2451/2451/2451 2458/2458/2458
f 2457/2457/2457 2452/2452/2452 2451/2451/2451
f 2455/2455/2455 2454/2454/2454 2456/2456/2456
f 2455/2455/2455 2450/2450/2450 2454/2454/2454
f 2453/2453/2453 2450/2450/2450 2449/2449/2449
f 2452/2452/2452 2449/2449/2449 2448/2448/2448
f 2454/2454/2454 2461/2461/2461 2463/2463/2463
f 2456/2456/2456 2462/2462/2462 2481/2481/2481
f 2424/2424/2424 2465/2465/2465 2469/2469/2469
f 2431/2431/2431 2469/2469/2469 2436/2436/2436
f 2436/2436/2436 2470/2470/2470 2472/2472/2472
f 2437/2437/2437 2472/2472/2472 2473/2473/2473
f 2441/2441/2441 2474/2474/2474 2476/2476/2476
f 2475/2475/2475 2441/2441/2441 2476/2476/2476
f 2474/2474/2474 2437/2437/2437 2473/2473/2473
f 2472/2472/2472 2437/2437/2437 2436/2436/2436
f 2451/2451/2451 2448/2448/2448 2447/2447/2447
f 2450/2450/2450 2446/2446/2446 2445/2445/2445
f 2449/2449/2449 2445/2445/2445 2444/2444/2444
f 2448/2448/2448 2444/2444/2444 2442/2442/2442
f 2447/2447/2447 2442/2442/2442 2441/2441/2441
f 2440/2440/2440 2445/2445/2445 2446/2446/2446
f 2470/2470/2470 2469/2469/2469 2471/2471/2471
f 2458/2458/2458 2478/2478/2478 2480/2480/2480
f 2451/2451/2451 2477/2477/2477 2479/2479/2479
f 2444/2444/2444 2443/2443/2443 2439/2439/2439
f 2442/2442/2442 2439/2439/2439 2438/2438/2438
f 2441/2441/2441 2438/2438/2438 2437/2437/2437
f 2433/2433/2433 2440/2440/2440 2435/2435/2435
f 2426/2426/2426 2424/2424/2424 2425/2425/2425
f 2426/2426/2426 2425/2425/2425 2427/2427/2427
f 2429/2429/2429 2425/2425/2425 2428/2428/2428
f 2428/2428/2428 2430/2430/2430 2429/2429/2429
f 2431/2431/2431 2425/2425/2425 2424/2424/2424
f 2432/2432/2432 2428/2428/2428 2425/2425/2425
f 2434/2434/2434 2428/2428/2428 2433/2433/2433
f 2434/2434/2434 2433/2433/2433 2435/2435/2435
f 2437/2437/2437 2431/2431/2431 2436/2436/2436
f 2438/2438/2438 2432/2432/2432 2431/2431/2431
f 2439/2439/2439 2433/2433/2433 2432/2432/2432
f 2447/2447/2447 2475/2475/2475 2477/2477/2477
f 1320/1320/1320 1318/1318/1318 1319/1319/1319
f 1318/1318/1318 1320/1320/1320 1322/1322/1322
f 1320/1320/1320 1319/1319/1319 1321/1321/1321
f 1735/1735/1735 1617/1617/1617 1736/1736/1736
f 1707/1707/1707 1666/1666/1666 1704/1704/1704
f 1575/1575/1575 1573/1573/1573 1574/1574/1574
f 1573/1573/1573 1575/1575/1575 1576/1576/1576
f 1578/1578/1578 1576/1576/1576 1577/1577/1577
f 1581/1581/1581 1579/1579/1579 1580/1580/1580
f 1581/1581/1581 1580/1580/1580 1578/1578/1578
f 1583/1583/1583 1579/1579/1579 1582/1582/1582
f 1579/1579/1579 1583/1583/1583 1584/1584/1584
f 1586/1586/1586 1584/1584/1584 1585/1585/1585
f 1709/1709/1709 1664/1664/1664 1708/1708/1708
f 1708/1708/1708 1664/1664/1664 1710/1710/1710
f 1710/1710/1710 1664/1664/1664 1706/1706/1706
f 1712/1712/1712 1661/1661/1661 1711/1711/1711
f 1711/1711/1711 1661/1661/1661 1709/1709/1709
f 1715/1715/1715 1713/1713/1713 1714/1714/1714
f 1714/1714/1714 1661/1661/1661 1715/1715/1715
f 1661/1661/1661 1714/1714/1714 1662/1662/1662
f 1589/1589/1589 1587/1587/1587 1588/1588/1588
f 1589/1589/1589 1588/1588/1588 1590/1590/1590
f 1592/1592/1592 1587/1587/1587 1591/1591/1591
f 1587/1587/1587 1592/1592/1592 1593/1593/1593
f 1595/1595/1595 1593/1593/1593 1594/1594/1594
f 1597/1597/1597 1596/1596/1596 1595/1595/1595
f 1600/1600/1600 1598/1598/1598 1599/1599/1599
f 1600/1600/1600 1599/1599/1599 1597/1597/1597
f 1602/1602/1602 1601/1601/1601 1598/1598/1598
f 1602/1602/1602 1598/1598/1598 1603/1603/1603
f 1605/1605/1605 1601/1601/1601 1604/1604/1604
f 1601/1601/1601 1605/1605/1605 1606/1606/1606
f 1608/1608/1608 1606/1606/1606 1607/1607/1607
f 1717/1717/1717 1716/1716/1716 1713/1713/1713
f 1576/1576/1576 1575/1575/1575 1577/1577/1577
f 1576/1576/1576 1578/1578/1578 1580/1580/1580
f 1579/1579/1579 1581/1581/1581 1582/1582/1582
f 1584/1584/1584 1583/1583/1583 1585/1585/1585
f 1584/1584/1584 1586/1586/1586 1616/1616/1616
f 1587/1587/1587 1589/1589/1589 1591/1591/1591
f 1593/1593/1593 1592/1592/1592 1594/1594/1594
f 1593/1593/1593 1595/1595/1595 1596/1596/1596
f 1596/1596/1596 1597/1597/1597 1599/1599/1599
f 1598/1598/1598 1600/1600/1600 1603/1603/1603
f 1601/1601/1601 1602/1602/1602 1604/1604/1604
f 1606/1606/1606 1605/1605/1605 1607/1607/1607
f 1606/1606/1606 1608/1608/1608 1609/1609/1609
f 1609/1609/1609 1610/1610/1610 1612/1612/1612
f 1611/1611/1611 1613/1613/1613 1669/1669/1669
f 1614/1614/1614 1584/1584/1584 1615/1615/1615
f 1615/1615/1615 1616/1616/1616 1744/1744/1744
f 1617/1617/1617 1619/1619/1619 1653/1653/1653
f 1620/1620/1620 1587/1587/1587 1698/1698/1698
f 1621/1621/1621 1601/1601/1601 1685/1685/1685
f 1622/1622/1622 1574/1574/1574 1573/1573/1573
f 1616/1616/1616 1625/1625/1625 1634/1634/1634
f 1633/1633/1633 1635/1635/1635 1639/1639/1639
f 1633/1633/1633 1638/1638/1638 1640/1640/1640
f 1618/1618/1618 1641/1641/1641 1645/1645/1645
f 1618/1618/1618 1644/1644/1644 1619/1619/1619
f 1619/1619/1619 1647/1647/1647 1656/1656/1656
f 1652/1652/1652 1654/1654/1654 1657/1657/1657
f 1652/1652/1652 1658/1658/1658 1659/1659/1659
f 1659/1659/1659 1660/1660/1660 1718/1718/1718
f 1661/1661/1661 1663/1663/1663 1664/1664/1664
f 1664/1664/1664 1665/1665/1665 1666/1666/1666
f 1620/1620/1620 1667/1667/1667 1588/1588/1588
f 1590/1590/1590 1668/1668/1668 1767/1767/1767
f 1611/1611/1611 1670/1670/1670 1671/1671/1671
f 1610/1610/1610 1609/1609/1609 1608/1608/1608
f 1613/1613/1613 1611/1611/1611 1612/1612/1612
f 1613/1613/1613 1612/1612/1612 1610/1610/1610
f 1584/1584/1584 1614/1614/1614 1579/1579/1579
f 1616/1616/1616 1615/1615/1615 1584/1584/1584
f 1619/1619/1619 1617/1617/1617 1618/1618/1618
f 1587/1587/1587 1620/1620/1620 1588/1588/1588
f 1601/1601/1601 1621/1621/1621 1598/1598/1598
f 1574/1574/1574 1622/1622/1622 1623/1623/1623
f 1625/1625/1625 1616/1616/1616 1624/1624/1624
f 1627/1627/1627 1616/1616/1616 1626/1626/1626
f 1616/1616/1616 1627/1627/1627 1628/1628/1628
f 1626/1626/1626 1629/1629/1629 1630/1630/1630
f 1631/1631/1631 1616/1616/1616 1586/1586/1586
f 1616/1616/1616 1631/1631/1631 1629/1629/1629
f 1629/1629/1629 1626/1626/1626 1616/1616/1616
f 1616/1616/1616 1628/1628/1628 1632/1632/1632
f 1616/1616/1616 1632/1632/1632 1624/1624/1624
f 1635/1635/1635 1633/1633/1633 1634/1634/1634
f 1716/1716/1716 1718/1718/1718 1660/1660/1660
f 1718/1718/1718 1716/1716/1716 1719/1719/1719
f 1720/1720/1720 1718/1718/1718 1719/1719/1719
f 1722/1722/1722 1659/1659/1659 1721/1721/1721
f 1723/1723/1723 1659/1659/1659 1718/1718/1718
f 1659/1659/1659 1723/1723/1723 1721/1721/1721
f 1725/1725/1725 1652/1652/1652 1724/1724/1724
f 1726/1726/1726 1652/1652/1652 1659/1659/1659
f 1652/1652/1652 1726/1726/1726 1724/1724/1724
f 1728/1728/1728 1653/1653/1653 1727/1727/1727
f 1729/1729/1729 1653/1653/1653 1652/1652/1652
f 1706/1706/1706 1666/1666/1666 1705/1705/1705
f 1703/1703/1703 1620/1620/1620 1700/1700/1700
f 1704/1704/1704 1620/1620/1620 1703/1703/1703
f 1699/1699/1699 1701/1701/1701 1702/1702/1702
f 1701/1701/1701 1699/1699/1699 1698/1698/1698
f 1700/1700/1700 1698/1698/1698 1699/1699/1699
f 1593/1593/1593 1696/1696/1696 1587/1587/1587
f 1696/1696/1696 1593/1593/1593 1695/1695/1695
f 1587/1587/1587 1697/1697/1697 1698/1698/1698
f 1697/1697/1697 1587/1587/1587 1696/1696/1696
f 1694/1694/1694 1596/1596/1596 1693/1693/1693
f 1695/1695/1695 1596/1596/1596 1694/1694/1694
f 1692/1692/1692 1599/1599/1599 1691/1691/1691
f 1693/1693/1693 1599/1599/1599 1692/1692/1692
f 1689/1689/1689 1598/1598/1598 1621/1621/1621
f 1690/1690/1690 1598/1598/1598 1689/1689/1689
f 1691/1691/1691 1598/1598/1598 1690/1690/1690
f 1621/1621/1621 1688/1688/1688 1689/1689/1689
f 1635/1635/1635 1634/1634/1634 1636/1636/1636
f 1636/1636/1636 1634/1634/1634 1625/1625/1625
f 1638/1638/1638 1633/1633/1633 1637/1637/1637
f 1637/1637/1637 1633/1633/1633 1639/1639/1639
f 1641/1641/1641 1618/1618/1618 1640/1640/1640
f 1641/1641/1641 1640/1640/1640 1642/1642/1642
f 1642/1642/1642 1640/1640/1640 1638/1638/1638
f 1644/1644/1644 1618/1618/1618 1643/1643/1643
f 1643/1643/1643 1618/1618/1618 1645/1645/1645
f 1647/1647/1647 1619/1619/1619 1646/1646/1646
f 1646/1646/1646 1619/1619/1619 1648/1648/1648
f 1648/1648/1648 1619/1619/1619 1649/1649/1649
f 1649/1649/1649 1619/1619/1619 1650/1650/1650
f 1650/1650/1650 1619/1619/1619 1651/1651/1651
f 1651/1651/1651 1619/1619/1619 1644/1644/1644
f 1654/1654/1654 1652/1652/1652 1653/1653/1653
f 1654/1654/1654 1619/1619/1619 1655/1655/1655
f 1655/1655/1655 1619/1619/1619 1656/1656/1656
f 1619/1619/1619 1654/1654/1654 1653/1653/1653
f 1658/1658/1658 1652/1652/1652 1657/1657/1657
f 1660/1660/1660 1659/1659/1659 1658/1658/1658
f 1663/1663/1663 1661/1661/1661 1662/1662/1662
f 1665/1665/1665 1664/1664/1664 1663/1663/1663
f 1667/1667/1667 1666/1666/1666 1665/1665/1665
f 1666/1666/1666 1667/1667/1667 1620/1620/1620
f 1668/1668/1668 1590/1590/1590 1588/1588/1588
f 1668/1668/1668 1588/1588/1588 1667/1667/1667
f 1670/1670/1670 1611/1611/1611 1669/1669/1669
f 1672/1672/1672 1611/1611/1611 1671/1671/1671
f 1672/1672/1672 1671/1671/1671 1673/1673/1673
f 1675/1675/1675 1611/1611/1611 1674/1674/1674
f 1611/1611/1611 1675/1675/1675 1612/1612/1612
f 1676/1676/1676 1609/1609/1609 1612/1612/1612
f 1609/1609/1609 1676/1676/1676 1677/1677/1677
f 1621/1621/1621 1686/1686/1686 1687/1687/1687
f 1705/1705/1705 1666/1666/1666 1707/1707/1707
f 1686/1686/1686 1621/1621/1621 1685/1685/1685
f 1601/1601/1601 1684/1684/1684 1682/1682/1682
f 1684/1684/1684 1601/1601/1601 1606/1606/1606
f 1683/1683/1683 1601/1601/1601 1682/1682/1682
f 1606/1606/1606 1680/1680/1680 1681/1681/1681
f 1606/1606/1606 1679/1679/1679 1680/1680/1680
f 1679/1679/1679 1606/1606/1606 1609/1609/1609
f 1609/1609/1609 1677/1677/1677 1678/1678/1678
f 1653/1653/1653 1729/1729/1729 1727/1727/1727
f 1732/1732/1732 1730/1730/1730 1731/1731/1731
f 1733/1733/1733 1617/1617/1617 1653/1653/1653
f 1617/1617/1617 1733/1733/1733 1730/1730/1730
f 1734/1734/1734 1640/1640/1640 1618/1618/1618
f 1735/1735/1735 1618/1618/1618 1617/1617/1617
f 1618/1618/1618 1735/1735/1735 1734/1734/1734
f 1738/1738/1738 1640/1640/1640 1737/1737/1737
f 1640/1640/1640 1738/1738/1738 1633/1633/1633
f 1739/1739/1739 1634/1634/1634 1633/1633/1633
f 1634/1634/1634 1739/1739/1739 1740/1740/1740
f 1739/1739/1739 1741/1741/1741 1742/1742/1742
f 1741/1741/1741 1739/1739/1739 1633/1633/1633
f 1740/1740/1740 1616/1616/1616 1634/1634/1634
f 1616/1616/1616 1740/1740/1740 1743/1743/1743
f 1745/1745/1745 1744/1744/1744 1743/1743/1743
f 1747/1747/1747 1744/1744/1744 1746/1746/1746
f 1611/1611/1611 1672/1672/1672 1674/1674/1674
f 1612/1612/1612 1675/1675/1675 1676/1676/1676
f 1609/1609/1609 1678/1678/1678 1679/1679/1679
f 1606/1606/1606 1681/1681/1681 1684/1684/1684
f 1601/1601/1601 1683/1683/1683 1685/1685/1685
f 1683/1683/1683 1686/1686/1686 1685/1685/1685
f 1621/1621/1621 1687/1687/1687 1766/1766/1766
f 1688/1688/1688 1621/1621/1621 1766/1766/1766
f 1598/1598/1598 1691/1691/1691 1599/1599/1599
f 1599/1599/1599 1693/1693/1693 1596/1596/1596
f 1596/1596/1596 1695/1695/1695 1593/1593/1593
f 1698/1698/1698 1697/1697/1697 1765/1765/1765
f 1765/1765/1765 1701/1701/1701 1698/1698/1698
f 1698/1698/1698 1700/1700/1700 1620/1620/1620
f 1620/1620/1620 1704/1704/1704 1666/1666/1666
f 1666/1666/1666 1706/1706/1706 1664/1664/1664
f 1664/1664/1664 1709/1709/1709 1661/1661/1661
f 1661/1661/1661 1712/1712/1712 1715/1715/1715
f 1713/1713/1713 1715/1715/1715 1717/1717/1717
f 1716/1716/1716 1717/1717/1717 1719/1719/1719
f 1718/1718/1718 1720/1720/1720 1723/1723/1723
f 1659/1659/1659 1722/1722/1722 1726/1726/1726
f 1652/1652/1652 1725/1725/1725 1729/1729/1729
f 1653/1653/1653 1728/1728/1728 1733/1733/1733
f 1730/1730/1730 1732/1732/1732 1617/1617/1617
f 1732/1732/1732 1736/1736/1736 1617/1617/1617
f 1640/1640/1640 1734/1734/1734 1737/1737/1737
f 1633/1633/1633 1738/1738/1738 1741/1741/1741
f 1740/1740/1740 1739/1739/1739 1764/1764/1764
f 1616/1616/1616 1743/1743/1743 1744/1744/1744
f 1744/1744/1744 1745/1745/1745 1748/1748/1748
f 1744/1744/1744 1747/1747/1747 1615/1615/1615
f 1615/1615/1615 1751/1751/1751 1614/1614/1614
f 1614/1614/1614 1754/1754/1754 1755/1755/1755
f 1579/1579/1579 1755/1755/1755 1580/1580/1580
f 1580/1580/1580 1757/1757/1757 1576/1576/1576
f 1576/1576/1576 1760/1760/1760 1573/1573/1573
f 1622/1622/1622 1762/1762/1762 1763/1763/1763
f 1573/1573/1573 1762/1762/1762 1622/1622/1622
f 1762/1762/1762 1573/1573/1573 1760/1760/1760
f 1576/1576/1576 1761/1761/1761 1759/1759/1759
f 1761/1761/1761 1576/1576/1576 1757/1757/1757
f 1760/1760/1760 1576/1576/1576 1759/1759/1759
f 1580/1580/1580 1758/1758/1758 1756/1756/1756
f 1758/1758/1758 1580/1580/1580 1755/1755/1755
f 1757/1757/1757 1580/1580/1580 1756/1756/1756
f 1755/1755/1755 1579/1579/1579 1614/1614/1614
f 1614/1614/1614 1753/1753/1753 1754/1754/1754
f 1753/1753/1753 1614/1614/1614 1751/1751/1751
f 1615/1615/1615 1752/1752/1752 1750/1750/1750
f 1752/1752/1752 1615/1615/1615 1747/1747/1747
f 1751/1751/1751 1615/1615/1615 1750/1750/1750
f 1744/1744/1744 1749/1749/1749 1746/1746/1746
f 1749/1749/1749 1744/1744/1744 1748/1748/1748
f 1237/1237/1237 1239/1239/1239 1240/1240/1240
f 1237/1237/1237 1235/1235/1235 1234/1234/1234
f 1234/1234/1234 1236/1236/1236 1233/1233/1233
f 1236/1236/1236 1234/1234/1234 1235/1235/1235
f 1233/1233/1233 1232/1232/1232 1231/1231/1231
f 1228/1228/1228 1231/1231/1231 1232/1232/1232
f 1228/1228/1228 1230/1230/1230 1231/1231/1231
f 1230/1230/1230 1229/1229/1229 1227/1227/1227
f 1230/1230/1230 1228/1228/1228 1229/1229/1229
f 1226/1226/1226 1224/1224/1224 1227/1227/1227
f 1224/1224/1224 1226/1226/1226 1225/1225/1225
f 1235/1235/1235 1237/1237/1237 1240/1240/1240
f 1232/1232/1232 1233/1233/1233 1236/1236/1236
f 1227/1227/1227 1229/1229/1229 1226/1226/1226
f 1223/1223/1223 1225/1225/1225 1241/1241/1241
f 1239/1239/1239 1237/1237/1237 1238/1238/1238
f 1225/1225/1225 1223/1223/1223 1224/1224/1224
f 194/194/194 195/195/195 196/196/196
f 192/192/192 193/193/193 194/194/194
f 191/191/191 190/190/190 189/189/189
f 193/193/193 192/192/192 191/191/191
f 195/195/195 194/194/194 193/193/193
f 190/190/190 191/191/191 192/192/192
f 189/189/189 187/187/187 188/188/188
f 187/187/187 189/189/189 190/190/190
f 1125/1125/1125 1151/1151/1151 1178/1178/1178
f 1189/1189/1189 1188/1188/1188 1165/1165/1165
f 1185/1185/1185 1191/1191/1191 1197/1197/1197
f 1163/1163/1163 1165/1165/1165 1188/1188/1188
f 1180/1180/1180 1187/1187/1187 1196/1196/1196
f 1142/1142/1142 1154/1154/1154 1174/1174/1174
f 1178/1178/1178 1195/1195/1195 1179/1179/1179
f 1181/1181/1181 1189/1189/1189 1192/1192/1192
f 1159/1159/1159 1161/1161/1161 1179/1179/1179
f 1118/1118/1118 1116/1116/1116 1117/1117/1117
f 1117/1117/1117 1116/1116/1116 1119/1119/1119
f 1122/1122/1122 1120/1120/1120 1121/1121/1121
f 1124/1124/1124 1121/1121/1121 1123/1123/1123
f 1116/1116/1116 1118/1118/1118 1125/1125/1125
f 1128/1128/1128 1126/1126/1126 1127/1127/1127
f 1121/1121/1121 1124/1124/1124 1122/1122/1122
f 1130/1130/1130 1123/1123/1123 1129/1129/1129
f 1125/1125/1125 1118/1118/1118 1131/1131/1131
f 1134/1134/1134 1132/1132/1132 1133/1133/1133
f 1136/1136/1136 1133/1133/1133 1135/1135/1135
f 1126/1126/1126 1128/1128/1128 1137/1137/1137
f 1139/1139/1139 1127/1127/1127 1138/1138/1138
f 1140/1140/1140 1138/1138/1138 1120/1120/1120
f 1123/1123/1123 1130/1130/1130 1124/1124/1124
f 1125/1125/1125 1131/1131/1131 1141/1141/1141
f 1144/1144/1144 1142/1142/1142 1143/1143/1143
f 1146/1146/1146 1143/1143/1143 1145/1145/1145
f 1149/1149/1149 1147/1147/1147 1148/1148/1148
f 1132/1132/1132 1134/1134/1134 1150/1150/1150
f 1136/1136/1136 1135/1135/1135 1137/1137/1137
f 1127/1127/1127 1139/1139/1139 1128/1128/1128
f 1120/1120/1120 1122/1122/1122 1140/1140/1140
f 1125/1125/1125 1141/1141/1141 1151/1151/1151
f 1152/1152/1152 1116/1116/1116 1125/1125/1125
f 1154/1154/1154 1142/1142/1142 1153/1153/1153
f 1143/1143/1143 1146/1146/1146 1144/1144/1144
f 1147/1147/1147 1149/1149/1149 1155/1155/1155
f 1133/1133/1133 1136/1136/1136 1134/1134/1134
f 1138/1138/1138 1140/1140/1140 1139/1139/1139
f 1157/1157/1157 1129/1129/1129 1156/1156/1156
f 1156/1156/1156 1158/1158/1158 1157/1157/1157
f 1161/1161/1161 1159/1159/1159 1160/1160/1160
f 1116/1116/1116 1152/1152/1152 1162/1162/1162
f 1165/1165/1165 1163/1163/1163 1164/1164/1164
f 1168/1168/1168 1166/1166/1166 1167/1167/1167
f 1186/1186/1186 1180/1180/1180 1196/1196/1196
f 1173/1173/1173 1171/1171/1171 1172/1172/1172
f 1172/1172/1172 1174/1174/1174 1154/1154/1154
f 1142/1142/1142 1144/1144/1144 1153/1153/1153
f 1176/1176/1176 1175/1175/1175 1155/1155/1155
f 1149/1149/1149 1148/1148/1148 1150/1150/1150
f 1126/1126/1126 1137/1137/1137 1135/1135/1135
f 1158/1158/1158 1156/1156/1156 1177/1177/1177
f 1160/1160/1160 1158/1158/1158 1177/1177/1177
f 1179/1179/1179 1161/1161/1161 1178/1178/1178
f 1182/1182/1182 1180/1180/1180 1181/1181/1181
f 1162/1162/1162 1152/1152/1152 1183/1183/1183
f 1165/1165/1165 1164/1164/1164 1168/1168/1168
f 1169/1169/1169 1167/1167/1167 1166/1166/1166
f 1170/1170/1170 1184/1184/1184 1173/1173/1173
f 1174/1174/1174 1172/1172/1172 1171/1171/1171
f 1146/1146/1146 1145/1145/1145 1176/1176/1176
f 1147/1147/1147 1155/1155/1155 1175/1175/1175
f 1129/1129/1129 1157/1157/1157 1130/1130/1130
f 1167/1167/1167 1169/1169/1169 1170/1170/1170
f 1186/1186/1186 1185/1185/1185 1180/1180/1180
f 1180/1180/1180 1182/1182/1182 1187/1187/1187
f 1181/1181/1181 1188/1188/1188 1189/1189/1189
f 1183/1183/1183 1152/1152/1152 1190/1190/1190
f 1166/1166/1166 1168/1168/1168 1164/1164/1164
f 1171/1171/1171 1173/1173/1173 1184/1184/1184
f 1175/1175/1175 1176/1176/1176 1145/1145/1145
f 1158/1158/1158 1160/1160/1160 1159/1159/1159
f 1185/1185/1185 1186/1186/1186 1191/1191/1191
f 1182/1182/1182 1181/1181/1181 1192/1192/1192
f 1188/1188/1188 1181/1181/1181 1193/1193/1193
f 1190/1190/1190 1152/1152/1152 1194/1194/1194
f 1195/1195/1195 1178/1178/1178 1151/1151/1151
f 1184/1184/1184 1170/1170/1170 1169/1169/1169
f 1132/1132/1132 1150/1150/1150 1148/1148/1148
f 1509/1509/1509 1507/1507/1507 1508/1508/1508
f 1507/1507/1507 1509/1509/1509 1510/1510/1510
f 1513/1513/1513 1511/1511/1511 1512/1512/1512
f 1517/1517/1517 1516/1516/1516 1514/1514/1514
f 1519/1519/1519 1518/1518/1518 1516/1516/1516
f 1518/1518/1518 1519/1519/1519 1520/1520/1520
f 1516/1516/1516 1517/1517/1517 1519/1519/1519
f 1514/1514/1514 1515/1515/1515 1517/1517/1517
f 1511/1511/1511 1513/1513/1513 1515/1515/1515
f 1515/1515/1515 1514/1514/1514 1511/1511/1511
f 1555/1555/1555 1557/1557/1557 1558/1558/1558
f 1557/1557/1557 1555/1555/1555 1556/1556/1556
f 1499/1499/1499 1501/1501/1501 1502/1502/1502
f 1501/1501/1501 1499/1499/1499 1500/1500/1500
f 1485/1485/1485 1487/1487/1487 1488/1488/1488
f 1487/1487/1487 1485/1485/1485 1486/1486/1486
f 1350/1350/1350 1348/1348/1348 1349/1349/1349
f 1348/1348/1348 1350/1350/1350 1351/1351/1351
f 1333/1333/1333 1335/1335/1335 1336/1336/1336
f 1335/1335/1335 1333/1333/1333 1334/1334/1334
f 1503/1503/1503 1505/1505/1505 1506/1506/1506
f 1505/1505/1505 1503/1503/1503 1504/1504/1504
f 1523/1523/1523 1521/1521/1521 1522/1522/1522
f 1526/1526/1526 1524/1524/1524 1525/1525/1525
f 1528/1528/1528 1530/1530/1530 1525/1525/1525
f 1532/1532/1532 1534/1534/1534 1537/1537/1537
f 1527/1527/1527 1525/1525/1525 1535/1535/1535
f 1524/1524/1524 1526/1526/1526 1521/1521/1521
f 1525/1525/1525 1530/1530/1530 1535/1535/1535
f 1526/1526/1526 1525/1525/1525 1527/1527/1527
f 1530/1530/1530 1528/1528/1528 1529/1529/1529
f 1531/1531/1531 1533/1533/1533 1528/1528/1528
f 1528/1528/1528 1536/1536/1536 1529/1529/1529
f 1521/1521/1521 1523/1523/1523 1524/1524/1524
f 1534/1534/1534 1532/1532/1532 1531/1531/1531
f 1533/1533/1533 1531/1531/1531 1532/1532/1532
f 1536/1536/1536 1528/1528/1528 1533/1533/1533
f 1545/1545/1545 1547/1547/1547 1542/1542/1542
f 1547/1547/1547 1545/1545/1545 1546/1546/1546
f 1546/1546/1546 1550/1550/1550 1554/1554/1554
f 1544/1544/1544 1542/1542/1542 1543/1543/1543
f 1541/1541/1541 1539/1539/1539 1538/1538/1538
f 1540/1540/1540 1538/1538/1538 1539/1539/1539
f 1551/1551/1551 1546/1546/1546 1554/1554/1554
f 1542/1542/1542 1544/1544/1544 1545/1545/1545
f 1550/1550/1550 1546/1546/1546 1549/1549/1549
f 1538/1538/1538 1540/1540/1540 1549/1549/1549
f 1547/1547/1547 1546/1546/1546 1551/1551/1551
f 1550/1550/1550 1549/1549/1549 1552/1552/1552
f 1549/1549/1549 1540/1540/1540 1553/1553/1553
f 1539/1539/1539 1541/1541/1541 1548/1548/1548
f 1549/1549/1549 1553/1553/1553 1552/1552/1552
f 1495/1495/1495 1497/1497/1497 1498/1498/1498
f 1497/1497/1497 1495/1495/1495 1496/1496/1496
f 1481/1481/1481 1483/1483/1483 1484/1484/1484
f 1483/1483/1483 1481/1481/1481 1482/1482/1482
f 1378/1378/1378 1380/1380/1380 1382/1382/1382
f 1381/1381/1381 1382/1382/1382 1383/1383/1383
f 1382/1382/1382 1381/1381/1381 1378/1378/1378
f 1380/1380/1380 1378/1378/1378 1379/1379/1379
f 1478/1478/1478 1476/1476/1476 1477/1477/1477
f 1474/1474/1474 1476/1476/1476 1479/1479/1479
f 1476/1476/1476 1478/1478/1478 1479/1479/1479
f 1479/1479/1479 1478/1478/1478 1480/1480/1480
f 1476/1476/1476 1474/1474/1474 1475/1475/1475
f 1472/1472/1472 1469/1469/1469 1471/1471/1471
f 1470/1470/1470 1468/1468/1468 1469/1469/1469
f 1468/1468/1468 1470/1470/1470 1473/1473/1473
f 1469/1469/1469 1472/1472/1472 1470/1470/1470
f 1489/1489/1489 1491/1491/1491 1494/1494/1494
f 1492/1492/1492 1490/1490/1490 1489/1489/1489
f 1490/1490/1490 1492/1492/1492 1493/1493/1493
f 1491/1491/1491 1489/1489/1489 1490/1490/1490
f 4149/4149/4149 4153/4153/4153 4157/4157/4157
f 4147/4147/4147 4146/4146/4146 4149/4149/4149
f 4149/4149/4149 4157/4157/4157 4150/4150/4150
f 4143/4143/4143 4145/4145/4145 4146/4146/4146
f 4149/4149/4149 4156/4156/4156 4158/4158/4158
f 4145/4145/4145 4143/4143/4143 4144/4144/4144
f 4148/4148/4148 4146/4146/4146 4147/4147/4147
f 4151/4151/4151 4149/4149/4149 4150/4150/4150
f 4146/4146/4146 4155/4155/4155 4154/4154/4154
f 4153/4153/4153 4149/4149/4149 4152/4152/4152
f 4143/4143/4143 4146/4146/4146 4154/4154/4154
f 4146/4146/4146 4148/4148/4148 4155/4155/4155
f 4149/4149/4149 4158/4158/4158 4147/4147/4147
f 4149/4149/4149 4151/4151/4151 4156/4156/4156
f 4133/4133/4133 4135/4135/4135 4142/4142/4142
f 4136/4136/4136 4133/4133/4133 4142/4142/4142
f 4135/4135/4135 4133/4133/4133 4134/4134/4134
f 4133/4133/4133 4136/4136/4136 4137/4137/4137
f 4137/4137/4137 4138/4138/4138 4139/4139/4139
f 4138/4138/4138 4137/4137/4137 4136/4136/4136
f 4140/4140/4140 4139/4139/4139 4138/4138/4138
f 4139/4139/4139 4140/4140/4140 4141/4141/4141
f 4159/4159/4159 4161/4161/4161 4168/4168/4168
f 4164/4164/4164 4166/4166/4166 4165/4165/4165
f 4163/4163/4163 4164/4164/4164 4165/4165/4165
f 4159/4159/4159 4162/4162/4162 4163/4163/4163
f 4161/4161/4161 4159/4159/4159 4160/4160/4160
f 4166/4166/4166 4164/4164/4164 4167/4167/4167
f 4164/4164/4164 4163/4163/4163 4162/4162/4162
f 4162/4162/4162 4159/4159/4159 4168/4168/4168
f 4173/4173/4173 4174/4174/4174 4175/4175/4175
f 4171/4171/4171 4169/4169/4169 4170/4170/4170
f 4174/4174/4174 4173/4173/4173 4172/4172/4172
f 4172/4172/4172 4169/4169/4169 4178/4178/4178
f 4169/4169/4169 4171/4171/4171 4178/4178/4178
f 4176/4176/4176 4175/4175/4175 4174/4174/4174
f 4175/4175/4175 4176/4176/4176 4177/4177/4177
f 4169/4169/4169 4172/4172/4172 4173/4173/4173
f 4182/4182/4182 4179/4179/4179 4188/4188/4188
f 4184/4184/4184 4183/4183/4183 4182/4182/4182
f 4186/4186/4186 4185/4185/4185 4184/4184/4184
f 4185/4185/4185 4186/4186/4186 4187/4187/4187
f 4183/4183/4183 4184/4184/4184 4185/4185/4185
f 4179/4179/4179 4182/4182/4182 4183/4183/4183
f 4181/4181/4181 4179/4179/4179 4180/4180/4180
f 4179/4179/4179 4181/4181/4181 4188/4188/4188
f 3844/3844/3844 3846/3846/3846 3847/3847/3847
f 3846/3846/3846 3844/3844/3844 3845/3845/3845
f 3851/3851/3851 3848/3848/3848 3853/3853/3853
f 3850/3850/3850 3848/3848/3848 3849/3849/3849
f 3848/3848/3848 3850/3850/3850 3853/3853/3853
f 3848/3848/3848 3851/3851/3851 3852/3852/3852
f 3857/3857/3857 3854/3854/3854 3859/3859/3859
f 3854/3854/3854 3857/3857/3857 3858/3858/3858
f 3854/3854/3854 3856/3856/3856 3859/3859/3859
f 3856/3856/3856 3854/3854/3854 3855/3855/3855
f 3862/3862/3862 3860/3860/3860 3861/3861/3861
f 3861/3861/3861 3863/3863/3863 3864/3864/3864
f 3863/3863/3863 3865/3865/3865 3864/3864/3864
f 3865/3865/3865 3863/3863/3863 3866/3866/3866
f 3863/3863/3863 3861/3861/3861 3860/3860/3860
f 3860/3860/3860 3862/3862/3862 3867/3867/3867
f 3870/3870/3870 3868/3868/3868 3869/3869/3869
f 3868/3868/3868 3870/3870/3870 3873/3873/3873
f 3871/3871/3871 3868/3868/3868 3873/3873/3873
f 3868/3868/3868 3871/3871/3871 3872/3872/3872
f 3874/3874/3874 3876/3876/3876 3881/3881/3881
f 3877/3877/3877 3875/3875/3875 3874/3874/3874
f 3879/3879/3879 3877/3877/3877 3880/3880/3880
f 3877/3877/3877 3879/3879/3879 3878/3878/3878
f 3876/3876/3876 3874/3874/3874 3875/3875/3875
f 3875/3875/3875 3877/3877/3877 3878/3878/3878
f 3889/3889/3889 3887/3887/3887 3890/3890/3890
f 3886/3886/3886 3887/3887/3887 3888/3888/3888
f 3882/3882/3882 3885/3885/3885 3886/3886/3886
f 3885/3885/3885 3882/3882/3882 3891/3891/3891
f 3887/3887/3887 3886/3886/3886 3885/3885/3885
f 3887/3887/3887 3889/3889/3889 3888/3888/3888
f 3884/3884/3884 3882/3882/3882 3883/3883/3883
f 3882/3882/3882 3884/3884/3884 3891/3891/3891
f 3892/3892/3892 3894/3894/3894 3901/3901/3901
f 3895/3895/3895 3892/3892/3892 3901/3901/3901
f 3897/3897/3897 3895/3895/3895 3900/3900/3900
f 3898/3898/3898 3897/3897/3897 3900/3900/3900
f 3897/3897/3897 3898/3898/3898 3899/3899/3899
f 3895/3895/3895 3897/3897/3897 3896/3896/3896
f 3892/3892/3892 3895/3895/3895 3896/3896/3896
f 3894/3894/3894 3892/3892/3892 3893/3893/3893
f 3908/3908/3908 3907/3907/3907 3910/3910/3910
f 3907/3907/3907 3908/3908/3908 3909/3909/3909
f 3905/3905/3905 3907/3907/3907 3906/3906/3906
f 3903/3903/3903 3905/3905/3905 3906/3906/3906
f 3904/3904/3904 3902/3902/3902 3903/3903/3903
f 3905/3905/3905 3903/3903/3903 3902/3902/3902
f 3902/3902/3902 3904/3904/3904 3911/3911/3911
f 3907/3907/3907 3905/3905/3905 3910/3910/3910
f 3912/3912/3912 3914/3914/3914 3921/3921/3921
f 3915/3915/3915 3912/3912/3912 3920/3920/3920
f 3916/3916/3916 3915/3915/3915 3920/3920/3920
f 3914/3914/3914 3912/3912/3912 3913/3913/3913
f 3918/3918/3918 3917/3917/3917 3916/3916/3916
f 3917/3917/3917 3918/3918/3918 3919/3919/3919
f 3915/3915/3915 3916/3916/3916 3917/3917/3917
f 3912/3912/3912 3915/3915/3915 3913/3913/3913
f 3922/3922/3922 3924/3924/3924 3931/3931/3931
f 3922/3922/3922 3925/3925/3925 3923/3923/3923
f 3927/3927/3927 3926/3926/3926 3925/3925/3925
f 3926/3926/3926 3928/3928/3928 3929/3929/3929
f 3928/3928/3928 3926/3926/3926 3930/3930/3930
f 3926/3926/3926 3927/3927/3927 3930/3930/3930
f 3925/3925/3925 3922/3922/3922 3927/3927/3927
f 3924/3924/3924 3922/3922/3922 3923/3923/3923
f 4110/4110/4110 4108/4108/4108 4093/4093/4093
f 4109/4109/4109 4107/4107/4107 4108/4108/4108
f 4090/4090/4090 4105/4105/4105 4106/4106/4106
f 4104/4104/4104 4102/4102/4102 4103/4103/4103
f 4087/4087/4087 4100/4100/4100 4099/4099/4099
f 4085/4085/4085 4097/4097/4097 4098/4098/4098
f 4112/4112/4112 4094/4094/4094 4096/4096/4096
f 4097/4097/4097 4085/4085/4085 4084/4084/4084
f 4115/4115/4115 4113/4113/4113 4114/4114/4114
f 4087/4087/4087 4089/4089/4089 4100/4100/4100
f 4118/4118/4118 4116/4116/4116 4117/4117/4117
f 4095/4095/4095 4093/4093/4093 4094/4094/4094
f 4092/4092/4092 4090/4090/4090 4091/4091/4091
f 4089/4089/4089 4087/4087/4087 4088/4088/4088
f 4086/4086/4086 4084/4084/4084 4085/4085/4085
f 4102/4102/4102 4118/4118/4118 4117/4117/4117
f 4092/4092/4092 4091/4091/4091 4119/4119/4119
f 4119/4119/4119 4120/4120/4120 4121/4121/4121
f 4107/4107/4107 4109/4109/4109 4122/4122/4122
f 4093/4093/4093 4111/4111/4111 4110/4110/4110
f 4096/4096/4096 4086/4086/4086 4112/4112/4112
f 4113/4113/4113 4098/4098/4098 4097/4097/4097
f 4099/4099/4099 4101/4101/4101 4114/4114/4114
f 4123/4123/4123 4088/4088/4088 4116/4116/4116
f 4102/4102/4102 4104/4104/4104 4118/4118/4118
f 4120/4120/4120 4119/4119/4119 4091/4091/4091
f 4121/4121/4121 4124/4124/4124 4125/4125/4125
f 4090/4090/4090 4092/4092/4092 4105/4105/4105
f 4103/4103/4103 4132/4132/4132 4104/4104/4104
f 4108/4108/4108 4132/4132/4132 4103/4103/4103
f 4127/4127/4127 4130/4130/4130 4128/4128/4128
f 4113/4113/4113 4115/4115/4115 4098/4098/4098
f 4122/4122/4122 4130/4130/4130 4127/4127/4127
f 4126/4126/4126 4128/4128/4128 4125/4125/4125
f 4088/4088/4088 4123/4123/4123 4089/4089/4089
f 4108/4108/4108 4110/4110/4110 4131/4131/4131
f 4122/4122/4122 4109/4109/4109 4129/4129/4129
f 4126/4126/4126 4125/4125/4125 4124/4124/4124
f 4124/4124/4124 4121/4121/4121 4120/4120/4120
f 4116/4116/4116 4118/4118/4118 4123/4123/4123
f 4114/4114/4114 4101/4101/4101 4115/4115/4115
f 4094/4094/4094 4112/4112/4112 4095/4095/4095
f 4132/4132/4132 4108/4108/4108 4131/4131/4131
f 4108/4108/4108 4107/4107/4107 4093/4093/4093
f 4130/4130/4130 4122/4122/4122 4129/4129/4129
f 4093/4093/4093 4095/4095/4095 4111/4111/4111
f 4128/4128/4128 4126/4126/4126 4127/4127/4127
f 4084/4084/4084 4086/4086/4086 4096/4096/4096
f 4101/4101/4101 4099/4099/4099 4100/4100/4100
f 3936/3936/3936 3938/3938/3938 3939/3939/3939
f 3938/3938/3938 3936/3936/3936 3937/3937/3937
f 3934/3934/3934 3932/3932/3932 3933/3933/3933
f 3932/3932/3932 3934/3934/3934 3935/3935/3935
f 3940/3940/3940 3942/3942/3942 3943/3943/3943
f 3942/3942/3942 3940/3940/3940 3941/3941/3941
f 3946/3946/3946 3944/3944/3944 3945/3945/3945
f 3944/3944/3944 3946/3946/3946 3947/3947/3947
f 3948/3948/3948 3950/3950/3950 3951/3951/3951
f 3950/3950/3950 3948/3948/3948 3949/3949/3949
f 3959/3959/3959 3957/3957/3957 3962/3962/3962
f 3958/3958/3958 3959/3959/3959 3960/3960/3960
f 3958/3958/3958 3957/3957/3957 3959/3959/3959
f 3958/3958/3958 3956/3956/3956 3957/3957/3957
f 3956/3956/3956 3958/3958/3958 3961/3961/3961
f 3952/3952/3952 3954/3954/3954 3955/3955/3955
f 3954/3954/3954 3952/3952/3952 3953/3953/3953
f 3965/3965/3965 3963/3963/3963 3964/3964/3964
f 3963/3963/3963 3965/3965/3965 3966/3966/3966
f 3969/3969/3969 3967/3967/3967 3968/3968/3968
f 3967/3967/3967 3969/3969/3969 3970/3970/3970
f 3973/3973/3973 3971/3971/3971 3972/3972/3972
f 3971/3971/3971 3973/3973/3973 3974/3974/3974
f 3975/3975/3975 3977/3977/3977 3978/3978/3978
f 3977/3977/3977 3975/3975/3975 3976/3976/3976
f 3979/3979/3979 3981/3981/3981 3982/3982/3982
f 3981/3981/3981 3979/3979/3979 3980/3980/3980
f 3985/3985/3985 3983/3983/3983 3984/3984/3984
f 3983/3983/3983 3985/3985/3985 3986/3986/3986
f 3991/3991/3991 3993/3993/3993 4002/4002/4002
f 3994/3994/3994 3996/3996/3996 4001/4001/4001
f 3997/3997/3997 3995/3995/3995 3999/3999/3999
f 3993/3993/3993 3991/3991/3991 3992/3992/3992
f 3996/3996/3996 3994/3994/3994 3995/3995/3995
f 3993/3993/3993 3992/3992/3992 3995/3995/3995
f 3995/3995/3995 3997/3997/3997 3993/3993/3993
f 3996/3996/3996 3995/3995/3995 3992/3992/3992
f 3992/3992/3992 3998/3998/3998 3996/3996/3996
f 3998/3998/3998 3992/3992/3992 4000/4000/4000
f 3989/3989/3989 3987/3987/3987 3988/3988/3988
f 3987/3987/3987 3989/3989/3989 3990/3990/3990
f 4003/4003/4003 4005/4005/4005 4006/4006/4006
f 4005/4005/4005 4003/4003/4003 4004/4004/4004
f 4009/4009/4009 4007/4007/4007 4008/4008/4008
f 4007/4007/4007 4009/4009/4009 4010/4010/4010
f 4013/4013/4013 4011/4011/4011 4012/4012/4012
f 4011/4011/4011 4013/4013/4013 4014/4014/4014
f 4015/4015/4015 4017/4017/4017 4018/4018/4018
f 4017/4017/4017 4015/4015/4015 4016/4016/4016
f 4021/4021/4021 4019/4019/4019 4020/4020/4020
f 4019/4019/4019 4021/4021/4021 4022/4022/4022
f 4023/4023/4023 4025/4025/4025 4027/4027/4027
f 4025/4025/4025 4023/4023/4023 4024/4024/4024
f 4025/4025/4025 4024/4024/4024 4026/4026/4026
f 4028/4028/4028 4030/4030/4030 4031/4031/4031
f 4030/4030/4030 4028/4028/4028 4029/4029/4029
f 4032/4032/4032 4034/4034/4034 4035/4035/4035
f 4035/4035/4035 4034/4034/4034 4036/4036/4036
f 4034/4034/4034 4032/4032/4032 4033/4033/4033
f 4037/4037/4037 4039/4039/4039 4040/4040/4040
f 4039/4039/4039 4037/4037/4037 4038/4038/4038
f 4043/4043/4043 4041/4041/4041 4042/4042/4042
f 4041/4041/4041 4043/4043/4043 4044/4044/4044
f 4045/4045/4045 4047/4047/4047 4048/4048/4048
f 4047/4047/4047 4045/4045/4045 4046/4046/4046
f 4057/4057/4057 4054/4054/4054 4059/4059/4059
f 4055/4055/4055 4053/4053/4053 4054/4054/4054
f 4053/4053/4053 4055/4055/4055 4056/4056/4056
f 4055/4055/4055 4057/4057/4057 4058/4058/4058
f 4055/4055/4055 4054/4054/4054 4057/4057/4057
f 4051/4051/4051 4049/4049/4049 4050/4050/4050
f 4049/4049/4049 4051/4051/4051 4052/4052/4052
f 4062/4062/4062 4060/4060/4060 4061/4061/4061
f 4060/4060/4060 4062/4062/4062 4063/4063/4063
f 4066/4066/4066 4064/4064/4064 4065/4065/4065
f 4064/4064/4064 4066/4066/4066 4067/4067/4067
f 4068/4068/4068 4070/4070/4070 4071/4071/4071
f 4070/4070/4070 4068/4068/4068 4069/4069/4069
f 4072/4072/4072 4074/4074/4074 4075/4075/4075
f 4074/4074/4074 4072/4072/4072 4073/4073/4073
f 4078/4078/4078 4076/4076/4076 4077/4077/4077
f 4076/4076/4076 4078/4078/4078 4079/4079/4079
f 4080/4080/4080 4082/4082/4082 4083/4083/4083
f 4082/4082/4082 4080/4080/4080 4081/4081/4081
f 1370/1370/1370 1369/1369/1369 1371/1371/1371
f 1370/1370/1370 1368/1368/1368 1369/1369/1369
f 1368/1368/1368 1370/1370/1370 1372/1372/1372
f 1323/1323/1323 1325/1325/1325 1327/1327/1327
f 1325/1325/1325 1324/1324/1324 1326/1326/1326
f 1325/1325/1325 1323/1323/1323 1324/1324/1324
f 1328/1328/1328 1330/1330/1330 1332/1332/1332
f 1330/1330/1330 1329/1329/1329 1331/1331/1331
f 1330/1330/1330 1328/1328/1328 1329/1329/1329
f 1339/1339/1339 1337/1337/1337 1338/1338/1338
f 1337/1337/1337 1339/1339/1339 1341/1341/1341
f 1339/1339/1339 1338/1338/1338 1340/1340/1340
f 1352/1352/1352 1354/1354/1354 1355/1355/1355
f 1355/1355/1355 1354/1354/1354 1356/1356/1356
f 1354/1354/1354 1352/1352/1352 1353/1353/1353
f 1357/1357/1357 1359/1359/1359 1360/1360/1360
f 1359/1359/1359 1357/1357/1357 1358/1358/1358
f 1360/1360/1360 1359/1359/1359 1361/1361/1361
f 1364/1364/1364 1363/1363/1363 1366/1366/1366
f 1364/1364/1364 1366/1366/1366 1367/1367/1367
f 1362/1362/1362 1364/1364/1364 1365/1365/1365
f 1364/1364/1364 1362/1362/1362 1363/1363/1363
f 1376/1376/1376 1375/1375/1375 1377/1377/1377
f 1373/1373/1373 1375/1375/1375 1376/1376/1376
f 1375/1375/1375 1373/1373/1373 1374/1374/1374
f 3789/3789/3789 3790/3790/3790 3843/3843/3843
f 3819/3819/3819 3832/3832/3832 3823/3823/3823
f 3781/3781/3781 3841/3841/3841 3842/3842/3842
f 3837/3837/3837 3821/3821/3821 3824/3824/3824
f 3766/3766/3766 3764/3764/3764 3765/3765/3765
f 3765/3765/3765 3764/3764/3764 3767/3767/3767
f 3767/3767/3767 3764/3764/3764 3768/3768/3768
f 3769/3769/3769 3768/3768/3768 3764/3764/3764
f 3772/3772/3772 3770/3770/3770 3771/3771/3771
f 3774/3774/3774 3764/3764/3764 3773/3773/3773
f 3768/3768/3768 3769/3769/3769 3775/3775/3775
f 3764/3764/3764 3774/3774/3774 3770/3770/3770
f 3837/3837/3837 3839/3839/3839 3776/3776/3776
f 3781/3781/3781 3837/3837/3837 3840/3840/3840
f 3839/3839/3839 3786/3786/3786 3835/3835/3835
f 3838/3838/3838 3776/3776/3776 3779/3779/3779
f 3786/3786/3786 3787/3787/3787 3801/3801/3801
f 3837/3837/3837 3781/3781/3781 3786/3786/3786
f 3841/3841/3841 3781/3781/3781 3840/3840/3840
f 3839/3839/3839 3837/3837/3837 3786/3786/3786
f 3837/3837/3837 3838/3838/3838 3821/3821/3821
f 3838/3838/3838 3837/3837/3837 3776/3776/3776
f 3823/3823/3823 3811/3811/3811 3795/3795/3795
f 3764/3764/3764 3766/3766/3766 3773/3773/3773
f 3770/3770/3770 3772/3772/3772 3764/3764/3764
f 3777/3777/3777 3776/3776/3776 3775/3775/3775
f 3772/3772/3772 3771/3771/3771 3778/3778/3778
f 3777/3777/3777 3775/3775/3775 3769/3769/3769
f 3776/3776/3776 3777/3777/3777 3779/3779/3779
f 3782/3782/3782 3780/3780/3780 3781/3781/3781
f 3784/3784/3784 3781/3781/3781 3783/3783/3783
f 3780/3780/3780 3782/3782/3782 3785/3785/3785
f 3787/3787/3787 3786/3786/3786 3781/3781/3781
f 3781/3781/3781 3780/3780/3780 3783/3783/3783
f 3781/3781/3781 3784/3784/3784 3787/3787/3787
f 3826/3826/3826 3813/3813/3813 3836/3836/3836
f 3784/3784/3784 3788/3788/3788 3789/3789/3789
f 3788/3788/3788 3784/3784/3784 3783/3783/3783
f 3790/3790/3790 3789/3789/3789 3788/3788/3788
f 3792/3792/3792 3788/3788/3788 3791/3791/3791
f 3788/3788/3788 3792/3792/3792 3790/3790/3790
f 3793/3793/3793 3792/3792/3792 3791/3791/3791
f 3792/3792/3792 3793/3793/3793 3794/3794/3794
f 3796/3796/3796 3791/3791/3791 3795/3795/3795
f 3798/3798/3798 3797/3797/3797 3795/3795/3795
f 3798/3798/3798 3786/3786/3786 3799/3799/3799
f 3802/3802/3802 3800/3800/3800 3801/3801/3801
f 3791/3791/3791 3796/3796/3796 3793/3793/3793
f 3786/3786/3786 3834/3834/3834 3835/3835/3835
f 3817/3817/3817 3823/3823/3823 3795/3795/3795
f 3786/3786/3786 3829/3829/3829 3834/3834/3834
f 3813/3813/3813 3826/3826/3826 3821/3821/3821
f 3827/3827/3827 3832/3832/3832 3819/3819/3819
f 3811/3811/3811 3823/3823/3823 3833/3833/3833
f 3795/3795/3795 3820/3820/3820 3830/3830/3830
f 3832/3832/3832 3827/3827/3827 3826/3826/3826
f 3824/3824/3824 3827/3827/3827 3825/3825/3825
f 3811/3811/3811 3815/3815/3815 3831/3831/3831
f 3795/3795/3795 3828/3828/3828 3786/3786/3786
f 3826/3826/3826 3824/3824/3824 3821/3821/3821
f 3824/3824/3824 3818/3818/3818 3817/3817/3817
f 3813/3813/3813 3822/3822/3822 3816/3816/3816
f 3812/3812/3812 3811/3811/3811 3831/3831/3831
f 3828/3828/3828 3795/3795/3795 3830/3830/3830
f 3829/3829/3829 3786/3786/3786 3828/3828/3828
f 3827/3827/3827 3824/3824/3824 3826/3826/3826
f 3818/3818/3818 3824/3824/3824 3825/3825/3825
f 3817/3817/3817 3819/3819/3819 3823/3823/3823
f 3822/3822/3822 3813/3813/3813 3821/3821/3821
f 3813/3813/3813 3815/3815/3815 3811/3811/3811
f 3795/3795/3795 3810/3810/3810 3820/3820/3820
f 3819/3819/3819 3817/3817/3817 3818/3818/3818
f 3814/3814/3814 3813/3813/3813 3816/3816/3816
f 3811/3811/3811 3809/3809/3809 3795/3795/3795
f 3803/3803/3803 3796/3796/3796 3795/3795/3795
f 3815/3815/3815 3813/3813/3813 3814/3814/3814
f 3809/3809/3809 3811/3811/3811 3812/3812/3812
f 3810/3810/3810 3795/3795/3795 3809/3809/3809
f 3797/3797/3797 3798/3798/3798 3808/3808/3808
f 3801/3801/3801 3800/3800/3800 3786/3786/3786
f 3803/3803/3803 3804/3804/3804 3802/3802/3802
f 3800/3800/3800 3802/3802/3802 3804/3804/3804
f 3800/3800/3800 3799/3799/3799 3786/3786/3786
f 3797/3797/3797 3803/3803/3803 3795/3795/3795
f 3796/3796/3796 3803/3803/3803 3807/3807/3807
f 3802/3802/3802 3801/3801/3801 3806/3806/3806
f 3799/3799/3799 3800/3800/3800 3805/3805/3805
f 3786/3786/3786 3798/3798/3798 3795/3795/3795
f 3804/3804/3804 3803/3803/3803 3797/3797/3797
f 1561/1561/1561 1559/1559/1559 1560/1560/1560
f 1559/1559/1559 1561/1561/1561 1562/1562/1562
f 1342/1342/1342 1344/1344/1344 1347/1347/1347
f 1345/1345/1345 1342/1342/1342 1346/1346/1346
f 1343/1343/1343 1342/1342/1342 1345/1345/1345
f 1344/1344/1344 1342/1342/1342 1343/1343/1343
f 1415/1415/1415 1414/1414/1414 1421/1421/1421
f 1420/1420/1420 1418/1418/1418 1412/1412/1412
f 1416/1416/1416 1415/1415/1415 1421/1421/1421
f 1411/1411/1411 1412/1412/1412 1418/1418/1418
f 1419/1419/1419 1416/1416/1416 1420/1420/1420
f 1416/1416/1416 1418/1418/1418 1420/1420/1420
f 1397/1397/1397 1398/1398/1398 1409/1409/1409
f 1415/1415/1415 1416/1416/1416 1419/1419/1419
f 1386/1386/1386 1384/1384/1384 1385/1385/1385
f 1403/1403/1403 1414/1414/1414 1415/1415/1415
f 1385/1385/1385 1406/1406/1406 1407/1407/1407
f 1414/1414/1414 1403/1403/1403 1402/1402/1402
f 1392/1392/1392 1400/1400/1400 1404/1404/1404
f 1408/1408/1408 1409/1409/1409 1387/1387/1387
f 1412/1412/1412 1395/1395/1395 1386/1386/1386
f 1401/1401/1401 1403/1403/1403 1392/1392/1392
f 1393/1393/1393 1390/1390/1390 1410/1410/1410
f 1408/1408/1408 1387/1387/1387 1413/1413/1413
f 1388/1388/1388 1387/1387/1387 1385/1385/1385
f 1391/1391/1391 1389/1389/1389 1390/1390/1390
f 1394/1394/1394 1392/1392/1392 1393/1393/1393
f 1387/1387/1387 1396/1396/1396 1413/1413/1413
f 1412/1412/1412 1411/1411/1411 1395/1395/1395
f 1392/1392/1392 1405/1405/1405 1401/1401/1401
f 1394/1394/1394 1393/1393/1393 1410/1410/1410
f 1390/1390/1390 1393/1393/1393 1391/1391/1391
f 1389/1389/1389 1399/1399/1399 1398/1398/1398
f 1409/1409/1409 1408/1408/1408 1397/1397/1397
f 1388/1388/1388 1385/1385/1385 1407/1407/1407
f 1385/1385/1385 1384/1384/1384 1406/1406/1406
f 1405/1405/1405 1392/1392/1392 1404/1404/1404
f 1403/1403/1403 1401/1401/1401 1402/1402/1402
f 1392/1392/1392 1394/1394/1394 1400/1400/1400
f 1389/1389/1389 1391/1391/1391 1399/1399/1399
f 1398/1398/1398 1397/1397/1397 1389/1389/1389
f 1387/1387/1387 1388/1388/1388 1396/1396/1396
f 1384/1384/1384 1386/1386/1386 1395/1395/1395
f 1418/1418/1418 1416/1416/1416 1417/1417/1417
f 136/136/136 137/137/137 138/138/138
f 145/145/145 147/147/147 141/141/141
f 126/126/126 128/128/128 146/146/146
f 138/138/138 137/137/137 139/139/139
f 129/129/129 131/131/131 143/143/143
f 147/147/147 146/146/146 128/128/128
f 141/141/141 139/139/139 140/140/140
f 124/124/124 117/117/117 122/122/122
f 130/130/130 133/133/133 131/131/131
f 117/117/117 115/115/115 116/116/116
f 120/120/120 118/118/118 119/119/119
f 123/123/123 121/121/121 122/122/122
f 117/117/117 124/124/124 125/125/125
f 141/141/141 140/140/140 145/145/145
f 132/132/132 133/133/133 144/144/144
f 115/115/115 117/117/117 125/125/125
f 128/128/128 126/126/126 127/127/127
f 120/120/120 142/142/142 143/143/143
f 129/129/129 143/143/143 142/142/142
f 142/142/142 120/120/120 119/119/119
f 147/147/147 145/145/145 146/146/146
f 139/139/139 141/141/141 138/138/138
f 137/137/137 136/136/136 135/135/135
f 135/135/135 116/116/116 134/134/134
f 122/122/122 121/121/121 124/124/124
f 118/118/118 120/120/120 127/127/127
f 133/133/133 130/130/130 144/144/144
f 118/118/118 127/127/127 126/126/126
f 131/131/131 129/129/129 130/130/130
f 133/133/133 132/132/132 123/123/123
f 121/121/121 123/123/123 132/132/132
f 116/116/116 115/115/115 134/134/134
f 116/116/116 135/135/135 136/136/136
f 85/85/85 83/83/83 84/84/84
f 94/94/94 95/95/95 96/96/96
f 96/96/96 97/97/97 98/98/98
f 97/97/97 96/96/96 95/95/95
f 95/95/95 94/94/94 93/93/93
f 93/93/93 92/92/92 91/91/91
f 89/89/89 88/88/88 87/87/87
f 83/83/83 85/85/85 86/86/86
f 91/91/91 90/90/90 89/89/89
f 87/87/87 86/86/86 85/85/85
f 86/86/86 87/87/87 88/88/88
f 88/88/88 89/89/89 90/90/90
f 92/92/92 93/93/93 94/94/94
f 90/90/90 91/91/91 92/92/92
f 106/106/106 107/107/107 108/108/108
f 104/104/104 105/105/105 106/106/106
f 102/102/102 103/103/103 104/104/104
f 99/99/99 101/101/101 102/102/102
f 108/108/108 109/109/109 110/110/110
f 110/110/110 111/111/111 112/112/112
f 112/112/112 113/113/113 114/114/114
f 101/101/101 99/99/99 100/100/100
f 103/103/103 102/102/102 101/101/101
f 105/105/105 104/104/104 103/103/103
f 107/107/107 106/106/106 105/105/105
f 109/109/109 108/108/108 107/107/107
f 111/111/111 110/110/110 109/109/109
f 113/113/113 112/112/112 111/111/111
f 1563/1563/1563 1565/1565/1565 1567/1567/1567
f 1568/1568/1568 1569/1569/1569 1571/1571/1571
f 1570/1570/1570 1571/1571/1571 1572/1572/1572
f 1571/1571/1571 1570/1570/1570 1568/1568/1568
f 1569/1569/1569 1568/1568/1568 1566/1566/1566
f 1567/1567/1567 1566/1566/1566 1563/1563/1563
f 1565/1565/1565 1563/1563/1563 1564/1564/1564
f 1566/1566/1566 1567/1567/1567 1569/1569/1569
f 229/229/229 228/228/228 227/227/227
f 231/231/231 230/230/230 229/229/229
f 233/233/233 232/232/232 231/231/231
f 235/235/235 234/234/234 233/233/233
f 237/237/237 236/236/236 235/235/235
f 239/239/239 238/238/238 237/237/237
f 238/238/238 239/239/239 240/240/240
f 236/236/236 237/237/237 238/238/238
f 234/234/234 235/235/235 236/236/236
f 219/219/219 218/218/218 217/217/217
f 199/199/199 197/197/197 198/198/198
f 208/208/208 209/209/209 210/210/210
f 217/217/217 216/216/216 215/215/215
f 215/215/215 214/214/214 213/213/213
f 232/232/232 233/233/233 234/234/234
f 213/213/213 212/212/212 211/211/211
f 227/227/227 226/226/226 225/225/225
f 230/230/230 231/231/231 232/232/232
f 209/209/209 208/208/208 207/207/207
f 207/207/207 206/206/206 205/205/205
f 205/205/205 204/204/204 203/203/203
f 203/203/203 202/202/202 201/201/201
f 228/228/228 229/229/229 230/230/230
f 226/226/226 227/227/227 228/228/228
f 224/224/224 225/225/225 226/226/226
f 222/222/222 223/223/223 224/224/224
f 220/220/220 221/221/221 222/222/222
f 218/218/218 219/219/219 220/220/220
f 216/216/216 217/217/217 218/218/218
f 214/214/214 215/215/215 216/216/216
f 212/212/212 213/213/213 214/214/214
f 210/210/210 211/211/211 212/212/212
f 201/201/201 200/200/200 199/199/199
f 225/225/225 224/224/224 223/223/223
f 223/223/223 222/222/222 221/221/221
f 211/211/211 210/210/210 209/209/209
f 197/197/197 199/199/199 200/200/200
f 206/206/206 207/207/207 208/208/208
f 202/202/202 203/203/203 204/204/204
f 221/221/221 220/220/220 219/219/219
f 204/204/204 205/205/205 206/206/206
f 200/200/200 201/201/201 202/202/202
f 285/285/285 287/287/287 288/288/288
f 289/289/289 251/251/251 250/250/250
f 289/289/289 285/285/285 290/290/290
f 285/285/285 289/289/289 250/250/250
f 285/285/285 288/288/288 290/290/290
f 285/285/285 286/286/286 287/287/287
f 286/286/286 285/285/285 281/281/281
f 281/281/281 283/283/283 284/284/284
f 283/283/283 281/281/281 282/282/282
f 267/267/267 268/268/268 269/269/269
f 275/275/275 276/276/276 277/277/277
f 280/280/280 279/279/279 278/278/278
f 278/278/278 277/277/277 276/276/276
f 276/276/276 275/275/275 274/274/274
f 274/274/274 273/273/273 272/272/272
f 272/272/272 271/271/271 270/270/270
f 270/270/270 269/269/269 268/268/268
f 281/281/281 284/284/284 286/286/286
f 268/268/268 267/267/267 266/266/266
f 266/266/266 265/265/265 264/264/264
f 264/264/264 263/263/263 262/262/262
f 262/262/262 261/261/261 260/260/260
f 260/260/260 259/259/259 258/258/258
f 258/258/258 257/257/257 256/256/256
f 256/256/256 255/255/255 254/254/254
f 254/254/254 253/253/253 252/252/252
f 252/252/252 250/250/250 251/251/251
f 279/279/279 280/280/280 292/292/292
f 250/250/250 252/252/252 253/253/253
f 253/253/253 254/254/254 255/255/255
f 277/277/277 278/278/278 279/279/279
f 269/269/269 270/270/270 271/271/271
f 271/271/271 272/272/272 273/273/273
f 255/255/255 256/256/256 257/257/257
f 257/257/257 258/258/258 259/259/259
f 259/259/259 260/260/260 261/261/261
f 265/265/265 266/266/266 267/267/267
f 263/263/263 264/264/264 265/265/265
f 261/261/261 262/262/262 263/263/263
f 273/273/273 274/274/274 275/275/275
f 251/251/251 289/289/289 291/291/291
f 971/971/971 975/975/975 973/973/973
f 974/974/974 979/979/979 976/976/976
f 977/977/977 981/981/981 978/978/978
f 980/980/980 984/984/984 982/982/982
f 983/983/983 988/988/988 985/985/985
f 986/986/986 991/991/991 987/987/987
f 989/989/989 993/993/993 990/990/990
f 992/992/992 996/996/996 994/994/994
f 996/996/996 995/995/995 997/997/997
f 996/996/996 992/992/992 995/995/995
f 993/993/993 992/992/992 994/994/994
f 970/970/970 972/972/972 998/998/998
f 989/989/989 991/991/991 986/986/986
f 991/991/991 989/989/989 990/990/990
f 986/986/986 988/988/988 983/983/983
f 988/988/988 986/986/986 987/987/987
f 984/984/984 983/983/983 985/985/985
f 984/984/984 980/980/980 983/983/983
f 981/981/981 980/980/980 982/982/982
f 981/981/981 977/977/977 980/980/980
f 977/977/977 979/979/979 974/974/974
f 979/979/979 977/977/977 978/978/978
f 975/975/975 974/974/974 976/976/976
f 975/975/975 971/971/971 974/974/974
f 972/972/972 971/971/971 973/973/973
f 972/972/972 970/970/970 971/971/971
f 993/993/993 989/989/989 992/992/992
f 1286/1286/1286 1288/1288/1288 1283/1283/1283
f 1288/1288/1288 1286/1286/1286 1287/1287/1287
f 1286/1286/1286 1290/1290/1290 1291/1291/1291
f 1290/1290/1290 1289/1289/1289 1292/1292/1292
f 1294/1294/1294 1289/1289/1289 1293/1293/1293
f 1294/1294/1294 1293/1293/1293 1295/1295/1295
f 1298/1298/1298 1296/1296/1296 1297/1297/1297
f 1296/1296/1296 1298/1298/1298 1293/1293/1293
f 1300/1300/1300 1296/1296/1296 1299/1299/1299
f 1300/1300/1300 1299/1299/1299 1301/1301/1301
f 1304/1304/1304 1302/1302/1302 1303/1303/1303
f 1303/1303/1303 1305/1305/1305 1304/1304/1304
f 1305/1305/1305 1303/1303/1303 1306/1306/1306
f 1269/1269/1269 1274/1274/1274 1270/1270/1270
f 1305/1305/1305 1306/1306/1306 1307/1307/1307
f 1310/1310/1310 1308/1308/1308 1309/1309/1309
f 1308/1308/1308 1307/1307/1307 1306/1306/1306
f 1310/1310/1310 1309/1309/1309 1311/1311/1311
f 1313/1313/1313 1312/1312/1312 1301/1301/1301
f 1284/1284/1284 1283/1283/1283 1285/1285/1285
f 1314/1314/1314 1315/1315/1315 1302/1302/1302
f 1313/1313/1313 1299/1299/1299 1316/1316/1316
f 1299/1299/1299 1313/1313/1313 1301/1301/1301
f 1312/1312/1312 1313/1313/1313 1315/1315/1315
f 1308/1308/1308 1310/1310/1310 1307/1307/1307
f 1302/1302/1302 1304/1304/1304 1314/1314/1314
f 1296/1296/1296 1300/1300/1300 1297/1297/1297
f 1293/1293/1293 1298/1298/1298 1295/1295/1295
f 1289/1289/1289 1294/1294/1294 1292/1292/1292
f 1286/1286/1286 1291/1291/1291 1287/1287/1287
f 1261/1261/1261 1259/1259/1259 1260/1260/1260
f 1257/1257/1257 1256/1256/1256 1258/1258/1258
f 1257/1257/1257 1253/1253/1253 1256/1256/1256
f 1283/1283/1283 1288/1288/1288 1285/1285/1285
f 1279/1279/1279 1284/1284/1284 1282/1282/1282
f 1276/1276/1276 1281/1281/1281 1277/1277/1277
f 1272/1272/1272 1278/1278/1278 1275/1275/1275
f 1253/1253/1253 1255/1255/1255 1250/1250/1250
f 1255/1255/1255 1253/1253/1253 1254/1254/1254
f 1251/1251/1251 1250/1250/1250 1252/1252/1252
f 1251/1251/1251 1246/1246/1246 1250/1250/1250
f 1247/1247/1247 1246/1246/1246 1249/1249/1249
f 1242/1242/1242 1247/1247/1247 1248/1248/1248
f 1247/1247/1247 1242/1242/1242 1246/1246/1246
f 1242/1242/1242 1244/1244/1244 1245/1245/1245
f 1244/1244/1244 1242/1242/1242 1243/1243/1243
f 1284/1284/1284 1279/1279/1279 1283/1283/1283
f 1280/1280/1280 1279/1279/1279 1282/1282/1282
f 1279/1279/1279 1281/1281/1281 1276/1276/1276
f 1281/1281/1281 1279/1279/1279 1280/1280/1280
f 1276/1276/1276 1278/1278/1278 1272/1272/1272
f 1278/1278/1278 1276/1276/1276 1277/1277/1277
f 1273/1273/1273 1272/1272/1272 1275/1275/1275
f 1269/1269/1269 1273/1273/1273 1274/1274/1274
f 1273/1273/1273 1269/1269/1269 1272/1272/1272
f 1269/1269/1269 1271/1271/1271 1266/1266/1266
f 1271/1271/1271 1269/1269/1269 1270/1270/1270
f 1259/1259/1259 1261/1261/1261 1256/1256/1256
f 1264/1264/1264 1262/1262/1262 1263/1263/1263
f 1267/1267/1267 1266/1266/1266 1268/1268/1268
f 1267/1267/1267 1262/1262/1262 1266/1266/1266
f 1262/1262/1262 1264/1264/1264 1259/1259/1259
f 1263/1263/1263 1262/1262/1262 1265/1265/1265
f 1315/1315/1315 1314/1314/1314 1312/1312/1312
f 1245/1245/1245 1244/1244/1244 1317/1317/1317
f 1242/1242/1242 1248/1248/1248 1243/1243/1243
f 1246/1246/1246 1251/1251/1251 1249/1249/1249
f 1250/1250/1250 1255/1255/1255 1252/1252/1252
f 1253/1253/1253 1257/1257/1257 1254/1254/1254
f 1256/1256/1256 1261/1261/1261 1258/1258/1258
f 1259/1259/1259 1264/1264/1264 1260/1260/1260
f 1262/1262/1262 1267/1267/1267 1265/1265/1265
f 1266/1266/1266 1271/1271/1271 1268/1268/1268
f 1290/1290/1290 1286/1286/1286 1289/1289/1289
f 3241/3241/3241 3240/3240/3240 3242/3242/3242
f 3236/3236/3236 3238/3238/3238 3239/3239/3239
f 3233/3233/3233 3235/3235/3235 3237/3237/3237
f 3233/3233/3233 3232/3232/3232 3234/3234/3234
f 3228/3228/3228 3230/3230/3230 3231/3231/3231
f 3226/3226/3226 3227/3227/3227 3229/3229/3229
f 3261/3261/3261 3357/3357/3357 3262/3262/3262
f 3358/3358/3358 3359/3359/3359 3360/3360/3360
f 3358/3358/3358 3361/3361/3361 3364/3364/3364
f 3223/3223/3223 3225/3225/3225 3226/3226/3226
f 3223/3223/3223 3222/3222/3222 3224/3224/3224
f 3218/3218/3218 3220/3220/3220 3221/3221/3221
f 3215/3215/3215 3217/3217/3217 3219/3219/3219
f 3358/3358/3358 3363/3363/3363 3291/3291/3291
f 3291/3291/3291 3368/3368/3368 3290/3290/3290
f 3215/3215/3215 3214/3214/3214 3216/3216/3216
f 3361/3361/3361 3358/3358/3358 3360/3360/3360
f 3262/3262/3262 3359/3359/3359 3258/3258/3258
f 3359/3359/3359 3262/3262/3262 3357/3357/3357
f 3359/3359/3359 3358/3358/3358 3258/3258/3258
f 3357/3357/3357 3261/3261/3261 3354/3354/3354
f 3266/3266/3266 3355/3355/3355 3261/3261/3261
f 3355/3355/3355 3353/3353/3353 3356/3356/3356
f 3289/3289/3289 3369/3369/3369 3372/3372/3372
f 3355/3355/3355 3266/3266/3266 3353/3353/3353
f 3355/3355/3355 3354/3354/3354 3261/3261/3261
f 3244/3244/3244 3246/3246/3246 3287/3287/3287
f 3288/3288/3288 3375/3375/3375 3376/3376/3376
f 3294/3294/3294 3376/3376/3376 3378/3378/3378
f 3287/3287/3287 3377/3377/3377 3379/3379/3379
f 3379/3379/3379 3380/3380/3380 3383/3383/3383
f 3352/3352/3352 3269/3269/3269 3292/3292/3292
f 3353/3353/3353 3269/3269/3269 3352/3352/3352
f 3351/3351/3351 3292/3292/3292 3350/3350/3350
f 3292/3292/3292 3349/3349/3349 3347/3347/3347
f 3292/3292/3292 3348/3348/3348 3349/3349/3349
f 3348/3348/3348 3292/3292/3292 3293/3293/3293
f 3345/3345/3345 3292/3292/3292 3347/3347/3347
f 3346/3346/3346 3292/3292/3292 3345/3345/3345
f 3293/3293/3293 3342/3342/3342 3344/3344/3344
f 3342/3342/3342 3340/3340/3340 3343/3343/3343
f 3342/3342/3342 3293/3293/3293 3340/3340/3340
f 3341/3341/3341 3340/3340/3340 3339/3339/3339
f 3339/3339/3339 3271/3271/3271 3276/3276/3276
f 3276/3276/3276 3337/3337/3337 3338/3338/3338
f 3337/3337/3337 3276/3276/3276 3280/3280/3280
f 3279/3279/3279 3334/3334/3334 3280/3280/3280
f 3286/3286/3286 3382/3382/3382 3387/3387/3387
f 3285/3285/3285 3386/3386/3386 3388/3388/3388
f 3334/3334/3334 3279/3279/3279 3336/3336/3336
f 3335/3335/3335 3280/3280/3280 3334/3334/3334
f 3284/3284/3284 3389/3389/3389 3393/3393/3393
f 3392/3392/3392 3391/3391/3391 3424/3424/3424
f 3288/3288/3288 3371/3371/3371 3374/3374/3374
f 3247/3247/3247 3249/3249/3249 3251/3251/3251
f 3333/3333/3333 3279/3279/3279 3332/3332/3332
f 3331/3331/3331 3279/3279/3279 3330/3330/3330
f 3248/3248/3248 3321/3321/3321 3319/3319/3319
f 3247/3247/3247 3325/3325/3325 3322/3322/3322
f 3283/3283/3283 3394/3394/3394 3396/3396/3396
f 3326/3326/3326 3294/3294/3294 3329/3329/3329
f 3247/3247/3247 3328/3328/3328 3323/3323/3323
f 3247/3247/3247 3327/3327/3327 3328/3328/3328
f 3327/3327/3327 3247/3247/3247 3326/3326/3326
f 3233/3233/3233 3395/3395/3395 3397/3397/3397
f 3247/3247/3247 3324/3324/3324 3325/3325/3325
f 3324/3324/3324 3247/3247/3247 3323/3323/3323
f 3320/3320/3320 3247/3247/3247 3322/3322/3322
f 3247/3247/3247 3321/3321/3321 3248/3248/3248
f 3321/3321/3321 3247/3247/3247 3320/3320/3320
f 3318/3318/3318 3248/3248/3248 3319/3319/3319
f 3317/3317/3317 3248/3248/3248 3318/3318/3318
f 3317/3317/3317 3313/3313/3313 3248/3248/3248
f 3313/3313/3313 3317/3317/3317 3316/3316/3316
f 3313/3313/3313 3315/3315/3315 3310/3310/3310
f 3228/3228/3228 3398/3398/3398 3399/3399/3399
f 3314/3314/3314 3313/3313/3313 3316/3316/3316
f 3315/3315/3315 3313/3313/3313 3314/3314/3314
f 3287/3287/3287 3312/3312/3312 3299/3299/3299
f 3287/3287/3287 3301/3301/3301 3312/3312/3312
f 3246/3246/3246 3305/3305/3305 3302/3302/3302
f 3250/3250/3250 3252/3252/3252 3255/3255/3255
f 3229/3229/3229 3400/3400/3400 3401/3401/3401
f 3226/3226/3226 3403/3403/3403 3406/3406/3406
f 3404/3404/3404 3406/3406/3406 3403/3403/3403
f 3406/3406/3406 3409/3409/3409 3282/3282/3282
f 3409/3409/3409 3410/3410/3410 3282/3282/3282
f 3223/3223/3223 3411/3411/3411 3218/3218/3218
f 3253/3253/3253 3254/3254/3254 3256/3256/3256
f 3258/3258/3258 3257/3257/3257 3259/3259/3259
f 3258/3258/3258 3260/3260/3260 3262/3262/3262
f 3261/3261/3261 3263/3263/3263 3264/3264/3264
f 3266/3266/3266 3265/3265/3265 3267/3267/3267
f 3266/3266/3266 3268/3268/3268 3269/3269/3269
f 3269/3269/3269 3270/3270/3270 3272/3272/3272
f 3271/3271/3271 3273/3273/3273 3274/3274/3274
f 3276/3276/3276 3275/3275/3275 3277/3277/3277
f 3276/3276/3276 3278/3278/3278 3280/3280/3280
f 3279/3279/3279 3281/3281/3281 3330/3330/3330
f 3282/3282/3282 3226/3226/3226 3406/3406/3406
f 3218/3218/3218 3413/3413/3413 3219/3219/3219
f 3219/3219/3219 3416/3416/3416 3215/3215/3215
f 3283/3283/3283 3236/3236/3236 3284/3284/3284
f 3284/3284/3284 3241/3241/3241 3285/3285/3285
f 3285/3285/3285 3244/3244/3244 3286/3286/3286
f 3286/3286/3286 3287/3287/3287 3379/3379/3379
f 3288/3288/3288 3251/3251/3251 3289/3289/3289
f 3289/3289/3289 3250/3250/3250 3290/3290/3290
f 3290/3290/3290 3253/3253/3253 3291/3291/3291
f 3354/3354/3354 3355/3355/3355 3425/3425/3425
f 3212/3212/3212 3418/3418/3418 3420/3420/3420
f 3291/3291/3291 3258/3258/3258 3358/3358/3358
f 3292/3292/3292 3272/3272/3272 3293/3293/3293
f 3293/3293/3293 3271/3271/3271 3340/3340/3340
f 3294/3294/3294 3297/3297/3297 3329/3329/3329
f 3310/3310/3310 3315/3315/3315 3311/3311/3311
f 3279/3279/3279 3331/3331/3331 3332/3332/3332
f 3279/3279/3279 3333/3333/3333 3336/3336/3336
f 3280/3280/3280 3335/3335/3335 3337/3337/3337
f 3276/3276/3276 3338/3338/3338 3339/3339/3339
f 3271/3271/3271 3339/3339/3339 3340/3340/3340
f 3340/3340/3340 3341/3341/3341 3343/3343/3343
f 3293/3293/3293 3344/3344/3344 3348/3348/3348
f 3212/3212/3212 3421/3421/3421 3422/3422/3422
f 3214/3214/3214 3212/3212/3212 3213/3213/3213
f 3212/3212/3212 3214/3214/3214 3215/3215/3215
f 3217/3217/3217 3215/3215/3215 3216/3216/3216
f 3220/3220/3220 3218/3218/3218 3219/3219/3219
f 3220/3220/3220 3219/3219/3219 3217/3217/3217
f 3222/3222/3222 3218/3218/3218 3221/3221/3221
f 3218/3218/3218 3222/3222/3222 3223/3223/3223
f 3225/3225/3225 3223/3223/3223 3224/3224/3224
f 3227/3227/3227 3226/3226/3226 3225/3225/3225
f 3230/3230/3230 3228/3228/3228 3229/3229/3229
f 3230/3230/3230 3229/3229/3229 3227/3227/3227
f 3232/3232/3232 3228/3228/3228 3231/3231/3231
f 3228/3228/3228 3232/3232/3232 3233/3233/3233
f 3235/3235/3235 3233/3233/3233 3234/3234/3234
f 3238/3238/3238 3236/3236/3236 3237/3237/3237
f 3238/3238/3238 3237/3237/3237 3235/3235/3235
f 3240/3240/3240 3236/3236/3236 3239/3239/3239
f 3236/3236/3236 3240/3240/3240 3241/3241/3241
f 3243/3243/3243 3241/3241/3241 3242/3242/3242
f 3241/3241/3241 3243/3243/3243 3244/3244/3244
f 3246/3246/3246 3244/3244/3244 3245/3245/3245
f 3249/3249/3249 3247/3247/3247 3248/3248/3248
f 3422/3422/3422 3213/3213/3213 3212/3212/3212
f 3213/3213/3213 3422/3422/3422 3423/3423/3423
f 3421/3421/3421 3212/3212/3212 3420/3420/3420
f 3215/3215/3215 3419/3419/3419 3418/3418/3418
f 3419/3419/3419 3215/3215/3215 3416/3416/3416
f 3418/3418/3418 3212/3212/3212 3215/3215/3215
f 3219/3219/3219 3417/3417/3417 3415/3415/3415
f 3417/3417/3417 3219/3219/3219 3413/3413/3413
f 3416/3416/3416 3219/3219/3219 3415/3415/3415
f 3218/3218/3218 3414/3414/3414 3412/3412/3412
f 3414/3414/3414 3218/3218/3218 3411/3411/3411
f 3413/3413/3413 3218/3218/3218 3412/3412/3412
f 3410/3410/3410 3223/3223/3223 3282/3282/3282
f 3411/3411/3411 3223/3223/3223 3410/3410/3410
f 3252/3252/3252 3250/3250/3250 3251/3251/3251
f 3252/3252/3252 3251/3251/3251 3249/3249/3249
f 3254/3254/3254 3253/3253/3253 3250/3250/3250
f 3254/3254/3254 3250/3250/3250 3255/3255/3255
f 3257/3257/3257 3253/3253/3253 3256/3256/3256
f 3253/3253/3253 3257/3257/3257 3258/3258/3258
f 3260/3260/3260 3258/3258/3258 3259/3259/3259
f 3263/3263/3263 3261/3261/3261 3262/3262/3262
f 3263/3263/3263 3262/3262/3262 3260/3260/3260
f 3265/3265/3265 3261/3261/3261 3264/3264/3264
f 3261/3261/3261 3265/3265/3265 3266/3266/3266
f 3268/3268/3268 3266/3266/3266 3267/3267/3267
f 3270/3270/3270 3269/3269/3269 3268/3268/3268
f 3273/3273/3273 3271/3271/3271 3272/3272/3272
f 3273/3273/3273 3272/3272/3272 3270/3270/3270
f 3275/3275/3275 3271/3271/3271 3274/3274/3274
f 3271/3271/3271 3275/3275/3275 3276/3276/3276
f 3278/3278/3278 3276/3276/3276 3277/3277/3277
f 3281/3281/3281 3279/3279/3279 3280/3280/3280
f 3281/3281/3281 3280/3280/3280 3278/3278/3278
f 3226/3226/3226 3282/3282/3282 3223/3223/3223
f 3236/3236/3236 3283/3283/3283 3237/3237/3237
f 3241/3241/3241 3284/3284/3284 3236/3236/3236
f 3244/3244/3244 3285/3285/3285 3241/3241/3241
f 3287/3287/3287 3286/3286/3286 3244/3244/3244
f 3251/3251/3251 3288/3288/3288 3247/3247/3247
f 3250/3250/3250 3289/3289/3289 3251/3251/3251
f 3253/3253/3253 3290/3290/3290 3250/3250/3250
f 3258/3258/3258 3291/3291/3291 3253/3253/3253
f 3272/3272/3272 3292/3292/3292 3269/3269/3269
f 3271/3271/3271 3293/3293/3293 3272/3272/3272
f 3295/3295/3295 3294/3294/3294 3287/3287/3287
f 3295/3295/3295 3287/3287/3287 3296/3296/3296
f 3294/3294/3294 3295/3295/3295 3297/3297/3297
f 3296/3296/3296 3287/3287/3287 3298/3298/3298
f 3298/3298/3298 3287/3287/3287 3299/3299/3299
f 3292/3292/3292 3346/3346/3346 3350/3350/3350
f 3292/3292/3292 3351/3351/3351 3352/3352/3352
f 3269/3269/3269 3353/3353/3353 3266/3266/3266
f 3310/3310/3310 3307/3307/3307 3306/3306/3306
f 3408/3408/3408 3406/3406/3406 3405/3405/3405
f 3409/3409/3409 3406/3406/3406 3408/3408/3408
f 3404/3404/3404 3403/3403/3403 3407/3407/3407
f 3301/3301/3301 3246/3246/3246 3300/3300/3300
f 3246/3246/3246 3301/3301/3301 3287/3287/3287
f 3300/3300/3300 3246/3246/3246 3302/3302/3302
f 3304/3304/3304 3246/3246/3246 3303/3303/3303
f 3246/3246/3246 3304/3304/3304 3305/3305/3305
f 3306/3306/3306 3303/3303/3303 3246/3246/3246
f 3308/3308/3308 3306/3306/3306 3307/3307/3307
f 3306/3306/3306 3308/3308/3308 3309/3309/3309
f 3303/3303/3303 3306/3306/3306 3309/3309/3309
f 3307/3307/3307 3310/3310/3310 3311/3311/3311
f 3244/3244/3244 3243/3243/3243 3245/3245/3245
f 3406/3406/3406 3404/3404/3404 3405/3405/3405
f 3226/3226/3226 3402/3402/3402 3403/3403/3403
f 3226/3226/3226 3401/3401/3401 3402/3402/3402
f 3401/3401/3401 3226/3226/3226 3229/3229/3229
f 3229/3229/3229 3399/3399/3399 3400/3400/3400
f 3399/3399/3399 3229/3229/3229 3228/3228/3228
f 3228/3228/3228 3397/3397/3397 3398/3398/3398
f 3397/3397/3397 3228/3228/3228 3233/3233/3233
f 3283/3283/3283 3395/3395/3395 3237/3237/3237
f 3395/3395/3395 3283/3283/3283 3396/3396/3396
f 3395/3395/3395 3233/3233/3233 3237/3237/3237
f 3394/3394/3394 3283/3283/3283 3392/3392/3392
f 3283/3283/3283 3393/3393/3393 3390/3390/3390
f 3393/3393/3393 3283/3283/3283 3284/3284/3284
f 3390/3390/3390 3392/3392/3392 3283/3283/3283
f 3392/3392/3392 3390/3390/3390 3391/3391/3391
f 3284/3284/3284 3388/3388/3388 3389/3389/3389
f 3388/3388/3388 3284/3284/3284 3285/3285/3285
f 3286/3286/3286 3384/3384/3384 3285/3285/3285
f 3384/3384/3384 3286/3286/3286 3387/3387/3387
f 3285/3285/3285 3385/3385/3385 3386/3386/3386
f 3385/3385/3385 3285/3285/3285 3384/3384/3384
f 3379/3379/3379 3381/3381/3381 3286/3286/3286
f 3381/3381/3381 3379/3379/3379 3383/3383/3383
f 3382/3382/3382 3286/3286/3286 3381/3381/3381
f 3380/3380/3380 3379/3379/3379 3377/3377/3377
f 3377/3377/3377 3294/3294/3294 3378/3378/3378
f 3377/3377/3377 3287/3287/3287 3294/3294/3294
f 3376/3376/3376 3247/3247/3247 3288/3288/3288
f 3376/3376/3376 3294/3294/3294 3247/3247/3247
f 3375/3375/3375 3288/3288/3288 3374/3374/3374
f 3289/3289/3289 3373/3373/3373 3371/3371/3371
f 3373/3373/3373 3289/3289/3289 3372/3372/3372
f 3371/3371/3371 3288/3288/3288 3289/3289/3289
f 3290/3290/3290 3370/3370/3370 3369/3369/3369
f 3370/3370/3370 3290/3290/3290 3368/3368/3368
f 3369/3369/3369 3289/3289/3289 3290/3290/3290
f 3367/3367/3367 3291/3291/3291 3363/3363/3363
f 3368/3368/3368 3291/3291/3291 3367/3367/3367
f 3362/3362/3362 3364/3364/3364 3366/3366/3366
f 3366/3366/3366 3364/3364/3364 3365/3365/3365
f 3364/3364/3364 3362/3362/3362 3358/3358/3358
f 3294/3294/3294 3326/3326/3326 3247/3247/3247
f 3363/3363/3363 3358/3358/3358 3362/3362/3362
f 2095/2095/2095 2094/2094/2094 2096/2096/2096
f 2090/2090/2090 2092/2092/2092 2093/2093/2093
f 2105/2105/2105 2107/2107/2107 2108/2108/2108
f 2086/2086/2086 2088/2088/2088 2091/2091/2091
f 2082/2082/2082 2084/2084/2084 2089/2089/2089
f 2080/2080/2080 2081/2081/2081 2085/2085/2085
f 2074/2074/2074 2077/2077/2077 2078/2078/2078
f 2072/2072/2072 2073/2073/2073 2076/2076/2076
f 2106/2106/2106 2063/2063/2063 2105/2105/2105
f 2099/2099/2099 2102/2102/2102 2064/2064/2064
f 2102/2102/2102 2099/2099/2099 2104/2104/2104
f 2065/2065/2065 2102/2102/2102 2103/2103/2103
f 2102/2102/2102 2065/2065/2065 2064/2064/2064
f 2098/2098/2098 2097/2097/2097 2101/2101/2101
f 2100/2100/2100 2099/2099/2099 2098/2098/2098
f 2095/2095/2095 2097/2097/2097 2098/2098/2098
f 2097/2097/2097 2095/2095/2095 2096/2096/2096
f 2090/2090/2090 2094/2094/2094 2095/2095/2095
f 2094/2094/2094 2090/2090/2090 2093/2093/2093
f 2090/2090/2090 2091/2091/2091 2092/2092/2092
f 2091/2091/2091 2090/2090/2090 2086/2086/2086
f 2086/2086/2086 2089/2089/2089 2087/2087/2087
f 2089/2089/2089 2086/2086/2086 2082/2082/2082
f 2088/2088/2088 2086/2086/2086 2087/2087/2087
f 2082/2082/2082 2085/2085/2085 2083/2083/2083
f 2085/2085/2085 2082/2082/2082 2080/2080/2080
f 2084/2084/2084 2082/2082/2082 2083/2083/2083
f 2099/2099/2099 2100/2100/2100 2104/2104/2104
f 2065/2065/2065 2103/2103/2103 2112/2112/2112
f 2063/2063/2063 2106/2106/2106 2111/2111/2111
f 2106/2106/2106 2110/2110/2110 2111/2111/2111
f 2107/2107/2107 2105/2105/2105 2063/2063/2063
f 2100/2100/2100 2098/2098/2098 2101/2101/2101
f 2075/2075/2075 2072/2072/2072 2076/2076/2076
f 2080/2080/2080 2079/2079/2079 2081/2081/2081
f 2074/2074/2074 2079/2079/2079 2080/2080/2080
f 2079/2079/2079 2074/2074/2074 2078/2078/2078
f 2074/2074/2074 2075/2075/2075 2077/2077/2077
f 2067/2067/2067 2069/2069/2069 2070/2070/2070
f 2060/2060/2060 2066/2066/2066 2061/2061/2061
f 2062/2062/2062 2060/2060/2060 2061/2061/2061
f 2060/2060/2060 2062/2062/2062 2063/2063/2063
f 2066/2066/2066 2064/2064/2064 2065/2065/2065
f 2064/2064/2064 2066/2066/2066 2060/2060/2060
f 2069/2069/2069 2067/2067/2067 2068/2068/2068
f 2067/2067/2067 2070/2070/2070 2071/2071/2071
f 2068/2068/2068 2072/2072/2072 2069/2069/2069
f 2072/2072/2072 2068/2068/2068 2073/2073/2073
f 2075/2075/2075 2074/2074/2074 2072/2072/2072
f 2063/2063/2063 2062/2062/2062 2107/2107/2107
f 2108/2108/2108 2107/2107/2107 2109/2109/2109
f 2509/2509/2509 2508/2508/2508 2507/2507/2507
f 2511/2511/2511 2510/2510/2510 2509/2509/2509
f 2505/2505/2505 2507/2507/2507 2508/2508/2508
f 2508/2508/2508 2509/2509/2509 2510/2510/2510
f 2510/2510/2510 2511/2511/2511 2540/2540/2540
f 2511/2511/2511 2514/2514/2514 2540/2540/2540
f 2513/2513/2513 2515/2515/2515 2520/2520/2520
f 2516/2516/2516 2518/2518/2518 2539/2539/2539
f 2519/2519/2519 2521/2521/2521 2524/2524/2524
f 2519/2519/2519 2525/2525/2525 2538/2538/2538
f 2526/2526/2526 2529/2529/2529 2531/2531/2531
f 2507/2507/2507 2505/2505/2505 2506/2506/2506
f 2506/2506/2506 2535/2535/2535 2537/2537/2537
f 2533/2533/2533 2534/2534/2534 2505/2505/2505
f 2534/2534/2534 2533/2533/2533 2536/2536/2536
f 2505/2505/2505 2535/2535/2535 2506/2506/2506
f 2514/2514/2514 2512/2512/2512 2513/2513/2513
f 2512/2512/2512 2514/2514/2514 2511/2511/2511
f 2515/2515/2515 2513/2513/2513 2512/2512/2512
f 2518/2518/2518 2516/2516/2516 2517/2517/2517
f 2521/2521/2521 2519/2519/2519 2520/2520/2520
f 2522/2522/2522 2520/2520/2520 2515/2515/2515
f 2520/2520/2520 2522/2522/2522 2523/2523/2523
f 2522/2522/2522 2517/2517/2517 2516/2516/2516
f 2535/2535/2535 2505/2505/2505 2534/2534/2534
f 2526/2526/2526 2532/2532/2532 2533/2533/2533
f 2532/2532/2532 2526/2526/2526 2531/2531/2531
f 2527/2527/2527 2526/2526/2526 2530/2530/2530
f 2526/2526/2526 2528/2528/2528 2529/2529/2529
f 2533/2533/2533 2532/2532/2532 2536/2536/2536
f 2525/2525/2525 2519/2519/2519 2524/2524/2524
f 2520/2520/2520 2523/2523/2523 2521/2521/2521
f 2517/2517/2517 2522/2522/2522 2515/2515/2515
f 2528/2528/2528 2526/2526/2526 2527/2527/2527
f 2590/2590/2590 2589/2589/2589 2587/2587/2587
f 2590/2590/2590 2587/2587/2587 2591/2591/2591
f 2589/2589/2589 2590/2590/2590 2592/2592/2592
f 2594/2594/2594 2593/2593/2593 2589/2589/2589
f 2594/2594/2594 2589/2589/2589 2595/2595/2595
f 2593/2593/2593 2594/2594/2594 2596/2596/2596
f 2598/2598/2598 2597/2597/2597 2593/2593/2593
f 2597/2597/2597 2598/2598/2598 2599/2599/2599
f 2597/2597/2597 2599/2599/2599 2600/2600/2600
f 2603/2603/2603 2601/2601/2601 2602/2602/2602
f 2604/2604/2604 2601/2601/2601 2597/2597/2597
f 2601/2601/2601 2604/2604/2604 2602/2602/2602
f 2606/2606/2606 2605/2605/2605 2601/2601/2601
f 2587/2587/2587 2585/2585/2585 2588/2588/2588
f 2609/2609/2609 2605/2605/2605 2608/2608/2608
f 2605/2605/2605 2609/2609/2609 2610/2610/2610
f 2608/2608/2608 2605/2605/2605 2611/2611/2611
f 2613/2613/2613 2610/2610/2610 2612/2612/2612
f 2610/2610/2610 2613/2613/2613 2614/2614/2614
f 2616/2616/2616 2614/2614/2614 2615/2615/2615
f 2614/2614/2614 2616/2616/2616 2617/2617/2617
f 2620/2620/2620 2618/2618/2618 2619/2619/2619
f 2618/2618/2618 2620/2620/2620 2621/2621/2621
f 2620/2620/2620 2619/2619/2619 2622/2622/2622
f 2622/2622/2622 2583/2583/2583 2623/2623/2623
f 2623/2623/2623 2583/2583/2583 2624/2624/2624
f 2624/2624/2624 2583/2583/2583 2625/2625/2625
f 2625/2625/2625 2583/2583/2583 2626/2626/2626
f 2626/2626/2626 2617/2617/2617 2627/2627/2627
f 2617/2617/2617 2626/2626/2626 2583/2583/2583
f 2583/2583/2583 2622/2622/2622 2619/2619/2619
f 2630/2630/2630 2628/2628/2628 2629/2629/2629
f 2632/2632/2632 2631/2631/2631 2570/2570/2570
f 2632/2632/2632 2569/2569/2569 2633/2633/2633
f 2633/2633/2633 2569/2569/2569 2634/2634/2634
f 2569/2569/2569 2632/2632/2632 2570/2570/2570
f 2634/2634/2634 2635/2635/2635 2630/2630/2630
f 2635/2635/2635 2634/2634/2634 2569/2569/2569
f 2631/2631/2631 2636/2636/2636 2637/2637/2637
f 2636/2636/2636 2631/2631/2631 2638/2638/2638
f 2631/2631/2631 2632/2632/2632 2638/2638/2638
f 2628/2628/2628 2630/2630/2630 2635/2635/2635
f 2618/2618/2618 2639/2639/2639 2640/2640/2640
f 2619/2619/2619 2618/2618/2618 2640/2640/2640
f 2617/2617/2617 2616/2616/2616 2627/2627/2627
f 2614/2614/2614 2613/2613/2613 2615/2615/2615
f 2610/2610/2610 2609/2609/2609 2612/2612/2612
f 2605/2605/2605 2607/2607/2607 2611/2611/2611
f 2601/2601/2601 2603/2603/2603 2606/2606/2606
f 2597/2597/2597 2600/2600/2600 2604/2604/2604
f 2593/2593/2593 2596/2596/2596 2598/2598/2598
f 2589/2589/2589 2592/2592/2592 2595/2595/2595
f 2587/2587/2587 2588/2588/2588 2591/2591/2591
f 2584/2584/2584 2586/2586/2586 2641/2641/2641
f 2582/2582/2582 2583/2583/2583 2619/2619/2619
f 2580/2580/2580 2581/2581/2581 2582/2582/2582
f 2585/2585/2585 2587/2587/2587 2586/2586/2586
f 2576/2576/2576 2577/2577/2577 2578/2578/2578
f 2573/2573/2573 2575/2575/2575 2642/2642/2642
f 2572/2572/2572 2573/2573/2573 2642/2642/2642
f 2569/2569/2569 2571/2571/2571 2572/2572/2572
f 2586/2586/2586 2584/2584/2584 2585/2585/2585
f 2583/2583/2583 2582/2582/2582 2581/2581/2581
f 2581/2581/2581 2580/2580/2580 2579/2579/2579
f 2579/2579/2579 2578/2578/2578 2577/2577/2577
f 2577/2577/2577 2576/2576/2576 2574/2574/2574
f 2575/2575/2575 2574/2574/2574 2576/2576/2576
f 2575/2575/2575 2573/2573/2573 2574/2574/2574
f 2573/2573/2573 2572/2572/2572 2571/2571/2571
f 2571/2571/2571 2569/2569/2569 2570/2570/2570
f 2605/2605/2605 2606/2606/2606 2607/2607/2607
f 2578/2578/2578 2579/2579/2579 2580/2580/2580
f 2865/2865/2865 2863/2863/2863 2864/2864/2864
f 2867/2867/2867 2866/2866/2866 2863/2863/2863
f 2869/2869/2869 2868/2868/2868 2866/2866/2866
f 2871/2871/2871 2870/2870/2870 2868/2868/2868
f 2873/2873/2873 2872/2872/2872 2870/2870/2870
f 2863/2863/2863 2865/2865/2865 2867/2867/2867
f 2866/2866/2866 2867/2867/2867 2869/2869/2869
f 2875/2875/2875 2874/2874/2874 2872/2872/2872
f 2877/2877/2877 2876/2876/2876 2874/2874/2874
f 2879/2879/2879 2878/2878/2878 2876/2876/2876
f 2881/2881/2881 2880/2880/2880 2878/2878/2878
f 2883/2883/2883 2882/2882/2882 2880/2880/2880
f 2885/2885/2885 2884/2884/2884 2882/2882/2882
f 2887/2887/2887 2886/2886/2886 2884/2884/2884
f 2889/2889/2889 2888/2888/2888 2886/2886/2886
f 2891/2891/2891 2890/2890/2890 2888/2888/2888
f 2890/2890/2890 2891/2891/2891 2892/2892/2892
f 2888/2888/2888 2889/2889/2889 2891/2891/2891
f 2886/2886/2886 2887/2887/2887 2889/2889/2889
f 2884/2884/2884 2885/2885/2885 2887/2887/2887
f 2882/2882/2882 2883/2883/2883 2885/2885/2885
f 2880/2880/2880 2881/2881/2881 2883/2883/2883
f 2878/2878/2878 2879/2879/2879 2881/2881/2881
f 2876/2876/2876 2877/2877/2877 2879/2879/2879
f 2874/2874/2874 2875/2875/2875 2877/2877/2877
f 2872/2872/2872 2873/2873/2873 2875/2875/2875
f 2870/2870/2870 2871/2871/2871 2873/2873/2873
f 2868/2868/2868 2869/2869/2869 2871/2871/2871
f 3142/3142/3142 3146/3146/3146 3143/3143/3143
f 3149/3149/3149 3147/3147/3147 3148/3148/3148
f 3147/3147/3147 3151/3151/3151 3150/3150/3150
f 3142/3142/3142 3145/3145/3145 3146/3146/3146
f 3145/3145/3145 3142/3142/3142 3140/3140/3140
f 3144/3144/3144 3142/3142/3142 3143/3143/3143
f 3140/3140/3140 3139/3139/3139 3141/3141/3141
f 3132/3132/3132 3139/3139/3139 3140/3140/3140
f 3139/3139/3139 3132/3132/3132 3138/3138/3138
f 3132/3132/3132 3134/3134/3134 3137/3137/3137
f 3148/3148/3148 3147/3147/3147 3150/3150/3150
f 3151/3151/3151 3147/3147/3147 3142/3142/3142
f 3135/3135/3135 3133/3133/3133 3136/3136/3136
f 3134/3134/3134 3133/3133/3133 3135/3135/3135
f 3134/3134/3134 3132/3132/3132 3133/3133/3133
f 3147/3147/3147 3149/3149/3149 3152/3152/3152
f 3142/3142/3142 3144/3144/3144 3151/3151/3151
f 3140/3140/3140 3141/3141/3141 3145/3145/3145
f 3132/3132/3132 3137/3137/3137 3138/3138/3138
f 3467/3467/3467 3463/3463/3463 3466/3466/3466
f 3452/3452/3452 3455/3455/3455 3458/3458/3458
f 3456/3456/3456 3459/3459/3459 3462/3462/3462
f 3460/3460/3460 3461/3461/3461 3465/3465/3465
f 3463/3463/3463 3464/3464/3464 3466/3466/3466
f 3468/3468/3468 3467/3467/3467 3469/3469/3469
f 3471/3471/3471 3470/3470/3470 3473/3473/3473
f 3472/3472/3472 3473/3473/3473 3477/3477/3477
f 3453/3453/3453 3476/3476/3476 3454/3454/3454
f 3474/3474/3474 3476/3476/3476 3453/3453/3453
f 3476/3476/3476 3474/3474/3474 3475/3475/3475
f 3473/3473/3473 3472/3472/3472 3471/3471/3471
f 3468/3468/3468 3470/3470/3470 3471/3471/3471
f 3470/3470/3470 3468/3468/3468 3469/3469/3469
f 3463/3463/3463 3467/3467/3467 3468/3468/3468
f 3454/3454/3454 3452/3452/3452 3453/3453/3453
f 3452/3452/3452 3454/3454/3454 3455/3455/3455
f 3464/3464/3464 3460/3460/3460 3465/3465/3465
f 3464/3464/3464 3463/3463/3463 3460/3460/3460
f 3461/3461/3461 3456/3456/3456 3462/3462/3462
f 3461/3461/3461 3460/3460/3460 3456/3456/3456
f 3456/3456/3456 3457/3457/3457 3459/3459/3459
f 3457/3457/3457 3452/3452/3452 3458/3458/3458
f 3457/3457/3457 3456/3456/3456 3452/3452/3452
f 3711/3711/3711 3712/3712/3712 3714/3714/3714
f 3709/3709/3709 3710/3710/3710 3712/3712/3712
f 3707/3707/3707 3708/3708/3708 3710/3710/3710
f 3705/3705/3705 3706/3706/3706 3708/3708/3708
f 3724/3724/3724 3723/3723/3723 3721/3721/3721
f 3701/3701/3701 3702/3702/3702 3704/3704/3704
f 3713/3713/3713 3714/3714/3714 3716/3716/3716
f 3697/3697/3697 3698/3698/3698 3700/3700/3700
f 3694/3694/3694 3696/3696/3696 3698/3698/3698
f 3715/3715/3715 3716/3716/3716 3718/3718/3718
f 3717/3717/3717 3718/3718/3718 3720/3720/3720
f 3726/3726/3726 3725/3725/3725 3723/3723/3723
f 3719/3719/3719 3720/3720/3720 3722/3722/3722
f 3721/3721/3721 3722/3722/3722 3724/3724/3724
f 3723/3723/3723 3724/3724/3724 3726/3726/3726
f 3696/3696/3696 3694/3694/3694 3695/3695/3695
f 3725/3725/3725 3726/3726/3726 3728/3728/3728
f 3727/3727/3727 3728/3728/3728 3729/3729/3729
f 3728/3728/3728 3727/3727/3727 3725/3725/3725
f 3722/3722/3722 3721/3721/3721 3719/3719/3719
f 3720/3720/3720 3719/3719/3719 3717/3717/3717
f 3718/3718/3718 3717/3717/3717 3715/3715/3715
f 3699/3699/3699 3700/3700/3700 3702/3702/3702
f 3716/3716/3716 3715/3715/3715 3713/3713/3713
f 3714/3714/3714 3713/3713/3713 3711/3711/3711
f 3712/3712/3712 3711/3711/3711 3709/3709/3709
f 3710/3710/3710 3709/3709/3709 3707/3707/3707
f 3708/3708/3708 3707/3707/3707 3705/3705/3705
f 3706/3706/3706 3705/3705/3705 3703/3703/3703
f 3704/3704/3704 3703/3703/3703 3701/3701/3701
f 3702/3702/3702 3701/3701/3701 3699/3699/3699
f 3700/3700/3700 3699/3699/3699 3697/3697/3697
f 3703/3703/3703 3704/3704/3704 3706/3706/3706
f 3698/3698/3698 3697/3697/3697 3694/3694/3694
f 600/600/600 601/601/601 602/602/602
f 592/592/592 593/593/593 594/594/594
f 590/590/590 591/591/591 592/592/592
f 588/588/588 589/589/589 590/590/590
f 586/586/586 587/587/587 588/588/588
f 596/596/596 597/597/597 598/598/598
f 598/598/598 599/599/599 600/600/600
f 585/585/585 583/583/583 584/584/584
f 587/587/587 586/586/586 585/585/585
f 589/589/589 588/588/588 587/587/587
f 591/591/591 590/590/590 589/589/589
f 583/583/583 585/585/585 586/586/586
f 594/594/594 595/595/595 596/596/596
f 593/593/593 592/592/592 591/591/591
f 595/595/595 594/594/594 593/593/593
f 597/597/597 596/596/596 595/595/595
f 599/599/599 598/598/598 597/597/597
f 601/601/601 600/600/600 599/599/599
f 603/603/603 602/602/602 601/601/601
f 605/605/605 604/604/604 603/603/603
f 607/607/607 606/606/606 605/605/605
f 609/609/609 608/608/608 607/607/607
f 611/611/611 610/610/610 609/609/609
f 613/613/613 612/612/612 611/611/611
f 615/615/615 614/614/614 613/613/613
f 617/617/617 616/616/616 615/615/615
f 619/619/619 618/618/618 617/617/617
f 621/621/621 620/620/620 619/619/619
f 620/620/620 621/621/621 622/622/622
f 618/618/618 619/619/619 620/620/620
f 616/616/616 617/617/617 618/618/618
f 602/602/602 603/603/603 604/604/604
f 604/604/604 605/605/605 606/606/606
f 606/606/606 607/607/607 608/608/608
f 608/608/608 609/609/609 610/610/610
f 610/610/610 611/611/611 612/612/612
f 612/612/612 613/613/613 614/614/614
f 614/614/614 615/615/615 616/616/616
f 757/757/757 756/756/756 755/755/755
f 755/755/755 754/754/754 753/753/753
f 753/753/753 752/752/752 751/751/751
f 751/751/751 750/750/750 749/749/749
f 749/749/749 748/748/748 747/747/747
f 765/765/765 764/764/764 763/763/763
f 767/767/767 766/766/766 765/765/765
f 747/747/747 746/746/746 745/745/745
f 745/745/745 744/744/744 743/743/743
f 743/743/743 742/742/742 741/741/741
f 741/741/741 739/739/739 740/740/740
f 769/769/769 768/768/768 767/767/767
f 771/771/771 770/770/770 769/769/769
f 773/773/773 772/772/772 771/771/771
f 763/763/763 762/762/762 761/761/761
f 777/777/777 776/776/776 775/775/775
f 776/776/776 777/777/777 778/778/778
f 774/774/774 775/775/775 776/776/776
f 772/772/772 773/773/773 774/774/774
f 770/770/770 771/771/771 772/772/772
f 768/768/768 769/769/769 770/770/770
f 766/766/766 767/767/767 768/768/768
f 764/764/764 765/765/765 766/766/766
f 762/762/762 763/763/763 764/764/764
f 760/760/760 761/761/761 762/762/762
f 758/758/758 759/759/759 760/760/760
f 756/756/756 757/757/757 758/758/758
f 754/754/754 755/755/755 756/756/756
f 752/752/752 753/753/753 754/754/754
f 759/759/759 758/758/758 757/757/757
f 761/761/761 760/760/760 759/759/759
f 746/746/746 747/747/747 748/748/748
f 744/744/744 745/745/745 746/746/746
f 775/775/775 774/774/774 773/773/773
f 748/748/748 749/749/749 750/750/750
f 750/750/750 751/751/751 752/752/752
f 739/739/739 741/741/741 742/742/742
f 742/742/742 743/743/743 744/744/744
f 1096/1096/1096 1095/1095/1095 1094/1094/1094
f 1088/1088/1088 1092/1092/1092 1094/1094/1094
f 1091/1091/1091 1088/1088/1088 1093/1093/1093
f 1092/1092/1092 1088/1088/1088 1091/1091/1091
f 1089/1089/1089 1087/1087/1087 1090/1090/1090
f 1089/1089/1089 1088/1088/1088 1087/1087/1087
f 1081/1081/1081 1086/1086/1086 1087/1087/1087
f 1086/1086/1086 1081/1081/1081 1085/1085/1085
f 1096/1096/1096 1094/1094/1094 1097/1097/1097
f 1081/1081/1081 1082/1082/1082 1083/1083/1083
f 1082/1082/1082 1081/1081/1081 1080/1080/1080
f 1077/1077/1077 1079/1079/1079 1080/1080/1080
f 1098/1098/1098 1099/1099/1099 1101/1101/1101
f 1095/1095/1095 1096/1096/1096 1100/1100/1100
f 1094/1094/1094 1092/1092/1092 1097/1097/1097
f 1088/1088/1088 1089/1089/1089 1093/1093/1093
f 1087/1087/1087 1086/1086/1086 1090/1090/1090
f 1080/1080/1080 1079/1079/1079 1084/1084/1084
f 1099/1099/1099 1098/1098/1098 1095/1095/1095
f 1082/1082/1082 1080/1080/1080 1084/1084/1084
f 1099/1099/1099 1095/1095/1095 1100/1100/1100
f 1079/1079/1079 1077/1077/1077 1078/1078/1078
f 1081/1081/1081 1083/1083/1083 1085/1085/1085
f 1441/1441/1441 1442/1442/1442 1443/1443/1443
f 1443/1443/1443 1444/1444/1444 1445/1445/1445
f 1438/1438/1438 1440/1440/1440 1441/1441/1441
f 1447/1447/1447 1448/1448/1448 1449/1449/1449
f 1449/1449/1449 1450/1450/1450 1451/1451/1451
f 1440/1440/1440 1438/1438/1438 1439/1439/1439
f 1442/1442/1442 1441/1441/1441 1440/1440/1440
f 1444/1444/1444 1443/1443/1443 1442/1442/1442
f 1446/1446/1446 1445/1445/1445 1444/1444/1444
f 1448/1448/1448 1447/1447/1447 1446/1446/1446
f 1450/1450/1450 1449/1449/1449 1448/1448/1448
f 1452/1452/1452 1451/1451/1451 1450/1450/1450
f 1445/1445/1445 1446/1446/1446 1447/1447/1447
f 1451/1451/1451 1452/1452/1452 1453/1453/1453
f 45/45/45 44/44/44 43/43/43
f 43/43/43 42/42/42 41/41/41
f 41/41/41 40/40/40 39/39/39
f 39/39/39 38/38/38 37/37/37
f 37/37/37 35/35/35 36/36/36
f 49/49/49 48/48/48 47/47/47
f 47/47/47 46/46/46 45/45/45
f 51/51/51 50/50/50 49/49/49
f 35/35/35 37/37/37 38/38/38
f 50/50/50 51/51/51 52/52/52
f 48/48/48 49/49/49 50/50/50
f 46/46/46 47/47/47 48/48/48
f 44/44/44 45/45/45 46/46/46
f 42/42/42 43/43/43 44/44/44
f 40/40/40 41/41/41 42/42/42
f 38/38/38 39/39/39 40/40/40
f 2251/2251/2251 2224/2224/2224 2227/2227/2227
f 2225/2225/2225 2252/2252/2252 2258/2258/2258
f 2250/2250/2250 2252/2252/2252 2224/2224/2224
f 2254/2254/2254 2252/2252/2252 2253/2253/2253
f 2258/2258/2258 2257/2257/2257 2304/2304/2304
f 2255/2255/2255 2259/2259/2259 2256/2256/2256
f 2260/2260/2260 2253/2253/2253 2261/2261/2261
f 2248/2248/2248 2234/2234/2234 2249/2249/2249
f 2261/2261/2261 2250/2250/2250 2249/2249/2249
f 2249/2249/2249 2228/2228/2228 2261/2261/2261
f 2261/2261/2261 2242/2242/2242 2260/2260/2260
f 2262/2262/2262 2254/2254/2254 2260/2260/2260
f 2262/2262/2262 2242/2242/2242 2241/2241/2241
f 2263/2263/2263 2265/2265/2265 2268/2268/2268
f 2263/2263/2263 2267/2267/2267 2290/2290/2290
f 2269/2269/2269 2263/2263/2263 2290/2290/2290
f 2271/2271/2271 2270/2270/2270 2269/2269/2269
f 2272/2272/2272 2273/2273/2273 2277/2277/2277
f 2272/2272/2272 2275/2275/2275 2270/2270/2270
f 2264/2264/2264 2276/2276/2276 2265/2265/2265
f 2270/2270/2270 2264/2264/2264 2263/2263/2263
f 2275/2275/2275 2227/2227/2227 2264/2264/2264
f 2274/2274/2274 2251/2251/2251 2275/2275/2275
f 2274/2274/2274 2277/2277/2277 2278/2278/2278
f 2248/2248/2248 2278/2278/2278 2221/2221/2221
f 2278/2278/2278 2279/2279/2279 2284/2284/2284
f 2277/2277/2277 2280/2280/2280 2279/2279/2279
f 2279/2279/2279 2281/2281/2281 2282/2282/2282
f 2279/2279/2279 2283/2283/2283 2284/2284/2284
f 2278/2278/2278 2222/2222/2222 2221/2221/2221
f 2222/2222/2222 2283/2283/2283 2231/2231/2231
f 2282/2282/2282 2286/2286/2286 2283/2283/2283
f 2282/2282/2282 2287/2287/2287 2285/2285/2285
f 2283/2283/2283 2232/2232/2232 2231/2231/2231
f 2288/2288/2288 2290/2290/2290 2267/2267/2267
f 2289/2289/2289 2269/2269/2269 2290/2290/2290
f 2291/2291/2291 2271/2271/2271 2269/2269/2269
f 2292/2292/2292 2273/2273/2273 2271/2271/2271
f 2293/2293/2293 2280/2280/2280 2273/2273/2273
f 2281/2281/2281 2294/2294/2294 2295/2295/2295
f 2222/2222/2222 2235/2235/2235 2223/2223/2223
f 2296/2296/2296 2287/2287/2287 2303/2303/2303
f 2286/2286/2286 2298/2298/2298 2301/2301/2301
f 2237/2237/2237 2300/2300/2300 2302/2302/2302
f 2232/2232/2232 2299/2299/2299 2237/2237/2237
f 2232/2232/2232 2301/2301/2301 2299/2299/2299
f 2301/2301/2301 2232/2232/2232 2286/2286/2286
f 2300/2300/2300 2237/2237/2237 2299/2299/2299
f 2285/2285/2285 2297/2297/2297 2286/2286/2286
f 2297/2297/2297 2285/2285/2285 2296/2296/2296
f 2298/2298/2298 2286/2286/2286 2297/2297/2297
f 2287/2287/2287 2296/2296/2296 2285/2285/2285
f 2295/2295/2295 2287/2287/2287 2281/2281/2281
f 2294/2294/2294 2281/2281/2281 2280/2280/2280
f 2280/2280/2280 2293/2293/2293 2294/2294/2294
f 2255/2255/2255 2258/2258/2258 2252/2252/2252
f 2271/2271/2271 2291/2291/2291 2292/2292/2292
f 2269/2269/2269 2289/2289/2289 2291/2291/2291
f 2240/2240/2240 2244/2244/2244 2230/2230/2230
f 2232/2232/2232 2283/2283/2283 2286/2286/2286
f 2287/2287/2287 2282/2282/2282 2281/2281/2281
f 2286/2286/2286 2282/2282/2282 2285/2285/2285
f 2283/2283/2283 2222/2222/2222 2284/2284/2284
f 2222/2222/2222 2278/2278/2278 2284/2284/2284
f 2283/2283/2283 2279/2279/2279 2282/2282/2282
f 2281/2281/2281 2279/2279/2279 2280/2280/2280
f 2280/2280/2280 2277/2277/2277 2273/2273/2273
f 2279/2279/2279 2278/2278/2278 2277/2277/2277
f 2278/2278/2278 2248/2248/2248 2274/2274/2274
f 2277/2277/2277 2274/2274/2274 2272/2272/2272
f 2251/2251/2251 2274/2274/2274 2248/2248/2248
f 2227/2227/2227 2275/2275/2275 2251/2251/2251
f 2264/2264/2264 2270/2270/2270 2275/2275/2275
f 2276/2276/2276 2264/2264/2264 2227/2227/2227
f 2275/2275/2275 2272/2272/2272 2274/2274/2274
f 2273/2273/2273 2272/2272/2272 2271/2271/2271
f 2270/2270/2270 2271/2271/2271 2272/2272/2272
f 2263/2263/2263 2269/2269/2269 2270/2270/2270
f 2266/2266/2266 2263/2263/2263 2268/2268/2268
f 2267/2267/2267 2263/2263/2263 2266/2266/2266
f 2265/2265/2265 2263/2263/2263 2264/2264/2264
f 2242/2242/2242 2262/2262/2262 2260/2260/2260
f 2254/2254/2254 2262/2262/2262 2259/2259/2259
f 2242/2242/2242 2261/2261/2261 2228/2228/2228
f 2228/2228/2228 2249/2249/2249 2234/2234/2234
f 2250/2250/2250 2261/2261/2261 2253/2253/2253
f 2234/2234/2234 2248/2248/2248 2221/2221/2221
f 2253/2253/2253 2260/2260/2260 2254/2254/2254
f 2259/2259/2259 2255/2255/2255 2254/2254/2254
f 2255/2255/2255 2257/2257/2257 2258/2258/2258
f 2257/2257/2257 2255/2255/2255 2256/2256/2256
f 2252/2252/2252 2254/2254/2254 2255/2255/2255
f 2252/2252/2252 2250/2250/2250 2253/2253/2253
f 2252/2252/2252 2225/2225/2225 2224/2224/2224
f 2224/2224/2224 2251/2251/2251 2250/2250/2250
f 2250/2250/2250 2248/2248/2248 2249/2249/2249
f 2245/2245/2245 2247/2247/2247 2246/2246/2246
f 2246/2246/2246 2240/2240/2240 2245/2245/2245
f 2244/2244/2244 2240/2240/2240 2243/2243/2243
f 2240/2240/2240 2229/2229/2229 2236/2236/2236
f 2230/2230/2230 2241/2241/2241 2242/2242/2242
f 2239/2239/2239 2240/2240/2240 2236/2236/2236
f 2239/2239/2239 2237/2237/2237 2238/2238/2238
f 2233/2233/2233 2236/2236/2236 2235/2235/2235
f 2236/2236/2236 2223/2223/2223 2235/2235/2235
f 2235/2235/2235 2222/2222/2222 2231/2231/2231
f 2229/2229/2229 2234/2234/2234 2223/2223/2223
f 2233/2233/2233 2231/2231/2231 2232/2232/2232
f 2230/2230/2230 2228/2228/2228 2229/2229/2229
f 2224/2224/2224 2226/2226/2226 2227/2227/2227
f 2226/2226/2226 2224/2224/2224 2225/2225/2225
f 2223/2223/2223 2221/2221/2221 2222/2222/2222
f 2248/2248/2248 2250/2250/2250 2251/2251/2251
f 2247/2247/2247 2245/2245/2245 2238/2238/2238
f 2245/2245/2245 2239/2239/2239 2238/2238/2238
f 2273/2273/2273 2292/2292/2292 2293/2293/2293
f 2240/2240/2240 2246/2246/2246 2243/2243/2243
f 2234/2234/2234 2229/2229/2229 2228/2228/2228
f 2231/2231/2231 2233/2233/2233 2235/2235/2235
f 2228/2228/2228 2230/2230/2230 2242/2242/2242
f 2227/2227/2227 2226/2226/2226 2276/2276/2276
f 2221/2221/2221 2223/2223/2223 2234/2234/2234
f 2229/2229/2229 2240/2240/2240 2230/2230/2230
f 2241/2241/2241 2230/2230/2230 2244/2244/2244
f 2240/2240/2240 2239/2239/2239 2245/2245/2245
f 2237/2237/2237 2239/2239/2239 2233/2233/2233
f 2233/2233/2233 2232/2232/2232 2237/2237/2237
f 2236/2236/2236 2233/2233/2233 2239/2239/2239
f 2290/2290/2290 2288/2288/2288 2289/2289/2289
f 2223/2223/2223 2236/2236/2236 2229/2229/2229
f 2287/2287/2287 2295/2295/2295 2303/2303/2303
f 2321/2321/2321 2324/2324/2324 2326/2326/2326
f 2323/2323/2323 2318/2318/2318 2340/2340/2340
f 2325/2325/2325 2323/2323/2323 2328/2328/2328
f 2318/2318/2318 2320/2320/2320 2340/2340/2340
f 2325/2325/2325 2329/2329/2329 2330/2330/2330
f 2326/2326/2326 2325/2325/2325 2330/2330/2330
f 2324/2324/2324 2321/2321/2321 2318/2318/2318
f 2318/2318/2318 2323/2323/2323 2324/2324/2324
f 2322/2322/2322 2318/2318/2318 2321/2321/2321
f 2320/2320/2320 2318/2318/2318 2319/2319/2319
f 2323/2323/2323 2325/2325/2325 2324/2324/2324
f 2325/2325/2325 2326/2326/2326 2324/2324/2324
f 2328/2328/2328 2327/2327/2327 2325/2325/2325
f 2318/2318/2318 2322/2322/2322 2319/2319/2319
f 2331/2331/2331 2330/2330/2330 2329/2329/2329
f 2330/2330/2330 2331/2331/2331 2332/2332/2332
f 2334/2334/2334 2330/2330/2330 2333/2333/2333
f 2330/2330/2330 2334/2334/2334 2326/2326/2326
f 2336/2336/2336 2326/2326/2326 2335/2335/2335
f 2326/2326/2326 2336/2336/2336 2321/2321/2321
f 2337/2337/2337 2322/2322/2322 2321/2321/2321
f 2322/2322/2322 2337/2337/2337 2338/2338/2338
f 2321/2321/2321 2336/2336/2336 2337/2337/2337
f 2326/2326/2326 2334/2334/2334 2335/2335/2335
f 2330/2330/2330 2332/2332/2332 2333/2333/2333
f 2329/2329/2329 2325/2325/2325 2327/2327/2327
f 2327/2327/2327 2328/2328/2328 2339/2339/2339
