# Wavefront .OBJ file for tesselated shape: IRB6700_155-285_IRC5_rev01_LINK06_CAD-1 path: C:\Users\Jiaqi\OneDrive - Northwestern University\Desktop\Computation\Robot_System\SLDWK_assemble\IRB6700_155-285_IRC5_rev01_LINK06_CAD.SLDPRT

g body_1
v 1.892895 0.000000 2.185000
v 1.896500 0.005406 2.182397
v 1.896500 0.006000 2.185000
v 1.892895 0.000000 2.185000
v 1.896500 0.003741 2.180309
v 1.892895 0.000000 2.185000
v 1.896500 0.001335 2.179150
v 1.892895 0.000000 2.185000
v 1.896500 -0.001335 2.179150
v 1.892895 0.000000 2.185000
v 1.896500 -0.003741 2.180309
v 1.892895 0.000000 2.185000
v 1.896500 -0.005406 2.182397
v 1.892895 0.000000 2.185000
v 1.896500 -0.006000 2.185000
v 1.892895 0.000000 2.185000
v 1.896500 -0.005406 2.187603
v 1.896500 -0.006000 2.185000
v 1.892895 0.000000 2.185000
v 1.896500 -0.003741 2.189691
v 1.892895 0.000000 2.185000
v 1.896500 -0.001335 2.190850
v 1.892895 0.000000 2.185000
v 1.896500 0.001335 2.190850
v 1.892895 0.000000 2.185000
v 1.896500 0.003741 2.189691
v 1.892895 0.000000 2.185000
v 1.896500 0.005406 2.187603
v 1.892895 0.000000 2.185000
v 1.896500 0.006000 2.185000
v 1.912000 0.005406 2.182397
v 1.912000 0.006000 2.185000
v 1.896500 0.006000 2.185000
v 1.912000 0.003741 2.180309
v 1.896500 0.005406 2.182397
v 1.912000 0.001335 2.179150
v 1.896500 0.003741 2.180309
v 1.912000 -0.001335 2.179150
v 1.896500 0.001335 2.179150
v 1.912000 -0.003741 2.180309
v 1.896500 -0.001335 2.179150
v 1.912000 -0.005406 2.182397
v 1.896500 -0.003741 2.180309
v 1.912000 -0.006000 2.185000
v 1.896500 -0.005406 2.182397
v 1.896500 -0.006000 2.185000
v 1.912000 -0.005406 2.187603
v 1.912000 -0.006000 2.185000
v 1.896500 -0.006000 2.185000
v 1.912000 -0.003741 2.189691
v 1.896500 -0.005406 2.187603
v 1.912000 -0.001335 2.190850
v 1.896500 -0.003741 2.189691
v 1.912000 0.001335 2.190850
v 1.896500 -0.001335 2.190850
v 1.912000 0.003741 2.189691
v 1.896500 0.001335 2.190850
v 1.912000 0.005406 2.187603
v 1.896500 0.003741 2.189691
v 1.912000 0.006000 2.185000
v 1.896500 0.005406 2.187603
v 1.896500 0.006000 2.185000
v 1.912500 -0.006500 2.185000
v 1.912500 -0.005856 2.182180
v 1.912000 -0.005406 2.182397
v 1.912500 -0.004053 2.179918
v 1.912000 -0.003741 2.180309
v 1.912500 -0.001446 2.178663
v 1.912000 -0.001335 2.179150
v 1.912500 0.001446 2.178663
v 1.912000 0.001335 2.179150
v 1.912500 0.004053 2.179918
v 1.912000 0.003741 2.180309
v 1.912500 0.005856 2.182180
v 1.912000 0.005406 2.182397
v 1.912500 0.006500 2.185000
v 1.912000 0.006000 2.185000
v 1.912000 -0.006000 2.185000
v 1.912500 0.006500 2.185000
v 1.912500 0.005856 2.187820
v 1.912000 0.005406 2.187603
v 1.912500 0.004053 2.190082
v 1.912000 0.003741 2.189691
v 1.912500 0.001446 2.191337
v 1.912000 0.001335 2.190850
v 1.912500 -0.001446 2.191337
v 1.912000 -0.001335 2.190850
v 1.912500 -0.004053 2.190082
v 1.912000 -0.003741 2.189691
v 1.912500 -0.005856 2.187820
v 1.912000 -0.005406 2.187603
v 1.912500 -0.006500 2.185000
v 1.912000 -0.006000 2.185000
v 1.912000 0.006000 2.185000
v 1.912500 0.068541 2.157050
v 1.912500 0.068541 2.173341
v 1.912500 0.052018 2.173341
v 1.912500 0.052018 2.024259
v 1.912500 0.046032 2.034809
v 1.912500 0.045040 2.032282
v 1.912500 0.052018 2.047909
v 1.912500 0.045829 2.037516
v 1.912500 0.020200 2.047909
v 1.912500 0.033968 2.036627
v 1.912500 0.034960 2.039154
v 1.912500 0.020200 2.024259
v 1.912500 0.034171 2.033920
v 1.912500 0.043050 2.030435
v 1.912500 0.039544 2.041801
v 1.912500 0.036950 2.041001
v 1.912500 0.040456 2.029635
v 1.912500 0.044472 2.039867
v 1.912500 0.042229 2.041396
v 1.912500 0.035528 2.031569
v 1.912500 0.037771 2.030040
v 1.912500 -0.006300 2.024259
v 1.912500 -0.006300 2.047909
v 1.912500 -0.020200 2.047909
v 1.912500 -0.080741 2.125000
v 1.912500 -0.074960 2.142771
v 1.912500 -0.075365 2.145456
v 1.912500 -0.060559 2.157050
v 1.912500 -0.063604 2.147229
v 1.912500 -0.063199 2.144544
v 1.912500 -0.080741 2.157050
v 1.912500 -0.070191 2.151032
v 1.912500 -0.074565 2.148050
v 1.912500 -0.072718 2.150040
v 1.912500 -0.071080 2.139171
v 1.912500 -0.073431 2.140528
v 1.912500 -0.060559 2.125000
v 1.912500 -0.067484 2.150829
v 1.912500 -0.065133 2.149472
v 1.912500 -0.063999 2.141950
v 1.912500 -0.065846 2.139960
v 1.912500 -0.068373 2.138968
v 1.912500 0.080741 2.125000
v 1.912500 0.093030 2.138860
v 1.912500 0.088470 2.149431
v 1.912500 0.096331 2.127831
v 1.912500 0.075838 2.168636
v 1.912500 0.080741 2.157050
v 1.912500 0.082713 2.159401
v 1.912500 0.067938 2.177010
v 1.912500 0.059119 2.184410
v 1.912500 0.020200 2.185941
v 1.912500 0.039212 2.195903
v 1.912500 0.028394 2.199841
v 1.912500 0.052018 2.185941
v 1.912500 0.049500 2.190737
v 1.912500 -0.020200 2.185941
v 1.912500 -0.039212 2.195903
v 1.912500 -0.049500 2.190737
v 1.912500 -0.017191 2.202496
v 1.912500 -0.028394 2.199841
v 1.912500 -0.075838 2.168636
v 1.912500 -0.060559 2.173341
v 1.912500 -0.067938 2.177010
v 1.912500 -0.088470 2.149431
v 1.912500 -0.082713 2.159401
v 1.912500 -0.093030 2.138860
v 1.912500 -0.080741 2.085000
v 1.912500 -0.093030 2.071140
v 1.912500 -0.088470 2.060569
v 1.912500 -0.096331 2.082169
v 1.912500 -0.060559 2.047909
v 1.912500 -0.060559 2.085000
v 1.912500 -0.063199 2.065456
v 1.912500 -0.082713 2.050599
v 1.912500 -0.075365 2.064544
v 1.912500 -0.063604 2.062771
v 1.912500 -0.065133 2.060528
v 1.912500 -0.063999 2.068050
v 1.912500 -0.068373 2.071032
v 1.912500 -0.065846 2.070040
v 1.912500 -0.071080 2.070829
v 1.912500 -0.074960 2.067229
v 1.912500 -0.073431 2.069472
v 1.912500 -0.074565 2.061950
v 1.912500 -0.075838 2.041364
v 1.912500 -0.070191 2.058968
v 1.912500 -0.072718 2.059960
v 1.912500 -0.067484 2.059171
v 1.912500 -0.020200 2.024259
v 1.912500 -0.033968 2.036627
v 1.912500 -0.036950 2.041001
v 1.912500 -0.034960 2.039154
v 1.912500 -0.042229 2.041396
v 1.912500 -0.039544 2.041801
v 1.912500 -0.046032 2.034809
v 1.912500 -0.067938 2.032990
v 1.912500 -0.059119 2.025590
v 1.912500 -0.049500 2.019263
v 1.912500 -0.043050 2.030435
v 1.912500 -0.045040 2.032282
v 1.912500 -0.045829 2.037516
v 1.912500 -0.037771 2.030040
v 1.912500 -0.035528 2.031569
v 1.912500 -0.034171 2.033920
v 1.912500 -0.044472 2.039867
v 1.912500 -0.040456 2.029635
v 1.912500 -0.039212 2.014097
v 1.912500 -0.028394 2.010159
v 1.912500 0.039212 2.014097
v 1.912500 0.049500 2.019263
v 1.912500 0.028394 2.010159
v 1.912500 0.017191 2.007504
v 1.912500 0.059119 2.025590
v 1.912500 0.067938 2.032990
v 1.912500 0.068541 2.047909
v 1.912500 0.075838 2.041364
v 1.912500 0.080741 2.085000
v 1.912500 0.082713 2.050599
v 1.912500 0.088470 2.060569
v 1.912500 0.093030 2.071140
v 1.912500 0.052018 2.125000
v 1.912500 0.048555 2.120603
v 1.912500 0.050236 2.113796
v 1.912500 0.045863 2.127307
v 1.912500 0.068541 2.085000
v 1.912500 0.057937 2.102593
v 1.912500 0.057921 2.101965
v 1.912500 0.056989 2.094217
v 1.912500 0.068541 2.125000
v 1.912500 0.057645 2.105222
v 1.912500 0.056429 2.108416
v 1.912500 0.054361 2.111138
v 1.912500 0.051610 2.113167
v 1.912500 0.043391 2.066514
v 1.912500 0.037833 2.061038
v 1.912500 0.048165 2.072687
v 1.912500 0.052066 2.079445
v 1.912500 0.029125 2.055133
v 1.912500 0.031589 2.056357
v 1.912500 0.025639 2.054435
v 1.912500 0.022101 2.054790
v 1.912500 0.010765 2.055149
v 1.912500 0.003612 2.054128
v 1.912500 0.018823 2.056165
v 1.912500 0.017500 2.057097
v 1.912500 -0.010765 2.055149
v 1.912500 -0.017500 2.057097
v 1.912500 -0.018823 2.056165
v 1.912500 -0.003612 2.054128
v 1.912500 -0.052066 2.079445
v 1.912500 -0.048165 2.072687
v 1.912500 -0.037833 2.061038
v 1.912500 -0.043391 2.066514
v 1.912500 -0.031589 2.056357
v 1.912500 -0.029125 2.055133
v 1.912500 -0.025639 2.054435
v 1.912500 -0.022101 2.054790
v 1.912500 -0.051704 2.113116
v 1.912500 -0.050236 2.113796
v 1.912500 -0.048555 2.120603
v 1.912500 -0.057921 2.101965
v 1.912500 -0.055026 2.086665
v 1.912500 -0.056989 2.094217
v 1.912500 -0.054534 2.110965
v 1.912500 -0.056610 2.108078
v 1.912500 -0.057749 2.104710
v 1.912500 -0.037790 2.139248
v 1.912500 -0.032736 2.144107
v 1.912500 -0.042250 2.133564
v 1.912500 -0.045863 2.127307
v 1.912500 -0.030971 2.152486
v 1.912500 -0.028624 2.155157
v 1.912500 -0.032433 2.149245
v 1.912500 -0.032881 2.145719
v 1.912500 -0.006300 2.173341
v 1.912500 -0.020200 2.173341
v 1.912500 -0.011634 2.161821
v 1.912500 -0.019156 2.159745
v 1.912500 0.020200 2.173341
v 1.912500 0.003902 2.162869
v 1.912500 -0.003902 2.162869
v 1.912500 0.011634 2.161821
v 1.912500 0.052018 2.157050
v 1.912500 0.032884 2.145986
v 1.912500 0.032736 2.144107
v 1.912500 0.042250 2.133564
v 1.912500 0.037790 2.139248
v 1.912500 0.032433 2.149244
v 1.912500 0.029029 2.154798
v 1.912500 0.031115 2.152256
v 1.912500 0.026331 2.156678
v 1.912500 0.005756 2.203833
v 1.912500 0.001446 2.191337
v 1.912500 0.004053 2.190082
v 1.912500 -0.005756 2.203833
v 1.912500 -0.001446 2.191337
v 1.912500 -0.004053 2.190082
v 1.912500 0.017191 2.202496
v 1.912500 -0.006300 2.185941
v 1.912500 -0.005856 2.187820
v 1.912500 0.005856 2.187820
v 1.912500 0.001446 2.178663
v 1.912500 -0.001446 2.178663
v 1.912500 0.004053 2.179918
v 1.912500 0.005856 2.182180
v 1.912500 -0.004053 2.179918
v 1.912500 0.006500 2.185000
v 1.912500 -0.005856 2.182180
v 1.912500 -0.006500 2.185000
v 1.912500 0.004769 2.028803
v 1.912500 0.005947 2.026357
v 1.912500 0.000000 2.031100
v 1.912500 -0.005947 2.023643
v 1.912500 -0.005947 2.026357
v 1.912500 0.002647 2.030496
v 1.912500 -0.004769 2.028803
v 1.912500 -0.002647 2.030496
v 1.912500 -0.017191 2.007504
v 1.912500 -0.005756 2.006167
v 1.912500 -0.002647 2.019504
v 1.912500 0.005756 2.006167
v 1.912500 0.002647 2.019504
v 1.912500 0.000000 2.018900
v 1.912500 0.004769 2.021197
v 1.912500 -0.004769 2.021197
v 1.912500 0.005947 2.023643
v 1.912500 0.063604 2.062771
v 1.912500 0.063199 2.065456
v 1.912500 0.055026 2.086665
v 1.912500 0.065846 2.070040
v 1.912500 0.068373 2.071032
v 1.912500 0.063999 2.068050
v 1.912500 0.065133 2.060528
v 1.912500 0.067484 2.059171
v 1.912500 0.074960 2.067229
v 1.912500 0.075365 2.064544
v 1.912500 0.071080 2.070829
v 1.912500 0.073431 2.069472
v 1.912500 0.072718 2.059960
v 1.912500 0.070191 2.058968
v 1.912500 0.074565 2.061950
v 1.912500 0.073900 2.105000
v 1.912500 0.076197 2.109769
v 1.912500 0.078643 2.110947
v 1.912500 0.074504 2.107647
v 1.912500 0.076197 2.100231
v 1.912500 0.074504 2.102353
v 1.912500 0.078643 2.099053
v 1.912500 0.081357 2.099053
v 1.912500 0.083803 2.100231
v 1.912500 0.096331 2.082169
v 1.912500 0.098331 2.093507
v 1.912500 0.099000 2.105000
v 1.912500 0.086100 2.105000
v 1.912500 0.085496 2.102353
v 1.912500 0.098331 2.116493
v 1.912500 0.085496 2.107647
v 1.912500 0.083803 2.109769
v 1.912500 0.081357 2.110947
v 1.912500 0.065133 2.149472
v 1.912500 0.067484 2.150829
v 1.912500 0.063999 2.141950
v 1.912500 0.063199 2.144544
v 1.912500 0.063604 2.147229
v 1.912500 0.068373 2.138968
v 1.912500 0.065846 2.139960
v 1.912500 0.075365 2.145456
v 1.912500 0.070191 2.151032
v 1.912500 0.074565 2.148050
v 1.912500 0.072718 2.150040
v 1.912500 0.074960 2.142771
v 1.912500 0.073431 2.140528
v 1.912500 0.071080 2.139171
v 1.912500 0.034960 2.170846
v 1.912500 0.019156 2.159745
v 1.912500 0.039544 2.168199
v 1.912500 0.036950 2.168999
v 1.912500 0.042229 2.168604
v 1.912500 0.033968 2.173373
v 1.912500 0.045829 2.172484
v 1.912500 0.044472 2.170133
v 1.912500 0.045040 2.177718
v 1.912500 0.046032 2.175191
v 1.912500 0.043050 2.179565
v 1.912500 0.037771 2.179960
v 1.912500 0.040456 2.180365
v 1.912500 0.034171 2.176080
v 1.912500 0.035528 2.178431
v 1.912500 -0.034960 2.170846
v 1.912500 -0.036950 2.168999
v 1.912500 -0.026331 2.156678
v 1.912500 -0.033968 2.173373
v 1.912500 -0.044472 2.170133
v 1.912500 -0.045829 2.172484
v 1.912500 -0.039544 2.168199
v 1.912500 -0.042229 2.168604
v 1.912500 -0.059119 2.184410
v 1.912500 -0.046032 2.175191
v 1.912500 -0.040456 2.180365
v 1.912500 -0.045040 2.177718
v 1.912500 -0.034171 2.176080
v 1.912500 -0.037771 2.179960
v 1.912500 -0.035528 2.178431
v 1.912500 -0.043050 2.179565
v 1.912500 -0.074504 2.107647
v 1.912500 -0.073900 2.105000
v 1.912500 -0.074504 2.102353
v 1.912500 -0.076197 2.109769
v 1.912500 -0.078643 2.110947
v 1.912500 -0.076197 2.100231
v 1.912500 -0.078643 2.099053
v 1.912500 -0.081357 2.110947
v 1.912500 -0.083803 2.109769
v 1.912500 -0.096331 2.127831
v 1.912500 -0.098331 2.116493
v 1.912500 -0.099000 2.105000
v 1.912500 -0.086100 2.105000
v 1.912500 -0.085496 2.107647
v 1.912500 -0.098331 2.093507
v 1.912500 -0.085496 2.102353
v 1.912500 -0.083803 2.100231
v 1.912500 -0.081357 2.099053
v 1.912500 0.029029 2.154798
v 1.912500 0.026331 2.156678
v 1.890500 0.026331 2.156678
v 1.912500 0.031115 2.152256
v 1.890500 0.029029 2.154798
v 1.912500 0.032433 2.149244
v 1.890500 0.031115 2.152256
v 1.912500 0.032884 2.145986
v 1.890500 0.032433 2.149244
v 1.890500 0.032884 2.145986
v 1.912500 -0.019156 2.159745
v 1.912500 -0.026331 2.156678
v 1.890500 -0.026331 2.156678
v 1.912500 -0.011634 2.161821
v 1.890500 -0.019156 2.159745
v 1.912500 -0.003902 2.162869
v 1.890500 -0.011634 2.161821
v 1.912500 0.003902 2.162869
v 1.890500 -0.003902 2.162869
v 1.912500 0.011634 2.161821
v 1.890500 0.003902 2.162869
v 1.912500 0.019156 2.159745
v 1.890500 0.011634 2.161821
v 1.912500 0.026331 2.156678
v 1.890500 0.019156 2.159745
v 1.890500 0.026331 2.156678
v 1.912500 -0.037833 2.061038
v 1.912500 -0.031589 2.056357
v 1.890500 -0.031589 2.056357
v 1.912500 -0.043391 2.066514
v 1.890500 -0.037833 2.061038
v 1.912500 -0.048165 2.072687
v 1.890500 -0.043391 2.066514
v 1.912500 -0.052066 2.079445
v 1.890500 -0.048165 2.072687
v 1.912500 -0.055026 2.086665
v 1.890500 -0.052066 2.079445
v 1.912500 -0.056989 2.094217
v 1.890500 -0.055026 2.086665
v 1.912500 -0.057921 2.101965
v 1.890500 -0.056989 2.094217
v 1.890500 -0.057921 2.101965
v 1.912500 0.057921 2.101965
v 1.912500 0.057937 2.102593
v 1.890500 0.057937 2.102593
v 1.890500 0.057921 2.101965
v 1.912500 0.056989 2.094217
v 1.912500 0.057921 2.101965
v 1.890500 0.057921 2.101965
v 1.912500 0.055026 2.086665
v 1.890500 0.056989 2.094217
v 1.912500 0.052066 2.079445
v 1.890500 0.055026 2.086665
v 1.912500 0.048165 2.072687
v 1.890500 0.052066 2.079445
v 1.912500 0.043391 2.066514
v 1.890500 0.048165 2.072687
v 1.912500 0.037833 2.061038
v 1.890500 0.043391 2.066514
v 1.912500 0.031589 2.056357
v 1.890500 0.037833 2.061038
v 1.890500 0.031589 2.056357
v 1.912500 0.048555 2.120603
v 1.912500 0.045863 2.127307
v 1.911500 0.044963 2.126870
v 1.912500 0.042250 2.133564
v 1.911500 0.041422 2.133004
v 1.912500 0.037790 2.139248
v 1.911500 0.037049 2.138577
v 1.911500 0.047603 2.120297
v 1.911500 0.049155 2.114153
v 1.912003 0.049697 2.113988
v 1.912003 0.032633 2.143545
v 1.911500 0.032504 2.142993
v 1.912500 0.032736 2.144107
v 1.912500 0.050236 2.113796
v 1.902500 0.049155 2.114153
v 1.911500 0.049155 2.114153
v 1.911500 0.047603 2.120297
v 1.911500 0.044963 2.126870
v 1.902500 0.044927 2.126944
v 1.902500 0.047527 2.120530
v 1.911500 0.041422 2.133004
v 1.902500 0.041467 2.132937
v 1.911500 0.037049 2.138577
v 1.902500 0.037213 2.138394
v 1.902500 0.032504 2.142993
v 1.911500 0.032504 2.142993
v 1.902500 0.037213 2.138394
v 1.902234 0.037444 2.138535
v 1.902234 0.039665 2.135876
v 1.902500 0.041467 2.132937
v 1.902234 0.041697 2.133071
v 1.902234 0.043531 2.130133
v 1.902500 0.044927 2.126944
v 1.902500 0.047527 2.120530
v 1.902234 0.046572 2.123912
v 1.902234 0.045159 2.127075
v 1.902500 0.049155 2.114153
v 1.902234 0.048729 2.117333
v 1.902234 0.047764 2.120660
v 1.902234 0.049441 2.114070
v 1.902367 0.049298 2.114112
v 1.902500 0.032504 2.142993
v 1.902367 0.032540 2.143137
v 1.902234 0.035045 2.141034
v 1.902234 0.032575 2.143282
v 1.912500 0.054361 2.111138
v 1.912500 0.051610 2.113167
v 1.890500 0.051610 2.113167
v 1.912500 0.056429 2.108416
v 1.890500 0.054361 2.111138
v 1.912500 0.057645 2.105222
v 1.890500 0.056429 2.108416
v 1.912500 0.057937 2.102593
v 1.890500 0.057645 2.105222
v 1.901669 0.049693 2.113989
v 1.901963 0.049633 2.114010
v 1.912003 0.049697 2.113988
v 1.911500 0.049155 2.114153
v 1.902500 0.049155 2.114153
v 1.902367 0.049298 2.114112
v 1.912500 0.050236 2.113796
v 1.902234 0.049441 2.114070
v 1.890500 0.049693 2.113989
v 1.890500 0.057937 2.102593
v 1.902367 0.032540 2.143137
v 1.912003 0.032633 2.143545
v 1.912500 0.032736 2.144107
v 1.902500 0.032504 2.142993
v 1.911500 0.032504 2.142993
v 1.912500 0.032884 2.145986
v 1.902234 0.032575 2.143282
v 1.901917 0.032623 2.143497
v 1.890500 0.032884 2.145986
v 1.890500 0.032632 2.143541
v 1.901669 0.032632 2.143541
v 1.890500 0.047987 2.120733
v 1.890500 0.049693 2.113989
v 1.901669 0.048956 2.117391
v 1.901669 0.049693 2.113989
v 1.890500 0.045369 2.127178
v 1.901669 0.046789 2.124001
v 1.901669 0.047987 2.120733
v 1.901669 0.045369 2.127178
v 1.901669 0.043734 2.130250
v 1.890500 0.041891 2.133202
v 1.901669 0.041891 2.133202
v 1.901669 0.039850 2.136020
v 1.890500 0.037618 2.138691
v 1.901669 0.037618 2.138691
v 1.901669 0.035209 2.141202
v 1.890500 0.032632 2.143541
v 1.901669 0.032632 2.143541
v 1.901669 0.035209 2.141202
v 1.901669 0.037618 2.138691
v 1.901975 0.037573 2.138651
v 1.901669 0.039850 2.136020
v 1.901975 0.039802 2.135983
v 1.901669 0.041891 2.133202
v 1.901975 0.041841 2.133168
v 1.901669 0.043734 2.130250
v 1.901975 0.043682 2.130220
v 1.901669 0.045369 2.127178
v 1.901975 0.045315 2.127151
v 1.901669 0.046789 2.124001
v 1.901975 0.046733 2.123978
v 1.901669 0.047987 2.120733
v 1.901975 0.047929 2.120714
v 1.901669 0.048956 2.117391
v 1.901975 0.048897 2.117376
v 1.901669 0.049693 2.113989
v 1.901963 0.049633 2.114010
v 1.902234 0.049441 2.114070
v 1.902234 0.048729 2.117333
v 1.902234 0.047764 2.120660
v 1.902234 0.046572 2.123912
v 1.902234 0.045159 2.127075
v 1.902234 0.043531 2.130133
v 1.902234 0.041697 2.133071
v 1.902234 0.039665 2.135876
v 1.901975 0.035166 2.141158
v 1.902234 0.037444 2.138535
v 1.902234 0.035045 2.141034
v 1.902234 0.032575 2.143282
v 1.901917 0.032623 2.143497
v 1.901669 0.032632 2.143541
v 1.912500 -0.003612 2.054128
v 1.911500 -0.003542 2.055126
v 1.911500 -0.010115 2.056034
v 1.912500 -0.010765 2.055149
v 1.912500 0.003612 2.054128
v 1.911500 0.003392 2.055115
v 1.911500 -0.003392 2.055115
v 1.911500 0.003542 2.055126
v 1.912500 0.010765 2.055149
v 1.911500 0.010115 2.056034
v 1.911500 0.010554 2.056127
v 1.912003 0.017064 2.057467
v 1.911500 0.016651 2.057854
v 1.912500 0.017500 2.057097
v 1.911500 -0.010554 2.056127
v 1.911500 -0.016651 2.057854
v 1.912003 -0.017064 2.057467
v 1.912500 -0.017500 2.057097
v 1.902500 -0.016651 2.057854
v 1.911500 -0.016651 2.057854
v 1.911500 -0.010554 2.056127
v 1.902500 -0.010314 2.056075
v 1.902500 -0.003460 2.055120
v 1.911500 -0.010115 2.056034
v 1.911500 -0.003542 2.055126
v 1.911500 -0.003392 2.055115
v 1.911500 0.003392 2.055115
v 1.902500 0.003460 2.055120
v 1.911500 0.003542 2.055126
v 1.911500 0.010115 2.056034
v 1.902500 0.016651 2.057854
v 1.902500 0.010314 2.056075
v 1.911500 0.010554 2.056127
v 1.911500 0.016651 2.057854
v 1.902500 0.010314 2.056075
v 1.902234 0.010320 2.055805
v 1.902234 0.006907 2.055211
v 1.902500 0.003460 2.055120
v 1.902500 -0.003460 2.055120
v 1.902234 0.000000 2.054734
v 1.902234 0.003462 2.054854
v 1.902500 -0.010314 2.056075
v 1.902234 -0.006907 2.055211
v 1.902234 -0.003462 2.054854
v 1.902500 0.016651 2.057854
v 1.902367 0.016758 2.057751
v 1.902234 0.013684 2.056633
v 1.902500 -0.016651 2.057854
v 1.902234 -0.013684 2.056633
v 1.902234 -0.010320 2.055805
v 1.902234 -0.016866 2.057648
v 1.902367 -0.016758 2.057751
v 1.902234 0.016866 2.057648
v 1.912500 -0.022101 2.054790
v 1.912500 -0.018823 2.056165
v 1.890500 -0.018823 2.056165
v 1.912500 -0.025639 2.054435
v 1.890500 -0.022101 2.054790
v 1.912500 -0.029125 2.055133
v 1.890500 -0.025639 2.054435
v 1.912500 -0.031589 2.056357
v 1.890500 -0.029125 2.055133
v 1.901669 -0.017062 2.057469
v 1.901963 -0.017013 2.057512
v 1.912003 -0.017064 2.057467
v 1.911500 -0.016651 2.057854
v 1.902500 -0.016651 2.057854
v 1.902367 -0.016758 2.057751
v 1.912500 -0.017500 2.057097
v 1.902234 -0.016866 2.057648
v 1.890500 -0.017062 2.057469
v 1.890500 -0.031589 2.056357
v 1.912500 0.025639 2.054435
v 1.912500 0.029125 2.055133
v 1.890500 0.029125 2.055133
v 1.912500 0.022101 2.054790
v 1.890500 0.025639 2.054435
v 1.912500 0.018823 2.056165
v 1.890500 0.022101 2.054790
v 1.902367 0.016758 2.057751
v 1.912003 0.017064 2.057467
v 1.912500 0.017500 2.057097
v 1.902500 0.016651 2.057854
v 1.911500 0.016651 2.057854
v 1.902234 0.016866 2.057648
v 1.901917 0.017028 2.057499
v 1.890500 0.018823 2.056165
v 1.890500 0.017062 2.057469
v 1.901669 0.017062 2.057469
v 1.912500 0.031589 2.056357
v 1.890500 0.031589 2.056357
v 1.890500 -0.017062 2.057469
v 1.901669 -0.017062 2.057469
v 1.901669 -0.013748 2.056407
v 1.890500 -0.010368 2.055576
v 1.901669 -0.010368 2.055576
v 1.901669 -0.006940 2.054979
v 1.890500 -0.003478 2.054620
v 1.890500 0.003478 2.054620
v 1.901669 0.000000 2.054500
v 1.901669 -0.003478 2.054620
v 1.901669 0.003478 2.054620
v 1.901669 0.006940 2.054979
v 1.890500 0.010368 2.055576
v 1.901669 0.010368 2.055576
v 1.901669 0.013748 2.056407
v 1.890500 0.017062 2.057469
v 1.901669 0.017062 2.057469
v 1.901975 -0.010356 2.055635
v 1.901975 -0.013731 2.056466
v 1.902234 -0.013684 2.056633
v 1.901975 -0.006931 2.055039
v 1.902234 -0.010320 2.055805
v 1.901975 -0.003474 2.054681
v 1.902234 -0.006907 2.055211
v 1.901975 0.000000 2.054561
v 1.902234 -0.003462 2.054854
v 1.901975 0.003474 2.054681
v 1.902234 0.000000 2.054734
v 1.901975 0.006931 2.055039
v 1.902234 0.003462 2.054854
v 1.901975 0.010356 2.055635
v 1.902234 0.006907 2.055211
v 1.901975 0.013731 2.056466
v 1.902234 0.010320 2.055805
v 1.902234 0.013684 2.056633
v 1.902234 0.016866 2.057648
v 1.901669 0.013748 2.056407
v 1.901917 0.017028 2.057499
v 1.901669 0.010368 2.055576
v 1.901669 0.006940 2.054979
v 1.901669 0.003478 2.054620
v 1.901669 0.000000 2.054500
v 1.901669 -0.003478 2.054620
v 1.901669 -0.006940 2.054979
v 1.901669 -0.010368 2.055576
v 1.901669 -0.013748 2.056407
v 1.901669 -0.017062 2.057469
v 1.901963 -0.017013 2.057512
v 1.902234 -0.016866 2.057648
v 1.901669 0.017062 2.057469
v 1.912500 -0.042250 2.133564
v 1.911500 -0.041422 2.133004
v 1.911500 -0.037349 2.138243
v 1.912500 -0.037790 2.139248
v 1.912500 -0.045863 2.127307
v 1.911500 -0.044898 2.127004
v 1.911500 -0.041505 2.132880
v 1.911500 -0.044963 2.126870
v 1.912500 -0.048555 2.120603
v 1.911500 -0.047463 2.120723
v 1.911500 -0.047603 2.120297
v 1.912003 -0.049697 2.113988
v 1.911500 -0.049155 2.114153
v 1.912500 -0.050236 2.113796
v 1.911500 -0.037049 2.138577
v 1.911500 -0.032504 2.142993
v 1.912003 -0.032633 2.143545
v 1.912500 -0.032736 2.144107
v 1.902500 -0.032504 2.142993
v 1.911500 -0.032504 2.142993
v 1.911500 -0.037049 2.138577
v 1.902500 -0.037213 2.138394
v 1.902500 -0.041467 2.132937
v 1.911500 -0.037349 2.138243
v 1.911500 -0.041422 2.133004
v 1.911500 -0.041505 2.132880
v 1.911500 -0.044898 2.127004
v 1.902500 -0.044927 2.126944
v 1.911500 -0.044963 2.126870
v 1.911500 -0.047463 2.120723
v 1.902500 -0.049155 2.114153
v 1.902500 -0.047527 2.120530
v 1.911500 -0.047603 2.120297
v 1.911500 -0.049155 2.114153
v 1.902500 -0.047527 2.120530
v 1.902234 -0.047764 2.120660
v 1.902234 -0.046572 2.123912
v 1.902500 -0.044927 2.126944
v 1.902234 -0.045159 2.127075
v 1.902234 -0.043531 2.130133
v 1.902500 -0.041467 2.132937
v 1.902500 -0.037213 2.138394
v 1.902234 -0.039665 2.135876
v 1.902234 -0.041697 2.133071
v 1.902500 -0.049155 2.114153
v 1.902367 -0.049298 2.114112
v 1.902234 -0.048729 2.117333
v 1.902500 -0.032504 2.142993
v 1.902234 -0.035045 2.141034
v 1.902234 -0.037444 2.138535
v 1.902234 -0.032575 2.143282
v 1.902367 -0.032540 2.143137
v 1.902234 -0.049441 2.114070
v 1.912500 -0.032433 2.149245
v 1.912500 -0.032881 2.145719
v 1.890500 -0.032881 2.145719
v 1.912500 -0.030971 2.152486
v 1.890500 -0.032433 2.149245
v 1.912500 -0.028624 2.155157
v 1.890500 -0.030971 2.152486
v 1.912500 -0.026331 2.156678
v 1.890500 -0.028624 2.155157
v 1.901669 -0.032632 2.143541
v 1.901963 -0.032619 2.143478
v 1.912003 -0.032633 2.143545
v 1.911500 -0.032504 2.142993
v 1.902500 -0.032504 2.142993
v 1.902367 -0.032540 2.143137
v 1.912500 -0.032736 2.144107
v 1.902234 -0.032575 2.143282
v 1.890500 -0.032632 2.143541
v 1.890500 -0.026331 2.156678
v 1.912500 -0.056610 2.108078
v 1.912500 -0.057749 2.104710
v 1.890500 -0.057749 2.104710
v 1.912500 -0.054534 2.110965
v 1.890500 -0.056610 2.108078
v 1.912500 -0.051704 2.113116
v 1.890500 -0.054534 2.110965
v 1.902367 -0.049298 2.114112
v 1.912003 -0.049697 2.113988
v 1.912500 -0.050236 2.113796
v 1.902500 -0.049155 2.114153
v 1.911500 -0.049155 2.114153
v 1.902234 -0.049441 2.114070
v 1.901917 -0.049651 2.114003
v 1.890500 -0.051704 2.113116
v 1.890500 -0.049693 2.113989
v 1.901669 -0.049693 2.113989
v 1.912500 -0.057921 2.101965
v 1.890500 -0.057921 2.101965
v 1.890500 -0.032632 2.143541
v 1.901669 -0.032632 2.143541
v 1.901669 -0.035209 2.141202
v 1.890500 -0.037618 2.138691
v 1.890500 -0.041891 2.133202
v 1.901669 -0.039850 2.136020
v 1.901669 -0.037618 2.138691
v 1.890500 -0.045369 2.127178
v 1.901669 -0.043734 2.130250
v 1.901669 -0.041891 2.133202
v 1.901669 -0.045369 2.127178
v 1.901669 -0.046789 2.124001
v 1.890500 -0.047987 2.120733
v 1.901669 -0.047987 2.120733
v 1.901669 -0.048956 2.117391
v 1.890500 -0.049693 2.113989
v 1.901669 -0.049693 2.113989
v 1.901975 -0.037573 2.138651
v 1.901975 -0.035166 2.141158
v 1.902234 -0.035045 2.141034
v 1.901975 -0.039802 2.135983
v 1.902234 -0.037444 2.138535
v 1.901975 -0.041841 2.133168
v 1.902234 -0.039665 2.135876
v 1.901975 -0.043682 2.130220
v 1.902234 -0.041697 2.133071
v 1.901975 -0.045315 2.127151
v 1.902234 -0.043531 2.130133
v 1.901975 -0.046733 2.123978
v 1.902234 -0.045159 2.127075
v 1.901975 -0.047929 2.120714
v 1.902234 -0.046572 2.123912
v 1.901975 -0.048897 2.117376
v 1.902234 -0.047764 2.120660
v 1.902234 -0.048729 2.117333
v 1.902234 -0.049441 2.114070
v 1.901669 -0.048956 2.117391
v 1.901917 -0.049651 2.114003
v 1.901669 -0.047987 2.120733
v 1.901669 -0.046789 2.124001
v 1.901669 -0.045369 2.127178
v 1.901669 -0.043734 2.130250
v 1.901669 -0.041891 2.133202
v 1.901669 -0.039850 2.136020
v 1.901669 -0.037618 2.138691
v 1.901669 -0.035209 2.141202
v 1.901669 -0.032632 2.143541
v 1.901963 -0.032619 2.143478
v 1.902234 -0.032575 2.143282
v 1.901669 -0.049693 2.113989
v 1.912500 -0.074565 2.061950
v 1.912500 -0.072718 2.059960
v 1.911500 -0.072155 2.060786
v 1.912500 -0.070191 2.058968
v 1.911500 -0.070042 2.059957
v 1.912500 -0.067484 2.059171
v 1.911500 -0.067779 2.060127
v 1.912500 -0.065133 2.060528
v 1.911500 -0.065813 2.061261
v 1.912500 -0.063604 2.062771
v 1.911500 -0.064535 2.063137
v 1.912500 -0.063199 2.065456
v 1.911500 -0.064196 2.065381
v 1.912500 -0.063999 2.068050
v 1.911500 -0.064865 2.067550
v 1.911500 -0.073699 2.062450
v 1.912500 -0.043050 2.030435
v 1.912500 -0.040456 2.029635
v 1.911500 -0.040381 2.030632
v 1.912500 -0.037771 2.030040
v 1.911500 -0.038137 2.030971
v 1.912500 -0.035528 2.031569
v 1.911500 -0.036261 2.032249
v 1.912500 -0.034171 2.033920
v 1.911500 -0.035127 2.034215
v 1.912500 -0.033968 2.036627
v 1.911500 -0.034957 2.036478
v 1.912500 -0.034960 2.039154
v 1.911500 -0.035786 2.038591
v 1.912500 -0.036950 2.041001
v 1.911500 -0.037450 2.040135
v 1.911500 -0.042550 2.031301
v 1.912500 0.000000 2.018900
v 1.912500 0.002647 2.019504
v 1.911500 0.002213 2.020405
v 1.912500 0.004769 2.021197
v 1.911500 0.003987 2.021820
v 1.911500 0.002550 2.020583
v 1.912500 0.005947 2.023643
v 1.911500 0.004972 2.023865
v 1.911500 0.004417 2.022450
v 1.912500 0.005947 2.026357
v 1.911500 0.004972 2.026135
v 1.911500 0.005100 2.025000
v 1.912500 0.004769 2.028803
v 1.911500 0.004417 2.027550
v 1.911500 0.003987 2.028180
v 1.912500 0.002647 2.030496
v 1.911500 0.002550 2.029417
v 1.911500 0.002213 2.029595
v 1.912500 0.000000 2.031100
v 1.911500 0.000000 2.030100
v 1.911500 0.000000 2.019900
v 1.912500 0.043050 2.030435
v 1.912500 0.045040 2.032282
v 1.911500 0.044214 2.032845
v 1.912500 0.046032 2.034809
v 1.911500 0.045043 2.034958
v 1.911500 0.044417 2.033168
v 1.912500 0.045829 2.037516
v 1.911500 0.044873 2.037221
v 1.911500 0.045100 2.035718
v 1.912500 0.044472 2.039867
v 1.911500 0.044417 2.038268
v 1.911500 0.043739 2.039187
v 1.912500 0.042229 2.041396
v 1.911500 0.042550 2.040135
v 1.911500 0.041863 2.040465
v 1.912500 0.039544 2.041801
v 1.911500 0.040000 2.040818
v 1.911500 0.039619 2.040804
v 1.912500 0.036950 2.041001
v 1.911500 0.037450 2.040135
v 1.911500 0.042550 2.031301
v 1.912500 0.074565 2.061950
v 1.912500 0.075365 2.064544
v 1.911500 0.074368 2.064619
v 1.912500 0.074960 2.067229
v 1.911500 0.074029 2.066863
v 1.911500 0.074382 2.065000
v 1.912500 0.073431 2.069472
v 1.911500 0.072751 2.068739
v 1.911500 0.073699 2.067550
v 1.912500 0.071080 2.070829
v 1.911500 0.070785 2.069873
v 1.911500 0.071832 2.069417
v 1.912500 0.068373 2.071032
v 1.911500 0.069282 2.070100
v 1.911500 0.068522 2.070043
v 1.912500 0.065846 2.070040
v 1.911500 0.066732 2.069417
v 1.911500 0.066409 2.069214
v 1.912500 0.063999 2.068050
v 1.911500 0.064865 2.067550
v 1.911500 0.073699 2.062450
v 1.912500 0.086100 2.105000
v 1.912500 0.085496 2.107647
v 1.911500 0.084595 2.107213
v 1.912500 0.083803 2.109769
v 1.911500 0.083180 2.108987
v 1.911500 0.084417 2.107550
v 1.912500 0.081357 2.110947
v 1.911500 0.081135 2.109972
v 1.911500 0.082550 2.109417
v 1.912500 0.078643 2.110947
v 1.911500 0.080000 2.110100
v 1.911500 0.078865 2.109972
v 1.912500 0.076197 2.109769
v 1.911500 0.077450 2.109417
v 1.911500 0.076820 2.108987
v 1.912500 0.074504 2.107647
v 1.911500 0.075583 2.107550
v 1.911500 0.075405 2.107213
v 1.912500 0.073900 2.105000
v 1.911500 0.074900 2.105000
v 1.911500 0.085100 2.105000
v 1.912500 0.074565 2.148050
v 1.912500 0.072718 2.150040
v 1.911500 0.072155 2.149214
v 1.912500 0.070191 2.151032
v 1.911500 0.070042 2.150043
v 1.911500 0.071832 2.149417
v 1.912500 0.067484 2.150829
v 1.911500 0.067779 2.149873
v 1.911500 0.069282 2.150100
v 1.912500 0.065133 2.149472
v 1.911500 0.066732 2.149417
v 1.911500 0.065813 2.148739
v 1.912500 0.063604 2.147229
v 1.911500 0.064865 2.147550
v 1.911500 0.064535 2.146863
v 1.912500 0.063199 2.144544
v 1.911500 0.064182 2.145000
v 1.911500 0.064196 2.144619
v 1.912500 0.063999 2.141950
v 1.911500 0.064865 2.142450
v 1.911500 0.073699 2.147550
v 1.912500 0.043050 2.179565
v 1.912500 0.040456 2.180365
v 1.911500 0.040381 2.179368
v 1.912500 0.037771 2.179960
v 1.911500 0.038137 2.179029
v 1.911500 0.040000 2.179382
v 1.912500 0.035528 2.178431
v 1.911500 0.036261 2.177751
v 1.911500 0.037450 2.178699
v 1.912500 0.034171 2.176080
v 1.911500 0.035127 2.175785
v 1.911500 0.035583 2.176832
v 1.912500 0.033968 2.173373
v 1.911500 0.034900 2.174282
v 1.911500 0.034957 2.173522
v 1.912500 0.034960 2.170846
v 1.911500 0.035583 2.171732
v 1.911500 0.035786 2.171409
v 1.912500 0.036950 2.168999
v 1.911500 0.037450 2.169865
v 1.911500 0.042550 2.178699
v 1.912500 -0.043050 2.179565
v 1.912500 -0.045040 2.177718
v 1.911500 -0.044214 2.177155
v 1.912500 -0.046032 2.175191
v 1.911500 -0.045043 2.175042
v 1.911500 -0.044417 2.176832
v 1.912500 -0.045829 2.172484
v 1.911500 -0.044873 2.172779
v 1.911500 -0.045100 2.174282
v 1.912500 -0.044472 2.170133
v 1.911500 -0.044417 2.171732
v 1.911500 -0.043739 2.170813
v 1.912500 -0.042229 2.168604
v 1.911500 -0.042550 2.169865
v 1.911500 -0.041863 2.169535
v 1.912500 -0.039544 2.168199
v 1.911500 -0.040000 2.169182
v 1.911500 -0.039619 2.169196
v 1.912500 -0.036950 2.168999
v 1.911500 -0.037450 2.169865
v 1.911500 -0.042550 2.178699
v 1.912500 -0.074565 2.148050
v 1.912500 -0.075365 2.145456
v 1.911500 -0.074368 2.145381
v 1.912500 -0.074960 2.142771
v 1.911500 -0.074029 2.143137
v 1.911500 -0.074382 2.145000
v 1.912500 -0.073431 2.140528
v 1.911500 -0.072751 2.141261
v 1.911500 -0.073699 2.142450
v 1.912500 -0.071080 2.139171
v 1.911500 -0.070785 2.140127
v 1.911500 -0.071832 2.140583
v 1.912500 -0.068373 2.138968
v 1.911500 -0.069282 2.139900
v 1.911500 -0.068522 2.139957
v 1.912500 -0.065846 2.139960
v 1.911500 -0.066732 2.140583
v 1.911500 -0.066409 2.140786
v 1.912500 -0.063999 2.141950
v 1.911500 -0.064865 2.142450
v 1.911500 -0.073699 2.147550
v 1.912500 -0.086100 2.105000
v 1.912500 -0.085496 2.102353
v 1.911500 -0.084595 2.102787
v 1.912500 -0.083803 2.100231
v 1.911500 -0.083180 2.101013
v 1.911500 -0.084417 2.102450
v 1.912500 -0.081357 2.099053
v 1.911500 -0.081135 2.100028
v 1.911500 -0.082550 2.100583
v 1.912500 -0.078643 2.099053
v 1.911500 -0.080000 2.099900
v 1.911500 -0.078865 2.100028
v 1.912500 -0.076197 2.100231
v 1.911500 -0.077450 2.100583
v 1.911500 -0.076820 2.101013
v 1.912500 -0.074504 2.102353
v 1.911500 -0.075583 2.102450
v 1.911500 -0.075405 2.102787
v 1.912500 -0.073900 2.105000
v 1.911500 -0.074900 2.105000
v 1.911500 -0.085100 2.105000
v 1.911500 -0.100000 2.105000
v 1.912500 -0.099000 2.105000
v 1.912500 -0.098331 2.116493
v 1.911500 -0.099324 2.116609
v 1.912500 -0.096331 2.127831
v 1.911500 -0.097304 2.128062
v 1.912500 -0.093030 2.138860
v 1.911500 -0.093969 2.139202
v 1.912500 -0.088470 2.149431
v 1.911500 -0.089363 2.149880
v 1.912500 -0.082713 2.159401
v 1.911500 -0.083549 2.159951
v 1.912500 -0.075838 2.168636
v 1.911500 -0.076604 2.169279
v 1.912500 -0.067938 2.177010
v 1.911500 -0.068624 2.177737
v 1.912500 -0.059119 2.184410
v 1.911500 -0.059716 2.185212
v 1.912500 -0.049500 2.190737
v 1.911500 -0.050000 2.191603
v 1.912500 -0.039212 2.195903
v 1.911500 -0.039608 2.196822
v 1.912500 -0.028394 2.199841
v 1.911500 -0.028680 2.200799
v 1.912500 -0.017191 2.202496
v 1.911500 -0.017365 2.203481
v 1.912500 -0.005756 2.203833
v 1.911500 -0.005814 2.204831
v 1.912500 0.005756 2.203833
v 1.911500 0.005814 2.204831
v 1.912500 0.017191 2.202496
v 1.911500 0.017365 2.203481
v 1.912500 0.028394 2.199841
v 1.911500 0.028680 2.200799
v 1.912500 0.039212 2.195903
v 1.911500 0.039608 2.196822
v 1.912500 0.049500 2.190737
v 1.911500 0.050000 2.191603
v 1.912500 0.059119 2.184410
v 1.911500 0.059716 2.185212
v 1.912500 0.067938 2.177010
v 1.911500 0.068624 2.177737
v 1.912500 0.075838 2.168636
v 1.911500 0.076604 2.169279
v 1.912500 0.082713 2.159401
v 1.911500 0.083549 2.159951
v 1.912500 0.088470 2.149431
v 1.911500 0.089363 2.149880
v 1.912500 0.093030 2.138860
v 1.911500 0.093969 2.139202
v 1.912500 0.096331 2.127831
v 1.911500 0.097304 2.128062
v 1.912500 0.098331 2.116493
v 1.911500 0.099324 2.116609
v 1.912500 0.099000 2.105000
v 1.911500 0.100000 2.105000
v 1.911500 0.100000 2.105000
v 1.912500 0.099000 2.105000
v 1.912500 0.098331 2.093507
v 1.911500 0.099324 2.093391
v 1.912500 0.096331 2.082169
v 1.911500 0.097304 2.081938
v 1.912500 0.093030 2.071140
v 1.911500 0.093969 2.070798
v 1.912500 0.088470 2.060569
v 1.911500 0.089363 2.060120
v 1.912500 0.082713 2.050599
v 1.911500 0.083549 2.050049
v 1.912500 0.075838 2.041364
v 1.911500 0.076604 2.040721
v 1.912500 0.067938 2.032990
v 1.911500 0.068624 2.032263
v 1.912500 0.059119 2.025590
v 1.911500 0.059716 2.024788
v 1.912500 0.049500 2.019263
v 1.911500 0.050000 2.018397
v 1.912500 0.039212 2.014097
v 1.911500 0.039608 2.013178
v 1.912500 0.028394 2.010159
v 1.911500 0.028680 2.009201
v 1.912500 0.017191 2.007504
v 1.911500 0.017365 2.006519
v 1.912500 0.005756 2.006167
v 1.911500 0.005814 2.005169
v 1.912500 -0.005756 2.006167
v 1.911500 -0.005814 2.005169
v 1.912500 -0.017191 2.007504
v 1.911500 -0.017365 2.006519
v 1.912500 -0.028394 2.010159
v 1.911500 -0.028680 2.009201
v 1.912500 -0.039212 2.014097
v 1.911500 -0.039608 2.013178
v 1.912500 -0.049500 2.019263
v 1.911500 -0.050000 2.018397
v 1.912500 -0.059119 2.025590
v 1.911500 -0.059716 2.024788
v 1.912500 -0.067938 2.032990
v 1.911500 -0.068624 2.032263
v 1.912500 -0.075838 2.041364
v 1.911500 -0.076604 2.040721
v 1.912500 -0.082713 2.050599
v 1.911500 -0.083549 2.050049
v 1.912500 -0.088470 2.060569
v 1.911500 -0.089363 2.060120
v 1.912500 -0.093030 2.071140
v 1.911500 -0.093969 2.070798
v 1.912500 -0.096331 2.082169
v 1.911500 -0.097304 2.081938
v 1.912500 -0.098331 2.093507
v 1.911500 -0.099324 2.093391
v 1.912500 -0.099000 2.105000
v 1.911500 -0.100000 2.105000
v 1.891000 -0.100000 2.105000
v 1.911500 -0.100000 2.105000
v 1.911500 -0.099324 2.116609
v 1.891000 -0.099324 2.116609
v 1.911500 -0.097304 2.128062
v 1.891000 -0.097304 2.128062
v 1.911500 -0.093969 2.139202
v 1.891000 -0.093969 2.139202
v 1.911500 -0.089363 2.149880
v 1.891000 -0.089363 2.149880
v 1.911500 -0.083549 2.159951
v 1.891000 -0.083549 2.159951
v 1.911500 -0.076604 2.169279
v 1.891000 -0.076604 2.169279
v 1.911500 -0.068624 2.177737
v 1.891000 -0.068624 2.177737
v 1.911500 -0.059716 2.185212
v 1.891000 -0.059716 2.185212
v 1.911500 -0.050000 2.191603
v 1.891000 -0.050000 2.191603
v 1.911500 -0.039608 2.196822
v 1.891000 -0.039608 2.196822
v 1.911500 -0.028680 2.200799
v 1.891000 -0.028680 2.200799
v 1.911500 -0.017365 2.203481
v 1.891000 -0.017365 2.203481
v 1.911500 -0.005814 2.204831
v 1.891000 -0.005814 2.204831
v 1.911500 0.005814 2.204831
v 1.891000 0.005814 2.204831
v 1.911500 0.017365 2.203481
v 1.891000 0.017365 2.203481
v 1.911500 0.028680 2.200799
v 1.891000 0.028680 2.200799
v 1.911500 0.039608 2.196822
v 1.891000 0.039608 2.196822
v 1.911500 0.050000 2.191603
v 1.891000 0.050000 2.191603
v 1.911500 0.059716 2.185212
v 1.891000 0.059716 2.185212
v 1.911500 0.068624 2.177737
v 1.891000 0.068624 2.177737
v 1.911500 0.076604 2.169279
v 1.891000 0.076604 2.169279
v 1.911500 0.083549 2.159951
v 1.891000 0.083549 2.159951
v 1.911500 0.089363 2.149880
v 1.891000 0.089363 2.149880
v 1.911500 0.093969 2.139202
v 1.891000 0.093969 2.139202
v 1.911500 0.097304 2.128062
v 1.891000 0.097304 2.128062
v 1.911500 0.099324 2.116609
v 1.891000 0.099324 2.116609
v 1.911500 0.100000 2.105000
v 1.891000 0.100000 2.105000
v 1.912500 -0.073900 2.105000
v 1.912500 -0.074504 2.107647
v 1.911500 -0.075405 2.107213
v 1.912500 -0.076197 2.109769
v 1.911500 -0.076820 2.108987
v 1.911500 -0.075583 2.107550
v 1.912500 -0.078643 2.110947
v 1.911500 -0.078865 2.109972
v 1.911500 -0.077450 2.109417
v 1.912500 -0.081357 2.110947
v 1.911500 -0.080000 2.110100
v 1.911500 -0.081135 2.109972
v 1.912500 -0.083803 2.109769
v 1.911500 -0.082550 2.109417
v 1.911500 -0.083180 2.108987
v 1.912500 -0.085496 2.107647
v 1.911500 -0.084417 2.107550
v 1.911500 -0.084595 2.107213
v 1.912500 -0.086100 2.105000
v 1.911500 -0.085100 2.105000
v 1.911500 -0.074900 2.105000
v 1.889500 -0.074900 2.105000
v 1.889500 -0.075583 2.102450
v 1.911500 -0.075405 2.102787
v 1.911500 -0.075583 2.102450
v 1.889500 -0.077450 2.100583
v 1.911500 -0.076820 2.101013
v 1.911500 -0.077450 2.100583
v 1.889500 -0.080000 2.099900
v 1.911500 -0.078865 2.100028
v 1.911500 -0.080000 2.099900
v 1.889500 -0.082550 2.100583
v 1.911500 -0.082550 2.100583
v 1.911500 -0.081135 2.100028
v 1.889500 -0.084417 2.102450
v 1.911500 -0.084417 2.102450
v 1.911500 -0.083180 2.101013
v 1.889500 -0.085100 2.105000
v 1.911500 -0.085100 2.105000
v 1.911500 -0.084595 2.102787
v 1.911500 -0.074900 2.105000
v 1.889500 -0.085100 2.105000
v 1.889500 -0.084417 2.107550
v 1.911500 -0.084595 2.107213
v 1.911500 -0.084417 2.107550
v 1.889500 -0.082550 2.109417
v 1.911500 -0.083180 2.108987
v 1.911500 -0.082550 2.109417
v 1.889500 -0.080000 2.110100
v 1.911500 -0.081135 2.109972
v 1.911500 -0.080000 2.110100
v 1.889500 -0.077450 2.109417
v 1.911500 -0.077450 2.109417
v 1.911500 -0.078865 2.109972
v 1.889500 -0.075583 2.107550
v 1.911500 -0.075583 2.107550
v 1.911500 -0.076820 2.108987
v 1.889500 -0.074900 2.105000
v 1.911500 -0.074900 2.105000
v 1.911500 -0.075405 2.107213
v 1.911500 -0.085100 2.105000
v 1.886436 -0.080000 2.105000
v 1.889500 -0.075583 2.102450
v 1.889500 -0.074900 2.105000
v 1.886436 -0.080000 2.105000
v 1.889500 -0.077450 2.100583
v 1.886436 -0.080000 2.105000
v 1.889500 -0.080000 2.099900
v 1.886436 -0.080000 2.105000
v 1.889500 -0.082550 2.100583
v 1.886436 -0.080000 2.105000
v 1.889500 -0.084417 2.102450
v 1.886436 -0.080000 2.105000
v 1.889500 -0.085100 2.105000
v 1.886436 -0.080000 2.105000
v 1.889500 -0.084417 2.107550
v 1.889500 -0.085100 2.105000
v 1.886436 -0.080000 2.105000
v 1.889500 -0.082550 2.109417
v 1.886436 -0.080000 2.105000
v 1.889500 -0.080000 2.110100
v 1.886436 -0.080000 2.105000
v 1.889500 -0.077450 2.109417
v 1.886436 -0.080000 2.105000
v 1.889500 -0.075583 2.107550
v 1.886436 -0.080000 2.105000
v 1.889500 -0.074900 2.105000
v 1.912500 -0.063999 2.141950
v 1.912500 -0.063199 2.144544
v 1.911500 -0.064196 2.144619
v 1.912500 -0.063604 2.147229
v 1.911500 -0.064535 2.146863
v 1.911500 -0.064182 2.145000
v 1.912500 -0.065133 2.149472
v 1.911500 -0.065813 2.148739
v 1.911500 -0.064865 2.147550
v 1.912500 -0.067484 2.150829
v 1.911500 -0.067779 2.149873
v 1.911500 -0.066732 2.149417
v 1.912500 -0.070191 2.151032
v 1.911500 -0.069282 2.150100
v 1.911500 -0.070042 2.150043
v 1.912500 -0.072718 2.150040
v 1.911500 -0.071832 2.149417
v 1.911500 -0.072155 2.149214
v 1.912500 -0.074565 2.148050
v 1.911500 -0.073699 2.147550
v 1.911500 -0.064865 2.142450
v 1.889500 -0.064865 2.142450
v 1.889500 -0.066732 2.140583
v 1.911500 -0.066409 2.140786
v 1.911500 -0.066732 2.140583
v 1.889500 -0.069282 2.139900
v 1.911500 -0.068522 2.139957
v 1.911500 -0.069282 2.139900
v 1.889500 -0.071832 2.140583
v 1.911500 -0.070785 2.140127
v 1.911500 -0.071832 2.140583
v 1.889500 -0.073699 2.142450
v 1.911500 -0.073699 2.142450
v 1.911500 -0.072751 2.141261
v 1.889500 -0.074382 2.145000
v 1.911500 -0.074382 2.145000
v 1.911500 -0.074029 2.143137
v 1.889500 -0.073699 2.147550
v 1.911500 -0.073699 2.147550
v 1.911500 -0.074368 2.145381
v 1.911500 -0.064865 2.142450
v 1.889500 -0.073699 2.147550
v 1.889500 -0.071832 2.149417
v 1.911500 -0.072155 2.149214
v 1.911500 -0.071832 2.149417
v 1.889500 -0.069282 2.150100
v 1.911500 -0.070042 2.150043
v 1.911500 -0.069282 2.150100
v 1.889500 -0.066732 2.149417
v 1.911500 -0.067779 2.149873
v 1.911500 -0.066732 2.149417
v 1.889500 -0.064865 2.147550
v 1.911500 -0.064865 2.147550
v 1.911500 -0.065813 2.148739
v 1.889500 -0.064182 2.145000
v 1.911500 -0.064182 2.145000
v 1.911500 -0.064535 2.146863
v 1.889500 -0.064865 2.142450
v 1.911500 -0.064865 2.142450
v 1.911500 -0.064196 2.144619
v 1.911500 -0.073699 2.147550
v 1.886436 -0.069282 2.145000
v 1.889500 -0.066732 2.140583
v 1.889500 -0.064865 2.142450
v 1.886436 -0.069282 2.145000
v 1.889500 -0.069282 2.139900
v 1.886436 -0.069282 2.145000
v 1.889500 -0.071832 2.140583
v 1.886436 -0.069282 2.145000
v 1.889500 -0.073699 2.142450
v 1.886436 -0.069282 2.145000
v 1.889500 -0.074382 2.145000
v 1.886436 -0.069282 2.145000
v 1.889500 -0.073699 2.147550
v 1.886436 -0.069282 2.145000
v 1.889500 -0.071832 2.149417
v 1.889500 -0.073699 2.147550
v 1.886436 -0.069282 2.145000
v 1.889500 -0.069282 2.150100
v 1.886436 -0.069282 2.145000
v 1.889500 -0.066732 2.149417
v 1.886436 -0.069282 2.145000
v 1.889500 -0.064865 2.147550
v 1.886436 -0.069282 2.145000
v 1.889500 -0.064182 2.145000
v 1.886436 -0.069282 2.145000
v 1.889500 -0.064865 2.142450
v 1.912500 -0.036950 2.168999
v 1.912500 -0.034960 2.170846
v 1.911500 -0.035786 2.171409
v 1.912500 -0.033968 2.173373
v 1.911500 -0.034957 2.173522
v 1.911500 -0.035583 2.171732
v 1.912500 -0.034171 2.176080
v 1.911500 -0.035127 2.175785
v 1.911500 -0.034900 2.174282
v 1.912500 -0.035528 2.178431
v 1.911500 -0.035583 2.176832
v 1.911500 -0.036261 2.177751
v 1.912500 -0.037771 2.179960
v 1.911500 -0.037450 2.178699
v 1.911500 -0.038137 2.179029
v 1.912500 -0.040456 2.180365
v 1.911500 -0.040000 2.179382
v 1.911500 -0.040381 2.179368
v 1.912500 -0.043050 2.179565
v 1.911500 -0.042550 2.178699
v 1.911500 -0.037450 2.169865
v 1.889500 -0.037450 2.169865
v 1.889500 -0.040000 2.169182
v 1.911500 -0.039619 2.169196
v 1.911500 -0.040000 2.169182
v 1.889500 -0.042550 2.169865
v 1.911500 -0.041863 2.169535
v 1.911500 -0.042550 2.169865
v 1.889500 -0.044417 2.171732
v 1.911500 -0.043739 2.170813
v 1.911500 -0.044417 2.171732
v 1.889500 -0.045100 2.174282
v 1.911500 -0.045100 2.174282
v 1.911500 -0.044873 2.172779
v 1.889500 -0.044417 2.176832
v 1.911500 -0.044417 2.176832
v 1.911500 -0.045043 2.175042
v 1.889500 -0.042550 2.178699
v 1.911500 -0.042550 2.178699
v 1.911500 -0.044214 2.177155
v 1.911500 -0.037450 2.169865
v 1.889500 -0.042550 2.178699
v 1.889500 -0.040000 2.179382
v 1.911500 -0.040381 2.179368
v 1.911500 -0.040000 2.179382
v 1.889500 -0.037450 2.178699
v 1.911500 -0.038137 2.179029
v 1.911500 -0.037450 2.178699
v 1.889500 -0.035583 2.176832
v 1.911500 -0.036261 2.177751
v 1.911500 -0.035583 2.176832
v 1.889500 -0.034900 2.174282
v 1.911500 -0.034900 2.174282
v 1.911500 -0.035127 2.175785
v 1.889500 -0.035583 2.171732
v 1.911500 -0.035583 2.171732
v 1.911500 -0.034957 2.173522
v 1.889500 -0.037450 2.169865
v 1.911500 -0.037450 2.169865
v 1.911500 -0.035786 2.171409
v 1.911500 -0.042550 2.178699
v 1.886436 -0.040000 2.174282
v 1.889500 -0.040000 2.169182
v 1.889500 -0.037450 2.169865
v 1.886436 -0.040000 2.174282
v 1.889500 -0.042550 2.169865
v 1.886436 -0.040000 2.174282
v 1.889500 -0.044417 2.171732
v 1.886436 -0.040000 2.174282
v 1.889500 -0.045100 2.174282
v 1.886436 -0.040000 2.174282
v 1.889500 -0.044417 2.176832
v 1.886436 -0.040000 2.174282
v 1.889500 -0.042550 2.178699
v 1.886436 -0.040000 2.174282
v 1.889500 -0.040000 2.179382
v 1.889500 -0.042550 2.178699
v 1.886436 -0.040000 2.174282
v 1.889500 -0.037450 2.178699
v 1.886436 -0.040000 2.174282
v 1.889500 -0.035583 2.176832
v 1.886436 -0.040000 2.174282
v 1.889500 -0.034900 2.174282
v 1.886436 -0.040000 2.174282
v 1.889500 -0.035583 2.171732
v 1.886436 -0.040000 2.174282
v 1.889500 -0.037450 2.169865
v 1.912500 0.036950 2.168999
v 1.912500 0.039544 2.168199
v 1.911500 0.039619 2.169196
v 1.912500 0.042229 2.168604
v 1.911500 0.041863 2.169535
v 1.911500 0.040000 2.169182
v 1.912500 0.044472 2.170133
v 1.911500 0.043739 2.170813
v 1.911500 0.042550 2.169865
v 1.912500 0.045829 2.172484
v 1.911500 0.044873 2.172779
v 1.911500 0.044417 2.171732
v 1.912500 0.046032 2.175191
v 1.911500 0.045100 2.174282
v 1.911500 0.045043 2.175042
v 1.912500 0.045040 2.177718
v 1.911500 0.044417 2.176832
v 1.911500 0.044214 2.177155
v 1.912500 0.043050 2.179565
v 1.911500 0.042550 2.178699
v 1.911500 0.037450 2.169865
v 1.889500 0.037450 2.169865
v 1.889500 0.035786 2.171409
v 1.911500 0.035786 2.171409
v 1.889500 0.035583 2.171732
v 1.911500 0.035583 2.171732
v 1.889500 0.034957 2.173522
v 1.911500 0.034957 2.173522
v 1.889500 0.034900 2.174282
v 1.911500 0.034900 2.174282
v 1.889500 0.035127 2.175785
v 1.911500 0.035127 2.175785
v 1.889500 0.035583 2.176832
v 1.911500 0.035583 2.176832
v 1.889500 0.036261 2.177751
v 1.911500 0.036261 2.177751
v 1.889500 0.037450 2.178699
v 1.911500 0.037450 2.178699
v 1.889500 0.038137 2.179029
v 1.911500 0.038137 2.179029
v 1.889500 0.040000 2.179382
v 1.911500 0.040000 2.179382
v 1.889500 0.040381 2.179368
v 1.911500 0.040381 2.179368
v 1.889500 0.042550 2.178699
v 1.911500 0.042550 2.178699
v 1.911500 0.037450 2.169865
v 1.889500 0.042550 2.178699
v 1.889500 0.044417 2.176832
v 1.911500 0.044214 2.177155
v 1.911500 0.044417 2.176832
v 1.889500 0.045100 2.174282
v 1.911500 0.045043 2.175042
v 1.911500 0.045100 2.174282
v 1.889500 0.044417 2.171732
v 1.911500 0.044873 2.172779
v 1.911500 0.044417 2.171732
v 1.889500 0.042550 2.169865
v 1.911500 0.042550 2.169865
v 1.911500 0.043739 2.170813
v 1.889500 0.040000 2.169182
v 1.911500 0.040000 2.169182
v 1.911500 0.041863 2.169535
v 1.889500 0.037450 2.169865
v 1.911500 0.037450 2.169865
v 1.911500 0.039619 2.169196
v 1.911500 0.042550 2.178699
v 1.886436 0.040000 2.174282
v 1.889500 0.040381 2.179368
v 1.889500 0.040000 2.179382
v 1.886436 0.040000 2.174282
v 1.889500 0.038137 2.179029
v 1.889500 0.037450 2.178699
v 1.886436 0.040000 2.174282
v 1.889500 0.036261 2.177751
v 1.889500 0.035583 2.176832
v 1.886436 0.040000 2.174282
v 1.889500 0.035127 2.175785
v 1.889500 0.034900 2.174282
v 1.886436 0.040000 2.174282
v 1.889500 0.034957 2.173522
v 1.889500 0.035583 2.171732
v 1.886436 0.040000 2.174282
v 1.889500 0.035786 2.171409
v 1.889500 0.037450 2.169865
v 1.886436 0.040000 2.174282
v 1.886436 0.040000 2.174282
v 1.886436 0.040000 2.174282
v 1.886436 0.040000 2.174282
v 1.886436 0.040000 2.174282
v 1.886436 0.040000 2.174282
v 1.889500 0.042550 2.178699
v 1.886436 0.040000 2.174282
v 1.889500 0.044417 2.176832
v 1.889500 0.042550 2.178699
v 1.886436 0.040000 2.174282
v 1.889500 0.045100 2.174282
v 1.886436 0.040000 2.174282
v 1.889500 0.044417 2.171732
v 1.886436 0.040000 2.174282
v 1.889500 0.042550 2.169865
v 1.886436 0.040000 2.174282
v 1.889500 0.040000 2.169182
v 1.886436 0.040000 2.174282
v 1.889500 0.037450 2.169865
v 1.912500 0.063999 2.141950
v 1.912500 0.065846 2.139960
v 1.911500 0.066409 2.140786
v 1.912500 0.068373 2.138968
v 1.911500 0.068522 2.139957
v 1.911500 0.066732 2.140583
v 1.912500 0.071080 2.139171
v 1.911500 0.070785 2.140127
v 1.911500 0.069282 2.139900
v 1.912500 0.073431 2.140528
v 1.911500 0.071832 2.140583
v 1.911500 0.072751 2.141261
v 1.912500 0.074960 2.142771
v 1.911500 0.073699 2.142450
v 1.911500 0.074029 2.143137
v 1.912500 0.075365 2.145456
v 1.911500 0.074382 2.145000
v 1.911500 0.074368 2.145381
v 1.912500 0.074565 2.148050
v 1.911500 0.073699 2.147550
v 1.911500 0.064865 2.142450
v 1.889500 0.064865 2.142450
v 1.889500 0.064182 2.145000
v 1.911500 0.064196 2.144619
v 1.911500 0.064182 2.145000
v 1.889500 0.064865 2.147550
v 1.911500 0.064535 2.146863
v 1.911500 0.064865 2.147550
v 1.889500 0.066732 2.149417
v 1.911500 0.065813 2.148739
v 1.911500 0.066732 2.149417
v 1.889500 0.069282 2.150100
v 1.911500 0.069282 2.150100
v 1.911500 0.067779 2.149873
v 1.889500 0.071832 2.149417
v 1.911500 0.071832 2.149417
v 1.911500 0.070042 2.150043
v 1.889500 0.073699 2.147550
v 1.911500 0.073699 2.147550
v 1.911500 0.072155 2.149214
v 1.911500 0.064865 2.142450
v 1.911500 0.074382 2.145000
v 1.911500 0.074368 2.145381
v 1.889500 0.074368 2.145381
v 1.889500 0.073699 2.147550
v 1.911500 0.073699 2.147550
v 1.911500 0.073699 2.142450
v 1.911500 0.074029 2.143137
v 1.889500 0.074029 2.143137
v 1.889500 0.074382 2.145000
v 1.911500 0.071832 2.140583
v 1.911500 0.072751 2.141261
v 1.889500 0.072751 2.141261
v 1.889500 0.073699 2.142450
v 1.911500 0.069282 2.139900
v 1.911500 0.070785 2.140127
v 1.889500 0.070785 2.140127
v 1.889500 0.071832 2.140583
v 1.911500 0.066732 2.140583
v 1.911500 0.068522 2.139957
v 1.889500 0.068522 2.139957
v 1.889500 0.069282 2.139900
v 1.911500 0.064865 2.142450
v 1.911500 0.066409 2.140786
v 1.889500 0.066409 2.140786
v 1.889500 0.066732 2.140583
v 1.889500 0.064865 2.142450
v 1.886436 0.069282 2.145000
v 1.889500 0.064182 2.145000
v 1.889500 0.064865 2.142450
v 1.886436 0.069282 2.145000
v 1.889500 0.064865 2.147550
v 1.886436 0.069282 2.145000
v 1.889500 0.066732 2.149417
v 1.886436 0.069282 2.145000
v 1.889500 0.069282 2.150100
v 1.886436 0.069282 2.145000
v 1.889500 0.071832 2.149417
v 1.886436 0.069282 2.145000
v 1.889500 0.073699 2.147550
v 1.886436 0.069282 2.145000
v 1.889500 0.066409 2.140786
v 1.889500 0.066732 2.140583
v 1.886436 0.069282 2.145000
v 1.889500 0.068522 2.139957
v 1.889500 0.069282 2.139900
v 1.886436 0.069282 2.145000
v 1.889500 0.070785 2.140127
v 1.889500 0.071832 2.140583
v 1.886436 0.069282 2.145000
v 1.889500 0.072751 2.141261
v 1.889500 0.073699 2.142450
v 1.886436 0.069282 2.145000
v 1.889500 0.074029 2.143137
v 1.889500 0.074382 2.145000
v 1.886436 0.069282 2.145000
v 1.889500 0.074368 2.145381
v 1.889500 0.073699 2.147550
v 1.886436 0.069282 2.145000
v 1.886436 0.069282 2.145000
v 1.886436 0.069282 2.145000
v 1.886436 0.069282 2.145000
v 1.886436 0.069282 2.145000
v 1.886436 0.069282 2.145000
v 1.889500 0.064865 2.142450
v 1.912500 0.073900 2.105000
v 1.912500 0.074504 2.102353
v 1.911500 0.075405 2.102787
v 1.912500 0.076197 2.100231
v 1.911500 0.076820 2.101013
v 1.911500 0.075583 2.102450
v 1.912500 0.078643 2.099053
v 1.911500 0.078865 2.100028
v 1.911500 0.077450 2.100583
v 1.912500 0.081357 2.099053
v 1.911500 0.080000 2.099900
v 1.911500 0.081135 2.100028
v 1.912500 0.083803 2.100231
v 1.911500 0.082550 2.100583
v 1.911500 0.083180 2.101013
v 1.912500 0.085496 2.102353
v 1.911500 0.084417 2.102450
v 1.911500 0.084595 2.102787
v 1.912500 0.086100 2.105000
v 1.911500 0.085100 2.105000
v 1.911500 0.074900 2.105000
v 1.889500 0.074900 2.105000
v 1.889500 0.075583 2.107550
v 1.911500 0.075405 2.107213
v 1.911500 0.075583 2.107550
v 1.889500 0.077450 2.109417
v 1.911500 0.076820 2.108987
v 1.911500 0.077450 2.109417
v 1.889500 0.080000 2.110100
v 1.911500 0.078865 2.109972
v 1.911500 0.080000 2.110100
v 1.889500 0.082550 2.109417
v 1.911500 0.082550 2.109417
v 1.911500 0.081135 2.109972
v 1.889500 0.084417 2.107550
v 1.911500 0.084417 2.107550
v 1.911500 0.083180 2.108987
v 1.889500 0.085100 2.105000
v 1.911500 0.085100 2.105000
v 1.911500 0.084595 2.107213
v 1.911500 0.074900 2.105000
v 1.889500 0.085100 2.105000
v 1.889500 0.084417 2.102450
v 1.911500 0.084595 2.102787
v 1.911500 0.084417 2.102450
v 1.889500 0.082550 2.100583
v 1.911500 0.083180 2.101013
v 1.911500 0.082550 2.100583
v 1.889500 0.080000 2.099900
v 1.911500 0.081135 2.100028
v 1.911500 0.080000 2.099900
v 1.889500 0.077450 2.100583
v 1.911500 0.077450 2.100583
v 1.911500 0.078865 2.100028
v 1.889500 0.075583 2.102450
v 1.911500 0.075583 2.102450
v 1.911500 0.076820 2.101013
v 1.889500 0.074900 2.105000
v 1.911500 0.074900 2.105000
v 1.911500 0.075405 2.102787
v 1.911500 0.085100 2.105000
v 1.886436 0.080000 2.105000
v 1.889500 0.075583 2.107550
v 1.889500 0.074900 2.105000
v 1.886436 0.080000 2.105000
v 1.889500 0.077450 2.109417
v 1.886436 0.080000 2.105000
v 1.889500 0.080000 2.110100
v 1.886436 0.080000 2.105000
v 1.889500 0.082550 2.109417
v 1.886436 0.080000 2.105000
v 1.889500 0.084417 2.107550
v 1.886436 0.080000 2.105000
v 1.889500 0.085100 2.105000
v 1.886436 0.080000 2.105000
v 1.889500 0.084417 2.102450
v 1.889500 0.085100 2.105000
v 1.886436 0.080000 2.105000
v 1.889500 0.082550 2.100583
v 1.886436 0.080000 2.105000
v 1.889500 0.080000 2.099900
v 1.886436 0.080000 2.105000
v 1.889500 0.077450 2.100583
v 1.886436 0.080000 2.105000
v 1.889500 0.075583 2.102450
v 1.886436 0.080000 2.105000
v 1.889500 0.074900 2.105000
v 1.912500 0.063999 2.068050
v 1.912500 0.063199 2.065456
v 1.911500 0.064196 2.065381
v 1.912500 0.063604 2.062771
v 1.911500 0.064535 2.063137
v 1.912500 0.065133 2.060528
v 1.911500 0.065813 2.061261
v 1.912500 0.067484 2.059171
v 1.911500 0.067779 2.060127
v 1.912500 0.070191 2.058968
v 1.911500 0.070042 2.059957
v 1.912500 0.072718 2.059960
v 1.911500 0.072155 2.060786
v 1.912500 0.074565 2.061950
v 1.911500 0.073699 2.062450
v 1.911500 0.064865 2.067550
v 1.889500 0.064865 2.067550
v 1.889500 0.066732 2.069417
v 1.911500 0.066409 2.069214
v 1.911500 0.066732 2.069417
v 1.889500 0.069282 2.070100
v 1.911500 0.068522 2.070043
v 1.911500 0.069282 2.070100
v 1.889500 0.071832 2.069417
v 1.911500 0.070785 2.069873
v 1.911500 0.071832 2.069417
v 1.889500 0.073699 2.067550
v 1.911500 0.073699 2.067550
v 1.911500 0.072751 2.068739
v 1.889500 0.074382 2.065000
v 1.911500 0.074382 2.065000
v 1.911500 0.074029 2.066863
v 1.889500 0.073699 2.062450
v 1.911500 0.073699 2.062450
v 1.911500 0.074368 2.064619
v 1.911500 0.064865 2.067550
v 1.911500 0.072155 2.060786
v 1.911500 0.073699 2.062450
v 1.889500 0.073699 2.062450
v 1.911500 0.070042 2.059957
v 1.889500 0.072155 2.060786
v 1.911500 0.067779 2.060127
v 1.889500 0.070042 2.059957
v 1.911500 0.065813 2.061261
v 1.889500 0.067779 2.060127
v 1.911500 0.064535 2.063137
v 1.889500 0.065813 2.061261
v 1.911500 0.064196 2.065381
v 1.889500 0.064535 2.063137
v 1.911500 0.064865 2.067550
v 1.889500 0.064196 2.065381
v 1.889500 0.064865 2.067550
v 1.886436 0.069282 2.065000
v 1.889500 0.066732 2.069417
v 1.889500 0.064865 2.067550
v 1.886436 0.069282 2.065000
v 1.889500 0.069282 2.070100
v 1.886436 0.069282 2.065000
v 1.889500 0.071832 2.069417
v 1.886436 0.069282 2.065000
v 1.889500 0.073699 2.067550
v 1.886436 0.069282 2.065000
v 1.889500 0.074382 2.065000
v 1.886436 0.069282 2.065000
v 1.889500 0.073699 2.062450
v 1.886436 0.069282 2.065000
v 1.889500 0.072155 2.060786
v 1.889500 0.073699 2.062450
v 1.886436 0.069282 2.065000
v 1.889500 0.070042 2.059957
v 1.886436 0.069282 2.065000
v 1.889500 0.067779 2.060127
v 1.886436 0.069282 2.065000
v 1.889500 0.065813 2.061261
v 1.886436 0.069282 2.065000
v 1.889500 0.064535 2.063137
v 1.886436 0.069282 2.065000
v 1.889500 0.064196 2.065381
v 1.886436 0.069282 2.065000
v 1.889500 0.064865 2.067550
v 1.912500 0.036950 2.041001
v 1.912500 0.034960 2.039154
v 1.911500 0.035786 2.038591
v 1.912500 0.033968 2.036627
v 1.911500 0.034957 2.036478
v 1.912500 0.034171 2.033920
v 1.911500 0.035127 2.034215
v 1.912500 0.035528 2.031569
v 1.911500 0.036261 2.032249
v 1.912500 0.037771 2.030040
v 1.911500 0.038137 2.030971
v 1.912500 0.040456 2.029635
v 1.911500 0.040381 2.030632
v 1.912500 0.043050 2.030435
v 1.911500 0.042550 2.031301
v 1.911500 0.037450 2.040135
v 1.912500 0.000000 2.031100
v 1.912500 -0.002647 2.030496
v 1.911500 -0.002213 2.029595
v 1.912500 -0.004769 2.028803
v 1.911500 -0.003987 2.028180
v 1.911500 -0.002550 2.029417
v 1.912500 -0.005947 2.026357
v 1.911500 -0.004972 2.026135
v 1.911500 -0.004417 2.027550
v 1.912500 -0.005947 2.023643
v 1.911500 -0.004972 2.023865
v 1.911500 -0.005100 2.025000
v 1.912500 -0.004769 2.021197
v 1.911500 -0.004417 2.022450
v 1.911500 -0.003987 2.021820
v 1.912500 -0.002647 2.019504
v 1.911500 -0.002550 2.020583
v 1.911500 -0.002213 2.020405
v 1.912500 0.000000 2.018900
v 1.911500 0.000000 2.019900
v 1.911500 0.000000 2.030100
v 1.889500 0.000000 2.030100
v 1.889500 0.002550 2.029417
v 1.911500 0.002213 2.029595
v 1.911500 0.002550 2.029417
v 1.889500 0.004417 2.027550
v 1.911500 0.003987 2.028180
v 1.911500 0.004417 2.027550
v 1.889500 0.005100 2.025000
v 1.911500 0.004972 2.026135
v 1.911500 0.005100 2.025000
v 1.889500 0.004417 2.022450
v 1.911500 0.004417 2.022450
v 1.911500 0.004972 2.023865
v 1.889500 0.002550 2.020583
v 1.911500 0.002550 2.020583
v 1.911500 0.003987 2.021820
v 1.889500 0.000000 2.019900
v 1.911500 0.000000 2.019900
v 1.911500 0.002213 2.020405
v 1.911500 0.000000 2.030100
v 1.889500 0.000000 2.019900
v 1.889500 -0.002550 2.020583
v 1.911500 -0.002213 2.020405
v 1.911500 -0.002550 2.020583
v 1.889500 -0.004417 2.022450
v 1.911500 -0.003987 2.021820
v 1.911500 -0.004417 2.022450
v 1.889500 -0.005100 2.025000
v 1.911500 -0.004972 2.023865
v 1.911500 -0.005100 2.025000
v 1.889500 -0.004417 2.027550
v 1.911500 -0.004417 2.027550
v 1.911500 -0.004972 2.026135
v 1.889500 -0.002550 2.029417
v 1.911500 -0.002550 2.029417
v 1.911500 -0.003987 2.028180
v 1.889500 0.000000 2.030100
v 1.911500 0.000000 2.030100
v 1.911500 -0.002213 2.029595
v 1.911500 0.000000 2.019900
v 1.886436 0.000000 2.025000
v 1.889500 0.002550 2.029417
v 1.889500 0.000000 2.030100
v 1.886436 0.000000 2.025000
v 1.889500 0.004417 2.027550
v 1.886436 0.000000 2.025000
v 1.889500 0.005100 2.025000
v 1.886436 0.000000 2.025000
v 1.889500 0.004417 2.022450
v 1.886436 0.000000 2.025000
v 1.889500 0.002550 2.020583
v 1.886436 0.000000 2.025000
v 1.889500 0.000000 2.019900
v 1.886436 0.000000 2.025000
v 1.889500 -0.002550 2.020583
v 1.889500 0.000000 2.019900
v 1.886436 0.000000 2.025000
v 1.889500 -0.004417 2.022450
v 1.886436 0.000000 2.025000
v 1.889500 -0.005100 2.025000
v 1.886436 0.000000 2.025000
v 1.889500 -0.004417 2.027550
v 1.886436 0.000000 2.025000
v 1.889500 -0.002550 2.029417
v 1.886436 0.000000 2.025000
v 1.889500 0.000000 2.030100
v 1.912500 -0.036950 2.041001
v 1.912500 -0.039544 2.041801
v 1.911500 -0.039619 2.040804
v 1.912500 -0.042229 2.041396
v 1.911500 -0.041863 2.040465
v 1.911500 -0.040000 2.040818
v 1.912500 -0.044472 2.039867
v 1.911500 -0.043739 2.039187
v 1.911500 -0.042550 2.040135
v 1.912500 -0.045829 2.037516
v 1.911500 -0.044873 2.037221
v 1.911500 -0.044417 2.038268
v 1.912500 -0.046032 2.034809
v 1.911500 -0.045100 2.035718
v 1.911500 -0.045043 2.034958
v 1.912500 -0.045040 2.032282
v 1.911500 -0.044417 2.033168
v 1.911500 -0.044214 2.032845
v 1.912500 -0.043050 2.030435
v 1.911500 -0.042550 2.031301
v 1.911500 -0.037450 2.040135
v 1.911500 -0.035786 2.038591
v 1.911500 -0.037450 2.040135
v 1.889500 -0.037450 2.040135
v 1.911500 -0.034957 2.036478
v 1.889500 -0.035786 2.038591
v 1.911500 -0.035127 2.034215
v 1.889500 -0.034957 2.036478
v 1.911500 -0.036261 2.032249
v 1.889500 -0.035127 2.034215
v 1.911500 -0.038137 2.030971
v 1.889500 -0.036261 2.032249
v 1.911500 -0.040381 2.030632
v 1.889500 -0.038137 2.030971
v 1.911500 -0.042550 2.031301
v 1.889500 -0.040381 2.030632
v 1.889500 -0.042550 2.031301
v 1.889500 -0.042550 2.031301
v 1.889500 -0.044417 2.033168
v 1.911500 -0.044214 2.032845
v 1.911500 -0.044417 2.033168
v 1.889500 -0.045100 2.035718
v 1.911500 -0.045043 2.034958
v 1.911500 -0.045100 2.035718
v 1.889500 -0.044417 2.038268
v 1.911500 -0.044873 2.037221
v 1.911500 -0.044417 2.038268
v 1.889500 -0.042550 2.040135
v 1.911500 -0.042550 2.040135
v 1.911500 -0.043739 2.039187
v 1.889500 -0.040000 2.040818
v 1.911500 -0.040000 2.040818
v 1.911500 -0.041863 2.040465
v 1.889500 -0.037450 2.040135
v 1.911500 -0.037450 2.040135
v 1.911500 -0.039619 2.040804
v 1.911500 -0.042550 2.031301
v 1.886436 -0.040000 2.035718
v 1.889500 -0.035786 2.038591
v 1.889500 -0.037450 2.040135
v 1.886436 -0.040000 2.035718
v 1.889500 -0.034957 2.036478
v 1.886436 -0.040000 2.035718
v 1.889500 -0.035127 2.034215
v 1.886436 -0.040000 2.035718
v 1.889500 -0.036261 2.032249
v 1.886436 -0.040000 2.035718
v 1.889500 -0.038137 2.030971
v 1.886436 -0.040000 2.035718
v 1.889500 -0.040381 2.030632
v 1.886436 -0.040000 2.035718
v 1.889500 -0.042550 2.031301
v 1.886436 -0.040000 2.035718
v 1.889500 -0.044417 2.033168
v 1.889500 -0.042550 2.031301
v 1.886436 -0.040000 2.035718
v 1.889500 -0.045100 2.035718
v 1.886436 -0.040000 2.035718
v 1.889500 -0.044417 2.038268
v 1.886436 -0.040000 2.035718
v 1.889500 -0.042550 2.040135
v 1.886436 -0.040000 2.035718
v 1.889500 -0.040000 2.040818
v 1.886436 -0.040000 2.035718
v 1.889500 -0.037450 2.040135
v 1.912500 -0.063999 2.068050
v 1.912500 -0.065846 2.070040
v 1.911500 -0.066409 2.069214
v 1.912500 -0.068373 2.071032
v 1.911500 -0.068522 2.070043
v 1.911500 -0.066732 2.069417
v 1.912500 -0.071080 2.070829
v 1.911500 -0.070785 2.069873
v 1.911500 -0.069282 2.070100
v 1.912500 -0.073431 2.069472
v 1.911500 -0.071832 2.069417
v 1.911500 -0.072751 2.068739
v 1.912500 -0.074960 2.067229
v 1.911500 -0.073699 2.067550
v 1.911500 -0.074029 2.066863
v 1.912500 -0.075365 2.064544
v 1.911500 -0.074382 2.065000
v 1.911500 -0.074368 2.064619
v 1.912500 -0.074565 2.061950
v 1.911500 -0.073699 2.062450
v 1.911500 -0.064865 2.067550
v 1.911500 -0.064196 2.065381
v 1.911500 -0.064865 2.067550
v 1.889500 -0.064865 2.067550
v 1.911500 -0.064535 2.063137
v 1.889500 -0.064196 2.065381
v 1.911500 -0.065813 2.061261
v 1.889500 -0.064535 2.063137
v 1.911500 -0.067779 2.060127
v 1.889500 -0.065813 2.061261
v 1.911500 -0.070042 2.059957
v 1.889500 -0.067779 2.060127
v 1.911500 -0.072155 2.060786
v 1.889500 -0.070042 2.059957
v 1.911500 -0.073699 2.062450
v 1.889500 -0.072155 2.060786
v 1.889500 -0.073699 2.062450
v 1.889500 -0.073699 2.062450
v 1.889500 -0.074382 2.065000
v 1.911500 -0.074368 2.064619
v 1.911500 -0.074382 2.065000
v 1.889500 -0.073699 2.067550
v 1.911500 -0.074029 2.066863
v 1.911500 -0.073699 2.067550
v 1.889500 -0.071832 2.069417
v 1.911500 -0.072751 2.068739
v 1.911500 -0.071832 2.069417
v 1.889500 -0.069282 2.070100
v 1.911500 -0.069282 2.070100
v 1.911500 -0.070785 2.069873
v 1.889500 -0.066732 2.069417
v 1.911500 -0.066732 2.069417
v 1.911500 -0.068522 2.070043
v 1.889500 -0.064865 2.067550
v 1.911500 -0.064865 2.067550
v 1.911500 -0.066409 2.069214
v 1.911500 -0.073699 2.062450
v 1.886436 -0.069282 2.065000
v 1.889500 -0.064196 2.065381
v 1.889500 -0.064865 2.067550
v 1.886436 -0.069282 2.065000
v 1.889500 -0.064535 2.063137
v 1.886436 -0.069282 2.065000
v 1.889500 -0.065813 2.061261
v 1.886436 -0.069282 2.065000
v 1.889500 -0.067779 2.060127
v 1.886436 -0.069282 2.065000
v 1.889500 -0.070042 2.059957
v 1.886436 -0.069282 2.065000
v 1.889500 -0.072155 2.060786
v 1.886436 -0.069282 2.065000
v 1.889500 -0.073699 2.062450
v 1.886436 -0.069282 2.065000
v 1.889500 -0.074382 2.065000
v 1.889500 -0.073699 2.062450
v 1.886436 -0.069282 2.065000
v 1.889500 -0.073699 2.067550
v 1.886436 -0.069282 2.065000
v 1.889500 -0.071832 2.069417
v 1.886436 -0.069282 2.065000
v 1.889500 -0.069282 2.070100
v 1.886436 -0.069282 2.065000
v 1.889500 -0.066732 2.069417
v 1.886436 -0.069282 2.065000
v 1.889500 -0.064865 2.067550
v 1.911500 0.037450 2.040135
v 1.889500 0.037450 2.040135
v 1.889500 0.039052 2.040729
v 1.911500 0.039619 2.040804
v 1.889500 0.040000 2.040818
v 1.911500 0.040000 2.040818
v 1.889500 0.041540 2.040580
v 1.889500 0.042550 2.040135
v 1.911500 0.042550 2.040135
v 1.911500 0.041863 2.040465
v 1.894000 0.045100 2.035718
v 1.911500 0.045100 2.035718
v 1.911500 0.044873 2.037221
v 1.894000 0.044417 2.038268
v 1.894000 0.044417 2.033168
v 1.911500 0.044417 2.033168
v 1.911500 0.045043 2.034958
v 1.894000 0.042550 2.031301
v 1.911500 0.042550 2.031301
v 1.911500 0.044214 2.032845
v 1.911500 0.044417 2.038268
v 1.911500 0.043739 2.039187
v 1.894000 0.044265 2.038514
v 1.889500 0.043660 2.039270
v 1.889500 0.044265 2.038514
v 1.889500 0.035094 2.034324
v 1.911500 0.035127 2.034215
v 1.911500 0.036261 2.032249
v 1.889500 0.035020 2.036816
v 1.911500 0.034957 2.036478
v 1.911500 0.035786 2.038591
v 1.911500 0.037450 2.040135
v 1.889500 0.036134 2.039045
v 1.889500 0.035786 2.038591
v 1.911500 0.040381 2.030632
v 1.911500 0.042550 2.031301
v 1.894000 0.042550 2.031301
v 1.911500 0.038137 2.030971
v 1.894000 0.040381 2.030632
v 1.889500 0.036340 2.032166
v 1.894000 0.036941 2.031638
v 1.894000 0.038137 2.030971
v 1.889500 0.036941 2.031638
v 1.889500 0.037450 2.040135
v 1.886436 0.040000 2.035718
v 1.889500 0.043660 2.039270
v 1.889500 0.042550 2.040135
v 1.886436 0.040000 2.035718
v 1.889500 0.041540 2.040580
v 1.889500 0.040000 2.040818
v 1.886436 0.040000 2.035718
v 1.886480 0.040037 2.035654
v 1.886479 0.040051 2.035667
v 1.886436 0.040000 2.035718
v 1.886493 0.040095 2.035708
v 1.886514 0.040129 2.035740
v 1.886436 0.040000 2.035718
v 1.886609 0.040254 2.035855
v 1.886976 0.040718 2.036259
v 1.886436 0.040000 2.035718
v 1.888231 0.042403 2.037494
v 1.889500 0.044265 2.038514
v 1.886436 0.040000 2.035718
v 1.886436 0.040000 2.035718
v 1.886480 0.040056 2.035671
v 1.886436 0.040000 2.035718
v 1.886436 0.040000 2.035718
v 1.889500 0.039052 2.040729
v 1.889500 0.037450 2.040135
v 1.886436 0.040000 2.035718
v 1.886436 0.040000 2.035718
v 1.886436 0.040000 2.035718
v 1.889500 0.036134 2.039045
v 1.889500 0.035786 2.038591
v 1.886436 0.040000 2.035718
v 1.886935 0.039462 2.035085
v 1.886542 0.039932 2.035554
v 1.889500 0.036340 2.032166
v 1.887349 0.038996 2.034578
v 1.886436 0.040000 2.035718
v 1.888318 0.037991 2.033315
v 1.889500 0.036941 2.031638
v 1.886480 0.040037 2.035654
v 1.886436 0.040000 2.035718
v 1.886494 0.040003 2.035621
v 1.886436 0.040000 2.035718
v 1.886534 0.039943 2.035564
v 1.886436 0.040000 2.035718
v 1.889500 0.037450 2.040135
v 1.886436 0.040000 2.035718
v 1.886436 0.040000 2.035718
v 1.889500 0.035094 2.034324
v 1.886436 0.040000 2.035718
v 1.889500 0.035020 2.036816
v 1.886436 0.040000 2.035718
v 1.894000 0.038137 2.030971
v 1.894000 0.035000 2.024000
v 1.894000 0.035191 2.026467
v 1.894000 0.045100 2.035718
v 1.894000 0.051045 2.040000
v 1.894000 0.055523 2.039348
v 1.894000 0.044417 2.038268
v 1.894000 0.046564 2.039373
v 1.894000 0.040381 2.030632
v 1.894000 0.036165 2.018006
v 1.894000 0.035253 2.021168
v 1.894000 0.036514 2.030794
v 1.894000 0.037460 2.015475
v 1.894000 0.059639 2.037468
v 1.894000 0.063064 2.034510
v 1.894000 0.059716 2.024788
v 1.894000 0.044417 2.033168
v 1.894000 0.050000 2.018397
v 1.894000 0.036941 2.031638
v 1.894000 0.042550 2.031301
v 1.894000 0.064540 2.032525
v 1.894000 0.039608 2.013178
v 1.894000 0.036285 2.011815
v 1.894000 0.044265 2.038514
v 1.894000 0.068348 2.032003
v 1.894000 0.036285 2.011815
v 1.891000 0.036285 2.011815
v 1.890602 0.036872 2.013645
v 1.894000 0.037460 2.015475
v 1.890209 0.037460 2.015475
v 1.894000 0.036165 2.018006
v 1.894000 0.037460 2.015475
v 1.890209 0.037460 2.015475
v 1.889100 0.035726 2.019234
v 1.894000 0.035253 2.021168
v 1.889667 0.036489 2.017261
v 1.894000 0.035000 2.024000
v 1.888577 0.035255 2.021153
v 1.888004 0.035012 2.023373
v 1.887848 0.035000 2.024000
v 1.911500 0.100000 2.105000
v 1.911500 0.099324 2.093391
v 1.891000 0.099793 2.098575
v 1.891000 0.099324 2.093391
v 1.911500 0.097304 2.081938
v 1.891000 0.097304 2.081938
v 1.891000 0.098506 2.087778
v 1.911500 0.093969 2.070798
v 1.891000 0.093969 2.070798
v 1.891000 0.096053 2.077183
v 1.911500 0.089363 2.060120
v 1.891000 0.089363 2.060120
v 1.891000 0.092465 2.066918
v 1.911500 0.083549 2.050049
v 1.891000 0.083549 2.050049
v 1.891000 0.087783 2.057103
v 1.911500 0.076604 2.040721
v 1.891000 0.076604 2.040721
v 1.891000 0.082063 2.047855
v 1.911500 0.068624 2.032263
v 1.891000 0.068624 2.032263
v 1.891000 0.075373 2.039282
v 1.911500 0.028680 2.009201
v 1.911500 0.017365 2.006519
v 1.891000 0.019868 2.006994
v 1.891000 0.017365 2.006519
v 1.911500 0.005814 2.005169
v 1.891000 0.008293 2.005344
v 1.891000 0.005814 2.005169
v 1.911500 -0.005814 2.005169
v 1.891000 -0.003396 2.005058
v 1.891000 -0.005814 2.005169
v 1.911500 -0.017365 2.006519
v 1.891000 -0.015038 2.006137
v 1.891000 -0.017365 2.006519
v 1.911500 -0.028680 2.009201
v 1.891000 -0.026475 2.008568
v 1.891000 -0.028680 2.009201
v 1.911500 -0.039608 2.013178
v 1.891000 -0.037550 2.012318
v 1.891000 -0.039608 2.013178
v 1.911500 -0.050000 2.018397
v 1.891000 -0.048112 2.017334
v 1.891000 -0.050000 2.018397
v 1.911500 -0.059716 2.024788
v 1.891000 -0.058015 2.023549
v 1.891000 -0.059716 2.024788
v 1.911500 -0.068624 2.032263
v 1.891000 -0.067126 2.030878
v 1.891000 -0.068624 2.032263
v 1.911500 -0.076604 2.040721
v 1.891000 -0.075319 2.039220
v 1.891000 -0.076604 2.040721
v 1.911500 -0.083549 2.050049
v 1.891000 -0.082482 2.048461
v 1.891000 -0.083549 2.050049
v 1.911500 -0.089363 2.060120
v 1.891000 -0.088518 2.058475
v 1.891000 -0.089363 2.060120
v 1.911500 -0.093969 2.070798
v 1.891000 -0.093343 2.069125
v 1.891000 -0.093969 2.070798
v 1.911500 -0.097304 2.081938
v 1.891000 -0.096893 2.080266
v 1.891000 -0.097304 2.081938
v 1.911500 -0.099324 2.093391
v 1.891000 -0.099118 2.091745
v 1.891000 -0.099324 2.093391
v 1.911500 -0.100000 2.105000
v 1.891000 -0.099987 2.103405
v 1.891000 -0.100000 2.105000
v 1.911500 0.039608 2.013178
v 1.894000 0.036285 2.011815
v 1.891000 0.031172 2.009983
v 1.891000 0.036285 2.011815
v 1.891000 0.028680 2.009201
v 1.894000 0.050000 2.018397
v 1.911500 0.050000 2.018397
v 1.894000 0.059716 2.024788
v 1.911500 0.059716 2.024788
v 1.894000 0.068348 2.032003
v 1.891000 0.068348 2.032003
v 1.894000 0.039608 2.013178
v 1.891000 0.100000 2.105000
v 1.894000 0.068348 2.032003
v 1.894000 0.064540 2.032525
v 1.890602 0.066444 2.032264
v 1.890209 0.064540 2.032525
v 1.891000 0.068348 2.032003
v 1.894000 0.035191 2.026467
v 1.894000 0.035000 2.024000
v 1.887848 0.035000 2.024000
v 1.887323 0.035154 2.026211
v 1.894000 0.036514 2.030794
v 1.886872 0.035574 2.028249
v 1.886772 0.035713 2.028724
v 1.894000 0.046564 2.039373
v 1.884150 0.049196 2.039898
v 1.885215 0.051074 2.040000
v 1.883344 0.047437 2.039598
v 1.883216 0.047109 2.039520
v 1.883021 0.046572 2.039375
v 1.894000 0.051045 2.040000
v 1.886772 0.053347 2.039827
v 1.887259 0.055586 2.039329
v 1.886526 0.053013 2.039873
v 1.894000 0.055523 2.039348
v 1.887791 0.057701 2.038529
v 1.888383 0.059759 2.037389
v 1.894000 0.059639 2.037468
v 1.888904 0.061348 2.036203
v 1.889466 0.062860 2.034739
v 1.894000 0.063064 2.034510
v 1.890024 0.064156 2.033106
v 1.890209 0.064540 2.032525
v 1.882392 0.044061 2.038417
v 1.889500 0.044265 2.038514
v 1.888231 0.042403 2.037494
v 1.882268 0.042459 2.037530
v 1.882754 0.045720 2.039104
v 1.894000 0.044265 2.038514
v 1.883051 0.038990 2.034572
v 1.886534 0.039943 2.035564
v 1.886542 0.039932 2.035554
v 1.886935 0.039462 2.035085
v 1.887349 0.038996 2.034578
v 1.886494 0.040003 2.035621
v 1.882807 0.039526 2.035151
v 1.886480 0.040037 2.035654
v 1.882400 0.040950 2.036450
v 1.886480 0.040056 2.035671
v 1.886479 0.040051 2.035667
v 1.886493 0.040095 2.035708
v 1.886514 0.040129 2.035740
v 1.886976 0.040718 2.036259
v 1.886609 0.040254 2.035855
v 1.885358 0.036444 2.030643
v 1.889500 0.036941 2.031638
v 1.888318 0.037991 2.033315
v 1.884266 0.037326 2.032307
v 1.883421 0.038355 2.033804
v 1.894000 0.036941 2.031638
v 1.894000 0.064540 2.032525
v 1.891000 0.082063 2.047855
v 1.891000 0.076604 2.040721
v 1.886772 0.064705 2.051086
v 1.891000 0.075373 2.039282
v 1.886772 0.063481 2.049651
v 1.891000 0.087783 2.057103
v 1.891000 0.083549 2.050049
v 1.886772 0.070981 2.059667
v 1.886772 0.069116 2.056871
v 1.891000 0.092465 2.066918
v 1.891000 0.089363 2.060120
v 1.886772 0.076126 2.068969
v 1.886772 0.073933 2.064660
v 1.891000 0.096053 2.077183
v 1.891000 0.093969 2.070798
v 1.886772 0.080058 2.078846
v 1.886772 0.077876 2.072927
v 1.886772 0.080898 2.081572
v 1.886772 0.082715 2.089139
v 1.891000 0.097304 2.081938
v 1.891000 0.098506 2.087778
v 1.886772 0.082964 2.090495
v 1.886772 0.084048 2.099589
v 1.891000 0.099324 2.093391
v 1.891000 0.099793 2.098575
v 1.886772 0.084222 2.105000
v 1.891000 0.068624 2.032263
v 1.886772 0.057398 2.043365
v 1.891000 0.068348 2.032003
v 1.890602 0.066444 2.032264
v 1.886772 0.057096 2.043085
v 1.887791 0.057701 2.038529
v 1.887259 0.055586 2.039329
v 1.889466 0.062860 2.034739
v 1.888904 0.061348 2.036203
v 1.890209 0.064540 2.032525
v 1.890024 0.064156 2.033106
v 1.888383 0.059759 2.037389
v 1.886772 0.053347 2.039827
v 1.891000 0.100000 2.105000
v 1.891000 0.100000 2.105000
v 1.886772 0.084222 2.105000
v 1.886772 0.083653 2.114778
v 1.891000 0.099324 2.116609
v 1.886772 0.082064 2.123946
v 1.891000 0.097304 2.128062
v 1.886772 0.081952 2.124423
v 1.886772 0.079143 2.133806
v 1.891000 0.089363 2.149880
v 1.891000 0.093969 2.139202
v 1.886772 0.078974 2.134266
v 1.891000 0.083549 2.159951
v 1.886772 0.074593 2.144107
v 1.886772 0.075264 2.142799
v 1.891000 0.076604 2.169279
v 1.886772 0.068991 2.153308
v 1.886772 0.070367 2.151281
v 1.891000 0.068624 2.177737
v 1.886772 0.062261 2.161719
v 1.886772 0.064518 2.159137
v 1.891000 0.059716 2.185212
v 1.886772 0.054512 2.169202
v 1.886772 0.057797 2.166261
v 1.886772 0.050294 2.172557
v 1.886772 0.045871 2.175635
v 1.891000 0.050000 2.191603
v 1.886772 0.042111 2.177939
v 1.886772 0.036480 2.180912
v 1.891000 0.039608 2.196822
v 1.886772 0.033359 2.182334
v 1.886772 0.026492 2.184947
v 1.891000 0.028680 2.200799
v 1.886772 0.024155 2.185684
v 1.886772 0.016070 2.187675
v 1.891000 0.017365 2.203481
v 1.886772 0.014625 2.187943
v 1.886772 0.005386 2.189050
v 1.891000 0.005814 2.204831
v 1.886772 0.004897 2.189080
v 1.886772 -0.004897 2.189080
v 1.891000 -0.017365 2.203481
v 1.891000 -0.005814 2.204831
v 1.886772 -0.005386 2.189050
v 1.891000 -0.028680 2.200799
v 1.886772 -0.016070 2.187675
v 1.886772 -0.014625 2.187943
v 1.891000 -0.039608 2.196822
v 1.886772 -0.026492 2.184947
v 1.886772 -0.024155 2.185684
v 1.891000 -0.050000 2.191603
v 1.886772 -0.036480 2.180912
v 1.886772 -0.033359 2.182334
v 1.891000 -0.059716 2.185212
v 1.886772 -0.045871 2.175635
v 1.886772 -0.042111 2.177939
v 1.886772 -0.050294 2.172557
v 1.886772 -0.054512 2.169202
v 1.891000 -0.068624 2.177737
v 1.886772 -0.057797 2.166261
v 1.886772 -0.062261 2.161719
v 1.891000 -0.076604 2.169279
v 1.886772 -0.064518 2.159137
v 1.886772 -0.068991 2.153308
v 1.891000 -0.083549 2.159951
v 1.886772 -0.070367 2.151281
v 1.886772 -0.074593 2.144107
v 1.891000 -0.089363 2.149880
v 1.886772 -0.075264 2.142799
v 1.886772 -0.078974 2.134266
v 1.891000 -0.093969 2.139202
v 1.886772 -0.079143 2.133806
v 1.886772 -0.081952 2.124423
v 1.891000 -0.099324 2.116609
v 1.891000 -0.097304 2.128062
v 1.886772 -0.082064 2.123946
v 1.886772 -0.083653 2.114778
v 1.886772 -0.084222 2.105000
v 1.891000 -0.100000 2.105000
v 1.891000 -0.099324 2.093391
v 1.891000 -0.099987 2.103405
v 1.886772 -0.084155 2.101622
v 1.886772 -0.083479 2.093836
v 1.891000 -0.099118 2.091745
v 1.886772 -0.084212 2.103656
v 1.891000 -0.097304 2.081938
v 1.886772 -0.083062 2.091065
v 1.886772 -0.081606 2.084168
v 1.891000 -0.096893 2.080266
v 1.891000 -0.093969 2.070798
v 1.886772 -0.080649 2.080729
v 1.886772 -0.078616 2.074785
v 1.891000 -0.093343 2.069125
v 1.886772 -0.074552 2.065816
v 1.891000 -0.088518 2.058475
v 1.891000 -0.089363 2.060120
v 1.886772 -0.076957 2.070779
v 1.886772 -0.069469 2.057381
v 1.891000 -0.082482 2.048461
v 1.891000 -0.083549 2.050049
v 1.886772 -0.072042 2.061372
v 1.886772 -0.063436 2.049598
v 1.891000 -0.075319 2.039220
v 1.891000 -0.076604 2.040721
v 1.886772 -0.065983 2.052658
v 1.886772 -0.056535 2.042573
v 1.891000 -0.067126 2.030878
v 1.891000 -0.068624 2.032263
v 1.886772 -0.058876 2.044775
v 1.886772 -0.048862 2.036400
v 1.891000 -0.058015 2.023549
v 1.891000 -0.059716 2.024788
v 1.886772 -0.050834 2.037849
v 1.891000 -0.048112 2.017334
v 1.891000 -0.050000 2.018397
v 1.886772 -0.041985 2.031989
v 1.891000 -0.037550 2.012318
v 1.891000 -0.039608 2.013178
v 1.886772 -0.032469 2.027288
v 1.886772 -0.040521 2.031166
v 1.886772 -0.031626 2.026941
v 1.886772 -0.022298 2.023783
v 1.891000 -0.028680 2.009201
v 1.891000 -0.026475 2.008568
v 1.886772 -0.012666 2.021735
v 1.891000 -0.017365 2.006519
v 1.891000 -0.015038 2.006137
v 1.891000 -0.005814 2.005169
v 1.886772 -0.012050 2.021644
v 1.886772 -0.002860 2.020826
v 1.891000 -0.003396 2.005058
v 1.891000 0.005814 2.005169
v 1.886772 -0.001471 2.020790
v 1.886772 0.006985 2.021068
v 1.891000 0.008293 2.005344
v 1.891000 -0.100000 2.105000
v 1.886772 -0.084222 2.105000
v 1.891000 0.017365 2.006519
v 1.888494 0.016461 2.015859
v 1.888619 0.018203 2.015723
v 1.888283 0.014574 2.016330
v 1.886772 0.008210 2.021179
v 1.887153 0.009277 2.019861
v 1.887248 0.009583 2.019537
v 1.887677 0.011197 2.018121
v 1.887989 0.012711 2.017151
v 1.891000 0.031172 2.009983
v 1.888126 0.026545 2.019764
v 1.887967 0.027164 2.020581
v 1.888369 0.025251 2.018427
v 1.888490 0.024321 2.017692
v 1.891000 0.028680 2.009201
v 1.888546 0.023767 2.017324
v 1.888650 0.022161 2.016504
v 1.891000 0.019868 2.006994
v 1.888682 0.020428 2.015965
v 1.888639 0.018625 2.015732
v 1.889667 0.036489 2.017261
v 1.890209 0.037460 2.015475
v 1.890602 0.036872 2.013645
v 1.887816 0.027647 2.021332
v 1.889100 0.035726 2.019234
v 1.888577 0.035255 2.021153
v 1.888004 0.035012 2.023373
v 1.887440 0.028531 2.023112
v 1.887159 0.028977 2.024386
v 1.887848 0.035000 2.024000
v 1.887011 0.029153 2.025036
v 1.886772 0.029365 2.026063
v 1.887323 0.035154 2.026211
v 1.886772 0.035416 2.028586
v 1.886872 0.035574 2.028249
v 1.891000 0.036285 2.011815
v 1.886772 0.035713 2.028724
v 1.875800 -0.073191 2.102062
v 1.875800 -0.072240 2.092880
v 1.886772 -0.083479 2.093836
v 1.886772 -0.083062 2.091065
v 1.875800 -0.070142 2.083891
v 1.886772 -0.081606 2.084168
v 1.886772 -0.080649 2.080729
v 1.875800 -0.066931 2.075237
v 1.886772 -0.078616 2.074785
v 1.886772 -0.076957 2.070779
v 1.875800 -0.062656 2.067056
v 1.886772 -0.074552 2.065816
v 1.886772 -0.072042 2.061372
v 1.875800 -0.057386 2.059477
v 1.886772 -0.065983 2.052658
v 1.886772 -0.069469 2.057381
v 1.875800 -0.051206 2.052621
v 1.886772 -0.058876 2.044775
v 1.886772 -0.063436 2.049598
v 1.875800 -0.044211 2.046597
v 1.886772 -0.050834 2.037849
v 1.886772 -0.056535 2.042573
v 1.875800 -0.036515 2.041500
v 1.886772 -0.041985 2.031989
v 1.886772 -0.048862 2.036400
v 1.875800 -0.028239 2.037412
v 1.886772 -0.032469 2.027288
v 1.886772 -0.040521 2.031166
v 1.886772 -0.031626 2.026941
v 1.875800 -0.019515 2.034397
v 1.886772 -0.022298 2.023783
v 1.886772 -0.012666 2.021735
v 1.875800 -0.010480 2.032504
v 1.886772 -0.012050 2.021644
v 1.886772 -0.002860 2.020826
v 1.875800 -0.001279 2.031761
v 1.886772 -0.001471 2.020790
v 1.886772 -0.084155 2.101622
v 1.886772 -0.084212 2.103656
v 1.875800 -0.073250 2.105000
v 1.875800 0.007942 2.032182
v 1.876717 0.008762 2.031352
v 1.877425 0.007997 2.030554
v 1.875800 0.010113 2.032451
v 1.885770 0.007399 2.022110
v 1.886772 0.008210 2.021179
v 1.886772 0.006985 2.021068
v 1.884453 0.006658 2.023368
v 1.885270 0.007078 2.022583
v 1.881700 0.006109 2.026086
v 1.882577 0.006145 2.025209
v 1.883087 0.006224 2.024704
v 1.879017 0.006839 2.028840
v 1.879864 0.006463 2.027957
v 1.880328 0.006317 2.027479
v 1.877792 0.007669 2.030149
v 1.886772 -0.084222 2.105000
v 1.892168 0.017831 2.019170
v 1.888619 0.018203 2.015723
v 1.888494 0.016461 2.015859
v 1.888639 0.018625 2.015732
v 1.891754 0.015575 2.019074
v 1.888283 0.014574 2.016330
v 1.887989 0.012711 2.017151
v 1.888363 0.009007 2.021038
v 1.890403 0.011986 2.019632
v 1.887248 0.009583 2.019537
v 1.887677 0.011197 2.018121
v 1.885847 0.006948 2.023145
v 1.886772 0.008210 2.021179
v 1.885770 0.007399 2.022110
v 1.887153 0.009277 2.019861
v 1.883116 0.006024 2.025734
v 1.884453 0.006658 2.023368
v 1.883087 0.006224 2.024704
v 1.885270 0.007078 2.022583
v 1.880456 0.006330 2.028534
v 1.881700 0.006109 2.026086
v 1.880328 0.006317 2.027479
v 1.882577 0.006145 2.025209
v 1.878144 0.007836 2.031255
v 1.879017 0.006839 2.028840
v 1.877792 0.007669 2.030149
v 1.879864 0.006463 2.027957
v 1.876421 0.010383 2.033611
v 1.876717 0.008762 2.031352
v 1.877425 0.007997 2.030554
v 1.875800 0.010113 2.032451
v 1.875800 0.011056 2.033637
v 1.875800 0.012109 2.034647
v 1.876360 0.021797 2.036310
v 1.875800 0.019957 2.036459
v 1.875800 0.021346 2.036013
v 1.875800 0.022714 2.035361
v 1.876533 0.024107 2.035054
v 1.878072 0.025179 2.035333
v 1.877589 0.025664 2.034486
v 1.878786 0.027017 2.033712
v 1.877347 0.025342 2.034627
v 1.880394 0.027779 2.033551
v 1.880084 0.028131 2.032749
v 1.881441 0.028975 2.031622
v 1.879798 0.027913 2.032971
v 1.883077 0.029321 2.031153
v 1.882830 0.029534 2.030351
v 1.884200 0.029788 2.028978
v 1.882538 0.029442 2.030628
v 1.885836 0.029639 2.028395
v 1.888378 0.028701 2.025569
v 1.886772 0.029365 2.026063
v 1.887011 0.029153 2.025036
v 1.885530 0.029731 2.027529
v 1.885260 0.029769 2.027833
v 1.890432 0.026606 2.022977
v 1.887159 0.028977 2.024386
v 1.887440 0.028531 2.023112
v 1.887816 0.027647 2.021332
v 1.891780 0.023578 2.020895
v 1.888126 0.026545 2.019764
v 1.888369 0.025251 2.018427
v 1.887967 0.027164 2.020581
v 1.892277 0.019937 2.019544
v 1.888546 0.023767 2.017324
v 1.888490 0.024321 2.017692
v 1.888682 0.020428 2.015965
v 1.888639 0.018625 2.015732
v 1.888650 0.022161 2.016504
v 1.892168 0.017831 2.019170
v 1.875800 0.049920 2.051395
v 1.875800 0.056275 2.058110
v 1.886772 0.063481 2.049651
v 1.886772 0.064705 2.051086
v 1.875800 0.061734 2.065573
v 1.886772 0.069116 2.056871
v 1.886772 0.070981 2.059667
v 1.875800 0.066208 2.073663
v 1.886772 0.073933 2.064660
v 1.886772 0.076126 2.068969
v 1.875800 0.069629 2.082253
v 1.886772 0.080058 2.078846
v 1.886772 0.077876 2.072927
v 1.875800 0.071939 2.091205
v 1.886772 0.082715 2.089139
v 1.886772 0.080898 2.081572
v 1.875800 0.073104 2.100377
v 1.886772 0.084048 2.099589
v 1.886772 0.082964 2.090495
v 1.883344 0.047437 2.039598
v 1.883216 0.047109 2.039520
v 1.884150 0.049196 2.039898
v 1.886772 0.057096 2.043085
v 1.886772 0.053347 2.039827
v 1.886526 0.053013 2.039873
v 1.886772 0.057398 2.043365
v 1.885215 0.051074 2.040000
v 1.875800 0.034938 2.040619
v 1.882807 0.039526 2.035151
v 1.883051 0.038990 2.034572
v 1.882400 0.040950 2.036450
v 1.875800 0.042770 2.045533
v 1.882268 0.042459 2.037530
v 1.883021 0.046572 2.039375
v 1.882754 0.045720 2.039104
v 1.882392 0.044061 2.038417
v 1.886772 0.035416 2.028586
v 1.885530 0.029731 2.027529
v 1.885260 0.029769 2.027833
v 1.886772 0.029365 2.026063
v 1.883421 0.038355 2.033804
v 1.880084 0.028131 2.032749
v 1.881441 0.028975 2.031622
v 1.885358 0.036444 2.030643
v 1.882830 0.029534 2.030351
v 1.882538 0.029442 2.030628
v 1.884200 0.029788 2.028978
v 1.886772 0.035713 2.028724
v 1.884266 0.037326 2.032307
v 1.875800 0.026550 2.036731
v 1.877589 0.025664 2.034486
v 1.877347 0.025342 2.034627
v 1.878786 0.027017 2.033712
v 1.876533 0.024107 2.035054
v 1.879798 0.027913 2.032971
v 1.886772 0.084222 2.105000
v 1.880187 0.077633 2.104186
v 1.879296 0.076714 2.102761
v 1.879507 0.076930 2.102968
v 1.878488 0.075888 2.102245
v 1.877553 0.074943 2.102011
v 1.875800 0.073189 2.102000
v 1.877300 0.074690 2.102000
v 1.879871 0.077306 2.103455
v 1.880300 0.077750 2.105000
v 1.875800 0.022714 2.035361
v 1.886772 0.083653 2.114778
v 1.875800 0.072892 2.112233
v 1.875800 0.071373 2.121478
v 1.886772 0.081952 2.124423
v 1.875800 0.068686 2.130453
v 1.886772 0.078974 2.134266
v 1.886772 0.079143 2.133806
v 1.886772 0.075264 2.142799
v 1.875800 0.064875 2.139012
v 1.886772 0.074593 2.144107
v 1.875800 0.060003 2.147014
v 1.886772 0.070367 2.151281
v 1.886772 0.068991 2.153308
v 1.875800 0.054149 2.154330
v 1.886772 0.064518 2.159137
v 1.886772 0.062261 2.161719
v 1.875800 0.047410 2.160838
v 1.886772 0.057797 2.166261
v 1.886772 0.054512 2.169202
v 1.875800 0.039895 2.166433
v 1.886772 0.050294 2.172557
v 1.886772 0.045871 2.175635
v 1.875800 0.031727 2.171022
v 1.886772 0.036480 2.180912
v 1.886772 0.042111 2.177939
v 1.875800 0.023040 2.174532
v 1.886772 0.026492 2.184947
v 1.886772 0.033359 2.182334
v 1.875800 0.013977 2.176904
v 1.886772 0.016070 2.187675
v 1.886772 0.024155 2.185684
v 1.886772 0.014625 2.187943
v 1.875800 0.004684 2.178100
v 1.886772 0.005386 2.189050
v 1.886772 0.004897 2.189080
v 1.875800 -0.004684 2.178100
v 1.886772 -0.004897 2.189080
v 1.886772 -0.005386 2.189050
v 1.886772 -0.014625 2.187943
v 1.875800 -0.013977 2.176904
v 1.886772 -0.016070 2.187675
v 1.875800 -0.023040 2.174532
v 1.886772 -0.024155 2.185684
v 1.886772 -0.026492 2.184947
v 1.875800 -0.031727 2.171022
v 1.886772 -0.033359 2.182334
v 1.886772 -0.036480 2.180912
v 1.875800 -0.039895 2.166433
v 1.886772 -0.042111 2.177939
v 1.886772 -0.045871 2.175635
v 1.875800 -0.047410 2.160838
v 1.886772 -0.050294 2.172557
v 1.886772 -0.054512 2.169202
v 1.875800 -0.054149 2.154330
v 1.886772 -0.062261 2.161719
v 1.886772 -0.057797 2.166261
v 1.875800 -0.060003 2.147014
v 1.886772 -0.068991 2.153308
v 1.886772 -0.064518 2.159137
v 1.875800 -0.064875 2.139012
v 1.886772 -0.074593 2.144107
v 1.886772 -0.070367 2.151281
v 1.886772 -0.075264 2.142799
v 1.875800 -0.068686 2.130453
v 1.886772 -0.078974 2.134266
v 1.886772 -0.079143 2.133806
v 1.875800 -0.071373 2.121478
v 1.886772 -0.081952 2.124423
v 1.886772 -0.082064 2.123946
v 1.886772 -0.083653 2.114778
v 1.886772 -0.084222 2.105000
v 1.875800 -0.072892 2.112233
v 1.878275 0.075672 2.107837
v 1.877300 0.074690 2.108000
v 1.879757 0.077188 2.106721
v 1.879506 0.076929 2.107033
v 1.879097 0.076509 2.107402
v 1.880126 0.077569 2.106008
v 1.886772 0.084222 2.105000
v 1.880208 0.077654 2.105738
v 1.880300 0.077750 2.105000
v 1.880294 0.077743 2.105194
v 1.875800 0.073189 2.108000
v 1.875800 -0.073250 2.105000
v 1.886772 0.082064 2.123946
v 1.879514 0.073000 2.107024
v 1.878291 0.073000 2.107832
v 1.878275 0.075672 2.107837
v 1.879097 0.076509 2.107402
v 1.880209 0.073000 2.105733
v 1.879757 0.077188 2.106721
v 1.880126 0.077569 2.106008
v 1.879506 0.076929 2.107033
v 1.880209 0.073000 2.104267
v 1.880294 0.077743 2.105194
v 1.880300 0.077750 2.105000
v 1.880208 0.077654 2.105738
v 1.879871 0.077306 2.103455
v 1.879507 0.076930 2.102968
v 1.880187 0.077633 2.104186
v 1.879514 0.073000 2.102976
v 1.879296 0.076714 2.102761
v 1.878488 0.075888 2.102245
v 1.878291 0.073000 2.102168
v 1.877553 0.074943 2.102011
v 1.877300 0.074690 2.102000
v 1.877300 0.073000 2.108000
v 1.877300 0.074690 2.108000
v 1.877300 0.073000 2.102000
v 1.877300 0.073000 2.108000
v 1.875800 0.073000 2.108000
v 1.875800 0.073189 2.108000
v 1.877300 0.074690 2.108000
v 1.877300 0.073000 2.102000
v 1.877300 0.074690 2.102000
v 1.875800 0.073189 2.102000
v 1.875800 0.073000 2.102000
v 1.879514 0.073000 2.102976
v 1.879514 0.073000 2.107024
v 1.880209 0.073000 2.105733
v 1.880209 0.073000 2.104267
v 1.878291 0.073000 2.102168
v 1.878291 0.073000 2.107832
v 1.877300 0.073000 2.102000
v 1.877300 0.073000 2.108000
v 1.875800 0.073000 2.108000
v 1.875800 0.073000 2.102000
v 1.875800 -0.073191 2.102062
v 1.875800 -0.065000 2.105000
v 1.875800 -0.064338 2.095750
v 1.875800 -0.018313 2.042633
v 1.875800 0.007942 2.032182
v 1.875800 -0.001279 2.031761
v 1.875800 -0.072240 2.092880
v 1.875800 -0.062367 2.086687
v 1.875800 -0.073250 2.105000
v 1.875800 -0.072892 2.112233
v 1.875800 -0.071373 2.121478
v 1.875800 -0.062367 2.123313
v 1.875800 -0.064338 2.114250
v 1.875800 -0.068686 2.130453
v 1.875800 -0.064875 2.139012
v 1.875800 -0.059126 2.132002
v 1.875800 -0.010480 2.032504
v 1.875800 0.011056 2.033637
v 1.875800 0.010113 2.032451
v 1.875800 -0.057386 2.059477
v 1.875800 -0.062656 2.067056
v 1.875800 -0.054681 2.069858
v 1.875800 -0.066931 2.075237
v 1.875800 -0.059126 2.077998
v 1.875800 -0.060003 2.147014
v 1.875800 -0.054681 2.140142
v 1.875800 -0.054149 2.154330
v 1.875800 -0.049124 2.147566
v 1.875800 -0.028239 2.037412
v 1.875800 -0.027002 2.045874
v 1.875800 -0.044211 2.046597
v 1.875800 -0.042566 2.055876
v 1.875800 -0.035142 2.050319
v 1.875800 -0.070142 2.083891
v 1.875800 0.054681 2.069858
v 1.875800 0.069629 2.082253
v 1.875800 0.066208 2.073663
v 1.875800 0.073104 2.100377
v 1.875800 0.071939 2.091205
v 1.875800 -0.019515 2.034397
v 1.875800 -0.036515 2.041500
v 1.875800 -0.051206 2.052621
v 1.875800 -0.049124 2.062434
v 1.875800 -0.047410 2.160838
v 1.875800 -0.042566 2.154124
v 1.875800 0.073000 2.102000
v 1.875800 0.073189 2.102000
v 1.875800 0.034938 2.040619
v 1.875800 0.027002 2.045874
v 1.875800 0.035142 2.050319
v 1.875800 0.068686 2.130453
v 1.875800 0.062367 2.123313
v 1.875800 0.059126 2.132002
v 1.875800 0.012109 2.034647
v 1.875800 -0.039895 2.166433
v 1.875800 -0.035142 2.159681
v 1.875800 -0.031727 2.171022
v 1.875800 -0.027002 2.164126
v 1.875800 -0.023040 2.174532
v 1.875800 -0.018313 2.167367
v 1.875800 -0.013977 2.176904
v 1.875800 -0.009250 2.169338
v 1.875800 0.056275 2.058110
v 1.875800 0.049124 2.062434
v 1.875800 0.042770 2.045533
v 1.875800 0.042566 2.055876
v 1.875800 0.021346 2.036013
v 1.875800 0.019957 2.036459
v 1.875800 0.026550 2.036731
v 1.875800 0.022714 2.035361
v 1.875800 0.064875 2.139012
v 1.875800 0.018313 2.042633
v 1.875800 -0.009250 2.040662
v 1.875800 0.000000 2.040000
v 1.875800 0.061734 2.065573
v 1.875800 0.049920 2.051395
v 1.875800 0.060003 2.147014
v 1.875800 0.054681 2.140142
v 1.875800 0.049124 2.147566
v 1.875800 0.073000 2.108000
v 1.875800 0.072892 2.112233
v 1.875800 0.071373 2.121478
v 1.875800 0.009250 2.040662
v 1.875800 0.065000 2.105000
v 1.875800 0.059126 2.077998
v 1.875800 0.062367 2.086687
v 1.875800 0.013977 2.176904
v 1.875800 0.023040 2.174532
v 1.875800 0.018313 2.167367
v 1.875800 0.031727 2.171022
v 1.875800 0.027002 2.164126
v 1.875800 0.039895 2.166433
v 1.875800 0.035142 2.159681
v 1.875800 0.047410 2.160838
v 1.875800 0.042566 2.154124
v 1.875800 -0.004684 2.178100
v 1.875800 0.000000 2.170000
v 1.875800 0.064338 2.114250
v 1.875800 0.064338 2.095750
v 1.875800 0.054149 2.154330
v 1.875800 0.073189 2.108000
v 1.875800 0.004684 2.178100
v 1.875800 0.009250 2.169338
v 1.875800 0.065000 2.105000
v 1.875800 0.064338 2.095750
v 1.877500 0.062656 2.095991
v 1.875800 0.062367 2.086687
v 1.877500 0.060736 2.087166
v 1.875800 0.059126 2.077998
v 1.877500 0.057580 2.078704
v 1.875800 0.054681 2.069858
v 1.877500 0.053251 2.070777
v 1.875800 0.049124 2.062434
v 1.877500 0.047839 2.063547
v 1.875800 0.042566 2.055876
v 1.877500 0.041453 2.057161
v 1.875800 0.035142 2.050319
v 1.877500 0.034223 2.051749
v 1.875800 0.027002 2.045874
v 1.877500 0.026296 2.047420
v 1.875800 0.018313 2.042633
v 1.877500 0.017834 2.044264
v 1.875800 0.009250 2.040662
v 1.877500 0.009009 2.042344
v 1.875800 0.000000 2.040000
v 1.877500 0.000000 2.041700
v 1.875800 -0.009250 2.040662
v 1.877500 -0.009009 2.042344
v 1.875800 -0.018313 2.042633
v 1.877500 -0.017834 2.044264
v 1.875800 -0.027002 2.045874
v 1.877500 -0.026296 2.047420
v 1.875800 -0.035142 2.050319
v 1.877500 -0.034223 2.051749
v 1.875800 -0.042566 2.055876
v 1.877500 -0.041453 2.057161
v 1.875800 -0.049124 2.062434
v 1.877500 -0.047839 2.063547
v 1.875800 -0.054681 2.069858
v 1.877500 -0.053251 2.070777
v 1.875800 -0.059126 2.077998
v 1.877500 -0.057580 2.078704
v 1.875800 -0.062367 2.086687
v 1.877500 -0.060736 2.087166
v 1.875800 -0.064338 2.095750
v 1.877500 -0.062656 2.095991
v 1.875800 -0.065000 2.105000
v 1.877500 -0.063300 2.105000
v 1.877500 0.063300 2.105000
v 1.875800 -0.065000 2.105000
v 1.875800 -0.064338 2.114250
v 1.877500 -0.062656 2.114009
v 1.875800 -0.062367 2.123313
v 1.877500 -0.060736 2.122834
v 1.875800 -0.059126 2.132002
v 1.877500 -0.057580 2.131296
v 1.875800 -0.054681 2.140142
v 1.877500 -0.053251 2.139223
v 1.875800 -0.049124 2.147566
v 1.877500 -0.047839 2.146453
v 1.875800 -0.042566 2.154124
v 1.877500 -0.041453 2.152839
v 1.875800 -0.035142 2.159681
v 1.877500 -0.034223 2.158251
v 1.875800 -0.027002 2.164126
v 1.877500 -0.026296 2.162580
v 1.875800 -0.018313 2.167367
v 1.877500 -0.017834 2.165736
v 1.875800 -0.009250 2.169338
v 1.877500 -0.009009 2.167656
v 1.875800 0.000000 2.170000
v 1.877500 0.000000 2.168300
v 1.875800 0.009250 2.169338
v 1.877500 0.009009 2.167656
v 1.875800 0.018313 2.167367
v 1.877500 0.017834 2.165736
v 1.875800 0.027002 2.164126
v 1.877500 0.026296 2.162580
v 1.875800 0.035142 2.159681
v 1.877500 0.034223 2.158251
v 1.875800 0.042566 2.154124
v 1.877500 0.041453 2.152839
v 1.875800 0.049124 2.147566
v 1.877500 0.047839 2.146453
v 1.875800 0.054681 2.140142
v 1.877500 0.053251 2.139223
v 1.875800 0.059126 2.132002
v 1.877500 0.057580 2.131296
v 1.875800 0.062367 2.123313
v 1.877500 0.060736 2.122834
v 1.875800 0.064338 2.114250
v 1.877500 0.062656 2.114009
v 1.875800 0.065000 2.105000
v 1.877500 0.063300 2.105000
v 1.877500 -0.063300 2.105000
v 1.877500 0.034223 2.051749
v 1.877500 0.000000 2.041700
v 1.877500 -0.009009 2.042344
v 1.877500 0.026296 2.047420
v 1.877500 -0.034223 2.158251
v 1.877500 0.060736 2.122834
v 1.877500 0.062656 2.114009
v 1.877500 0.053251 2.139223
v 1.877500 0.057580 2.131296
v 1.877500 0.041453 2.152839
v 1.877500 0.047839 2.146453
v 1.877500 0.017834 2.165736
v 1.877500 0.026296 2.162580
v 1.877500 0.000000 2.168300
v 1.877500 0.009009 2.167656
v 1.877500 -0.026296 2.162580
v 1.877500 -0.041453 2.057161
v 1.877500 -0.047839 2.063547
v 1.877500 -0.026296 2.047420
v 1.877500 -0.034223 2.051749
v 1.877500 -0.017834 2.044264
v 1.877500 0.017834 2.044264
v 1.877500 0.034223 2.158251
v 1.877500 -0.017834 2.165736
v 1.877500 0.063300 2.105000
v 1.877500 -0.053251 2.139223
v 1.877500 -0.047839 2.146453
v 1.877500 -0.060736 2.122834
v 1.877500 -0.057580 2.131296
v 1.877500 -0.063300 2.105000
v 1.877500 -0.062656 2.114009
v 1.877500 -0.060736 2.087166
v 1.877500 -0.062656 2.095991
v 1.877500 -0.053251 2.070777
v 1.877500 -0.057580 2.078704
v 1.877500 0.009009 2.042344
v 1.877500 0.053251 2.070777
v 1.877500 0.047839 2.063547
v 1.877500 0.060736 2.087166
v 1.877500 0.057580 2.078704
v 1.877500 0.062656 2.095991
v 1.877500 -0.009009 2.167656
v 1.877500 -0.041453 2.152839
v 1.877500 0.041453 2.057161
v 1.891780 0.023578 2.020895
v 1.889705 0.021677 2.022586
v 1.889031 0.023548 2.023709
v 1.890432 0.026606 2.022977
v 1.892277 0.019937 2.019544
v 1.889976 0.019544 2.021815
v 1.878144 0.007836 2.031255
v 1.879587 0.010633 2.030420
v 1.880904 0.009642 2.028839
v 1.876421 0.010383 2.033611
v 1.878556 0.012114 2.031821
v 1.885836 0.029639 2.028395
v 1.885168 0.026453 2.028345
v 1.883560 0.026298 2.029959
v 1.888378 0.028701 2.025569
v 1.886682 0.026020 2.026690
v 1.892168 0.017831 2.019170
v 1.880456 0.006330 2.028534
v 1.882419 0.009209 2.027185
v 1.878322 0.020581 2.034015
v 1.877761 0.018368 2.034080
v 1.875800 0.019957 2.036459
v 1.876360 0.021797 2.036310
v 1.878072 0.025179 2.035333
v 1.879256 0.022607 2.033524
v 1.880394 0.027779 2.033551
v 1.880500 0.024308 2.032640
v 1.883077 0.029321 2.031153
v 1.881967 0.025566 2.031425
v 1.889826 0.017294 2.021450
v 1.891754 0.015575 2.019074
v 1.889264 0.015081 2.021515
v 1.890403 0.011986 2.019632
v 1.888330 0.013055 2.022006
v 1.888363 0.009007 2.021038
v 1.887087 0.011355 2.022889
v 1.885847 0.006948 2.023145
v 1.885619 0.010096 2.024105
v 1.883116 0.006024 2.025734
v 1.884027 0.009364 2.025570
v 1.888000 0.025029 2.025109
v 1.877882 0.013985 2.032944
v 1.875800 0.012109 2.034647
v 1.877610 0.016118 2.033715
v 1.889054 0.023688 2.023539
v 1.889009 0.023710 2.023479
v 1.887955 0.025226 2.024911
v 1.888002 0.025201 2.024968
v 1.887312 0.025800 2.025703
v 1.886656 0.026213 2.026583
v 1.886607 0.026239 2.026528
v 1.885058 0.026682 2.028220
v 1.885110 0.026655 2.028272
v 1.883413 0.026524 2.029872
v 1.883467 0.026497 2.029921
v 1.882590 0.026221 2.030647
v 1.881842 0.025749 2.031417
v 1.881784 0.025775 2.031370
v 1.880283 0.024487 2.032614
v 1.880343 0.024464 2.032658
v 1.879011 0.022748 2.033518
v 1.879073 0.022728 2.033561
v 1.878489 0.021745 2.033822
v 1.878119 0.020659 2.034062
v 1.878056 0.020676 2.034020
v 1.877481 0.018412 2.034087
v 1.877546 0.018399 2.034128
v 1.877328 0.016111 2.033713
v 1.877669 0.013924 2.032969
v 1.877393 0.016102 2.033756
v 1.877413 0.014996 2.033368
v 1.877605 0.013929 2.032925
v 1.878294 0.012016 2.031775
v 1.889074 0.023650 2.023603
v 1.888027 0.025155 2.025026
v 1.886688 0.026162 2.026633
v 1.885149 0.026602 2.028314
v 1.883515 0.026444 2.029955
v 1.881897 0.025701 2.031443
v 1.880405 0.024422 2.032679
v 1.879141 0.022694 2.033577
v 1.878192 0.020635 2.034076
v 1.877622 0.018386 2.034142
v 1.877469 0.016100 2.033771
v 1.877745 0.013933 2.032988
v 1.878358 0.012013 2.031821
v 1.889066 0.023600 2.023663
v 1.888026 0.025095 2.025076
v 1.886697 0.026094 2.026671
v 1.885169 0.026531 2.028339
v 1.883547 0.026375 2.029968
v 1.881941 0.025637 2.031446
v 1.880460 0.024367 2.032673
v 1.879206 0.022651 2.033564
v 1.878263 0.020608 2.034059
v 1.877697 0.018375 2.034125
v 1.877546 0.016106 2.033756
v 1.877819 0.013954 2.032979
v 1.878430 0.012031 2.031846
v 1.889031 0.023548 2.023709
v 1.888000 0.025029 2.025109
v 1.886682 0.026020 2.026690
v 1.885168 0.026453 2.028345
v 1.883560 0.026298 2.029959
v 1.881967 0.025566 2.031425
v 1.880500 0.024308 2.032640
v 1.879256 0.022607 2.033524
v 1.878322 0.020581 2.034015
v 1.877761 0.018368 2.034080
v 1.877610 0.016118 2.033715
v 1.877882 0.013985 2.032944
v 1.878499 0.012067 2.031846
v 1.878556 0.012114 2.031821
v 1.878358 0.012013 2.031821
v 1.878294 0.012016 2.031775
v 1.879349 0.010500 2.030343
v 1.880756 0.009489 2.028777
v 1.879410 0.010501 2.030392
v 1.879991 0.009926 2.029551
v 1.880697 0.009487 2.028726
v 1.882246 0.009044 2.027034
v 1.882302 0.009047 2.027088
v 1.883891 0.009202 2.025382
v 1.885570 0.009952 2.023943
v 1.883944 0.009205 2.025439
v 1.884714 0.009505 2.024607
v 1.885519 0.009951 2.023884
v 1.887021 0.011238 2.022640
v 1.887069 0.011238 2.022701
v 1.888293 0.012978 2.021736
v 1.889293 0.015042 2.021298
v 1.888339 0.012974 2.021799
v 1.888814 0.013980 2.021432
v 1.889248 0.015050 2.021234
v 1.889822 0.017313 2.021168
v 1.889866 0.017302 2.021231
v 1.889976 0.019615 2.021541
v 1.889742 0.021778 2.022391
v 1.890019 0.019600 2.021604
v 1.889891 0.020730 2.021886
v 1.889699 0.021797 2.022329
v 1.889009 0.023710 2.023479
v 1.878430 0.012031 2.031846
v 1.879477 0.010526 2.030423
v 1.880816 0.009519 2.028816
v 1.882355 0.009079 2.027135
v 1.883989 0.009236 2.025495
v 1.885607 0.009980 2.024006
v 1.887099 0.011259 2.022770
v 1.888362 0.012987 2.021872
v 1.889311 0.015046 2.021373
v 1.889882 0.017295 2.021307
v 1.890035 0.019581 2.021678
v 1.889759 0.021748 2.022462
v 1.889054 0.023688 2.023539
v 1.878499 0.012067 2.031846
v 1.879539 0.010572 2.030433
v 1.880868 0.009573 2.028838
v 1.882396 0.009136 2.027170
v 1.884018 0.009292 2.025541
v 1.885624 0.010031 2.024063
v 1.887105 0.011300 2.022836
v 1.888359 0.013016 2.021945
v 1.889302 0.015059 2.021450
v 1.889868 0.017292 2.021384
v 1.890019 0.019561 2.021752
v 1.889746 0.021713 2.022530
v 1.889074 0.023650 2.023603
v 1.878556 0.012114 2.031821
v 1.879587 0.010633 2.030420
v 1.880904 0.009642 2.028839
v 1.882419 0.009209 2.027185
v 1.884027 0.009364 2.025570
v 1.885619 0.010096 2.024105
v 1.887087 0.011355 2.022889
v 1.888330 0.013055 2.022006
v 1.889264 0.015081 2.021515
v 1.889826 0.017294 2.021450
v 1.889976 0.019544 2.021815
v 1.889705 0.021677 2.022586
v 1.889066 0.023600 2.023663
v 1.889031 0.023548 2.023709
v 1.876845 0.012342 2.030363
v 1.878294 0.012016 2.031775
v 1.877605 0.013929 2.032925
v 1.875963 0.015322 2.031956
v 1.876032 0.018738 2.032674
v 1.877328 0.016111 2.033713
v 1.877413 0.014996 2.033368
v 1.877481 0.018412 2.034087
v 1.878056 0.020676 2.034020
v 1.877040 0.022072 2.032410
v 1.878833 0.024813 2.031202
v 1.879011 0.022748 2.033518
v 1.878489 0.021745 2.033822
v 1.880283 0.024487 2.032614
v 1.881784 0.025775 2.031370
v 1.881140 0.026547 2.029235
v 1.883608 0.027008 2.026808
v 1.883413 0.026524 2.029872
v 1.882590 0.026221 2.030647
v 1.885058 0.026682 2.028220
v 1.886607 0.026239 2.026528
v 1.885863 0.026126 2.024291
v 1.887560 0.024036 2.022066
v 1.887955 0.025226 2.024911
v 1.887312 0.025800 2.025703
v 1.889009 0.023710 2.023479
v 1.887560 0.024036 2.022066
v 1.889009 0.023710 2.023479
v 1.889699 0.021797 2.022329
v 1.888441 0.021056 2.020474
v 1.888373 0.017640 2.019755
v 1.889976 0.019615 2.021541
v 1.889891 0.020730 2.021886
v 1.889822 0.017313 2.021168
v 1.889248 0.015050 2.021234
v 1.887365 0.014307 2.020020
v 1.885571 0.011565 2.021228
v 1.888293 0.012978 2.021736
v 1.888814 0.013980 2.021432
v 1.887021 0.011238 2.022640
v 1.885519 0.009951 2.023884
v 1.883265 0.009831 2.023195
v 1.880796 0.009370 2.025622
v 1.883891 0.009202 2.025382
v 1.884714 0.009505 2.024607
v 1.882246 0.009044 2.027034
v 1.880697 0.009487 2.028726
v 1.878542 0.010252 2.028139
v 1.876845 0.012342 2.030363
v 1.879349 0.010500 2.030343
v 1.879991 0.009926 2.029551
v 1.878294 0.012016 2.031775
v 1.887560 0.024036 2.022066
v 1.886580 0.023666 2.021897
v 1.885026 0.025581 2.023935
v 1.885863 0.026126 2.024291
v 1.882960 0.026388 2.026241
v 1.883608 0.027008 2.026808
v 1.880699 0.025966 2.028465
v 1.881140 0.026547 2.029235
v 1.878585 0.024378 2.030267
v 1.878833 0.024813 2.031202
v 1.876942 0.021865 2.031374
v 1.877040 0.022072 2.032410
v 1.876019 0.018812 2.031616
v 1.876032 0.018738 2.032674
v 1.875956 0.015681 2.030958
v 1.875963 0.015322 2.031956
v 1.876763 0.012951 2.029499
v 1.876845 0.012342 2.030363
v 1.876845 0.012342 2.030363
v 1.876763 0.012951 2.029499
v 1.878318 0.011036 2.027461
v 1.878542 0.010252 2.028139
v 1.880384 0.010228 2.025155
v 1.880796 0.009370 2.025622
v 1.882645 0.010651 2.022931
v 1.883265 0.009831 2.023195
v 1.884759 0.012239 2.021129
v 1.885571 0.011565 2.021228
v 1.886402 0.014751 2.020022
v 1.887365 0.014307 2.020020
v 1.887325 0.017805 2.019780
v 1.888373 0.017640 2.019755
v 1.887388 0.020935 2.020438
v 1.888441 0.021056 2.020474
v 1.886580 0.023666 2.021897
v 1.887560 0.024036 2.022066
v 1.886580 0.023666 2.021897
v 1.878585 0.024378 2.030267
v 1.880699 0.025966 2.028465
v 1.875956 0.015681 2.030958
v 1.882645 0.010651 2.022931
v 1.880384 0.010228 2.025155
v 1.882960 0.026388 2.026241
v 1.878318 0.011036 2.027461
v 1.887388 0.020935 2.020438
v 1.887325 0.017805 2.019780
v 1.885026 0.025581 2.023935
v 1.884759 0.012239 2.021129
v 1.886402 0.014751 2.020022
v 1.876942 0.021865 2.031374
v 1.876019 0.018812 2.031616
v 1.876763 0.012951 2.029499
v 1.890500 -0.042855 2.075547
v 1.890500 -0.048165 2.072687
v 1.890500 -0.043391 2.066514
v 1.890500 -0.037833 2.061038
v 1.890500 -0.031656 2.063746
v 1.890500 -0.037719 2.069206
v 1.890500 -0.056989 2.094217
v 1.890500 -0.055026 2.086665
v 1.890500 -0.049859 2.090231
v 1.890500 -0.046934 2.082613
v 1.890500 -0.052066 2.079445
v 1.890500 0.022291 2.151608
v 1.890500 0.031115 2.152256
v 1.890500 0.029029 2.154798
v 1.890500 0.032884 2.145986
v 1.890500 0.032433 2.149244
v 1.890500 0.019156 2.159745
v 1.890500 0.011634 2.161821
v 1.890500 0.012139 2.155563
v 1.890500 0.004080 2.156840
v 1.890500 0.037833 2.061038
v 1.890500 0.043391 2.066514
v 1.890500 0.037719 2.069206
v 1.890500 0.042855 2.075547
v 1.890500 0.056989 2.094217
v 1.890500 0.051555 2.098213
v 1.890500 0.049859 2.090231
v 1.890500 0.057921 2.101965
v 1.890500 0.051636 2.099453
v 1.890500 0.003902 2.162869
v 1.890500 -0.004080 2.156840
v 1.890500 -0.003902 2.162869
v 1.890500 -0.011634 2.161821
v 1.890500 -0.019156 2.159745
v 1.890500 -0.019900 2.153042
v 1.890500 -0.012139 2.155563
v 1.890500 0.048165 2.072687
v 1.890500 0.046934 2.082613
v 1.890500 0.052066 2.079445
v 1.890500 0.055026 2.086665
v 1.890500 -0.057921 2.101965
v 1.890500 -0.051555 2.098213
v 1.890500 -0.031589 2.056357
v 1.890500 -0.028531 2.062162
v 1.890500 -0.035718 2.106457
v 1.890500 -0.019121 2.135205
v 1.890500 -0.022047 2.136728
v 1.890500 0.032632 2.143541
v 1.890500 0.026331 2.156678
v 1.890500 0.019900 2.153042
v 1.890500 -0.057749 2.104710
v 1.890500 -0.051411 2.101509
v 1.890500 -0.015850 2.134774
v 1.890500 -0.028579 2.088500
v 1.890500 -0.024811 2.083242
v 1.890500 -0.032718 2.100693
v 1.890500 -0.031249 2.094392
v 1.890500 -0.038501 2.108229
v 1.890500 -0.024276 2.139161
v 1.890500 0.049693 2.113989
v 1.890500 0.023801 2.138482
v 1.890500 0.021542 2.136366
v 1.890500 0.024163 2.149543
v 1.890500 0.025355 2.147023
v 1.890500 0.017446 2.066896
v 1.890500 0.010368 2.055576
v 1.890500 0.017062 2.057469
v 1.890500 0.031589 2.056357
v 1.890500 0.031656 2.063746
v 1.890500 0.050972 2.102944
v 1.890500 -0.054534 2.110965
v 1.890500 -0.050149 2.104557
v 1.890500 -0.047920 2.106989
v 1.890500 -0.056610 2.108078
v 1.890500 -0.029125 2.055133
v 1.890500 -0.010368 2.055576
v 1.890500 -0.016812 2.074139
v 1.890500 -0.037618 2.138691
v 1.890500 -0.041891 2.133202
v 1.890500 -0.025539 2.142209
v 1.890500 -0.032632 2.143541
v 1.890500 -0.026331 2.156678
v 1.890500 -0.022682 2.151269
v 1.890500 -0.028624 2.155157
v 1.890500 -0.024691 2.148651
v 1.890500 0.036110 2.106796
v 1.890500 0.039230 2.108497
v 1.890500 0.025260 2.141211
v 1.890500 0.025764 2.144265
v 1.890500 0.033833 2.104067
v 1.890500 0.006438 2.137366
v 1.890500 0.000000 2.138000
v 1.890500 0.028579 2.088500
v 1.890500 0.031249 2.094392
v 1.890500 0.020089 2.078819
v 1.890500 0.024811 2.083242
v 1.890500 0.016454 2.070042
v 1.890500 -0.003478 2.054620
v 1.890500 0.003478 2.054620
v 1.890500 0.029125 2.055133
v 1.890500 0.028729 2.062222
v 1.890500 0.057937 2.102593
v 1.890500 -0.051704 2.113116
v 1.890500 -0.016372 2.071282
v 1.890500 -0.020089 2.078819
v 1.890500 -0.041722 2.108944
v 1.890500 -0.047987 2.120733
v 1.890500 -0.049693 2.113989
v 1.890500 -0.045369 2.127178
v 1.890500 -0.032433 2.149245
v 1.890500 -0.032881 2.145719
v 1.890500 -0.025683 2.145505
v 1.890500 0.047987 2.120733
v 1.890500 0.045369 2.127178
v 1.890500 0.041891 2.133202
v 1.890500 0.018723 2.135089
v 1.890500 -0.006438 2.137366
v 1.890500 0.012629 2.135488
v 1.890500 0.025458 2.061792
v 1.890500 0.025639 2.054435
v 1.890500 0.057645 2.105222
v 1.890500 0.056429 2.108416
v 1.890500 0.049070 2.105947
v 1.890500 0.051610 2.113167
v 1.890500 -0.044993 2.108513
v 1.890500 -0.018090 2.076731
v 1.890500 -0.033710 2.103839
v 1.890500 -0.030971 2.152486
v 1.890500 0.037618 2.138691
v 1.890500 0.017860 2.076387
v 1.890500 0.016598 2.073339
v 1.890500 0.019454 2.064278
v 1.890500 0.054361 2.111138
v 1.890500 -0.025044 2.061819
v 1.890500 -0.021671 2.062762
v 1.890500 -0.018823 2.056165
v 1.890500 -0.017062 2.057469
v 1.890500 0.015643 2.134785
v 1.890500 -0.012629 2.135488
v 1.890500 0.032718 2.100693
v 1.890500 0.042758 2.108932
v 1.890500 0.046198 2.108041
v 1.890500 -0.025639 2.054435
v 1.890500 -0.022101 2.054790
v 1.890500 -0.017018 2.067839
v 1.890500 -0.018868 2.064864
v 1.890500 0.022101 2.054790
v 1.890500 0.022237 2.062506
v 1.890500 0.018823 2.056165
v 1.906500 0.051555 2.098213
v 1.890500 0.051555 2.098213
v 1.890500 0.051636 2.099453
v 1.906500 0.051636 2.099453
v 1.906500 0.036110 2.106796
v 1.906500 0.050972 2.102944
v 1.906500 0.049070 2.105947
v 1.906500 0.020089 2.078819
v 1.906500 0.016454 2.070042
v 1.906500 0.017446 2.066896
v 1.906500 0.046198 2.108041
v 1.906500 0.042758 2.108932
v 1.906500 0.051636 2.099453
v 1.906500 0.019454 2.064278
v 1.906500 0.017860 2.076387
v 1.906500 0.016598 2.073339
v 1.906500 0.033833 2.104067
v 1.906500 0.022237 2.062506
v 1.906500 0.025458 2.061792
v 1.906500 0.042855 2.075547
v 1.906500 0.028579 2.088500
v 1.906500 0.024811 2.083242
v 1.906500 0.039230 2.108497
v 1.906500 0.037719 2.069206
v 1.906500 0.046934 2.082613
v 1.906500 0.049859 2.090231
v 1.906500 0.031249 2.094392
v 1.906500 0.051555 2.098213
v 1.906500 0.032718 2.100693
v 1.906500 0.028729 2.062222
v 1.906500 0.031656 2.063746
v 1.906500 0.020089 2.078819
v 1.890500 0.020089 2.078819
v 1.890500 0.017860 2.076387
v 1.906500 0.017860 2.076387
v 1.890500 0.016598 2.073339
v 1.906500 0.016598 2.073339
v 1.890500 0.016454 2.070042
v 1.906500 0.016454 2.070042
v 1.890500 0.017446 2.066896
v 1.906500 0.017446 2.066896
v 1.890500 0.019454 2.064278
v 1.906500 0.019454 2.064278
v 1.890500 0.022237 2.062506
v 1.906500 0.022237 2.062506
v 1.890500 0.025458 2.061792
v 1.906500 0.025458 2.061792
v 1.890500 0.028729 2.062222
v 1.906500 0.028729 2.062222
v 1.890500 0.031656 2.063746
v 1.906500 0.031656 2.063746
v 1.906500 0.031249 2.094392
v 1.906500 0.032718 2.100693
v 1.890500 0.032718 2.100693
v 1.906500 0.028579 2.088500
v 1.890500 0.031249 2.094392
v 1.906500 0.024811 2.083242
v 1.890500 0.028579 2.088500
v 1.906500 0.020089 2.078819
v 1.890500 0.024811 2.083242
v 1.890500 0.020089 2.078819
v 1.906500 0.051636 2.099453
v 1.890500 0.051636 2.099453
v 1.890500 0.050972 2.102944
v 1.906500 0.050972 2.102944
v 1.890500 0.049070 2.105947
v 1.906500 0.049070 2.105947
v 1.890500 0.046198 2.108041
v 1.906500 0.046198 2.108041
v 1.890500 0.042758 2.108932
v 1.906500 0.042758 2.108932
v 1.890500 0.039230 2.108497
v 1.906500 0.039230 2.108497
v 1.890500 0.036110 2.106796
v 1.906500 0.036110 2.106796
v 1.890500 0.033833 2.104067
v 1.906500 0.033833 2.104067
v 1.890500 0.032718 2.100693
v 1.906500 0.032718 2.100693
v 1.906500 0.031656 2.063746
v 1.890500 0.031656 2.063746
v 1.890500 0.037719 2.069206
v 1.906500 0.037719 2.069206
v 1.890500 0.042855 2.075547
v 1.906500 0.042855 2.075547
v 1.890500 0.046934 2.082613
v 1.906500 0.046934 2.082613
v 1.890500 0.049859 2.090231
v 1.906500 0.049859 2.090231
v 1.890500 0.051555 2.098213
v 1.906500 0.051555 2.098213
v 1.906500 0.012629 2.135488
v 1.890500 0.012629 2.135488
v 1.890500 0.015643 2.134785
v 1.906500 0.015643 2.134785
v 1.890500 0.018723 2.135089
v 1.906500 0.018723 2.135089
v 1.890500 0.021542 2.136366
v 1.906500 0.021542 2.136366
v 1.890500 0.023801 2.138482
v 1.906500 0.023801 2.138482
v 1.890500 0.025260 2.141211
v 1.906500 0.025260 2.141211
v 1.890500 0.025764 2.144265
v 1.906500 0.025764 2.144265
v 1.906500 0.018723 2.135089
v 1.906500 0.023801 2.138482
v 1.906500 0.025260 2.141211
v 1.906500 0.021542 2.136366
v 1.906500 0.025764 2.144265
v 1.906500 0.012629 2.135488
v 1.906500 0.015643 2.134785
v 1.906500 -0.012629 2.135488
v 1.906500 -0.024276 2.139161
v 1.906500 -0.022047 2.136728
v 1.906500 -0.025683 2.145505
v 1.906500 -0.025539 2.142209
v 1.906500 -0.019121 2.135205
v 1.906500 -0.024691 2.148651
v 1.906500 0.025355 2.147023
v 1.906500 0.024163 2.149543
v 1.906500 -0.022682 2.151269
v 1.906500 0.022291 2.151608
v 1.906500 0.012139 2.155563
v 1.906500 0.006438 2.137366
v 1.906500 0.004080 2.156840
v 1.906500 0.000000 2.138000
v 1.906500 -0.012139 2.155563
v 1.906500 -0.019900 2.153042
v 1.906500 0.019900 2.153042
v 1.906500 -0.004080 2.156840
v 1.906500 -0.006438 2.137366
v 1.906500 -0.015850 2.134774
v 1.906500 0.025764 2.144265
v 1.890500 0.025764 2.144265
v 1.890500 0.025355 2.147023
v 1.906500 0.025355 2.147023
v 1.890500 0.024163 2.149543
v 1.906500 0.024163 2.149543
v 1.890500 0.022291 2.151608
v 1.906500 0.022291 2.151608
v 1.890500 0.019900 2.153042
v 1.906500 0.019900 2.153042
v 1.906500 -0.006438 2.137366
v 1.906500 -0.012629 2.135488
v 1.890500 -0.012629 2.135488
v 1.906500 0.000000 2.138000
v 1.890500 -0.006438 2.137366
v 1.906500 0.006438 2.137366
v 1.890500 0.000000 2.138000
v 1.906500 0.012629 2.135488
v 1.890500 0.006438 2.137366
v 1.890500 0.012629 2.135488
v 1.906500 -0.019900 2.153042
v 1.890500 -0.019900 2.153042
v 1.890500 -0.022682 2.151269
v 1.906500 -0.022682 2.151269
v 1.890500 -0.024691 2.148651
v 1.906500 -0.024691 2.148651
v 1.890500 -0.025683 2.145505
v 1.906500 -0.025683 2.145505
v 1.890500 -0.025539 2.142209
v 1.906500 -0.025539 2.142209
v 1.890500 -0.024276 2.139161
v 1.906500 -0.024276 2.139161
v 1.890500 -0.022047 2.136728
v 1.906500 -0.022047 2.136728
v 1.890500 -0.019121 2.135205
v 1.906500 -0.019121 2.135205
v 1.890500 -0.015850 2.134774
v 1.906500 -0.015850 2.134774
v 1.890500 -0.012629 2.135488
v 1.906500 -0.012629 2.135488
v 1.906500 0.019900 2.153042
v 1.890500 0.019900 2.153042
v 1.890500 0.012139 2.155563
v 1.906500 0.012139 2.155563
v 1.890500 0.004080 2.156840
v 1.906500 0.004080 2.156840
v 1.890500 -0.004080 2.156840
v 1.906500 -0.004080 2.156840
v 1.890500 -0.012139 2.155563
v 1.906500 -0.012139 2.155563
v 1.890500 -0.019900 2.153042
v 1.906500 -0.019900 2.153042
v 1.906500 -0.031656 2.063746
v 1.890500 -0.031656 2.063746
v 1.890500 -0.028531 2.062162
v 1.906500 -0.028531 2.062162
v 1.890500 -0.025044 2.061819
v 1.906500 -0.025044 2.061819
v 1.890500 -0.021671 2.062762
v 1.906500 -0.021671 2.062762
v 1.890500 -0.018868 2.064864
v 1.906500 -0.018868 2.064864
v 1.890500 -0.017018 2.067839
v 1.906500 -0.017018 2.067839
v 1.890500 -0.016372 2.071282
v 1.906500 -0.016372 2.071282
v 1.906500 -0.025044 2.061819
v 1.906500 -0.018868 2.064864
v 1.906500 -0.017018 2.067839
v 1.906500 -0.032718 2.100693
v 1.906500 -0.044993 2.108513
v 1.906500 -0.047920 2.106989
v 1.906500 -0.035718 2.106457
v 1.906500 -0.038501 2.108229
v 1.906500 -0.033710 2.103839
v 1.906500 -0.021671 2.062762
v 1.906500 -0.050149 2.104557
v 1.906500 -0.016372 2.071282
v 1.906500 -0.028531 2.062162
v 1.906500 -0.041722 2.108944
v 1.906500 -0.042855 2.075547
v 1.906500 -0.037719 2.069206
v 1.906500 -0.024811 2.083242
v 1.906500 -0.031656 2.063746
v 1.906500 -0.051411 2.101509
v 1.906500 -0.049859 2.090231
v 1.906500 -0.031249 2.094392
v 1.906500 -0.046934 2.082613
v 1.906500 -0.028579 2.088500
v 1.906500 -0.016812 2.074139
v 1.906500 -0.018090 2.076731
v 1.906500 -0.051555 2.098213
v 1.906500 -0.020089 2.078819
v 1.906500 -0.032718 2.100693
v 1.890500 -0.032718 2.100693
v 1.890500 -0.033710 2.103839
v 1.906500 -0.033710 2.103839
v 1.890500 -0.035718 2.106457
v 1.906500 -0.035718 2.106457
v 1.890500 -0.038501 2.108229
v 1.906500 -0.038501 2.108229
v 1.890500 -0.041722 2.108944
v 1.906500 -0.041722 2.108944
v 1.890500 -0.044993 2.108513
v 1.906500 -0.044993 2.108513
v 1.890500 -0.047920 2.106989
v 1.906500 -0.047920 2.106989
v 1.890500 -0.050149 2.104557
v 1.906500 -0.050149 2.104557
v 1.890500 -0.051411 2.101509
v 1.906500 -0.051411 2.101509
v 1.890500 -0.051555 2.098213
v 1.906500 -0.051555 2.098213
v 1.906500 -0.024811 2.083242
v 1.906500 -0.020089 2.078819
v 1.890500 -0.020089 2.078819
v 1.906500 -0.028579 2.088500
v 1.890500 -0.024811 2.083242
v 1.906500 -0.031249 2.094392
v 1.890500 -0.028579 2.088500
v 1.906500 -0.032718 2.100693
v 1.890500 -0.031249 2.094392
v 1.890500 -0.032718 2.100693
v 1.906500 -0.016372 2.071282
v 1.890500 -0.016372 2.071282
v 1.890500 -0.016812 2.074139
v 1.906500 -0.016812 2.074139
v 1.890500 -0.018090 2.076731
v 1.906500 -0.018090 2.076731
v 1.890500 -0.020089 2.078819
v 1.906500 -0.020089 2.078819
v 1.906500 -0.051555 2.098213
v 1.890500 -0.051555 2.098213
v 1.890500 -0.049859 2.090231
v 1.906500 -0.049859 2.090231
v 1.890500 -0.046934 2.082613
v 1.906500 -0.046934 2.082613
v 1.890500 -0.042855 2.075547
v 1.906500 -0.042855 2.075547
v 1.890500 -0.037719 2.069206
v 1.906500 -0.037719 2.069206
v 1.890500 -0.031656 2.063746
v 1.906500 -0.031656 2.063746
v 1.888432 0.022895 2.024173
v 1.886963 0.024704 2.026099
v 1.886645 0.024480 2.024777
v 1.886185 0.024879 2.025341
v 1.885011 0.025468 2.028278
v 1.884233 0.025643 2.027521
v 1.885341 0.025367 2.026320
v 1.882873 0.025068 2.030380
v 1.882289 0.025327 2.029443
v 1.883849 0.025657 2.027918
v 1.880876 0.023567 2.032083
v 1.880788 0.024405 2.030770
v 1.880098 0.023742 2.031325
v 1.879323 0.021193 2.033129
v 1.878435 0.021121 2.032427
v 1.879468 0.022963 2.031793
v 1.878450 0.018307 2.033358
v 1.877773 0.019025 2.032623
v 1.877672 0.018482 2.032601
v 1.878391 0.015348 2.032736
v 1.877536 0.016848 2.032364
v 1.877613 0.015523 2.031978
v 1.879154 0.012768 2.031357
v 1.878376 0.012943 2.030599
v 1.877742 0.014764 2.031670
v 1.887655 0.023070 2.023415
v 1.879154 0.012768 2.031357
v 1.880624 0.010958 2.029431
v 1.879386 0.011532 2.029237
v 1.879846 0.011133 2.028673
v 1.882576 0.010195 2.027251
v 1.881798 0.010370 2.026494
v 1.880690 0.010645 2.027694
v 1.884713 0.010594 2.025150
v 1.883742 0.010685 2.024571
v 1.882182 0.010355 2.026096
v 1.886710 0.012095 2.023447
v 1.885243 0.011608 2.023244
v 1.885933 0.012270 2.022689
v 1.888264 0.014469 2.022401
v 1.887596 0.014892 2.021587
v 1.886563 0.013049 2.022222
v 1.889136 0.017355 2.022171
v 1.888258 0.016987 2.021391
v 1.888359 0.017530 2.021414
v 1.889196 0.020314 2.022794
v 1.888495 0.019164 2.021651
v 1.888418 0.020489 2.022036
v 1.888432 0.022895 2.024173
v 1.887655 0.023070 2.023415
v 1.888288 0.021248 2.022344
v 1.878376 0.012943 2.030599
v 1.878333 0.013268 2.030138
v 1.877732 0.014995 2.031154
v 1.877649 0.014926 2.031267
v 1.877536 0.016971 2.031812
v 1.877449 0.016943 2.031938
v 1.877761 0.019036 2.032057
v 1.877679 0.019052 2.032189
v 1.878388 0.021023 2.031872
v 1.878319 0.021080 2.032000
v 1.879368 0.022771 2.031270
v 1.879319 0.022864 2.031386
v 1.880620 0.024138 2.030300
v 1.880598 0.024259 2.030396
v 1.882044 0.025013 2.029042
v 1.882051 0.025153 2.029111
v 1.883523 0.025326 2.027596
v 1.883561 0.025472 2.027635
v 1.884938 0.025051 2.026080
v 1.885005 0.025191 2.026087
v 1.886175 0.024210 2.024617
v 1.886268 0.024333 2.024593
v 1.887132 0.022872 2.023325
v 1.887245 0.022967 2.023275
v 1.878263 0.013163 2.030230
v 1.877622 0.014858 2.031405
v 1.877418 0.016910 2.032088
v 1.877652 0.019055 2.032343
v 1.878304 0.021118 2.032151
v 1.879321 0.022933 2.031525
v 1.880622 0.024353 2.030518
v 1.882100 0.025262 2.029211
v 1.883636 0.025586 2.027710
v 1.885106 0.025301 2.026135
v 1.886390 0.024428 2.024616
v 1.887384 0.023038 2.023274
v 1.878246 0.013064 2.030350
v 1.877655 0.014801 2.031546
v 1.877449 0.016877 2.032237
v 1.877685 0.019046 2.032495
v 1.878344 0.021133 2.032301
v 1.879373 0.022968 2.031668
v 1.880689 0.024404 2.030650
v 1.882184 0.025323 2.029328
v 1.883737 0.025651 2.027809
v 1.885224 0.025362 2.026217
v 1.886522 0.024479 2.024680
v 1.887528 0.023074 2.023324
v 1.878286 0.012987 2.030480
v 1.877742 0.014764 2.031670
v 1.877536 0.016848 2.032364
v 1.877613 0.015523 2.031978
v 1.877672 0.018482 2.032601
v 1.877773 0.019025 2.032623
v 1.878435 0.021121 2.032427
v 1.879468 0.022963 2.031793
v 1.880098 0.023742 2.031325
v 1.880788 0.024405 2.030770
v 1.882289 0.025327 2.029443
v 1.883849 0.025657 2.027918
v 1.885341 0.025367 2.026320
v 1.884233 0.025643 2.027521
v 1.886185 0.024879 2.025341
v 1.886645 0.024480 2.024777
v 1.887655 0.023070 2.023415
v 1.878376 0.012943 2.030599
v 1.887132 0.022872 2.023325
v 1.887733 0.021145 2.022309
v 1.887859 0.021204 2.022238
v 1.887930 0.019168 2.021651
v 1.888059 0.019186 2.021567
v 1.887705 0.017103 2.021405
v 1.887830 0.017078 2.021315
v 1.887077 0.015116 2.021591
v 1.887189 0.015050 2.021505
v 1.886097 0.013368 2.022193
v 1.886189 0.013266 2.022119
v 1.884845 0.012001 2.023163
v 1.884910 0.011870 2.023109
v 1.883422 0.011126 2.024421
v 1.883457 0.010977 2.024394
v 1.881942 0.010814 2.025867
v 1.881947 0.010658 2.025870
v 1.880527 0.011089 2.027383
v 1.880503 0.010939 2.027418
v 1.879291 0.011929 2.028846
v 1.879240 0.011797 2.028911
v 1.878333 0.013268 2.030138
v 1.878263 0.013163 2.030230
v 1.887245 0.022967 2.023275
v 1.888009 0.021244 2.022219
v 1.888212 0.019192 2.021537
v 1.887979 0.017047 2.021281
v 1.887327 0.014984 2.021474
v 1.886310 0.013169 2.022099
v 1.885009 0.011749 2.023106
v 1.883531 0.010840 2.024413
v 1.881995 0.010516 2.025915
v 1.880525 0.010801 2.027489
v 1.879241 0.011675 2.029008
v 1.878246 0.013064 2.030350
v 1.887384 0.023038 2.023274
v 1.888160 0.021260 2.022257
v 1.888365 0.019184 2.021566
v 1.888129 0.017015 2.021308
v 1.887470 0.014928 2.021503
v 1.886441 0.013093 2.022135
v 1.885126 0.011657 2.023153
v 1.883631 0.010738 2.024475
v 1.882077 0.010409 2.025994
v 1.880591 0.010698 2.027586
v 1.879292 0.011581 2.029123
v 1.878286 0.012987 2.030480
v 1.887528 0.023074 2.023324
v 1.888288 0.021248 2.022344
v 1.888495 0.019164 2.021651
v 1.888418 0.020489 2.022036
v 1.888359 0.017530 2.021414
v 1.888258 0.016987 2.021391
v 1.887596 0.014892 2.021587
v 1.886563 0.013049 2.022222
v 1.885243 0.011608 2.023244
v 1.885933 0.012270 2.022689
v 1.883742 0.010685 2.024571
v 1.882182 0.010355 2.026096
v 1.880690 0.010645 2.027694
v 1.881798 0.010370 2.026494
v 1.879846 0.011133 2.028673
v 1.879386 0.011532 2.029237
v 1.878376 0.012943 2.030599
v 1.887655 0.023070 2.023415
v 1.881942 0.010814 2.025867
v 1.883422 0.011126 2.024421
v 1.882887 0.012457 2.025277
v 1.886175 0.024210 2.024617
v 1.885248 0.023099 2.025311
v 1.886204 0.021859 2.024043
v 1.884938 0.025051 2.026080
v 1.883989 0.023732 2.026749
v 1.883523 0.025326 2.027596
v 1.882044 0.025013 2.029042
v 1.882578 0.023682 2.028186
v 1.880620 0.024138 2.030300
v 1.881185 0.022955 2.029447
v 1.879368 0.022771 2.031270
v 1.879980 0.021639 2.030381
v 1.880527 0.011089 2.027383
v 1.881476 0.012407 2.026713
v 1.880217 0.013041 2.028152
v 1.884845 0.012001 2.023163
v 1.884280 0.013184 2.024016
v 1.886097 0.013368 2.022193
v 1.885486 0.014500 2.023082
v 1.887705 0.017103 2.021405
v 1.886796 0.018213 2.022595
v 1.886359 0.016247 2.022589
v 1.878388 0.021023 2.031872
v 1.879106 0.019893 2.030874
v 1.877761 0.019036 2.032057
v 1.878670 0.017926 2.030868
v 1.877536 0.016971 2.031812
v 1.877732 0.014995 2.031154
v 1.878723 0.015977 2.030363
v 1.878333 0.013268 2.030138
v 1.879261 0.014280 2.029420
v 1.887077 0.015116 2.021591
v 1.887930 0.019168 2.021651
v 1.879291 0.011929 2.028846
v 1.887733 0.021145 2.022309
v 1.886742 0.020162 2.023100
v 1.887132 0.022872 2.023325
v 1.879783 0.014478 2.029510
v 1.879283 0.016058 2.030388
v 1.879153 0.016071 2.030302
v 1.879103 0.017896 2.030775
v 1.879221 0.016562 2.030568
v 1.879233 0.017873 2.030858
v 1.879411 0.018931 2.030920
v 1.879512 0.019737 2.030781
v 1.879639 0.019703 2.030864
v 1.880452 0.021330 2.030405
v 1.880330 0.021373 2.030319
v 1.881575 0.022555 2.029536
v 1.881459 0.022605 2.029444
v 1.882871 0.023232 2.028361
v 1.882762 0.023285 2.028264
v 1.884083 0.023332 2.026918
v 1.883442 0.023331 2.027799
v 1.884185 0.023278 2.027024
v 1.885046 0.022919 2.026058
v 1.885263 0.022739 2.025571
v 1.885358 0.022688 2.025684
v 1.886248 0.021534 2.024504
v 1.886158 0.021578 2.024385
v 1.879657 0.014482 2.029419
v 1.879002 0.016061 2.030267
v 1.878951 0.017915 2.030747
v 1.879366 0.019785 2.030753
v 1.880197 0.021447 2.030284
v 1.881344 0.022699 2.029396
v 1.882668 0.023390 2.028196
v 1.884010 0.023437 2.026829
v 1.885208 0.022835 2.025461
v 1.886118 0.021656 2.024255
v 1.879513 0.014446 2.029369
v 1.878851 0.016028 2.030288
v 1.878798 0.017925 2.030780
v 1.879223 0.019840 2.030786
v 1.880074 0.021540 2.030306
v 1.881248 0.022822 2.029397
v 1.882603 0.023529 2.028169
v 1.883977 0.023578 2.026770
v 1.885203 0.022961 2.025369
v 1.886134 0.021754 2.024135
v 1.879374 0.014375 2.029370
v 1.878723 0.015977 2.030363
v 1.878670 0.017926 2.030868
v 1.879106 0.019893 2.030874
v 1.879980 0.021639 2.030381
v 1.881185 0.022955 2.029447
v 1.882578 0.023682 2.028186
v 1.883989 0.023732 2.026749
v 1.885248 0.023099 2.025311
v 1.886204 0.021859 2.024043
v 1.879261 0.014280 2.029420
v 1.886710 0.012095 2.023447
v 1.884713 0.010594 2.025150
v 1.885056 0.013149 2.025388
v 1.880624 0.010958 2.029431
v 1.879154 0.012768 2.031357
v 1.880561 0.014303 2.030268
v 1.878391 0.015348 2.032736
v 1.879999 0.016387 2.031325
v 1.886494 0.014720 2.024275
v 1.888264 0.014469 2.022401
v 1.882576 0.010195 2.027251
v 1.883367 0.012507 2.026973
v 1.881763 0.012918 2.028714
v 1.880876 0.023567 2.032083
v 1.882873 0.025068 2.030380
v 1.882531 0.022513 2.030141
v 1.885011 0.025468 2.028278
v 1.884219 0.023156 2.028557
v 1.886963 0.024704 2.026099
v 1.885824 0.022744 2.026815
v 1.888432 0.022895 2.024173
v 1.887026 0.021359 2.025262
v 1.889196 0.020314 2.022794
v 1.887587 0.019276 2.024204
v 1.879323 0.021193 2.033129
v 1.881092 0.020943 2.031255
v 1.880189 0.018756 2.031678
v 1.889136 0.017355 2.022171
v 1.887398 0.016906 2.023852
v 1.878450 0.018307 2.033358
v 1.887026 0.021359 2.025262
v 1.887587 0.019276 2.024204
v 1.886748 0.019954 2.023626
v 1.886810 0.019451 2.023447
v 1.887398 0.016906 2.023852
v 1.886798 0.018140 2.023156
v 1.886620 0.017081 2.023094
v 1.886494 0.014720 2.024275
v 1.885579 0.014683 2.023609
v 1.886392 0.016309 2.023150
v 1.885056 0.013149 2.025388
v 1.884456 0.013457 2.024479
v 1.883367 0.012507 2.026973
v 1.883160 0.012781 2.025653
v 1.882589 0.012682 2.026215
v 1.881763 0.012918 2.028714
v 1.880985 0.013093 2.027957
v 1.881846 0.012734 2.026990
v 1.880561 0.014303 2.030268
v 1.879783 0.014478 2.029510
v 1.880673 0.013324 2.028330
v 1.886248 0.021534 2.024504
v 1.880561 0.014303 2.030268
v 1.879999 0.016387 2.031325
v 1.879283 0.016058 2.030388
v 1.879221 0.016562 2.030568
v 1.880189 0.018756 2.031678
v 1.879233 0.017873 2.030858
v 1.879411 0.018931 2.030920
v 1.881092 0.020943 2.031255
v 1.880452 0.021330 2.030405
v 1.879639 0.019703 2.030864
v 1.882531 0.022513 2.030141
v 1.881575 0.022555 2.029536
v 1.884219 0.023156 2.028557
v 1.882871 0.023232 2.028361
v 1.883442 0.023331 2.027799
v 1.885824 0.022744 2.026815
v 1.885046 0.022919 2.026058
v 1.884185 0.023278 2.027024
v 1.887026 0.021359 2.025262
v 1.886248 0.021534 2.024504
v 1.885358 0.022688 2.025684
v 1.879783 0.014478 2.029510
v 1.886248 0.021534 2.024504
v 1.886748 0.019954 2.023626
v 1.886661 0.019990 2.023501
v 1.886711 0.018165 2.023028
v 1.886810 0.019451 2.023447
v 1.886798 0.018140 2.023156
v 1.886620 0.017081 2.023094
v 1.886303 0.016323 2.023023
v 1.886392 0.016309 2.023150
v 1.885579 0.014683 2.023609
v 1.885485 0.014688 2.023485
v 1.884456 0.013457 2.024479
v 1.884356 0.013456 2.024359
v 1.883160 0.012781 2.025653
v 1.883052 0.012776 2.025540
v 1.881731 0.012729 2.026885
v 1.882589 0.012682 2.026215
v 1.881846 0.012734 2.026990
v 1.880985 0.013093 2.027957
v 1.880552 0.013322 2.028232
v 1.880673 0.013324 2.028330
v 1.879783 0.014478 2.029510
v 1.879657 0.014482 2.029419
v 1.886158 0.021578 2.024385
v 1.886629 0.020042 2.023358
v 1.886680 0.018187 2.022877
v 1.886265 0.016317 2.022871
v 1.885434 0.014655 2.023341
v 1.884287 0.013404 2.024229
v 1.882963 0.012712 2.025428
v 1.881620 0.012665 2.026795
v 1.880422 0.013267 2.028164
v 1.879513 0.014446 2.029369
v 1.886118 0.021656 2.024255
v 1.886657 0.020102 2.023217
v 1.886710 0.018204 2.022725
v 1.886285 0.016290 2.022719
v 1.885434 0.014589 2.023199
v 1.884260 0.013308 2.024108
v 1.882905 0.012601 2.025336
v 1.881531 0.012552 2.026735
v 1.880305 0.013168 2.028136
v 1.879374 0.014375 2.029370
v 1.886134 0.021754 2.024135
v 1.886742 0.020162 2.023100
v 1.886796 0.018213 2.022595
v 1.886359 0.016247 2.022589
v 1.885486 0.014500 2.023082
v 1.884280 0.013184 2.024016
v 1.882887 0.012457 2.025277
v 1.881476 0.012407 2.026713
v 1.880217 0.013041 2.028152
v 1.879261 0.014280 2.029420
v 1.886204 0.021859 2.024043
vn 0.857 -0.515 0.000
vn 0.857 -0.464 0.223
vn 0.857 -0.515 0.000
vn 0.857 -0.464 0.223
vn 0.857 -0.321 0.403
vn 0.857 -0.321 0.403
vn 0.857 -0.115 0.502
vn 0.857 -0.115 0.502
vn 0.857 0.115 0.502
vn 0.857 0.115 0.502
vn 0.857 0.321 0.403
vn 0.857 0.321 0.403
vn 0.857 0.464 0.223
vn 0.857 0.464 0.223
vn 0.857 0.515 0.000
vn 0.857 0.515 0.000
vn 0.857 0.464 -0.223
vn 0.857 0.515 0.000
vn 0.857 0.464 -0.223
vn 0.857 0.321 -0.403
vn 0.857 0.321 -0.403
vn 0.857 0.115 -0.502
vn 0.857 0.115 -0.502
vn 0.857 -0.115 -0.502
vn 0.857 -0.115 -0.502
vn 0.857 -0.321 -0.403
vn 0.857 -0.321 -0.403
vn 0.857 -0.464 -0.223
vn 0.857 -0.464 -0.223
vn 0.857 -0.515 0.000
vn 0.000 -0.901 0.434
vn 0.000 -1.000 0.000
vn 0.000 -1.000 0.000
vn 0.000 -0.623 0.782
vn 0.000 -0.901 0.434
vn 0.000 -0.223 0.975
vn 0.000 -0.623 0.782
vn 0.000 0.223 0.975
vn 0.000 -0.223 0.975
vn 0.000 0.623 0.782
vn 0.000 0.223 0.975
vn 0.000 0.901 0.434
vn 0.000 0.623 0.782
vn 0.000 1.000 0.000
vn 0.000 0.901 0.434
vn 0.000 1.000 0.000
vn 0.000 0.901 -0.434
vn 0.000 1.000 0.000
vn 0.000 1.000 0.000
vn 0.000 0.623 -0.782
vn 0.000 0.901 -0.434
vn 0.000 0.223 -0.975
vn 0.000 0.623 -0.782
vn 0.000 -0.223 -0.975
vn 0.000 0.223 -0.975
vn 0.000 -0.623 -0.782
vn 0.000 -0.223 -0.975
vn 0.000 -0.901 -0.434
vn 0.000 -0.623 -0.782
vn 0.000 -1.000 0.000
vn 0.000 -0.901 -0.434
vn 0.000 -1.000 0.000
vn 0.707 0.707 0.000
vn 0.707 0.637 0.307
vn 0.707 0.637 0.307
vn 0.707 0.441 0.553
vn 0.707 0.441 0.553
vn 0.707 0.157 0.689
vn 0.707 0.157 0.689
vn 0.707 -0.157 0.689
vn 0.707 -0.157 0.689
vn 0.707 -0.441 0.553
vn 0.707 -0.441 0.553
vn 0.707 -0.637 0.307
vn 0.707 -0.637 0.307
vn 0.707 -0.707 0.000
vn 0.707 -0.707 0.000
vn 0.707 0.707 0.000
vn 0.707 -0.707 0.000
vn 0.707 -0.637 -0.307
vn 0.707 -0.637 -0.307
vn 0.707 -0.441 -0.553
vn 0.707 -0.441 -0.553
vn 0.707 -0.157 -0.689
vn 0.707 -0.157 -0.689
vn 0.707 0.157 -0.689
vn 0.707 0.157 -0.689
vn 0.707 0.441 -0.553
vn 0.707 0.441 -0.553
vn 0.707 0.637 -0.307
vn 0.707 0.637 -0.307
vn 0.707 0.707 0.000
vn 0.707 0.707 0.000
vn 0.707 -0.707 0.000
vn 1.000 0.000 0.000
vn 1.000 0.000 0.000
vn 1.000 0.000 0.000
vn 1.000 0.000 0.000
vn 1.000 0.000 0.000
vn 1.000 0.000 0.000
vn 1.000 0.000 0.000
vn 1.000 0.000 0.000
vn 1.000 0.000 0.000
vn 1.000 0.000 0.000
vn 1.000 0.000 0.000
vn 1.000 0.000 0.000
vn 1.000 0.000 0.000
vn 1.000 0.000 0.000
vn 1.000 0.000 0.000
vn 1.000 0.000 0.000
vn 1.000 0.000 0.000
vn 1.000 0.000 0.000
vn 1.000 0.000 0.000
vn 1.000 0.000 0.000
vn 1.000 0.000 0.000
vn 1.000 0.000 0.000
vn 1.000 0.000 0.000
vn 1.000 0.000 0.000
vn 1.000 0.000 0.000
vn 1.000 0.000 0.000
vn 1.000 0.000 0.000
vn 1.000 0.000 0.000
vn 1.000 0.000 0.000
vn 1.000 0.000 0.000
vn 1.000 0.000 0.000
vn 1.000 0.000 0.000
vn 1.000 0.000 0.000
vn 1.000 0.000 0.000
vn 1.000 0.000 0.000
vn 1.000 0.000 0.000
vn 1.000 0.000 0.000
vn 1.000 0.000 0.000
vn 1.000 0.000 0.000
vn 1.000 0.000 0.000
vn 1.000 0.000 0.000
vn 1.000 0.000 0.000
vn 1.000 0.000 0.000
vn 1.000 0.000 0.000
vn 1.000 0.000 0.000
vn 1.000 0.000 0.000
vn 1.000 0.000 0.000
vn 1.000 0.000 0.000
vn 1.000 0.000 0.000
vn 1.000 0.000 0.000
vn 1.000 0.000 0.000
vn 1.000 0.000 0.000
vn 1.000 0.000 0.000
vn 1.000 0.000 0.000
vn 1.000 0.000 0.000
vn 1.000 0.000 0.000
vn 1.000 0.000 0.000
vn 1.000 0.000 0.000
vn 1.000 0.000 0.000
vn 1.000 0.000 0.000
vn 1.000 0.000 0.000
vn 1.000 0.000 0.000
vn 1.000 0.000 0.000
vn 1.000 0.000 0.000
vn 1.000 0.000 0.000
vn 1.000 0.000 0.000
vn 1.000 0.000 0.000
vn 1.000 0.000 0.000
vn 1.000 0.000 0.000
vn 1.000 0.000 0.000
vn 1.000 0.000 0.000
vn 1.000 0.000 0.000
vn 1.000 0.000 0.000
vn 1.000 0.000 0.000
vn 1.000 0.000 0.000
vn 1.000 0.000 0.000
vn 1.000 0.000 0.000
vn 1.000 0.000 0.000
vn 1.000 0.000 0.000
vn 1.000 0.000 0.000
vn 1.000 0.000 0.000
vn 1.000 0.000 0.000
vn 1.000 0.000 0.000
vn 1.000 0.000 0.000
vn 1.000 0.000 0.000
vn 1.000 0.000 0.000
vn 1.000 0.000 0.000
vn 1.000 0.000 0.000
vn 1.000 0.000 0.000
vn 1.000 0.000 0.000
vn 1.000 0.000 0.000
vn 1.000 0.000 0.000
vn 1.000 0.000 0.000
vn 1.000 0.000 0.000
vn 1.000 0.000 0.000
vn 1.000 0.000 0.000
vn 1.000 0.000 0.000
vn 1.000 0.000 0.000
vn 1.000 0.000 0.000
vn 1.000 0.000 0.000
vn 1.000 0.000 0.000
vn 1.000 0.000 0.000
vn 1.000 0.000 0.000
vn 1.000 0.000 0.000
vn 1.000 0.000 0.000
vn 1.000 0.000 0.000
vn 1.000 0.000 0.000
vn 1.000 0.000 0.000
vn 1.000 0.000 0.000
vn 1.000 0.000 0.000
vn 1.000 0.000 0.000
vn 1.000 0.000 0.000
vn 1.000 0.000 0.000
vn 1.000 0.000 0.000
vn 1.000 0.000 0.000
vn 1.000 0.000 0.000
vn 1.000 0.000 0.000
vn 1.000 0.000 0.000
vn 1.000 0.000 0.000
vn 1.000 0.000 0.000
vn 1.000 0.000 0.000
vn 1.000 0.000 0.000
vn 1.000 0.000 0.000
vn 1.000 0.000 0.000
vn 1.000 0.000 0.000
vn 1.000 0.000 0.000
vn 1.000 0.000 0.000
vn 1.000 0.000 0.000
vn 1.000 0.000 0.000
vn 1.000 0.000 0.000
vn 1.000 0.000 0.000
vn 1.000 0.000 0.000
vn 1.000 0.000 0.000
vn 1.000 0.000 0.000
vn 1.000 0.000 0.000
vn 1.000 0.000 0.000
vn 1.000 0.000 0.000
vn 1.000 0.000 0.000
vn 1.000 0.000 0.000
vn 1.000 0.000 0.000
vn 1.000 0.000 0.000
vn 1.000 0.000 0.000
vn 1.000 0.000 0.000
vn 1.000 0.000 0.000
vn 1.000 0.000 0.000
vn 1.000 0.000 0.000
vn 1.000 0.000 0.000
vn 1.000 0.000 0.000
vn 1.000 0.000 0.000
vn 1.000 0.000 0.000
vn 1.000 0.000 0.000
vn 1.000 0.000 0.000
vn 1.000 0.000 0.000
vn 1.000 0.000 0.000
vn 1.000 0.000 0.000
vn 1.000 0.000 0.000
vn 1.000 0.000 0.000
vn 1.000 0.000 0.000
vn 1.000 0.000 0.000
vn 1.000 0.000 0.000
vn 1.000 0.000 0.000
vn 1.000 0.000 0.000
vn 1.000 0.000 0.000
vn 1.000 0.000 0.000
vn 1.000 0.000 0.000
vn 1.000 0.000 0.000
vn 1.000 0.000 0.000
vn 1.000 0.000 0.000
vn 1.000 0.000 0.000
vn 1.000 0.000 0.000
vn 1.000 0.000 0.000
vn 1.000 0.000 0.000
vn 1.000 0.000 0.000
vn 1.000 0.000 0.000
vn 1.000 0.000 0.000
vn 1.000 0.000 0.000
vn 1.000 0.000 0.000
vn 1.000 0.000 0.000
vn 1.000 0.000 0.000
vn 1.000 0.000 0.000
vn 1.000 0.000 0.000
vn 1.000 0.000 0.000
vn 1.000 0.000 0.000
vn 1.000 0.000 0.000
vn 1.000 0.000 0.000
vn 1.000 0.000 0.000
vn 1.000 0.000 0.000
vn 1.000 0.000 0.000
vn 1.000 0.000 0.000
vn 1.000 0.000 0.000
vn 1.000 0.000 0.000
vn 1.000 0.000 0.000
vn 1.000 0.000 0.000
vn 1.000 0.000 0.000
vn 1.000 0.000 0.000
vn 1.000 0.000 0.000
vn 1.000 0.000 0.000
vn 1.000 0.000 0.000
vn 1.000 0.000 0.000
vn 1.000 0.000 0.000
vn 1.000 0.000 0.000
vn 1.000 0.000 0.000
vn 1.000 0.000 0.000
vn 1.000 0.000 0.000
vn 1.000 0.000 0.000
vn 1.000 0.000 0.000
vn 1.000 0.000 0.000
vn 1.000 0.000 0.000
vn 1.000 0.000 0.000
vn 1.000 0.000 0.000
vn 1.000 0.000 0.000
vn 1.000 0.000 0.000
vn 1.000 0.000 0.000
vn 1.000 0.000 0.000
vn 1.000 0.000 0.000
vn 1.000 0.000 0.000
vn 1.000 0.000 0.000
vn 1.000 0.000 0.000
vn 1.000 0.000 0.000
vn 1.000 0.000 0.000
vn 1.000 0.000 0.000
vn 1.000 0.000 0.000
vn 1.000 0.000 0.000
vn 1.000 0.000 0.000
vn 1.000 0.000 0.000
vn 1.000 0.000 0.000
vn 1.000 0.000 0.000
vn 1.000 0.000 0.000
vn 1.000 0.000 0.000
vn 1.000 0.000 0.000
vn 1.000 0.000 0.000
vn 1.000 0.000 0.000
vn 1.000 0.000 0.000
vn 1.000 0.000 0.000
vn 1.000 0.000 0.000
vn 1.000 0.000 0.000
vn 1.000 0.000 0.000
vn 1.000 0.000 0.000
vn 1.000 0.000 0.000
vn 1.000 0.000 0.000
vn 1.000 0.000 0.000
vn 1.000 0.000 0.000
vn 1.000 0.000 0.000
vn 1.000 0.000 0.000
vn 1.000 0.000 0.000
vn 1.000 0.000 0.000
vn 1.000 0.000 0.000
vn 1.000 0.000 0.000
vn 1.000 0.000 0.000
vn 1.000 0.000 0.000
vn 1.000 0.000 0.000
vn 1.000 0.000 0.000
vn 1.000 0.000 0.000
vn 1.000 0.000 0.000
vn 1.000 0.000 0.000
vn 1.000 0.000 0.000
vn 1.000 0.000 0.000
vn 1.000 0.000 0.000
vn 1.000 0.000 0.000
vn 1.000 0.000 0.000
vn 1.000 0.000 0.000
vn 1.000 0.000 0.000
vn 1.000 0.000 0.000
vn 1.000 0.000 0.000
vn 1.000 0.000 0.000
vn 1.000 0.000 0.000
vn 1.000 0.000 0.000
vn 1.000 0.000 0.000
vn 1.000 0.000 0.000
vn 1.000 0.000 0.000
vn 1.000 0.000 0.000
vn 1.000 0.000 0.000
vn 1.000 0.000 0.000
vn 1.000 0.000 0.000
vn 1.000 0.000 0.000
vn 1.000 0.000 0.000
vn 1.000 0.000 0.000
vn 1.000 0.000 0.000
vn 1.000 0.000 0.000
vn 1.000 0.000 0.000
vn 1.000 0.000 0.000
vn 1.000 0.000 0.000
vn 1.000 0.000 0.000
vn 1.000 0.000 0.000
vn 1.000 0.000 0.000
vn 1.000 0.000 0.000
vn 1.000 0.000 0.000
vn 1.000 0.000 0.000
vn 1.000 0.000 0.000
vn 1.000 0.000 0.000
vn 1.000 0.000 0.000
vn 1.000 0.000 0.000
vn 1.000 0.000 0.000
vn 1.000 0.000 0.000
vn 1.000 0.000 0.000
vn 1.000 0.000 0.000
vn 1.000 0.000 0.000
vn 1.000 0.000 0.000
vn 1.000 0.000 0.000
vn 1.000 0.000 0.000
vn 1.000 0.000 0.000
vn 1.000 0.000 0.000
vn 1.000 0.000 0.000
vn 1.000 0.000 0.000
vn 1.000 0.000 0.000
vn 1.000 0.000 0.000
vn 1.000 0.000 0.000
vn 1.000 0.000 0.000
vn 1.000 0.000 0.000
vn 1.000 0.000 0.000
vn 1.000 0.000 0.000
vn 1.000 0.000 0.000
vn 1.000 0.000 0.000
vn 1.000 0.000 0.000
vn 1.000 0.000 0.000
vn 1.000 0.000 0.000
vn 1.000 0.000 0.000
vn 1.000 0.000 0.000
vn 1.000 0.000 0.000
vn 1.000 0.000 0.000
vn 1.000 0.000 0.000
vn 1.000 0.000 0.000
vn 1.000 0.000 0.000
vn 0.000 -0.679 -0.734
vn 0.000 -0.454 -0.891
vn 0.000 -0.454 -0.891
vn 0.000 -0.853 -0.522
vn 0.000 -0.679 -0.734
vn 0.000 -0.962 -0.271
vn 0.000 -0.853 -0.522
vn 0.000 -1.000 0.000
vn 0.000 -0.962 -0.271
vn 0.000 -1.000 0.000
vn 0.000 0.330 -0.944
vn 0.000 0.454 -0.891
vn 0.000 0.454 -0.891
vn 0.000 0.201 -0.980
vn 0.000 0.330 -0.944
vn 0.000 0.067 -0.998
vn 0.000 0.201 -0.980
vn 0.000 -0.067 -0.998
vn 0.000 0.067 -0.998
vn 0.000 -0.201 -0.980
vn 0.000 -0.067 -0.998
vn 0.000 -0.330 -0.944
vn 0.000 -0.201 -0.980
vn 0.000 -0.454 -0.891
vn 0.000 -0.330 -0.944
vn 0.000 -0.454 -0.891
vn 0.000 0.652 0.758
vn 0.000 0.545 0.839
vn 0.000 0.545 0.839
vn 0.000 0.748 0.664
vn 0.000 0.652 0.758
vn 0.000 0.830 0.557
vn 0.000 0.748 0.664
vn 0.000 0.898 0.441
vn 0.000 0.830 0.557
vn 0.000 0.949 0.316
vn 0.000 0.898 0.441
vn 0.000 0.983 0.186
vn 0.000 0.949 0.316
vn 0.000 0.999 0.052
vn 0.000 0.983 0.186
vn 0.000 0.999 0.052
vn 0.000 -0.999 0.052
vn 0.000 -1.000 0.000
vn 0.000 -1.000 0.000
vn 0.000 -0.999 0.052
vn 0.000 -0.983 0.186
vn 0.000 -0.999 0.052
vn 0.000 -0.999 0.052
vn 0.000 -0.949 0.316
vn 0.000 -0.983 0.186
vn 0.000 -0.898 0.441
vn 0.000 -0.949 0.316
vn 0.000 -0.830 0.557
vn 0.000 -0.898 0.441
vn 0.000 -0.748 0.664
vn 0.000 -0.830 0.557
vn 0.000 -0.652 0.758
vn 0.000 -0.748 0.664
vn 0.000 -0.545 0.839
vn 0.000 -0.652 0.758
vn 0.000 -0.545 0.839
vn 0.707 -0.673 -0.216
vn 0.707 -0.636 -0.309
vn 0.707 -0.636 -0.309
vn 0.707 -0.586 -0.396
vn 0.707 -0.586 -0.396
vn 0.707 -0.524 -0.475
vn 0.707 -0.524 -0.475
vn 0.707 -0.673 -0.216
vn 0.707 -0.695 -0.129
vn 0.707 -0.696 -0.126
vn 0.707 -0.457 -0.540
vn 0.707 -0.460 -0.537
vn 0.707 -0.454 -0.542
vn 0.707 -0.697 -0.122
vn 0.000 -0.983 -0.183
vn 0.000 -0.983 -0.183
vn 0.000 -0.952 -0.306
vn 0.000 -0.899 -0.437
vn 0.000 -0.899 -0.439
vn 0.000 -0.951 -0.311
vn 0.000 -0.828 -0.560
vn 0.000 -0.829 -0.559
vn 0.000 -0.741 -0.672
vn 0.000 -0.744 -0.668
vn 0.000 -0.650 -0.760
vn 0.000 -0.650 -0.760
vn -0.707 -0.526 -0.472
vn -0.707 -0.527 -0.472
vn -0.707 -0.558 -0.434
vn -0.707 -0.586 -0.395
vn -0.707 -0.587 -0.395
vn -0.707 -0.612 -0.354
vn -0.707 -0.635 -0.310
vn -0.707 -0.672 -0.220
vn -0.707 -0.655 -0.266
vn -0.707 -0.635 -0.311
vn -0.707 -0.695 -0.129
vn -0.707 -0.685 -0.173
vn -0.707 -0.672 -0.220
vn -0.707 -0.696 -0.128
vn -0.707 -0.695 -0.129
vn -0.707 -0.460 -0.537
vn -0.707 -0.459 -0.538
vn -0.707 -0.493 -0.507
vn -0.707 -0.458 -0.539
vn 0.000 -0.702 -0.712
vn 0.000 -0.473 -0.881
vn 0.000 -0.473 -0.881
vn 0.000 -0.874 -0.485
vn 0.000 -0.702 -0.712
vn 0.000 -0.976 -0.219
vn 0.000 -0.874 -0.485
vn 0.000 -1.000 0.000
vn 0.000 -0.976 -0.219
vn 0.000 -0.313 -0.950
vn 0.000 -0.308 -0.951
vn 0.000 -0.313 -0.950
vn 0.000 -0.268 -0.963
vn 0.000 -0.268 -0.963
vn 0.000 -0.280 -0.960
vn 0.000 -0.358 -0.934
vn 0.000 -0.292 -0.956
vn 0.000 -0.313 -0.950
vn 0.000 -1.000 0.000
vn 0.000 -0.971 0.237
vn 0.000 -0.979 0.203
vn 0.000 -0.988 0.157
vn 0.000 -0.968 0.249
vn 0.000 -0.968 0.249
vn 0.000 -1.000 0.000
vn 0.000 -0.974 0.225
vn 0.000 -0.978 0.207
vn 0.000 -1.000 0.000
vn 0.000 -0.979 0.204
vn 0.000 -0.979 0.204
vn 0.000 -0.950 -0.312
vn 0.000 -0.984 -0.178
vn 0.000 -0.969 -0.245
vn 0.000 -0.984 -0.178
vn 0.000 -0.898 -0.439
vn 0.000 -0.927 -0.376
vn 0.000 -0.950 -0.312
vn 0.000 -0.898 -0.439
vn 0.000 -0.866 -0.500
vn 0.000 -0.830 -0.558
vn 0.000 -0.830 -0.558
vn 0.000 -0.789 -0.614
vn 0.000 -0.745 -0.667
vn 0.000 -0.745 -0.667
vn 0.000 -0.697 -0.717
vn 0.000 -0.646 -0.763
vn 0.000 -0.646 -0.763
vn 0.000 -0.697 -0.717
vn 0.000 -0.745 -0.667
vn -0.383 -0.688 -0.616
vn 0.000 -0.789 -0.614
vn -0.383 -0.729 -0.568
vn 0.000 -0.830 -0.558
vn -0.383 -0.766 -0.516
vn 0.000 -0.866 -0.500
vn -0.383 -0.800 -0.462
vn 0.000 -0.898 -0.439
vn -0.383 -0.830 -0.406
vn 0.000 -0.927 -0.376
vn -0.383 -0.856 -0.348
vn 0.000 -0.950 -0.312
vn -0.383 -0.878 -0.288
vn 0.000 -0.969 -0.245
vn -0.383 -0.896 -0.227
vn 0.000 -0.984 -0.178
vn -0.369 -0.915 -0.166
vn -0.707 -0.696 -0.128
vn -0.707 -0.685 -0.173
vn -0.707 -0.672 -0.220
vn -0.707 -0.655 -0.266
vn -0.707 -0.635 -0.311
vn -0.707 -0.612 -0.354
vn -0.707 -0.587 -0.395
vn -0.707 -0.558 -0.434
vn -0.383 -0.644 -0.662
vn -0.707 -0.527 -0.472
vn -0.707 -0.493 -0.507
vn -0.707 -0.458 -0.539
vn -0.310 -0.615 -0.725
vn 0.000 -0.646 -0.763
vn 0.707 0.050 0.705
vn 0.707 0.050 0.705
vn 0.707 0.143 0.692
vn 0.707 0.149 0.691
vn 0.707 -0.050 0.705
vn 0.707 -0.048 0.705
vn 0.707 0.048 0.705
vn 0.707 -0.050 0.705
vn 0.707 -0.149 0.691
vn 0.707 -0.143 0.692
vn 0.707 -0.149 0.691
vn 0.707 -0.239 0.666
vn 0.707 -0.235 0.667
vn 0.707 -0.243 0.664
vn 0.707 0.149 0.691
vn 0.707 0.235 0.667
vn 0.707 0.239 0.666
vn 0.707 0.243 0.664
vn 0.000 0.333 0.943
vn 0.000 0.333 0.943
vn 0.000 0.211 0.977
vn 0.000 0.206 0.978
vn 0.000 0.069 0.998
vn 0.000 0.202 0.979
vn 0.000 0.071 0.997
vn 0.000 0.068 0.998
vn 0.000 -0.068 0.998
vn 0.000 -0.069 0.998
vn 0.000 -0.071 0.997
vn 0.000 -0.202 0.979
vn 0.000 -0.333 0.943
vn 0.000 -0.206 0.978
vn 0.000 -0.211 0.977
vn 0.000 -0.333 0.943
vn -0.707 -0.146 0.692
vn -0.707 -0.145 0.692
vn -0.707 -0.097 0.700
vn -0.707 -0.049 0.705
vn -0.707 0.049 0.705
vn -0.707 0.000 0.707
vn -0.707 -0.049 0.705
vn -0.707 0.146 0.692
vn -0.707 0.097 0.700
vn -0.707 0.049 0.705
vn -0.707 -0.235 0.667
vn -0.707 -0.236 0.666
vn -0.707 -0.192 0.680
vn -0.707 0.235 0.667
vn -0.707 0.192 0.680
vn -0.707 0.145 0.692
vn -0.707 0.237 0.666
vn -0.707 0.236 0.666
vn -0.707 -0.237 0.666
vn 0.000 -0.246 0.969
vn 0.000 -0.519 0.855
vn 0.000 -0.519 0.855
vn 0.000 0.049 0.999
vn 0.000 -0.246 0.969
vn 0.000 0.339 0.941
vn 0.000 0.049 0.999
vn 0.000 0.545 0.839
vn 0.000 0.339 0.941
vn 0.000 -0.666 0.746
vn 0.000 -0.670 0.742
vn 0.000 -0.666 0.746
vn 0.000 -0.700 0.714
vn 0.000 -0.700 0.714
vn 0.000 -0.691 0.723
vn 0.000 -0.629 0.777
vn 0.000 -0.682 0.731
vn 0.000 -0.666 0.746
vn 0.000 0.545 0.839
vn 0.000 -0.049 0.999
vn 0.000 -0.339 0.941
vn 0.000 -0.339 0.941
vn 0.000 0.246 0.969
vn 0.000 -0.049 0.999
vn 0.000 0.519 0.855
vn 0.000 0.246 0.969
vn 0.000 0.691 0.723
vn 0.000 0.666 0.746
vn 0.000 0.629 0.777
vn 0.000 0.700 0.714
vn 0.000 0.700 0.714
vn 0.000 0.682 0.731
vn 0.000 0.669 0.743
vn 0.000 0.519 0.855
vn 0.000 0.666 0.746
vn 0.000 0.666 0.746
vn 0.000 -0.545 0.839
vn 0.000 -0.545 0.839
vn 0.000 0.338 0.941
vn 0.000 0.338 0.941
vn 0.000 0.272 0.962
vn 0.000 0.205 0.979
vn 0.000 0.205 0.979
vn 0.000 0.137 0.991
vn 0.000 0.069 0.998
vn 0.000 -0.069 0.998
vn 0.000 0.000 1.000
vn 0.000 0.069 0.998
vn 0.000 -0.069 0.998
vn 0.000 -0.137 0.991
vn 0.000 -0.205 0.979
vn 0.000 -0.205 0.979
vn 0.000 -0.272 0.962
vn 0.000 -0.338 0.941
vn 0.000 -0.338 0.941
vn -0.383 0.190 0.904
vn -0.383 0.252 0.889
vn -0.707 0.192 0.680
vn -0.383 0.127 0.915
vn -0.707 0.145 0.692
vn -0.383 0.064 0.922
vn -0.707 0.097 0.700
vn -0.383 0.000 0.924
vn -0.707 0.049 0.705
vn -0.383 -0.064 0.922
vn -0.707 0.000 0.707
vn -0.383 -0.127 0.915
vn -0.707 -0.049 0.705
vn -0.383 -0.190 0.904
vn -0.707 -0.097 0.700
vn -0.383 -0.252 0.889
vn -0.707 -0.145 0.692
vn -0.707 -0.192 0.680
vn -0.707 -0.237 0.666
vn 0.000 -0.272 0.962
vn -0.310 -0.321 0.895
vn 0.000 -0.205 0.979
vn 0.000 -0.137 0.991
vn 0.000 -0.069 0.998
vn 0.000 0.000 1.000
vn 0.000 0.069 0.998
vn 0.000 0.137 0.991
vn 0.000 0.205 0.979
vn 0.000 0.272 0.962
vn 0.000 0.338 0.941
vn -0.369 0.314 0.875
vn -0.707 0.237 0.666
vn 0.000 -0.338 0.941
vn 0.707 0.586 -0.396
vn 0.707 0.586 -0.396
vn 0.707 0.528 -0.470
vn 0.707 0.524 -0.475
vn 0.707 0.636 -0.309
vn 0.707 0.635 -0.311
vn 0.707 0.587 -0.394
vn 0.707 0.636 -0.309
vn 0.707 0.673 -0.216
vn 0.707 0.671 -0.222
vn 0.707 0.673 -0.216
vn 0.707 0.696 -0.126
vn 0.707 0.695 -0.129
vn 0.707 0.697 -0.122
vn 0.707 0.524 -0.475
vn 0.707 0.460 -0.537
vn 0.707 0.457 -0.540
vn 0.707 0.454 -0.542
vn 0.000 0.650 -0.760
vn 0.000 0.650 -0.760
vn 0.000 0.741 -0.672
vn 0.000 0.744 -0.668
vn 0.000 0.829 -0.559
vn 0.000 0.747 -0.665
vn 0.000 0.828 -0.560
vn 0.000 0.830 -0.558
vn 0.000 0.898 -0.440
vn 0.000 0.899 -0.439
vn 0.000 0.899 -0.437
vn 0.000 0.949 -0.314
vn 0.000 0.983 -0.183
vn 0.000 0.951 -0.311
vn 0.000 0.952 -0.306
vn 0.000 0.983 -0.183
vn -0.707 0.672 -0.220
vn -0.707 0.672 -0.220
vn -0.707 0.655 -0.266
vn -0.707 0.635 -0.310
vn -0.707 0.635 -0.311
vn -0.707 0.612 -0.354
vn -0.707 0.586 -0.395
vn -0.707 0.526 -0.472
vn -0.707 0.558 -0.434
vn -0.707 0.587 -0.395
vn -0.707 0.695 -0.129
vn -0.707 0.695 -0.129
vn -0.707 0.685 -0.173
vn -0.707 0.460 -0.537
vn -0.707 0.493 -0.507
vn -0.707 0.527 -0.472
vn -0.707 0.458 -0.539
vn -0.707 0.459 -0.538
vn -0.707 0.696 -0.128
vn 0.000 0.962 -0.272
vn 0.000 1.000 0.022
vn 0.000 1.000 0.022
vn 0.000 0.841 -0.542
vn 0.000 0.962 -0.272
vn 0.000 0.645 -0.764
vn 0.000 0.841 -0.542
vn 0.000 0.454 -0.891
vn 0.000 0.645 -0.764
vn 0.000 0.979 0.204
vn 0.000 0.978 0.209
vn 0.000 0.979 0.203
vn 0.000 0.968 0.249
vn 0.000 0.968 0.249
vn 0.000 0.971 0.237
vn 0.000 0.988 0.157
vn 0.000 0.974 0.225
vn 0.000 0.979 0.204
vn 0.000 0.454 -0.891
vn 0.000 0.889 -0.457
vn 0.000 0.984 -0.176
vn 0.000 0.984 -0.176
vn 0.000 0.716 -0.698
vn 0.000 0.889 -0.457
vn 0.000 0.481 -0.877
vn 0.000 0.716 -0.698
vn 0.000 0.280 -0.960
vn 0.000 0.313 -0.950
vn 0.000 0.358 -0.934
vn 0.000 0.268 -0.963
vn 0.000 0.268 -0.963
vn 0.000 0.292 -0.956
vn 0.000 0.309 -0.951
vn 0.000 0.481 -0.877
vn 0.000 0.313 -0.950
vn 0.000 0.313 -0.950
vn 0.000 0.999 0.052
vn 0.000 0.999 0.052
vn 0.000 0.646 -0.763
vn 0.000 0.646 -0.763
vn 0.000 0.697 -0.717
vn 0.000 0.745 -0.667
vn 0.000 0.830 -0.558
vn 0.000 0.789 -0.614
vn 0.000 0.745 -0.667
vn 0.000 0.898 -0.439
vn 0.000 0.866 -0.500
vn 0.000 0.830 -0.558
vn 0.000 0.898 -0.439
vn 0.000 0.927 -0.376
vn 0.000 0.950 -0.312
vn 0.000 0.950 -0.312
vn 0.000 0.969 -0.245
vn 0.000 0.984 -0.178
vn 0.000 0.984 -0.178
vn -0.383 0.688 -0.616
vn -0.383 0.644 -0.662
vn -0.707 0.493 -0.507
vn -0.383 0.729 -0.568
vn -0.707 0.527 -0.472
vn -0.383 0.766 -0.516
vn -0.707 0.558 -0.434
vn -0.383 0.800 -0.462
vn -0.707 0.587 -0.395
vn -0.383 0.830 -0.406
vn -0.707 0.612 -0.354
vn -0.383 0.856 -0.348
vn -0.707 0.635 -0.311
vn -0.383 0.878 -0.288
vn -0.707 0.655 -0.266
vn -0.383 0.896 -0.227
vn -0.707 0.672 -0.220
vn -0.707 0.685 -0.173
vn -0.707 0.696 -0.128
vn 0.000 0.969 -0.245
vn -0.310 0.936 -0.170
vn 0.000 0.950 -0.312
vn 0.000 0.927 -0.376
vn 0.000 0.898 -0.439
vn 0.000 0.866 -0.500
vn 0.000 0.830 -0.558
vn 0.000 0.789 -0.614
vn 0.000 0.745 -0.667
vn 0.000 0.697 -0.717
vn 0.000 0.646 -0.763
vn -0.369 0.601 -0.709
vn -0.707 0.458 -0.539
vn 0.000 0.984 -0.178
vn 0.707 0.612 0.354
vn 0.707 0.398 0.584
vn 0.707 0.398 0.584
vn 0.707 0.105 0.699
vn 0.707 0.105 0.699
vn 0.707 -0.208 0.676
vn 0.707 -0.208 0.676
vn 0.707 -0.481 0.518
vn 0.707 -0.481 0.518
vn 0.707 -0.658 0.258
vn 0.707 -0.658 0.258
vn 0.707 -0.705 -0.053
vn 0.707 -0.705 -0.053
vn 0.707 -0.612 -0.354
vn 0.707 -0.612 -0.354
vn 0.707 0.612 0.354
vn 0.707 0.354 0.612
vn 0.707 0.053 0.705
vn 0.707 0.053 0.705
vn 0.707 -0.258 0.658
vn 0.707 -0.258 0.658
vn 0.707 -0.518 0.481
vn 0.707 -0.518 0.481
vn 0.707 -0.676 0.208
vn 0.707 -0.676 0.208
vn 0.707 -0.699 -0.105
vn 0.707 -0.699 -0.105
vn 0.707 -0.584 -0.398
vn 0.707 -0.584 -0.398
vn 0.707 -0.354 -0.612
vn 0.707 -0.354 -0.612
vn 0.707 0.354 0.612
vn 0.707 0.000 0.707
vn 0.707 -0.307 0.637
vn 0.707 -0.307 0.637
vn 0.707 -0.553 0.441
vn 0.707 -0.553 0.441
vn 0.707 -0.354 0.612
vn 0.707 -0.689 0.157
vn 0.707 -0.689 0.157
vn 0.707 -0.612 0.354
vn 0.707 -0.689 -0.157
vn 0.707 -0.689 -0.157
vn 0.707 -0.707 0.000
vn 0.707 -0.553 -0.441
vn 0.707 -0.612 -0.354
vn 0.707 -0.553 -0.441
vn 0.707 -0.307 -0.637
vn 0.707 -0.354 -0.612
vn 0.707 -0.307 -0.637
vn 0.707 0.000 -0.707
vn 0.707 0.000 -0.707
vn 0.707 0.000 0.707
vn 0.707 -0.354 0.612
vn 0.707 -0.584 0.398
vn 0.707 -0.584 0.398
vn 0.707 -0.699 0.105
vn 0.707 -0.699 0.105
vn 0.707 -0.612 0.354
vn 0.707 -0.676 -0.208
vn 0.707 -0.676 -0.208
vn 0.707 -0.707 0.000
vn 0.707 -0.518 -0.481
vn 0.707 -0.612 -0.354
vn 0.707 -0.518 -0.481
vn 0.707 -0.258 -0.658
vn 0.707 -0.354 -0.612
vn 0.707 -0.258 -0.658
vn 0.707 0.053 -0.705
vn 0.707 0.000 -0.707
vn 0.707 0.053 -0.705
vn 0.707 0.354 -0.612
vn 0.707 0.354 -0.612
vn 0.707 -0.354 0.612
vn 0.707 -0.612 0.354
vn 0.707 -0.705 0.053
vn 0.707 -0.705 0.053
vn 0.707 -0.658 -0.258
vn 0.707 -0.658 -0.258
vn 0.707 -0.707 0.000
vn 0.707 -0.481 -0.518
vn 0.707 -0.481 -0.518
vn 0.707 -0.612 -0.354
vn 0.707 -0.208 -0.676
vn 0.707 -0.208 -0.676
vn 0.707 -0.354 -0.612
vn 0.707 0.105 -0.699
vn 0.707 0.000 -0.707
vn 0.707 0.105 -0.699
vn 0.707 0.398 -0.584
vn 0.707 0.354 -0.612
vn 0.707 0.398 -0.584
vn 0.707 0.612 -0.354
vn 0.707 0.612 -0.354
vn 0.707 -0.612 0.354
vn 0.707 -0.707 0.000
vn 0.707 -0.637 -0.307
vn 0.707 -0.637 -0.307
vn 0.707 -0.441 -0.553
vn 0.707 -0.441 -0.553
vn 0.707 -0.612 -0.354
vn 0.707 -0.157 -0.689
vn 0.707 -0.157 -0.689
vn 0.707 -0.354 -0.612
vn 0.707 0.157 -0.689
vn 0.707 0.000 -0.707
vn 0.707 0.157 -0.689
vn 0.707 0.441 -0.553
vn 0.707 0.354 -0.612
vn 0.707 0.441 -0.553
vn 0.707 0.637 -0.307
vn 0.707 0.612 -0.354
vn 0.707 0.637 -0.307
vn 0.707 0.707 0.000
vn 0.707 0.707 0.000
vn 0.707 -0.707 0.000
vn 0.707 -0.612 -0.354
vn 0.707 -0.398 -0.584
vn 0.707 -0.398 -0.584
vn 0.707 -0.105 -0.699
vn 0.707 -0.105 -0.699
vn 0.707 -0.354 -0.612
vn 0.707 0.208 -0.676
vn 0.707 0.208 -0.676
vn 0.707 0.000 -0.707
vn 0.707 0.481 -0.518
vn 0.707 0.354 -0.612
vn 0.707 0.481 -0.518
vn 0.707 0.658 -0.258
vn 0.707 0.612 -0.354
vn 0.707 0.658 -0.258
vn 0.707 0.705 0.053
vn 0.707 0.707 0.000
vn 0.707 0.705 0.053
vn 0.707 0.612 0.354
vn 0.707 0.612 0.354
vn 0.707 -0.612 -0.354
vn 0.707 -0.354 -0.612
vn 0.707 -0.053 -0.705
vn 0.707 -0.053 -0.705
vn 0.707 0.258 -0.658
vn 0.707 0.258 -0.658
vn 0.707 0.000 -0.707
vn 0.707 0.518 -0.481
vn 0.707 0.518 -0.481
vn 0.707 0.354 -0.612
vn 0.707 0.676 -0.208
vn 0.707 0.676 -0.208
vn 0.707 0.612 -0.354
vn 0.707 0.699 0.105
vn 0.707 0.707 0.000
vn 0.707 0.699 0.105
vn 0.707 0.584 0.398
vn 0.707 0.612 0.354
vn 0.707 0.584 0.398
vn 0.707 0.354 0.612
vn 0.707 0.354 0.612
vn 0.707 -0.354 -0.612
vn 0.707 0.354 -0.612
vn 0.707 0.584 -0.398
vn 0.707 0.584 -0.398
vn 0.707 0.699 -0.105
vn 0.707 0.699 -0.105
vn 0.707 0.612 -0.354
vn 0.707 0.676 0.208
vn 0.707 0.676 0.208
vn 0.707 0.707 0.000
vn 0.707 0.518 0.481
vn 0.707 0.612 0.354
vn 0.707 0.518 0.481
vn 0.707 0.258 0.658
vn 0.707 0.354 0.612
vn 0.707 0.258 0.658
vn 0.707 -0.053 0.705
vn 0.707 0.000 0.707
vn 0.707 -0.053 0.705
vn 0.707 -0.354 0.612
vn 0.707 -0.354 0.612
vn 0.707 0.354 -0.612
vn 0.707 0.612 -0.354
vn 0.707 0.705 -0.053
vn 0.707 0.705 -0.053
vn 0.707 0.658 0.258
vn 0.707 0.658 0.258
vn 0.707 0.707 0.000
vn 0.707 0.481 0.518
vn 0.707 0.481 0.518
vn 0.707 0.612 0.354
vn 0.707 0.208 0.676
vn 0.707 0.208 0.676
vn 0.707 0.354 0.612
vn 0.707 -0.105 0.699
vn 0.707 0.000 0.707
vn 0.707 -0.105 0.699
vn 0.707 -0.398 0.584
vn 0.707 -0.354 0.612
vn 0.707 -0.398 0.584
vn 0.707 -0.612 0.354
vn 0.707 -0.612 0.354
vn 0.707 0.612 -0.354
vn 0.707 0.707 0.000
vn 0.707 0.637 0.307
vn 0.707 0.637 0.307
vn 0.707 0.441 0.553
vn 0.707 0.441 0.553
vn 0.707 0.612 0.354
vn 0.707 0.157 0.689
vn 0.707 0.157 0.689
vn 0.707 0.354 0.612
vn 0.707 -0.157 0.689
vn 0.707 0.000 0.707
vn 0.707 -0.157 0.689
vn 0.707 -0.441 0.553
vn 0.707 -0.354 0.612
vn 0.707 -0.441 0.553
vn 0.707 -0.637 0.307
vn 0.707 -0.612 0.354
vn 0.707 -0.637 0.307
vn 0.707 -0.707 0.000
vn 0.707 -0.707 0.000
vn 0.707 0.707 0.000
vn 0.707 -0.707 0.000
vn 0.707 -0.707 0.000
vn 0.707 -0.702 0.082
vn 0.707 -0.702 0.082
vn 0.707 -0.688 0.163
vn 0.707 -0.688 0.163
vn 0.707 -0.664 0.242
vn 0.707 -0.664 0.242
vn 0.707 -0.632 0.317
vn 0.707 -0.632 0.317
vn 0.707 -0.591 0.389
vn 0.707 -0.591 0.389
vn 0.707 -0.542 0.455
vn 0.707 -0.542 0.455
vn 0.707 -0.485 0.514
vn 0.707 -0.485 0.514
vn 0.707 -0.422 0.567
vn 0.707 -0.422 0.567
vn 0.707 -0.354 0.612
vn 0.707 -0.354 0.612
vn 0.707 -0.280 0.649
vn 0.707 -0.280 0.649
vn 0.707 -0.203 0.677
vn 0.707 -0.203 0.677
vn 0.707 -0.123 0.696
vn 0.707 -0.123 0.696
vn 0.707 -0.041 0.706
vn 0.707 -0.041 0.706
vn 0.707 0.041 0.706
vn 0.707 0.041 0.706
vn 0.707 0.123 0.696
vn 0.707 0.123 0.696
vn 0.707 0.203 0.677
vn 0.707 0.203 0.677
vn 0.707 0.280 0.649
vn 0.707 0.280 0.649
vn 0.707 0.354 0.612
vn 0.707 0.354 0.612
vn 0.707 0.422 0.567
vn 0.707 0.422 0.567
vn 0.707 0.485 0.514
vn 0.707 0.485 0.514
vn 0.707 0.542 0.455
vn 0.707 0.542 0.455
vn 0.707 0.591 0.389
vn 0.707 0.591 0.389
vn 0.707 0.632 0.317
vn 0.707 0.632 0.317
vn 0.707 0.664 0.242
vn 0.707 0.664 0.242
vn 0.707 0.688 0.163
vn 0.707 0.688 0.163
vn 0.707 0.702 0.082
vn 0.707 0.702 0.082
vn 0.707 0.707 0.000
vn 0.707 0.707 0.000
vn 0.707 0.707 0.000
vn 0.707 0.707 0.000
vn 0.707 0.702 -0.082
vn 0.707 0.702 -0.082
vn 0.707 0.688 -0.163
vn 0.707 0.688 -0.163
vn 0.707 0.664 -0.242
vn 0.707 0.664 -0.242
vn 0.707 0.632 -0.317
vn 0.707 0.632 -0.317
vn 0.707 0.591 -0.389
vn 0.707 0.591 -0.389
vn 0.707 0.542 -0.455
vn 0.707 0.542 -0.455
vn 0.707 0.485 -0.514
vn 0.707 0.485 -0.514
vn 0.707 0.422 -0.567
vn 0.707 0.422 -0.567
vn 0.707 0.354 -0.612
vn 0.707 0.354 -0.612
vn 0.707 0.280 -0.649
vn 0.707 0.280 -0.649
vn 0.707 0.203 -0.677
vn 0.707 0.203 -0.677
vn 0.707 0.123 -0.696
vn 0.707 0.123 -0.696
vn 0.707 0.041 -0.706
vn 0.707 0.041 -0.706
vn 0.707 -0.041 -0.706
vn 0.707 -0.041 -0.706
vn 0.707 -0.123 -0.696
vn 0.707 -0.123 -0.696
vn 0.707 -0.203 -0.677
vn 0.707 -0.203 -0.677
vn 0.707 -0.280 -0.649
vn 0.707 -0.280 -0.649
vn 0.707 -0.354 -0.612
vn 0.707 -0.354 -0.612
vn 0.707 -0.422 -0.567
vn 0.707 -0.422 -0.567
vn 0.707 -0.485 -0.514
vn 0.707 -0.485 -0.514
vn 0.707 -0.542 -0.455
vn 0.707 -0.542 -0.455
vn 0.707 -0.591 -0.389
vn 0.707 -0.591 -0.389
vn 0.707 -0.632 -0.317
vn 0.707 -0.632 -0.317
vn 0.707 -0.664 -0.242
vn 0.707 -0.664 -0.242
vn 0.707 -0.688 -0.163
vn 0.707 -0.688 -0.163
vn 0.707 -0.702 -0.082
vn 0.707 -0.702 -0.082
vn 0.707 -0.707 0.000
vn 0.707 -0.707 0.000
vn 0.000 -1.000 0.000
vn 0.000 -1.000 0.000
vn 0.000 -0.993 0.116
vn 0.000 -0.993 0.116
vn 0.000 -0.973 0.231
vn 0.000 -0.973 0.231
vn 0.000 -0.940 0.342
vn 0.000 -0.940 0.342
vn 0.000 -0.894 0.449
vn 0.000 -0.894 0.449
vn 0.000 -0.835 0.550
vn 0.000 -0.835 0.550
vn 0.000 -0.766 0.643
vn 0.000 -0.766 0.643
vn 0.000 -0.686 0.727
vn 0.000 -0.686 0.727
vn 0.000 -0.597 0.802
vn 0.000 -0.597 0.802
vn 0.000 -0.500 0.866
vn 0.000 -0.500 0.866
vn 0.000 -0.396 0.918
vn 0.000 -0.396 0.918
vn 0.000 -0.287 0.958
vn 0.000 -0.287 0.958
vn 0.000 -0.174 0.985
vn 0.000 -0.174 0.985
vn 0.000 -0.058 0.998
vn 0.000 -0.058 0.998
vn 0.000 0.058 0.998
vn 0.000 0.058 0.998
vn 0.000 0.174 0.985
vn 0.000 0.174 0.985
vn 0.000 0.287 0.958
vn 0.000 0.287 0.958
vn 0.000 0.396 0.918
vn 0.000 0.396 0.918
vn 0.000 0.500 0.866
vn 0.000 0.500 0.866
vn 0.000 0.597 0.802
vn 0.000 0.597 0.802
vn 0.000 0.686 0.727
vn 0.000 0.686 0.727
vn 0.000 0.766 0.643
vn 0.000 0.766 0.643
vn 0.000 0.835 0.550
vn 0.000 0.835 0.550
vn 0.000 0.894 0.449
vn 0.000 0.894 0.449
vn 0.000 0.940 0.342
vn 0.000 0.940 0.342
vn 0.000 0.973 0.231
vn 0.000 0.973 0.231
vn 0.000 0.993 0.116
vn 0.000 0.993 0.116
vn 0.000 1.000 0.000
vn 0.000 1.000 0.000
vn 0.707 -0.707 0.000
vn 0.707 -0.637 -0.307
vn 0.707 -0.637 -0.307
vn 0.707 -0.441 -0.553
vn 0.707 -0.441 -0.553
vn 0.707 -0.612 -0.354
vn 0.707 -0.157 -0.689
vn 0.707 -0.157 -0.689
vn 0.707 -0.354 -0.612
vn 0.707 0.157 -0.689
vn 0.707 0.000 -0.707
vn 0.707 0.157 -0.689
vn 0.707 0.441 -0.553
vn 0.707 0.354 -0.612
vn 0.707 0.441 -0.553
vn 0.707 0.637 -0.307
vn 0.707 0.612 -0.354
vn 0.707 0.637 -0.307
vn 0.707 0.707 0.000
vn 0.707 0.707 0.000
vn 0.707 -0.707 0.000
vn 0.000 -1.000 0.000
vn 0.000 -0.866 0.500
vn 0.000 -0.901 0.434
vn 0.000 -0.866 0.500
vn 0.000 -0.500 0.866
vn 0.000 -0.623 0.782
vn 0.000 -0.500 0.866
vn 0.000 0.000 1.000
vn 0.000 -0.223 0.975
vn 0.000 0.000 1.000
vn 0.000 0.500 0.866
vn 0.000 0.500 0.866
vn 0.000 0.223 0.975
vn 0.000 0.866 0.500
vn 0.000 0.866 0.500
vn 0.000 0.623 0.782
vn 0.000 1.000 0.000
vn 0.000 1.000 0.000
vn 0.000 0.901 0.434
vn 0.000 -1.000 0.000
vn 0.000 1.000 0.000
vn 0.000 0.866 -0.500
vn 0.000 0.901 -0.434
vn 0.000 0.866 -0.500
vn 0.000 0.500 -0.866
vn 0.000 0.623 -0.782
vn 0.000 0.500 -0.866
vn 0.000 0.000 -1.000
vn 0.000 0.223 -0.975
vn 0.000 0.000 -1.000
vn 0.000 -0.500 -0.866
vn 0.000 -0.500 -0.866
vn 0.000 -0.223 -0.975
vn 0.000 -0.866 -0.500
vn 0.000 -0.866 -0.500
vn 0.000 -0.623 -0.782
vn 0.000 -1.000 0.000
vn 0.000 -1.000 0.000
vn 0.000 -0.901 -0.434
vn 0.000 1.000 0.000
vn 0.857 -0.515 0.000
vn 0.857 -0.446 0.258
vn 0.857 -0.515 0.000
vn 0.857 -0.446 0.258
vn 0.857 -0.258 0.446
vn 0.857 -0.258 0.446
vn 0.857 0.000 0.515
vn 0.857 0.000 0.515
vn 0.857 0.258 0.446
vn 0.857 0.258 0.446
vn 0.857 0.446 0.258
vn 0.857 0.446 0.258
vn 0.857 0.515 0.000
vn 0.857 0.515 0.000
vn 0.857 0.446 -0.258
vn 0.857 0.515 0.000
vn 0.857 0.446 -0.258
vn 0.857 0.258 -0.446
vn 0.857 0.258 -0.446
vn 0.857 0.000 -0.515
vn 0.857 0.000 -0.515
vn 0.857 -0.258 -0.446
vn 0.857 -0.258 -0.446
vn 0.857 -0.446 -0.258
vn 0.857 -0.446 -0.258
vn 0.857 -0.515 0.000
vn 0.707 -0.612 0.354
vn 0.707 -0.705 0.053
vn 0.707 -0.705 0.053
vn 0.707 -0.658 -0.258
vn 0.707 -0.658 -0.258
vn 0.707 -0.707 0.000
vn 0.707 -0.481 -0.518
vn 0.707 -0.481 -0.518
vn 0.707 -0.612 -0.354
vn 0.707 -0.208 -0.676
vn 0.707 -0.208 -0.676
vn 0.707 -0.354 -0.612
vn 0.707 0.105 -0.699
vn 0.707 0.000 -0.707
vn 0.707 0.105 -0.699
vn 0.707 0.398 -0.584
vn 0.707 0.354 -0.612
vn 0.707 0.398 -0.584
vn 0.707 0.612 -0.354
vn 0.707 0.612 -0.354
vn 0.707 -0.612 0.354
vn 0.000 -0.866 0.500
vn 0.000 -0.500 0.866
vn 0.000 -0.563 0.826
vn 0.000 -0.500 0.866
vn 0.000 0.000 1.000
vn 0.000 -0.149 0.989
vn 0.000 0.000 1.000
vn 0.000 0.500 0.866
vn 0.000 0.295 0.956
vn 0.000 0.500 0.866
vn 0.000 0.866 0.500
vn 0.000 0.866 0.500
vn 0.000 0.680 0.733
vn 0.000 1.000 0.000
vn 0.000 1.000 0.000
vn 0.000 0.931 0.365
vn 0.000 0.866 -0.500
vn 0.000 0.866 -0.500
vn 0.000 0.997 -0.075
vn 0.000 -0.866 0.500
vn 0.000 0.866 -0.500
vn 0.000 0.500 -0.866
vn 0.000 0.563 -0.826
vn 0.000 0.500 -0.866
vn 0.000 0.000 -1.000
vn 0.000 0.149 -0.989
vn 0.000 0.000 -1.000
vn 0.000 -0.500 -0.866
vn 0.000 -0.295 -0.956
vn 0.000 -0.500 -0.866
vn 0.000 -0.866 -0.500
vn 0.000 -0.866 -0.500
vn 0.000 -0.680 -0.733
vn 0.000 -1.000 0.000
vn 0.000 -1.000 0.000
vn 0.000 -0.931 -0.365
vn 0.000 -0.866 0.500
vn 0.000 -0.866 0.500
vn 0.000 -0.997 0.075
vn 0.000 0.866 -0.500
vn 0.857 -0.446 0.258
vn 0.857 -0.258 0.446
vn 0.857 -0.446 0.258
vn 0.857 -0.258 0.446
vn 0.857 0.000 0.515
vn 0.857 0.000 0.515
vn 0.857 0.258 0.446
vn 0.857 0.258 0.446
vn 0.857 0.446 0.258
vn 0.857 0.446 0.258
vn 0.857 0.515 0.000
vn 0.857 0.515 0.000
vn 0.857 0.446 -0.258
vn 0.857 0.446 -0.258
vn 0.857 0.258 -0.446
vn 0.857 0.446 -0.258
vn 0.857 0.258 -0.446
vn 0.857 0.000 -0.515
vn 0.857 0.000 -0.515
vn 0.857 -0.258 -0.446
vn 0.857 -0.258 -0.446
vn 0.857 -0.446 -0.258
vn 0.857 -0.446 -0.258
vn 0.857 -0.515 0.000
vn 0.857 -0.515 0.000
vn 0.857 -0.446 0.258
vn 0.707 -0.354 0.612
vn 0.707 -0.584 0.398
vn 0.707 -0.584 0.398
vn 0.707 -0.699 0.105
vn 0.707 -0.699 0.105
vn 0.707 -0.612 0.354
vn 0.707 -0.676 -0.208
vn 0.707 -0.676 -0.208
vn 0.707 -0.707 0.000
vn 0.707 -0.518 -0.481
vn 0.707 -0.612 -0.354
vn 0.707 -0.518 -0.481
vn 0.707 -0.258 -0.658
vn 0.707 -0.354 -0.612
vn 0.707 -0.258 -0.658
vn 0.707 0.053 -0.705
vn 0.707 0.000 -0.707
vn 0.707 0.053 -0.705
vn 0.707 0.354 -0.612
vn 0.707 0.354 -0.612
vn 0.707 -0.354 0.612
vn 0.000 -0.500 0.866
vn 0.000 0.000 1.000
vn 0.000 -0.075 0.997
vn 0.000 0.000 1.000
vn 0.000 0.500 0.866
vn 0.000 0.365 0.931
vn 0.000 0.500 0.866
vn 0.000 0.866 0.500
vn 0.000 0.733 0.680
vn 0.000 0.866 0.500
vn 0.000 1.000 0.000
vn 0.000 1.000 0.000
vn 0.000 0.956 0.295
vn 0.000 0.866 -0.500
vn 0.000 0.866 -0.500
vn 0.000 0.989 -0.149
vn 0.000 0.500 -0.866
vn 0.000 0.500 -0.866
vn 0.000 0.826 -0.563
vn 0.000 -0.500 0.866
vn 0.000 0.500 -0.866
vn 0.000 0.000 -1.000
vn 0.000 0.075 -0.997
vn 0.000 0.000 -1.000
vn 0.000 -0.500 -0.866
vn 0.000 -0.365 -0.931
vn 0.000 -0.500 -0.866
vn 0.000 -0.866 -0.500
vn 0.000 -0.733 -0.680
vn 0.000 -0.866 -0.500
vn 0.000 -1.000 0.000
vn 0.000 -1.000 0.000
vn 0.000 -0.956 -0.295
vn 0.000 -0.866 0.500
vn 0.000 -0.866 0.500
vn 0.000 -0.989 0.149
vn 0.000 -0.500 0.866
vn 0.000 -0.500 0.866
vn 0.000 -0.826 0.563
vn 0.000 0.500 -0.866
vn 0.857 -0.258 0.446
vn 0.857 0.000 0.515
vn 0.857 -0.258 0.446
vn 0.857 0.000 0.515
vn 0.857 0.258 0.446
vn 0.857 0.258 0.446
vn 0.857 0.446 0.258
vn 0.857 0.446 0.258
vn 0.857 0.515 0.000
vn 0.857 0.515 0.000
vn 0.857 0.446 -0.258
vn 0.857 0.446 -0.258
vn 0.857 0.258 -0.446
vn 0.857 0.258 -0.446
vn 0.857 0.000 -0.515
vn 0.857 0.258 -0.446
vn 0.857 0.000 -0.515
vn 0.857 -0.258 -0.446
vn 0.857 -0.258 -0.446
vn 0.857 -0.446 -0.258
vn 0.857 -0.446 -0.258
vn 0.857 -0.515 0.000
vn 0.857 -0.515 0.000
vn 0.857 -0.446 0.258
vn 0.857 -0.446 0.258
vn 0.857 -0.258 0.446
vn 0.707 0.354 0.612
vn 0.707 0.053 0.705
vn 0.707 0.053 0.705
vn 0.707 -0.258 0.658
vn 0.707 -0.258 0.658
vn 0.707 0.000 0.707
vn 0.707 -0.518 0.481
vn 0.707 -0.518 0.481
vn 0.707 -0.354 0.612
vn 0.707 -0.676 0.208
vn 0.707 -0.676 0.208
vn 0.707 -0.612 0.354
vn 0.707 -0.699 -0.105
vn 0.707 -0.707 0.000
vn 0.707 -0.699 -0.105
vn 0.707 -0.584 -0.398
vn 0.707 -0.612 -0.354
vn 0.707 -0.584 -0.398
vn 0.707 -0.354 -0.612
vn 0.707 -0.354 -0.612
vn 0.707 0.354 0.612
vn 0.000 0.500 0.866
vn 0.000 0.826 0.563
vn 0.000 0.826 0.563
vn 0.000 0.866 0.500
vn 0.000 0.866 0.500
vn 0.000 0.989 0.149
vn 0.000 0.989 0.149
vn 0.000 1.000 0.000
vn 0.000 1.000 0.000
vn 0.000 0.956 -0.295
vn 0.000 0.956 -0.295
vn 0.000 0.866 -0.500
vn 0.000 0.866 -0.500
vn 0.000 0.733 -0.680
vn 0.000 0.733 -0.680
vn 0.000 0.500 -0.866
vn 0.000 0.500 -0.866
vn 0.000 0.365 -0.931
vn 0.000 0.365 -0.931
vn 0.000 0.000 -1.000
vn 0.000 0.000 -1.000
vn 0.000 -0.075 -0.997
vn 0.000 -0.075 -0.997
vn 0.000 -0.500 -0.866
vn 0.000 -0.500 -0.866
vn 0.000 0.500 0.866
vn 0.000 -0.500 -0.866
vn 0.000 -0.866 -0.500
vn 0.000 -0.826 -0.563
vn 0.000 -0.866 -0.500
vn 0.000 -1.000 0.000
vn 0.000 -0.989 -0.149
vn 0.000 -1.000 0.000
vn 0.000 -0.866 0.500
vn 0.000 -0.956 0.295
vn 0.000 -0.866 0.500
vn 0.000 -0.500 0.866
vn 0.000 -0.500 0.866
vn 0.000 -0.733 0.680
vn 0.000 0.000 1.000
vn 0.000 0.000 1.000
vn 0.000 -0.365 0.931
vn 0.000 0.500 0.866
vn 0.000 0.500 0.866
vn 0.000 0.075 0.997
vn 0.000 -0.500 -0.866
vn 0.857 0.000 -0.515
vn 0.857 -0.038 -0.514
vn 0.857 0.000 -0.515
vn 0.857 0.258 -0.446
vn 0.857 0.188 -0.479
vn 0.857 0.258 -0.446
vn 0.857 0.446 -0.258
vn 0.857 0.378 -0.350
vn 0.857 0.446 -0.258
vn 0.857 0.515 0.000
vn 0.857 0.492 -0.152
vn 0.857 0.515 0.000
vn 0.857 0.446 0.258
vn 0.857 0.509 0.077
vn 0.857 0.446 0.258
vn 0.857 0.258 0.446
vn 0.857 0.426 0.290
vn 0.857 0.258 0.446
vn 0.857 0.426 0.290
vn 0.857 0.509 0.077
vn 0.857 0.492 -0.152
vn 0.857 0.378 -0.350
vn 0.857 0.188 -0.479
vn 0.857 -0.038 -0.514
vn 0.857 -0.258 -0.446
vn 0.857 -0.258 -0.446
vn 0.857 -0.446 -0.258
vn 0.857 -0.258 -0.446
vn 0.857 -0.446 -0.258
vn 0.857 -0.515 0.000
vn 0.857 -0.515 0.000
vn 0.857 -0.446 0.258
vn 0.857 -0.446 0.258
vn 0.857 -0.258 0.446
vn 0.857 -0.258 0.446
vn 0.857 0.000 0.515
vn 0.857 0.000 0.515
vn 0.857 0.258 0.446
vn 0.707 0.612 0.354
vn 0.707 0.398 0.584
vn 0.707 0.398 0.584
vn 0.707 0.105 0.699
vn 0.707 0.105 0.699
vn 0.707 0.354 0.612
vn 0.707 -0.208 0.676
vn 0.707 -0.208 0.676
vn 0.707 0.000 0.707
vn 0.707 -0.481 0.518
vn 0.707 -0.354 0.612
vn 0.707 -0.481 0.518
vn 0.707 -0.658 0.258
vn 0.707 -0.612 0.354
vn 0.707 -0.658 0.258
vn 0.707 -0.705 -0.053
vn 0.707 -0.707 0.000
vn 0.707 -0.705 -0.053
vn 0.707 -0.612 -0.354
vn 0.707 -0.612 -0.354
vn 0.707 0.612 0.354
vn 0.000 0.866 0.500
vn 0.000 1.000 0.000
vn 0.000 0.997 0.075
vn 0.000 1.000 0.000
vn 0.000 0.866 -0.500
vn 0.000 0.931 -0.365
vn 0.000 0.866 -0.500
vn 0.000 0.500 -0.866
vn 0.000 0.680 -0.733
vn 0.000 0.500 -0.866
vn 0.000 0.000 -1.000
vn 0.000 0.000 -1.000
vn 0.000 0.295 -0.956
vn 0.000 -0.500 -0.866
vn 0.000 -0.500 -0.866
vn 0.000 -0.149 -0.989
vn 0.000 -0.866 -0.500
vn 0.000 -0.866 -0.500
vn 0.000 -0.563 -0.826
vn 0.000 0.866 0.500
vn 0.000 -1.000 0.000
vn 0.000 -0.997 -0.075
vn 0.000 -0.997 -0.075
vn 0.000 -0.866 -0.500
vn 0.000 -0.866 -0.500
vn 0.000 -0.866 0.500
vn 0.000 -0.931 0.365
vn 0.000 -0.931 0.365
vn 0.000 -1.000 0.000
vn 0.000 -0.500 0.866
vn 0.000 -0.680 0.733
vn 0.000 -0.680 0.733
vn 0.000 -0.866 0.500
vn 0.000 0.000 1.000
vn 0.000 -0.295 0.956
vn 0.000 -0.295 0.956
vn 0.000 -0.500 0.866
vn 0.000 0.500 0.866
vn 0.000 0.149 0.989
vn 0.000 0.149 0.989
vn 0.000 0.000 1.000
vn 0.000 0.866 0.500
vn 0.000 0.563 0.826
vn 0.000 0.563 0.826
vn 0.000 0.500 0.866
vn 0.000 0.866 0.500
vn 0.857 0.446 0.258
vn 0.857 0.515 0.000
vn 0.857 0.446 0.258
vn 0.857 0.515 0.000
vn 0.857 0.446 -0.258
vn 0.857 0.446 -0.258
vn 0.857 0.258 -0.446
vn 0.857 0.258 -0.446
vn 0.857 0.000 -0.515
vn 0.857 0.000 -0.515
vn 0.857 -0.258 -0.446
vn 0.857 -0.258 -0.446
vn 0.857 -0.446 -0.258
vn 0.857 0.258 0.446
vn 0.857 0.290 0.426
vn 0.857 0.258 0.446
vn 0.857 0.000 0.515
vn 0.857 0.077 0.509
vn 0.857 0.000 0.515
vn 0.857 -0.258 0.446
vn 0.857 -0.152 0.492
vn 0.857 -0.258 0.446
vn 0.857 -0.446 0.258
vn 0.857 -0.350 0.378
vn 0.857 -0.446 0.258
vn 0.857 -0.515 0.000
vn 0.857 -0.479 0.188
vn 0.857 -0.515 0.000
vn 0.857 -0.446 -0.258
vn 0.857 -0.514 -0.038
vn 0.857 -0.446 -0.258
vn 0.857 -0.514 -0.038
vn 0.857 -0.479 0.188
vn 0.857 -0.350 0.378
vn 0.857 -0.152 0.492
vn 0.857 0.077 0.509
vn 0.857 0.290 0.426
vn 0.857 0.446 0.258
vn 0.707 0.707 0.000
vn 0.707 0.637 0.307
vn 0.707 0.637 0.307
vn 0.707 0.441 0.553
vn 0.707 0.441 0.553
vn 0.707 0.612 0.354
vn 0.707 0.157 0.689
vn 0.707 0.157 0.689
vn 0.707 0.354 0.612
vn 0.707 -0.157 0.689
vn 0.707 0.000 0.707
vn 0.707 -0.157 0.689
vn 0.707 -0.441 0.553
vn 0.707 -0.354 0.612
vn 0.707 -0.441 0.553
vn 0.707 -0.637 0.307
vn 0.707 -0.612 0.354
vn 0.707 -0.637 0.307
vn 0.707 -0.707 0.000
vn 0.707 -0.707 0.000
vn 0.707 0.707 0.000
vn 0.000 1.000 0.000
vn 0.000 0.866 -0.500
vn 0.000 0.901 -0.434
vn 0.000 0.866 -0.500
vn 0.000 0.500 -0.866
vn 0.000 0.623 -0.782
vn 0.000 0.500 -0.866
vn 0.000 0.000 -1.000
vn 0.000 0.223 -0.975
vn 0.000 0.000 -1.000
vn 0.000 -0.500 -0.866
vn 0.000 -0.500 -0.866
vn 0.000 -0.223 -0.975
vn 0.000 -0.866 -0.500
vn 0.000 -0.866 -0.500
vn 0.000 -0.623 -0.782
vn 0.000 -1.000 0.000
vn 0.000 -1.000 0.000
vn 0.000 -0.901 -0.434
vn 0.000 1.000 0.000
vn 0.000 -1.000 0.000
vn 0.000 -0.866 0.500
vn 0.000 -0.901 0.434
vn 0.000 -0.866 0.500
vn 0.000 -0.500 0.866
vn 0.000 -0.623 0.782
vn 0.000 -0.500 0.866
vn 0.000 0.000 1.000
vn 0.000 -0.223 0.975
vn 0.000 0.000 1.000
vn 0.000 0.500 0.866
vn 0.000 0.500 0.866
vn 0.000 0.223 0.975
vn 0.000 0.866 0.500
vn 0.000 0.866 0.500
vn 0.000 0.623 0.782
vn 0.000 1.000 0.000
vn 0.000 1.000 0.000
vn 0.000 0.901 0.434
vn 0.000 -1.000 0.000
vn 0.857 0.515 0.000
vn 0.857 0.446 -0.258
vn 0.857 0.515 0.000
vn 0.857 0.446 -0.258
vn 0.857 0.258 -0.446
vn 0.857 0.258 -0.446
vn 0.857 0.000 -0.515
vn 0.857 0.000 -0.515
vn 0.857 -0.258 -0.446
vn 0.857 -0.258 -0.446
vn 0.857 -0.446 -0.258
vn 0.857 -0.446 -0.258
vn 0.857 -0.515 0.000
vn 0.857 -0.515 0.000
vn 0.857 -0.446 0.258
vn 0.857 -0.515 0.000
vn 0.857 -0.446 0.258
vn 0.857 -0.258 0.446
vn 0.857 -0.258 0.446
vn 0.857 0.000 0.515
vn 0.857 0.000 0.515
vn 0.857 0.258 0.446
vn 0.857 0.258 0.446
vn 0.857 0.446 0.258
vn 0.857 0.446 0.258
vn 0.857 0.515 0.000
vn 0.707 0.612 -0.354
vn 0.707 0.705 -0.053
vn 0.707 0.705 -0.053
vn 0.707 0.658 0.258
vn 0.707 0.658 0.258
vn 0.707 0.481 0.518
vn 0.707 0.481 0.518
vn 0.707 0.208 0.676
vn 0.707 0.208 0.676
vn 0.707 -0.105 0.699
vn 0.707 -0.105 0.699
vn 0.707 -0.398 0.584
vn 0.707 -0.398 0.584
vn 0.707 -0.612 0.354
vn 0.707 -0.612 0.354
vn 0.707 0.612 -0.354
vn 0.000 0.866 -0.500
vn 0.000 0.500 -0.866
vn 0.000 0.563 -0.826
vn 0.000 0.500 -0.866
vn 0.000 0.000 -1.000
vn 0.000 0.149 -0.989
vn 0.000 0.000 -1.000
vn 0.000 -0.500 -0.866
vn 0.000 -0.295 -0.956
vn 0.000 -0.500 -0.866
vn 0.000 -0.866 -0.500
vn 0.000 -0.866 -0.500
vn 0.000 -0.680 -0.733
vn 0.000 -1.000 0.000
vn 0.000 -1.000 0.000
vn 0.000 -0.931 -0.365
vn 0.000 -0.866 0.500
vn 0.000 -0.866 0.500
vn 0.000 -0.997 0.075
vn 0.000 0.866 -0.500
vn 0.000 -0.563 0.826
vn 0.000 -0.866 0.500
vn 0.000 -0.866 0.500
vn 0.000 -0.149 0.989
vn 0.000 -0.563 0.826
vn 0.000 0.295 0.956
vn 0.000 -0.149 0.989
vn 0.000 0.680 0.733
vn 0.000 0.295 0.956
vn 0.000 0.931 0.365
vn 0.000 0.680 0.733
vn 0.000 0.997 -0.075
vn 0.000 0.931 0.365
vn 0.000 0.866 -0.500
vn 0.000 0.997 -0.075
vn 0.000 0.866 -0.500
vn 0.857 0.446 -0.258
vn 0.857 0.258 -0.446
vn 0.857 0.446 -0.258
vn 0.857 0.258 -0.446
vn 0.857 0.000 -0.515
vn 0.857 0.000 -0.515
vn 0.857 -0.258 -0.446
vn 0.857 -0.258 -0.446
vn 0.857 -0.446 -0.258
vn 0.857 -0.446 -0.258
vn 0.857 -0.515 0.000
vn 0.857 -0.515 0.000
vn 0.857 -0.446 0.258
vn 0.857 -0.446 0.258
vn 0.857 -0.290 0.426
vn 0.857 -0.446 0.258
vn 0.857 -0.290 0.426
vn 0.857 -0.077 0.509
vn 0.857 -0.077 0.509
vn 0.857 0.152 0.492
vn 0.857 0.152 0.492
vn 0.857 0.350 0.378
vn 0.857 0.350 0.378
vn 0.857 0.479 0.188
vn 0.857 0.479 0.188
vn 0.857 0.514 -0.038
vn 0.857 0.514 -0.038
vn 0.857 0.446 -0.258
vn 0.707 0.354 -0.612
vn 0.707 0.584 -0.398
vn 0.707 0.584 -0.398
vn 0.707 0.699 -0.105
vn 0.707 0.699 -0.105
vn 0.707 0.676 0.208
vn 0.707 0.676 0.208
vn 0.707 0.518 0.481
vn 0.707 0.518 0.481
vn 0.707 0.258 0.658
vn 0.707 0.258 0.658
vn 0.707 -0.053 0.705
vn 0.707 -0.053 0.705
vn 0.707 -0.354 0.612
vn 0.707 -0.354 0.612
vn 0.707 0.354 -0.612
vn 0.707 0.000 -0.707
vn 0.707 0.307 -0.637
vn 0.707 0.307 -0.637
vn 0.707 0.553 -0.441
vn 0.707 0.553 -0.441
vn 0.707 0.354 -0.612
vn 0.707 0.689 -0.157
vn 0.707 0.689 -0.157
vn 0.707 0.612 -0.354
vn 0.707 0.689 0.157
vn 0.707 0.689 0.157
vn 0.707 0.707 0.000
vn 0.707 0.553 0.441
vn 0.707 0.612 0.354
vn 0.707 0.553 0.441
vn 0.707 0.307 0.637
vn 0.707 0.354 0.612
vn 0.707 0.307 0.637
vn 0.707 0.000 0.707
vn 0.707 0.000 0.707
vn 0.707 0.000 -0.707
vn 0.000 0.000 -1.000
vn 0.000 -0.500 -0.866
vn 0.000 -0.434 -0.901
vn 0.000 -0.500 -0.866
vn 0.000 -0.866 -0.500
vn 0.000 -0.782 -0.623
vn 0.000 -0.866 -0.500
vn 0.000 -1.000 0.000
vn 0.000 -0.975 -0.223
vn 0.000 -1.000 0.000
vn 0.000 -0.866 0.500
vn 0.000 -0.866 0.500
vn 0.000 -0.975 0.223
vn 0.000 -0.500 0.866
vn 0.000 -0.500 0.866
vn 0.000 -0.782 0.623
vn 0.000 0.000 1.000
vn 0.000 0.000 1.000
vn 0.000 -0.434 0.901
vn 0.000 0.000 -1.000
vn 0.000 0.000 1.000
vn 0.000 0.500 0.866
vn 0.000 0.434 0.901
vn 0.000 0.500 0.866
vn 0.000 0.866 0.500
vn 0.000 0.782 0.623
vn 0.000 0.866 0.500
vn 0.000 1.000 0.000
vn 0.000 0.975 0.223
vn 0.000 1.000 0.000
vn 0.000 0.866 -0.500
vn 0.000 0.866 -0.500
vn 0.000 0.975 -0.223
vn 0.000 0.500 -0.866
vn 0.000 0.500 -0.866
vn 0.000 0.782 -0.623
vn 0.000 0.000 -1.000
vn 0.000 0.000 -1.000
vn 0.000 0.434 -0.901
vn 0.000 0.000 1.000
vn 0.857 0.000 -0.515
vn 0.857 -0.258 -0.446
vn 0.857 0.000 -0.515
vn 0.857 -0.258 -0.446
vn 0.857 -0.446 -0.258
vn 0.857 -0.446 -0.258
vn 0.857 -0.515 0.000
vn 0.857 -0.515 0.000
vn 0.857 -0.446 0.258
vn 0.857 -0.446 0.258
vn 0.857 -0.258 0.446
vn 0.857 -0.258 0.446
vn 0.857 0.000 0.515
vn 0.857 0.000 0.515
vn 0.857 0.258 0.446
vn 0.857 0.000 0.515
vn 0.857 0.258 0.446
vn 0.857 0.446 0.258
vn 0.857 0.446 0.258
vn 0.857 0.515 0.000
vn 0.857 0.515 0.000
vn 0.857 0.446 -0.258
vn 0.857 0.446 -0.258
vn 0.857 0.258 -0.446
vn 0.857 0.258 -0.446
vn 0.857 0.000 -0.515
vn 0.707 -0.354 -0.612
vn 0.707 -0.053 -0.705
vn 0.707 -0.053 -0.705
vn 0.707 0.258 -0.658
vn 0.707 0.258 -0.658
vn 0.707 0.000 -0.707
vn 0.707 0.518 -0.481
vn 0.707 0.518 -0.481
vn 0.707 0.354 -0.612
vn 0.707 0.676 -0.208
vn 0.707 0.676 -0.208
vn 0.707 0.612 -0.354
vn 0.707 0.699 0.105
vn 0.707 0.707 0.000
vn 0.707 0.699 0.105
vn 0.707 0.584 0.398
vn 0.707 0.612 0.354
vn 0.707 0.584 0.398
vn 0.707 0.354 0.612
vn 0.707 0.354 0.612
vn 0.707 -0.354 -0.612
vn 0.000 -0.826 -0.563
vn 0.000 -0.500 -0.866
vn 0.000 -0.500 -0.866
vn 0.000 -0.989 -0.149
vn 0.000 -0.826 -0.563
vn 0.000 -0.956 0.295
vn 0.000 -0.989 -0.149
vn 0.000 -0.733 0.680
vn 0.000 -0.956 0.295
vn 0.000 -0.365 0.931
vn 0.000 -0.733 0.680
vn 0.000 0.075 0.997
vn 0.000 -0.365 0.931
vn 0.000 0.500 0.866
vn 0.000 0.075 0.997
vn 0.000 0.500 0.866
vn 0.000 0.500 0.866
vn 0.000 0.866 0.500
vn 0.000 0.826 0.563
vn 0.000 0.866 0.500
vn 0.000 1.000 0.000
vn 0.000 0.989 0.149
vn 0.000 1.000 0.000
vn 0.000 0.866 -0.500
vn 0.000 0.956 -0.295
vn 0.000 0.866 -0.500
vn 0.000 0.500 -0.866
vn 0.000 0.500 -0.866
vn 0.000 0.733 -0.680
vn 0.000 0.000 -1.000
vn 0.000 0.000 -1.000
vn 0.000 0.365 -0.931
vn 0.000 -0.500 -0.866
vn 0.000 -0.500 -0.866
vn 0.000 -0.075 -0.997
vn 0.000 0.500 0.866
vn 0.857 -0.258 -0.446
vn 0.857 -0.426 -0.290
vn 0.857 -0.258 -0.446
vn 0.857 -0.426 -0.290
vn 0.857 -0.509 -0.077
vn 0.857 -0.509 -0.077
vn 0.857 -0.492 0.152
vn 0.857 -0.492 0.152
vn 0.857 -0.378 0.350
vn 0.857 -0.378 0.350
vn 0.857 -0.188 0.479
vn 0.857 -0.188 0.479
vn 0.857 0.038 0.514
vn 0.857 0.038 0.514
vn 0.857 0.258 0.446
vn 0.857 0.258 0.446
vn 0.857 0.446 0.258
vn 0.857 0.258 0.446
vn 0.857 0.446 0.258
vn 0.857 0.515 0.000
vn 0.857 0.515 0.000
vn 0.857 0.446 -0.258
vn 0.857 0.446 -0.258
vn 0.857 0.258 -0.446
vn 0.857 0.258 -0.446
vn 0.857 0.000 -0.515
vn 0.857 0.000 -0.515
vn 0.857 -0.258 -0.446
vn 0.707 -0.612 -0.354
vn 0.707 -0.398 -0.584
vn 0.707 -0.398 -0.584
vn 0.707 -0.105 -0.699
vn 0.707 -0.105 -0.699
vn 0.707 -0.354 -0.612
vn 0.707 0.208 -0.676
vn 0.707 0.208 -0.676
vn 0.707 0.000 -0.707
vn 0.707 0.481 -0.518
vn 0.707 0.354 -0.612
vn 0.707 0.481 -0.518
vn 0.707 0.658 -0.258
vn 0.707 0.612 -0.354
vn 0.707 0.658 -0.258
vn 0.707 0.705 0.053
vn 0.707 0.707 0.000
vn 0.707 0.705 0.053
vn 0.707 0.612 0.354
vn 0.707 0.612 0.354
vn 0.707 -0.612 -0.354
vn 0.000 -0.997 -0.075
vn 0.000 -0.866 -0.500
vn 0.000 -0.866 -0.500
vn 0.000 -0.931 0.365
vn 0.000 -0.997 -0.075
vn 0.000 -0.680 0.733
vn 0.000 -0.931 0.365
vn 0.000 -0.295 0.956
vn 0.000 -0.680 0.733
vn 0.000 0.149 0.989
vn 0.000 -0.295 0.956
vn 0.000 0.563 0.826
vn 0.000 0.149 0.989
vn 0.000 0.866 0.500
vn 0.000 0.563 0.826
vn 0.000 0.866 0.500
vn 0.000 0.866 0.500
vn 0.000 1.000 0.000
vn 0.000 0.997 0.075
vn 0.000 1.000 0.000
vn 0.000 0.866 -0.500
vn 0.000 0.931 -0.365
vn 0.000 0.866 -0.500
vn 0.000 0.500 -0.866
vn 0.000 0.680 -0.733
vn 0.000 0.500 -0.866
vn 0.000 0.000 -1.000
vn 0.000 0.000 -1.000
vn 0.000 0.295 -0.956
vn 0.000 -0.500 -0.866
vn 0.000 -0.500 -0.866
vn 0.000 -0.149 -0.989
vn 0.000 -0.866 -0.500
vn 0.000 -0.866 -0.500
vn 0.000 -0.563 -0.826
vn 0.000 0.866 0.500
vn 0.857 -0.446 -0.258
vn 0.857 -0.514 -0.038
vn 0.857 -0.446 -0.258
vn 0.857 -0.514 -0.038
vn 0.857 -0.479 0.188
vn 0.857 -0.479 0.188
vn 0.857 -0.350 0.378
vn 0.857 -0.350 0.378
vn 0.857 -0.152 0.492
vn 0.857 -0.152 0.492
vn 0.857 0.077 0.509
vn 0.857 0.077 0.509
vn 0.857 0.290 0.426
vn 0.857 0.290 0.426
vn 0.857 0.446 0.258
vn 0.857 0.446 0.258
vn 0.857 0.515 0.000
vn 0.857 0.446 0.258
vn 0.857 0.515 0.000
vn 0.857 0.446 -0.258
vn 0.857 0.446 -0.258
vn 0.857 0.258 -0.446
vn 0.857 0.258 -0.446
vn 0.857 0.000 -0.515
vn 0.857 0.000 -0.515
vn 0.857 -0.258 -0.446
vn 0.857 -0.258 -0.446
vn 0.857 -0.446 -0.258
vn 0.000 0.500 -0.866
vn 0.000 0.500 -0.866
vn 0.000 0.186 -0.983
vn 0.000 0.075 -0.997
vn 0.000 0.000 -1.000
vn 0.000 0.000 -1.000
vn 0.000 -0.302 -0.953
vn 0.000 -0.500 -0.866
vn 0.000 -0.500 -0.866
vn 0.000 -0.365 -0.931
vn 0.000 -1.000 0.000
vn 0.000 -1.000 0.000
vn 0.000 -0.956 -0.295
vn 0.000 -0.866 -0.500
vn 0.000 -0.866 0.500
vn 0.000 -0.866 0.500
vn 0.000 -0.989 0.149
vn 0.000 -0.500 0.866
vn 0.000 -0.500 0.866
vn 0.000 -0.826 0.563
vn 0.000 -0.866 -0.500
vn 0.000 -0.733 -0.680
vn 0.000 -0.836 -0.548
vn 0.000 -0.718 -0.696
vn 0.000 -0.836 -0.548
vn 0.000 0.962 0.273
vn 0.000 0.956 0.295
vn 0.000 0.733 0.680
vn 0.000 0.977 -0.215
vn 0.000 0.989 -0.149
vn 0.000 0.826 -0.563
vn 0.000 0.500 -0.866
vn 0.000 0.758 -0.652
vn 0.000 0.826 -0.563
vn 0.000 -0.075 0.997
vn 0.000 -0.500 0.866
vn 0.000 -0.500 0.866
vn 0.000 0.365 0.931
vn 0.000 -0.075 0.997
vn 0.000 0.718 0.696
vn 0.000 0.600 0.800
vn 0.000 0.365 0.931
vn 0.000 0.600 0.800
vn 0.000 0.500 -0.866
vn 0.857 -0.258 -0.446
vn 0.857 -0.370 -0.359
vn 0.857 -0.258 -0.446
vn 0.857 0.000 -0.515
vn 0.857 -0.155 -0.491
vn 0.857 0.000 -0.515
vn 0.857 -0.367 0.361
vn 0.857 -0.258 0.446
vn 0.857 -0.367 0.361
vn 0.857 -0.508 -0.087
vn 0.857 -0.512 0.052
vn 0.857 -0.508 -0.087
vn 0.857 -0.411 -0.310
vn 0.857 -0.454 -0.244
vn 0.857 -0.411 -0.310
vn 0.857 -0.370 -0.359
vn 0.857 -0.414 -0.306
vn 0.857 -0.431 -0.282
vn 0.857 -0.454 -0.244
vn 0.857 -0.512 0.052
vn 0.857 -0.395 0.331
vn 0.857 -0.395 0.331
vn 0.857 0.258 -0.446
vn 0.857 0.096 -0.506
vn 0.857 0.258 -0.446
vn 0.857 0.096 -0.506
vn 0.857 -0.155 -0.491
vn 0.857 0.426 -0.290
vn 0.857 0.390 -0.336
vn 0.857 0.426 -0.290
vn 0.857 0.197 0.476
vn 0.857 0.334 0.392
vn 0.857 0.197 0.476
vn 0.857 0.370 0.359
vn 0.857 0.340 0.386
vn 0.857 0.334 0.392
vn 0.857 0.330 0.395
vn 0.857 0.309 0.412
vn 0.857 -0.258 0.446
vn 0.857 -0.258 0.446
vn 0.857 -0.014 0.515
vn 0.857 -0.014 0.515
vn 0.857 0.180 0.482
vn 0.857 0.180 0.482
vn 0.857 0.258 -0.446
vn 0.857 0.390 -0.336
vn 0.857 0.370 0.359
vn 0.857 0.495 0.141
vn 0.857 0.495 0.141
vn 0.857 0.503 -0.111
vn 0.857 0.503 -0.111
vn -1.000 0.000 0.000
vn -1.000 0.000 0.000
vn -1.000 0.000 0.000
vn -1.000 0.000 0.000
vn -1.000 0.000 0.000
vn -1.000 0.000 0.000
vn -1.000 0.000 0.000
vn -1.000 0.000 0.000
vn -1.000 0.000 0.000
vn -1.000 0.000 0.000
vn -1.000 0.000 0.000
vn -1.000 0.000 0.000
vn -1.000 0.000 0.000
vn -1.000 0.000 0.000
vn -1.000 0.000 0.000
vn -1.000 0.000 0.000
vn -1.000 0.000 0.000
vn -1.000 0.000 0.000
vn -1.000 0.000 0.000
vn -1.000 0.000 0.000
vn -1.000 0.000 0.000
vn -1.000 0.000 0.000
vn -1.000 0.000 0.000
vn -1.000 0.000 0.000
vn -1.000 0.000 0.000
vn 0.000 0.952 -0.306
vn 0.000 0.952 -0.306
vn 0.000 0.952 -0.306
vn 0.000 0.952 -0.306
vn 0.000 0.952 -0.306
vn 0.000 0.927 0.375
vn 0.000 0.846 0.533
vn 0.000 0.846 0.533
vn 0.000 0.955 0.298
vn 0.000 0.984 0.177
vn 0.000 0.907 0.421
vn 0.000 1.000 0.000
vn 0.000 0.984 0.178
vn 0.000 0.999 0.039
vn 0.000 1.000 0.000
vn 0.000 1.000 0.000
vn 0.000 0.993 -0.116
vn 0.000 0.998 -0.064
vn 0.000 0.993 -0.116
vn 0.000 0.973 -0.231
vn 0.000 0.973 -0.231
vn 0.000 0.985 -0.172
vn 0.000 0.940 -0.342
vn 0.000 0.940 -0.342
vn 0.000 0.961 -0.278
vn 0.000 0.894 -0.449
vn 0.000 0.894 -0.449
vn 0.000 0.925 -0.381
vn 0.000 0.835 -0.550
vn 0.000 0.835 -0.550
vn 0.000 0.878 -0.479
vn 0.000 0.766 -0.643
vn 0.000 0.766 -0.643
vn 0.000 0.821 -0.571
vn 0.000 0.686 -0.727
vn 0.000 0.686 -0.727
vn 0.000 0.754 -0.657
vn 0.000 0.287 -0.958
vn 0.000 0.174 -0.985
vn 0.000 0.199 -0.980
vn 0.000 0.174 -0.985
vn 0.000 0.058 -0.998
vn 0.000 0.083 -0.997
vn 0.000 0.058 -0.998
vn 0.000 -0.058 -0.998
vn 0.000 -0.034 -0.999
vn 0.000 -0.058 -0.998
vn 0.000 -0.174 -0.985
vn 0.000 -0.150 -0.989
vn 0.000 -0.174 -0.985
vn 0.000 -0.287 -0.958
vn 0.000 -0.265 -0.964
vn 0.000 -0.287 -0.958
vn 0.000 -0.396 -0.918
vn 0.000 -0.376 -0.927
vn 0.000 -0.396 -0.918
vn 0.000 -0.500 -0.866
vn 0.000 -0.481 -0.877
vn 0.000 -0.500 -0.866
vn 0.000 -0.597 -0.802
vn 0.000 -0.580 -0.815
vn 0.000 -0.597 -0.802
vn 0.000 -0.686 -0.727
vn 0.000 -0.671 -0.741
vn 0.000 -0.686 -0.727
vn 0.000 -0.766 -0.643
vn 0.000 -0.753 -0.658
vn 0.000 -0.766 -0.643
vn 0.000 -0.835 -0.550
vn 0.000 -0.825 -0.565
vn 0.000 -0.835 -0.550
vn 0.000 -0.894 -0.449
vn 0.000 -0.885 -0.465
vn 0.000 -0.894 -0.449
vn 0.000 -0.940 -0.342
vn 0.000 -0.933 -0.359
vn 0.000 -0.940 -0.342
vn 0.000 -0.973 -0.231
vn 0.000 -0.969 -0.247
vn 0.000 -0.973 -0.231
vn 0.000 -0.993 -0.116
vn 0.000 -0.991 -0.133
vn 0.000 -0.993 -0.116
vn 0.000 -1.000 0.000
vn 0.000 -1.000 -0.016
vn 0.000 -1.000 0.000
vn 0.000 0.396 -0.918
vn 0.000 0.363 -0.932
vn 0.000 0.312 -0.950
vn 0.000 0.363 -0.932
vn 0.000 0.287 -0.958
vn 0.000 0.500 -0.866
vn 0.000 0.500 -0.866
vn 0.000 0.597 -0.802
vn 0.000 0.597 -0.802
vn 0.000 0.683 -0.730
vn 0.000 0.683 -0.730
vn 0.000 0.396 -0.918
vn 0.000 1.000 0.000
vn 0.000 -0.136 -0.991
vn 0.000 -0.136 -0.991
vn 0.000 -0.136 -0.991
vn 0.000 -0.136 -0.991
vn 0.000 -0.136 -0.991
vn 0.000 0.988 -0.154
vn 0.000 1.000 0.000
vn 0.000 1.000 0.000
vn 0.000 0.990 -0.138
vn 0.000 0.905 -0.425
vn 0.000 0.964 -0.266
vn 0.000 0.955 -0.295
vn 0.000 0.277 -0.961
vn 0.000 0.113 -0.994
vn 0.000 -0.005 -1.000
vn 0.000 0.223 -0.975
vn 0.000 0.243 -0.970
vn 0.000 0.277 -0.961
vn 0.000 -0.003 -1.000
vn 0.000 -0.147 -0.989
vn 0.000 -0.287 -0.958
vn 0.000 -0.126 -0.992
vn 0.000 -0.283 -0.959
vn 0.000 -0.419 -0.908
vn 0.000 -0.547 -0.837
vn 0.000 -0.540 -0.842
vn 0.000 -0.647 -0.763
vn 0.000 -0.741 -0.671
vn 0.000 -0.754 -0.657
vn 0.000 -0.822 -0.569
vn 0.000 -0.846 -0.533
vn 0.000 0.434 -0.901
vn 0.000 0.421 -0.907
vn 0.000 0.537 -0.843
vn 0.000 0.534 -0.846
vn 0.000 0.330 -0.944
vn 0.000 0.421 -0.907
vn 0.000 0.751 -0.661
vn 0.000 0.691 -0.723
vn 0.000 0.692 -0.722
vn 0.000 0.721 -0.693
vn 0.000 0.750 -0.661
vn 0.000 0.687 -0.726
vn 0.000 0.717 -0.697
vn 0.000 0.685 -0.728
vn 0.000 0.628 -0.778
vn 0.000 0.684 -0.729
vn 0.000 0.684 -0.729
vn 0.000 0.682 -0.732
vn 0.000 0.679 -0.734
vn 0.000 0.643 -0.766
vn 0.000 0.672 -0.741
vn 0.000 0.910 -0.415
vn 0.000 0.879 -0.477
vn 0.000 0.813 -0.582
vn 0.000 0.855 -0.519
vn 0.000 0.790 -0.613
vn 0.000 0.879 -0.477
vn 0.000 -0.846 -0.533
vn -0.966 0.212 -0.148
vn -0.966 0.198 -0.166
vn -0.966 0.199 -0.166
vn -0.966 0.195 -0.170
vn -0.966 0.195 -0.170
vn -0.966 0.227 -0.124
vn -0.966 0.216 -0.142
vn -0.966 0.218 -0.139
vn -0.966 0.212 -0.148
vn -0.966 0.239 -0.099
vn -0.966 0.231 -0.116
vn -0.966 0.234 -0.111
vn -0.966 0.227 -0.124
vn -0.966 0.249 -0.072
vn -0.966 0.243 -0.089
vn -0.966 0.246 -0.080
vn -0.966 0.239 -0.099
vn -0.966 0.249 -0.072
vn -0.966 0.254 -0.049
vn -0.966 0.252 -0.060
vn -0.966 0.255 -0.045
vn -0.966 0.255 -0.045
vn -0.966 0.258 -0.017
vn -0.966 0.257 -0.030
vn -0.966 0.258 -0.017
vn -0.966 0.259 0.000
vn -0.966 0.178 -0.188
vn -0.966 0.176 -0.189
vn -0.966 0.177 -0.189
vn -0.966 0.175 -0.191
vn -0.966 0.175 -0.190
vn -0.966 0.170 -0.195
vn -0.966 0.167 -0.198
vn -0.966 0.173 -0.193
vn -0.966 0.172 -0.193
vn -0.966 0.172 -0.193
vn -0.966 0.172 -0.193
vn -0.966 0.171 -0.194
vn -0.966 0.164 -0.200
vn -0.966 0.259 0.000
vn -0.966 0.259 0.000
vn -0.966 0.259 0.000
vn -0.966 0.257 0.030
vn -0.966 0.257 0.030
vn -0.966 0.252 0.058
vn -0.966 0.252 0.060
vn -0.966 0.252 0.060
vn -0.966 0.243 0.089
vn -0.966 0.231 0.116
vn -0.966 0.243 0.089
vn -0.966 0.243 0.090
vn -0.966 0.216 0.142
vn -0.966 0.229 0.120
vn -0.966 0.231 0.116
vn -0.966 0.198 0.166
vn -0.966 0.212 0.148
vn -0.966 0.216 0.142
vn -0.966 0.178 0.188
vn -0.966 0.191 0.174
vn -0.966 0.198 0.166
vn -0.966 0.155 0.208
vn -0.966 0.168 0.197
vn -0.966 0.178 0.188
vn -0.966 0.155 0.208
vn -0.966 0.141 0.217
vn -0.966 0.129 0.224
vn -0.966 0.129 0.224
vn -0.966 0.112 0.233
vn -0.966 0.103 0.238
vn -0.966 0.103 0.238
vn -0.966 0.081 0.246
vn -0.966 0.074 0.248
vn -0.966 0.074 0.248
vn -0.966 0.049 0.254
vn -0.966 0.045 0.255
vn -0.966 0.045 0.255
vn -0.966 0.017 0.258
vn -0.966 0.015 0.258
vn -0.966 0.015 0.258
vn -0.966 -0.015 0.258
vn -0.966 -0.045 0.255
vn -0.966 -0.015 0.258
vn -0.966 -0.017 0.258
vn -0.966 -0.074 0.248
vn -0.966 -0.049 0.254
vn -0.966 -0.045 0.255
vn -0.966 -0.103 0.238
vn -0.966 -0.081 0.246
vn -0.966 -0.074 0.248
vn -0.966 -0.129 0.224
vn -0.966 -0.112 0.233
vn -0.966 -0.103 0.238
vn -0.966 -0.155 0.208
vn -0.966 -0.141 0.217
vn -0.966 -0.129 0.224
vn -0.966 -0.155 0.208
vn -0.966 -0.168 0.197
vn -0.966 -0.178 0.188
vn -0.966 -0.178 0.188
vn -0.966 -0.191 0.174
vn -0.966 -0.198 0.166
vn -0.966 -0.198 0.166
vn -0.966 -0.212 0.148
vn -0.966 -0.216 0.142
vn -0.966 -0.216 0.142
vn -0.966 -0.229 0.120
vn -0.966 -0.231 0.116
vn -0.966 -0.231 0.116
vn -0.966 -0.243 0.090
vn -0.966 -0.243 0.089
vn -0.966 -0.243 0.089
vn -0.966 -0.252 0.060
vn -0.966 -0.257 0.030
vn -0.966 -0.252 0.060
vn -0.966 -0.252 0.058
vn -0.966 -0.257 0.030
vn -0.966 -0.259 0.000
vn -0.966 -0.259 0.000
vn -0.966 -0.257 -0.030
vn -0.966 -0.259 -0.004
vn -0.966 -0.259 -0.010
vn -0.966 -0.257 -0.034
vn -0.966 -0.257 -0.034
vn -0.966 -0.259 -0.004
vn -0.966 -0.252 -0.060
vn -0.966 -0.255 -0.043
vn -0.966 -0.251 -0.064
vn -0.966 -0.251 -0.064
vn -0.966 -0.243 -0.089
vn -0.966 -0.248 -0.075
vn -0.966 -0.242 -0.093
vn -0.966 -0.242 -0.093
vn -0.966 -0.229 -0.120
vn -0.966 -0.229 -0.120
vn -0.966 -0.231 -0.116
vn -0.966 -0.236 -0.105
vn -0.966 -0.213 -0.146
vn -0.966 -0.213 -0.146
vn -0.966 -0.216 -0.142
vn -0.966 -0.221 -0.134
vn -0.966 -0.195 -0.170
vn -0.966 -0.195 -0.170
vn -0.966 -0.198 -0.166
vn -0.966 -0.203 -0.161
vn -0.966 -0.174 -0.192
vn -0.966 -0.174 -0.192
vn -0.966 -0.178 -0.188
vn -0.966 -0.181 -0.185
vn -0.966 -0.150 -0.211
vn -0.966 -0.150 -0.211
vn -0.966 -0.155 -0.208
vn -0.966 -0.156 -0.206
vn -0.966 -0.125 -0.227
vn -0.966 -0.129 -0.224
vn -0.966 -0.129 -0.224
vn -0.966 -0.097 -0.240
vn -0.966 -0.103 -0.238
vn -0.966 -0.100 -0.239
vn -0.966 -0.125 -0.227
vn -0.966 -0.097 -0.240
vn -0.966 -0.069 -0.250
vn -0.966 -0.074 -0.248
vn -0.966 -0.069 -0.250
vn -0.966 -0.039 -0.256
vn -0.966 -0.045 -0.255
vn -0.966 -0.039 -0.256
vn -0.966 -0.015 -0.258
vn -0.966 -0.037 -0.256
vn -0.966 -0.009 -0.259
vn -0.966 -0.009 -0.259
vn -0.966 0.015 -0.258
vn -0.966 -0.005 -0.259
vn -0.966 0.021 -0.258
vn -0.966 0.021 -0.258
vn -0.966 -0.259 0.000
vn -0.966 -0.259 0.000
vn -0.966 0.045 -0.255
vn -0.966 0.047 -0.255
vn -0.966 0.052 -0.254
vn -0.966 0.042 -0.255
vn -0.966 0.025 -0.258
vn -0.966 0.028 -0.257
vn -0.966 0.029 -0.257
vn -0.966 0.033 -0.257
vn -0.966 0.037 -0.256
vn -0.966 0.081 -0.246
vn -0.966 0.077 -0.247
vn -0.966 0.079 -0.246
vn -0.966 0.072 -0.248
vn -0.966 0.069 -0.249
vn -0.966 0.074 -0.248
vn -0.966 0.068 -0.250
vn -0.966 0.063 -0.251
vn -0.966 0.051 -0.254
vn -0.966 0.058 -0.252
vn -0.966 0.053 -0.253
vn -0.966 0.099 -0.239
vn -0.966 0.100 -0.239
vn -0.966 0.097 -0.240
vn -0.966 0.081 -0.246
vn -0.966 0.100 -0.239
vn -0.966 0.100 -0.239
vn -0.966 0.102 -0.238
vn -0.966 0.085 -0.244
vn -0.966 0.088 -0.244
vn -0.966 0.103 -0.238
vn -0.966 0.089 -0.243
vn -0.966 0.090 -0.243
vn -0.966 0.105 -0.236
vn -0.966 0.109 -0.235
vn -0.966 0.109 -0.235
vn -0.966 0.094 -0.241
vn -0.966 0.110 -0.234
vn -0.707 -0.707 -0.028
vn -0.707 -0.697 -0.117
vn -0.707 -0.701 -0.094
vn -0.707 -0.697 -0.117
vn -0.707 -0.677 -0.204
vn -0.707 -0.685 -0.175
vn -0.707 -0.677 -0.204
vn -0.707 -0.646 -0.287
vn -0.707 -0.660 -0.254
vn -0.707 -0.646 -0.287
vn -0.707 -0.605 -0.366
vn -0.707 -0.626 -0.329
vn -0.707 -0.605 -0.366
vn -0.707 -0.554 -0.439
vn -0.707 -0.554 -0.439
vn -0.707 -0.583 -0.400
vn -0.707 -0.494 -0.506
vn -0.707 -0.494 -0.506
vn -0.707 -0.533 -0.465
vn -0.707 -0.427 -0.564
vn -0.707 -0.427 -0.564
vn -0.707 -0.475 -0.524
vn -0.707 -0.352 -0.613
vn -0.707 -0.352 -0.613
vn -0.707 -0.410 -0.576
vn -0.707 -0.273 -0.652
vn -0.707 -0.273 -0.652
vn -0.707 -0.340 -0.620
vn -0.707 -0.266 -0.655
vn -0.707 -0.188 -0.682
vn -0.707 -0.187 -0.682
vn -0.707 -0.106 -0.699
vn -0.707 -0.101 -0.700
vn -0.707 -0.101 -0.700
vn -0.707 -0.024 -0.707
vn -0.707 -0.012 -0.707
vn -0.707 -0.012 -0.707
vn -0.707 -0.707 -0.028
vn -0.707 -0.707 -0.011
vn -0.707 -0.707 0.000
vn -0.707 0.077 -0.703
vn -0.707 0.084 -0.702
vn -0.707 0.076 -0.703
vn -0.707 0.098 -0.700
vn -0.707 0.063 -0.704
vn -0.707 0.069 -0.704
vn -0.707 0.059 -0.705
vn -0.707 0.057 -0.705
vn -0.707 0.061 -0.705
vn -0.707 0.055 -0.705
vn -0.707 0.054 -0.705
vn -0.707 0.055 -0.705
vn -0.707 0.063 -0.704
vn -0.707 0.059 -0.705
vn -0.707 0.057 -0.705
vn -0.707 0.072 -0.703
vn -0.707 -0.707 0.000
vn -0.698 0.000 0.716
vn -0.693 0.035 0.720
vn -0.666 0.176 0.725
vn -0.698 0.000 0.716
vn -0.663 0.188 0.724
vn -0.621 0.327 0.713
vn -0.558 0.473 0.682
vn -0.381 0.735 0.561
vn -0.551 0.487 0.678
vn -0.401 0.713 0.576
vn -0.491 0.590 0.640
vn -0.171 0.907 0.385
vn -0.301 0.814 0.497
vn -0.214 0.880 0.423
vn -0.381 0.735 0.560
vn 0.056 0.984 0.169
vn -0.101 0.942 0.321
vn 0.014 0.977 0.211
vn -0.171 0.907 0.385
vn 0.278 0.958 -0.064
vn 0.129 0.987 0.096
vn 0.241 0.970 -0.023
vn 0.056 0.984 0.169
vn 0.471 0.833 -0.291
vn 0.346 0.928 -0.141
vn 0.442 0.860 -0.255
vn 0.278 0.958 -0.064
vn 0.614 0.621 -0.487
vn 0.525 0.770 -0.361
vn 0.471 0.833 -0.291
vn 0.596 0.659 -0.459
vn 0.635 0.572 -0.520
vn 0.666 0.477 -0.574
vn 0.619 -0.331 -0.712
vn 0.666 -0.177 -0.725
vn 0.635 -0.286 -0.718
vn 0.596 -0.391 -0.702
vn 0.540 -0.508 -0.671
vn 0.477 -0.612 -0.631
vn 0.458 -0.639 -0.618
vn 0.364 -0.754 -0.547
vn 0.477 -0.612 -0.631
vn 0.283 -0.829 -0.482
vn 0.260 -0.847 -0.463
vn 0.150 -0.918 -0.366
vn 0.283 -0.829 -0.482
vn 0.060 -0.957 -0.282
vn 0.035 -0.965 -0.259
vn -0.080 -0.986 -0.146
vn 0.060 -0.957 -0.282
vn -0.170 -0.984 -0.052
vn -0.382 -0.906 0.183
vn -0.301 -0.949 0.090
vn -0.351 -0.925 0.147
vn -0.193 -0.981 -0.028
vn -0.170 -0.984 -0.052
vn -0.553 -0.731 0.399
vn -0.382 -0.906 0.183
vn -0.441 -0.861 0.254
vn -0.521 -0.776 0.355
vn -0.666 -0.479 0.572
vn -0.587 -0.675 0.447
vn -0.639 -0.560 0.527
vn -0.553 -0.732 0.399
vn -0.707 -0.176 0.685
vn -0.678 -0.431 0.596
vn -0.665 -0.479 0.572
vn -0.707 -0.149 0.691
vn -0.698 0.000 0.716
vn -0.700 -0.294 0.651
vn -0.698 0.000 0.716
vn -0.707 0.482 -0.517
vn -0.707 0.543 -0.453
vn -0.707 0.533 -0.465
vn -0.707 0.543 -0.453
vn -0.707 0.596 -0.381
vn -0.707 0.580 -0.404
vn -0.707 0.596 -0.381
vn -0.707 0.639 -0.303
vn -0.707 0.621 -0.339
vn -0.707 0.639 -0.303
vn -0.707 0.672 -0.220
vn -0.707 0.672 -0.220
vn -0.707 0.654 -0.269
vn -0.707 0.694 -0.133
vn -0.707 0.694 -0.133
vn -0.707 0.679 -0.197
vn -0.707 0.706 -0.045
vn -0.707 0.706 -0.045
vn -0.707 0.697 -0.122
vn -0.707 0.415 -0.572
vn -0.707 0.413 -0.574
vn -0.707 0.426 -0.564
vn -0.707 0.479 -0.520
vn -0.707 0.448 -0.547
vn -0.707 0.446 -0.548
vn -0.707 0.482 -0.517
vn -0.707 0.437 -0.556
vn -0.707 0.337 -0.621
vn -0.707 0.348 -0.615
vn -0.707 0.342 -0.619
vn -0.707 0.363 -0.607
vn -0.707 0.413 -0.574
vn -0.707 0.377 -0.598
vn -0.707 0.409 -0.577
vn -0.707 0.403 -0.581
vn -0.707 0.390 -0.590
vn -0.707 0.297 -0.642
vn -0.707 0.253 -0.660
vn -0.707 0.255 -0.660
vn -0.707 0.247 -0.663
vn -0.707 0.335 -0.623
vn -0.707 0.257 -0.659
vn -0.707 0.260 -0.658
vn -0.707 0.311 -0.635
vn -0.707 0.260 -0.658
vn -0.707 0.260 -0.657
vn -0.707 0.258 -0.658
vn -0.707 0.300 -0.640
vn -0.707 0.323 -0.629
vn -0.707 0.256 -0.659
vn -0.707 0.242 -0.664
vn -0.707 0.240 -0.665
vn -0.707 0.251 -0.661
vn -0.707 0.230 -0.669
vn -0.707 0.256 -0.659
vn -0.707 0.707 0.000
vn -0.707 0.707 -0.007
vn -0.707 0.707 -0.021
vn -0.707 0.707 -0.019
vn -0.707 0.707 -0.026
vn -0.707 0.707 -0.028
vn -0.707 0.707 -0.029
vn -0.707 0.707 -0.028
vn -0.707 0.707 -0.014
vn -0.707 0.707 0.000
vn -0.707 0.219 -0.672
vn -0.707 0.702 0.082
vn -0.707 0.704 0.070
vn -0.707 0.689 0.159
vn -0.707 0.688 0.163
vn -0.707 0.663 0.246
vn -0.707 0.663 0.246
vn -0.707 0.664 0.242
vn -0.707 0.632 0.317
vn -0.707 0.626 0.328
vn -0.707 0.626 0.328
vn -0.707 0.579 0.406
vn -0.707 0.591 0.389
vn -0.707 0.579 0.406
vn -0.707 0.523 0.476
vn -0.707 0.542 0.455
vn -0.707 0.523 0.476
vn -0.707 0.458 0.539
vn -0.707 0.485 0.514
vn -0.707 0.458 0.539
vn -0.707 0.385 0.593
vn -0.707 0.422 0.567
vn -0.707 0.385 0.593
vn -0.707 0.306 0.637
vn -0.707 0.306 0.637
vn -0.707 0.354 0.612
vn -0.707 0.222 0.671
vn -0.707 0.222 0.671
vn -0.707 0.280 0.649
vn -0.707 0.135 0.694
vn -0.707 0.135 0.694
vn -0.707 0.203 0.677
vn -0.707 0.123 0.696
vn -0.707 0.045 0.706
vn -0.707 0.045 0.706
vn -0.707 0.041 0.706
vn -0.707 -0.045 0.706
vn -0.707 -0.041 0.706
vn -0.707 -0.045 0.706
vn -0.707 -0.123 0.696
vn -0.707 -0.135 0.694
vn -0.707 -0.135 0.694
vn -0.707 -0.222 0.671
vn -0.707 -0.203 0.677
vn -0.707 -0.222 0.671
vn -0.707 -0.306 0.637
vn -0.707 -0.280 0.649
vn -0.707 -0.306 0.637
vn -0.707 -0.385 0.593
vn -0.707 -0.354 0.612
vn -0.707 -0.385 0.593
vn -0.707 -0.458 0.539
vn -0.707 -0.422 0.567
vn -0.707 -0.458 0.539
vn -0.707 -0.523 0.476
vn -0.707 -0.523 0.476
vn -0.707 -0.485 0.514
vn -0.707 -0.579 0.406
vn -0.707 -0.579 0.406
vn -0.707 -0.542 0.455
vn -0.707 -0.626 0.328
vn -0.707 -0.626 0.328
vn -0.707 -0.591 0.389
vn -0.707 -0.632 0.317
vn -0.707 -0.663 0.246
vn -0.707 -0.663 0.246
vn -0.707 -0.664 0.242
vn -0.707 -0.689 0.159
vn -0.707 -0.688 0.163
vn -0.707 -0.689 0.159
vn -0.707 -0.702 0.082
vn -0.707 -0.707 0.000
vn -0.707 -0.704 0.070
vn -0.707 0.707 0.026
vn -0.707 0.707 0.028
vn -0.707 0.707 0.016
vn -0.707 0.707 0.019
vn -0.707 0.707 0.022
vn -0.707 0.707 0.009
vn -0.707 0.707 0.000
vn -0.707 0.707 0.007
vn -0.707 0.707 0.000
vn -0.707 0.707 0.002
vn -0.707 0.707 0.029
vn -0.707 -0.707 0.000
vn -0.707 0.689 0.159
vn -0.738 0.000 -0.675
vn -0.330 0.000 -0.944
vn -0.325 0.000 -0.946
vn -0.599 0.000 -0.801
vn -0.970 0.000 -0.244
vn -0.819 0.000 -0.574
vn -0.942 0.000 -0.336
vn -0.735 0.000 -0.678
vn -0.970 0.000 0.244
vn -0.998 0.000 -0.065
vn -1.000 0.000 0.000
vn -0.969 0.000 -0.246
vn -0.857 0.000 0.515
vn -0.736 0.000 0.677
vn -0.962 0.000 0.271
vn -0.738 0.000 0.675
vn -0.665 0.000 0.746
vn -0.396 0.000 0.918
vn -0.330 0.000 0.944
vn -0.084 0.000 0.996
vn 0.000 0.000 1.000
vn 0.000 0.000 -1.000
vn 0.000 0.000 -1.000
vn 0.000 0.000 1.000
vn 0.000 0.000 -1.000
vn 0.000 0.000 -1.000
vn 0.000 0.000 -1.000
vn 0.000 0.000 -1.000
vn 0.000 0.000 1.000
vn 0.000 0.000 1.000
vn 0.000 0.000 1.000
vn 0.000 0.000 1.000
vn 0.000 1.000 0.000
vn 0.000 1.000 0.000
vn 0.000 1.000 0.000
vn 0.000 1.000 0.000
vn 0.000 1.000 0.000
vn 0.000 1.000 0.000
vn 0.000 1.000 0.000
vn 0.000 1.000 0.000
vn 0.000 1.000 0.000
vn 0.000 1.000 0.000
vn -1.000 0.000 0.000
vn -1.000 0.000 0.000
vn -1.000 0.000 0.000
vn -1.000 0.000 0.000
vn -1.000 0.000 0.000
vn -1.000 0.000 0.000
vn -1.000 0.000 0.000
vn -1.000 0.000 0.000
vn -1.000 0.000 0.000
vn -1.000 0.000 0.000
vn -1.000 0.000 0.000
vn -1.000 0.000 0.000
vn -1.000 0.000 0.000
vn -1.000 0.000 0.000
vn -1.000 0.000 0.000
vn -1.000 0.000 0.000
vn -1.000 0.000 0.000
vn -1.000 0.000 0.000
vn -1.000 0.000 0.000
vn -1.000 0.000 0.000
vn -1.000 0.000 0.000
vn -1.000 0.000 0.000
vn -1.000 0.000 0.000
vn -1.000 0.000 0.000
vn -1.000 0.000 0.000
vn -1.000 0.000 0.000
vn -1.000 0.000 0.000
vn -1.000 0.000 0.000
vn -1.000 0.000 0.000
vn -1.000 0.000 0.000
vn -1.000 0.000 0.000
vn -1.000 0.000 0.000
vn -1.000 0.000 0.000
vn -1.000 0.000 0.000
vn -1.000 0.000 0.000
vn -1.000 0.000 0.000
vn -1.000 0.000 0.000
vn -1.000 0.000 0.000
vn -1.000 0.000 0.000
vn -1.000 0.000 0.000
vn -1.000 0.000 0.000
vn -1.000 0.000 0.000
vn -1.000 0.000 0.000
vn -1.000 0.000 0.000
vn -1.000 0.000 0.000
vn -1.000 0.000 0.000
vn -1.000 0.000 0.000
vn -1.000 0.000 0.000
vn -1.000 0.000 0.000
vn -1.000 0.000 0.000
vn -1.000 0.000 0.000
vn -1.000 0.000 0.000
vn -1.000 0.000 0.000
vn -1.000 0.000 0.000
vn -1.000 0.000 0.000
vn -1.000 0.000 0.000
vn -1.000 0.000 0.000
vn -1.000 0.000 0.000
vn -1.000 0.000 0.000
vn -1.000 0.000 0.000
vn -1.000 0.000 0.000
vn -1.000 0.000 0.000
vn -1.000 0.000 0.000
vn -1.000 0.000 0.000
vn -1.000 0.000 0.000
vn -1.000 0.000 0.000
vn -1.000 0.000 0.000
vn -1.000 0.000 0.000
vn -1.000 0.000 0.000
vn -1.000 0.000 0.000
vn -1.000 0.000 0.000
vn -1.000 0.000 0.000
vn -1.000 0.000 0.000
vn -1.000 0.000 0.000
vn -1.000 0.000 0.000
vn -1.000 0.000 0.000
vn -1.000 0.000 0.000
vn -1.000 0.000 0.000
vn -1.000 0.000 0.000
vn -1.000 0.000 0.000
vn -1.000 0.000 0.000
vn -1.000 0.000 0.000
vn -1.000 0.000 0.000
vn -1.000 0.000 0.000
vn -1.000 0.000 0.000
vn -1.000 0.000 0.000
vn -1.000 0.000 0.000
vn -1.000 0.000 0.000
vn -1.000 0.000 0.000
vn -1.000 0.000 0.000
vn -1.000 0.000 0.000
vn -1.000 0.000 0.000
vn -1.000 0.000 0.000
vn -1.000 0.000 0.000
vn -1.000 0.000 0.000
vn -1.000 0.000 0.000
vn -1.000 0.000 0.000
vn -1.000 0.000 0.000
vn -1.000 0.000 0.000
vn -1.000 0.000 0.000
vn -1.000 0.000 0.000
vn -1.000 0.000 0.000
vn -1.000 0.000 0.000
vn -0.707 -0.707 0.000
vn -0.707 -0.700 0.101
vn -0.707 -0.700 0.101
vn -0.707 -0.678 0.199
vn -0.707 -0.678 0.199
vn -0.707 -0.643 0.294
vn -0.707 -0.643 0.294
vn -0.707 -0.595 0.382
vn -0.707 -0.595 0.382
vn -0.707 -0.534 0.463
vn -0.707 -0.534 0.463
vn -0.707 -0.463 0.534
vn -0.707 -0.463 0.534
vn -0.707 -0.382 0.595
vn -0.707 -0.382 0.595
vn -0.707 -0.294 0.643
vn -0.707 -0.294 0.643
vn -0.707 -0.199 0.678
vn -0.707 -0.199 0.678
vn -0.707 -0.101 0.700
vn -0.707 -0.101 0.700
vn -0.707 0.000 0.707
vn -0.707 0.000 0.707
vn -0.707 0.101 0.700
vn -0.707 0.101 0.700
vn -0.707 0.199 0.678
vn -0.707 0.199 0.678
vn -0.707 0.294 0.643
vn -0.707 0.294 0.643
vn -0.707 0.382 0.595
vn -0.707 0.382 0.595
vn -0.707 0.463 0.534
vn -0.707 0.463 0.534
vn -0.707 0.534 0.463
vn -0.707 0.534 0.463
vn -0.707 0.595 0.382
vn -0.707 0.595 0.382
vn -0.707 0.643 0.294
vn -0.707 0.643 0.294
vn -0.707 0.678 0.199
vn -0.707 0.678 0.199
vn -0.707 0.700 0.101
vn -0.707 0.700 0.101
vn -0.707 0.707 0.000
vn -0.707 0.707 0.000
vn -0.707 -0.707 0.000
vn -0.707 0.707 0.000
vn -0.707 0.700 -0.101
vn -0.707 0.700 -0.101
vn -0.707 0.678 -0.199
vn -0.707 0.678 -0.199
vn -0.707 0.643 -0.294
vn -0.707 0.643 -0.294
vn -0.707 0.595 -0.382
vn -0.707 0.595 -0.382
vn -0.707 0.534 -0.463
vn -0.707 0.534 -0.463
vn -0.707 0.463 -0.534
vn -0.707 0.463 -0.534
vn -0.707 0.382 -0.595
vn -0.707 0.382 -0.595
vn -0.707 0.294 -0.643
vn -0.707 0.294 -0.643
vn -0.707 0.199 -0.678
vn -0.707 0.199 -0.678
vn -0.707 0.101 -0.700
vn -0.707 0.101 -0.700
vn -0.707 0.000 -0.707
vn -0.707 0.000 -0.707
vn -0.707 -0.101 -0.700
vn -0.707 -0.101 -0.700
vn -0.707 -0.199 -0.678
vn -0.707 -0.199 -0.678
vn -0.707 -0.294 -0.643
vn -0.707 -0.294 -0.643
vn -0.707 -0.382 -0.595
vn -0.707 -0.382 -0.595
vn -0.707 -0.463 -0.534
vn -0.707 -0.463 -0.534
vn -0.707 -0.534 -0.463
vn -0.707 -0.534 -0.463
vn -0.707 -0.595 -0.382
vn -0.707 -0.595 -0.382
vn -0.707 -0.643 -0.294
vn -0.707 -0.643 -0.294
vn -0.707 -0.678 -0.199
vn -0.707 -0.678 -0.199
vn -0.707 -0.700 -0.101
vn -0.707 -0.700 -0.101
vn -0.707 -0.707 0.000
vn -0.707 -0.707 0.000
vn -0.707 0.707 0.000
vn -1.000 0.000 0.000
vn -1.000 0.000 0.000
vn -1.000 0.000 0.000
vn -1.000 0.000 0.000
vn -1.000 0.000 0.000
vn -1.000 0.000 0.000
vn -1.000 0.000 0.000
vn -1.000 0.000 0.000
vn -1.000 0.000 0.000
vn -1.000 0.000 0.000
vn -1.000 0.000 0.000
vn -1.000 0.000 0.000
vn -1.000 0.000 0.000
vn -1.000 0.000 0.000
vn -1.000 0.000 0.000
vn -1.000 0.000 0.000
vn -1.000 0.000 0.000
vn -1.000 0.000 0.000
vn -1.000 0.000 0.000
vn -1.000 0.000 0.000
vn -1.000 0.000 0.000
vn -1.000 0.000 0.000
vn -1.000 0.000 0.000
vn -1.000 0.000 0.000
vn -1.000 0.000 0.000
vn -1.000 0.000 0.000
vn -1.000 0.000 0.000
vn -1.000 0.000 0.000
vn -1.000 0.000 0.000
vn -1.000 0.000 0.000
vn -1.000 0.000 0.000
vn -1.000 0.000 0.000
vn -1.000 0.000 0.000
vn -1.000 0.000 0.000
vn -1.000 0.000 0.000
vn -1.000 0.000 0.000
vn -1.000 0.000 0.000
vn -1.000 0.000 0.000
vn -1.000 0.000 0.000
vn -1.000 0.000 0.000
vn -1.000 0.000 0.000
vn -1.000 0.000 0.000
vn -1.000 0.000 0.000
vn -1.000 0.000 0.000
vn -0.707 0.159 -0.689
vn -0.707 0.159 -0.689
vn -0.707 0.159 -0.689
vn -0.707 0.159 -0.689
vn -0.707 0.159 -0.689
vn -0.707 0.159 -0.689
vn -0.707 0.159 -0.689
vn -0.707 0.159 -0.689
vn -0.707 0.159 -0.689
vn -0.707 0.159 -0.689
vn -0.707 0.159 -0.689
vn -0.707 0.159 -0.689
vn -0.707 0.159 -0.689
vn -0.707 0.159 -0.689
vn -0.707 0.159 -0.689
vn -0.707 0.159 -0.689
vn -0.707 0.159 -0.689
vn -0.707 0.159 -0.689
vn -0.707 0.159 -0.689
vn -0.707 0.159 -0.689
vn -0.707 0.159 -0.689
vn -0.707 0.159 -0.689
vn -0.707 0.159 -0.689
vn -0.707 0.159 -0.689
vn -0.707 0.159 -0.689
vn -0.707 0.159 -0.689
vn -0.707 0.159 -0.689
vn -0.707 0.159 -0.689
vn -0.707 0.159 -0.689
vn -0.707 0.159 -0.689
vn -0.707 0.159 -0.689
vn -0.707 0.159 -0.689
vn -0.707 0.159 -0.689
vn -0.707 0.159 -0.689
vn -0.707 0.159 -0.689
vn -0.707 0.159 -0.689
vn -0.707 0.159 -0.689
vn -0.707 0.159 -0.689
vn -0.707 0.159 -0.689
vn -0.707 0.159 -0.689
vn -0.707 0.159 -0.689
vn -0.707 0.159 -0.689
vn -0.707 0.159 -0.689
vn -0.707 0.159 -0.689
vn 0.824 0.543 -0.165
vn 0.599 0.653 -0.463
vn 0.481 0.823 -0.303
vn 0.715 0.699 -0.017
vn 0.409 0.887 -0.215
vn 0.576 0.804 0.150
vn 0.330 0.936 -0.123
vn 0.157 0.985 0.066
vn 0.416 0.849 0.325
vn -0.027 0.968 0.251
vn 0.246 0.833 0.495
vn -0.119 0.934 0.337
vn 0.078 0.756 0.650
vn -0.209 0.884 0.418
vn -0.376 0.740 0.557
vn -0.077 0.623 0.778
vn -0.519 0.546 0.658
vn -0.208 0.443 0.872
vn -0.577 0.434 0.692
vn -0.307 0.230 0.924
vn -0.625 0.314 0.714
vn -0.689 0.061 0.722
vn -0.366 -0.004 0.930
vn -0.707 -0.196 0.680
vn -0.354 -0.467 0.811
vn -0.382 -0.242 0.892
vn -0.697 -0.320 0.641
vn -0.676 -0.440 0.592
vn -0.599 -0.653 0.463
vn 0.923 0.350 0.159
vn 0.840 0.469 0.273
vn 0.733 0.549 0.400
vn 0.611 0.584 0.534
vn 0.481 0.572 0.665
vn 0.352 0.513 0.783
vn 0.234 0.411 0.881
vn 0.133 0.273 0.953
vn 0.058 0.110 0.992
vn 0.012 -0.069 0.998
vn 0.000 -0.251 0.968
vn 0.022 -0.423 0.906
vn -0.282 -0.664 0.692
vn 0.882 0.103 0.459
vn 0.837 0.168 0.520
vn 0.780 0.211 0.590
vn 0.713 0.230 0.662
vn 0.643 0.223 0.733
vn 0.573 0.191 0.797
vn 0.509 0.136 0.850
vn 0.455 0.062 0.888
vn 0.414 -0.027 0.910
vn 0.389 -0.123 0.913
vn 0.383 -0.222 0.897
vn 0.395 -0.315 0.863
vn 0.077 -0.574 0.815
vn 0.707 -0.159 0.689
vn 0.707 -0.159 0.689
vn 0.707 -0.159 0.689
vn 0.707 -0.159 0.689
vn 0.707 -0.159 0.689
vn 0.707 -0.159 0.689
vn 0.707 -0.159 0.689
vn 0.707 -0.159 0.689
vn 0.707 -0.159 0.689
vn 0.707 -0.159 0.689
vn 0.707 -0.159 0.689
vn 0.707 -0.159 0.689
vn 0.424 -0.397 0.814
vn 0.707 -0.159 0.689
vn -0.282 -0.664 0.692
vn -0.599 -0.653 0.463
vn -0.481 -0.823 0.303
vn -0.034 -0.926 0.377
vn -0.174 -0.821 0.544
vn -0.409 -0.887 0.215
vn -0.330 -0.936 0.123
vn -0.157 -0.985 -0.066
vn 0.125 -0.971 0.202
vn 0.027 -0.968 -0.251
vn 0.463 -0.878 -0.123
vn 0.295 -0.955 0.032
vn 0.119 -0.934 -0.337
vn 0.209 -0.884 -0.418
vn 0.376 -0.740 -0.557
vn 0.618 -0.745 -0.251
vn 0.519 -0.546 -0.658
vn 0.848 -0.351 -0.396
vn 0.750 -0.565 -0.344
vn 0.577 -0.434 -0.692
vn 0.625 -0.314 -0.714
vn 0.689 -0.061 -0.722
vn 0.908 -0.118 -0.403
vn 0.707 0.196 -0.680
vn 0.895 0.345 -0.283
vn 0.923 0.120 -0.365
vn 0.697 0.320 -0.641
vn 0.676 0.440 -0.592
vn 0.599 0.653 -0.463
vn 0.077 -0.574 0.815
vn 0.160 -0.694 0.702
vn 0.267 -0.774 0.574
vn 0.389 -0.809 0.440
vn 0.519 -0.797 0.310
vn 0.648 -0.738 0.191
vn 0.766 -0.636 0.093
vn 0.867 -0.498 0.022
vn 0.942 -0.335 -0.018
vn 0.988 -0.156 -0.023
vn 1.000 0.026 0.006
vn 0.978 0.198 0.069
vn 0.824 0.543 -0.165
vn 0.424 -0.397 0.814
vn 0.469 -0.462 0.753
vn 0.527 -0.505 0.684
vn 0.593 -0.524 0.611
vn 0.663 -0.517 0.541
vn 0.733 -0.485 0.476
vn 0.797 -0.430 0.423
vn 0.852 -0.356 0.385
vn 0.893 -0.267 0.363
vn 0.917 -0.170 0.360
vn 0.924 -0.072 0.376
vn 0.912 0.021 0.410
vn 0.923 0.350 0.159
vn 0.707 -0.159 0.689
vn 0.707 -0.159 0.689
vn 0.707 -0.159 0.689
vn 0.707 -0.159 0.689
vn 0.707 -0.159 0.689
vn 0.707 -0.159 0.689
vn 0.707 -0.159 0.689
vn 0.707 -0.159 0.689
vn 0.707 -0.159 0.689
vn 0.707 -0.159 0.689
vn 0.707 -0.159 0.689
vn 0.707 -0.159 0.689
vn 0.882 0.103 0.459
vn 0.707 -0.159 0.689
vn -0.599 -0.653 0.463
vn -0.599 -0.653 0.463
vn -0.676 -0.440 0.592
vn -0.697 -0.320 0.641
vn -0.689 0.061 0.722
vn -0.707 -0.196 0.680
vn -0.697 -0.320 0.641
vn -0.689 0.061 0.722
vn -0.625 0.314 0.714
vn -0.577 0.434 0.692
vn -0.376 0.740 0.557
vn -0.519 0.546 0.658
vn -0.577 0.434 0.692
vn -0.376 0.740 0.557
vn -0.209 0.884 0.418
vn -0.119 0.934 0.337
vn 0.157 0.985 0.066
vn -0.027 0.968 0.251
vn -0.119 0.934 0.337
vn 0.157 0.985 0.066
vn 0.330 0.936 -0.123
vn 0.409 0.887 -0.215
vn 0.599 0.653 -0.463
vn 0.481 0.823 -0.303
vn 0.409 0.887 -0.215
vn 0.599 0.653 -0.463
vn 0.599 0.653 -0.463
vn 0.599 0.653 -0.463
vn 0.676 0.440 -0.592
vn 0.697 0.320 -0.641
vn 0.689 -0.061 -0.722
vn 0.707 0.196 -0.680
vn 0.697 0.320 -0.641
vn 0.689 -0.061 -0.722
vn 0.625 -0.314 -0.714
vn 0.577 -0.434 -0.692
vn 0.376 -0.740 -0.557
vn 0.519 -0.546 -0.658
vn 0.577 -0.434 -0.692
vn 0.376 -0.740 -0.557
vn 0.209 -0.884 -0.418
vn 0.119 -0.934 -0.337
vn -0.157 -0.985 -0.066
vn 0.027 -0.968 -0.251
vn 0.119 -0.934 -0.337
vn -0.157 -0.985 -0.066
vn -0.330 -0.936 0.123
vn -0.409 -0.887 0.215
vn -0.599 -0.653 0.463
vn -0.481 -0.823 0.303
vn -0.409 -0.887 0.215
vn -0.599 -0.653 0.463
vn -0.077 0.574 -0.815
vn -0.077 0.574 -0.815
vn -0.211 0.740 -0.639
vn -0.211 0.740 -0.639
vn -0.389 0.809 -0.440
vn -0.389 0.809 -0.440
vn -0.584 0.773 -0.249
vn -0.584 0.773 -0.249
vn -0.766 0.636 -0.093
vn -0.766 0.636 -0.093
vn -0.908 0.419 0.002
vn -0.908 0.419 0.002
vn -0.988 0.156 0.023
vn -0.988 0.156 0.023
vn -0.993 -0.114 -0.034
vn -0.993 -0.114 -0.034
vn -0.923 -0.350 -0.159
vn -0.923 -0.350 -0.159
vn -0.923 -0.350 -0.159
vn -0.923 -0.350 -0.159
vn -0.789 -0.515 -0.335
vn -0.789 -0.515 -0.335
vn -0.611 -0.584 -0.534
vn -0.611 -0.584 -0.534
vn -0.416 -0.548 -0.726
vn -0.416 -0.548 -0.726
vn -0.234 -0.411 -0.881
vn -0.234 -0.411 -0.881
vn -0.092 -0.194 -0.977
vn -0.092 -0.194 -0.977
vn -0.012 0.069 -0.998
vn -0.012 0.069 -0.998
vn -0.007 0.339 -0.941
vn -0.007 0.339 -0.941
vn -0.077 0.574 -0.815
vn -0.077 0.574 -0.815
vn -0.707 0.159 -0.689
vn -0.707 0.159 -0.689
vn -0.707 0.159 -0.689
vn -0.707 0.159 -0.689
vn -0.707 0.159 -0.689
vn -0.707 0.159 -0.689
vn -0.707 0.159 -0.689
vn -0.707 0.159 -0.689
vn -0.707 0.159 -0.689
vn -0.707 0.159 -0.689
vn -0.707 0.159 -0.689
vn -0.707 0.159 -0.689
vn -0.707 0.159 -0.689
vn -0.707 0.159 -0.689
vn -0.707 0.159 -0.689
vn -0.707 0.159 -0.689
vn 1.000 0.000 0.000
vn 1.000 0.000 0.000
vn 1.000 0.000 0.000
vn 1.000 0.000 0.000
vn 1.000 0.000 0.000
vn 1.000 0.000 0.000
vn 1.000 0.000 0.000
vn 1.000 0.000 0.000
vn 1.000 0.000 0.000
vn 1.000 0.000 0.000
vn 1.000 0.000 0.000
vn 1.000 0.000 0.000
vn 1.000 0.000 0.000
vn 1.000 0.000 0.000
vn 1.000 0.000 0.000
vn 1.000 0.000 0.000
vn 1.000 0.000 0.000
vn 1.000 0.000 0.000
vn 1.000 0.000 0.000
vn 1.000 0.000 0.000
vn 1.000 0.000 0.000
vn 1.000 0.000 0.000
vn 1.000 0.000 0.000
vn 1.000 0.000 0.000
vn 1.000 0.000 0.000
vn 1.000 0.000 0.000
vn 1.000 0.000 0.000
vn 1.000 0.000 0.000
vn 1.000 0.000 0.000
vn 1.000 0.000 0.000
vn 1.000 0.000 0.000
vn 1.000 0.000 0.000
vn 1.000 0.000 0.000
vn 1.000 0.000 0.000
vn 1.000 0.000 0.000
vn 1.000 0.000 0.000
vn 1.000 0.000 0.000
vn 1.000 0.000 0.000
vn 1.000 0.000 0.000
vn 1.000 0.000 0.000
vn 1.000 0.000 0.000
vn 1.000 0.000 0.000
vn 1.000 0.000 0.000
vn 1.000 0.000 0.000
vn 1.000 0.000 0.000
vn 1.000 0.000 0.000
vn 1.000 0.000 0.000
vn 1.000 0.000 0.000
vn 1.000 0.000 0.000
vn 1.000 0.000 0.000
vn 1.000 0.000 0.000
vn 1.000 0.000 0.000
vn 1.000 0.000 0.000
vn 1.000 0.000 0.000
vn 1.000 0.000 0.000
vn 1.000 0.000 0.000
vn 1.000 0.000 0.000
vn 1.000 0.000 0.000
vn 1.000 0.000 0.000
vn 1.000 0.000 0.000
vn 1.000 0.000 0.000
vn 1.000 0.000 0.000
vn 1.000 0.000 0.000
vn 1.000 0.000 0.000
vn 1.000 0.000 0.000
vn 1.000 0.000 0.000
vn 1.000 0.000 0.000
vn 1.000 0.000 0.000
vn 1.000 0.000 0.000
vn 1.000 0.000 0.000
vn 1.000 0.000 0.000
vn 1.000 0.000 0.000
vn 1.000 0.000 0.000
vn 1.000 0.000 0.000
vn 1.000 0.000 0.000
vn 1.000 0.000 0.000
vn 1.000 0.000 0.000
vn 1.000 0.000 0.000
vn 1.000 0.000 0.000
vn 1.000 0.000 0.000
vn 1.000 0.000 0.000
vn 1.000 0.000 0.000
vn 1.000 0.000 0.000
vn 1.000 0.000 0.000
vn 1.000 0.000 0.000
vn 1.000 0.000 0.000
vn 1.000 0.000 0.000
vn 1.000 0.000 0.000
vn 1.000 0.000 0.000
vn 1.000 0.000 0.000
vn 1.000 0.000 0.000
vn 1.000 0.000 0.000
vn 1.000 0.000 0.000
vn 1.000 0.000 0.000
vn 1.000 0.000 0.000
vn 1.000 0.000 0.000
vn 1.000 0.000 0.000
vn 1.000 0.000 0.000
vn 1.000 0.000 0.000
vn 1.000 0.000 0.000
vn 1.000 0.000 0.000
vn 1.000 0.000 0.000
vn 1.000 0.000 0.000
vn 1.000 0.000 0.000
vn 1.000 0.000 0.000
vn 1.000 0.000 0.000
vn 1.000 0.000 0.000
vn 1.000 0.000 0.000
vn 1.000 0.000 0.000
vn 1.000 0.000 0.000
vn 1.000 0.000 0.000
vn 1.000 0.000 0.000
vn 1.000 0.000 0.000
vn 1.000 0.000 0.000
vn 1.000 0.000 0.000
vn 1.000 0.000 0.000
vn 1.000 0.000 0.000
vn 1.000 0.000 0.000
vn 1.000 0.000 0.000
vn 1.000 0.000 0.000
vn 1.000 0.000 0.000
vn 1.000 0.000 0.000
vn 1.000 0.000 0.000
vn 1.000 0.000 0.000
vn 1.000 0.000 0.000
vn 1.000 0.000 0.000
vn 1.000 0.000 0.000
vn 1.000 0.000 0.000
vn 1.000 0.000 0.000
vn 1.000 0.000 0.000
vn 1.000 0.000 0.000
vn 1.000 0.000 0.000
vn 1.000 0.000 0.000
vn 1.000 0.000 0.000
vn 1.000 0.000 0.000
vn 1.000 0.000 0.000
vn 1.000 0.000 0.000
vn 1.000 0.000 0.000
vn 1.000 0.000 0.000
vn 1.000 0.000 0.000
vn 1.000 0.000 0.000
vn 1.000 0.000 0.000
vn 1.000 0.000 0.000
vn 1.000 0.000 0.000
vn 1.000 0.000 0.000
vn 1.000 0.000 0.000
vn 1.000 0.000 0.000
vn 1.000 0.000 0.000
vn 1.000 0.000 0.000
vn 0.000 0.991 -0.131
vn 0.000 0.991 -0.131
vn 0.000 1.000 0.000
vn 0.000 1.000 0.000
vn 1.000 0.000 0.000
vn 1.000 0.000 0.000
vn 1.000 0.000 0.000
vn 1.000 0.000 0.000
vn 1.000 0.000 0.000
vn 1.000 0.000 0.000
vn 1.000 0.000 0.000
vn 1.000 0.000 0.000
vn 1.000 0.000 0.000
vn 1.000 0.000 0.000
vn 1.000 0.000 0.000
vn 1.000 0.000 0.000
vn 1.000 0.000 0.000
vn 1.000 0.000 0.000
vn 1.000 0.000 0.000
vn 1.000 0.000 0.000
vn 1.000 0.000 0.000
vn 1.000 0.000 0.000
vn 1.000 0.000 0.000
vn 1.000 0.000 0.000
vn 1.000 0.000 0.000
vn 1.000 0.000 0.000
vn 1.000 0.000 0.000
vn 1.000 0.000 0.000
vn 1.000 0.000 0.000
vn 1.000 0.000 0.000
vn 1.000 0.000 0.000
vn 0.000 -0.609 0.793
vn 0.000 -0.609 0.793
vn 0.000 -0.843 0.537
vn 0.000 -0.843 0.537
vn 0.000 -0.976 0.216
vn 0.000 -0.976 0.216
vn 0.000 -0.991 -0.131
vn 0.000 -0.991 -0.131
vn 0.000 -0.887 -0.462
vn 0.000 -0.887 -0.462
vn 0.000 -0.676 -0.737
vn 0.000 -0.676 -0.737
vn 0.000 -0.383 -0.924
vn 0.000 -0.383 -0.924
vn 0.000 -0.044 -0.999
vn 0.000 -0.044 -0.999
vn 0.000 0.301 -0.954
vn 0.000 0.301 -0.954
vn 0.000 0.609 -0.793
vn 0.000 0.609 -0.793
vn 0.000 -0.947 0.321
vn 0.000 -0.991 0.131
vn 0.000 -0.991 0.131
vn 0.000 -0.866 0.500
vn 0.000 -0.947 0.321
vn 0.000 -0.752 0.659
vn 0.000 -0.866 0.500
vn 0.000 -0.609 0.793
vn 0.000 -0.752 0.659
vn 0.000 -0.609 0.793
vn 0.000 1.000 0.000
vn 0.000 1.000 0.000
vn 0.000 0.930 0.368
vn 0.000 0.930 0.368
vn 0.000 0.730 0.684
vn 0.000 0.730 0.684
vn 0.000 0.428 0.904
vn 0.000 0.428 0.904
vn 0.000 0.065 0.998
vn 0.000 0.065 0.998
vn 0.000 -0.306 0.952
vn 0.000 -0.306 0.952
vn 0.000 -0.634 0.773
vn 0.000 -0.634 0.773
vn 0.000 -0.874 0.486
vn 0.000 -0.874 0.486
vn 0.000 -0.991 0.131
vn 0.000 -0.991 0.131
vn 0.000 0.609 -0.793
vn 0.000 0.609 -0.793
vn 0.000 0.725 -0.688
vn 0.000 0.725 -0.688
vn 0.000 0.824 -0.566
vn 0.000 0.824 -0.566
vn 0.000 0.903 -0.431
vn 0.000 0.903 -0.431
vn 0.000 0.959 -0.284
vn 0.000 0.959 -0.284
vn 0.000 0.991 -0.131
vn 0.000 0.991 -0.131
vn 0.000 -0.383 -0.924
vn 0.000 -0.383 -0.924
vn 0.000 -0.065 -0.998
vn 0.000 -0.065 -0.998
vn 0.000 0.259 -0.966
vn 0.000 0.259 -0.966
vn 0.000 0.556 -0.831
vn 0.000 0.556 -0.831
vn 0.000 0.793 -0.609
vn 0.000 0.793 -0.609
vn 0.000 0.947 -0.321
vn 0.000 0.947 -0.321
vn 0.000 1.000 0.000
vn 0.000 1.000 0.000
vn 1.000 0.000 0.000
vn 1.000 0.000 0.000
vn 1.000 0.000 0.000
vn 1.000 0.000 0.000
vn 1.000 0.000 0.000
vn 1.000 0.000 0.000
vn 1.000 0.000 0.000
vn 1.000 0.000 0.000
vn 1.000 0.000 0.000
vn 1.000 0.000 0.000
vn 1.000 0.000 0.000
vn 1.000 0.000 0.000
vn 1.000 0.000 0.000
vn 1.000 0.000 0.000
vn 1.000 0.000 0.000
vn 1.000 0.000 0.000
vn 1.000 0.000 0.000
vn 1.000 0.000 0.000
vn 1.000 0.000 0.000
vn 1.000 0.000 0.000
vn 1.000 0.000 0.000
vn 1.000 0.000 0.000
vn 1.000 0.000 0.000
vn 1.000 0.000 0.000
vn 1.000 0.000 0.000
vn 1.000 0.000 0.000
vn 1.000 0.000 0.000
vn 1.000 0.000 0.000
vn 0.000 1.000 0.000
vn 0.000 1.000 0.000
vn 0.000 0.957 0.290
vn 0.000 0.957 0.290
vn 0.000 0.831 0.556
vn 0.000 0.831 0.556
vn 0.000 0.634 0.773
vn 0.000 0.634 0.773
vn 0.000 0.383 0.924
vn 0.000 0.383 0.924
vn 0.000 0.195 -0.981
vn 0.000 0.383 -0.924
vn 0.000 0.383 -0.924
vn 0.000 0.000 -1.000
vn 0.000 0.195 -0.981
vn 0.000 -0.195 -0.981
vn 0.000 0.000 -1.000
vn 0.000 -0.383 -0.924
vn 0.000 -0.195 -0.981
vn 0.000 -0.383 -0.924
vn 0.000 -0.383 0.924
vn 0.000 -0.383 0.924
vn 0.000 -0.676 0.737
vn 0.000 -0.676 0.737
vn 0.000 -0.887 0.462
vn 0.000 -0.887 0.462
vn 0.000 -0.991 0.131
vn 0.000 -0.991 0.131
vn 0.000 -0.976 -0.216
vn 0.000 -0.976 -0.216
vn 0.000 -0.843 -0.537
vn 0.000 -0.843 -0.537
vn 0.000 -0.609 -0.793
vn 0.000 -0.609 -0.793
vn 0.000 -0.301 -0.954
vn 0.000 -0.301 -0.954
vn 0.000 0.044 -0.999
vn 0.000 0.044 -0.999
vn 0.000 0.383 -0.924
vn 0.000 0.383 -0.924
vn 0.000 0.383 0.924
vn 0.000 0.383 0.924
vn 0.000 0.233 0.972
vn 0.000 0.233 0.972
vn 0.000 0.078 0.997
vn 0.000 0.078 0.997
vn 0.000 -0.078 0.997
vn 0.000 -0.078 0.997
vn 0.000 -0.233 0.972
vn 0.000 -0.233 0.972
vn 0.000 -0.383 0.924
vn 0.000 -0.383 0.924
vn 0.000 -0.609 -0.793
vn 0.000 -0.609 -0.793
vn 0.000 -0.280 -0.960
vn 0.000 -0.280 -0.960
vn 0.000 0.087 -0.996
vn 0.000 0.087 -0.996
vn 0.000 0.442 -0.897
vn 0.000 0.442 -0.897
vn 0.000 0.737 -0.676
vn 0.000 0.737 -0.676
vn 0.000 0.932 -0.362
vn 0.000 0.932 -0.362
vn 0.000 1.000 0.000
vn 0.000 1.000 0.000
vn 1.000 0.000 0.000
vn 1.000 0.000 0.000
vn 1.000 0.000 0.000
vn 1.000 0.000 0.000
vn 1.000 0.000 0.000
vn 1.000 0.000 0.000
vn 1.000 0.000 0.000
vn 1.000 0.000 0.000
vn 1.000 0.000 0.000
vn 1.000 0.000 0.000
vn 1.000 0.000 0.000
vn 1.000 0.000 0.000
vn 1.000 0.000 0.000
vn 1.000 0.000 0.000
vn 1.000 0.000 0.000
vn 1.000 0.000 0.000
vn 1.000 0.000 0.000
vn 1.000 0.000 0.000
vn 1.000 0.000 0.000
vn 1.000 0.000 0.000
vn 1.000 0.000 0.000
vn 1.000 0.000 0.000
vn 1.000 0.000 0.000
vn 1.000 0.000 0.000
vn 1.000 0.000 0.000
vn 1.000 0.000 0.000
vn 1.000 0.000 0.000
vn 0.000 0.991 0.131
vn 0.000 0.991 0.131
vn 0.000 0.887 0.462
vn 0.000 0.887 0.462
vn 0.000 0.676 0.737
vn 0.000 0.676 0.737
vn 0.000 0.383 0.924
vn 0.000 0.383 0.924
vn 0.000 0.044 0.999
vn 0.000 0.044 0.999
vn 0.000 -0.301 0.954
vn 0.000 -0.301 0.954
vn 0.000 -0.609 0.793
vn 0.000 -0.609 0.793
vn 0.000 -0.843 0.537
vn 0.000 -0.843 0.537
vn 0.000 -0.976 0.216
vn 0.000 -0.976 0.216
vn 0.000 -0.991 -0.131
vn 0.000 -0.991 -0.131
vn 0.000 0.752 0.659
vn 0.000 0.609 0.793
vn 0.000 0.609 0.793
vn 0.000 0.866 0.500
vn 0.000 0.752 0.659
vn 0.000 0.947 0.321
vn 0.000 0.866 0.500
vn 0.000 0.991 0.131
vn 0.000 0.947 0.321
vn 0.000 0.991 0.131
vn 0.000 1.000 0.000
vn 0.000 1.000 0.000
vn 0.000 0.954 0.301
vn 0.000 0.954 0.301
vn 0.000 0.819 0.574
vn 0.000 0.819 0.574
vn 0.000 0.609 0.793
vn 0.000 0.609 0.793
vn 0.000 -0.991 -0.131
vn 0.000 -0.991 -0.131
vn 0.000 -0.959 -0.284
vn 0.000 -0.959 -0.284
vn 0.000 -0.903 -0.431
vn 0.000 -0.903 -0.431
vn 0.000 -0.824 -0.566
vn 0.000 -0.824 -0.566
vn 0.000 -0.725 -0.688
vn 0.000 -0.725 -0.688
vn 0.000 -0.609 -0.793
vn 0.000 -0.609 -0.793
vn -0.599 -0.653 0.463
vn -0.409 -0.887 0.215
vn -0.468 -0.835 0.288
vn -0.409 -0.887 0.215
vn -0.157 -0.985 -0.066
vn -0.157 -0.985 -0.066
vn -0.300 -0.950 0.089
vn 0.119 -0.934 -0.337
vn 0.094 -0.945 -0.314
vn -0.108 -0.987 -0.118
vn 0.376 -0.740 -0.557
vn 0.287 -0.826 -0.486
vn 0.376 -0.740 -0.557
vn 0.577 -0.434 -0.692
vn 0.591 -0.402 -0.699
vn 0.458 -0.640 -0.617
vn 0.689 -0.061 -0.722
vn 0.676 -0.132 -0.725
vn 0.689 -0.061 -0.722
vn 0.697 0.320 -0.641
vn 0.707 0.149 -0.691
vn 0.697 0.320 -0.641
vn 0.599 0.653 -0.463
vn 0.599 0.653 -0.463
vn 0.680 0.418 -0.602
vn -0.599 -0.653 0.463
vn 0.599 0.653 -0.463
vn 0.409 0.887 -0.215
vn 0.468 0.835 -0.288
vn 0.409 0.887 -0.215
vn 0.157 0.985 0.066
vn 0.157 0.985 0.066
vn 0.300 0.950 -0.089
vn -0.119 0.934 0.337
vn -0.094 0.945 0.314
vn 0.108 0.987 0.118
vn -0.376 0.740 0.557
vn -0.287 0.826 0.486
vn -0.376 0.740 0.557
vn -0.577 0.434 0.692
vn -0.591 0.402 0.699
vn -0.458 0.640 0.617
vn -0.689 0.061 0.722
vn -0.676 0.132 0.725
vn -0.689 0.061 0.722
vn -0.697 -0.320 0.641
vn -0.707 -0.149 0.691
vn -0.697 -0.320 0.641
vn -0.599 -0.653 0.463
vn -0.599 -0.653 0.463
vn -0.680 -0.418 0.602
vn 0.599 0.653 -0.463
vn 0.707 -0.159 0.689
vn 0.707 -0.159 0.689
vn 0.914 0.013 0.406
vn 0.707 -0.159 0.689
vn 0.924 -0.090 0.372
vn 0.707 -0.159 0.689
vn 0.912 -0.197 0.359
vn 0.707 -0.159 0.689
vn 0.879 -0.301 0.369
vn 0.707 -0.159 0.689
vn 0.828 -0.392 0.400
vn 0.707 -0.159 0.689
vn 0.763 -0.463 0.451
vn 0.707 -0.159 0.689
vn 0.689 -0.508 0.516
vn 0.707 -0.159 0.689
vn 0.612 -0.525 0.592
vn 0.707 -0.159 0.689
vn 0.538 -0.510 0.670
vn 0.707 -0.159 0.689
vn 0.474 -0.467 0.747
vn 0.707 -0.159 0.689
vn 0.424 -0.397 0.814
vn 0.882 0.103 0.459
vn 0.981 0.183 0.062
vn 1.000 -0.007 -0.002
vn 0.978 -0.205 -0.025
vn 0.918 -0.397 -0.007
vn 0.824 -0.565 0.051
vn 0.703 -0.696 0.144
vn 0.566 -0.780 0.265
vn 0.424 -0.811 0.404
vn 0.288 -0.784 0.550
vn 0.169 -0.703 0.691
vn 0.077 -0.574 0.815
vn 0.923 0.350 0.159
vn 0.899 0.326 -0.292
vn 0.924 0.077 -0.375
vn 0.896 -0.182 -0.406
vn 0.817 -0.432 -0.382
vn 0.694 -0.652 -0.307
vn 0.536 -0.824 -0.185
vn 0.357 -0.934 -0.027
vn 0.171 -0.973 0.155
vn -0.007 -0.938 0.346
vn -0.162 -0.833 0.530
vn -0.282 -0.664 0.692
vn 0.824 0.543 -0.165
vn 0.680 0.418 -0.602
vn 0.707 0.149 -0.691
vn 0.697 0.320 -0.641
vn 0.689 -0.061 -0.722
vn 0.676 -0.132 -0.725
vn 0.591 -0.402 -0.699
vn 0.458 -0.640 -0.617
vn 0.376 -0.740 -0.557
vn 0.287 -0.826 -0.486
vn 0.094 -0.945 -0.314
vn -0.108 -0.987 -0.118
vn -0.300 -0.950 0.089
vn -0.157 -0.985 -0.066
vn -0.409 -0.887 0.215
vn -0.468 -0.835 0.288
vn -0.599 -0.653 0.463
vn 0.599 0.653 -0.463
vn 0.707 -0.159 0.689
vn 0.707 -0.159 0.689
vn 0.393 -0.307 0.867
vn 0.707 -0.159 0.689
vn 0.383 -0.204 0.901
vn 0.707 -0.159 0.689
vn 0.394 -0.097 0.914
vn 0.707 -0.159 0.689
vn 0.427 0.007 0.904
vn 0.707 -0.159 0.689
vn 0.478 0.098 0.873
vn 0.707 -0.159 0.689
vn 0.543 0.169 0.822
vn 0.707 -0.159 0.689
vn 0.617 0.215 0.757
vn 0.707 -0.159 0.689
vn 0.694 0.231 0.682
vn 0.707 -0.159 0.689
vn 0.768 0.217 0.603
vn 0.707 -0.159 0.689
vn 0.832 0.173 0.526
vn 0.707 -0.159 0.689
vn 0.882 0.103 0.459
vn 0.424 -0.397 0.814
vn 0.019 -0.408 0.913
vn 0.000 -0.218 0.976
vn 0.022 -0.019 1.000
vn 0.082 0.172 0.982
vn 0.176 0.340 0.924
vn 0.297 0.471 0.831
vn 0.434 0.556 0.709
vn 0.576 0.586 0.570
vn 0.712 0.559 0.424
vn 0.831 0.478 0.284
vn 0.923 0.350 0.159
vn 0.077 -0.574 0.815
vn -0.358 -0.447 0.820
vn -0.383 -0.199 0.902
vn -0.354 0.061 0.933
vn -0.275 0.310 0.910
vn -0.152 0.530 0.834
vn 0.005 0.702 0.712
vn 0.184 0.812 0.554
vn 0.370 0.851 0.372
vn 0.548 0.817 0.182
vn 0.703 0.711 -0.002
vn 0.824 0.543 -0.165
vn -0.282 -0.664 0.692
vn -0.680 -0.418 0.602
vn -0.707 -0.149 0.691
vn -0.697 -0.320 0.641
vn -0.689 0.061 0.722
vn -0.676 0.132 0.725
vn -0.591 0.402 0.699
vn -0.458 0.640 0.617
vn -0.287 0.826 0.486
vn -0.376 0.740 0.557
vn -0.094 0.945 0.314
vn 0.108 0.987 0.118
vn 0.300 0.950 -0.089
vn 0.157 0.985 0.066
vn 0.409 0.887 -0.215
vn 0.468 0.835 -0.288
vn 0.599 0.653 -0.463
vn -0.599 -0.653 0.463
vn 0.707 -0.159 0.689
vn 0.707 -0.159 0.689
vn 0.707 -0.159 0.689
vn 0.707 -0.159 0.689
vn 0.707 -0.159 0.689
vn 0.707 -0.159 0.689
vn 0.707 -0.159 0.689
vn 0.707 -0.159 0.689
vn 0.707 -0.159 0.689
vn 0.707 -0.159 0.689
vn 0.707 -0.159 0.689
vn 0.707 -0.159 0.689
vn 0.707 -0.159 0.689
vn 0.707 -0.159 0.689
vn 0.707 -0.159 0.689
vn 0.707 -0.159 0.689
vn 0.707 -0.159 0.689
vn 0.707 -0.159 0.689
vn 0.707 -0.159 0.689
vn 0.707 -0.159 0.689
vn 0.707 -0.159 0.689
vn 0.707 -0.159 0.689
vn 0.707 -0.159 0.689
vn 0.707 -0.159 0.689
vn 0.707 -0.159 0.689
vn 0.707 -0.159 0.689
vn 0.707 -0.159 0.689
vn 0.707 -0.159 0.689
vn 0.707 -0.159 0.689
vn 0.707 -0.159 0.689
vn 0.707 -0.159 0.689
vn 0.707 -0.159 0.689
vn 0.707 -0.159 0.689
vn 0.707 -0.159 0.689
vn 0.707 -0.159 0.689
vn 0.707 -0.159 0.689
vn 0.707 -0.159 0.689
vn 0.707 -0.159 0.689
vn 0.707 -0.159 0.689
vn 0.707 -0.159 0.689
vn -0.599 -0.653 0.463
vn -0.691 -0.361 0.626
vn -0.368 -0.394 0.842
vn -0.377 -0.084 0.923
vn -0.703 -0.267 0.659
vn -0.701 -0.025 0.713
vn -0.668 0.171 0.725
vn -0.307 0.230 0.924
vn -0.625 0.314 0.714
vn -0.475 0.615 0.629
vn -0.168 0.508 0.845
vn -0.267 0.842 0.468
vn 0.024 0.717 0.696
vn -0.027 0.968 0.251
vn 0.246 0.833 0.495
vn 0.471 0.841 0.267
vn 0.079 0.986 0.147
vn 0.217 0.976 0.003
vn 0.376 0.910 -0.176
vn 0.671 0.740 0.037
vn 0.434 0.867 -0.245
vn 0.599 0.653 -0.463
vn 0.824 0.543 -0.165
vn -0.282 -0.664 0.692
vn 0.011 -0.368 0.930
vn 0.005 -0.130 0.992
vn 0.058 0.110 0.992
vn 0.164 0.323 0.932
vn 0.311 0.483 0.818
vn 0.481 0.572 0.665
vn 0.653 0.578 0.489
vn 0.807 0.501 0.314
vn 0.923 0.350 0.159
vn 0.077 -0.574 0.815
vn 0.389 -0.285 0.876
vn 0.385 -0.156 0.909
vn 0.414 -0.027 0.910
vn 0.472 0.089 0.877
vn 0.551 0.175 0.816
vn 0.643 0.223 0.733
vn 0.736 0.227 0.638
vn 0.819 0.185 0.543
vn 0.882 0.103 0.459
vn 0.424 -0.397 0.814
vn 0.707 -0.159 0.689
vn 0.707 -0.159 0.689
vn 0.707 -0.159 0.689
vn 0.707 -0.159 0.689
vn 0.707 -0.159 0.689
vn 0.707 -0.159 0.689
vn 0.707 -0.159 0.689
vn 0.707 -0.159 0.689
vn 0.707 -0.159 0.689
vn 0.707 -0.159 0.689
vn -0.707 0.159 -0.689
vn -0.707 0.159 -0.689
vn -0.707 0.159 -0.689
vn -0.707 0.159 -0.689
vn -0.707 0.159 -0.689
vn -0.707 0.159 -0.689
vn -0.707 0.159 -0.689
vn -0.707 0.159 -0.689
vn -0.707 0.159 -0.689
vn -0.707 0.159 -0.689
vn -0.707 0.159 -0.689
vn -0.707 0.159 -0.689
vn -0.707 0.159 -0.689
vn -0.707 0.159 -0.689
vn -0.707 0.159 -0.689
vn -0.707 0.159 -0.689
vn -0.707 0.159 -0.689
vn -0.707 0.159 -0.689
vn -0.707 0.159 -0.689
vn -0.707 0.159 -0.689
vn -0.707 0.159 -0.689
vn -0.707 0.159 -0.689
vn -0.707 0.159 -0.689
vn -0.707 0.159 -0.689
vn -0.707 0.159 -0.689
vn -0.707 0.159 -0.689
vn -0.707 0.159 -0.689
vn -0.707 0.159 -0.689
vn -0.707 0.159 -0.689
vn -0.707 0.159 -0.689
vn 0.599 0.653 -0.463
vn 0.703 0.267 -0.659
vn 0.691 0.361 -0.626
vn 0.703 0.267 -0.659
vn 0.668 -0.171 -0.725
vn 0.701 0.025 -0.713
vn 0.668 -0.171 -0.725
vn 0.500 -0.576 -0.646
vn 0.475 -0.615 -0.629
vn 0.625 -0.314 -0.714
vn 0.234 -0.867 -0.440
vn 0.267 -0.842 -0.468
vn -0.079 -0.986 -0.147
vn 0.027 -0.968 -0.251
vn -0.079 -0.986 -0.147
vn -0.376 -0.910 0.176
vn -0.376 -0.910 0.176
vn -0.217 -0.976 -0.003
vn -0.599 -0.653 0.463
vn -0.599 -0.653 0.463
vn -0.434 -0.867 0.245
vn 0.599 0.653 -0.463
vn -0.599 -0.653 0.463
vn -0.703 -0.267 0.659
vn -0.691 -0.361 0.626
vn -0.703 -0.267 0.659
vn -0.668 0.171 0.725
vn -0.701 -0.025 0.713
vn -0.668 0.171 0.725
vn -0.500 0.576 0.646
vn -0.475 0.615 0.629
vn -0.625 0.314 0.714
vn -0.234 0.867 0.440
vn -0.267 0.842 0.468
vn 0.079 0.986 0.147
vn -0.027 0.968 0.251
vn 0.079 0.986 0.147
vn 0.376 0.910 -0.176
vn 0.376 0.910 -0.176
vn 0.217 0.976 0.003
vn 0.599 0.653 -0.463
vn 0.599 0.653 -0.463
vn 0.434 0.867 -0.245
vn -0.599 -0.653 0.463
vn 0.599 0.653 -0.463
vn 0.691 0.361 -0.626
vn 0.909 0.272 -0.315
vn 0.918 -0.038 -0.395
vn 0.703 0.267 -0.659
vn 0.701 0.025 -0.713
vn 0.668 -0.171 -0.725
vn 0.848 -0.351 -0.396
vn 0.625 -0.314 -0.714
vn 0.475 -0.615 -0.629
vn 0.709 -0.629 -0.318
vn 0.267 -0.842 -0.468
vn 0.517 -0.839 -0.169
vn 0.027 -0.968 -0.251
vn 0.295 -0.955 0.032
vn 0.070 -0.963 0.261
vn -0.079 -0.986 -0.147
vn -0.217 -0.976 -0.003
vn -0.376 -0.910 0.176
vn -0.130 -0.862 0.490
vn -0.434 -0.867 0.245
vn -0.599 -0.653 0.463
vn -0.282 -0.664 0.692
vn 0.824 0.543 -0.165
vn 0.989 0.143 0.044
vn 0.995 -0.095 -0.017
vn 0.942 -0.335 -0.018
vn 0.836 -0.548 0.042
vn 0.689 -0.708 0.156
vn 0.519 -0.797 0.310
vn 0.347 -0.803 0.485
vn 0.193 -0.726 0.660
vn 0.077 -0.574 0.815
vn 0.923 0.350 0.159
vn 0.918 -0.009 0.397
vn 0.921 -0.137 0.364
vn 0.893 -0.267 0.363
vn 0.835 -0.382 0.396
vn 0.755 -0.469 0.457
vn 0.663 -0.517 0.541
vn 0.570 -0.521 0.635
vn 0.487 -0.479 0.730
vn 0.424 -0.397 0.814
vn 0.882 0.103 0.459
vn 0.707 -0.159 0.689
vn 0.707 -0.159 0.689
vn 0.707 -0.159 0.689
vn 0.707 -0.159 0.689
vn 0.707 -0.159 0.689
vn 0.707 -0.159 0.689
vn 0.707 -0.159 0.689
vn 0.707 -0.159 0.689
vn 0.707 -0.159 0.689
vn 0.707 -0.159 0.689
vt 6.2832 -0.0036 0
vt 5.8344 0.0000 0
vt 0.0000 0.0000 0
vt 5.8344 -0.0036 0
vt 5.3856 0.0000 0
vt 5.3856 -0.0036 0
vt 4.9368 0.0000 0
vt 4.9368 -0.0036 0
vt 4.4880 0.0000 0
vt 4.4880 -0.0036 0
vt 4.0392 0.0000 0
vt 4.0392 -0.0036 0
vt 3.5904 0.0000 0
vt 3.5904 -0.0036 0
vt 3.1416 0.0000 0
vt 3.1416 -0.0036 0
vt 2.6928 0.0000 0
vt 3.1416 0.0000 0
vt 2.6928 -0.0036 0
vt 2.2440 0.0000 0
vt 2.2440 -0.0036 0
vt 1.7952 0.0000 0
vt 1.7952 -0.0036 0
vt 1.3464 0.0000 0
vt 1.3464 -0.0036 0
vt 0.8976 0.0000 0
vt 0.8976 -0.0036 0
vt 0.4488 0.0000 0
vt 0.4488 -0.0036 0
vt 0.0000 0.0000 0
vt 5.8344 -0.0005 0
vt 0.0000 -0.0005 0
vt 0.0000 -0.0160 0
vt 5.3856 -0.0005 0
vt 5.8344 -0.0160 0
vt 4.9368 -0.0005 0
vt 5.3856 -0.0160 0
vt 4.4880 -0.0005 0
vt 4.9368 -0.0160 0
vt 4.0392 -0.0005 0
vt 4.4880 -0.0160 0
vt 3.5904 -0.0005 0
vt 4.0392 -0.0160 0
vt 3.1416 -0.0005 0
vt 3.5904 -0.0160 0
vt 3.1416 -0.0160 0
vt 2.6928 -0.0005 0
vt 3.1416 -0.0005 0
vt 3.1416 -0.0160 0
vt 2.2440 -0.0005 0
vt 2.6928 -0.0160 0
vt 1.7952 -0.0005 0
vt 2.2440 -0.0160 0
vt 1.3464 -0.0005 0
vt 1.7952 -0.0160 0
vt 0.8976 -0.0005 0
vt 1.3464 -0.0160 0
vt 0.4488 -0.0005 0
vt 0.8976 -0.0160 0
vt 0.0000 -0.0005 0
vt 0.4488 -0.0160 0
vt 0.0000 -0.0160 0
vt 3.1416 0.0000 0
vt 3.5904 0.0000 0
vt 3.5904 -0.0005 0
vt 4.0392 0.0000 0
vt 4.0392 -0.0005 0
vt 4.4880 0.0000 0
vt 4.4880 -0.0005 0
vt 4.9368 0.0000 0
vt 4.9368 -0.0005 0
vt 5.3856 0.0000 0
vt 5.3856 -0.0005 0
vt 5.8344 0.0000 0
vt 5.8344 -0.0005 0
vt 0.0000 0.0000 0
vt 0.0000 -0.0005 0
vt 3.1416 -0.0005 0
vt 0.0000 0.0000 0
vt 0.4488 0.0000 0
vt 0.4488 -0.0005 0
vt 0.8976 0.0000 0
vt 0.8976 -0.0005 0
vt 1.3464 0.0000 0
vt 1.3464 -0.0005 0
vt 1.7952 0.0000 0
vt 1.7952 -0.0005 0
vt 2.2440 0.0000 0
vt 2.2440 -0.0005 0
vt 2.6928 0.0000 0
vt 2.6928 -0.0005 0
vt 3.1416 0.0000 0
vt 3.1416 -0.0005 0
vt 0.0000 -0.0005 0
vt -0.0470 0.0685 0
vt -0.0307 0.0685 0
vt -0.0307 0.0520 0
vt -0.1797 0.0520 0
vt -0.1692 0.0460 0
vt -0.1717 0.0450 0
vt -0.1561 0.0520 0
vt -0.1665 0.0458 0
vt -0.1561 0.0202 0
vt -0.1674 0.0340 0
vt -0.1648 0.0350 0
vt -0.1797 0.0202 0
vt -0.1701 0.0342 0
vt -0.1736 0.0430 0
vt -0.1622 0.0395 0
vt -0.1630 0.0369 0
vt -0.1744 0.0405 0
vt -0.1641 0.0445 0
vt -0.1626 0.0422 0
vt -0.1724 0.0355 0
vt -0.1740 0.0378 0
vt -0.1797 -0.0063 0
vt -0.1561 -0.0063 0
vt -0.1561 -0.0202 0
vt -0.0790 -0.0807 0
vt -0.0612 -0.0750 0
vt -0.0585 -0.0754 0
vt -0.0470 -0.0606 0
vt -0.0568 -0.0636 0
vt -0.0595 -0.0632 0
vt -0.0470 -0.0807 0
vt -0.0530 -0.0702 0
vt -0.0560 -0.0746 0
vt -0.0540 -0.0727 0
vt -0.0648 -0.0711 0
vt -0.0635 -0.0734 0
vt -0.0790 -0.0606 0
vt -0.0532 -0.0675 0
vt -0.0545 -0.0651 0
vt -0.0621 -0.0640 0
vt -0.0640 -0.0658 0
vt -0.0650 -0.0684 0
vt -0.0790 0.0807 0
vt -0.0651 0.0930 0
vt -0.0546 0.0885 0
vt -0.0762 0.0963 0
vt -0.0354 0.0758 0
vt -0.0470 0.0807 0
vt -0.0446 0.0827 0
vt -0.0270 0.0679 0
vt -0.0196 0.0591 0
vt -0.0181 0.0202 0
vt -0.0081 0.0392 0
vt -0.0042 0.0284 0
vt -0.0181 0.0520 0
vt -0.0133 0.0495 0
vt -0.0181 -0.0202 0
vt -0.0081 -0.0392 0
vt -0.0133 -0.0495 0
vt -0.0015 -0.0172 0
vt -0.0042 -0.0284 0
vt -0.0354 -0.0758 0
vt -0.0307 -0.0606 0
vt -0.0270 -0.0679 0
vt -0.0546 -0.0885 0
vt -0.0446 -0.0827 0
vt -0.0651 -0.0930 0
vt -0.1190 -0.0807 0
vt -0.1329 -0.0930 0
vt -0.1434 -0.0885 0
vt -0.1218 -0.0963 0
vt -0.1561 -0.0606 0
vt -0.1190 -0.0606 0
vt -0.1385 -0.0632 0
vt -0.1534 -0.0827 0
vt -0.1395 -0.0754 0
vt -0.1412 -0.0636 0
vt -0.1435 -0.0651 0
vt -0.1360 -0.0640 0
vt -0.1330 -0.0684 0
vt -0.1340 -0.0658 0
vt -0.1332 -0.0711 0
vt -0.1368 -0.0750 0
vt -0.1345 -0.0734 0
vt -0.1421 -0.0746 0
vt -0.1626 -0.0758 0
vt -0.1450 -0.0702 0
vt -0.1440 -0.0727 0
vt -0.1448 -0.0675 0
vt -0.1797 -0.0202 0
vt -0.1674 -0.0340 0
vt -0.1630 -0.0370 0
vt -0.1648 -0.0350 0
vt -0.1626 -0.0422 0
vt -0.1622 -0.0395 0
vt -0.1692 -0.0460 0
vt -0.1710 -0.0679 0
vt -0.1784 -0.0591 0
vt -0.1847 -0.0495 0
vt -0.1736 -0.0431 0
vt -0.1717 -0.0450 0
vt -0.1665 -0.0458 0
vt -0.1740 -0.0378 0
vt -0.1724 -0.0355 0
vt -0.1701 -0.0342 0
vt -0.1641 -0.0445 0
vt -0.1744 -0.0405 0
vt -0.1899 -0.0392 0
vt -0.1938 -0.0284 0
vt -0.1899 0.0392 0
vt -0.1847 0.0495 0
vt -0.1938 0.0284 0
vt -0.1965 0.0172 0
vt -0.1784 0.0591 0
vt -0.1710 0.0679 0
vt -0.1561 0.0685 0
vt -0.1626 0.0758 0
vt -0.1190 0.0807 0
vt -0.1534 0.0827 0
vt -0.1434 0.0885 0
vt -0.1329 0.0930 0
vt -0.0790 0.0520 0
vt -0.0834 0.0486 0
vt -0.0902 0.0502 0
vt -0.0767 0.0459 0
vt -0.1190 0.0685 0
vt -0.1014 0.0579 0
vt -0.1020 0.0579 0
vt -0.1098 0.0570 0
vt -0.0790 0.0685 0
vt -0.0988 0.0576 0
vt -0.0956 0.0564 0
vt -0.0929 0.0544 0
vt -0.0908 0.0516 0
vt -0.1375 0.0434 0
vt -0.1430 0.0378 0
vt -0.1313 0.0482 0
vt -0.1246 0.0521 0
vt -0.1489 0.0291 0
vt -0.1476 0.0316 0
vt -0.1496 0.0256 0
vt -0.1492 0.0221 0
vt -0.1489 0.0108 0
vt -0.1499 0.0036 0
vt -0.1478 0.0188 0
vt -0.1469 0.0175 0
vt -0.1489 -0.0108 0
vt -0.1469 -0.0175 0
vt -0.1478 -0.0188 0
vt -0.1499 -0.0036 0
vt -0.1246 -0.0521 0
vt -0.1313 -0.0482 0
vt -0.1430 -0.0378 0
vt -0.1375 -0.0434 0
vt -0.1476 -0.0316 0
vt -0.1489 -0.0291 0
vt -0.1496 -0.0256 0
vt -0.1492 -0.0221 0
vt -0.0909 -0.0517 0
vt -0.0902 -0.0502 0
vt -0.0834 -0.0486 0
vt -0.1020 -0.0579 0
vt -0.1173 -0.0550 0
vt -0.1098 -0.0570 0
vt -0.0930 -0.0545 0
vt -0.0959 -0.0566 0
vt -0.0993 -0.0577 0
vt -0.0648 -0.0378 0
vt -0.0599 -0.0327 0
vt -0.0704 -0.0423 0
vt -0.0767 -0.0459 0
vt -0.0515 -0.0310 0
vt -0.0488 -0.0286 0
vt -0.0548 -0.0324 0
vt -0.0583 -0.0329 0
vt -0.0307 -0.0063 0
vt -0.0307 -0.0202 0
vt -0.0422 -0.0116 0
vt -0.0443 -0.0192 0
vt -0.0307 0.0202 0
vt -0.0411 0.0039 0
vt -0.0411 -0.0039 0
vt -0.0422 0.0116 0
vt -0.0470 0.0520 0
vt -0.0580 0.0329 0
vt -0.0599 0.0327 0
vt -0.0704 0.0423 0
vt -0.0648 0.0378 0
vt -0.0548 0.0324 0
vt -0.0492 0.0290 0
vt -0.0517 0.0311 0
vt -0.0473 0.0263 0
vt -0.0002 0.0058 0
vt -0.0127 0.0014 0
vt -0.0139 0.0041 0
vt -0.0002 -0.0058 0
vt -0.0127 -0.0014 0
vt -0.0139 -0.0041 0
vt -0.0015 0.0172 0
vt -0.0181 -0.0063 0
vt -0.0162 -0.0059 0
vt -0.0162 0.0059 0
vt -0.0253 0.0014 0
vt -0.0253 -0.0014 0
vt -0.0241 0.0041 0
vt -0.0218 0.0059 0
vt -0.0241 -0.0041 0
vt -0.0190 0.0065 0
vt -0.0218 -0.0059 0
vt -0.0190 -0.0065 0
vt -0.1752 0.0048 0
vt -0.1776 0.0059 0
vt -0.1729 0.0000 0
vt -0.1804 -0.0059 0
vt -0.1776 -0.0059 0
vt -0.1735 0.0026 0
vt -0.1752 -0.0048 0
vt -0.1735 -0.0026 0
vt -0.1965 -0.0172 0
vt -0.1978 -0.0058 0
vt -0.1845 -0.0026 0
vt -0.1978 0.0058 0
vt -0.1845 0.0026 0
vt -0.1851 0.0000 0
vt -0.1828 0.0048 0
vt -0.1828 -0.0048 0
vt -0.1804 0.0059 0
vt -0.1412 0.0636 0
vt -0.1385 0.0632 0
vt -0.1173 0.0550 0
vt -0.1340 0.0658 0
vt -0.1330 0.0684 0
vt -0.1360 0.0640 0
vt -0.1435 0.0651 0
vt -0.1448 0.0675 0
vt -0.1368 0.0750 0
vt -0.1395 0.0754 0
vt -0.1332 0.0711 0
vt -0.1345 0.0734 0
vt -0.1440 0.0727 0
vt -0.1450 0.0702 0
vt -0.1421 0.0746 0
vt -0.0990 0.0739 0
vt -0.0942 0.0762 0
vt -0.0931 0.0786 0
vt -0.0964 0.0745 0
vt -0.1038 0.0762 0
vt -0.1016 0.0745 0
vt -0.1049 0.0786 0
vt -0.1049 0.0814 0
vt -0.1038 0.0838 0
vt -0.1218 0.0963 0
vt -0.1105 0.0983 0
vt -0.0990 0.0990 0
vt -0.0990 0.0861 0
vt -0.1016 0.0855 0
vt -0.0875 0.0983 0
vt -0.0964 0.0855 0
vt -0.0942 0.0838 0
vt -0.0931 0.0814 0
vt -0.0545 0.0651 0
vt -0.0532 0.0675 0
vt -0.0621 0.0640 0
vt -0.0595 0.0632 0
vt -0.0568 0.0636 0
vt -0.0650 0.0684 0
vt -0.0640 0.0658 0
vt -0.0585 0.0754 0
vt -0.0530 0.0702 0
vt -0.0560 0.0746 0
vt -0.0540 0.0727 0
vt -0.0612 0.0750 0
vt -0.0635 0.0734 0
vt -0.0648 0.0711 0
vt -0.0332 0.0350 0
vt -0.0443 0.0192 0
vt -0.0358 0.0395 0
vt -0.0350 0.0370 0
vt -0.0354 0.0422 0
vt -0.0306 0.0340 0
vt -0.0315 0.0458 0
vt -0.0339 0.0445 0
vt -0.0263 0.0450 0
vt -0.0288 0.0460 0
vt -0.0244 0.0431 0
vt -0.0240 0.0378 0
vt -0.0236 0.0405 0
vt -0.0279 0.0342 0
vt -0.0256 0.0355 0
vt -0.0332 -0.0350 0
vt -0.0350 -0.0370 0
vt -0.0473 -0.0263 0
vt -0.0306 -0.0340 0
vt -0.0339 -0.0445 0
vt -0.0315 -0.0458 0
vt -0.0358 -0.0395 0
vt -0.0354 -0.0422 0
vt -0.0196 -0.0591 0
vt -0.0288 -0.0460 0
vt -0.0236 -0.0405 0
vt -0.0263 -0.0450 0
vt -0.0279 -0.0342 0
vt -0.0240 -0.0378 0
vt -0.0256 -0.0355 0
vt -0.0244 -0.0431 0
vt -0.0964 -0.0745 0
vt -0.0990 -0.0739 0
vt -0.1016 -0.0745 0
vt -0.0942 -0.0762 0
vt -0.0931 -0.0786 0
vt -0.1038 -0.0762 0
vt -0.1049 -0.0786 0
vt -0.0931 -0.0814 0
vt -0.0942 -0.0838 0
vt -0.0762 -0.0963 0
vt -0.0875 -0.0983 0
vt -0.0990 -0.0990 0
vt -0.0990 -0.0861 0
vt -0.0964 -0.0855 0
vt -0.1105 -0.0983 0
vt -0.1016 -0.0855 0
vt -0.1038 -0.0838 0
vt -0.1049 -0.0814 0
vt 0.8247 0.1097 0
vt 1.0996 0.1097 0
vt 1.0996 0.0877 0
vt 0.5498 0.1097 0
vt 0.8247 0.0877 0
vt 0.2749 0.1097 0
vt 0.5498 0.0877 0
vt 0.0000 0.1097 0
vt 0.2749 0.0877 0
vt 0.0000 0.0877 0
vt 1.9074 0.1097 0
vt 2.0420 0.1097 0
vt 2.0420 0.0877 0
vt 1.7728 0.1097 0
vt 1.9074 0.0877 0
vt 1.6381 0.1097 0
vt 1.7728 0.0877 0
vt 1.5035 0.1097 0
vt 1.6381 0.0877 0
vt 1.3688 0.1097 0
vt 1.5035 0.0877 0
vt 1.2342 0.1097 0
vt 1.3688 0.0877 0
vt 1.0996 0.1097 0
vt 1.2342 0.0877 0
vt 1.0996 0.0877 0
vt 4.0018 0.1055 0
vt 4.1364 0.1055 0
vt 4.1364 0.0835 0
vt 3.8672 0.1055 0
vt 4.0018 0.0835 0
vt 3.7325 0.1055 0
vt 3.8672 0.0835 0
vt 3.5979 0.1055 0
vt 3.7325 0.0835 0
vt 3.4632 0.1055 0
vt 3.5979 0.0835 0
vt 3.3286 0.1055 0
vt 3.4632 0.0835 0
vt 3.1940 0.1055 0
vt 3.3286 0.0835 0
vt 3.1940 0.0835 0
vt 6.2308 0.1055 0
vt 0.0000 0.1055 0
vt 0.0000 0.0835 0
vt 6.2308 0.0835 0
vt 6.0962 0.1055 0
vt 6.2308 0.1055 0
vt 6.2308 0.0835 0
vt 5.9615 0.1055 0
vt 6.0962 0.0835 0
vt 5.8269 0.1055 0
vt 5.9615 0.0835 0
vt 5.6923 0.1055 0
vt 5.8269 0.0835 0
vt 5.5576 0.1055 0
vt 5.6923 0.0835 0
vt 5.4230 0.1055 0
vt 5.5576 0.0835 0
vt 5.2883 0.1055 0
vt 5.4230 0.0835 0
vt 5.2883 0.0835 0
vt 0.3109 0.0010 0
vt 0.4527 0.0010 0
vt 0.4527 0.0000 0
vt 0.5945 0.0010 0
vt 0.5945 0.0000 0
vt 0.7363 0.0010 0
vt 0.7363 0.0000 0
vt 0.3109 0.0000 0
vt 0.1841 0.0000 0
vt 0.1789 0.0005 0
vt 0.8683 0.0005 0
vt 0.8631 0.0000 0
vt 0.8739 0.0010 0
vt 0.1733 0.0010 0
vt 2.9575 0.0100 0
vt 2.9575 0.0010 0
vt 2.8307 0.0010 0
vt 2.6889 0.0010 0
vt 2.6872 0.0100 0
vt 2.8258 0.0100 0
vt 2.5471 0.0010 0
vt 2.5487 0.0100 0
vt 2.4053 0.0010 0
vt 2.4102 0.0100 0
vt 2.2785 0.0100 0
vt 2.2785 0.0010 0
vt 2.4102 -0.0003 0
vt 2.4112 0.0000 0
vt 2.4801 0.0000 0
vt 2.5487 -0.0003 0
vt 2.5491 0.0000 0
vt 2.6180 0.0000 0
vt 2.6872 -0.0003 0
vt 2.8258 -0.0003 0
vt 2.7558 0.0000 0
vt 2.6869 0.0000 0
vt 2.9575 -0.0003 0
vt 2.8937 0.0000 0
vt 2.8248 0.0000 0
vt 2.9602 0.0000 0
vt 2.9588 -0.0001 0
vt 2.2785 -0.0003 0
vt 2.2772 -0.0001 0
vt 2.3423 0.0000 0
vt 2.2758 0.0000 0
vt 0.7926 0.1055 0
vt 1.0784 0.1055 0
vt 1.0784 0.0835 0
vt 0.5067 0.1055 0
vt 0.7926 0.0835 0
vt 0.2209 0.1055 0
vt 0.5067 0.0835 0
vt 0.0000 0.1055 0
vt 0.2209 0.0835 0
vt 1.2524 0.0947 0
vt 1.2578 0.0950 0
vt 1.2521 0.1050 0
vt 1.2993 0.1045 0
vt 1.2993 0.0955 0
vt 1.2869 0.0954 0
vt 1.2044 0.1055 0
vt 1.2745 0.0953 0
vt 1.2524 0.0835 0
vt 0.0000 0.0835 0
vt 6.0435 0.0996 0
vt 6.0783 0.1092 0
vt 6.1260 0.1097 0
vt 6.0311 0.0997 0
vt 6.0311 0.1087 0
vt 0.0000 0.1097 0
vt 6.0559 0.0994 0
vt 6.0742 0.0991 0
vt 0.0000 0.0877 0
vt 6.0780 0.0877 0
vt 6.0780 0.0989 0
vt 2.8248 0.0220 0
vt 2.9626 0.0220 0
vt 2.8937 0.0108 0
vt 2.9626 0.0108 0
vt 2.6869 0.0220 0
vt 2.7558 0.0108 0
vt 2.8248 0.0108 0
vt 2.6869 0.0108 0
vt 2.6180 0.0108 0
vt 2.5491 0.0220 0
vt 2.5491 0.0108 0
vt 2.4801 0.0108 0
vt 2.4112 0.0220 0
vt 2.4112 0.0108 0
vt 2.3423 0.0108 0
vt 2.2734 0.0220 0
vt 2.2734 0.0108 0
vt 2.3423 0.0000 0
vt 2.4112 0.0000 0
vt 2.4112 -0.3927 0
vt 2.4801 0.0000 0
vt 2.4801 -0.3927 0
vt 2.5491 0.0000 0
vt 2.5491 -0.3927 0
vt 2.6180 0.0000 0
vt 2.6180 -0.3927 0
vt 2.6869 0.0000 0
vt 2.6869 -0.3927 0
vt 2.7558 0.0000 0
vt 2.7558 -0.3927 0
vt 2.8248 0.0000 0
vt 2.8248 -0.3927 0
vt 2.8937 0.0000 0
vt 2.8937 -0.3927 0
vt 2.9626 0.0000 0
vt 2.9620 -0.3774 0
vt 2.9602 -0.7854 0
vt 2.8937 -0.7854 0
vt 2.8248 -0.7854 0
vt 2.7558 -0.7854 0
vt 2.6869 -0.7854 0
vt 2.6180 -0.7854 0
vt 2.5491 -0.7854 0
vt 2.4801 -0.7854 0
vt 2.3423 -0.3927 0
vt 2.4112 -0.7854 0
vt 2.3423 -0.7854 0
vt 2.2758 -0.7854 0
vt 2.2738 -0.3151 0
vt 2.2734 0.0000 0
vt 4.6415 0.0010 0
vt 4.6415 0.0000 0
vt 4.5087 0.0000 0
vt 4.4997 0.0010 0
vt 4.7833 0.0010 0
vt 4.7803 0.0000 0
vt 4.6445 0.0000 0
vt 4.7833 0.0000 0
vt 4.9251 0.0010 0
vt 4.9161 0.0000 0
vt 4.9251 0.0000 0
vt 5.0571 0.0005 0
vt 5.0519 0.0000 0
vt 5.0626 0.0010 0
vt 4.4997 0.0000 0
vt 4.3729 0.0000 0
vt 4.3677 0.0005 0
vt 4.3621 0.0010 0
vt 5.0519 0.0100 0
vt 5.0519 0.0010 0
vt 4.9251 0.0010 0
vt 4.9202 0.0100 0
vt 4.7816 0.0100 0
vt 4.9161 0.0010 0
vt 4.7833 0.0010 0
vt 4.7803 0.0010 0
vt 4.6445 0.0010 0
vt 4.6431 0.0100 0
vt 4.6415 0.0010 0
vt 4.5087 0.0010 0
vt 4.3729 0.0100 0
vt 4.5046 0.0100 0
vt 4.4997 0.0010 0
vt 4.3729 0.0010 0
vt 4.5046 -0.0003 0
vt 4.5056 0.0000 0
vt 4.5745 0.0000 0
vt 4.6431 -0.0003 0
vt 4.7816 -0.0003 0
vt 4.7124 0.0000 0
vt 4.6435 0.0000 0
vt 4.9202 -0.0003 0
vt 4.8502 0.0000 0
vt 4.7813 0.0000 0
vt 4.3729 -0.0003 0
vt 4.3716 -0.0001 0
vt 4.4367 0.0000 0
vt 5.0519 -0.0003 0
vt 4.9881 0.0000 0
vt 4.9192 0.0000 0
vt 5.0546 0.0000 0
vt 5.0532 -0.0001 0
vt 4.3702 0.0000 0
vt 4.9609 0.1055 0
vt 5.2583 0.1055 0
vt 5.2583 0.0835 0
vt 4.6636 0.1055 0
vt 4.9609 0.0835 0
vt 4.3662 0.1055 0
vt 4.6636 0.0835 0
vt 4.1364 0.1055 0
vt 4.3662 0.0835 0
vt 5.4412 0.0947 0
vt 5.4466 0.0950 0
vt 5.4409 0.1050 0
vt 5.4881 0.1045 0
vt 5.4881 0.0955 0
vt 5.4757 0.0954 0
vt 5.3932 0.1055 0
vt 5.4633 0.0953 0
vt 5.4412 0.0835 0
vt 4.1364 0.0835 0
vt 4.7612 0.1055 0
vt 5.0586 0.1055 0
vt 5.0586 0.0835 0
vt 4.4638 0.1055 0
vt 4.7612 0.0835 0
vt 4.1665 0.1055 0
vt 4.4638 0.0835 0
vt 3.9491 0.0954 0
vt 3.9839 0.1050 0
vt 4.0316 0.1055 0
vt 3.9367 0.0955 0
vt 3.9367 0.1045 0
vt 3.9615 0.0953 0
vt 3.9799 0.0949 0
vt 4.1665 0.0835 0
vt 3.9836 0.0835 0
vt 3.9836 0.0947 0
vt 5.2883 0.1055 0
vt 5.2883 0.0835 0
vt 5.0570 0.0220 0
vt 5.0570 0.0108 0
vt 4.9881 0.0108 0
vt 4.9192 0.0220 0
vt 4.9192 0.0108 0
vt 4.8502 0.0108 0
vt 4.7813 0.0220 0
vt 4.6435 0.0220 0
vt 4.7124 0.0108 0
vt 4.7813 0.0108 0
vt 4.6435 0.0108 0
vt 4.5745 0.0108 0
vt 4.5056 0.0220 0
vt 4.5056 0.0108 0
vt 4.4367 0.0108 0
vt 4.3678 0.0220 0
vt 4.3678 0.0108 0
vt 4.9192 -0.3927 0
vt 4.9881 -0.3927 0
vt 4.9881 -0.7854 0
vt 4.8502 -0.3927 0
vt 4.9192 -0.7854 0
vt 4.7813 -0.3927 0
vt 4.8502 -0.7854 0
vt 4.7124 -0.3927 0
vt 4.7813 -0.7854 0
vt 4.6435 -0.3927 0
vt 4.7124 -0.7854 0
vt 4.5745 -0.3927 0
vt 4.6435 -0.7854 0
vt 4.5056 -0.3927 0
vt 4.5745 -0.7854 0
vt 4.4367 -0.3927 0
vt 4.5056 -0.7854 0
vt 4.4367 -0.7854 0
vt 4.3702 -0.7854 0
vt 4.4367 0.0000 0
vt 4.3682 -0.3151 0
vt 4.5056 0.0000 0
vt 4.5745 0.0000 0
vt 4.6435 0.0000 0
vt 4.7124 0.0000 0
vt 4.7813 0.0000 0
vt 4.8502 0.0000 0
vt 4.9192 0.0000 0
vt 4.9881 0.0000 0
vt 5.0570 0.0000 0
vt 5.0564 -0.3774 0
vt 5.0546 -0.7854 0
vt 4.3678 0.0000 0
vt 2.5471 0.0010 0
vt 2.5471 0.0000 0
vt 2.4143 0.0000 0
vt 2.4053 0.0010 0
vt 2.6889 0.0010 0
vt 2.6859 0.0000 0
vt 2.5501 0.0000 0
vt 2.6889 0.0000 0
vt 2.8307 0.0010 0
vt 2.8217 0.0000 0
vt 2.8307 0.0000 0
vt 2.9627 0.0005 0
vt 2.9575 0.0000 0
vt 2.9683 0.0010 0
vt 2.4053 0.0000 0
vt 2.2785 0.0000 0
vt 2.2733 0.0005 0
vt 2.2677 0.0010 0
vt 0.8631 0.0100 0
vt 0.8631 0.0010 0
vt 0.7363 0.0010 0
vt 0.7314 0.0100 0
vt 0.5929 0.0100 0
vt 0.7273 0.0010 0
vt 0.5945 0.0010 0
vt 0.5915 0.0010 0
vt 0.4557 0.0010 0
vt 0.4543 0.0100 0
vt 0.4527 0.0010 0
vt 0.3199 0.0010 0
vt 0.1841 0.0100 0
vt 0.3158 0.0100 0
vt 0.3109 0.0010 0
vt 0.1841 0.0010 0
vt 0.3158 -0.0003 0
vt 0.3168 0.0000 0
vt 0.3857 0.0000 0
vt 0.4543 -0.0003 0
vt 0.4547 0.0000 0
vt 0.5236 0.0000 0
vt 0.5929 -0.0003 0
vt 0.7314 -0.0003 0
vt 0.6615 0.0000 0
vt 0.5925 0.0000 0
vt 0.1841 -0.0003 0
vt 0.1828 -0.0001 0
vt 0.2479 0.0000 0
vt 0.8631 -0.0003 0
vt 0.7993 0.0000 0
vt 0.7304 0.0000 0
vt 0.8658 0.0000 0
vt 0.8644 -0.0001 0
vt 0.1814 0.0000 0
vt 2.8665 0.1097 0
vt 3.1639 0.1097 0
vt 3.1639 0.0877 0
vt 2.5692 0.1097 0
vt 2.8665 0.0877 0
vt 2.2718 0.1097 0
vt 2.5692 0.0877 0
vt 2.0420 0.1097 0
vt 2.2718 0.0877 0
vt 3.3468 0.0989 0
vt 3.3522 0.0992 0
vt 3.3465 0.1092 0
vt 3.3937 0.1087 0
vt 3.3937 0.0997 0
vt 3.3813 0.0996 0
vt 3.2988 0.1097 0
vt 3.3689 0.0994 0
vt 3.3468 0.0877 0
vt 2.0420 0.0877 0
vt 2.6668 0.1055 0
vt 2.9642 0.1055 0
vt 2.9642 0.0835 0
vt 2.3694 0.1055 0
vt 2.6668 0.0835 0
vt 2.0721 0.1055 0
vt 2.3694 0.0835 0
vt 1.8547 0.0954 0
vt 1.8895 0.1050 0
vt 1.9372 0.1055 0
vt 1.8423 0.0955 0
vt 1.8423 0.1045 0
vt 1.8671 0.0953 0
vt 1.8855 0.0949 0
vt 2.0721 0.0835 0
vt 1.8892 0.0835 0
vt 1.8892 0.0947 0
vt 3.1940 0.1055 0
vt 3.1940 0.0835 0
vt 0.8682 0.0220 0
vt 0.8682 0.0108 0
vt 0.7993 0.0108 0
vt 0.7304 0.0220 0
vt 0.5925 0.0220 0
vt 0.6615 0.0108 0
vt 0.7304 0.0108 0
vt 0.4547 0.0220 0
vt 0.5236 0.0108 0
vt 0.5925 0.0108 0
vt 0.4547 0.0108 0
vt 0.3857 0.0108 0
vt 0.3168 0.0220 0
vt 0.3168 0.0108 0
vt 0.2479 0.0108 0
vt 0.1790 0.0220 0
vt 0.1790 0.0108 0
vt 0.7304 -0.3927 0
vt 0.7993 -0.3927 0
vt 0.7993 -0.7854 0
vt 0.6615 -0.3927 0
vt 0.7304 -0.7854 0
vt 0.5925 -0.3927 0
vt 0.6615 -0.7854 0
vt 0.5236 -0.3927 0
vt 0.5925 -0.7854 0
vt 0.4547 -0.3927 0
vt 0.5236 -0.7854 0
vt 0.3857 -0.3927 0
vt 0.4547 -0.7854 0
vt 0.3168 -0.3927 0
vt 0.3857 -0.7854 0
vt 0.2479 -0.3927 0
vt 0.3168 -0.7854 0
vt 0.2479 -0.7854 0
vt 0.1814 -0.7854 0
vt 0.2479 0.0000 0
vt 0.1794 -0.3151 0
vt 0.3168 0.0000 0
vt 0.3857 0.0000 0
vt 0.4547 0.0000 0
vt 0.5236 0.0000 0
vt 0.5925 0.0000 0
vt 0.6615 0.0000 0
vt 0.7304 0.0000 0
vt 0.7993 0.0000 0
vt 0.8682 0.0000 0
vt 0.8676 -0.3774 0
vt 0.8658 -0.7854 0
vt 0.1790 0.0000 0
vt 3.1416 0.0000 0
vt 3.5904 0.0000 0
vt 3.5904 -0.0010 0
vt 4.0392 0.0000 0
vt 4.0392 -0.0010 0
vt 4.4880 0.0000 0
vt 4.4880 -0.0010 0
vt 4.9368 0.0000 0
vt 4.9368 -0.0010 0
vt 5.3856 0.0000 0
vt 5.3856 -0.0010 0
vt 5.8344 0.0000 0
vt 5.8344 -0.0010 0
vt 6.2832 0.0000 0
vt 0.0000 -0.0010 0
vt 3.1416 -0.0010 0
vt 3.1416 0.0000 0
vt 3.5904 0.0000 0
vt 3.5904 -0.0010 0
vt 4.0392 0.0000 0
vt 4.0392 -0.0010 0
vt 4.4880 0.0000 0
vt 4.4880 -0.0010 0
vt 4.9368 0.0000 0
vt 4.9368 -0.0010 0
vt 5.3856 0.0000 0
vt 5.3856 -0.0010 0
vt 5.8344 0.0000 0
vt 5.8344 -0.0010 0
vt 6.2832 0.0000 0
vt 6.2832 -0.0010 0
vt 3.1416 -0.0010 0
vt 3.1416 0.0000 0
vt 3.5904 0.0000 0
vt 3.5904 -0.0010 0
vt 4.0392 0.0000 0
vt 4.0392 -0.0010 0
vt 3.6652 -0.0010 0
vt 4.4880 0.0000 0
vt 4.4880 -0.0010 0
vt 4.1888 -0.0010 0
vt 4.9368 0.0000 0
vt 4.9368 -0.0010 0
vt 4.7124 -0.0010 0
vt 5.3856 0.0000 0
vt 5.2360 -0.0010 0
vt 5.3856 -0.0010 0
vt 5.8344 0.0000 0
vt 5.7596 -0.0010 0
vt 5.8344 -0.0010 0
vt 0.0000 0.0000 0
vt 0.0000 -0.0010 0
vt 3.1416 -0.0010 0
vt 3.1416 0.0000 0
vt 3.5904 0.0000 0
vt 3.5904 -0.0010 0
vt 4.0392 0.0000 0
vt 4.0392 -0.0010 0
vt 3.6652 -0.0010 0
vt 4.4880 0.0000 0
vt 4.4880 -0.0010 0
vt 4.1888 -0.0010 0
vt 4.9368 0.0000 0
vt 4.7124 -0.0010 0
vt 4.9368 -0.0010 0
vt 5.3856 0.0000 0
vt 5.2360 -0.0010 0
vt 5.3856 -0.0010 0
vt 5.8344 0.0000 0
vt 5.7596 -0.0010 0
vt 5.8344 -0.0010 0
vt 0.0000 0.0000 0
vt 0.0000 -0.0010 0
vt 3.1416 -0.0010 0
vt 3.1416 0.0000 0
vt 3.5904 0.0000 0
vt 3.5904 -0.0010 0
vt 4.0392 0.0000 0
vt 4.0392 -0.0010 0
vt 3.6652 -0.0010 0
vt 4.4880 0.0000 0
vt 4.4880 -0.0010 0
vt 4.1888 -0.0010 0
vt 4.9368 0.0000 0
vt 4.9368 -0.0010 0
vt 4.7124 -0.0010 0
vt 5.3856 0.0000 0
vt 5.2360 -0.0010 0
vt 5.3856 -0.0010 0
vt 5.8344 0.0000 0
vt 5.7596 -0.0010 0
vt 5.8344 -0.0010 0
vt 6.2832 0.0000 0
vt 6.2832 -0.0010 0
vt 3.1416 -0.0010 0
vt 3.1416 0.0000 0
vt 3.5904 0.0000 0
vt 3.5904 -0.0010 0
vt 4.0392 0.0000 0
vt 4.0392 -0.0010 0
vt 3.6652 -0.0010 0
vt 4.4880 0.0000 0
vt 4.4880 -0.0010 0
vt 4.1888 -0.0010 0
vt 4.9368 0.0000 0
vt 4.7124 -0.0010 0
vt 4.9368 -0.0010 0
vt 5.3856 0.0000 0
vt 5.2360 -0.0010 0
vt 5.3856 -0.0010 0
vt 5.8344 0.0000 0
vt 5.7596 -0.0010 0
vt 5.8344 -0.0010 0
vt 0.0000 0.0000 0
vt 0.0000 -0.0010 0
vt 3.1416 -0.0010 0
vt 3.1416 0.0000 0
vt 3.5904 0.0000 0
vt 3.5904 -0.0010 0
vt 4.0392 0.0000 0
vt 4.0392 -0.0010 0
vt 3.6652 -0.0010 0
vt 4.4880 0.0000 0
vt 4.4880 -0.0010 0
vt 4.1888 -0.0010 0
vt 4.9368 0.0000 0
vt 4.7124 -0.0010 0
vt 4.9368 -0.0010 0
vt 5.3856 0.0000 0
vt 5.2360 -0.0010 0
vt 5.3856 -0.0010 0
vt 5.8344 0.0000 0
vt 5.7596 -0.0010 0
vt 5.8344 -0.0010 0
vt 6.2832 0.0000 0
vt 6.2832 -0.0010 0
vt 3.1416 -0.0010 0
vt 3.1416 0.0000 0
vt 3.5904 0.0000 0
vt 3.5904 -0.0010 0
vt 4.0392 0.0000 0
vt 4.0392 -0.0010 0
vt 3.6652 -0.0010 0
vt 4.4880 0.0000 0
vt 4.4880 -0.0010 0
vt 4.1888 -0.0010 0
vt 4.9368 0.0000 0
vt 4.9368 -0.0010 0
vt 4.7124 -0.0010 0
vt 5.3856 0.0000 0
vt 5.2360 -0.0010 0
vt 5.3856 -0.0010 0
vt 5.8344 0.0000 0
vt 5.7596 -0.0010 0
vt 5.8344 -0.0010 0
vt 6.2832 0.0000 0
vt 6.2832 -0.0010 0
vt 3.1416 -0.0010 0
vt 3.1416 0.0000 0
vt 3.5904 0.0000 0
vt 3.5904 -0.0010 0
vt 4.0392 0.0000 0
vt 4.0392 -0.0010 0
vt 3.6652 -0.0010 0
vt 4.4880 0.0000 0
vt 4.4880 -0.0010 0
vt 4.1888 -0.0010 0
vt 4.9368 0.0000 0
vt 4.7124 -0.0010 0
vt 4.9368 -0.0010 0
vt 5.3856 0.0000 0
vt 5.2360 -0.0010 0
vt 5.3856 -0.0010 0
vt 5.8344 0.0000 0
vt 5.7596 -0.0010 0
vt 5.8344 -0.0010 0
vt 0.0000 0.0000 0
vt 0.0000 -0.0010 0
vt 3.1416 -0.0010 0
vt 3.1416 0.0000 0
vt 3.5904 0.0000 0
vt 3.5904 -0.0010 0
vt 4.0392 0.0000 0
vt 4.0392 -0.0010 0
vt 3.6652 -0.0010 0
vt 4.4880 0.0000 0
vt 4.4880 -0.0010 0
vt 4.1888 -0.0010 0
vt 4.9368 0.0000 0
vt 4.9368 -0.0010 0
vt 4.7124 -0.0010 0
vt 5.3856 0.0000 0
vt 5.2360 -0.0010 0
vt 5.3856 -0.0010 0
vt 5.8344 0.0000 0
vt 5.7596 -0.0010 0
vt 5.8344 -0.0010 0
vt 0.0000 0.0000 0
vt 0.0000 -0.0010 0
vt 3.1416 -0.0010 0
vt 3.1416 0.0000 0
vt 3.5904 0.0000 0
vt 3.5904 -0.0010 0
vt 4.0392 0.0000 0
vt 4.0392 -0.0010 0
vt 3.6652 -0.0010 0
vt 4.4880 0.0000 0
vt 4.4880 -0.0010 0
vt 4.1888 -0.0010 0
vt 4.9368 0.0000 0
vt 4.7124 -0.0010 0
vt 4.9368 -0.0010 0
vt 5.3856 0.0000 0
vt 5.2360 -0.0010 0
vt 5.3856 -0.0010 0
vt 5.8344 0.0000 0
vt 5.7596 -0.0010 0
vt 5.8344 -0.0010 0
vt 0.0000 0.0000 0
vt 0.0000 -0.0010 0
vt 3.1416 -0.0010 0
vt 0.0000 0.0010 0
vt 0.0000 0.0000 0
vt 0.1164 0.0000 0
vt 0.1164 0.0010 0
vt 0.2327 0.0000 0
vt 0.2327 0.0010 0
vt 0.3491 0.0000 0
vt 0.3491 0.0010 0
vt 0.4654 0.0000 0
vt 0.4654 0.0010 0
vt 0.5818 0.0000 0
vt 0.5818 0.0010 0
vt 0.6981 0.0000 0
vt 0.6981 0.0010 0
vt 0.8145 0.0000 0
vt 0.8145 0.0010 0
vt 0.9308 0.0000 0
vt 0.9308 0.0010 0
vt 1.0472 0.0000 0
vt 1.0472 0.0010 0
vt 1.1636 0.0000 0
vt 1.1636 0.0010 0
vt 1.2799 0.0000 0
vt 1.2799 0.0010 0
vt 1.3963 0.0000 0
vt 1.3963 0.0010 0
vt 1.5126 0.0000 0
vt 1.5126 0.0010 0
vt 1.6290 0.0000 0
vt 1.6290 0.0010 0
vt 1.7453 0.0000 0
vt 1.7453 0.0010 0
vt 1.8617 0.0000 0
vt 1.8617 0.0010 0
vt 1.9780 0.0000 0
vt 1.9780 0.0010 0
vt 2.0944 0.0000 0
vt 2.0944 0.0010 0
vt 2.2108 0.0000 0
vt 2.2108 0.0010 0
vt 2.3271 0.0000 0
vt 2.3271 0.0010 0
vt 2.4435 0.0000 0
vt 2.4435 0.0010 0
vt 2.5598 0.0000 0
vt 2.5598 0.0010 0
vt 2.6762 0.0000 0
vt 2.6762 0.0010 0
vt 2.7925 0.0000 0
vt 2.7925 0.0010 0
vt 2.9089 0.0000 0
vt 2.9089 0.0010 0
vt 3.0252 0.0000 0
vt 3.0252 0.0010 0
vt 3.1416 0.0000 0
vt 3.1416 0.0010 0
vt 3.1416 0.0010 0
vt 3.1416 0.0000 0
vt 3.2579 0.0000 0
vt 3.2579 0.0010 0
vt 3.3743 0.0000 0
vt 3.3743 0.0010 0
vt 3.4907 0.0000 0
vt 3.4907 0.0010 0
vt 3.6070 0.0000 0
vt 3.6070 0.0010 0
vt 3.7234 0.0000 0
vt 3.7234 0.0010 0
vt 3.8397 0.0000 0
vt 3.8397 0.0010 0
vt 3.9561 0.0000 0
vt 3.9561 0.0010 0
vt 4.0724 0.0000 0
vt 4.0724 0.0010 0
vt 4.1888 0.0000 0
vt 4.1888 0.0010 0
vt 4.3051 0.0000 0
vt 4.3051 0.0010 0
vt 4.4215 0.0000 0
vt 4.4215 0.0010 0
vt 4.5379 0.0000 0
vt 4.5379 0.0010 0
vt 4.6542 0.0000 0
vt 4.6542 0.0010 0
vt 4.7706 0.0000 0
vt 4.7706 0.0010 0
vt 4.8869 0.0000 0
vt 4.8869 0.0010 0
vt 5.0033 0.0000 0
vt 5.0033 0.0010 0
vt 5.1196 0.0000 0
vt 5.1196 0.0010 0
vt 5.2360 0.0000 0
vt 5.2360 0.0010 0
vt 5.3523 0.0000 0
vt 5.3523 0.0010 0
vt 5.4687 0.0000 0
vt 5.4687 0.0010 0
vt 5.5851 0.0000 0
vt 5.5851 0.0010 0
vt 5.7014 0.0000 0
vt 5.7014 0.0010 0
vt 5.8178 0.0000 0
vt 5.8178 0.0010 0
vt 5.9341 0.0000 0
vt 5.9341 0.0010 0
vt 6.0505 0.0000 0
vt 6.0505 0.0010 0
vt 6.1668 0.0000 0
vt 6.1668 0.0010 0
vt 0.0000 0.0000 0
vt 0.0000 0.0010 0
vt 0.0000 0.0215 0
vt 0.0000 0.0010 0
vt 0.1164 0.0010 0
vt 0.1164 0.0215 0
vt 0.2327 0.0010 0
vt 0.2327 0.0215 0
vt 0.3491 0.0010 0
vt 0.3491 0.0215 0
vt 0.4654 0.0010 0
vt 0.4654 0.0215 0
vt 0.5818 0.0010 0
vt 0.5818 0.0215 0
vt 0.6981 0.0010 0
vt 0.6981 0.0215 0
vt 0.8145 0.0010 0
vt 0.8145 0.0215 0
vt 0.9308 0.0010 0
vt 0.9308 0.0215 0
vt 1.0472 0.0010 0
vt 1.0472 0.0215 0
vt 1.1636 0.0010 0
vt 1.1636 0.0215 0
vt 1.2799 0.0010 0
vt 1.2799 0.0215 0
vt 1.3963 0.0010 0
vt 1.3963 0.0215 0
vt 1.5126 0.0010 0
vt 1.5126 0.0215 0
vt 1.6290 0.0010 0
vt 1.6290 0.0215 0
vt 1.7453 0.0010 0
vt 1.7453 0.0215 0
vt 1.8617 0.0010 0
vt 1.8617 0.0215 0
vt 1.9780 0.0010 0
vt 1.9780 0.0215 0
vt 2.0944 0.0010 0
vt 2.0944 0.0215 0
vt 2.2108 0.0010 0
vt 2.2108 0.0215 0
vt 2.3271 0.0010 0
vt 2.3271 0.0215 0
vt 2.4435 0.0010 0
vt 2.4435 0.0215 0
vt 2.5598 0.0010 0
vt 2.5598 0.0215 0
vt 2.6762 0.0010 0
vt 2.6762 0.0215 0
vt 2.7925 0.0010 0
vt 2.7925 0.0215 0
vt 2.9089 0.0010 0
vt 2.9089 0.0215 0
vt 3.0252 0.0010 0
vt 3.0252 0.0215 0
vt 3.1416 0.0010 0
vt 3.1416 0.0215 0
vt 0.0000 0.0000 0
vt 0.4488 0.0000 0
vt 0.4488 -0.0010 0
vt 0.8976 0.0000 0
vt 0.8976 -0.0010 0
vt 0.5236 -0.0010 0
vt 1.3464 0.0000 0
vt 1.3464 -0.0010 0
vt 1.0472 -0.0010 0
vt 1.7952 0.0000 0
vt 1.5708 -0.0010 0
vt 1.7952 -0.0010 0
vt 2.2440 0.0000 0
vt 2.0944 -0.0010 0
vt 2.2440 -0.0010 0
vt 2.6928 0.0000 0
vt 2.6180 -0.0010 0
vt 2.6928 -0.0010 0
vt 3.1416 0.0000 0
vt 3.1416 -0.0010 0
vt 0.0000 -0.0010 0
vt 0.0000 -0.0230 0
vt 5.7596 -0.0230 0
vt 5.8344 -0.0010 0
vt 5.7596 -0.0010 0
vt 5.2360 -0.0230 0
vt 5.3856 -0.0010 0
vt 5.2360 -0.0010 0
vt 4.7124 -0.0230 0
vt 4.9368 -0.0010 0
vt 4.7124 -0.0010 0
vt 4.1888 -0.0230 0
vt 4.1888 -0.0010 0
vt 4.4880 -0.0010 0
vt 3.6652 -0.0230 0
vt 3.6652 -0.0010 0
vt 4.0392 -0.0010 0
vt 3.1416 -0.0230 0
vt 3.1416 -0.0010 0
vt 3.5904 -0.0010 0
vt 0.0000 -0.0010 0
vt 3.1416 -0.0230 0
vt 2.6180 -0.0230 0
vt 2.6928 -0.0010 0
vt 2.6180 -0.0010 0
vt 2.0944 -0.0230 0
vt 2.2440 -0.0010 0
vt 2.0944 -0.0010 0
vt 1.5708 -0.0230 0
vt 1.7952 -0.0010 0
vt 1.5708 -0.0010 0
vt 1.0472 -0.0230 0
vt 1.0472 -0.0010 0
vt 1.3464 -0.0010 0
vt 0.5236 -0.0230 0
vt 0.5236 -0.0010 0
vt 0.8976 -0.0010 0
vt 0.0000 -0.0230 0
vt 0.0000 -0.0010 0
vt 0.4488 -0.0010 0
vt 3.1416 -0.0010 0
vt 6.2832 -0.0031 0
vt 5.7596 0.0000 0
vt 0.0000 0.0000 0
vt 5.7596 -0.0031 0
vt 5.2360 0.0000 0
vt 5.2360 -0.0031 0
vt 4.7124 0.0000 0
vt 4.7124 -0.0031 0
vt 4.1888 0.0000 0
vt 4.1888 -0.0031 0
vt 3.6652 0.0000 0
vt 3.6652 -0.0031 0
vt 3.1416 0.0000 0
vt 3.1416 -0.0031 0
vt 2.6180 0.0000 0
vt 3.1416 0.0000 0
vt 2.6180 -0.0031 0
vt 2.0944 0.0000 0
vt 2.0944 -0.0031 0
vt 1.5708 0.0000 0
vt 1.5708 -0.0031 0
vt 1.0472 0.0000 0
vt 1.0472 -0.0031 0
vt 0.5236 0.0000 0
vt 0.5236 -0.0031 0
vt 0.0000 0.0000 0
vt 0.0000 0.0000 0
vt 0.4488 0.0000 0
vt 0.4488 -0.0010 0
vt 0.8976 0.0000 0
vt 0.8976 -0.0010 0
vt 0.5236 -0.0010 0
vt 1.3464 0.0000 0
vt 1.3464 -0.0010 0
vt 1.0472 -0.0010 0
vt 1.7952 0.0000 0
vt 1.7952 -0.0010 0
vt 1.5708 -0.0010 0
vt 2.2440 0.0000 0
vt 2.0944 -0.0010 0
vt 2.2440 -0.0010 0
vt 2.6928 0.0000 0
vt 2.6180 -0.0010 0
vt 2.6928 -0.0010 0
vt 3.1416 0.0000 0
vt 3.1416 -0.0010 0
vt 0.0000 -0.0010 0
vt 6.2832 -0.0230 0
vt 5.7596 -0.0230 0
vt 5.8344 -0.0010 0
vt 5.7596 -0.0010 0
vt 5.2360 -0.0230 0
vt 5.3856 -0.0010 0
vt 5.2360 -0.0010 0
vt 4.7124 -0.0230 0
vt 4.9368 -0.0010 0
vt 4.7124 -0.0010 0
vt 4.1888 -0.0230 0
vt 4.1888 -0.0010 0
vt 4.4880 -0.0010 0
vt 3.6652 -0.0230 0
vt 3.6652 -0.0010 0
vt 4.0392 -0.0010 0
vt 3.1416 -0.0230 0
vt 3.1416 -0.0010 0
vt 3.5904 -0.0010 0
vt 6.2832 -0.0010 0
vt 3.1416 -0.0230 0
vt 2.6180 -0.0230 0
vt 2.6928 -0.0010 0
vt 2.6180 -0.0010 0
vt 2.0944 -0.0230 0
vt 2.2440 -0.0010 0
vt 2.0944 -0.0010 0
vt 1.5708 -0.0230 0
vt 1.7952 -0.0010 0
vt 1.5708 -0.0010 0
vt 1.0472 -0.0230 0
vt 1.0472 -0.0010 0
vt 1.3464 -0.0010 0
vt 0.5236 -0.0230 0
vt 0.5236 -0.0010 0
vt 0.8976 -0.0010 0
vt 6.2832 -0.0230 0
vt 6.2832 -0.0010 0
vt 0.4488 -0.0010 0
vt 3.1416 -0.0010 0
vt 6.2832 -0.0031 0
vt 5.7596 0.0000 0
vt 6.2832 0.0000 0
vt 5.7596 -0.0031 0
vt 5.2360 0.0000 0
vt 5.2360 -0.0031 0
vt 4.7124 0.0000 0
vt 4.7124 -0.0031 0
vt 4.1888 0.0000 0
vt 4.1888 -0.0031 0
vt 3.6652 0.0000 0
vt 3.6652 -0.0031 0
vt 3.1416 0.0000 0
vt 3.1416 -0.0031 0
vt 2.6180 0.0000 0
vt 3.1416 0.0000 0
vt 2.6180 -0.0031 0
vt 2.0944 0.0000 0
vt 2.0944 -0.0031 0
vt 1.5708 0.0000 0
vt 1.5708 -0.0031 0
vt 1.0472 0.0000 0
vt 1.0472 -0.0031 0
vt 0.5236 0.0000 0
vt 0.5236 -0.0031 0
vt 6.2832 0.0000 0
vt 0.0000 0.0000 0
vt 0.4488 0.0000 0
vt 0.4488 -0.0010 0
vt 0.8976 0.0000 0
vt 0.8976 -0.0010 0
vt 0.5236 -0.0010 0
vt 1.3464 0.0000 0
vt 1.3464 -0.0010 0
vt 1.0472 -0.0010 0
vt 1.7952 0.0000 0
vt 1.5708 -0.0010 0
vt 1.7952 -0.0010 0
vt 2.2440 0.0000 0
vt 2.0944 -0.0010 0
vt 2.2440 -0.0010 0
vt 2.6928 0.0000 0
vt 2.6180 -0.0010 0
vt 2.6928 -0.0010 0
vt 3.1416 0.0000 0
vt 3.1416 -0.0010 0
vt 0.0000 -0.0010 0
vt 0.0000 -0.0230 0
vt 5.7596 -0.0230 0
vt 5.8344 -0.0010 0
vt 5.7596 -0.0010 0
vt 5.2360 -0.0230 0
vt 5.3856 -0.0010 0
vt 5.2360 -0.0010 0
vt 4.7124 -0.0230 0
vt 4.9368 -0.0010 0
vt 4.7124 -0.0010 0
vt 4.1888 -0.0230 0
vt 4.1888 -0.0010 0
vt 4.4880 -0.0010 0
vt 3.6652 -0.0230 0
vt 3.6652 -0.0010 0
vt 4.0392 -0.0010 0
vt 3.1416 -0.0230 0
vt 3.1416 -0.0010 0
vt 3.5904 -0.0010 0
vt 0.0000 -0.0010 0
vt 3.1416 -0.0230 0
vt 2.6180 -0.0230 0
vt 2.6928 -0.0010 0
vt 2.6180 -0.0010 0
vt 2.0944 -0.0230 0
vt 2.2440 -0.0010 0
vt 2.0944 -0.0010 0
vt 1.5708 -0.0230 0
vt 1.7952 -0.0010 0
vt 1.5708 -0.0010 0
vt 1.0472 -0.0230 0
vt 1.0472 -0.0010 0
vt 1.3464 -0.0010 0
vt 0.5236 -0.0230 0
vt 0.5236 -0.0010 0
vt 0.8976 -0.0010 0
vt 0.0000 -0.0230 0
vt 0.0000 -0.0010 0
vt 0.4488 -0.0010 0
vt 3.1416 -0.0010 0
vt 6.2832 -0.0031 0
vt 5.7596 0.0000 0
vt 0.0000 0.0000 0
vt 5.7596 -0.0031 0
vt 5.2360 0.0000 0
vt 5.2360 -0.0031 0
vt 4.7124 0.0000 0
vt 4.7124 -0.0031 0
vt 4.1888 0.0000 0
vt 4.1888 -0.0031 0
vt 3.6652 0.0000 0
vt 3.6652 -0.0031 0
vt 3.1416 0.0000 0
vt 3.1416 -0.0031 0
vt 2.6180 0.0000 0
vt 3.1416 0.0000 0
vt 2.6180 -0.0031 0
vt 2.0944 0.0000 0
vt 2.0944 -0.0031 0
vt 1.5708 0.0000 0
vt 1.5708 -0.0031 0
vt 1.0472 0.0000 0
vt 1.0472 -0.0031 0
vt 0.5236 0.0000 0
vt 0.5236 -0.0031 0
vt 0.0000 0.0000 0
vt 6.2832 0.0000 0
vt 0.4488 0.0000 0
vt 0.4488 -0.0010 0
vt 0.8976 0.0000 0
vt 0.8976 -0.0010 0
vt 0.5236 -0.0010 0
vt 1.3464 0.0000 0
vt 1.3464 -0.0010 0
vt 1.0472 -0.0010 0
vt 1.7952 0.0000 0
vt 1.7952 -0.0010 0
vt 1.5708 -0.0010 0
vt 2.2440 0.0000 0
vt 2.0944 -0.0010 0
vt 2.2440 -0.0010 0
vt 2.6928 0.0000 0
vt 2.6180 -0.0010 0
vt 2.6928 -0.0010 0
vt 3.1416 0.0000 0
vt 3.1416 -0.0010 0
vt 6.2832 -0.0010 0
vt 6.2832 -0.0230 0
vt 5.8344 -0.0230 0
vt 5.8344 -0.0010 0
vt 5.7596 -0.0230 0
vt 5.7596 -0.0010 0
vt 5.3856 -0.0230 0
vt 5.3856 -0.0010 0
vt 5.2360 -0.0230 0
vt 5.2360 -0.0010 0
vt 4.9368 -0.0230 0
vt 4.9368 -0.0010 0
vt 4.7124 -0.0230 0
vt 4.7124 -0.0010 0
vt 4.4880 -0.0230 0
vt 4.4880 -0.0010 0
vt 4.1888 -0.0230 0
vt 4.1888 -0.0010 0
vt 4.0392 -0.0230 0
vt 4.0392 -0.0010 0
vt 3.6652 -0.0230 0
vt 3.6652 -0.0010 0
vt 3.5904 -0.0230 0
vt 3.5904 -0.0010 0
vt 3.1416 -0.0230 0
vt 3.1416 -0.0010 0
vt 6.2832 -0.0010 0
vt 3.1416 -0.0230 0
vt 2.6180 -0.0230 0
vt 2.6928 -0.0010 0
vt 2.6180 -0.0010 0
vt 2.0944 -0.0230 0
vt 2.2440 -0.0010 0
vt 2.0944 -0.0010 0
vt 1.5708 -0.0230 0
vt 1.7952 -0.0010 0
vt 1.5708 -0.0010 0
vt 1.0472 -0.0230 0
vt 1.0472 -0.0010 0
vt 1.3464 -0.0010 0
vt 0.5236 -0.0230 0
vt 0.5236 -0.0010 0
vt 0.8976 -0.0010 0
vt 6.2832 -0.0230 0
vt 6.2832 -0.0010 0
vt 0.4488 -0.0010 0
vt 3.1416 -0.0010 0
vt 3.6652 -0.0031 0
vt 3.5904 0.0000 0
vt 3.6652 0.0000 0
vt 4.1888 -0.0031 0
vt 4.0392 0.0000 0
vt 4.1888 0.0000 0
vt 4.7124 -0.0031 0
vt 4.4880 0.0000 0
vt 4.7124 0.0000 0
vt 5.2360 -0.0031 0
vt 4.9368 0.0000 0
vt 5.2360 0.0000 0
vt 5.7596 -0.0031 0
vt 5.3856 0.0000 0
vt 5.7596 0.0000 0
vt 6.2832 -0.0031 0
vt 5.8344 0.0000 0
vt 6.2832 0.0000 0
vt 5.8344 -0.0031 0
vt 5.3856 -0.0031 0
vt 4.9368 -0.0031 0
vt 4.4880 -0.0031 0
vt 4.0392 -0.0031 0
vt 3.5904 -0.0031 0
vt 3.1416 0.0000 0
vt 3.1416 -0.0031 0
vt 2.6180 0.0000 0
vt 3.1416 0.0000 0
vt 2.6180 -0.0031 0
vt 2.0944 0.0000 0
vt 2.0944 -0.0031 0
vt 1.5708 0.0000 0
vt 1.5708 -0.0031 0
vt 1.0472 0.0000 0
vt 1.0472 -0.0031 0
vt 0.5236 0.0000 0
vt 0.5236 -0.0031 0
vt 6.2832 0.0000 0
vt 6.2832 0.0000 0
vt 0.4488 0.0000 0
vt 0.4488 -0.0010 0
vt 0.8976 0.0000 0
vt 0.8976 -0.0010 0
vt 0.5236 -0.0010 0
vt 1.3464 0.0000 0
vt 1.3464 -0.0010 0
vt 1.0472 -0.0010 0
vt 1.7952 0.0000 0
vt 1.5708 -0.0010 0
vt 1.7952 -0.0010 0
vt 2.2440 0.0000 0
vt 2.0944 -0.0010 0
vt 2.2440 -0.0010 0
vt 2.6928 0.0000 0
vt 2.6180 -0.0010 0
vt 2.6928 -0.0010 0
vt 3.1416 0.0000 0
vt 3.1416 -0.0010 0
vt 6.2832 -0.0010 0
vt 6.2832 -0.0230 0
vt 5.7596 -0.0230 0
vt 5.8344 -0.0010 0
vt 5.7596 -0.0010 0
vt 5.2360 -0.0230 0
vt 5.3856 -0.0010 0
vt 5.2360 -0.0010 0
vt 4.7124 -0.0230 0
vt 4.9368 -0.0010 0
vt 4.7124 -0.0010 0
vt 4.1888 -0.0230 0
vt 4.1888 -0.0010 0
vt 4.4880 -0.0010 0
vt 3.6652 -0.0230 0
vt 3.6652 -0.0010 0
vt 4.0392 -0.0010 0
vt 3.1416 -0.0230 0
vt 3.1416 -0.0010 0
vt 3.5904 -0.0010 0
vt 6.2832 -0.0010 0
vt 2.6180 -0.0010 0
vt 2.6928 -0.0010 0
vt 2.6928 -0.0230 0
vt 3.1416 -0.0230 0
vt 3.1416 -0.0010 0
vt 2.0944 -0.0010 0
vt 2.2440 -0.0010 0
vt 2.2440 -0.0230 0
vt 2.6180 -0.0230 0
vt 1.5708 -0.0010 0
vt 1.7952 -0.0010 0
vt 1.7952 -0.0230 0
vt 2.0944 -0.0230 0
vt 1.0472 -0.0010 0
vt 1.3464 -0.0010 0
vt 1.3464 -0.0230 0
vt 1.5708 -0.0230 0
vt 0.5236 -0.0010 0
vt 0.8976 -0.0010 0
vt 0.8976 -0.0230 0
vt 1.0472 -0.0230 0
vt 6.2832 -0.0010 0
vt 0.4488 -0.0010 0
vt 0.4488 -0.0230 0
vt 0.5236 -0.0230 0
vt 6.2832 -0.0230 0
vt 6.2832 -0.0031 0
vt 5.7596 0.0000 0
vt 6.2832 0.0000 0
vt 5.7596 -0.0031 0
vt 5.2360 0.0000 0
vt 5.2360 -0.0031 0
vt 4.7124 0.0000 0
vt 4.7124 -0.0031 0
vt 4.1888 0.0000 0
vt 4.1888 -0.0031 0
vt 3.6652 0.0000 0
vt 3.6652 -0.0031 0
vt 3.1416 0.0000 0
vt 0.5236 -0.0031 0
vt 0.4488 0.0000 0
vt 0.5236 0.0000 0
vt 1.0472 -0.0031 0
vt 0.8976 0.0000 0
vt 1.0472 0.0000 0
vt 1.5708 -0.0031 0
vt 1.3464 0.0000 0
vt 1.5708 0.0000 0
vt 2.0944 -0.0031 0
vt 1.7952 0.0000 0
vt 2.0944 0.0000 0
vt 2.6180 -0.0031 0
vt 2.2440 0.0000 0
vt 2.6180 0.0000 0
vt 3.1416 -0.0031 0
vt 2.6928 0.0000 0
vt 3.1416 0.0000 0
vt 2.6928 -0.0031 0
vt 2.2440 -0.0031 0
vt 1.7952 -0.0031 0
vt 1.3464 -0.0031 0
vt 0.8976 -0.0031 0
vt 0.4488 -0.0031 0
vt 6.2832 0.0000 0
vt 0.0000 0.0000 0
vt 0.4488 0.0000 0
vt 0.4488 -0.0010 0
vt 0.8976 0.0000 0
vt 0.8976 -0.0010 0
vt 0.5236 -0.0010 0
vt 1.3464 0.0000 0
vt 1.3464 -0.0010 0
vt 1.0472 -0.0010 0
vt 1.7952 0.0000 0
vt 1.5708 -0.0010 0
vt 1.7952 -0.0010 0
vt 2.2440 0.0000 0
vt 2.0944 -0.0010 0
vt 2.2440 -0.0010 0
vt 2.6928 0.0000 0
vt 2.6180 -0.0010 0
vt 2.6928 -0.0010 0
vt 3.1416 0.0000 0
vt 3.1416 -0.0010 0
vt 0.0000 -0.0010 0
vt 0.0000 -0.0230 0
vt 5.7596 -0.0230 0
vt 5.8344 -0.0010 0
vt 5.7596 -0.0010 0
vt 5.2360 -0.0230 0
vt 5.3856 -0.0010 0
vt 5.2360 -0.0010 0
vt 4.7124 -0.0230 0
vt 4.9368 -0.0010 0
vt 4.7124 -0.0010 0
vt 4.1888 -0.0230 0
vt 4.1888 -0.0010 0
vt 4.4880 -0.0010 0
vt 3.6652 -0.0230 0
vt 3.6652 -0.0010 0
vt 4.0392 -0.0010 0
vt 3.1416 -0.0230 0
vt 3.1416 -0.0010 0
vt 3.5904 -0.0010 0
vt 0.0000 -0.0010 0
vt 3.1416 -0.0230 0
vt 2.6180 -0.0230 0
vt 2.6928 -0.0010 0
vt 2.6180 -0.0010 0
vt 2.0944 -0.0230 0
vt 2.2440 -0.0010 0
vt 2.0944 -0.0010 0
vt 1.5708 -0.0230 0
vt 1.7952 -0.0010 0
vt 1.5708 -0.0010 0
vt 1.0472 -0.0230 0
vt 1.0472 -0.0010 0
vt 1.3464 -0.0010 0
vt 0.5236 -0.0230 0
vt 0.5236 -0.0010 0
vt 0.8976 -0.0010 0
vt 0.0000 -0.0230 0
vt 0.0000 -0.0010 0
vt 0.4488 -0.0010 0
vt 3.1416 -0.0010 0
vt 6.2832 -0.0031 0
vt 5.7596 0.0000 0
vt 0.0000 0.0000 0
vt 5.7596 -0.0031 0
vt 5.2360 0.0000 0
vt 5.2360 -0.0031 0
vt 4.7124 0.0000 0
vt 4.7124 -0.0031 0
vt 4.1888 0.0000 0
vt 4.1888 -0.0031 0
vt 3.6652 0.0000 0
vt 3.6652 -0.0031 0
vt 3.1416 0.0000 0
vt 3.1416 -0.0031 0
vt 2.6180 0.0000 0
vt 3.1416 0.0000 0
vt 2.6180 -0.0031 0
vt 2.0944 0.0000 0
vt 2.0944 -0.0031 0
vt 1.5708 0.0000 0
vt 1.5708 -0.0031 0
vt 1.0472 0.0000 0
vt 1.0472 -0.0031 0
vt 0.5236 0.0000 0
vt 0.5236 -0.0031 0
vt 0.0000 0.0000 0
vt 6.2832 0.0000 0
vt 0.4488 0.0000 0
vt 0.4488 -0.0010 0
vt 0.8976 0.0000 0
vt 0.8976 -0.0010 0
vt 1.3464 0.0000 0
vt 1.3464 -0.0010 0
vt 1.7952 0.0000 0
vt 1.7952 -0.0010 0
vt 2.2440 0.0000 0
vt 2.2440 -0.0010 0
vt 2.6928 0.0000 0
vt 2.6928 -0.0010 0
vt 3.1416 0.0000 0
vt 3.1416 -0.0010 0
vt 6.2832 -0.0010 0
vt 6.2832 -0.0230 0
vt 5.7596 -0.0230 0
vt 5.8344 -0.0010 0
vt 5.7596 -0.0010 0
vt 5.2360 -0.0230 0
vt 5.3856 -0.0010 0
vt 5.2360 -0.0010 0
vt 4.7124 -0.0230 0
vt 4.9368 -0.0010 0
vt 4.7124 -0.0010 0
vt 4.1888 -0.0230 0
vt 4.1888 -0.0010 0
vt 4.4880 -0.0010 0
vt 3.6652 -0.0230 0
vt 3.6652 -0.0010 0
vt 4.0392 -0.0010 0
vt 3.1416 -0.0230 0
vt 3.1416 -0.0010 0
vt 3.5904 -0.0010 0
vt 6.2832 -0.0010 0
vt 2.6928 -0.0010 0
vt 3.1416 -0.0010 0
vt 3.1416 -0.0230 0
vt 2.2440 -0.0010 0
vt 2.6928 -0.0230 0
vt 1.7952 -0.0010 0
vt 2.2440 -0.0230 0
vt 1.3464 -0.0010 0
vt 1.7952 -0.0230 0
vt 0.8976 -0.0010 0
vt 1.3464 -0.0230 0
vt 0.4488 -0.0010 0
vt 0.8976 -0.0230 0
vt 6.2832 -0.0010 0
vt 0.4488 -0.0230 0
vt 6.2832 -0.0230 0
vt 6.2832 -0.0031 0
vt 5.7596 0.0000 0
vt 6.2832 0.0000 0
vt 5.7596 -0.0031 0
vt 5.2360 0.0000 0
vt 5.2360 -0.0031 0
vt 4.7124 0.0000 0
vt 4.7124 -0.0031 0
vt 4.1888 0.0000 0
vt 4.1888 -0.0031 0
vt 3.6652 0.0000 0
vt 3.6652 -0.0031 0
vt 3.1416 0.0000 0
vt 3.1416 -0.0031 0
vt 2.6928 0.0000 0
vt 3.1416 0.0000 0
vt 2.6928 -0.0031 0
vt 2.2440 0.0000 0
vt 2.2440 -0.0031 0
vt 1.7952 0.0000 0
vt 1.7952 -0.0031 0
vt 1.3464 0.0000 0
vt 1.3464 -0.0031 0
vt 0.8976 0.0000 0
vt 0.8976 -0.0031 0
vt 0.4488 0.0000 0
vt 0.4488 -0.0031 0
vt 6.2832 0.0000 0
vt 0.0000 0.0000 0
vt 0.4488 0.0000 0
vt 0.4488 -0.0010 0
vt 0.8976 0.0000 0
vt 0.8976 -0.0010 0
vt 1.3464 0.0000 0
vt 1.3464 -0.0010 0
vt 1.7952 0.0000 0
vt 1.7952 -0.0010 0
vt 2.2440 0.0000 0
vt 2.2440 -0.0010 0
vt 2.6928 0.0000 0
vt 2.6928 -0.0010 0
vt 3.1416 0.0000 0
vt 3.1416 -0.0010 0
vt 0.0000 -0.0010 0
vt 0.0000 0.0000 0
vt 0.4488 0.0000 0
vt 0.4488 -0.0010 0
vt 0.8976 0.0000 0
vt 0.8976 -0.0010 0
vt 0.5236 -0.0010 0
vt 1.3464 0.0000 0
vt 1.3464 -0.0010 0
vt 1.0472 -0.0010 0
vt 1.7952 0.0000 0
vt 1.7952 -0.0010 0
vt 1.5708 -0.0010 0
vt 2.2440 0.0000 0
vt 2.0944 -0.0010 0
vt 2.2440 -0.0010 0
vt 2.6928 0.0000 0
vt 2.6180 -0.0010 0
vt 2.6928 -0.0010 0
vt 3.1416 0.0000 0
vt 3.1416 -0.0010 0
vt 0.0000 -0.0010 0
vt 0.0000 -0.0230 0
vt 5.7596 -0.0230 0
vt 5.8344 -0.0010 0
vt 5.7596 -0.0010 0
vt 5.2360 -0.0230 0
vt 5.3856 -0.0010 0
vt 5.2360 -0.0010 0
vt 4.7124 -0.0230 0
vt 4.9368 -0.0010 0
vt 4.7124 -0.0010 0
vt 4.1888 -0.0230 0
vt 4.1888 -0.0010 0
vt 4.4880 -0.0010 0
vt 3.6652 -0.0230 0
vt 3.6652 -0.0010 0
vt 4.0392 -0.0010 0
vt 3.1416 -0.0230 0
vt 3.1416 -0.0010 0
vt 3.5904 -0.0010 0
vt 0.0000 -0.0010 0
vt 3.1416 -0.0230 0
vt 2.6180 -0.0230 0
vt 2.6928 -0.0010 0
vt 2.6180 -0.0010 0
vt 2.0944 -0.0230 0
vt 2.2440 -0.0010 0
vt 2.0944 -0.0010 0
vt 1.5708 -0.0230 0
vt 1.7952 -0.0010 0
vt 1.5708 -0.0010 0
vt 1.0472 -0.0230 0
vt 1.0472 -0.0010 0
vt 1.3464 -0.0010 0
vt 0.5236 -0.0230 0
vt 0.5236 -0.0010 0
vt 0.8976 -0.0010 0
vt 0.0000 -0.0230 0
vt 0.0000 -0.0010 0
vt 0.4488 -0.0010 0
vt 3.1416 -0.0010 0
vt 6.2832 -0.0031 0
vt 5.7596 0.0000 0
vt 0.0000 0.0000 0
vt 5.7596 -0.0031 0
vt 5.2360 0.0000 0
vt 5.2360 -0.0031 0
vt 4.7124 0.0000 0
vt 4.7124 -0.0031 0
vt 4.1888 0.0000 0
vt 4.1888 -0.0031 0
vt 3.6652 0.0000 0
vt 3.6652 -0.0031 0
vt 3.1416 0.0000 0
vt 3.1416 -0.0031 0
vt 2.6180 0.0000 0
vt 3.1416 0.0000 0
vt 2.6180 -0.0031 0
vt 2.0944 0.0000 0
vt 2.0944 -0.0031 0
vt 1.5708 0.0000 0
vt 1.5708 -0.0031 0
vt 1.0472 0.0000 0
vt 1.0472 -0.0031 0
vt 0.5236 0.0000 0
vt 0.5236 -0.0031 0
vt 0.0000 0.0000 0
vt 6.2832 0.0000 0
vt 0.4488 0.0000 0
vt 0.4488 -0.0010 0
vt 0.8976 0.0000 0
vt 0.8976 -0.0010 0
vt 0.5236 -0.0010 0
vt 1.3464 0.0000 0
vt 1.3464 -0.0010 0
vt 1.0472 -0.0010 0
vt 1.7952 0.0000 0
vt 1.7952 -0.0010 0
vt 1.5708 -0.0010 0
vt 2.2440 0.0000 0
vt 2.0944 -0.0010 0
vt 2.2440 -0.0010 0
vt 2.6928 0.0000 0
vt 2.6180 -0.0010 0
vt 2.6928 -0.0010 0
vt 3.1416 0.0000 0
vt 3.1416 -0.0010 0
vt 6.2832 -0.0010 0
vt 5.8344 -0.0010 0
vt 6.2832 -0.0010 0
vt 6.2832 -0.0230 0
vt 5.3856 -0.0010 0
vt 5.8344 -0.0230 0
vt 4.9368 -0.0010 0
vt 5.3856 -0.0230 0
vt 4.4880 -0.0010 0
vt 4.9368 -0.0230 0
vt 4.0392 -0.0010 0
vt 4.4880 -0.0230 0
vt 3.5904 -0.0010 0
vt 4.0392 -0.0230 0
vt 3.1416 -0.0010 0
vt 3.5904 -0.0230 0
vt 3.1416 -0.0230 0
vt 3.1416 -0.0230 0
vt 2.6180 -0.0230 0
vt 2.6928 -0.0010 0
vt 2.6180 -0.0010 0
vt 2.0944 -0.0230 0
vt 2.2440 -0.0010 0
vt 2.0944 -0.0010 0
vt 1.5708 -0.0230 0
vt 1.7952 -0.0010 0
vt 1.5708 -0.0010 0
vt 1.0472 -0.0230 0
vt 1.0472 -0.0010 0
vt 1.3464 -0.0010 0
vt 0.5236 -0.0230 0
vt 0.5236 -0.0010 0
vt 0.8976 -0.0010 0
vt 6.2832 -0.0230 0
vt 6.2832 -0.0010 0
vt 0.4488 -0.0010 0
vt 3.1416 -0.0010 0
vt 6.2832 -0.0031 0
vt 5.8344 0.0000 0
vt 6.2832 0.0000 0
vt 5.8344 -0.0031 0
vt 5.3856 0.0000 0
vt 5.3856 -0.0031 0
vt 4.9368 0.0000 0
vt 4.9368 -0.0031 0
vt 4.4880 0.0000 0
vt 4.4880 -0.0031 0
vt 4.0392 0.0000 0
vt 4.0392 -0.0031 0
vt 3.5904 0.0000 0
vt 3.5904 -0.0031 0
vt 3.1416 0.0000 0
vt 3.1416 -0.0031 0
vt 2.6180 0.0000 0
vt 3.1416 0.0000 0
vt 2.6180 -0.0031 0
vt 2.0944 0.0000 0
vt 2.0944 -0.0031 0
vt 1.5708 0.0000 0
vt 1.5708 -0.0031 0
vt 1.0472 0.0000 0
vt 1.0472 -0.0031 0
vt 0.5236 0.0000 0
vt 0.5236 -0.0031 0
vt 6.2832 0.0000 0
vt 6.2832 0.0000 0
vt 0.4488 0.0000 0
vt 0.4488 -0.0010 0
vt 0.8976 0.0000 0
vt 0.8976 -0.0010 0
vt 0.5236 -0.0010 0
vt 1.3464 0.0000 0
vt 1.3464 -0.0010 0
vt 1.0472 -0.0010 0
vt 1.7952 0.0000 0
vt 1.5708 -0.0010 0
vt 1.7952 -0.0010 0
vt 2.2440 0.0000 0
vt 2.0944 -0.0010 0
vt 2.2440 -0.0010 0
vt 2.6928 0.0000 0
vt 2.6180 -0.0010 0
vt 2.6928 -0.0010 0
vt 3.1416 0.0000 0
vt 3.1416 -0.0010 0
vt 0.0000 -0.0010 0
vt 5.8344 -0.0010 0
vt 0.0000 -0.0010 0
vt 0.0000 -0.0230 0
vt 5.3856 -0.0010 0
vt 5.8344 -0.0230 0
vt 4.9368 -0.0010 0
vt 5.3856 -0.0230 0
vt 4.4880 -0.0010 0
vt 4.9368 -0.0230 0
vt 4.0392 -0.0010 0
vt 4.4880 -0.0230 0
vt 3.5904 -0.0010 0
vt 4.0392 -0.0230 0
vt 3.1416 -0.0010 0
vt 3.5904 -0.0230 0
vt 3.1416 -0.0230 0
vt 3.1416 -0.0230 0
vt 2.6180 -0.0230 0
vt 2.6928 -0.0010 0
vt 2.6180 -0.0010 0
vt 2.0944 -0.0230 0
vt 2.2440 -0.0010 0
vt 2.0944 -0.0010 0
vt 1.5708 -0.0230 0
vt 1.7952 -0.0010 0
vt 1.5708 -0.0010 0
vt 1.0472 -0.0230 0
vt 1.0472 -0.0010 0
vt 1.3464 -0.0010 0
vt 0.5236 -0.0230 0
vt 0.5236 -0.0010 0
vt 0.8976 -0.0010 0
vt 0.0000 -0.0230 0
vt 0.0000 -0.0010 0
vt 0.4488 -0.0010 0
vt 3.1416 -0.0010 0
vt 6.2832 -0.0031 0
vt 5.8344 0.0000 0
vt 0.0000 0.0000 0
vt 5.8344 -0.0031 0
vt 5.3856 0.0000 0
vt 5.3856 -0.0031 0
vt 4.9368 0.0000 0
vt 4.9368 -0.0031 0
vt 4.4880 0.0000 0
vt 4.4880 -0.0031 0
vt 4.0392 0.0000 0
vt 4.0392 -0.0031 0
vt 3.5904 0.0000 0
vt 3.5904 -0.0031 0
vt 3.1416 0.0000 0
vt 3.1416 -0.0031 0
vt 2.6180 0.0000 0
vt 3.1416 0.0000 0
vt 2.6180 -0.0031 0
vt 2.0944 0.0000 0
vt 2.0944 -0.0031 0
vt 1.5708 0.0000 0
vt 1.5708 -0.0031 0
vt 1.0472 0.0000 0
vt 1.0472 -0.0031 0
vt 0.5236 0.0000 0
vt 0.5236 -0.0031 0
vt 0.0000 0.0000 0
vt 0.0000 -0.0010 0
vt 0.0000 -0.0230 0
vt 5.9466 -0.0230 0
vt 5.8344 -0.0010 0
vt 5.7596 -0.0230 0
vt 5.7596 -0.0010 0
vt 5.4529 -0.0230 0
vt 5.2360 -0.0230 0
vt 5.2360 -0.0010 0
vt 5.3856 -0.0010 0
vt 4.1888 -0.0185 0
vt 4.1888 -0.0010 0
vt 4.4880 -0.0010 0
vt 4.7124 -0.0185 0
vt 3.6652 -0.0185 0
vt 3.6652 -0.0010 0
vt 4.0392 -0.0010 0
vt 3.1416 -0.0185 0
vt 3.1416 -0.0010 0
vt 3.5904 -0.0010 0
vt 4.7124 -0.0010 0
vt 4.9368 -0.0010 0
vt 4.7690 -0.0185 0
vt 4.9592 -0.0230 0
vt 4.7690 -0.0230 0
vt 1.3240 -0.0230 0
vt 1.3464 -0.0010 0
vt 1.7952 -0.0010 0
vt 0.8303 -0.0230 0
vt 0.8976 -0.0010 0
vt 0.4488 -0.0010 0
vt 0.0000 -0.0010 0
vt 0.3366 -0.0230 0
vt 0.4488 -0.0230 0
vt 2.6928 -0.0010 0
vt 3.1416 -0.0010 0
vt 3.1416 -0.0185 0
vt 2.2440 -0.0010 0
vt 2.6928 -0.0185 0
vt 1.8176 -0.0230 0
vt 1.9746 -0.0185 0
vt 2.2440 -0.0185 0
vt 1.9746 -0.0230 0
vt 0.0000 -0.0230 0
vt -1.0472 -0.0031 0
vt -1.3240 0.0000 0
vt 5.2360 0.0000 0
vt -0.5236 -0.0031 0
vt -0.8303 0.0000 0
vt 5.7596 0.0000 0
vt -2.8714 -0.0031 0
vt 3.1416 -0.0030 0
vt 3.4116 -0.0030 0
vt -1.9255 -0.0031 0
vt 4.0876 -0.0030 0
vt 4.3579 -0.0030 0
vt -1.4490 -0.0031 0
vt 4.6816 -0.0029 0
vt 4.8344 -0.0025 0
vt -1.3240 -0.0031 0
vt 4.8253 -0.0013 0
vt 4.7690 0.0000 0
vt 4.6816 -0.0031 0
vt 4.0876 -0.0031 0
vt 3.4917 -0.0030 0
vt 3.4917 -0.0031 0
vt 6.2832 -0.0031 0
vt -0.3366 0.0000 0
vt 0.0000 0.0000 0
vt -0.3366 -0.0031 0
vt -0.8303 -0.0031 0
vt 0.4488 -0.0031 0
vt 0.3366 0.0000 0
vt 0.4488 0.0000 0
vt 2.2249 -0.0031 0
vt 1.9136 -0.0026 0
vt 2.2247 -0.0030 0
vt 1.8176 0.0000 0
vt 1.8957 -0.0022 0
vt 1.9136 -0.0031 0
vt 1.9217 -0.0012 0
vt 1.9746 0.0000 0
vt 3.1416 -0.0030 0
vt 3.1416 -0.0031 0
vt 2.6455 -0.0030 0
vt 2.6455 -0.0031 0
vt 2.2602 -0.0030 0
vt 2.2602 -0.0031 0
vt 0.0000 0.0000 0
vt 0.3366 -0.0031 0
vt 1.8176 -0.0031 0
vt 1.3240 0.0000 0
vt 1.3240 -0.0031 0
vt 0.8303 0.0000 0
vt 0.8303 -0.0031 0
vt -0.1730 0.0381 0
vt -0.1800 0.0350 0
vt -0.1775 0.0352 0
vt -0.1683 0.0451 0
vt -0.1640 0.0510 0
vt -0.1647 0.0555 0
vt -0.1657 0.0444 0
vt -0.1646 0.0466 0
vt -0.1734 0.0404 0
vt -0.1860 0.0362 0
vt -0.1828 0.0353 0
vt -0.1732 0.0365 0
vt -0.1885 0.0375 0
vt -0.1665 0.0596 0
vt -0.1695 0.0631 0
vt -0.1792 0.0597 0
vt -0.1708 0.0444 0
vt -0.1856 0.0500 0
vt -0.1724 0.0369 0
vt -0.1727 0.0425 0
vt -0.1715 0.0645 0
vt -0.1908 0.0396 0
vt -0.1922 0.0363 0
vt -0.1655 0.0443 0
vt -0.1720 0.0683 0
vt 0.1050 -0.0038 0
vt 0.1080 -0.0038 0
vt 0.1084 -0.0019 0
vt 0.1050 0.0000 0
vt 0.1088 0.0000 0
vt 5.8992 0.1050 0
vt 5.7213 0.1050 0
vt 5.7213 0.1088 0
vt 5.9807 0.1099 0
vt 6.1052 0.1050 0
vt 5.8484 0.1093 0
vt 0.0000 0.1050 0
vt 6.1043 0.1104 0
vt 6.2440 0.1110 0
vt 0.0000 0.1111 0
vt 3.1416 0.0010 0
vt 3.2579 0.0010 0
vt 3.2059 0.0215 0
vt 3.2579 0.0215 0
vt 3.3743 0.0010 0
vt 3.3743 0.0215 0
vt 3.3147 0.0215 0
vt 3.4907 0.0010 0
vt 3.4907 0.0215 0
vt 3.4235 0.0215 0
vt 3.6070 0.0010 0
vt 3.6070 0.0215 0
vt 3.5323 0.0215 0
vt 3.7234 0.0010 0
vt 3.7234 0.0215 0
vt 3.6411 0.0215 0
vt 3.8397 0.0010 0
vt 3.8397 0.0215 0
vt 3.7499 0.0215 0
vt 3.9561 0.0010 0
vt 3.9561 0.0215 0
vt 3.8587 0.0215 0
vt 4.4215 0.0010 0
vt 4.5379 0.0010 0
vt 4.5124 0.0215 0
vt 4.5379 0.0215 0
vt 4.6542 0.0010 0
vt 4.6294 0.0215 0
vt 4.6542 0.0215 0
vt 4.7706 0.0010 0
vt 4.7464 0.0215 0
vt 4.7706 0.0215 0
vt 4.8869 0.0010 0
vt 4.8633 0.0215 0
vt 4.8869 0.0215 0
vt 5.0033 0.0010 0
vt 4.9803 0.0215 0
vt 5.0033 0.0215 0
vt 5.1196 0.0010 0
vt 5.0973 0.0215 0
vt 5.1196 0.0215 0
vt 5.2360 0.0010 0
vt 5.2143 0.0215 0
vt 5.2360 0.0215 0
vt 5.3523 0.0010 0
vt 5.3313 0.0215 0
vt 5.3523 0.0215 0
vt 5.4687 0.0010 0
vt 5.4483 0.0215 0
vt 5.4687 0.0215 0
vt 5.5851 0.0010 0
vt 5.5653 0.0215 0
vt 5.5851 0.0215 0
vt 5.7014 0.0010 0
vt 5.6823 0.0215 0
vt 5.7014 0.0215 0
vt 5.8178 0.0010 0
vt 5.7993 0.0215 0
vt 5.8178 0.0215 0
vt 5.9341 0.0010 0
vt 5.9163 0.0215 0
vt 5.9341 0.0215 0
vt 6.0505 0.0010 0
vt 6.0333 0.0215 0
vt 6.0505 0.0215 0
vt 6.1668 0.0010 0
vt 6.1502 0.0215 0
vt 6.1668 0.0215 0
vt 0.0000 0.0010 0
vt 6.2672 0.0215 0
vt 0.0000 0.0215 0
vt 4.3051 0.0010 0
vt 4.3411 0.0185 0
vt 4.3954 0.0215 0
vt 4.3411 0.0215 0
vt 4.4215 0.0215 0
vt 4.1888 0.0185 0
vt 4.1888 0.0010 0
vt 4.0724 0.0185 0
vt 4.0724 0.0010 0
vt 3.9599 0.0185 0
vt 3.9599 0.0215 0
vt 4.3051 0.0185 0
vt 3.1416 0.0215 0
vt 0.0273 0.1050 0
vt 0.0311 0.1050 0
vt 0.0292 0.1084 0
vt 0.0311 0.1088 0
vt 0.0273 0.1080 0
vt 0.1548 0.1050 0
vt 0.0000 0.1050 0
vt 0.0000 0.1111 0
vt 0.1387 0.1116 0
vt 0.4385 0.1050 0
vt 0.2688 0.1121 0
vt 0.2997 0.1122 0
vt 1.2898 0.1050 0
vt 1.4578 0.1148 0
vt 1.5754 0.1138 0
vt 1.3462 0.1156 0
vt 1.3251 0.1158 0
vt 1.2904 0.1160 0
vt 1.5736 0.1050 0
vt 1.7180 0.1122 0
vt 1.8615 0.1117 0
vt 1.6969 0.1124 0
vt 1.8574 0.1050 0
vt 2.0030 0.1112 0
vt 2.1501 0.1106 0
vt 2.1411 0.1050 0
vt 2.2741 0.1101 0
vt 2.4057 0.1095 0
vt 2.4249 0.1050 0
vt 2.5362 0.1089 0
vt 2.5797 0.1088 0
vt 1.1222 0.1166 0
vt 1.1363 0.1095 0
vt 1.0035 0.1107 0
vt 1.0077 0.1167 0
vt 1.2345 0.1162 0
vt 1.1363 0.1050 0
vt 0.7218 0.1159 0
vt 0.8078 0.1124 0
vt 0.8069 0.1124 0
vt 0.7654 0.1120 0
vt 0.7223 0.1116 0
vt 0.8130 0.1125 0
vt 0.7711 0.1162 0
vt 0.8159 0.1125 0
vt 0.8916 0.1166 0
vt 0.8175 0.1125 0
vt 0.8172 0.1125 0
vt 0.8209 0.1125 0
vt 0.8238 0.1125 0
vt 0.8729 0.1120 0
vt 0.8344 0.1124 0
vt 0.4282 0.1136 0
vt 0.4976 0.1095 0
vt 0.6214 0.1107 0
vt 0.5459 0.1147 0
vt 0.6595 0.1156 0
vt 0.4976 0.1050 0
vt 2.5797 0.1050 0
vt 5.6749 0.0004 0
vt 5.5851 0.0004 0
vt 5.5885 -0.0038 0
vt 5.5661 0.0004 0
vt 5.5661 -0.0038 0
vt 5.7837 0.0004 0
vt 5.7014 0.0004 0
vt 5.7148 -0.0038 0
vt 5.6749 -0.0038 0
vt 5.8925 0.0004 0
vt 5.8178 0.0004 0
vt 5.8411 -0.0038 0
vt 5.7837 -0.0038 0
vt 6.0013 0.0004 0
vt 5.9341 0.0004 0
vt 5.9674 -0.0038 0
vt 5.8925 -0.0038 0
vt 6.0013 -0.0038 0
vt 6.0937 -0.0038 0
vt 6.0505 0.0004 0
vt 6.1101 0.0004 0
vt 6.1101 -0.0038 0
vt -0.0643 -0.0038 0
vt 6.1668 0.0004 0
vt -0.0643 0.0004 0
vt 0.0000 -0.0038 0
vt 5.4687 0.0004 0
vt 5.4622 -0.0038 0
vt 5.4649 0.0004 0
vt 5.4526 0.0000 0
vt 5.4573 -0.0038 0
vt 5.4273 -0.0028 0
vt 5.4148 -0.0033 0
vt 5.4423 -0.0011 0
vt 5.4406 -0.0017 0
vt 5.4399 -0.0004 0
vt 5.4410 -0.0006 0
vt 5.4362 -0.0022 0
vt 5.3983 -0.0038 0
vt 0.0000 0.0004 0
vt 0.0000 0.0004 0
vt 0.0000 -0.0038 0
vt 0.1164 -0.0038 0
vt 0.1164 0.0004 0
vt 0.2269 -0.0038 0
vt 0.2327 0.0004 0
vt 0.2327 -0.0038 0
vt 0.3491 -0.0038 0
vt 0.4654 0.0004 0
vt 0.3491 0.0004 0
vt 0.3549 -0.0038 0
vt 0.5818 0.0004 0
vt 0.4829 -0.0038 0
vt 0.4654 -0.0038 0
vt 0.6981 0.0004 0
vt 0.6109 -0.0038 0
vt 0.5818 -0.0038 0
vt 0.8145 0.0004 0
vt 0.7389 -0.0038 0
vt 0.6981 -0.0038 0
vt 0.9308 0.0004 0
vt 0.8668 -0.0038 0
vt 0.8145 -0.0038 0
vt 0.9308 -0.0038 0
vt 0.9948 -0.0038 0
vt 1.0472 0.0004 0
vt 1.0472 -0.0038 0
vt 1.1228 -0.0038 0
vt 1.1636 0.0004 0
vt 1.1636 -0.0038 0
vt 1.2508 -0.0038 0
vt 1.2799 0.0004 0
vt 1.2799 -0.0038 0
vt 1.3788 -0.0038 0
vt 1.3963 0.0004 0
vt 1.3963 -0.0038 0
vt 1.5068 -0.0038 0
vt 1.5126 0.0004 0
vt 1.5126 -0.0038 0
vt 1.6290 -0.0038 0
vt 1.7453 0.0004 0
vt 1.6290 0.0004 0
vt 1.6348 -0.0038 0
vt 1.8617 0.0004 0
vt 1.7628 -0.0038 0
vt 1.7453 -0.0038 0
vt 1.9780 0.0004 0
vt 1.8908 -0.0038 0
vt 1.8617 -0.0038 0
vt 2.0944 0.0004 0
vt 2.0188 -0.0038 0
vt 1.9780 -0.0038 0
vt 2.2108 0.0004 0
vt 2.1468 -0.0038 0
vt 2.0944 -0.0038 0
vt 2.2108 -0.0038 0
vt 2.2747 -0.0038 0
vt 2.3271 0.0004 0
vt 2.3271 -0.0038 0
vt 2.4027 -0.0038 0
vt 2.4435 0.0004 0
vt 2.4435 -0.0038 0
vt 2.5307 -0.0038 0
vt 2.5598 0.0004 0
vt 2.5598 -0.0038 0
vt 2.6587 -0.0038 0
vt 2.6762 0.0004 0
vt 2.6762 -0.0038 0
vt 2.7867 -0.0038 0
vt 2.7925 0.0004 0
vt 2.7925 -0.0038 0
vt 2.9089 -0.0038 0
vt 3.0252 0.0004 0
vt 2.9089 0.0004 0
vt 2.9147 -0.0038 0
vt 3.0252 -0.0038 0
vt 3.1416 -0.0038 0
vt 3.1416 0.0004 0
vt 3.2579 0.0004 0
vt 3.1575 0.0004 0
vt 3.1817 -0.0038 0
vt 3.2745 -0.0038 0
vt 3.2745 0.0004 0
vt 3.1575 -0.0038 0
vt 3.3743 0.0004 0
vt 3.3078 -0.0038 0
vt 3.3915 -0.0038 0
vt 3.3915 0.0004 0
vt 3.4907 0.0004 0
vt 3.4339 -0.0038 0
vt 3.5085 -0.0038 0
vt 3.5085 0.0004 0
vt 3.6255 -0.0038 0
vt 3.6255 0.0004 0
vt 3.6070 0.0004 0
vt 3.5600 -0.0038 0
vt 3.7425 -0.0038 0
vt 3.7425 0.0004 0
vt 3.7234 0.0004 0
vt 3.6861 -0.0038 0
vt 3.8595 -0.0038 0
vt 3.8595 0.0004 0
vt 3.8397 0.0004 0
vt 3.8122 -0.0038 0
vt 3.9765 -0.0038 0
vt 3.9765 0.0004 0
vt 3.9561 0.0004 0
vt 3.9383 -0.0038 0
vt 4.0935 -0.0038 0
vt 4.0935 0.0004 0
vt 4.0724 0.0004 0
vt 4.0644 -0.0038 0
vt 4.2105 0.0004 0
vt 4.1888 0.0004 0
vt 4.1905 -0.0038 0
vt 4.3275 0.0004 0
vt 4.3051 0.0004 0
vt 4.3166 -0.0038 0
vt 4.2105 -0.0038 0
vt 4.3275 -0.0038 0
vt 4.4444 -0.0038 0
vt 4.4215 0.0004 0
vt 4.4444 0.0004 0
vt 4.5614 -0.0038 0
vt 4.5379 0.0004 0
vt 4.5614 0.0004 0
vt 4.6542 0.0004 0
vt 4.5688 -0.0038 0
vt 4.6784 -0.0038 0
vt 4.6784 0.0004 0
vt 4.7706 0.0004 0
vt 4.6949 -0.0038 0
vt 4.7954 -0.0038 0
vt 4.7954 0.0004 0
vt 3.1416 0.0004 0
vt 3.1416 -0.0038 0
vt 4.8869 0.0004 0
vt 4.8950 -0.0021 0
vt 4.9135 -0.0020 0
vt 4.8753 -0.0023 0
vt 4.8100 -0.0038 0
vt 4.8209 -0.0034 0
vt 4.8240 -0.0034 0
vt 4.8406 -0.0029 0
vt 4.8561 -0.0026 0
vt 5.0294 0.0004 0
vt 5.0143 -0.0025 0
vt 5.0237 -0.0026 0
vt 4.9962 -0.0022 0
vt 4.9841 -0.0021 0
vt 5.0033 0.0004 0
vt 4.9771 -0.0021 0
vt 4.9578 -0.0020 0
vt 4.9124 0.0004 0
vt 4.9379 -0.0019 0
vt 4.9181 -0.0020 0
vt 5.1065 -0.0009 0
vt 5.1087 -0.0004 0
vt 5.0960 0.0000 0
vt 5.0315 -0.0028 0
vt 5.1071 -0.0015 0
vt 5.1104 -0.0020 0
vt 5.1176 -0.0026 0
vt 5.0476 -0.0032 0
vt 5.0575 -0.0034 0
vt 5.1203 -0.0028 0
vt 5.0620 -0.0036 0
vt 5.0685 -0.0038 0
vt 5.1321 -0.0033 0
vt 5.1464 -0.0038 0
vt 5.1464 -0.0037 0
vt 5.0837 0.0004 0
vt 5.1503 -0.0038 0
vt 3.1817 -0.0110 0
vt 3.3078 -0.0110 0
vt 3.2745 0.0000 0
vt 3.3078 0.0000 0
vt 3.4339 -0.0110 0
vt 3.3915 0.0000 0
vt 3.4339 0.0000 0
vt 3.5600 -0.0110 0
vt 3.5085 0.0000 0
vt 3.5600 0.0000 0
vt 3.6861 -0.0110 0
vt 3.6255 0.0000 0
vt 3.6861 0.0000 0
vt 3.8122 -0.0110 0
vt 3.8122 0.0000 0
vt 3.7425 0.0000 0
vt 3.9383 -0.0110 0
vt 3.9383 0.0000 0
vt 3.8595 0.0000 0
vt 4.0644 -0.0110 0
vt 4.0644 0.0000 0
vt 3.9765 0.0000 0
vt 4.1905 -0.0110 0
vt 4.1905 0.0000 0
vt 4.0935 0.0000 0
vt 4.3166 -0.0110 0
vt 4.3166 0.0000 0
vt 4.2105 0.0000 0
vt 4.3275 0.0000 0
vt 4.4427 -0.0110 0
vt 4.4444 0.0000 0
vt 4.5614 0.0000 0
vt 4.5688 -0.0110 0
vt 4.5688 0.0000 0
vt 4.6784 0.0000 0
vt 4.6949 -0.0110 0
vt 4.6949 0.0000 0
vt 3.1817 0.0000 0
vt 3.1575 0.0000 0
vt 3.1416 -0.0110 0
vt 4.8210 -0.0110 0
vt 4.8308 -0.0101 0
vt 4.8194 -0.0093 0
vt 4.8509 -0.0110 0
vt 4.8014 -0.0010 0
vt 4.8100 0.0000 0
vt 4.7954 0.0000 0
vt 4.7938 -0.0023 0
vt 4.7981 -0.0015 0
vt 4.7897 -0.0051 0
vt 4.7892 -0.0042 0
vt 4.7898 -0.0037 0
vt 4.8019 -0.0078 0
vt 4.7961 -0.0069 0
vt 4.7937 -0.0064 0
vt 4.8145 -0.0090 0
vt 3.1416 0.0000 0
vt 6.2832 -0.0467 0
vt 0.0350 -0.0417 0
vt 0.1792 -0.0420 0
vt 6.2832 -0.0417 0
vt 0.1916 -0.0467 0
vt 0.3375 -0.0425 0
vt 0.5002 -0.0431 0
vt 0.8402 -0.0467 0
vt 0.5159 -0.0467 0
vt 0.8066 -0.0448 0
vt 0.6411 -0.0438 0
vt 1.1645 -0.0467 0
vt 0.9687 -0.0458 0
vt 1.1013 -0.0458 0
vt 0.8405 -0.0450 0
vt 1.4888 -0.0467 0
vt 1.2652 -0.0459 0
vt 1.4287 -0.0459 0
vt 1.1645 -0.0459 0
vt 1.8131 -0.0467 0
vt 1.5923 -0.0459 0
vt 1.7564 -0.0459 0
vt 1.4888 -0.0459 0
vt 2.1374 -0.0467 0
vt 1.9198 -0.0458 0
vt 2.0844 -0.0457 0
vt 1.8132 -0.0458 0
vt 2.4617 -0.0467 0
vt 2.2467 -0.0456 0
vt 2.1374 -0.0457 0
vt 2.4107 -0.0455 0
vt 2.5241 -0.0461 0
vt 2.6376 -0.0467 0
vt 3.4830 -0.0467 0
vt 3.3220 -0.0467 0
vt 3.4354 -0.0461 0
vt 3.5489 -0.0455 0
vt 3.6824 -0.0456 0
vt 3.8106 -0.0467 0
vt 3.8461 -0.0457 0
vt 4.0099 -0.0458 0
vt 3.8106 -0.0456 0
vt 4.1383 -0.0467 0
vt 4.1735 -0.0458 0
vt 4.3366 -0.0459 0
vt 4.1383 -0.0458 0
vt 4.4660 -0.0467 0
vt 4.5004 -0.0459 0
vt 4.6637 -0.0459 0
vt 4.4660 -0.0459 0
vt 4.7937 -0.0467 0
vt 5.1214 -0.0467 0
vt 4.9908 -0.0458 0
vt 5.0699 -0.0453 0
vt 4.8277 -0.0458 0
vt 4.7937 -0.0459 0
vt 5.4491 -0.0467 0
vt 5.1210 -0.0450 0
vt 5.2242 -0.0443 0
vt 5.3784 -0.0435 0
vt 5.7768 -0.0467 0
vt 5.5299 -0.0428 0
vt 5.6798 -0.0423 0
vt 5.4486 -0.0432 0
vt 6.1044 -0.0467 0
vt 5.8311 -0.0419 0
vt 5.7764 -0.0420 0
vt 6.1317 -0.0416 0
vt 6.2832 -0.0417 0
vt 5.9805 -0.0417 0
vt 6.2832 -0.0467 0
vt 5.4622 -0.0110 0
vt 5.5885 -0.0110 0
vt 5.5661 0.0000 0
vt 5.5885 0.0000 0
vt 5.7148 -0.0110 0
vt 5.6749 0.0000 0
vt 5.7148 0.0000 0
vt 5.8411 -0.0110 0
vt 5.7837 0.0000 0
vt 5.8411 0.0000 0
vt 5.9674 -0.0110 0
vt 5.9674 0.0000 0
vt 5.8925 0.0000 0
vt 6.0937 -0.0110 0
vt 6.0937 0.0000 0
vt 6.0013 0.0000 0
vt 6.2200 -0.0110 0
vt 6.2189 0.0000 0
vt 6.1101 0.0000 0
vt 5.3399 -0.0034 0
vt 5.3360 -0.0036 0
vt 5.3595 -0.0026 0
vt 5.4573 0.0000 0
vt 5.3983 0.0000 0
vt 5.3956 -0.0002 0
vt 5.4622 0.0000 0
vt 5.3784 -0.0016 0
vt 5.2096 -0.0110 0
vt 5.2273 -0.0040 0
vt 5.2180 -0.0037 0
vt 5.2509 -0.0044 0
vt 5.3359 -0.0110 0
vt 5.2741 -0.0045 0
vt 5.3296 -0.0038 0
vt 5.3190 -0.0040 0
vt 5.2970 -0.0044 0
vt 5.1464 0.0000 0
vt 5.0788 -0.0012 0
vt 5.0806 -0.0015 0
vt 5.0685 0.0000 0
vt 5.2065 -0.0034 0
vt 5.0837 -0.0067 0
vt 5.0885 -0.0053 0
vt 5.1681 -0.0014 0
vt 5.0891 -0.0039 0
vt 5.0893 -0.0042 0
vt 5.0858 -0.0026 0
vt 5.1503 0.0000 0
vt 5.1868 -0.0025 0
vt 5.0833 -0.0110 0
vt 5.0614 -0.0092 0
vt 5.0580 -0.0094 0
vt 5.0747 -0.0080 0
vt 5.0443 -0.0102 0
vt 5.0821 -0.0070 0
vt 0.0000 0.0000 0
vt 6.2727 -0.0066 0
vt 6.2540 -0.0075 0
vt 6.2568 -0.0073 0
vt 6.2469 -0.0083 0
vt 6.2433 -0.0092 0
vt 6.2422 -0.0110 0
vt 6.2430 -0.0095 0
vt 6.2632 -0.0069 0
vt 0.0000 -0.0065 0
vt 5.0277 -0.0110 0
vt 0.1164 0.0000 0
vt 0.0989 -0.0110 0
vt 0.2269 -0.0110 0
vt 0.2327 0.0000 0
vt 0.3549 -0.0110 0
vt 0.3549 0.0000 0
vt 0.3491 0.0000 0
vt 0.4654 0.0000 0
vt 0.4829 -0.0110 0
vt 0.4829 0.0000 0
vt 0.6109 -0.0110 0
vt 0.5818 0.0000 0
vt 0.6109 0.0000 0
vt 0.7389 -0.0110 0
vt 0.6981 0.0000 0
vt 0.7389 0.0000 0
vt 0.8668 -0.0110 0
vt 0.8145 0.0000 0
vt 0.8668 0.0000 0
vt 0.9948 -0.0110 0
vt 0.9308 0.0000 0
vt 0.9948 0.0000 0
vt 1.1228 -0.0110 0
vt 1.1228 0.0000 0
vt 1.0472 0.0000 0
vt 1.2508 -0.0110 0
vt 1.2508 0.0000 0
vt 1.1636 0.0000 0
vt 1.3788 -0.0110 0
vt 1.3788 0.0000 0
vt 1.2799 0.0000 0
vt 1.3963 0.0000 0
vt 1.5068 -0.0110 0
vt 1.5068 0.0000 0
vt 1.5126 0.0000 0
vt 1.6348 -0.0110 0
vt 1.6290 0.0000 0
vt 1.6348 0.0000 0
vt 1.7453 0.0000 0
vt 1.7628 -0.0110 0
vt 1.7628 0.0000 0
vt 1.8908 -0.0110 0
vt 1.8617 0.0000 0
vt 1.8908 0.0000 0
vt 2.0188 -0.0110 0
vt 1.9780 0.0000 0
vt 2.0188 0.0000 0
vt 2.1468 -0.0110 0
vt 2.0944 0.0000 0
vt 2.1468 0.0000 0
vt 2.2747 -0.0110 0
vt 2.2108 0.0000 0
vt 2.2747 0.0000 0
vt 2.4027 -0.0110 0
vt 2.4027 0.0000 0
vt 2.3271 0.0000 0
vt 2.5307 -0.0110 0
vt 2.5307 0.0000 0
vt 2.4435 0.0000 0
vt 2.6587 -0.0110 0
vt 2.6587 0.0000 0
vt 2.5598 0.0000 0
vt 2.6762 0.0000 0
vt 2.7867 -0.0110 0
vt 2.7867 0.0000 0
vt 2.7925 0.0000 0
vt 2.9147 -0.0110 0
vt 2.9089 0.0000 0
vt 2.9147 0.0000 0
vt 3.0252 0.0000 0
vt 3.1416 0.0000 0
vt 3.0427 -0.0110 0
vt 0.0375 -0.0085 0
vt 0.0401 -0.0095 0
vt 0.0223 -0.0070 0
vt 0.0264 -0.0073 0
vt 0.0314 -0.0077 0
vt 0.0130 -0.0066 0
vt 0.0000 0.0000 0
vt 0.0095 -0.0066 0
vt 0.0000 -0.0065 0
vt 0.0025 -0.0065 0
vt 0.0410 -0.0110 0
vt 3.1416 -0.0110 0
vt 0.2269 0.0000 0
vt 2.4011 0.0000 0
vt 1.9074 0.0000 0
vt 1.9017 0.0027 0
vt 2.2131 0.0035 0
vt 2.8948 0.0000 0
vt 2.5306 0.0042 0
vt 2.7990 0.0046 0
vt 2.3969 0.0039 0
vt 3.3884 0.0000 0
vt 3.0769 0.0047 0
vt 3.1416 0.0048 0
vt 2.8930 0.0047 0
vt 3.6828 0.0043 0
vt 3.8856 0.0039 0
vt 3.4165 0.0046 0
vt 3.8821 0.0000 0
vt 3.9843 0.0037 0
vt 4.3053 0.0029 0
vt 4.3758 0.0000 0
vt 4.6281 0.0019 0
vt 4.7124 0.0017 0
vt 1.5708 0.0000 0
vt 1.5708 0.0017 0
vt 4.7124 0.0000 0
vt 0.0000 0.0000 0
vt 0.0015 0.0000 0
vt 0.0015 0.0002 0
vt 0.0000 0.0017 0
vt 0.0000 0.0000 0
vt -0.0017 0.0000 0
vt -0.0002 -0.0015 0
vt 0.0000 -0.0015 0
vt 0.0020 0.0022 0
vt -0.0020 0.0022 0
vt -0.0007 0.0029 0
vt 0.0007 0.0029 0
vt 0.0028 0.0010 0
vt -0.0028 0.0010 0
vt 0.0030 0.0000 0
vt -0.0030 0.0000 0
vt -0.0030 -0.0015 0
vt 0.0030 -0.0015 0
vt -0.0732 -0.0679 0
vt -0.0650 -0.0650 0
vt -0.0643 -0.0743 0
vt -0.0183 -0.1274 0
vt 0.0079 -0.1378 0
vt -0.0013 -0.1382 0
vt -0.0722 -0.0771 0
vt -0.0624 -0.0833 0
vt -0.0732 -0.0650 0
vt -0.0729 -0.0578 0
vt -0.0714 -0.0485 0
vt -0.0624 -0.0467 0
vt -0.0643 -0.0557 0
vt -0.0687 -0.0395 0
vt -0.0649 -0.0310 0
vt -0.0591 -0.0380 0
vt -0.0105 -0.1375 0
vt 0.0111 -0.1364 0
vt 0.0101 -0.1375 0
vt -0.0574 -0.1105 0
vt -0.0627 -0.1029 0
vt -0.0547 -0.1001 0
vt -0.0669 -0.0948 0
vt -0.0591 -0.0920 0
vt -0.0600 -0.0230 0
vt -0.0547 -0.0299 0
vt -0.0541 -0.0157 0
vt -0.0491 -0.0224 0
vt -0.0282 -0.1326 0
vt -0.0270 -0.1241 0
vt -0.0442 -0.1234 0
vt -0.0426 -0.1141 0
vt -0.0351 -0.1197 0
vt -0.0701 -0.0861 0
vt 0.0547 -0.1001 0
vt 0.0696 -0.0877 0
vt 0.0662 -0.0963 0
vt 0.0731 -0.0696 0
vt 0.0719 -0.0788 0
vt -0.0195 -0.1356 0
vt -0.0365 -0.1285 0
vt -0.0512 -0.1174 0
vt -0.0491 -0.1076 0
vt -0.0474 -0.0092 0
vt -0.0426 -0.0159 0
vt 0.0730 -0.0680 0
vt 0.0732 -0.0680 0
vt 0.0349 -0.1294 0
vt 0.0270 -0.1241 0
vt 0.0351 -0.1197 0
vt 0.0687 -0.0395 0
vt 0.0624 -0.0467 0
vt 0.0591 -0.0380 0
vt 0.0121 -0.1354 0
vt -0.0399 -0.0036 0
vt -0.0351 -0.0103 0
vt -0.0317 0.0010 0
vt -0.0270 -0.0059 0
vt -0.0230 0.0045 0
vt -0.0183 -0.0026 0
vt -0.0140 0.0069 0
vt -0.0093 -0.0007 0
vt 0.0563 -0.1119 0
vt 0.0491 -0.1076 0
vt 0.0428 -0.1245 0
vt 0.0426 -0.1141 0
vt 0.0213 -0.1340 0
vt 0.0200 -0.1335 0
vt 0.0266 -0.1333 0
vt 0.0227 -0.1346 0
vt 0.0649 -0.0310 0
vt 0.0183 -0.1274 0
vt -0.0093 -0.1293 0
vt 0.0000 -0.1300 0
vt 0.0617 -0.1044 0
vt 0.0499 -0.1186 0
vt 0.0600 -0.0230 0
vt 0.0547 -0.0299 0
vt 0.0491 -0.0224 0
vt 0.0730 -0.0620 0
vt 0.0729 -0.0578 0
vt 0.0714 -0.0485 0
vt 0.0093 -0.1293 0
vt 0.0650 -0.0650 0
vt 0.0591 -0.0920 0
vt 0.0624 -0.0833 0
vt 0.0140 0.0069 0
vt 0.0230 0.0045 0
vt 0.0183 -0.0026 0
vt 0.0317 0.0010 0
vt 0.0270 -0.0059 0
vt 0.0399 -0.0036 0
vt 0.0351 -0.0103 0
vt 0.0474 -0.0092 0
vt 0.0426 -0.0159 0
vt -0.0047 0.0081 0
vt 0.0000 0.0000 0
vt 0.0643 -0.0557 0
vt 0.0643 -0.0743 0
vt 0.0541 -0.0157 0
vt 0.0732 -0.0620 0
vt 0.0047 0.0081 0
vt 0.0093 -0.0007 0
vt 3.1416 0.0000 0
vt 3.2844 0.0000 0
vt 3.2844 -0.0017 0
vt 3.4272 0.0000 0
vt 3.4272 -0.0017 0
vt 3.5700 0.0000 0
vt 3.5700 -0.0017 0
vt 3.7128 0.0000 0
vt 3.7128 -0.0017 0
vt 3.8556 0.0000 0
vt 3.8556 -0.0017 0
vt 3.9984 0.0000 0
vt 3.9984 -0.0017 0
vt 4.1412 0.0000 0
vt 4.1412 -0.0017 0
vt 4.2840 0.0000 0
vt 4.2840 -0.0017 0
vt 4.4268 0.0000 0
vt 4.4268 -0.0017 0
vt 4.5696 0.0000 0
vt 4.5696 -0.0017 0
vt 4.7124 0.0000 0
vt 4.7124 -0.0017 0
vt 4.8552 0.0000 0
vt 4.8552 -0.0017 0
vt 4.9980 0.0000 0
vt 4.9980 -0.0017 0
vt 5.1408 0.0000 0
vt 5.1408 -0.0017 0
vt 5.2836 0.0000 0
vt 5.2836 -0.0017 0
vt 5.4264 0.0000 0
vt 5.4264 -0.0017 0
vt 5.5692 0.0000 0
vt 5.5692 -0.0017 0
vt 5.7120 0.0000 0
vt 5.7120 -0.0017 0
vt 5.8548 0.0000 0
vt 5.8548 -0.0017 0
vt 5.9976 0.0000 0
vt 5.9976 -0.0017 0
vt 6.1404 0.0000 0
vt 6.1404 -0.0017 0
vt 0.0000 0.0000 0
vt 0.0000 -0.0017 0
vt 3.1416 -0.0017 0
vt 0.0000 0.0000 0
vt 0.1428 0.0000 0
vt 0.1428 -0.0017 0
vt 0.2856 0.0000 0
vt 0.2856 -0.0017 0
vt 0.4284 0.0000 0
vt 0.4284 -0.0017 0
vt 0.5712 0.0000 0
vt 0.5712 -0.0017 0
vt 0.7140 0.0000 0
vt 0.7140 -0.0017 0
vt 0.8568 0.0000 0
vt 0.8568 -0.0017 0
vt 0.9996 0.0000 0
vt 0.9996 -0.0017 0
vt 1.1424 0.0000 0
vt 1.1424 -0.0017 0
vt 1.2852 0.0000 0
vt 1.2852 -0.0017 0
vt 1.4280 0.0000 0
vt 1.4280 -0.0017 0
vt 1.5708 0.0000 0
vt 1.5708 -0.0017 0
vt 1.7136 0.0000 0
vt 1.7136 -0.0017 0
vt 1.8564 0.0000 0
vt 1.8564 -0.0017 0
vt 1.9992 0.0000 0
vt 1.9992 -0.0017 0
vt 2.1420 0.0000 0
vt 2.1420 -0.0017 0
vt 2.2848 0.0000 0
vt 2.2848 -0.0017 0
vt 2.4276 0.0000 0
vt 2.4276 -0.0017 0
vt 2.5704 0.0000 0
vt 2.5704 -0.0017 0
vt 2.7132 0.0000 0
vt 2.7132 -0.0017 0
vt 2.8560 0.0000 0
vt 2.8560 -0.0017 0
vt 2.9988 0.0000 0
vt 2.9988 -0.0017 0
vt 3.1416 0.0000 0
vt 3.1416 -0.0017 0
vt 0.0000 -0.0017 0
vt 0.0342 -0.0533 0
vt 0.0000 -0.0633 0
vt -0.0090 -0.0627 0
vt 0.0263 -0.0576 0
vt -0.0342 0.0533 0
vt 0.0607 0.0178 0
vt 0.0627 0.0090 0
vt 0.0533 0.0342 0
vt 0.0576 0.0263 0
vt 0.0415 0.0478 0
vt 0.0478 0.0415 0
vt 0.0178 0.0607 0
vt 0.0263 0.0576 0
vt 0.0000 0.0633 0
vt 0.0090 0.0627 0
vt -0.0263 0.0576 0
vt -0.0415 -0.0478 0
vt -0.0478 -0.0415 0
vt -0.0263 -0.0576 0
vt -0.0342 -0.0533 0
vt -0.0178 -0.0607 0
vt 0.0178 -0.0607 0
vt 0.0342 0.0533 0
vt -0.0178 0.0607 0
vt 0.0633 0.0000 0
vt -0.0533 0.0342 0
vt -0.0478 0.0415 0
vt -0.0607 0.0178 0
vt -0.0576 0.0263 0
vt -0.0633 0.0000 0
vt -0.0627 0.0090 0
vt -0.0607 -0.0178 0
vt -0.0627 -0.0090 0
vt -0.0533 -0.0342 0
vt -0.0576 -0.0263 0
vt 0.0090 -0.0627 0
vt 0.0533 -0.0342 0
vt 0.0478 -0.0415 0
vt 0.0607 -0.0178 0
vt 0.0576 -0.0263 0
vt 0.0627 -0.0090 0
vt -0.0090 0.0627 0
vt -0.0415 0.0478 0
vt 0.0415 -0.0478 0
vt -0.0041 -0.0007 0
vt -0.0026 -0.0036 0
vt -0.0047 -0.0046 0
vt -0.0075 -0.0026 0
vt -0.0002 0.0000 0
vt -0.0003 -0.0033 0
vt 0.0090 -0.0200 0
vt 0.0064 -0.0179 0
vt 0.0077 -0.0161 0
vt 0.0059 -0.0224 0
vt 0.0047 -0.0194 0
vt -0.0116 -0.0091 0
vt -0.0085 -0.0101 0
vt -0.0087 -0.0123 0
vt -0.0101 -0.0055 0
vt -0.0077 -0.0079 0
vt 0.0019 -0.0002 0
vt 0.0110 -0.0167 0
vt 0.0085 -0.0139 0
vt -0.0041 -0.0197 0
vt -0.0019 -0.0205 0
vt -0.0040 -0.0233 0
vt -0.0058 -0.0225 0
vt -0.0089 -0.0201 0
vt -0.0059 -0.0184 0
vt -0.0110 -0.0168 0
vt -0.0074 -0.0167 0
vt -0.0120 -0.0130 0
vt -0.0084 -0.0146 0
vt 0.0019 -0.0035 0
vt 0.0042 -0.0007 0
vt 0.0041 -0.0043 0
vt 0.0075 -0.0027 0
vt 0.0059 -0.0056 0
vt 0.0101 -0.0055 0
vt 0.0074 -0.0073 0
vt 0.0116 -0.0091 0
vt 0.0084 -0.0094 0
vt 0.0120 -0.0130 0
vt 0.0087 -0.0117 0
vt -0.0064 -0.0061 0
vt 0.0026 -0.0204 0
vt 0.0040 -0.0233 0
vt 0.0003 -0.0207 0
vt 0.0000 0.3927 0
vt 0.0000 0.0000 0
vt 0.2618 0.0000 0
vt 0.2618 0.3927 0
vt 0.3927 0.0000 0
vt 0.5236 0.3927 0
vt 0.5236 0.0000 0
vt 0.7854 0.0000 0
vt 0.7854 0.3927 0
vt 1.0472 0.0000 0
vt 1.0472 0.3927 0
vt 1.1781 0.0000 0
vt 1.3090 0.3927 0
vt 1.3090 0.0000 0
vt 1.5708 0.0000 0
vt 1.5708 0.3927 0
vt 1.8326 0.0000 0
vt 1.8326 0.3927 0
vt 1.9635 0.0000 0
vt 2.0944 0.3927 0
vt 2.0944 0.0000 0
vt 2.3562 0.0000 0
vt 2.3562 0.3927 0
vt 2.6180 0.0000 0
vt 2.8798 0.3927 0
vt 2.6180 0.3927 0
vt 2.7489 0.0000 0
vt 2.8798 0.0000 0
vt 3.1416 0.0000 0
vt 0.0000 0.7854 0
vt 0.2618 0.7854 0
vt 0.5236 0.7854 0
vt 0.7854 0.7854 0
vt 1.0472 0.7854 0
vt 1.3090 0.7854 0
vt 1.5708 0.7854 0
vt 1.8326 0.7854 0
vt 2.0944 0.7854 0
vt 2.3562 0.7854 0
vt 2.6180 0.7854 0
vt 2.8798 0.7854 0
vt 3.1416 0.3927 0
vt 0.0000 1.1781 0
vt 0.2618 1.1781 0
vt 0.5236 1.1781 0
vt 0.7854 1.1781 0
vt 1.0472 1.1781 0
vt 1.3090 1.1781 0
vt 1.5708 1.1781 0
vt 1.8326 1.1781 0
vt 2.0944 1.1781 0
vt 2.3562 1.1781 0
vt 2.6180 1.1781 0
vt 2.8798 1.1781 0
vt 3.1416 0.7854 0
vt 0.0000 1.5708 0
vt 0.2618 1.5708 0
vt 0.5236 1.5708 0
vt 0.7854 1.5708 0
vt 1.0472 1.5708 0
vt 1.3090 1.5708 0
vt 1.5708 1.5708 0
vt 1.8326 1.5708 0
vt 2.0944 1.5708 0
vt 2.3562 1.5708 0
vt 2.6180 1.5708 0
vt 2.8798 1.5708 0
vt 3.1416 1.1781 0
vt 3.1416 1.5708 0
vt 3.1416 0.3927 0
vt 3.1416 0.0000 0
vt 3.4034 0.0000 0
vt 3.6652 0.3927 0
vt 3.4034 0.3927 0
vt 3.5343 0.0000 0
vt 3.6652 0.0000 0
vt 3.9270 0.0000 0
vt 3.9270 0.3927 0
vt 4.1888 0.0000 0
vt 4.4506 0.3927 0
vt 4.1888 0.3927 0
vt 4.3197 0.0000 0
vt 4.4506 0.0000 0
vt 4.7124 0.0000 0
vt 4.7124 0.3927 0
vt 4.9742 0.0000 0
vt 5.2360 0.3927 0
vt 4.9742 0.3927 0
vt 5.1051 0.0000 0
vt 5.2360 0.0000 0
vt 5.4978 0.0000 0
vt 5.4978 0.3927 0
vt 5.7596 0.0000 0
vt 6.0214 0.3927 0
vt 5.7596 0.3927 0
vt 5.8905 0.0000 0
vt 6.0214 0.0000 0
vt 0.0000 0.0000 0
vt 3.1416 0.7854 0
vt 3.4034 0.7854 0
vt 3.6652 0.7854 0
vt 3.9270 0.7854 0
vt 4.1888 0.7854 0
vt 4.4506 0.7854 0
vt 4.7124 0.7854 0
vt 4.9742 0.7854 0
vt 5.2360 0.7854 0
vt 5.4978 0.7854 0
vt 5.7596 0.7854 0
vt 6.0214 0.7854 0
vt 6.2832 0.3927 0
vt 3.1416 1.1781 0
vt 3.4034 1.1781 0
vt 3.6652 1.1781 0
vt 3.9270 1.1781 0
vt 4.1888 1.1781 0
vt 4.4506 1.1781 0
vt 4.7124 1.1781 0
vt 4.9742 1.1781 0
vt 5.2360 1.1781 0
vt 5.4978 1.1781 0
vt 5.7596 1.1781 0
vt 6.0214 1.1781 0
vt 6.2832 0.7854 0
vt 3.1416 1.5708 0
vt 3.4034 1.5708 0
vt 3.6652 1.5708 0
vt 3.9270 1.5708 0
vt 4.1888 1.5708 0
vt 4.4506 1.5708 0
vt 4.7124 1.5708 0
vt 4.9742 1.5708 0
vt 5.2360 1.5708 0
vt 5.4978 1.5708 0
vt 5.7596 1.5708 0
vt 6.0214 1.5708 0
vt 6.2832 1.1781 0
vt 0.0000 1.5708 0
vt 6.2832 0.0305 0
vt 6.2832 0.0285 0
vt 0.2618 0.0285 0
vt 0.3927 0.0305 0
vt 0.7854 0.0305 0
vt 0.5236 0.0285 0
vt 0.3927 0.0284 0
vt 0.7854 0.0285 0
vt 1.0472 0.0285 0
vt 1.1781 0.0305 0
vt 1.5708 0.0305 0
vt 1.3090 0.0285 0
vt 1.1781 0.0285 0
vt 1.5708 0.0285 0
vt 1.8326 0.0285 0
vt 1.9635 0.0305 0
vt 2.3562 0.0305 0
vt 2.0944 0.0285 0
vt 1.9635 0.0284 0
vt 2.3562 0.0285 0
vt 2.6180 0.0285 0
vt 2.7489 0.0305 0
vt 3.1416 0.0305 0
vt 2.8798 0.0284 0
vt 2.7489 0.0284 0
vt 3.1416 0.0284 0
vt 3.1416 0.0305 0
vt 3.1416 0.0284 0
vt 3.4034 0.0284 0
vt 3.5343 0.0305 0
vt 3.9270 0.0305 0
vt 3.6652 0.0284 0
vt 3.5343 0.0285 0
vt 3.9270 0.0284 0
vt 4.1888 0.0284 0
vt 4.3197 0.0305 0
vt 4.7124 0.0305 0
vt 4.4506 0.0284 0
vt 4.3197 0.0284 0
vt 4.7124 0.0284 0
vt 4.9742 0.0284 0
vt 5.1051 0.0305 0
vt 5.4978 0.0305 0
vt 5.2360 0.0285 0
vt 5.1051 0.0285 0
vt 5.4978 0.0284 0
vt 5.7596 0.0285 0
vt 5.8905 0.0305 0
vt 6.2832 0.0305 0
vt 6.0214 0.0285 0
vt 5.8905 0.0284 0
vt 6.2832 0.0285 0
vt 0.0000 0.0008 0
vt 0.0000 0.0000 0
vt 0.3927 0.0000 0
vt 0.3927 0.0008 0
vt 0.7854 0.0000 0
vt 0.7854 0.0008 0
vt 1.1781 0.0000 0
vt 1.1781 0.0008 0
vt 1.5708 0.0000 0
vt 1.5708 0.0008 0
vt 1.9635 0.0000 0
vt 1.9635 0.0008 0
vt 2.3562 0.0000 0
vt 2.3562 0.0008 0
vt 2.7489 0.0000 0
vt 2.7489 0.0008 0
vt 3.1416 0.0000 0
vt 3.1416 0.0008 0
vt 3.1416 0.0008 0
vt 3.1416 0.0000 0
vt 3.5343 0.0000 0
vt 3.5343 0.0007 0
vt 3.9270 0.0000 0
vt 3.9270 0.0007 0
vt 4.3197 0.0000 0
vt 4.3197 0.0007 0
vt 4.7124 0.0000 0
vt 4.7124 0.0007 0
vt 5.1051 0.0000 0
vt 5.1051 0.0007 0
vt 5.4978 0.0000 0
vt 5.4978 0.0007 0
vt 5.8905 0.0000 0
vt 5.8905 0.0007 0
vt 0.0000 0.0000 0
vt 0.0000 0.0008 0
vt -0.0129 0.0113 0
vt -0.0013 0.0121 0
vt -0.0040 0.0137 0
vt 0.0010 0.0033 0
vt -0.0094 -0.0018 0
vt -0.0062 -0.0023 0
vt -0.0072 0.0141 0
vt -0.0031 -0.0014 0
vt -0.0145 0.0086 0
vt -0.0149 0.0054 0
vt -0.0103 0.0133 0
vt -0.0121 -0.0002 0
vt -0.0141 0.0023 0
vt 0.0007 0.0095 0
vt 0.0015 0.0064 0
vt -0.0006 0.0005 0
vt -0.0792 -0.0429 0
vt -0.0820 -0.0482 0
vt -0.0882 -0.0434 0
vt -0.0937 -0.0378 0
vt -0.0910 -0.0317 0
vt -0.0855 -0.0377 0
vt -0.0605 -0.0570 0
vt -0.0680 -0.0550 0
vt -0.0645 -0.0499 0
vt -0.0721 -0.0469 0
vt -0.0753 -0.0521 0
vt -0.0031 0.0223 0
vt -0.0024 0.0311 0
vt 0.0001 0.0290 0
vt -0.0087 0.0329 0
vt -0.0055 0.0324 0
vt 0.0050 0.0192 0
vt 0.0071 0.0116 0
vt 0.0009 0.0121 0
vt 0.0021 0.0041 0
vt -0.0937 0.0378 0
vt -0.0882 0.0434 0
vt -0.0855 0.0377 0
vt -0.0792 0.0429 0
vt -0.0605 0.0570 0
vt -0.0565 0.0516 0
vt -0.0645 0.0499 0
vt -0.0527 0.0579 0
vt -0.0552 0.0516 0
vt 0.0082 0.0039 0
vt 0.0021 -0.0041 0
vt 0.0082 -0.0039 0
vt 0.0071 -0.0116 0
vt 0.0050 -0.0192 0
vt -0.0017 -0.0199 0
vt 0.0009 -0.0121 0
vt -0.0820 0.0482 0
vt -0.0721 0.0469 0
vt -0.0753 0.0521 0
vt -0.0680 0.0550 0
vt -0.0527 -0.0579 0
vt -0.0565 -0.0516 0
vt -0.0983 -0.0316 0
vt -0.0925 -0.0285 0
vt -0.0482 -0.0357 0
vt -0.0195 -0.0191 0
vt -0.0180 -0.0220 0
vt -0.0112 0.0326 0
vt 0.0020 0.0263 0
vt -0.0017 0.0199 0
vt -0.0500 -0.0577 0
vt -0.0532 -0.0514 0
vt -0.0199 -0.0158 0
vt -0.0662 -0.0286 0
vt -0.0715 -0.0248 0
vt -0.0540 -0.0327 0
vt -0.0603 -0.0312 0
vt -0.0465 -0.0385 0
vt -0.0155 -0.0243 0
vt -0.0407 0.0497 0
vt -0.0162 0.0238 0
vt -0.0183 0.0215 0
vt -0.0052 0.0242 0
vt -0.0077 0.0254 0
vt -0.0878 0.0174 0
vt -0.0991 0.0104 0
vt -0.0972 0.0171 0
vt -0.0983 0.0316 0
vt -0.0910 0.0317 0
vt -0.0518 0.0510 0
vt -0.0437 -0.0545 0
vt -0.0501 -0.0501 0
vt -0.0477 -0.0479 0
vt -0.0466 -0.0566 0
vt -0.0996 -0.0291 0
vt -0.0991 -0.0104 0
vt -0.0806 -0.0168 0
vt -0.0160 -0.0376 0
vt -0.0215 -0.0419 0
vt -0.0125 -0.0255 0
vt -0.0112 -0.0326 0
vt 0.0020 -0.0263 0
vt -0.0034 -0.0227 0
vt 0.0005 -0.0286 0
vt -0.0060 -0.0247 0
vt -0.0479 0.0361 0
vt -0.0462 0.0392 0
vt -0.0135 0.0253 0
vt -0.0104 0.0258 0
vt -0.0506 0.0338 0
vt -0.0173 0.0064 0
vt -0.0167 0.0000 0
vt -0.0662 0.0286 0
vt -0.0603 0.0312 0
vt -0.0759 0.0201 0
vt -0.0715 0.0248 0
vt -0.0847 0.0165 0
vt -0.1001 -0.0035 0
vt -0.1001 0.0035 0
vt -0.0996 0.0291 0
vt -0.0925 0.0287 0
vt -0.0521 0.0579 0
vt -0.0416 -0.0517 0
vt -0.0834 -0.0164 0
vt -0.0759 -0.0201 0
vt -0.0458 -0.0417 0
vt -0.0340 -0.0480 0
vt -0.0407 -0.0497 0
vt -0.0275 -0.0454 0
vt -0.0055 -0.0324 0
vt -0.0090 -0.0329 0
vt -0.0092 -0.0257 0
vt -0.0340 0.0480 0
vt -0.0275 0.0454 0
vt -0.0215 0.0419 0
vt -0.0196 0.0187 0
vt -0.0173 -0.0064 0
vt -0.0192 0.0126 0
vt -0.0929 0.0255 0
vt -0.1003 0.0256 0
vt -0.0495 0.0576 0
vt -0.0463 0.0564 0
vt -0.0488 0.0491 0
vt -0.0415 0.0516 0
vt -0.0462 -0.0450 0
vt -0.0780 -0.0181 0
vt -0.0509 -0.0337 0
vt -0.0022 -0.0310 0
vt -0.0160 0.0376 0
vt -0.0783 0.0179 0
vt -0.0814 0.0166 0
vt -0.0904 0.0195 0
vt -0.0436 0.0544 0
vt -0.0929 -0.0250 0
vt -0.0919 -0.0217 0
vt -0.0985 -0.0188 0
vt -0.0972 -0.0171 0
vt -0.0199 0.0156 0
vt -0.0192 -0.0126 0
vt -0.0540 0.0327 0
vt -0.0458 0.0428 0
vt -0.0467 0.0462 0
vt -0.1003 -0.0256 0
vt -0.0999 -0.0221 0
vt -0.0869 -0.0170 0
vt -0.0898 -0.0189 0
vt -0.0999 0.0221 0
vt -0.0922 0.0222 0
vt -0.0985 0.0188 0
vt 6.1523 0.0879 0
vt 6.1523 0.0719 0
vt 0.0000 0.0719 0
vt 0.0000 0.0879 0
vt 0.0232 0.0187 0
vt 0.0380 0.0148 0
vt 0.0361 0.0178 0
vt 0.0072 -0.0093 0
vt 0.0035 -0.0181 0
vt 0.0045 -0.0212 0
vt 0.0333 0.0199 0
vt 0.0298 0.0208 0
vt 0.0387 0.0113 0
vt 0.0065 -0.0239 0
vt 0.0049 -0.0118 0
vt 0.0037 -0.0148 0
vt 0.0209 0.0159 0
vt 0.0093 -0.0256 0
vt 0.0125 -0.0263 0
vt 0.0299 -0.0126 0
vt 0.0156 0.0004 0
vt 0.0119 -0.0049 0
vt 0.0263 0.0204 0
vt 0.0248 -0.0189 0
vt 0.0340 -0.0055 0
vt 0.0369 0.0021 0
vt 0.0183 0.0063 0
vt 0.0386 0.0101 0
vt 0.0198 0.0126 0
vt 0.0158 -0.0259 0
vt 0.0187 -0.0244 0
vt 2.2253 0.0879 0
vt 2.2253 0.0719 0
vt 2.5744 0.0719 0
vt 2.5744 0.0879 0
vt 2.9234 0.0719 0
vt 2.9234 0.0879 0
vt 3.2725 0.0719 0
vt 3.2725 0.0879 0
vt 3.6216 0.0719 0
vt 3.6216 0.0879 0
vt 3.9706 0.0719 0
vt 3.9706 0.0879 0
vt 4.3197 0.0719 0
vt 4.3197 0.0879 0
vt 4.6688 0.0719 0
vt 4.6688 0.0879 0
vt 5.0178 0.0719 0
vt 5.0178 0.0879 0
vt 5.3669 0.0719 0
vt 5.3669 0.0879 0
vt 5.9559 0.0879 0
vt 6.1523 0.0879 0
vt 6.1523 0.0719 0
vt 5.7596 0.0879 0
vt 5.9559 0.0719 0
vt 5.5632 0.0879 0
vt 5.7596 0.0719 0
vt 5.3669 0.0879 0
vt 5.5632 0.0719 0
vt 5.3669 0.0719 0
vt 0.0000 0.0879 0
vt 0.0000 0.0719 0
vt 0.3763 0.0719 0
vt 0.3763 0.0879 0
vt 0.7527 0.0719 0
vt 0.7527 0.0879 0
vt 1.1290 0.0719 0
vt 1.1290 0.0879 0
vt 1.5053 0.0719 0
vt 1.5053 0.0879 0
vt 1.8817 0.0719 0
vt 1.8817 0.0879 0
vt 2.2580 0.0719 0
vt 2.2580 0.0879 0
vt 2.6344 0.0719 0
vt 2.6344 0.0879 0
vt 3.0107 0.0719 0
vt 3.0107 0.0879 0
vt 5.3669 0.0879 0
vt 5.3669 0.0719 0
vt 5.5240 0.0719 0
vt 5.5240 0.0879 0
vt 5.6810 0.0719 0
vt 5.6810 0.0879 0
vt 5.8381 0.0719 0
vt 5.8381 0.0879 0
vt 5.9952 0.0719 0
vt 5.9952 0.0879 0
vt 6.1523 0.0719 0
vt 6.1523 0.0879 0
vt 4.3197 0.0851 0
vt 4.3197 0.0691 0
vt 4.6469 0.0691 0
vt 4.6469 0.0851 0
vt 4.9742 0.0691 0
vt 4.9742 0.0851 0
vt 5.3014 0.0691 0
vt 5.3014 0.0851 0
vt 5.6287 0.0691 0
vt 5.6287 0.0851 0
vt 5.9559 0.0691 0
vt 5.9559 0.0851 0
vt 0.0000 0.0691 0
vt 0.0000 0.0851 0
vt 0.0106 0.0105 0
vt 0.0157 0.0138 0
vt 0.0171 0.0166 0
vt 0.0134 0.0117 0
vt 0.0176 0.0196 0
vt 0.0045 0.0109 0
vt 0.0075 0.0102 0
vt -0.0208 0.0109 0
vt -0.0324 0.0145 0
vt -0.0302 0.0121 0
vt -0.0338 0.0209 0
vt -0.0337 0.0176 0
vt -0.0273 0.0106 0
vt -0.0328 0.0240 0
vt 0.0172 0.0224 0
vt 0.0160 0.0249 0
vt -0.0308 0.0266 0
vt 0.0142 0.0270 0
vt 0.0040 0.0309 0
vt -0.0017 0.0127 0
vt -0.0041 0.0322 0
vt -0.0081 0.0134 0
vt -0.0203 0.0309 0
vt -0.0280 0.0284 0
vt 0.0118 0.0284 0
vt -0.0122 0.0322 0
vt -0.0146 0.0127 0
vt -0.0240 0.0101 0
vt 0.0000 0.0851 0
vt 0.0000 0.0691 0
vt 0.2945 0.0691 0
vt 0.2945 0.0851 0
vt 0.5890 0.0691 0
vt 0.5890 0.0851 0
vt 0.8836 0.0691 0
vt 0.8836 0.0851 0
vt 1.1781 0.0691 0
vt 1.1781 0.0851 0
vt 1.7671 0.0851 0
vt 1.9635 0.0851 0
vt 1.9635 0.0691 0
vt 1.5708 0.0851 0
vt 1.7671 0.0691 0
vt 1.3744 0.0851 0
vt 1.5708 0.0691 0
vt 1.1781 0.0851 0
vt 1.3744 0.0691 0
vt 1.1781 0.0691 0
vt 1.9635 0.0851 0
vt 1.9635 0.0691 0
vt 2.3126 0.0691 0
vt 2.3126 0.0851 0
vt 2.6616 0.0691 0
vt 2.6616 0.0851 0
vt 3.0107 0.0691 0
vt 3.0107 0.0851 0
vt 3.3598 0.0691 0
vt 3.3598 0.0851 0
vt 3.7088 0.0691 0
vt 3.7088 0.0851 0
vt 4.0579 0.0691 0
vt 4.0579 0.0851 0
vt 4.4070 0.0691 0
vt 4.4070 0.0851 0
vt 4.7560 0.0691 0
vt 4.7560 0.0851 0
vt 5.1051 0.0691 0
vt 5.1051 0.0851 0
vt 1.1781 0.0851 0
vt 1.1781 0.0691 0
vt 1.3352 0.0691 0
vt 1.3352 0.0851 0
vt 1.4923 0.0691 0
vt 1.4923 0.0851 0
vt 1.6493 0.0691 0
vt 1.6493 0.0851 0
vt 1.8064 0.0691 0
vt 1.8064 0.0851 0
vt 1.9635 0.0691 0
vt 1.9635 0.0851 0
vt 4.0579 0.0879 0
vt 4.0579 0.0719 0
vt 4.4288 0.0719 0
vt 4.4288 0.0879 0
vt 4.7997 0.0719 0
vt 4.7997 0.0879 0
vt 5.1705 0.0719 0
vt 5.1705 0.0879 0
vt 5.5414 0.0719 0
vt 5.5414 0.0879 0
vt 5.9123 0.0719 0
vt 5.9123 0.0879 0
vt 0.0000 0.0719 0
vt 0.0000 0.0879 0
vt -0.0040 -0.0404 0
vt 0.0022 -0.0374 0
vt 0.0040 -0.0344 0
vt -0.0116 -0.0015 0
vt -0.0239 0.0063 0
vt -0.0269 0.0048 0
vt -0.0147 0.0042 0
vt -0.0174 0.0060 0
vt -0.0126 0.0016 0
vt -0.0006 -0.0395 0
vt -0.0291 0.0023 0
vt 0.0047 -0.0309 0
vt -0.0075 -0.0401 0
vt -0.0207 0.0067 0
vt -0.0218 -0.0267 0
vt -0.0167 -0.0330 0
vt -0.0037 -0.0190 0
vt -0.0106 -0.0385 0
vt -0.0303 -0.0007 0
vt -0.0288 -0.0120 0
vt -0.0102 -0.0078 0
vt -0.0259 -0.0196 0
vt -0.0075 -0.0137 0
vt 0.0043 -0.0281 0
vt 0.0030 -0.0255 0
vt -0.0305 -0.0040 0
vt 0.0010 -0.0234 0
vt 0.1309 0.0879 0
vt 0.1309 0.0719 0
vt 0.4800 0.0719 0
vt 0.4800 0.0879 0
vt 0.8290 0.0719 0
vt 0.8290 0.0879 0
vt 1.1781 0.0719 0
vt 1.1781 0.0879 0
vt 1.5272 0.0719 0
vt 1.5272 0.0879 0
vt 1.8762 0.0719 0
vt 1.8762 0.0879 0
vt 2.2253 0.0719 0
vt 2.2253 0.0879 0
vt 2.5744 0.0719 0
vt 2.5744 0.0879 0
vt 2.9234 0.0719 0
vt 2.9234 0.0879 0
vt 3.2725 0.0719 0
vt 3.2725 0.0879 0
vt 3.8615 0.0879 0
vt 4.0579 0.0879 0
vt 4.0579 0.0719 0
vt 3.6652 0.0879 0
vt 3.8615 0.0719 0
vt 3.4688 0.0879 0
vt 3.6652 0.0719 0
vt 3.2725 0.0879 0
vt 3.4688 0.0719 0
vt 3.2725 0.0719 0
vt 0.0000 0.0879 0
vt 0.0000 0.0719 0
vt 0.3054 0.0719 0
vt 0.3054 0.0879 0
vt 0.6109 0.0719 0
vt 0.6109 0.0879 0
vt 0.9163 0.0719 0
vt 0.9163 0.0879 0
vt 3.2725 0.0879 0
vt 3.2725 0.0719 0
vt 3.4296 0.0719 0
vt 3.4296 0.0879 0
vt 3.5867 0.0719 0
vt 3.5867 0.0879 0
vt 3.7437 0.0719 0
vt 3.7437 0.0879 0
vt 3.9008 0.0719 0
vt 3.9008 0.0879 0
vt 4.0579 0.0719 0
vt 4.0579 0.0879 0
vt 3.1416 0.0283 0
vt 2.7489 0.0283 0
vt 2.8560 0.0293 0
vt 2.7489 0.0293 0
vt 2.3562 0.0283 0
vt 2.3562 0.0293 0
vt 2.5704 0.0293 0
vt 1.9635 0.0283 0
vt 1.9992 0.0293 0
vt 2.2848 0.0293 0
vt 1.5708 0.0283 0
vt 1.7136 0.0293 0
vt 1.5708 0.0293 0
vt 1.1781 0.0283 0
vt 1.1424 0.0293 0
vt 1.4280 0.0293 0
vt 0.7854 0.0283 0
vt 0.8568 0.0293 0
vt 0.7854 0.0293 0
vt 0.3927 0.0283 0
vt 0.5712 0.0293 0
vt 0.3927 0.0293 0
vt 6.2832 0.0283 0
vt 0.0000 0.0293 0
vt 0.2856 0.0293 0
vt 3.1416 0.0294 0
vt 6.2832 0.0283 0
vt 5.8905 0.0283 0
vt 5.9976 0.0293 0
vt 5.8905 0.0293 0
vt 5.4978 0.0283 0
vt 5.4978 0.0293 0
vt 5.7120 0.0293 0
vt 5.1051 0.0283 0
vt 5.1408 0.0293 0
vt 5.4264 0.0293 0
vt 4.7124 0.0283 0
vt 4.8552 0.0293 0
vt 4.7124 0.0293 0
vt 4.3197 0.0283 0
vt 4.2840 0.0293 0
vt 4.5696 0.0293 0
vt 3.9270 0.0283 0
vt 3.9984 0.0293 0
vt 3.9270 0.0293 0
vt 3.5343 0.0283 0
vt 3.7128 0.0293 0
vt 3.5343 0.0293 0
vt 3.1416 0.0283 0
vt 3.1416 0.0294 0
vt 3.4272 0.0293 0
vt 0.0000 0.0293 0
vt 6.2832 1.5708 0
vt 0.2856 1.5708 0
vt 0.2856 1.1781 0
vt 0.5712 1.5708 0
vt 0.5712 1.1781 0
vt 0.8568 1.5708 0
vt 0.8568 1.1781 0
vt 1.1424 1.5708 0
vt 1.1424 1.1781 0
vt 1.4280 1.5708 0
vt 1.4280 1.1781 0
vt 1.7136 1.5708 0
vt 1.7136 1.1781 0
vt 1.9992 1.5708 0
vt 1.9992 1.1781 0
vt 2.2848 1.5708 0
vt 2.2848 1.1781 0
vt 2.5704 1.5708 0
vt 2.5704 1.1781 0
vt 2.8560 1.5708 0
vt 2.8560 1.1781 0
vt 3.1416 1.5708 0
vt 3.1416 1.1781 0
vt 0.0000 1.1781 0
vt 0.2856 0.7854 0
vt 0.5712 0.7854 0
vt 0.8568 0.7854 0
vt 1.1424 0.7854 0
vt 1.4280 0.7854 0
vt 1.7136 0.7854 0
vt 1.9992 0.7854 0
vt 2.2848 0.7854 0
vt 2.5704 0.7854 0
vt 2.8560 0.7854 0
vt 3.1416 0.7854 0
vt 0.0000 0.7854 0
vt 0.2856 0.3927 0
vt 0.5712 0.3927 0
vt 0.8568 0.3927 0
vt 1.1424 0.3927 0
vt 1.4280 0.3927 0
vt 1.7136 0.3927 0
vt 1.9992 0.3927 0
vt 2.2848 0.3927 0
vt 2.5704 0.3927 0
vt 2.8560 0.3927 0
vt 3.1416 0.3927 0
vt 0.0000 0.3927 0
vt 0.2856 0.0000 0
vt 0.5712 0.0000 0
vt 0.3927 0.0000 0
vt 0.7854 0.0000 0
vt 0.8568 0.0000 0
vt 1.1424 0.0000 0
vt 1.4280 0.0000 0
vt 1.5708 0.0000 0
vt 1.7136 0.0000 0
vt 1.9992 0.0000 0
vt 2.2848 0.0000 0
vt 2.5704 0.0000 0
vt 2.3562 0.0000 0
vt 2.7489 0.0000 0
vt 2.8560 0.0000 0
vt 3.1416 0.0000 0
vt 6.2832 0.0000 0
vt 3.1416 1.5708 0
vt 3.4272 1.5708 0
vt 3.4272 1.1781 0
vt 3.7128 1.5708 0
vt 3.7128 1.1781 0
vt 3.9984 1.5708 0
vt 3.9984 1.1781 0
vt 4.2840 1.5708 0
vt 4.2840 1.1781 0
vt 4.5696 1.5708 0
vt 4.5696 1.1781 0
vt 4.8552 1.5708 0
vt 4.8552 1.1781 0
vt 5.1408 1.5708 0
vt 5.1408 1.1781 0
vt 5.4264 1.5708 0
vt 5.4264 1.1781 0
vt 5.7120 1.5708 0
vt 5.7120 1.1781 0
vt 5.9976 1.5708 0
vt 5.9976 1.1781 0
vt 6.2832 1.5708 0
vt 6.2832 1.1781 0
vt 3.1416 1.1781 0
vt 3.4272 0.7854 0
vt 3.7128 0.7854 0
vt 3.9984 0.7854 0
vt 4.2840 0.7854 0
vt 4.5696 0.7854 0
vt 4.8552 0.7854 0
vt 5.1408 0.7854 0
vt 5.4264 0.7854 0
vt 5.7120 0.7854 0
vt 5.9976 0.7854 0
vt 6.2832 0.7854 0
vt 3.1416 0.7854 0
vt 3.4272 0.3927 0
vt 3.7128 0.3927 0
vt 3.9984 0.3927 0
vt 4.2840 0.3927 0
vt 4.5696 0.3927 0
vt 4.8552 0.3927 0
vt 5.1408 0.3927 0
vt 5.4264 0.3927 0
vt 5.7120 0.3927 0
vt 5.9976 0.3927 0
vt 6.2832 0.3927 0
vt 3.1416 0.3927 0
vt 3.4272 0.0000 0
vt 3.7128 0.0000 0
vt 3.5343 0.0000 0
vt 3.9270 0.0000 0
vt 3.9984 0.0000 0
vt 4.2840 0.0000 0
vt 4.5696 0.0000 0
vt 4.8552 0.0000 0
vt 4.7124 0.0000 0
vt 5.1408 0.0000 0
vt 5.4264 0.0000 0
vt 5.7120 0.0000 0
vt 5.4978 0.0000 0
vt 5.8905 0.0000 0
vt 5.9976 0.0000 0
vt 6.2832 0.0000 0
vt 3.1416 0.0000 0
vt 0.0034 0.0051 0
vt 0.0034 0.0072 0
vt 0.0019 0.0064 0
vt -0.0094 0.0111 0
vt -0.0085 0.0098 0
vt -0.0070 0.0111 0
vt -0.0106 0.0093 0
vt -0.0094 0.0080 0
vt -0.0112 0.0073 0
vt -0.0112 0.0052 0
vt -0.0097 0.0060 0
vt -0.0106 0.0032 0
vt -0.0093 0.0040 0
vt -0.0095 0.0015 0
vt -0.0082 0.0023 0
vt 0.0027 0.0031 0
vt 0.0016 0.0044 0
vt 0.0007 0.0027 0
vt 0.0028 0.0092 0
vt 0.0015 0.0084 0
vt 0.0017 0.0110 0
vt 0.0004 0.0101 0
vt -0.0018 0.0133 0
vt -0.0031 0.0120 0
vt -0.0012 0.0114 0
vt -0.0079 0.0001 0
vt -0.0066 0.0011 0
vt -0.0061 -0.0008 0
vt -0.0047 0.0005 0
vt -0.0040 -0.0011 0
vt -0.0019 -0.0009 0
vt -0.0027 0.0006 0
vt 0.0000 0.0000 0
vt -0.0008 0.0013 0
vt 0.0001 0.0124 0
vt -0.0038 0.0136 0
vt 0.0016 0.0014 0
vt -0.0059 0.0133 0
vt -0.0051 0.0119 0
vt -0.0078 0.0124 0
vt 6.2832 3.1416 0
vt 0.3491 3.1416 0
vt 0.3491 2.7489 0
vt 0.6981 2.7489 0
vt 0.4488 3.1416 0
vt 0.6981 -3.1416 0
vt 0.8976 3.1416 0
vt 1.0472 2.7489 0
vt 1.0472 3.1416 0
vt 1.3963 3.1416 0
vt 1.3963 2.7489 0
vt 1.7453 3.1416 0
vt 1.7453 2.7489 0
vt 2.0944 3.1416 0
vt 2.0944 2.7489 0
vt 2.4435 2.7489 0
vt 2.2440 -3.1416 0
vt 2.4435 -3.1416 0
vt 2.6928 3.1416 0
vt 2.7925 2.7489 0
vt 2.7925 3.1416 0
vt 3.1416 3.1416 0
vt 3.1416 2.7489 0
vt 0.0000 2.7489 0
vt 0.3491 2.3562 0
vt 0.6981 2.3562 0
vt 1.0472 2.3562 0
vt 1.3963 2.3562 0
vt 1.7453 2.3562 0
vt 2.0944 2.3562 0
vt 2.4435 2.3562 0
vt 2.7925 2.3562 0
vt 3.1416 2.3562 0
vt 0.0000 2.3562 0
vt 0.3491 1.9635 0
vt 0.6981 1.9635 0
vt 1.0472 1.9635 0
vt 1.3963 1.9635 0
vt 1.7453 1.9635 0
vt 2.0944 1.9635 0
vt 2.4435 1.9635 0
vt 2.7925 1.9635 0
vt 3.1416 1.9635 0
vt 0.0000 1.9635 0
vt 0.3491 1.5708 0
vt 0.6981 1.5708 0
vt 1.0472 1.5708 0
vt 1.3963 1.5708 0
vt 1.7453 1.5708 0
vt 2.0944 1.5708 0
vt 2.4435 1.5708 0
vt 2.7925 1.5708 0
vt 3.1416 1.5708 0
vt 0.0000 1.5708 0
vt 0.0066 -0.0079 0
vt 0.0076 -0.0107 0
vt 0.0051 -0.0102 0
vt 0.0063 -0.0165 0
vt 0.0041 -0.0186 0
vt 0.0029 -0.0166 0
vt 0.0013 -0.0196 0
vt 0.0006 -0.0174 0
vt 0.0038 -0.0082 0
vt 0.0045 -0.0057 0
vt 0.0076 -0.0137 0
vt 0.0054 -0.0126 0
vt 0.0046 -0.0149 0
vt -0.0066 -0.0161 0
vt -0.0076 -0.0133 0
vt -0.0051 -0.0138 0
vt -0.0076 -0.0103 0
vt -0.0054 -0.0114 0
vt -0.0063 -0.0075 0
vt -0.0046 -0.0091 0
vt -0.0041 -0.0054 0
vt -0.0029 -0.0074 0
vt -0.0013 -0.0044 0
vt -0.0006 -0.0066 0
vt -0.0045 -0.0183 0
vt -0.0038 -0.0158 0
vt -0.0018 -0.0171 0
vt 0.0017 -0.0044 0
vt 0.0018 -0.0069 0
vt -0.0017 -0.0196 0
vt 3.1416 0.0282 0
vt 3.5904 0.0282 0
vt 3.4907 0.0293 0
vt 3.5904 0.0293 0
vt 4.0392 0.0282 0
vt 3.8397 0.0293 0
vt 4.0392 0.0293 0
vt 4.4880 0.0282 0
vt 4.5379 0.0293 0
vt 4.1888 0.0293 0
vt 4.9368 0.0282 0
vt 4.8869 0.0293 0
vt 5.3856 0.0282 0
vt 5.2360 0.0293 0
vt 5.3856 0.0293 0
vt 5.8344 0.0282 0
vt 5.8344 0.0293 0
vt 5.5851 0.0293 0
vt 0.0000 0.0283 0
vt 6.2832 0.0294 0
vt 5.9341 0.0293 0
vt 3.1416 0.0293 0
vt 0.0000 0.0283 0
vt 0.4488 0.0283 0
vt 0.3491 0.0293 0
vt 0.4488 0.0293 0
vt 0.8976 0.0283 0
vt 0.6981 0.0293 0
vt 0.8976 0.0293 0
vt 1.3464 0.0283 0
vt 1.3963 0.0293 0
vt 1.0472 0.0293 0
vt 1.7952 0.0283 0
vt 1.7453 0.0293 0
vt 2.2440 0.0283 0
vt 2.0944 0.0293 0
vt 2.2440 0.0293 0
vt 2.6928 0.0283 0
vt 2.6928 0.0293 0
vt 2.4435 0.0293 0
vt 3.1416 0.0282 0
vt 3.1416 0.0293 0
vt 2.7925 0.0293 0
vt 6.2832 0.0294 0
vt 3.1416 3.1416 0
vt 3.4907 3.1416 0
vt 3.4907 2.7489 0
vt 3.8397 2.7489 0
vt 3.5904 -3.1416 0
vt 3.8397 3.1416 0
vt 4.0392 -3.1416 0
vt 4.1888 2.7489 0
vt 4.1888 3.1416 0
vt 4.5379 3.1416 0
vt 4.5379 2.7489 0
vt 4.8869 3.1416 0
vt 4.8869 2.7489 0
vt 5.2360 3.1416 0
vt 5.2360 2.7489 0
vt 5.5851 2.7489 0
vt 5.3856 -3.1416 0
vt 5.5851 3.1416 0
vt 5.8344 -3.1416 0
vt 5.9341 2.7489 0
vt 5.9341 3.1416 0
vt 6.2832 3.1416 0
vt 6.2832 2.7489 0
vt 3.1416 2.7489 0
vt 3.4907 2.3562 0
vt 3.8397 2.3562 0
vt 4.1888 2.3562 0
vt 4.5379 2.3562 0
vt 4.8869 2.3562 0
vt 5.2360 2.3562 0
vt 5.5851 2.3562 0
vt 5.9341 2.3562 0
vt 6.2832 2.3562 0
vt 3.1416 2.3562 0
vt 3.4907 1.9635 0
vt 3.8397 1.9635 0
vt 4.1888 1.9635 0
vt 4.5379 1.9635 0
vt 4.8869 1.9635 0
vt 5.2360 1.9635 0
vt 5.5851 1.9635 0
vt 5.9341 1.9635 0
vt 6.2832 1.9635 0
vt 3.1416 1.9635 0
vt 3.4907 1.5708 0
vt 3.8397 1.5708 0
vt 4.1888 1.5708 0
vt 4.5379 1.5708 0
vt 4.8869 1.5708 0
vt 5.2360 1.5708 0
vt 5.5851 1.5708 0
vt 5.9341 1.5708 0
vt 0.0000 1.5708 0
vt 3.1416 1.5708 0
f 3285/3285/3285 3311/3311/3311 3282/3282/3282
f 3287/3287/3287 3312/3312/3312 3285/3285/3285
f 3290/3290/3290 3313/3313/3313 3287/3287/3287
f 3292/3292/3292 3314/3314/3314 3290/3290/3290
f 3294/3294/3294 3315/3315/3315 3292/3292/3292
f 3297/3297/3297 3316/3316/3316 3294/3294/3294
f 3299/3299/3299 3317/3317/3317 3297/3297/3297
f 3301/3301/3301 3318/3318/3318 3299/3299/3299
f 3304/3304/3304 3319/3319/3319 3301/3301/3301
f 3307/3307/3307 3320/3320/3320 3304/3304/3304
f 3306/3306/3306 3321/3321/3321 3307/3307/3307
f 3323/3323/3323 3322/3322/3322 3306/3306/3306
f 3312/3312/3312 3324/3324/3324 3311/3311/3311
f 3313/3313/3313 3325/3325/3325 3312/3312/3312
f 3314/3314/3314 3326/3326/3326 3313/3313/3313
f 3310/3310/3310 3306/3306/3306 3309/3309/3309
f 3316/3316/3316 3328/3328/3328 3315/3315/3315
f 3317/3317/3317 3329/3329/3329 3316/3316/3316
f 3318/3318/3318 3330/3330/3330 3317/3317/3317
f 3319/3319/3319 3331/3331/3331 3318/3318/3318
f 3320/3320/3320 3332/3332/3332 3319/3319/3319
f 3321/3321/3321 3333/3333/3333 3320/3320/3320
f 3322/3322/3322 3334/3334/3334 3321/3321/3321
f 3336/3336/3336 3335/3335/3335 3322/3322/3322
f 3325/3325/3325 3337/3337/3337 3324/3324/3324
f 3326/3326/3326 3338/3338/3338 3325/3325/3325
f 3327/3327/3327 3339/3339/3339 3326/3326/3326
f 3328/3328/3328 3340/3340/3340 3327/3327/3327
f 3329/3329/3329 3341/3341/3341 3328/3328/3328
f 3330/3330/3330 3342/3342/3342 3329/3329/3329
f 3331/3331/3331 3343/3343/3343 3330/3330/3330
f 3332/3332/3332 3344/3344/3344 3331/3331/3331
f 3333/3333/3333 3345/3345/3345 3332/3332/3332
f 3334/3334/3334 3346/3346/3346 3333/3333/3333
f 3335/3335/3335 3347/3347/3347 3334/3334/3334
f 3349/3349/3349 3348/3348/3348 3335/3335/3335
f 3348/3348/3348 3349/3349/3349 3350/3350/3350
f 3347/3347/3347 3335/3335/3335 3348/3348/3348
f 3346/3346/3346 3334/3334/3334 3347/3347/3347
f 3345/3345/3345 3333/3333/3333 3346/3346/3346
f 3344/3344/3344 3332/3332/3332 3345/3345/3345
f 3343/3343/3343 3331/3331/3331 3344/3344/3344
f 3342/3342/3342 3330/3330/3330 3343/3343/3343
f 3341/3341/3341 3329/3329/3329 3342/3342/3342
f 3340/3340/3340 3328/3328/3328 3341/3341/3341
f 3339/3339/3339 3327/3327/3327 3340/3340/3340
f 3338/3338/3338 3326/3326/3326 3339/3339/3339
f 3337/3337/3337 3325/3325/3325 3338/3338/3338
f 3335/3335/3335 3336/3336/3336 3349/3349/3349
f 3334/3334/3334 3322/3322/3322 3335/3335/3335
f 3333/3333/3333 3321/3321/3321 3334/3334/3334
f 3332/3332/3332 3320/3320/3320 3333/3333/3333
f 3308/3308/3308 3307/3307/3307 3305/3305/3305
f 3308/3308/3308 3306/3306/3306 3307/3307/3307
f 3305/3305/3305 3304/3304/3304 3303/3303/3303
f 3303/3303/3303 3301/3301/3301 3302/3302/3302
f 3299/3299/3299 3300/3300/3300 3301/3301/3301
f 3300/3300/3300 3299/3299/3299 3298/3298/3298
f 3298/3298/3298 3297/3297/3297 3296/3296/3296
f 3296/3296/3296 3294/3294/3294 3295/3295/3295
f 3292/3292/3292 3293/3293/3293 3294/3294/3294
f 3293/3293/3293 3292/3292/3292 3291/3291/3291
f 3291/3291/3291 3290/3290/3290 3289/3289/3289
f 3289/3289/3289 3287/3287/3287 3288/3288/3288
f 3285/3285/3285 3286/3286/3286 3287/3287/3287
f 3286/3286/3286 3285/3285/3285 3284/3284/3284
f 3284/3284/3284 3282/3282/3282 3283/3283/3283
f 3315/3315/3315 3327/3327/3327 3314/3314/3314
f 3331/3331/3331 3319/3319/3319 3332/3332/3332
f 3330/3330/3330 3318/3318/3318 3331/3331/3331
f 3329/3329/3329 3317/3317/3317 3330/3330/3330
f 3328/3328/3328 3316/3316/3316 3329/3329/3329
f 3327/3327/3327 3315/3315/3315 3328/3328/3328
f 3326/3326/3326 3314/3314/3314 3327/3327/3327
f 3325/3325/3325 3313/3313/3313 3326/3326/3326
f 3324/3324/3324 3312/3312/3312 3325/3325/3325
f 3322/3322/3322 3323/3323/3323 3336/3336/3336
f 3321/3321/3321 3306/3306/3306 3322/3322/3322
f 3320/3320/3320 3307/3307/3307 3321/3321/3321
f 3319/3319/3319 3304/3304/3304 3320/3320/3320
f 3318/3318/3318 3301/3301/3301 3319/3319/3319
f 3317/3317/3317 3299/3299/3299 3318/3318/3318
f 3316/3316/3316 3297/3297/3297 3317/3317/3317
f 3315/3315/3315 3294/3294/3294 3316/3316/3316
f 3314/3314/3314 3292/3292/3292 3315/3315/3315
f 3313/3313/3313 3290/3290/3290 3314/3314/3314
f 3312/3312/3312 3287/3287/3287 3313/3313/3313
f 3311/3311/3311 3285/3285/3285 3312/3312/3312
f 3306/3306/3306 3310/3310/3310 3323/3323/3323
f 3306/3306/3306 3308/3308/3308 3309/3309/3309
f 3304/3304/3304 3305/3305/3305 3307/3307/3307
f 3301/3301/3301 3303/3303/3303 3304/3304/3304
f 3282/3282/3282 3284/3284/3284 3285/3285/3285
f 3287/3287/3287 3286/3286/3286 3288/3288/3288
f 3287/3287/3287 3289/3289/3289 3290/3290/3290
f 3290/3290/3290 3291/3291/3291 3292/3292/3292
f 3294/3294/3294 3293/3293/3293 3295/3295/3295
f 3294/3294/3294 3296/3296/3296 3297/3297/3297
f 3297/3297/3297 3298/3298/3298 3299/3299/3299
f 3301/3301/3301 3300/3300/3300 3302/3302/3302
f 3422/3422/3422 3420/3420/3420 3421/3421/3421
f 3420/3420/3420 3422/3422/3422 3423/3423/3423
f 3425/3425/3425 3424/3424/3424 3423/3423/3423
f 3425/3425/3425 3423/3423/3423 3426/3426/3426
f 3428/3428/3428 3424/3424/3424 3427/3427/3427
f 3424/3424/3424 3428/3428/3428 3429/3429/3429
f 3431/3431/3431 3430/3430/3430 3429/3429/3429
f 3431/3431/3431 3429/3429/3429 3432/3432/3432
f 3434/3434/3434 3430/3430/3430 3433/3433/3433
f 3430/3430/3430 3434/3434/3434 3435/3435/3435
f 3437/3437/3437 3436/3436/3436 3435/3435/3435
f 3437/3437/3437 3435/3435/3435 3438/3438/3438
f 3440/3440/3440 3436/3436/3436 3439/3439/3439
f 3436/3436/3436 3440/3440/3440 3441/3441/3441
f 3443/3443/3443 3442/3442/3442 3441/3441/3441
f 3443/3443/3443 3441/3441/3441 3444/3444/3444
f 3442/3442/3442 3443/3443/3443 3445/3445/3445
f 3441/3441/3441 3440/3440/3440 3444/3444/3444
f 3436/3436/3436 3437/3437/3437 3439/3439/3439
f 3435/3435/3435 3434/3434/3434 3438/3438/3438
f 3430/3430/3430 3431/3431/3431 3433/3433/3433
f 3429/3429/3429 3428/3428/3428 3432/3432/3432
f 3424/3424/3424 3425/3425/3425 3427/3427/3427
f 3423/3423/3423 3422/3422/3422 3426/3426/3426
f 3472/3472/3472 3474/3474/3474 3475/3475/3475
f 3475/3475/3475 3476/3476/3476 3477/3477/3477
f 3477/3477/3477 3478/3478/3478 3479/3479/3479
f 3479/3479/3479 3480/3480/3480 3481/3481/3481
f 3481/3481/3481 3482/3482/3482 3483/3483/3483
f 3483/3483/3483 3484/3484/3484 3485/3485/3485
f 3485/3485/3485 3486/3486/3486 3487/3487/3487
f 3487/3487/3487 3488/3488/3488 3489/3489/3489
f 3488/3488/3488 3487/3487/3487 3486/3486/3486
f 3486/3486/3486 3485/3485/3485 3484/3484/3484
f 3484/3484/3484 3483/3483/3483 3482/3482/3482
f 3482/3482/3482 3481/3481/3481 3480/3480/3480
f 3480/3480/3480 3479/3479/3479 3478/3478/3478
f 3478/3478/3478 3477/3477/3477 3476/3476/3476
f 3476/3476/3476 3475/3475/3475 3474/3474/3474
f 3474/3474/3474 3472/3472/3472 3473/3473/3473
f 3673/3673/3673 3675/3675/3675 3676/3676/3676
f 3675/3675/3675 3673/3673/3673 3674/3674/3674
f 3775/3775/3775 3776/3776/3776 3777/3777/3777
f 3769/3769/3769 3770/3770/3770 3771/3771/3771
f 3767/3767/3767 3768/3768/3768 3769/3769/3769
f 3764/3764/3764 3766/3766/3766 3767/3767/3767
f 3776/3776/3776 3775/3775/3775 3774/3774/3774
f 3773/3773/3773 3774/3774/3774 3775/3775/3775
f 3771/3771/3771 3772/3772/3772 3773/3773/3773
f 3774/3774/3774 3773/3773/3773 3772/3772/3772
f 3772/3772/3772 3771/3771/3771 3770/3770/3770
f 3770/3770/3770 3769/3769/3769 3768/3768/3768
f 3766/3766/3766 3764/3764/3764 3765/3765/3765
f 3768/3768/3768 3767/3767/3767 3766/3766/3766
f 3864/3864/3864 3863/3863/3863 3862/3862/3862
f 3862/3862/3862 3861/3861/3861 3860/3860/3860
f 3860/3860/3860 3858/3858/3858 3859/3859/3859
f 3858/3858/3858 3860/3860/3860 3861/3861/3861
f 3861/3861/3861 3862/3862/3862 3863/3863/3863
f 3863/3863/3863 3864/3864/3864 3865/3865/3865
f 3865/3865/3865 3866/3866/3866 3867/3867/3867
f 3866/3866/3866 3865/3865/3865 3864/3864/3864
f 3868/3868/3868 3867/3867/3867 3866/3866/3866
f 3870/3870/3870 3869/3869/3869 3868/3868/3868
f 3869/3869/3869 3870/3870/3870 3871/3871/3871
f 3867/3867/3867 3868/3868/3868 3869/3869/3869
f 2434/2434/2434 2436/2436/2436 2464/2464/2464
f 2411/2411/2411 2414/2414/2414 2416/2416/2416
f 2415/2415/2415 2417/2417/2417 2458/2458/2458
f 2418/2418/2418 2420/2420/2420 2424/2424/2424
f 2424/2424/2424 2426/2426/2426 2428/2428/2428
f 2428/2428/2428 2430/2430/2430 2431/2431/2431
f 2431/2431/2431 2433/2433/2433 2434/2434/2434
f 2438/2438/2438 2441/2441/2441 2423/2423/2423
f 2415/2415/2415 2459/2459/2459 2463/2463/2463
f 2460/2460/2460 2458/2458/2458 2461/2461/2461
f 2447/2447/2447 2462/2462/2462 2443/2443/2443
f 2461/2461/2461 2447/2447/2447 2460/2460/2460
f 2447/2447/2447 2461/2461/2461 2462/2462/2462
f 2458/2458/2458 2460/2460/2460 2459/2459/2459
f 2459/2459/2459 2415/2415/2415 2458/2458/2458
f 2449/2449/2449 2453/2453/2453 2450/2450/2450
f 2455/2455/2455 2451/2451/2451 2440/2440/2440
f 2440/2440/2440 2457/2457/2457 2455/2455/2455
f 2440/2440/2440 2456/2456/2456 2457/2457/2457
f 2456/2456/2456 2440/2440/2440 2439/2439/2439
f 2451/2451/2451 2455/2455/2455 2454/2454/2454
f 2452/2452/2452 2451/2451/2451 2454/2454/2454
f 2451/2451/2451 2453/2453/2453 2449/2449/2449
f 2453/2453/2453 2451/2451/2451 2452/2452/2452
f 2449/2449/2449 2448/2448/2448 2443/2443/2443
f 2448/2448/2448 2449/2449/2449 2450/2450/2450
f 2444/2444/2444 2443/2443/2443 2448/2448/2448
f 2443/2443/2443 2446/2446/2446 2447/2447/2447
f 2443/2443/2443 2445/2445/2445 2446/2446/2446
f 2445/2445/2445 2443/2443/2443 2444/2444/2444
f 2418/2418/2418 2438/2438/2438 2423/2423/2423
f 2438/2438/2438 2418/2418/2418 2442/2442/2442
f 2438/2438/2438 2437/2437/2437 2441/2441/2441
f 2437/2437/2437 2439/2439/2439 2440/2440/2440
f 2439/2439/2439 2437/2437/2437 2438/2438/2438
f 2435/2435/2435 2434/2434/2434 2433/2433/2433
f 2436/2436/2436 2434/2434/2434 2435/2435/2435
f 2432/2432/2432 2431/2431/2431 2430/2430/2430
f 2433/2433/2433 2431/2431/2431 2432/2432/2432
f 2429/2429/2429 2428/2428/2428 2426/2426/2426
f 2430/2430/2430 2428/2428/2428 2429/2429/2429
f 2424/2424/2424 2427/2427/2427 2425/2425/2425
f 2427/2427/2427 2424/2424/2424 2420/2420/2420
f 2426/2426/2426 2424/2424/2424 2425/2425/2425
f 2422/2422/2422 2418/2418/2418 2423/2423/2423
f 2421/2421/2421 2418/2418/2418 2422/2422/2422
f 2419/2419/2419 2418/2418/2418 2421/2421/2421
f 2413/2413/2413 2411/2411/2411 2412/2412/2412
f 2411/2411/2411 2413/2413/2413 2414/2414/2414
f 2416/2416/2416 2415/2415/2415 2411/2411/2411
f 2415/2415/2415 2416/2416/2416 2417/2417/2417
f 2420/2420/2420 2418/2418/2418 2419/2419/2419
f 2751/2751/2751 2746/2746/2746 2753/2753/2753
f 2755/2755/2755 2754/2754/2754 2750/2750/2750
f 2754/2754/2754 2755/2755/2755 2756/2756/2756
f 2755/2755/2755 2750/2750/2750 2757/2757/2757
f 2759/2759/2759 2758/2758/2758 2754/2754/2754
f 2758/2758/2758 2759/2759/2759 2760/2760/2760
f 2759/2759/2759 2754/2754/2754 2761/2761/2761
f 2763/2763/2763 2762/2762/2762 2758/2758/2758
f 2763/2763/2763 2758/2758/2758 2764/2764/2764
f 2750/2750/2750 2751/2751/2751 2752/2752/2752
f 2762/2762/2762 2766/2766/2766 2767/2767/2767
f 2762/2762/2762 2763/2763/2763 2765/2765/2765
f 2758/2758/2758 2760/2760/2760 2764/2764/2764
f 2754/2754/2754 2756/2756/2756 2761/2761/2761
f 2750/2750/2750 2752/2752/2752 2757/2757/2757
f 2746/2746/2746 2748/2748/2748 2753/2753/2753
f 2742/2742/2742 2744/2744/2744 2749/2749/2749
f 2739/2739/2739 2741/2741/2741 2743/2743/2743
f 2735/2735/2735 2737/2737/2737 2739/2739/2739
f 2751/2751/2751 2750/2750/2750 2746/2746/2746
f 2747/2747/2747 2742/2742/2742 2749/2749/2749
f 2746/2746/2746 2747/2747/2747 2748/2748/2748
f 2747/2747/2747 2746/2746/2746 2742/2742/2742
f 2743/2743/2743 2745/2745/2745 2744/2744/2744
f 2745/2745/2745 2743/2743/2743 2741/2741/2741
f 2744/2744/2744 2742/2742/2742 2743/2743/2743
f 2740/2740/2740 2739/2739/2739 2737/2737/2737
f 2741/2741/2741 2739/2739/2739 2740/2740/2740
f 2736/2736/2736 2735/2735/2735 2738/2738/2738
f 2737/2737/2737 2735/2735/2735 2736/2736/2736
f 2766/2766/2766 2762/2762/2762 2765/2765/2765
f 529/529/529 528/528/528 525/525/525
f 531/531/531 530/530/530 528/528/528
f 533/533/533 532/532/532 530/530/530
f 534/534/534 527/527/527 526/526/526
f 534/534/534 526/526/526 535/535/535
f 538/538/538 536/536/536 537/537/537
f 540/540/540 539/539/539 526/526/526
f 539/539/539 540/540/540 536/536/536
f 525/525/525 527/527/527 529/529/529
f 536/536/536 538/538/538 539/539/539
f 526/526/526 539/539/539 541/541/541
f 526/526/526 541/541/541 535/535/535
f 527/527/527 534/534/534 542/542/542
f 532/532/532 533/533/533 543/543/543
f 530/530/530 531/531/531 533/533/533
f 528/528/528 529/529/529 531/531/531
f 527/527/527 525/525/525 526/526/526
f 420/420/420 418/418/418 419/419/419
f 424/424/424 423/423/423 421/421/421
f 426/426/426 425/425/425 423/423/423
f 425/425/425 426/426/426 427/427/427
f 423/423/423 424/424/424 426/426/426
f 421/421/421 422/422/422 424/424/424
f 418/418/418 420/420/420 422/422/422
f 422/422/422 421/421/421 418/418/418
f 75/75/75 72/72/72 74/74/74
f 64/64/64 67/67/67 65/65/65
f 66/66/66 69/69/69 67/67/67
f 68/68/68 71/71/71 69/69/69
f 70/70/70 73/73/73 71/71/71
f 72/72/72 75/75/75 73/73/73
f 74/74/74 77/77/77 75/75/75
f 77/77/77 74/74/74 76/76/76
f 73/73/73 70/70/70 72/72/72
f 71/71/71 68/68/68 70/70/70
f 63/63/63 65/65/65 78/78/78
f 69/69/69 66/66/66 68/68/68
f 67/67/67 64/64/64 66/66/66
f 65/65/65 63/63/63 64/64/64
f 43/43/43 42/42/42 40/40/40
f 39/39/39 38/38/38 36/36/36
f 37/37/37 36/36/36 34/34/34
f 35/35/35 34/34/34 31/31/31
f 33/33/33 31/31/31 32/32/32
f 31/31/31 33/33/33 35/35/35
f 34/34/34 35/35/35 37/37/37
f 36/36/36 37/37/37 39/39/39
f 38/38/38 39/39/39 41/41/41
f 40/40/40 41/41/41 43/43/43
f 42/42/42 43/43/43 45/45/45
f 44/44/44 45/45/45 46/46/46
f 45/45/45 44/44/44 42/42/42
f 41/41/41 40/40/40 38/38/38
f 11/11/11 12/12/12 13/13/13
f 9/9/9 10/10/10 11/11/11
f 7/7/7 8/8/8 9/9/9
f 5/5/5 6/6/6 7/7/7
f 2/2/2 4/4/4 5/5/5
f 13/13/13 14/14/14 15/15/15
f 3/3/3 1/1/1 2/2/2
f 889/889/889 887/887/887 888/888/888
f 891/891/891 888/888/888 890/890/890
f 893/893/893 890/890/890 892/892/892
f 897/897/897 894/894/894 896/896/896
f 899/899/899 896/896/896 898/898/898
f 901/901/901 898/898/898 900/900/900
f 898/898/898 901/901/901 899/899/899
f 896/896/896 899/899/899 897/897/897
f 887/887/887 889/889/889 902/902/902
f 888/888/888 891/891/891 889/889/889
f 890/890/890 893/893/893 891/891/891
f 892/892/892 895/895/895 893/893/893
f 895/895/895 892/892/892 894/894/894
f 894/894/894 897/897/897 895/895/895
f 2125/2125/2125 2123/2123/2123 2124/2124/2124
f 2127/2127/2127 2126/2126/2126 2123/2123/2123
f 2129/2129/2129 2128/2128/2128 2126/2126/2126
f 2131/2131/2131 2130/2130/2130 2128/2128/2128
f 2133/2133/2133 2132/2132/2132 2130/2130/2130
f 2135/2135/2135 2134/2134/2134 2132/2132/2132
f 2137/2137/2137 2136/2136/2136 2134/2134/2134
f 2134/2134/2134 2135/2135/2135 2137/2137/2137
f 2136/2136/2136 2137/2137/2137 2138/2138/2138
f 2132/2132/2132 2133/2133/2133 2135/2135/2135
f 2130/2130/2130 2131/2131/2131 2133/2133/2133
f 2123/2123/2123 2125/2125/2125 2127/2127/2127
f 2126/2126/2126 2127/2127/2127 2129/2129/2129
f 2128/2128/2128 2129/2129/2129 2131/2131/2131
f 2160/2160/2160 2162/2162/2162 2163/2163/2163
f 2169/2169/2169 2170/2170/2170 2171/2171/2171
f 2167/2167/2167 2168/2168/2168 2169/2169/2169
f 2165/2165/2165 2166/2166/2166 2167/2167/2167
f 2163/2163/2163 2164/2164/2164 2165/2165/2165
f 2161/2161/2161 2159/2159/2159 2160/2160/2160
f 2171/2171/2171 2172/2172/2172 2173/2173/2173
f 907/907/907 904/904/904 906/906/906
f 905/905/905 903/903/903 904/904/904
f 911/911/911 908/908/908 910/910/910
f 913/913/913 910/910/910 912/912/912
f 915/915/915 912/912/912 914/914/914
f 917/917/917 914/914/914 916/916/916
f 914/914/914 917/917/917 915/915/915
f 912/912/912 915/915/915 913/913/913
f 910/910/910 913/913/913 911/911/911
f 908/908/908 911/911/911 909/909/909
f 906/906/906 909/909/909 907/907/907
f 903/903/903 905/905/905 918/918/918
f 909/909/909 906/906/906 908/908/908
f 904/904/904 907/907/907 905/905/905
f 2040/2040/2040 2038/2038/2038 2039/2039/2039
f 2041/2041/2041 2042/2042/2042 2044/2044/2044
f 2043/2043/2043 2044/2044/2044 2046/2046/2046
f 2038/2038/2038 2040/2040/2040 2042/2042/2042
f 2042/2042/2042 2041/2041/2041 2038/2038/2038
f 2044/2044/2044 2043/2043/2043 2041/2041/2041
f 2046/2046/2046 2045/2045/2045 2043/2043/2043
f 2048/2048/2048 2047/2047/2047 2045/2045/2045
f 2050/2050/2050 2049/2049/2049 2047/2047/2047
f 2052/2052/2052 2051/2051/2051 2049/2049/2049
f 2051/2051/2051 2052/2052/2052 2053/2053/2053
f 2049/2049/2049 2050/2050/2050 2052/2052/2052
f 2047/2047/2047 2048/2048/2048 2050/2050/2050
f 2045/2045/2045 2046/2046/2046 2048/2048/2048
f 2084/2084/2084 2085/2085/2085 2086/2086/2086
f 2082/2082/2082 2083/2083/2083 2084/2084/2084
f 2080/2080/2080 2081/2081/2081 2082/2082/2082
f 2078/2078/2078 2079/2079/2079 2080/2080/2080
f 2075/2075/2075 2077/2077/2077 2078/2078/2078
f 2076/2076/2076 2074/2074/2074 2075/2075/2075
f 2086/2086/2086 2087/2087/2087 2088/2088/2088
f 919/919/919 921/921/921 939/939/939
f 920/920/920 924/924/924 921/921/921
f 922/922/922 927/927/927 923/923/923
f 925/925/925 930/930/930 926/926/926
f 928/928/928 932/932/932 929/929/929
f 931/931/931 935/935/935 933/933/933
f 934/934/934 938/938/938 936/936/936
f 938/938/938 934/934/934 937/937/937
f 935/935/935 934/934/934 936/936/936
f 935/935/935 931/931/931 934/934/934
f 932/932/932 931/931/931 933/933/933
f 932/932/932 928/928/928 931/931/931
f 928/928/928 930/930/930 925/925/925
f 930/930/930 928/928/928 929/929/929
f 925/925/925 927/927/927 922/922/922
f 927/927/927 925/925/925 926/926/926
f 924/924/924 922/922/922 923/923/923
f 922/922/922 924/924/924 920/920/920
f 921/921/921 919/919/919 920/920/920
f 1951/1951/1951 1953/1953/1953 1970/1970/1970
f 1952/1952/1952 1956/1956/1956 1954/1954/1954
f 1955/1955/1955 1959/1959/1959 1957/1957/1957
f 1958/1958/1958 1963/1963/1963 1960/1960/1960
f 1961/1961/1961 1966/1966/1966 1962/1962/1962
f 1964/1964/1964 1969/1969/1969 1965/1965/1965
f 1967/1967/1967 1969/1969/1969 1964/1964/1964
f 1969/1969/1969 1967/1967/1967 1968/1968/1968
f 1964/1964/1964 1966/1966/1966 1961/1961/1961
f 1966/1966/1966 1964/1964/1964 1965/1965/1965
f 1961/1961/1961 1963/1963/1963 1958/1958/1958
f 1963/1963/1963 1961/1961/1961 1962/1962/1962
f 1959/1959/1959 1958/1958/1958 1960/1960/1960
f 1959/1959/1959 1955/1955/1955 1958/1958/1958
f 1956/1956/1956 1955/1955/1955 1957/1957/1957
f 1956/1956/1956 1952/1952/1952 1955/1955/1955
f 1953/1953/1953 1952/1952/1952 1954/1954/1954
f 1953/1953/1953 1951/1951/1951 1952/1952/1952
f 1992/1992/1992 1994/1994/1994 1995/1995/1995
f 1999/1999/1999 2000/2000/2000 2001/2001/2001
f 1997/1997/1997 1998/1998/1998 1999/1999/1999
f 1995/1995/1995 1996/1996/1996 1997/1997/1997
f 1993/1993/1993 1991/1991/1991 1992/1992/1992
f 2001/2001/2001 2002/2002/2002 2003/2003/2003
f 943/943/943 948/948/948 944/944/944
f 946/946/946 950/950/950 947/947/947
f 949/949/949 953/953/953 951/951/951
f 952/952/952 956/956/956 954/954/954
f 955/955/955 959/959/959 957/957/957
f 959/959/959 955/955/955 958/958/958
f 956/956/956 955/955/955 957/957/957
f 956/956/956 952/952/952 955/955/955
f 940/940/940 942/942/942 960/960/960
f 953/953/953 952/952/952 954/954/954
f 953/953/953 949/949/949 952/952/952
f 950/950/950 949/949/949 951/951/951
f 950/950/950 946/946/946 949/949/949
f 946/946/946 948/948/948 943/943/943
f 948/948/948 946/946/946 947/947/947
f 943/943/943 945/945/945 941/941/941
f 945/945/945 943/943/943 944/944/944
f 942/942/942 940/940/940 941/941/941
f 941/941/941 945/945/945 942/942/942
f 962/962/962 966/966/966 963/963/963
f 961/961/961 963/963/963 981/981/981
f 966/966/966 964/964/964 965/965/965
f 964/964/964 966/966/966 962/962/962
f 969/969/969 967/967/967 968/968/968
f 967/967/967 969/969/969 964/964/964
f 972/972/972 970/970/970 971/971/971
f 970/970/970 972/972/972 967/967/967
f 974/974/974 970/970/970 973/973/973
f 974/974/974 973/973/973 975/975/975
f 977/977/977 973/973/973 976/976/976
f 977/977/977 976/976/976 978/978/978
f 980/980/980 976/976/976 979/979/979
f 976/976/976 980/980/980 978/978/978
f 973/973/973 977/977/977 975/975/975
f 970/970/970 974/974/974 971/971/971
f 967/967/967 972/972/972 968/968/968
f 964/964/964 969/969/969 965/965/965
f 963/963/963 961/961/961 962/962/962
f 1862/1862/1862 1860/1860/1860 1861/1861/1861
f 1852/1852/1852 1851/1851/1851 1853/1853/1853
f 1852/1852/1852 1850/1850/1850 1851/1851/1851
f 1855/1855/1855 1854/1854/1854 1856/1856/1856
f 1858/1858/1858 1854/1854/1854 1857/1857/1857
f 1858/1858/1858 1857/1857/1857 1859/1859/1859
f 1855/1855/1855 1851/1851/1851 1854/1854/1854
f 1860/1860/1860 1862/1862/1862 1857/1857/1857
f 1865/1865/1865 1863/1863/1863 1864/1864/1864
f 1850/1850/1850 1852/1852/1852 1869/1869/1869
f 1851/1851/1851 1855/1855/1855 1853/1853/1853
f 1854/1854/1854 1858/1858/1858 1856/1856/1856
f 1857/1857/1857 1862/1862/1862 1859/1859/1859
f 1860/1860/1860 1865/1865/1865 1861/1861/1861
f 1863/1863/1863 1868/1868/1868 1864/1864/1864
f 1866/1866/1866 1868/1868/1868 1863/1863/1863
f 1868/1868/1868 1866/1866/1866 1867/1867/1867
f 1863/1863/1863 1865/1865/1865 1860/1860/1860
f 1896/1896/1896 1897/1897/1897 1898/1898/1898
f 1887/1887/1887 1889/1889/1889 1890/1890/1890
f 1890/1890/1890 1891/1891/1891 1892/1892/1892
f 1892/1892/1892 1893/1893/1893 1894/1894/1894
f 1894/1894/1894 1895/1895/1895 1896/1896/1896
f 1888/1888/1888 1886/1886/1886 1887/1887/1887
f 984/984/984 982/982/982 983/983/983
f 987/987/987 985/985/985 986/986/986
f 990/990/990 988/988/988 989/989/989
f 985/985/985 987/987/987 983/983/983
f 982/982/982 984/984/984 1002/1002/1002
f 983/983/983 987/987/987 984/984/984
f 985/985/985 990/990/990 986/986/986
f 988/988/988 992/992/992 989/989/989
f 991/991/991 995/995/995 993/993/993
f 994/994/994 998/998/998 996/996/996
f 997/997/997 1001/1001/1001 999/999/999
f 1001/1001/1001 997/997/997 1000/1000/1000
f 998/998/998 997/997/997 999/999/999
f 998/998/998 994/994/994 997/997/997
f 995/995/995 994/994/994 996/996/996
f 995/995/995 991/991/991 994/994/994
f 992/992/992 991/991/991 993/993/993
f 992/992/992 988/988/988 991/991/991
f 988/988/988 990/990/990 985/985/985
f 1778/1778/1778 1780/1780/1780 1775/1775/1775
f 1783/1783/1783 1781/1781/1781 1782/1782/1782
f 1781/1781/1781 1783/1783/1783 1778/1778/1778
f 1786/1786/1786 1784/1784/1784 1785/1785/1785
f 1784/1784/1784 1786/1786/1786 1781/1781/1781
f 1781/1781/1781 1786/1786/1786 1782/1782/1782
f 1778/1778/1778 1783/1783/1783 1779/1779/1779
f 1780/1780/1780 1778/1778/1778 1779/1779/1779
f 1776/1776/1776 1775/1775/1775 1777/1777/1777
f 1776/1776/1776 1772/1772/1772 1775/1775/1775
f 1775/1775/1775 1780/1780/1780 1777/1777/1777
f 1772/1772/1772 1776/1776/1776 1774/1774/1774
f 1769/1769/1769 1773/1773/1773 1771/1771/1771
f 1768/1768/1768 1770/1770/1770 1787/1787/1787
f 1770/1770/1770 1769/1769/1769 1771/1771/1771
f 1773/1773/1773 1769/1769/1769 1772/1772/1772
f 1773/1773/1773 1772/1772/1772 1774/1774/1774
f 1770/1770/1770 1768/1768/1768 1769/1769/1769
f 1816/1816/1816 1817/1817/1817 1818/1818/1818
f 1809/1809/1809 1811/1811/1811 1812/1812/1812
f 1814/1814/1814 1815/1815/1815 1816/1816/1816
f 1810/1810/1810 1808/1808/1808 1809/1809/1809
f 1812/1812/1812 1813/1813/1813 1814/1814/1814
f 1818/1818/1818 1819/1819/1819 1820/1820/1820
f 1003/1003/1003 1005/1005/1005 1023/1023/1023
f 1004/1004/1004 1008/1008/1008 1005/1005/1005
f 1006/1006/1006 1011/1011/1011 1007/1007/1007
f 1009/1009/1009 1013/1013/1013 1010/1010/1010
f 1012/1012/1012 1016/1016/1016 1014/1014/1014
f 1015/1015/1015 1019/1019/1019 1017/1017/1017
f 1018/1018/1018 1022/1022/1022 1020/1020/1020
f 1022/1022/1022 1018/1018/1018 1021/1021/1021
f 1019/1019/1019 1018/1018/1018 1020/1020/1020
f 1019/1019/1019 1015/1015/1015 1018/1018/1018
f 1016/1016/1016 1015/1015/1015 1017/1017/1017
f 1016/1016/1016 1012/1012/1012 1015/1015/1015
f 1013/1013/1013 1012/1012/1012 1014/1014/1014
f 1013/1013/1013 1009/1009/1009 1012/1012/1012
f 1009/1009/1009 1011/1011/1011 1006/1006/1006
f 1011/1011/1011 1009/1009/1009 1010/1010/1010
f 1006/1006/1006 1008/1008/1008 1004/1004/1004
f 1005/1005/1005 1003/1003/1003 1004/1004/1004
f 1008/1008/1008 1006/1006/1006 1007/1007/1007
f 1663/1663/1663 1665/1665/1665 1682/1682/1682
f 1671/1671/1671 1670/1670/1670 1672/1672/1672
f 1671/1671/1671 1667/1667/1667 1670/1670/1670
f 1668/1668/1668 1667/1667/1667 1669/1669/1669
f 1673/1673/1673 1675/1675/1675 1670/1670/1670
f 1678/1678/1678 1676/1676/1676 1677/1677/1677
f 1676/1676/1676 1678/1678/1678 1673/1673/1673
f 1681/1681/1681 1679/1679/1679 1680/1680/1680
f 1679/1679/1679 1681/1681/1681 1676/1676/1676
f 1676/1676/1676 1681/1681/1681 1677/1677/1677
f 1673/1673/1673 1678/1678/1678 1674/1674/1674
f 1670/1670/1670 1675/1675/1675 1672/1672/1672
f 1667/1667/1667 1671/1671/1671 1669/1669/1669
f 1664/1664/1664 1668/1668/1668 1666/1666/1666
f 1668/1668/1668 1664/1664/1664 1667/1667/1667
f 1665/1665/1665 1664/1664/1664 1666/1666/1666
f 1675/1675/1675 1673/1673/1673 1674/1674/1674
f 1665/1665/1665 1663/1663/1663 1664/1664/1664
f 1715/1715/1715 1716/1716/1716 1717/1717/1717
f 1710/1710/1710 1712/1712/1712 1713/1713/1713
f 1711/1711/1711 1709/1709/1709 1710/1710/1710
f 1713/1713/1713 1714/1714/1714 1715/1715/1715
f 1717/1717/1717 1718/1718/1718 1719/1719/1719
f 1719/1719/1719 1720/1720/1720 1721/1721/1721
f 1033/1033/1033 1037/1037/1037 1034/1034/1034
f 1027/1027/1027 1029/1029/1029 1025/1025/1025
f 1030/1030/1030 1035/1035/1035 1031/1031/1031
f 1032/1032/1032 1030/1030/1030 1031/1031/1031
f 1030/1030/1030 1032/1032/1032 1027/1027/1027
f 1035/1035/1035 1033/1033/1033 1034/1034/1034
f 1033/1033/1033 1035/1035/1035 1030/1030/1030
f 1037/1037/1037 1033/1033/1033 1036/1036/1036
f 1037/1037/1037 1036/1036/1036 1038/1038/1038
f 1040/1040/1040 1036/1036/1036 1039/1039/1039
f 1040/1040/1040 1039/1039/1039 1041/1041/1041
f 1043/1043/1043 1039/1039/1039 1042/1042/1042
f 1039/1039/1039 1043/1043/1043 1041/1041/1041
f 1036/1036/1036 1040/1040/1040 1038/1038/1038
f 1026/1026/1026 1024/1024/1024 1025/1025/1025
f 1027/1027/1027 1032/1032/1032 1028/1028/1028
f 1025/1025/1025 1029/1029/1029 1026/1026/1026
f 1024/1024/1024 1026/1026/1026 1044/1044/1044
f 1029/1029/1029 1027/1027/1027 1028/1028/1028
f 1558/1558/1558 1560/1560/1560 1583/1583/1583
f 1561/1561/1561 1564/1564/1564 1562/1562/1562
f 1565/1565/1565 1568/1568/1568 1566/1566/1566
f 1569/1569/1569 1572/1572/1572 1570/1570/1570
f 1573/1573/1573 1576/1576/1576 1574/1574/1574
f 1560/1560/1560 1558/1558/1558 1559/1559/1559
f 1560/1560/1560 1561/1561/1561 1562/1562/1562
f 1577/1577/1577 1580/1580/1580 1578/1578/1578
f 1581/1581/1581 1580/1580/1580 1579/1579/1579
f 1580/1580/1580 1581/1581/1581 1582/1582/1582
f 1580/1580/1580 1577/1577/1577 1579/1579/1579
f 1561/1561/1561 1560/1560/1560 1559/1559/1559
f 1564/1564/1564 1561/1561/1561 1563/1563/1563
f 1564/1564/1564 1565/1565/1565 1566/1566/1566
f 1565/1565/1565 1564/1564/1564 1563/1563/1563
f 1577/1577/1577 1576/1576/1576 1575/1575/1575
f 1576/1576/1576 1577/1577/1577 1578/1578/1578
f 1576/1576/1576 1573/1573/1573 1575/1575/1575
f 1573/1573/1573 1572/1572/1572 1571/1571/1571
f 1572/1572/1572 1573/1573/1573 1574/1574/1574
f 1572/1572/1572 1569/1569/1569 1571/1571/1571
f 1568/1568/1568 1565/1565/1565 1567/1567/1567
f 1568/1568/1568 1569/1569/1569 1570/1570/1570
f 1569/1569/1569 1568/1568/1568 1567/1567/1567
f 1621/1621/1621 1619/1619/1619 1620/1620/1620
f 1622/1622/1622 1618/1618/1618 1620/1620/1620
f 1623/1623/1623 1615/1615/1615 1617/1617/1617
f 1624/1624/1624 1612/1612/1612 1614/1614/1614
f 1625/1625/1625 1609/1609/1609 1611/1611/1611
f 1606/1606/1606 1604/1604/1604 1605/1605/1605
f 1626/1626/1626 1606/1606/1606 1608/1608/1608
f 1605/1605/1605 1627/1627/1627 1628/1628/1628
f 1615/1615/1615 1613/1613/1613 1614/1614/1614
f 1612/1612/1612 1610/1610/1610 1611/1611/1611
f 1609/1609/1609 1607/1607/1607 1608/1608/1608
f 1618/1618/1618 1616/1616/1616 1617/1617/1617
f 1055/1055/1055 1054/1054/1054 1056/1056/1056
f 1055/1055/1055 1051/1051/1051 1054/1054/1054
f 1051/1051/1051 1053/1053/1053 1048/1048/1048
f 1053/1053/1053 1051/1051/1051 1052/1052/1052
f 1048/1048/1048 1050/1050/1050 1046/1046/1046
f 1050/1050/1050 1048/1048/1048 1049/1049/1049
f 1047/1047/1047 1045/1045/1045 1046/1046/1046
f 1045/1045/1045 1047/1047/1047 1065/1065/1065
f 1058/1058/1058 1054/1054/1054 1057/1057/1057
f 1046/1046/1046 1050/1050/1050 1047/1047/1047
f 1048/1048/1048 1053/1053/1053 1049/1049/1049
f 1051/1051/1051 1055/1055/1055 1052/1052/1052
f 1058/1058/1058 1057/1057/1057 1059/1059/1059
f 1054/1054/1054 1058/1058/1058 1056/1056/1056
f 1057/1057/1057 1061/1061/1061 1059/1059/1059
f 1060/1060/1060 1064/1064/1064 1062/1062/1062
f 1064/1064/1064 1060/1060/1060 1063/1063/1063
f 1061/1061/1061 1060/1060/1060 1062/1062/1062
f 1061/1061/1061 1057/1057/1057 1060/1060/1060
f 1479/1479/1479 1478/1478/1478 1480/1480/1480
f 1483/1483/1483 1481/1481/1481 1482/1482/1482
f 1481/1481/1481 1483/1483/1483 1478/1478/1478
f 1486/1486/1486 1484/1484/1484 1485/1485/1485
f 1484/1484/1484 1486/1486/1486 1481/1481/1481
f 1484/1484/1484 1489/1489/1489 1485/1485/1485
f 1487/1487/1487 1489/1489/1489 1484/1484/1484
f 1489/1489/1489 1487/1487/1487 1488/1488/1488
f 1479/1479/1479 1475/1475/1475 1478/1478/1478
f 1476/1476/1476 1475/1475/1475 1477/1477/1477
f 1476/1476/1476 1472/1472/1472 1475/1475/1475
f 1473/1473/1473 1472/1472/1472 1474/1474/1474
f 1481/1481/1481 1486/1486/1486 1482/1482/1482
f 1478/1478/1478 1483/1483/1483 1480/1480/1480
f 1475/1475/1475 1479/1479/1479 1477/1477/1477
f 1472/1472/1472 1476/1476/1476 1474/1474/1474
f 1471/1471/1471 1473/1473/1473 1490/1490/1490
f 1473/1473/1473 1471/1471/1471 1472/1472/1472
f 1513/1513/1513 1511/1511/1511 1512/1512/1512
f 1512/1512/1512 1514/1514/1514 1515/1515/1515
f 1515/1515/1515 1516/1516/1516 1517/1517/1517
f 1521/1521/1521 1522/1522/1522 1523/1523/1523
f 1519/1519/1519 1520/1520/1520 1521/1521/1521
f 1517/1517/1517 1518/1518/1518 1519/1519/1519
f 1066/1066/1066 1068/1068/1068 1086/1086/1086
f 1067/1067/1067 1071/1071/1071 1068/1068/1068
f 1069/1069/1069 1074/1074/1074 1070/1070/1070
f 1072/1072/1072 1077/1077/1077 1073/1073/1073
f 1075/1075/1075 1079/1079/1079 1076/1076/1076
f 1078/1078/1078 1082/1082/1082 1080/1080/1080
f 1081/1081/1081 1085/1085/1085 1083/1083/1083
f 1085/1085/1085 1081/1081/1081 1084/1084/1084
f 1082/1082/1082 1081/1081/1081 1083/1083/1083
f 1082/1082/1082 1078/1078/1078 1081/1081/1081
f 1079/1079/1079 1078/1078/1078 1080/1080/1080
f 1079/1079/1079 1075/1075/1075 1078/1078/1078
f 1075/1075/1075 1077/1077/1077 1072/1072/1072
f 1077/1077/1077 1075/1075/1075 1076/1076/1076
f 1072/1072/1072 1074/1074/1074 1069/1069/1069
f 1074/1074/1074 1072/1072/1072 1073/1073/1073
f 1069/1069/1069 1071/1071/1071 1067/1067/1067
f 1071/1071/1071 1069/1069/1069 1070/1070/1070
f 1068/1068/1068 1066/1066/1066 1067/1067/1067
f 1396/1396/1396 1394/1394/1394 1395/1395/1395
f 1392/1392/1392 1391/1391/1391 1393/1393/1393
f 1399/1399/1399 1397/1397/1397 1398/1398/1398
f 1397/1397/1397 1399/1399/1399 1394/1394/1394
f 1392/1392/1392 1388/1388/1388 1391/1391/1391
f 1389/1389/1389 1388/1388/1388 1390/1390/1390
f 1389/1389/1389 1385/1385/1385 1388/1388/1388
f 1386/1386/1386 1385/1385/1385 1387/1387/1387
f 1394/1394/1394 1396/1396/1396 1391/1391/1391
f 1394/1394/1394 1399/1399/1399 1395/1395/1395
f 1384/1384/1384 1386/1386/1386 1403/1403/1403
f 1385/1385/1385 1389/1389/1389 1387/1387/1387
f 1388/1388/1388 1392/1392/1392 1390/1390/1390
f 1391/1391/1391 1396/1396/1396 1393/1393/1393
f 1386/1386/1386 1384/1384/1384 1385/1385/1385
f 1402/1402/1402 1400/1400/1400 1401/1401/1401
f 1400/1400/1400 1402/1402/1402 1397/1397/1397
f 1397/1397/1397 1402/1402/1402 1398/1398/1398
f 1426/1426/1426 1424/1424/1424 1425/1425/1425
f 1432/1432/1432 1433/1433/1433 1434/1434/1434
f 1430/1430/1430 1431/1431/1431 1432/1432/1432
f 1428/1428/1428 1429/1429/1429 1430/1430/1430
f 1425/1425/1425 1427/1427/1427 1428/1428/1428
f 1434/1434/1434 1435/1435/1435 1436/1436/1436
f 1089/1089/1089 1087/1087/1087 1088/1088/1088
f 1088/1088/1088 1092/1092/1092 1089/1089/1089
f 1090/1090/1090 1095/1095/1095 1091/1091/1091
f 1093/1093/1093 1097/1097/1097 1094/1094/1094
f 1096/1096/1096 1100/1100/1100 1098/1098/1098
f 1099/1099/1099 1103/1103/1103 1101/1101/1101
f 1102/1102/1102 1106/1106/1106 1104/1104/1104
f 1106/1106/1106 1102/1102/1102 1105/1105/1105
f 1103/1103/1103 1102/1102/1102 1104/1104/1104
f 1103/1103/1103 1099/1099/1099 1102/1102/1102
f 1100/1100/1100 1099/1099/1099 1101/1101/1101
f 1100/1100/1100 1096/1096/1096 1099/1099/1099
f 1097/1097/1097 1096/1096/1096 1098/1098/1098
f 1097/1097/1097 1093/1093/1093 1096/1096/1096
f 1093/1093/1093 1095/1095/1095 1090/1090/1090
f 1095/1095/1095 1093/1093/1093 1094/1094/1094
f 1090/1090/1090 1092/1092/1092 1088/1088/1088
f 1092/1092/1092 1090/1090/1090 1091/1091/1091
f 1087/1087/1087 1089/1089/1089 1107/1107/1107
f 1299/1299/1299 1298/1298/1298 1300/1300/1300
f 1302/1302/1302 1298/1298/1298 1301/1301/1301
f 1302/1302/1302 1301/1301/1301 1303/1303/1303
f 1305/1305/1305 1301/1301/1301 1304/1304/1304
f 1305/1305/1305 1304/1304/1304 1306/1306/1306
f 1309/1309/1309 1307/1307/1307 1308/1308/1308
f 1307/1307/1307 1309/1309/1309 1304/1304/1304
f 1297/1297/1297 1299/1299/1299 1316/1316/1316
f 1298/1298/1298 1302/1302/1302 1300/1300/1300
f 1301/1301/1301 1305/1305/1305 1303/1303/1303
f 1304/1304/1304 1309/1309/1309 1306/1306/1306
f 1307/1307/1307 1312/1312/1312 1308/1308/1308
f 1310/1310/1310 1315/1315/1315 1311/1311/1311
f 1313/1313/1313 1315/1315/1315 1310/1310/1310
f 1315/1315/1315 1313/1313/1313 1314/1314/1314
f 1310/1310/1310 1312/1312/1312 1307/1307/1307
f 1312/1312/1312 1310/1310/1310 1311/1311/1311
f 1299/1299/1299 1297/1297/1297 1298/1298/1298
f 1345/1345/1345 1346/1346/1346 1347/1347/1347
f 1347/1347/1347 1348/1348/1348 1349/1349/1349
f 1343/1343/1343 1344/1344/1344 1345/1345/1345
f 1341/1341/1341 1342/1342/1342 1343/1343/1343
f 1338/1338/1338 1340/1340/1340 1341/1341/1341
f 1339/1339/1339 1337/1337/1337 1338/1338/1338
f 3103/3103/3103 3106/3106/3106 3104/3104/3104
f 3105/3105/3105 3108/3108/3108 3106/3106/3106
f 3107/3107/3107 3110/3110/3110 3108/3108/3108
f 3102/3102/3102 3104/3104/3104 3147/3147/3147
f 3111/3111/3111 3114/3114/3114 3112/3112/3112
f 3113/3113/3113 3116/3116/3116 3114/3114/3114
f 3115/3115/3115 3118/3118/3118 3116/3116/3116
f 3117/3117/3117 3120/3120/3120 3118/3118/3118
f 3119/3119/3119 3122/3122/3122 3120/3120/3120
f 3121/3121/3121 3124/3124/3124 3122/3122/3122
f 3123/3123/3123 3126/3126/3126 3124/3124/3124
f 3125/3125/3125 3128/3128/3128 3126/3126/3126
f 3127/3127/3127 3130/3130/3130 3128/3128/3128
f 3129/3129/3129 3132/3132/3132 3130/3130/3130
f 3131/3131/3131 3134/3134/3134 3132/3132/3132
f 3133/3133/3133 3136/3136/3136 3134/3134/3134
f 3135/3135/3135 3138/3138/3138 3136/3136/3136
f 3137/3137/3137 3140/3140/3140 3138/3138/3138
f 3139/3139/3139 3142/3142/3142 3140/3140/3140
f 3141/3141/3141 3144/3144/3144 3142/3142/3142
f 3143/3143/3143 3146/3146/3146 3144/3144/3144
f 3146/3146/3146 3143/3143/3143 3145/3145/3145
f 3144/3144/3144 3141/3141/3141 3143/3143/3143
f 3142/3142/3142 3139/3139/3139 3141/3141/3141
f 3140/3140/3140 3137/3137/3137 3139/3139/3139
f 3138/3138/3138 3135/3135/3135 3137/3137/3137
f 3136/3136/3136 3133/3133/3133 3135/3135/3135
f 3134/3134/3134 3131/3131/3131 3133/3133/3133
f 3132/3132/3132 3129/3129/3129 3131/3131/3131
f 3130/3130/3130 3127/3127/3127 3129/3129/3129
f 3128/3128/3128 3125/3125/3125 3127/3127/3127
f 3126/3126/3126 3123/3123/3123 3125/3125/3125
f 3124/3124/3124 3121/3121/3121 3123/3123/3123
f 3122/3122/3122 3119/3119/3119 3121/3121/3121
f 3120/3120/3120 3117/3117/3117 3119/3119/3119
f 3118/3118/3118 3115/3115/3115 3117/3117/3117
f 3116/3116/3116 3113/3113/3113 3115/3115/3115
f 3114/3114/3114 3111/3111/3111 3113/3113/3113
f 3112/3112/3112 3109/3109/3109 3111/3111/3111
f 3110/3110/3110 3107/3107/3107 3109/3109/3109
f 3108/3108/3108 3105/3105/3105 3107/3107/3107
f 3106/3106/3106 3103/3103/3103 3105/3105/3105
f 3104/3104/3104 3102/3102/3102 3103/3103/3103
f 3109/3109/3109 3112/3112/3112 3110/3110/3110
f 1149/1149/1149 1150/1150/1150 1151/1151/1151
f 1110/1110/1110 1108/1108/1108 1109/1109/1109
f 1112/1112/1112 1111/1111/1111 1110/1110/1110
f 1114/1114/1114 1113/1113/1113 1112/1112/1112
f 1116/1116/1116 1115/1115/1115 1114/1114/1114
f 1118/1118/1118 1117/1117/1117 1116/1116/1116
f 1120/1120/1120 1119/1119/1119 1118/1118/1118
f 1122/1122/1122 1121/1121/1121 1120/1120/1120
f 1124/1124/1124 1123/1123/1123 1122/1122/1122
f 1126/1126/1126 1125/1125/1125 1124/1124/1124
f 1128/1128/1128 1127/1127/1127 1126/1126/1126
f 1130/1130/1130 1129/1129/1129 1128/1128/1128
f 1132/1132/1132 1131/1131/1131 1130/1130/1130
f 1134/1134/1134 1133/1133/1133 1132/1132/1132
f 1136/1136/1136 1135/1135/1135 1134/1134/1134
f 1138/1138/1138 1137/1137/1137 1136/1136/1136
f 1140/1140/1140 1139/1139/1139 1138/1138/1138
f 1142/1142/1142 1141/1141/1141 1140/1140/1140
f 1144/1144/1144 1143/1143/1143 1142/1142/1142
f 1146/1146/1146 1145/1145/1145 1144/1144/1144
f 1148/1148/1148 1147/1147/1147 1146/1146/1146
f 1150/1150/1150 1149/1149/1149 1148/1148/1148
f 1152/1152/1152 1151/1151/1151 1150/1150/1150
f 1154/1154/1154 1153/1153/1153 1152/1152/1152
f 1156/1156/1156 1155/1155/1155 1154/1154/1154
f 1158/1158/1158 1157/1157/1157 1156/1156/1156
f 1160/1160/1160 1159/1159/1159 1158/1158/1158
f 1162/1162/1162 1161/1161/1161 1160/1160/1160
f 1161/1161/1161 1162/1162/1162 1163/1163/1163
f 1159/1159/1159 1160/1160/1160 1161/1161/1161
f 1157/1157/1157 1158/1158/1158 1159/1159/1159
f 1155/1155/1155 1156/1156/1156 1157/1157/1157
f 1153/1153/1153 1154/1154/1154 1155/1155/1155
f 1151/1151/1151 1152/1152/1152 1153/1153/1153
f 1147/1147/1147 1148/1148/1148 1149/1149/1149
f 1145/1145/1145 1146/1146/1146 1147/1147/1147
f 1143/1143/1143 1144/1144/1144 1145/1145/1145
f 1141/1141/1141 1142/1142/1142 1143/1143/1143
f 1139/1139/1139 1140/1140/1140 1141/1141/1141
f 1137/1137/1137 1138/1138/1138 1139/1139/1139
f 1135/1135/1135 1136/1136/1136 1137/1137/1137
f 1133/1133/1133 1134/1134/1134 1135/1135/1135
f 1131/1131/1131 1132/1132/1132 1133/1133/1133
f 1129/1129/1129 1130/1130/1130 1131/1131/1131
f 1127/1127/1127 1128/1128/1128 1129/1129/1129
f 1125/1125/1125 1126/1126/1126 1127/1127/1127
f 1108/1108/1108 1110/1110/1110 1111/1111/1111
f 1111/1111/1111 1112/1112/1112 1113/1113/1113
f 1113/1113/1113 1114/1114/1114 1115/1115/1115
f 1115/1115/1115 1116/1116/1116 1117/1117/1117
f 1117/1117/1117 1118/1118/1118 1119/1119/1119
f 1119/1119/1119 1120/1120/1120 1121/1121/1121
f 1121/1121/1121 1122/1122/1122 1123/1123/1123
f 1123/1123/1123 1124/1124/1124 1125/1125/1125
f 2207/2207/2207 2209/2209/2209 2200/2200/2200
f 2209/2209/2209 2207/2207/2207 2208/2208/2208
f 2204/2204/2204 2206/2206/2206 2201/2201/2201
f 2206/2206/2206 2204/2204/2204 2205/2205/2205
f 2209/2209/2209 2210/2210/2210 2211/2211/2211
f 2203/2203/2203 2201/2201/2201 2202/2202/2202
f 2197/2197/2197 2199/2199/2199 2200/2200/2200
f 2200/2200/2200 2199/2199/2199 2207/2207/2207
f 2192/2192/2192 2193/2193/2193 2196/2196/2196
f 2190/2190/2190 2189/2189/2189 2191/2191/2191
f 2210/2210/2210 2195/2195/2195 2194/2194/2194
f 2210/2210/2210 2209/2209/2209 2195/2195/2195
f 2209/2209/2209 2208/2208/2208 2195/2195/2195
f 2201/2201/2201 2206/2206/2206 2202/2202/2202
f 2201/2201/2201 2203/2203/2203 2197/2197/2197
f 2197/2197/2197 2203/2203/2203 2198/2198/2198
f 2199/2199/2199 2197/2197/2197 2198/2198/2198
f 2194/2194/2194 2196/2196/2196 2193/2193/2193
f 2189/2189/2189 2187/2187/2187 2188/2188/2188
f 2187/2187/2187 2189/2189/2189 2190/2190/2190
f 2190/2190/2190 2191/2191/2191 2192/2192/2192
f 2193/2193/2193 2192/2192/2192 2191/2191/2191
f 2196/2196/2196 2194/2194/2194 2195/2195/2195
f 2239/2239/2239 2237/2237/2237 2238/2238/2238
f 2245/2245/2245 2243/2243/2243 2244/2244/2244
f 2246/2246/2246 2245/2245/2245 2232/2232/2232
f 2232/2232/2232 2245/2245/2245 2247/2247/2247
f 2232/2232/2232 2247/2247/2247 2248/2248/2248
f 2249/2249/2249 2242/2242/2242 2244/2244/2244
f 2251/2251/2251 2241/2241/2241 2250/2250/2250
f 2252/2252/2252 2239/2239/2239 2251/2251/2251
f 2255/2255/2255 2253/2253/2253 2254/2254/2254
f 2236/2236/2236 2234/2234/2234 2235/2235/2235
f 2233/2233/2233 2231/2231/2231 2232/2232/2232
f 2256/2256/2256 2236/2236/2236 2254/2254/2254
f 2257/2257/2257 2233/2233/2233 2235/2235/2235
f 2242/2242/2242 2240/2240/2240 2241/2241/2241
f 2568/2568/2568 2567/2567/2567 2569/2569/2569
f 2571/2571/2571 2570/2570/2570 2572/2572/2572
f 2574/2574/2574 2573/2573/2573 2575/2575/2575
f 2574/2574/2574 2576/2576/2576 2578/2578/2578
f 2577/2577/2577 2579/2579/2579 2580/2580/2580
f 2577/2577/2577 2581/2581/2581 2582/2582/2582
f 2565/2565/2565 2564/2564/2564 2566/2566/2566
f 2562/2562/2562 2561/2561/2561 2563/2563/2563
f 2557/2557/2557 2558/2558/2558 2560/2560/2560
f 2554/2554/2554 2555/2555/2555 2559/2559/2559
f 2551/2551/2551 2552/2552/2552 2556/2556/2556
f 2548/2548/2548 2549/2549/2549 2553/2553/2553
f 2529/2529/2529 2525/2525/2525 2528/2528/2528
f 2525/2525/2525 2529/2529/2529 2530/2530/2530
f 2526/2526/2526 2522/2522/2522 2527/2527/2527
f 2526/2526/2526 2525/2525/2525 2522/2522/2522
f 2523/2523/2523 2519/2519/2519 2524/2524/2524
f 2523/2523/2523 2522/2522/2522 2519/2519/2519
f 2520/2520/2520 2516/2516/2516 2521/2521/2521
f 2520/2520/2520 2519/2519/2519 2516/2516/2516
f 2517/2517/2517 2513/2513/2513 2518/2518/2518
f 2517/2517/2517 2516/2516/2516 2513/2513/2513
f 2515/2515/2515 2514/2514/2514 2512/2512/2512
f 2515/2515/2515 2513/2513/2513 2514/2514/2514
f 2512/2512/2512 2510/2510/2510 2511/2511/2511
f 2508/2508/2508 2509/2509/2509 2510/2510/2510
f 2509/2509/2509 2508/2508/2508 2507/2507/2507
f 2507/2507/2507 2505/2505/2505 2506/2506/2506
f 2532/2532/2532 2530/2530/2530 2531/2531/2531
f 2530/2530/2530 2532/2532/2532 2533/2533/2533
f 2535/2535/2535 2533/2533/2533 2534/2534/2534
f 2533/2533/2533 2535/2535/2535 2536/2536/2536
f 2530/2530/2530 2529/2529/2529 2531/2531/2531
f 2525/2525/2525 2526/2526/2526 2528/2528/2528
f 2522/2522/2522 2523/2523/2523 2527/2527/2527
f 2519/2519/2519 2520/2520/2520 2524/2524/2524
f 2516/2516/2516 2517/2517/2517 2521/2521/2521
f 2513/2513/2513 2515/2515/2515 2518/2518/2518
f 2552/2552/2552 2548/2548/2548 2553/2553/2553
f 2555/2555/2555 2554/2554/2554 2551/2551/2551
f 2510/2510/2510 2512/2512/2512 2514/2514/2514
f 2510/2510/2510 2509/2509/2509 2511/2511/2511
f 2505/2505/2505 2507/2507/2507 2508/2508/2508
f 2579/2579/2579 2578/2578/2578 2576/2576/2576
f 2579/2579/2579 2577/2577/2577 2578/2578/2578
f 2576/2576/2576 2574/2574/2574 2575/2575/2575
f 2571/2571/2571 2573/2573/2573 2574/2574/2574
f 2573/2573/2573 2571/2571/2571 2572/2572/2572
f 2568/2568/2568 2570/2570/2570 2571/2571/2571
f 2570/2570/2570 2568/2568/2568 2569/2569/2569
f 2565/2565/2565 2567/2567/2567 2568/2568/2568
f 2567/2567/2567 2565/2565/2565 2566/2566/2566
f 2562/2562/2562 2564/2564/2564 2565/2565/2565
f 2533/2533/2533 2532/2532/2532 2534/2534/2534
f 2536/2536/2536 2535/2535/2535 2537/2537/2537
f 2539/2539/2539 2538/2538/2538 2540/2540/2540
f 2542/2542/2542 2541/2541/2541 2543/2543/2543
f 2542/2542/2542 2544/2544/2544 2546/2546/2546
f 2545/2545/2545 2547/2547/2547 2550/2550/2550
f 2564/2564/2564 2562/2562/2562 2563/2563/2563
f 2557/2557/2557 2561/2561/2561 2562/2562/2562
f 2561/2561/2561 2557/2557/2557 2560/2560/2560
f 2558/2558/2558 2554/2554/2554 2559/2559/2559
f 2558/2558/2558 2557/2557/2557 2554/2554/2554
f 2555/2555/2555 2551/2551/2551 2556/2556/2556
f 2538/2538/2538 2536/2536/2536 2537/2537/2537
f 2536/2536/2536 2538/2538/2538 2539/2539/2539
f 2541/2541/2541 2539/2539/2539 2540/2540/2540
f 2539/2539/2539 2541/2541/2541 2542/2542/2542
f 2544/2544/2544 2542/2542/2542 2543/2543/2543
f 2547/2547/2547 2545/2545/2545 2546/2546/2546
f 2547/2547/2547 2546/2546/2546 2544/2544/2544
f 2549/2549/2549 2548/2548/2548 2545/2545/2545
f 2549/2549/2549 2545/2545/2545 2550/2550/2550
f 2552/2552/2552 2551/2551/2551 2548/2548/2548
f 2581/2581/2581 2577/2577/2577 2580/2580/2580
f 2491/2491/2491 2469/2469/2469 2468/2468/2468
f 2494/2494/2494 2492/2492/2492 2493/2493/2493
f 2492/2492/2492 2494/2494/2494 2495/2495/2495
f 2497/2497/2497 2495/2495/2495 2496/2496/2496
f 2498/2498/2498 2495/2495/2495 2494/2494/2494
f 2495/2495/2495 2498/2498/2498 2499/2499/2499
f 2501/2501/2501 2494/2494/2494 2500/2500/2500
f 2494/2494/2494 2501/2501/2501 2498/2498/2498
f 2495/2495/2495 2499/2499/2499 2502/2502/2502
f 2495/2495/2495 2502/2502/2502 2496/2496/2496
f 2495/2495/2495 2497/2497/2497 2503/2503/2503
f 2467/2467/2467 2465/2465/2465 2466/2466/2466
f 2469/2469/2469 2466/2466/2466 2468/2468/2468
f 2466/2466/2466 2469/2469/2469 2467/2467/2467
f 2472/2472/2472 2470/2470/2470 2471/2471/2471
f 2471/2471/2471 2473/2473/2473 2472/2472/2472
f 2473/2473/2473 2471/2471/2471 2465/2465/2465
f 2476/2476/2476 2474/2474/2474 2475/2475/2475
f 2475/2475/2475 2477/2477/2477 2476/2476/2476
f 2477/2477/2477 2475/2475/2475 2470/2470/2470
f 2480/2480/2480 2478/2478/2478 2479/2479/2479
f 2479/2479/2479 2481/2481/2481 2480/2480/2480
f 2469/2469/2469 2491/2491/2491 2492/2492/2492
f 2465/2465/2465 2467/2467/2467 2473/2473/2473
f 2470/2470/2470 2472/2472/2472 2477/2477/2477
f 2474/2474/2474 2476/2476/2476 2481/2481/2481
f 2478/2478/2478 2480/2480/2480 2482/2482/2482
f 2485/2485/2485 2483/2483/2483 2486/2486/2486
f 2486/2486/2486 2488/2488/2488 2485/2485/2485
f 2489/2489/2489 2490/2490/2490 2504/2504/2504
f 2488/2488/2488 2487/2487/2487 2489/2489/2489
f 2492/2492/2492 2491/2491/2491 2493/2493/2493
f 2488/2488/2488 2486/2486/2486 2487/2487/2487
f 2482/2482/2482 2484/2484/2484 2478/2478/2478
f 2484/2484/2484 2483/2483/2483 2485/2485/2485
f 2484/2484/2484 2482/2482/2482 2483/2483/2483
f 2481/2481/2481 2479/2479/2479 2474/2474/2474
f 2490/2490/2490 2489/2489/2489 2487/2487/2487
f 1250/1250/1250 1249/1249/1249 1248/1248/1248
f 1252/1252/1252 1251/1251/1251 1250/1250/1250
f 1254/1254/1254 1253/1253/1253 1252/1252/1252
f 1256/1256/1256 1255/1255/1255 1254/1254/1254
f 1258/1258/1258 1257/1257/1257 1256/1256/1256
f 1260/1260/1260 1259/1259/1259 1258/1258/1258
f 1262/1262/1262 1261/1261/1261 1260/1260/1260
f 1264/1264/1264 1263/1263/1263 1262/1262/1262
f 1266/1266/1266 1265/1265/1265 1264/1264/1264
f 1268/1268/1268 1267/1267/1267 1266/1266/1266
f 1270/1270/1270 1269/1269/1269 1268/1268/1268
f 1272/1272/1272 1271/1271/1271 1270/1270/1270
f 1274/1274/1274 1273/1273/1273 1272/1272/1272
f 1273/1273/1273 1274/1274/1274 1275/1275/1275
f 1271/1271/1271 1272/1272/1272 1273/1273/1273
f 1269/1269/1269 1270/1270/1270 1271/1271/1271
f 1267/1267/1267 1268/1268/1268 1269/1269/1269
f 1265/1265/1265 1266/1266/1266 1267/1267/1267
f 1263/1263/1263 1264/1264/1264 1265/1265/1265
f 1248/1248/1248 1247/1247/1247 1246/1246/1246
f 1259/1259/1259 1260/1260/1260 1261/1261/1261
f 1257/1257/1257 1258/1258/1258 1259/1259/1259
f 1255/1255/1255 1256/1256/1256 1257/1257/1257
f 1253/1253/1253 1254/1254/1254 1255/1255/1255
f 1251/1251/1251 1252/1252/1252 1253/1253/1253
f 1249/1249/1249 1250/1250/1250 1251/1251/1251
f 1247/1247/1247 1248/1248/1248 1249/1249/1249
f 1245/1245/1245 1246/1246/1246 1247/1247/1247
f 1243/1243/1243 1244/1244/1244 1245/1245/1245
f 1241/1241/1241 1242/1242/1242 1243/1243/1243
f 1239/1239/1239 1240/1240/1240 1241/1241/1241
f 1237/1237/1237 1238/1238/1238 1239/1239/1239
f 1235/1235/1235 1236/1236/1236 1237/1237/1237
f 1225/1225/1225 1226/1226/1226 1227/1227/1227
f 1220/1220/1220 1222/1222/1222 1223/1223/1223
f 1223/1223/1223 1224/1224/1224 1225/1225/1225
f 1233/1233/1233 1234/1234/1234 1235/1235/1235
f 1231/1231/1231 1232/1232/1232 1233/1233/1233
f 1246/1246/1246 1245/1245/1245 1244/1244/1244
f 1229/1229/1229 1230/1230/1230 1231/1231/1231
f 1227/1227/1227 1228/1228/1228 1229/1229/1229
f 1244/1244/1244 1243/1243/1243 1242/1242/1242
f 1242/1242/1242 1241/1241/1241 1240/1240/1240
f 1240/1240/1240 1239/1239/1239 1238/1238/1238
f 1238/1238/1238 1237/1237/1237 1236/1236/1236
f 1236/1236/1236 1235/1235/1235 1234/1234/1234
f 1222/1222/1222 1220/1220/1220 1221/1221/1221
f 1224/1224/1224 1223/1223/1223 1222/1222/1222
f 1234/1234/1234 1233/1233/1233 1232/1232/1232
f 1232/1232/1232 1231/1231/1231 1230/1230/1230
f 1230/1230/1230 1229/1229/1229 1228/1228/1228
f 1228/1228/1228 1227/1227/1227 1226/1226/1226
f 1261/1261/1261 1262/1262/1262 1263/1263/1263
f 1226/1226/1226 1225/1225/1225 1224/1224/1224
f 2931/2931/2931 2933/2933/2933 2928/2928/2928
f 2946/2946/2946 2872/2872/2872 2949/2949/2949
f 2951/2951/2951 2872/2872/2872 2950/2950/2950
f 2953/2953/2953 2950/2950/2950 2952/2952/2952
f 2950/2950/2950 2953/2953/2953 2951/2951/2951
f 2872/2872/2872 2951/2951/2951 2949/2949/2949
f 2872/2872/2872 2948/2948/2948 2944/2944/2944
f 2873/2873/2873 2945/2945/2945 2954/2954/2954
f 2942/2942/2942 2943/2943/2943 2955/2955/2955
f 2941/2941/2941 2938/2938/2938 2943/2943/2943
f 2935/2935/2935 2937/2937/2937 2936/2936/2936
f 2872/2872/2872 2874/2874/2874 2956/2956/2956
f 2874/2874/2874 2875/2875/2875 2956/2956/2956
f 2879/2879/2879 2876/2876/2876 2880/2880/2880
f 2880/2880/2880 2883/2883/2883 2881/2881/2881
f 2882/2882/2882 2886/2886/2886 2884/2884/2884
f 2885/2885/2885 2889/2889/2889 2887/2887/2887
f 2888/2888/2888 2892/2892/2892 2890/2890/2890
f 2891/2891/2891 2896/2896/2896 2893/2893/2893
f 2894/2894/2894 2899/2899/2899 2895/2895/2895
f 2897/2897/2897 2902/2902/2902 2898/2898/2898
f 2931/2931/2931 2934/2934/2934 2932/2932/2932
f 2928/2928/2928 2933/2933/2933 2929/2929/2929
f 2925/2925/2925 2930/2930/2930 2926/2926/2926
f 2922/2922/2922 2927/2927/2927 2924/2924/2924
f 2919/2919/2919 2923/2923/2923 2921/2921/2921
f 2947/2947/2947 2872/2872/2872 2946/2946/2946
f 2873/2873/2873 2944/2944/2944 2945/2945/2945
f 2944/2944/2944 2873/2873/2873 2872/2872/2872
f 2943/2943/2943 2942/2942/2942 2941/2941/2941
f 2938/2938/2938 2941/2941/2941 2940/2940/2940
f 2939/2939/2939 2938/2938/2938 2940/2940/2940
f 2937/2937/2937 2938/2938/2938 2939/2939/2939
f 2938/2938/2938 2937/2937/2937 2935/2935/2935
f 2934/2934/2934 2935/2935/2935 2936/2936/2936
f 2935/2935/2935 2934/2934/2934 2931/2931/2931
f 2872/2872/2872 2947/2947/2947 2948/2948/2948
f 2900/2900/2900 2903/2903/2903 2901/2901/2901
f 2904/2904/2904 2906/2906/2906 2905/2905/2905
f 2910/2910/2910 2907/2907/2907 2911/2911/2911
f 2933/2933/2933 2931/2931/2931 2932/2932/2932
f 2928/2928/2928 2930/2930/2930 2925/2925/2925
f 2930/2930/2930 2928/2928/2928 2929/2929/2929
f 2925/2925/2925 2927/2927/2927 2922/2922/2922
f 2927/2927/2927 2925/2925/2925 2926/2926/2926
f 2923/2923/2923 2922/2922/2922 2924/2924/2924
f 2923/2923/2923 2919/2919/2919 2922/2922/2922
f 2920/2920/2920 2919/2919/2919 2921/2921/2921
f 2874/2874/2874 2872/2872/2872 2873/2873/2873
f 2876/2876/2876 2875/2875/2875 2874/2874/2874
f 2878/2878/2878 2876/2876/2876 2877/2877/2877
f 2875/2875/2875 2876/2876/2876 2878/2878/2878
f 2876/2876/2876 2879/2879/2879 2877/2877/2877
f 2879/2879/2879 2880/2880/2880 2881/2881/2881
f 2883/2883/2883 2880/2880/2880 2882/2882/2882
f 2883/2883/2883 2882/2882/2882 2884/2884/2884
f 2886/2886/2886 2882/2882/2882 2885/2885/2885
f 2886/2886/2886 2885/2885/2885 2887/2887/2887
f 2889/2889/2889 2885/2885/2885 2888/2888/2888
f 2911/2911/2911 2914/2914/2914 2912/2912/2912
f 2913/2913/2913 2917/2917/2917 2915/2915/2915
f 2916/2916/2916 2920/2920/2920 2918/2918/2918
f 2889/2889/2889 2888/2888/2888 2890/2890/2890
f 2892/2892/2892 2888/2888/2888 2891/2891/2891
f 2892/2892/2892 2891/2891/2891 2893/2893/2893
f 2896/2896/2896 2894/2894/2894 2895/2895/2895
f 2894/2894/2894 2896/2896/2896 2891/2891/2891
f 2899/2899/2899 2897/2897/2897 2898/2898/2898
f 2897/2897/2897 2899/2899/2899 2894/2894/2894
f 2902/2902/2902 2900/2900/2900 2901/2901/2901
f 2900/2900/2900 2902/2902/2902 2897/2897/2897
f 2904/2904/2904 2903/2903/2903 2900/2900/2900
f 2903/2903/2903 2904/2904/2904 2905/2905/2905
f 2907/2907/2907 2906/2906/2906 2904/2904/2904
f 2920/2920/2920 2916/2916/2916 2919/2919/2919
f 2917/2917/2917 2916/2916/2916 2918/2918/2918
f 2917/2917/2917 2913/2913/2913 2916/2916/2916
f 2906/2906/2906 2907/2907/2907 2908/2908/2908
f 2908/2908/2908 2907/2907/2907 2909/2909/2909
f 2907/2907/2907 2910/2910/2910 2909/2909/2909
f 2910/2910/2910 2911/2911/2911 2912/2912/2912
f 2914/2914/2914 2911/2911/2911 2913/2913/2913
f 2914/2914/2914 2913/2913/2913 2915/2915/2915
f 2837/2837/2837 2841/2841/2841 2838/2838/2838
f 2844/2844/2844 2842/2842/2842 2843/2843/2843
f 2843/2843/2843 2842/2842/2842 2845/2845/2845
f 2847/2847/2847 2833/2833/2833 2846/2846/2846
f 2847/2847/2847 2846/2846/2846 2848/2848/2848
f 2851/2851/2851 2849/2849/2849 2850/2850/2850
f 2852/2852/2852 2849/2849/2849 2842/2842/2842
f 2842/2842/2842 2849/2849/2849 2853/2853/2853
f 2837/2837/2837 2840/2840/2840 2841/2841/2841
f 2849/2849/2849 2848/2848/2848 2854/2854/2854
f 2854/2854/2854 2848/2848/2848 2846/2846/2846
f 2849/2849/2849 2851/2851/2851 2848/2848/2848
f 2818/2818/2818 2816/2816/2816 2817/2817/2817
f 2855/2855/2855 2860/2860/2860 2858/2858/2858
f 2839/2839/2839 2837/2837/2837 2826/2826/2826
f 2838/2838/2838 2833/2833/2833 2837/2837/2837
f 2806/2806/2806 2830/2830/2830 2832/2832/2832
f 2806/2806/2806 2832/2832/2832 2827/2827/2827
f 2835/2835/2835 2833/2833/2833 2834/2834/2834
f 2834/2834/2834 2833/2833/2833 2836/2836/2836
f 2823/2823/2823 2864/2864/2864 2869/2869/2869
f 2823/2823/2823 2866/2866/2866 2865/2865/2865
f 2822/2822/2822 2868/2868/2868 2866/2866/2866
f 2806/2806/2806 2808/2808/2808 2831/2831/2831
f 2868/2868/2868 2822/2822/2822 2867/2867/2867
f 2866/2866/2866 2823/2823/2823 2822/2822/2822
f 2863/2863/2863 2823/2823/2823 2865/2865/2865
f 2864/2864/2864 2823/2823/2823 2863/2863/2863
f 2862/2862/2862 2861/2861/2861 2823/2823/2823
f 2857/2857/2857 2855/2855/2855 2856/2856/2856
f 2856/2856/2856 2855/2855/2855 2858/2858/2858
f 2855/2855/2855 2857/2857/2857 2859/2859/2859
f 2860/2860/2860 2855/2855/2855 2847/2847/2847
f 2814/2814/2814 2813/2813/2813 2815/2815/2815
f 2861/2861/2861 2862/2862/2862 2870/2870/2870
f 2807/2807/2807 2811/2811/2811 2809/2809/2809
f 2810/2810/2810 2814/2814/2814 2812/2812/2812
f 2813/2813/2813 2818/2818/2818 2815/2815/2815
f 2816/2816/2816 2821/2821/2821 2817/2817/2817
f 2819/2819/2819 2824/2824/2824 2820/2820/2820
f 2828/2828/2828 2830/2830/2830 2806/2806/2806
f 2828/2828/2828 2806/2806/2806 2831/2831/2831
f 2830/2830/2830 2828/2828/2828 2829/2829/2829
f 2814/2814/2814 2810/2810/2810 2813/2813/2813
f 2811/2811/2811 2810/2810/2810 2812/2812/2812
f 2823/2823/2823 2869/2869/2869 2862/2862/2862
f 2849/2849/2849 2852/2852/2852 2850/2850/2850
f 2811/2811/2811 2807/2807/2807 2810/2810/2810
f 2808/2808/2808 2807/2807/2807 2809/2809/2809
f 2825/2825/2825 2806/2806/2806 2827/2827/2827
f 2826/2826/2826 2806/2806/2806 2825/2825/2825
f 2822/2822/2822 2824/2824/2824 2819/2819/2819
f 2824/2824/2824 2822/2822/2822 2823/2823/2823
f 2819/2819/2819 2821/2821/2821 2816/2816/2816
f 2821/2821/2821 2819/2819/2819 2820/2820/2820
f 2833/2833/2833 2838/2838/2838 2836/2836/2836
f 2806/2806/2806 2826/2826/2826 2837/2837/2837
f 2833/2833/2833 2835/2835/2835 2846/2846/2846
f 2816/2816/2816 2818/2818/2818 2813/2813/2813
f 2842/2842/2842 2844/2844/2844 2852/2852/2852
f 2833/2833/2833 2847/2847/2847 2855/2855/2855
f 2855/2855/2855 2859/2859/2859 2871/2871/2871
f 2837/2837/2837 2839/2839/2839 2840/2840/2840
f 2808/2808/2808 2806/2806/2806 2807/2807/2807
f 2689/2689/2689 2685/2685/2685 2688/2688/2688
f 2680/2680/2680 2678/2678/2678 2679/2679/2679
f 2680/2680/2680 2679/2679/2679 2681/2681/2681
f 2683/2683/2683 2679/2679/2679 2682/2682/2682
f 2683/2683/2683 2682/2682/2682 2684/2684/2684
f 2686/2686/2686 2682/2682/2682 2685/2685/2685
f 2686/2686/2686 2685/2685/2685 2687/2687/2687
f 2689/2689/2689 2688/2688/2688 2690/2690/2690
f 2693/2693/2693 2691/2691/2691 2692/2692/2692
f 2691/2691/2691 2693/2693/2693 2688/2688/2688
f 2696/2696/2696 2694/2694/2694 2695/2695/2695
f 2694/2694/2694 2696/2696/2696 2691/2691/2691
f 2699/2699/2699 2697/2697/2697 2698/2698/2698
f 2697/2697/2697 2699/2699/2699 2694/2694/2694
f 2702/2702/2702 2700/2700/2700 2701/2701/2701
f 2700/2700/2700 2702/2702/2702 2697/2697/2697
f 2705/2705/2705 2703/2703/2703 2704/2704/2704
f 2703/2703/2703 2705/2705/2705 2700/2700/2700
f 2707/2707/2707 2706/2706/2706 2703/2703/2703
f 2706/2706/2706 2707/2707/2707 2708/2708/2708
f 2707/2707/2707 2709/2709/2709 2708/2708/2708
f 2709/2709/2709 2710/2710/2710 2711/2711/2711
f 2710/2710/2710 2712/2712/2712 2711/2711/2711
f 2712/2712/2712 2713/2713/2713 2714/2714/2714
f 2716/2716/2716 2678/2678/2678 2715/2715/2715
f 2678/2678/2678 2716/2716/2716 2717/2717/2717
f 2720/2720/2720 2718/2718/2718 2719/2719/2719
f 2719/2719/2719 2718/2718/2718 2721/2721/2721
f 2724/2724/2724 2722/2722/2722 2723/2723/2723
f 2726/2726/2726 2714/2714/2714 2725/2725/2725
f 2714/2714/2714 2726/2726/2726 2722/2722/2722
f 2727/2727/2727 2714/2714/2714 2713/2713/2713
f 2714/2714/2714 2727/2727/2727 2728/2728/2728
f 2714/2714/2714 2728/2728/2728 2729/2729/2729
f 2714/2714/2714 2729/2729/2729 2725/2725/2725
f 2731/2731/2731 2713/2713/2713 2730/2730/2730
f 2713/2713/2713 2731/2731/2731 2732/2732/2732
f 2713/2713/2713 2732/2732/2732 2727/2727/2727
f 2733/2733/2733 2713/2713/2713 2718/2718/2718
f 2713/2713/2713 2733/2733/2733 2730/2730/2730
f 2722/2722/2722 2724/2724/2724 2714/2714/2714
f 2718/2718/2718 2720/2720/2720 2733/2733/2733
f 2717/2717/2717 2716/2716/2716 2734/2734/2734
f 2712/2712/2712 2710/2710/2710 2713/2713/2713
f 2709/2709/2709 2707/2707/2707 2710/2710/2710
f 2703/2703/2703 2706/2706/2706 2704/2704/2704
f 2700/2700/2700 2705/2705/2705 2701/2701/2701
f 2697/2697/2697 2702/2702/2702 2698/2698/2698
f 2694/2694/2694 2699/2699/2699 2695/2695/2695
f 2691/2691/2691 2696/2696/2696 2692/2692/2692
f 2688/2688/2688 2693/2693/2693 2690/2690/2690
f 2685/2685/2685 2689/2689/2689 2687/2687/2687
f 2682/2682/2682 2686/2686/2686 2684/2684/2684
f 2679/2679/2679 2683/2683/2683 2681/2681/2681
f 2678/2678/2678 2680/2680/2680 2715/2715/2715
f 2344/2344/2344 2346/2346/2346 2397/2397/2397
f 2338/2338/2338 2343/2343/2343 2339/2339/2339
f 2335/2335/2335 2340/2340/2340 2336/2336/2336
f 2332/2332/2332 2337/2337/2337 2333/2333/2333
f 2364/2364/2364 2363/2363/2363 2365/2365/2365
f 2329/2329/2329 2334/2334/2334 2330/2330/2330
f 2326/2326/2326 2331/2331/2331 2327/2327/2327
f 2323/2323/2323 2328/2328/2328 2325/2325/2325
f 2382/2382/2382 2381/2381/2381 2383/2383/2383
f 2382/2382/2382 2378/2378/2378 2381/2381/2381
f 2379/2379/2379 2378/2378/2378 2380/2380/2380
f 2379/2379/2379 2375/2375/2375 2378/2378/2378
f 2376/2376/2376 2375/2375/2375 2377/2377/2377
f 2376/2376/2376 2372/2372/2372 2375/2375/2375
f 2373/2373/2373 2372/2372/2372 2374/2374/2374
f 2373/2373/2373 2369/2369/2369 2372/2372/2372
f 2370/2370/2370 2369/2369/2369 2371/2371/2371
f 2358/2358/2358 2357/2357/2357 2359/2359/2359
f 2358/2358/2358 2354/2354/2354 2357/2357/2357
f 2345/2345/2345 2349/2349/2349 2347/2347/2347
f 2355/2355/2355 2351/2351/2351 2354/2354/2354
f 2352/2352/2352 2351/2351/2351 2353/2353/2353
f 2352/2352/2352 2348/2348/2348 2351/2351/2351
f 2349/2349/2349 2348/2348/2348 2350/2350/2350
f 2349/2349/2349 2345/2345/2345 2348/2348/2348
f 2346/2346/2346 2345/2345/2345 2347/2347/2347
f 2346/2346/2346 2344/2344/2344 2345/2345/2345
f 2341/2341/2341 2343/2343/2343 2338/2338/2338
f 2343/2343/2343 2341/2341/2341 2342/2342/2342
f 2338/2338/2338 2340/2340/2340 2335/2335/2335
f 2340/2340/2340 2338/2338/2338 2339/2339/2339
f 2335/2335/2335 2337/2337/2337 2332/2332/2332
f 2337/2337/2337 2335/2335/2335 2336/2336/2336
f 2332/2332/2332 2334/2334/2334 2329/2329/2329
f 2334/2334/2334 2332/2332/2332 2333/2333/2333
f 2329/2329/2329 2331/2331/2331 2326/2326/2326
f 2331/2331/2331 2329/2329/2329 2330/2330/2330
f 2326/2326/2326 2328/2328/2328 2323/2323/2323
f 2328/2328/2328 2326/2326/2326 2327/2327/2327
f 2324/2324/2324 2323/2323/2323 2325/2325/2325
f 2348/2348/2348 2352/2352/2352 2350/2350/2350
f 2351/2351/2351 2355/2355/2355 2353/2353/2353
f 2354/2354/2354 2358/2358/2358 2356/2356/2356
f 2357/2357/2357 2361/2361/2361 2359/2359/2359
f 2360/2360/2360 2364/2364/2364 2362/2362/2362
f 2363/2363/2363 2367/2367/2367 2365/2365/2365
f 2366/2366/2366 2370/2370/2370 2368/2368/2368
f 2385/2385/2385 2381/2381/2381 2384/2384/2384
f 2385/2385/2385 2384/2384/2384 2386/2386/2386
f 2388/2388/2388 2384/2384/2384 2387/2387/2387
f 2388/2388/2388 2387/2387/2387 2389/2389/2389
f 2391/2391/2391 2387/2387/2387 2390/2390/2390
f 2391/2391/2391 2390/2390/2390 2392/2392/2392
f 2394/2394/2394 2393/2393/2393 2344/2344/2344
f 2394/2394/2394 2395/2395/2395 2396/2396/2396
f 2395/2395/2395 2344/2344/2344 2397/2397/2397
f 2395/2395/2395 2394/2394/2394 2344/2344/2344
f 2393/2393/2393 2398/2398/2398 2399/2399/2399
f 2399/2399/2399 2400/2400/2400 2401/2401/2401
f 2402/2402/2402 2342/2342/2342 2341/2341/2341
f 2402/2402/2402 2401/2401/2401 2400/2400/2400
f 2401/2401/2401 2402/2402/2402 2341/2341/2341
f 2342/2342/2342 2402/2402/2402 2403/2403/2403
f 2361/2361/2361 2357/2357/2357 2360/2360/2360
f 2361/2361/2361 2360/2360/2360 2362/2362/2362
f 2364/2364/2364 2360/2360/2360 2363/2363/2363
f 2400/2400/2400 2399/2399/2399 2398/2398/2398
f 2398/2398/2398 2393/2393/2393 2404/2404/2404
f 2393/2393/2393 2394/2394/2394 2404/2404/2404
f 2367/2367/2367 2363/2363/2363 2366/2366/2366
f 2387/2387/2387 2391/2391/2391 2389/2389/2389
f 2384/2384/2384 2388/2388/2388 2386/2386/2386
f 2381/2381/2381 2385/2385/2385 2383/2383/2383
f 2378/2378/2378 2382/2382/2382 2380/2380/2380
f 2375/2375/2375 2379/2379/2379 2377/2377/2377
f 2372/2372/2372 2376/2376/2376 2374/2374/2374
f 2355/2355/2355 2354/2354/2354 2356/2356/2356
f 2369/2369/2369 2373/2373/2373 2371/2371/2371
f 2322/2322/2322 2324/2324/2324 2405/2405/2405
f 2367/2367/2367 2366/2366/2366 2368/2368/2368
f 2324/2324/2324 2322/2322/2322 2323/2323/2323
f 2370/2370/2370 2366/2366/2366 2369/2369/2369
f 2629/2629/2629 2628/2628/2628 2630/2630/2630
f 2629/2629/2629 2625/2625/2625 2628/2628/2628
f 2626/2626/2626 2625/2625/2625 2627/2627/2627
f 2626/2626/2626 2624/2624/2624 2625/2625/2625
f 2621/2621/2621 2623/2623/2623 2622/2622/2622
f 2623/2623/2623 2621/2621/2621 2617/2617/2617
f 2622/2622/2622 2620/2620/2620 2621/2621/2621
f 2618/2618/2618 2613/2613/2613 2619/2619/2619
f 2613/2613/2613 2618/2618/2618 2614/2614/2614
f 2642/2642/2642 2638/2638/2638 2644/2644/2644
f 2638/2638/2638 2642/2642/2642 2641/2641/2641
f 2646/2646/2646 2637/2637/2637 2645/2645/2645
f 2637/2637/2637 2646/2646/2646 2638/2638/2638
f 2638/2638/2638 2646/2646/2646 2647/2647/2647
f 2638/2638/2638 2647/2647/2647 2648/2648/2648
f 2638/2638/2638 2648/2648/2648 2649/2649/2649
f 2638/2638/2638 2649/2649/2649 2644/2644/2644
f 2652/2652/2652 2650/2650/2650 2651/2651/2651
f 2651/2651/2651 2650/2650/2650 2653/2653/2653
f 2655/2655/2655 2654/2654/2654 2650/2650/2650
f 2654/2654/2654 2655/2655/2655 2656/2656/2656
f 2656/2656/2656 2655/2655/2655 2657/2657/2657
f 2650/2650/2650 2654/2654/2654 2653/2653/2653
f 2657/2657/2657 2658/2658/2658 2659/2659/2659
f 2658/2658/2658 2657/2657/2657 2655/2655/2655
f 2660/2660/2660 2658/2658/2658 2643/2643/2643
f 2658/2658/2658 2660/2660/2660 2659/2659/2659
f 2663/2663/2663 2661/2661/2661 2662/2662/2662
f 2661/2661/2661 2663/2663/2663 2650/2650/2650
f 2665/2665/2665 2650/2650/2650 2664/2664/2664
f 2665/2665/2665 2664/2664/2664 2666/2666/2666
f 2650/2650/2650 2665/2665/2665 2661/2661/2661
f 2669/2669/2669 2667/2667/2667 2668/2668/2668
f 2619/2619/2619 2617/2617/2617 2618/2618/2618
f 2610/2610/2610 2616/2616/2616 2615/2615/2615
f 2616/2616/2616 2610/2610/2610 2609/2609/2609
f 2615/2615/2615 2613/2613/2613 2614/2614/2614
f 2606/2606/2606 2612/2612/2612 2611/2611/2611
f 2612/2612/2612 2606/2606/2606 2605/2605/2605
f 2611/2611/2611 2609/2609/2609 2610/2610/2610
f 2602/2602/2602 2608/2608/2608 2607/2607/2607
f 2632/2632/2632 2631/2631/2631 2630/2630/2630
f 2607/2607/2607 2605/2605/2605 2606/2606/2606
f 2598/2598/2598 2604/2604/2604 2603/2603/2603
f 2604/2604/2604 2598/2598/2598 2597/2597/2597
f 2603/2603/2603 2601/2601/2601 2602/2602/2602
f 2596/2596/2596 2600/2600/2600 2599/2599/2599
f 2600/2600/2600 2596/2596/2596 2595/2595/2595
f 2599/2599/2599 2597/2597/2597 2598/2598/2598
f 2594/2594/2594 2592/2592/2592 2591/2591/2591
f 2593/2593/2593 2595/2595/2595 2596/2596/2596
f 2594/2594/2594 2593/2593/2593 2592/2592/2592
f 2590/2590/2590 2587/2587/2587 2586/2586/2586
f 2589/2589/2589 2591/2591/2591 2592/2592/2592
f 2590/2590/2590 2589/2589/2589 2587/2587/2587
f 2585/2585/2585 2584/2584/2584 2588/2588/2588
f 2583/2583/2583 2586/2586/2586 2587/2587/2587
f 2585/2585/2585 2583/2583/2583 2584/2584/2584
f 2672/2672/2672 2670/2670/2670 2671/2671/2671
f 2670/2670/2670 2672/2672/2672 2673/2673/2673
f 2667/2667/2667 2669/2669/2669 2670/2670/2670
f 2668/2668/2668 2666/2666/2666 2664/2664/2664
f 2668/2668/2668 2667/2667/2667 2666/2666/2666
f 2675/2675/2675 2672/2672/2672 2674/2674/2674
f 2672/2672/2672 2675/2675/2675 2673/2673/2673
f 2650/2650/2650 2663/2663/2663 2676/2676/2676
f 2677/2677/2677 2675/2675/2675 2674/2674/2674
f 2650/2650/2650 2652/2652/2652 2664/2664/2664
f 2641/2641/2641 2643/2643/2643 2658/2658/2658
f 2639/2639/2639 2588/2588/2588 2584/2584/2584
f 2635/2635/2635 2636/2636/2636 2637/2637/2637
f 2631/2631/2631 2632/2632/2632 2633/2633/2633
f 2625/2625/2625 2629/2629/2629 2627/2627/2627
f 2624/2624/2624 2626/2626/2626 2620/2620/2620
f 2620/2620/2620 2622/2622/2622 2624/2624/2624
f 2617/2617/2617 2619/2619/2619 2623/2623/2623
f 2613/2613/2613 2615/2615/2615 2616/2616/2616
f 2609/2609/2609 2611/2611/2611 2612/2612/2612
f 2605/2605/2605 2607/2607/2607 2608/2608/2608
f 2601/2601/2601 2603/2603/2603 2604/2604/2604
f 2597/2597/2597 2599/2599/2599 2600/2600/2600
f 2593/2593/2593 2594/2594/2594 2595/2595/2595
f 2589/2589/2589 2590/2590/2590 2591/2591/2591
f 2583/2583/2583 2585/2585/2585 2586/2586/2586
f 2631/2631/2631 2633/2633/2633 2634/2634/2634
f 2632/2632/2632 2630/2630/2630 2628/2628/2628
f 2636/2636/2636 2635/2635/2635 2634/2634/2634
f 2635/2635/2635 2637/2637/2637 2638/2638/2638
f 2636/2636/2636 2634/2634/2634 2633/2633/2633
f 2588/2588/2588 2639/2639/2639 2640/2640/2640
f 2608/2608/2608 2602/2602/2602 2601/2601/2601
f 2643/2643/2643 2641/2641/2641 2642/2642/2642
f 2671/2671/2671 2670/2670/2670 2669/2669/2669
f 2260/2260/2260 2258/2258/2258 2259/2259/2259
f 2263/2263/2263 2261/2261/2261 2262/2262/2262
f 2262/2262/2262 2264/2264/2264 2265/2265/2265
f 2264/2264/2264 2262/2262/2262 2266/2266/2266
f 2265/2265/2265 2264/2264/2264 2267/2267/2267
f 2267/2267/2267 2264/2264/2264 2268/2268/2268
f 2271/2271/2271 2269/2269/2269 2270/2270/2270
f 2273/2273/2273 2271/2271/2271 2272/2272/2272
f 2274/2274/2274 2263/2263/2263 2273/2273/2273
f 2276/2276/2276 2275/2275/2275 2259/2259/2259
f 2264/2264/2264 2277/2277/2277 2278/2278/2278
f 2278/2278/2278 2279/2279/2279 2280/2280/2280
f 2281/2281/2281 2260/2260/2260 2280/2280/2280
f 2226/2226/2226 2227/2227/2227 2229/2229/2229
f 2227/2227/2227 2226/2226/2226 2214/2214/2214
f 2225/2225/2225 2224/2224/2224 2221/2221/2221
f 2223/2223/2223 2221/2221/2221 2222/2222/2222
f 2219/2219/2219 2217/2217/2217 2220/2220/2220
f 2219/2219/2219 2218/2218/2218 2217/2217/2217
f 2215/2215/2215 2217/2217/2217 2216/2216/2216
f 2212/2212/2212 2216/2216/2216 2213/2213/2213
f 2216/2216/2216 2212/2212/2212 2215/2215/2215
f 2214/2214/2214 2212/2212/2212 2213/2213/2213
f 2224/2224/2224 2225/2225/2225 2228/2228/2228
f 2212/2212/2212 2214/2214/2214 2226/2226/2226
f 2221/2221/2221 2223/2223/2223 2225/2225/2225
f 2218/2218/2218 2219/2219/2219 2230/2230/2230
f 2224/2224/2224 2227/2227/2227 2214/2214/2214
f 2227/2227/2227 2224/2224/2224 2228/2228/2228
f 2217/2217/2217 2215/2215/2215 2220/2220/2220
f 559/559/559 560/560/560 562/562/562
f 559/559/559 563/563/563 564/564/564
f 566/566/566 564/564/564 565/565/565
f 564/564/564 563/563/563 565/565/565
f 555/555/555 557/557/557 561/561/561
f 557/557/557 555/555/555 556/556/556
f 557/557/557 556/556/556 558/558/558
f 567/567/567 566/566/566 568/568/568
f 570/570/570 569/569/569 571/571/571
f 567/567/567 569/569/569 570/570/570
f 569/569/569 567/567/567 568/568/568
f 564/564/564 566/566/566 567/567/567
f 560/560/560 559/559/559 555/555/555
f 560/560/560 555/555/555 561/561/561
f 563/563/563 559/559/559 562/562/562
f 580/580/580 577/577/577 579/579/579
f 578/578/578 575/575/575 577/577/577
f 576/576/576 573/573/573 575/575/575
f 574/574/574 572/572/572 573/573/573
f 582/582/582 579/579/579 581/581/581
f 584/584/584 581/581/581 583/583/583
f 572/572/572 574/574/574 599/599/599
f 573/573/573 576/576/576 574/574/574
f 575/575/575 578/578/578 576/576/576
f 577/577/577 580/580/580 578/578/578
f 588/588/588 585/585/585 587/587/587
f 590/590/590 587/587/587 589/589/589
f 591/591/591 588/588/588 590/590/590
f 592/592/592 586/586/586 588/588/588
f 593/593/593 584/584/584 586/586/586
f 594/594/594 582/582/582 584/584/584
f 595/595/595 580/580/580 582/582/582
f 596/596/596 578/578/578 580/580/580
f 597/597/597 576/576/576 578/578/578
f 579/579/579 582/582/582 580/580/580
f 581/581/581 584/584/584 582/582/582
f 583/583/583 586/586/586 584/584/584
f 585/585/585 588/588/588 586/586/586
f 587/587/587 590/590/590 588/588/588
f 588/588/588 591/591/591 592/592/592
f 586/586/586 592/592/592 593/593/593
f 584/584/584 593/593/593 594/594/594
f 582/582/582 594/594/594 595/595/595
f 580/580/580 595/595/595 596/596/596
f 578/578/578 596/596/596 597/597/597
f 576/576/576 597/597/597 598/598/598
f 574/574/574 598/598/598 600/600/600
f 599/599/599 600/600/600 601/601/601
f 599/599/599 602/602/602 603/603/603
f 572/572/572 603/603/603 604/604/604
f 603/603/603 572/572/572 599/599/599
f 602/602/602 599/599/599 601/601/601
f 600/600/600 599/599/599 574/574/574
f 598/598/598 574/574/574 576/576/576
f 586/586/586 583/583/583 585/585/585
f 520/520/520 517/517/517 519/519/519
f 517/517/517 513/513/513 518/518/518
f 517/517/517 516/516/516 513/513/513
f 514/514/514 512/512/512 515/515/515
f 513/513/513 514/514/514 518/518/518
f 512/512/512 511/511/511 515/515/515
f 509/509/509 508/508/508 510/510/510
f 514/514/514 513/513/513 512/512/512
f 509/509/509 511/511/511 512/512/512
f 516/516/516 517/517/517 520/520/520
f 523/523/523 522/522/522 524/524/524
f 506/506/506 523/523/523 507/507/507
f 511/511/511 509/509/509 510/510/510
f 506/506/506 508/508/508 509/509/509
f 523/523/523 521/521/521 522/522/522
f 521/521/521 523/523/523 506/506/506
f 508/508/508 506/506/506 507/507/507
f 497/497/497 501/501/501 498/498/498
f 499/499/499 497/497/497 498/498/498
f 501/501/501 497/497/497 500/500/500
f 496/496/496 494/494/494 495/495/495
f 503/503/503 500/500/500 502/502/502
f 502/502/502 504/504/504 503/503/503
f 494/494/494 496/496/496 499/499/499
f 497/497/497 499/499/499 496/496/496
f 500/500/500 503/503/503 501/501/501
f 504/504/504 502/502/502 505/505/505
f 480/480/480 482/482/482 487/487/487
f 483/483/483 486/486/486 484/484/484
f 480/480/480 489/489/489 493/493/493
f 485/485/485 491/491/491 486/486/486
f 490/490/490 485/485/485 492/492/492
f 491/491/491 485/485/485 490/490/490
f 480/480/480 488/488/488 489/489/489
f 488/488/488 480/480/480 487/487/487
f 486/486/486 483/483/483 485/485/485
f 484/484/484 481/481/481 483/483/483
f 482/482/482 480/480/480 481/481/481
f 481/481/481 484/484/484 482/482/482
f 696/696/696 698/698/698 699/699/699
f 698/698/698 696/696/696 697/697/697
f 701/701/701 699/699/699 700/700/700
f 708/708/708 707/707/707 709/709/709
f 708/708/708 710/710/710 711/711/711
f 710/710/710 708/708/708 709/709/709
f 703/703/703 707/707/707 708/708/708
f 707/707/707 703/703/703 706/706/706
f 704/704/704 702/702/702 705/705/705
f 703/703/703 704/704/704 706/706/706
f 699/699/699 698/698/698 700/700/700
f 699/699/699 701/701/701 702/702/702
f 704/704/704 703/703/703 702/702/702
f 702/702/702 701/701/701 705/705/705
f 711/711/711 710/710/710 712/712/712
f 728/728/728 729/729/729 730/730/730
f 717/717/717 716/716/716 713/713/713
f 719/719/719 718/718/718 716/716/716
f 721/721/721 720/720/720 718/718/718
f 720/720/720 736/736/736 737/737/737
f 718/718/718 737/737/737 738/738/738
f 716/716/716 738/738/738 739/739/739
f 713/713/713 739/739/739 740/740/740
f 714/714/714 740/740/740 741/741/741
f 743/743/743 741/741/741 742/742/742
f 744/744/744 714/714/714 743/743/743
f 714/714/714 744/744/744 715/715/715
f 741/741/741 743/743/743 714/714/714
f 740/740/740 714/714/714 713/713/713
f 739/739/739 713/713/713 716/716/716
f 738/738/738 716/716/716 718/718/718
f 737/737/737 718/718/718 720/720/720
f 736/736/736 720/720/720 722/722/722
f 735/735/735 722/722/722 724/724/724
f 734/734/734 724/724/724 726/726/726
f 732/732/732 726/726/726 728/728/728
f 732/732/732 733/733/733 745/745/745
f 728/728/728 731/731/731 733/733/733
f 723/723/723 722/722/722 720/720/720
f 726/726/726 727/727/727 729/729/729
f 724/724/724 725/725/725 727/727/727
f 722/722/722 723/723/723 725/725/725
f 720/720/720 721/721/721 723/723/723
f 718/718/718 719/719/719 721/721/721
f 716/716/716 717/717/717 719/719/719
f 713/713/713 715/715/715 717/717/717
f 725/725/725 724/724/724 722/722/722
f 722/722/722 735/735/735 736/736/736
f 724/724/724 734/734/734 735/735/735
f 726/726/726 732/732/732 734/734/734
f 733/733/733 732/732/732 728/728/728
f 731/731/731 728/728/728 730/730/730
f 729/729/729 728/728/728 726/726/726
f 727/727/727 726/726/726 724/724/724
f 715/715/715 713/713/713 714/714/714
f 653/653/653 652/652/652 646/646/646
f 643/643/643 644/644/644 648/648/648
f 646/646/646 647/647/647 654/654/654
f 651/651/651 650/650/650 657/657/657
f 652/652/652 653/653/653 656/656/656
f 656/656/656 653/653/653 655/655/655
f 653/653/653 646/646/646 654/654/654
f 639/639/639 651/651/651 640/640/640
f 649/649/649 651/651/651 639/639/639
f 651/651/651 649/649/649 650/650/650
f 647/647/647 643/643/643 648/648/648
f 647/647/647 646/646/646 643/643/643
f 644/644/644 642/642/642 645/645/645
f 644/644/644 643/643/643 642/642/642
f 639/639/639 641/641/641 642/642/642
f 641/641/641 639/639/639 640/640/640
f 642/642/642 641/641/641 645/645/645
f 633/633/633 632/632/632 631/631/631
f 637/637/637 635/635/635 636/636/636
f 637/637/637 636/636/636 634/634/634
f 635/635/635 637/637/637 638/638/638
f 632/632/632 634/634/634 636/636/636
f 627/627/627 631/631/631 632/632/632
f 627/627/627 629/629/629 630/630/630
f 626/626/626 625/625/625 628/628/628
f 625/625/625 623/623/623 624/624/624
f 623/623/623 625/625/625 626/626/626
f 628/628/628 627/627/627 626/626/626
f 627/627/627 628/628/628 629/629/629
f 631/631/631 627/627/627 630/630/630
f 634/634/634 632/632/632 633/633/633
f 607/607/607 605/605/605 606/606/606
f 608/608/608 607/607/607 619/619/619
f 605/605/605 611/611/611 606/606/606
f 609/609/609 614/614/614 612/612/612
f 613/613/613 617/617/617 615/615/615
f 605/605/605 607/607/607 608/608/608
f 611/611/611 609/609/609 610/610/610
f 609/609/609 611/611/611 605/605/605
f 610/610/610 609/609/609 612/612/612
f 614/614/614 609/609/609 613/613/613
f 614/614/614 613/613/613 615/615/615
f 617/617/617 613/613/613 616/616/616
f 616/616/616 613/613/613 618/618/618
f 620/620/620 608/608/608 619/619/619
f 608/608/608 620/620/620 621/621/621
f 608/608/608 621/621/621 622/622/622
f 3629/3629/3629 3631/3631/3631 3648/3648/3648
f 3576/3576/3576 3628/3628/3628 3649/3649/3649
f 3598/3598/3598 3657/3657/3657 3567/3567/3567
f 3595/3595/3595 3594/3594/3594 3597/3597/3597
f 3647/3647/3647 3646/3646/3646 3656/3656/3656
f 3645/3645/3645 3593/3593/3593 3644/3644/3644
f 3575/3575/3575 3574/3574/3574 3564/3564/3564
f 3548/3548/3548 3550/3550/3550 3563/3563/3563
f 3561/3561/3561 3560/3560/3560 3562/3562/3562
f 3557/3557/3557 3559/3559/3559 3556/3556/3556
f 3554/3554/3554 3553/3553/3553 3555/3555/3555
f 3573/3573/3573 3572/3572/3572 3540/3540/3540
f 3538/3538/3538 3535/3535/3535 3571/3571/3571
f 3570/3570/3570 3568/3568/3568 3569/3569/3569
f 3528/3528/3528 3566/3566/3566 3567/3567/3567
f 3533/3533/3533 3525/3525/3525 3524/3524/3524
f 3565/3565/3565 3564/3564/3564 3530/3530/3530
f 3551/3551/3551 3549/3549/3549 3548/3548/3548
f 3563/3563/3563 3561/3561/3561 3562/3562/3562
f 3560/3560/3560 3561/3561/3561 3547/3547/3547
f 3547/3547/3547 3545/3545/3545 3560/3560/3560
f 3591/3591/3591 3592/3592/3592 3624/3624/3624
f 3633/3633/3633 3635/3635/3635 3608/3608/3608
f 3604/3604/3604 3635/3635/3635 3634/3634/3634
f 3636/3636/3636 3638/3638/3638 3652/3652/3652
f 3660/3660/3660 3658/3658/3658 3659/3659/3659
f 3609/3609/3609 3639/3639/3639 3661/3661/3661
f 3613/3613/3613 3640/3640/3640 3662/3662/3662
f 3576/3576/3576 3617/3617/3617 3663/3663/3663
f 3599/3599/3599 3620/3620/3620 3654/3654/3654
f 3646/3646/3646 3645/3645/3645 3656/3656/3656
f 3665/3665/3665 3583/3583/3583 3664/3664/3664
f 3657/3657/3657 3598/3598/3598 3666/3666/3666
f 3576/3576/3576 3568/3568/3568 3650/3650/3650
f 3635/3635/3635 3604/3604/3604 3603/3603/3603
f 3586/3586/3586 3571/3571/3571 3535/3535/3535
f 3658/3658/3658 3667/3667/3667 3659/3659/3659
f 3669/3669/3669 3660/3660/3660 3668/3668/3668
f 3671/3671/3671 3670/3670/3670 3642/3642/3642
f 3613/3613/3613 3662/3662/3662 3576/3576/3576
f 3559/3559/3559 3557/3557/3557 3558/3558/3558
f 3556/3556/3556 3554/3554/3554 3555/3555/3555
f 3553/3553/3553 3554/3554/3554 3543/3543/3543
f 3576/3576/3576 3654/3654/3654 3653/3653/3653
f 3535/3535/3535 3539/3539/3539 3536/3536/3536
f 3524/3524/3524 3526/3526/3526 3529/3529/3529
f 3533/3533/3533 3531/3531/3531 3534/3534/3534
f 3549/3549/3549 3551/3551/3551 3552/3552/3552
f 3550/3550/3550 3548/3548/3548 3549/3549/3549
f 3545/3545/3545 3547/3547/3547 3546/3546/3546
f 3546/3546/3546 3544/3544/3544 3545/3545/3545
f 3541/3541/3541 3543/3543/3543 3542/3542/3542
f 3542/3542/3542 3540/3540/3540 3541/3541/3541
f 3539/3539/3539 3535/3535/3535 3538/3538/3538
f 3537/3537/3537 3535/3535/3535 3536/3536/3536
f 3527/3527/3527 3529/3529/3529 3526/3526/3526
f 3525/3525/3525 3533/3533/3533 3534/3534/3534
f 3531/3531/3531 3533/3533/3533 3532/3532/3532
f 3532/3532/3532 3530/3530/3530 3531/3531/3531
f 3529/3529/3529 3527/3527/3527 3528/3528/3528
f 3526/3526/3526 3524/3524/3524 3525/3525/3525
f 3646/3646/3646 3583/3583/3583 3665/3665/3665
f 3530/3530/3530 3532/3532/3532 3565/3565/3565
f 3566/3566/3566 3528/3528/3528 3527/3527/3527
f 3578/3578/3578 3576/3576/3576 3577/3577/3577
f 3580/3580/3580 3576/3576/3576 3579/3579/3579
f 3582/3582/3582 3581/3581/3581 3570/3570/3570
f 3569/3569/3569 3568/3568/3568 3576/3576/3576
f 3585/3585/3585 3583/3583/3583 3584/3584/3584
f 3599/3599/3599 3627/3627/3627 3660/3660/3660
f 3583/3583/3583 3571/3571/3571 3586/3586/3586
f 3667/3667/3667 3657/3657/3657 3666/3666/3666
f 3668/3668/3668 3660/3660/3660 3627/3627/3627
f 3590/3590/3590 3671/3671/3671 3655/3655/3655
f 3572/3572/3572 3573/3573/3573 3535/3535/3535
f 3554/3554/3554 3556/3556/3556 3559/3559/3559
f 3588/3588/3588 3590/3590/3590 3655/3655/3655
f 3654/3654/3654 3576/3576/3576 3599/3599/3599
f 3618/3618/3618 3576/3576/3576 3653/3653/3653
f 3613/3613/3613 3641/3641/3641 3614/3614/3614
f 3583/3583/3583 3585/3585/3585 3610/3610/3610
f 3636/3636/3636 3652/3652/3652 3583/3583/3583
f 3571/3571/3571 3583/3583/3583 3652/3652/3652
f 3633/3633/3633 3608/3608/3608 3651/3651/3651
f 3608/3608/3608 3607/3607/3607 3651/3651/3651
f 3629/3629/3629 3632/3632/3632 3630/3630/3630
f 3581/3581/3581 3602/3602/3602 3629/3629/3629
f 3579/3579/3579 3576/3576/3576 3650/3650/3650
f 3600/3600/3600 3576/3576/3576 3649/3649/3649
f 3574/3574/3574 3575/3575/3575 3595/3595/3595
f 3631/3631/3631 3596/3596/3596 3648/3648/3648
f 3583/3583/3583 3646/3646/3646 3647/3647/3647
f 3593/3593/3593 3645/3645/3645 3646/3646/3646
f 3593/3593/3593 3625/3625/3625 3644/3644/3644
f 3623/3623/3623 3642/3642/3642 3643/3643/3643
f 3622/3622/3622 3588/3588/3588 3621/3621/3621
f 3620/3620/3620 3621/3621/3621 3588/3588/3588
f 3576/3576/3576 3619/3619/3619 3616/3616/3616
f 3641/3641/3641 3613/3613/3613 3609/3609/3609
f 3613/3613/3613 3615/3615/3615 3640/3640/3640
f 3583/3583/3583 3612/3612/3612 3611/3611/3611
f 3609/3609/3609 3585/3585/3585 3639/3639/3639
f 3638/3638/3638 3636/3636/3636 3637/3637/3637
f 3635/3635/3635 3633/3633/3633 3634/3634/3634
f 3596/3596/3596 3631/3631/3631 3626/3626/3626
f 3671/3671/3671 3590/3590/3590 3672/3672/3672
f 3609/3609/3609 3661/3661/3661 3641/3641/3641
f 3667/3667/3667 3658/3658/3658 3657/3657/3657
f 3623/3623/3623 3624/3624/3624 3642/3642/3642
f 3642/3642/3642 3670/3670/3670 3643/3643/3643
f 3658/3658/3658 3660/3660/3660 3669/3669/3669
f 3535/3535/3535 3537/3537/3537 3572/3572/3572
f 3664/3664/3664 3583/3583/3583 3610/3610/3610
f 3576/3576/3576 3663/3663/3663 3613/3613/3613
f 3607/3607/3607 3606/3606/3606 3605/3605/3605
f 3605/3605/3605 3558/3558/3558 3557/3557/3557
f 3632/3632/3632 3629/3629/3629 3602/3602/3602
f 3631/3631/3631 3629/3629/3629 3630/3630/3630
f 3603/3603/3603 3601/3601/3601 3581/3581/3581
f 3581/3581/3581 3582/3582/3582 3603/3603/3603
f 3576/3576/3576 3578/3578/3578 3628/3628/3628
f 3599/3599/3599 3600/3600/3600 3627/3627/3627
f 3564/3564/3564 3565/3565/3565 3575/3575/3575
f 3594/3594/3594 3596/3596/3596 3626/3626/3626
f 3593/3593/3593 3551/3551/3551 3625/3625/3625
f 3544/3544/3544 3546/3546/3546 3592/3592/3592
f 3624/3624/3624 3623/3623/3623 3591/3591/3591
f 3589/3589/3589 3588/3588/3588 3622/3622/3622
f 3621/3621/3621 3620/3620/3620 3599/3599/3599
f 3619/3619/3619 3576/3576/3576 3618/3618/3618
f 3617/3617/3617 3576/3576/3576 3616/3616/3616
f 3615/3615/3615 3613/3613/3613 3614/3614/3614
f 3583/3583/3583 3587/3587/3587 3612/3612/3612
f 3584/3584/3584 3583/3583/3583 3611/3611/3611
f 3585/3585/3585 3609/3609/3609 3610/3610/3610
f 3606/3606/3606 3607/3607/3607 3608/3608/3608
f 3558/3558/3558 3605/3605/3605 3606/3606/3606
f 3540/3540/3540 3542/3542/3542 3573/3573/3573
f 3601/3601/3601 3603/3603/3603 3604/3604/3604
f 3602/3602/3602 3581/3581/3581 3601/3601/3601
f 3568/3568/3568 3570/3570/3570 3581/3581/3581
f 3576/3576/3576 3580/3580/3580 3577/3577/3577
f 3600/3600/3600 3599/3599/3599 3576/3576/3576
f 3543/3543/3543 3541/3541/3541 3553/3553/3553
f 3567/3567/3567 3566/3566/3566 3598/3598/3598
f 3574/3574/3574 3595/3595/3595 3597/3597/3597
f 3596/3596/3596 3594/3594/3594 3595/3595/3595
f 3551/3551/3551 3593/3593/3593 3552/3552/3552
f 3561/3561/3561 3563/3563/3563 3550/3550/3550
f 3592/3592/3592 3591/3591/3591 3544/3544/3544
f 3590/3590/3590 3588/3588/3588 3589/3589/3589
f 3587/3587/3587 3583/3583/3583 3586/3586/3586
f 3670/3670/3670 3671/3671/3671 3672/3672/3672
f 848/848/848 844/844/844 847/847/847
f 845/845/845 841/841/841 846/846/846
f 845/845/845 844/844/844 841/841/841
f 842/842/842 840/840/840 843/843/843
f 842/842/842 841/841/841 840/840/840
f 837/837/837 839/839/839 840/840/840
f 839/839/839 837/837/837 838/838/838
f 844/844/844 848/848/848 849/849/849
f 851/851/851 849/849/849 850/850/850
f 849/849/849 851/851/851 852/852/852
f 841/841/841 842/842/842 846/846/846
f 844/844/844 845/845/845 847/847/847
f 849/849/849 848/848/848 850/850/850
f 852/852/852 851/851/851 853/853/853
f 840/840/840 839/839/839 843/843/843
f 864/864/864 863/863/863 861/861/861
f 862/862/862 861/861/861 859/859/859
f 860/860/860 859/859/859 857/857/857
f 858/858/858 857/857/857 854/854/854
f 854/854/854 880/880/880 881/881/881
f 866/866/866 865/865/865 863/863/863
f 868/868/868 867/867/867 865/865/865
f 870/870/870 869/869/869 867/867/867
f 854/854/854 856/856/856 858/858/858
f 857/857/857 858/858/858 860/860/860
f 859/859/859 860/860/860 862/862/862
f 861/861/861 862/862/862 864/864/864
f 863/863/863 864/864/864 866/866/866
f 865/865/865 866/866/866 868/868/868
f 867/867/867 868/868/868 870/870/870
f 869/869/869 870/870/870 871/871/871
f 869/869/869 872/872/872 874/874/874
f 873/873/873 874/874/874 886/886/886
f 873/873/873 867/867/867 869/869/869
f 875/875/875 865/865/865 867/867/867
f 876/876/876 863/863/863 865/865/865
f 877/877/877 861/861/861 863/863/863
f 878/878/878 859/859/859 861/861/861
f 879/879/879 857/857/857 859/859/859
f 880/880/880 854/854/854 857/857/857
f 881/881/881 855/855/855 854/854/854
f 882/882/882 884/884/884 855/855/855
f 855/855/855 885/885/885 856/856/856
f 885/885/885 855/855/855 884/884/884
f 884/884/884 882/882/882 883/883/883
f 855/855/855 881/881/881 882/882/882
f 872/872/872 869/869/869 871/871/871
f 857/857/857 879/879/879 880/880/880
f 859/859/859 878/878/878 879/879/879
f 861/861/861 877/877/877 878/878/878
f 863/863/863 876/876/876 877/877/877
f 865/865/865 875/875/875 876/876/876
f 867/867/867 873/873/873 875/875/875
f 874/874/874 873/873/873 869/869/869
f 856/856/856 854/854/854 855/855/855
f 783/783/783 782/782/782 784/784/784
f 786/786/786 785/785/785 789/789/789
f 787/787/787 788/788/788 795/795/795
f 792/792/792 791/791/791 798/798/798
f 793/793/793 794/794/794 797/797/797
f 782/782/782 780/780/780 781/781/781
f 780/780/780 782/782/782 783/783/783
f 785/785/785 783/783/783 784/784/784
f 797/797/797 794/794/794 796/796/796
f 794/794/794 787/787/787 795/795/795
f 794/794/794 793/793/793 787/787/787
f 780/780/780 792/792/792 781/781/781
f 790/790/790 792/792/792 780/780/780
f 792/792/792 790/790/790 791/791/791
f 788/788/788 786/786/786 789/789/789
f 788/788/788 787/787/787 786/786/786
f 783/783/783 785/785/785 786/786/786
f 778/778/778 777/777/777 775/775/775
f 766/766/766 764/764/764 765/765/765
f 764/764/764 766/766/766 767/767/767
f 769/769/769 768/768/768 767/767/767
f 778/778/778 776/776/776 777/777/777
f 775/775/775 773/773/773 774/774/774
f 774/774/774 773/773/773 772/772/772
f 767/767/767 766/766/766 769/769/769
f 768/768/768 769/769/769 770/770/770
f 772/772/772 768/768/768 771/771/771
f 776/776/776 778/778/778 779/779/779
f 773/773/773 775/775/775 777/777/777
f 768/768/768 772/772/772 773/773/773
f 768/768/768 770/770/770 771/771/771
f 746/746/746 748/748/748 749/749/749
f 749/749/749 748/748/748 760/760/760
f 752/752/752 750/750/750 751/751/751
f 750/750/750 752/752/752 746/746/746
f 751/751/751 750/750/750 753/753/753
f 748/748/748 746/746/746 747/747/747
f 755/755/755 750/750/750 754/754/754
f 755/755/755 754/754/754 756/756/756
f 758/758/758 754/754/754 757/757/757
f 757/757/757 754/754/754 759/759/759
f 761/761/761 749/749/749 760/760/760
f 749/749/749 761/761/761 762/762/762
f 749/749/749 762/762/762 763/763/763
f 754/754/754 758/758/758 756/756/756
f 750/750/750 755/755/755 753/753/753
f 746/746/746 752/752/752 747/747/747
f 204/204/204 106/106/106 206/206/206
f 205/205/205 106/106/106 204/204/204
f 202/202/202 184/184/184 193/193/193
f 203/203/203 184/184/184 202/202/202
f 166/166/166 200/200/200 188/188/188
f 191/191/191 196/196/196 166/166/166
f 184/184/184 199/199/199 198/198/198
f 146/146/146 296/296/296 302/302/302
f 194/194/194 193/193/193 201/201/201
f 200/200/200 166/166/166 196/196/196
f 184/184/184 185/185/185 199/199/199
f 197/197/197 184/184/184 198/198/198
f 206/206/206 106/106/106 207/207/207
f 190/190/190 192/192/192 195/195/195
f 118/118/118 189/189/189 186/186/186
f 197/197/197 193/193/193 184/184/184
f 193/193/193 195/195/195 192/192/192
f 196/196/196 191/191/191 190/190/190
f 166/166/166 189/189/189 118/118/118
f 146/146/146 148/148/148 293/293/293
f 145/145/145 150/150/150 149/149/149
f 97/97/97 145/145/145 149/149/149
f 95/95/95 97/97/97 278/278/278
f 98/98/98 108/108/108 111/111/111
f 118/118/118 187/187/187 185/185/185
f 195/195/195 193/193/193 194/194/194
f 192/192/192 190/190/190 191/191/191
f 189/189/189 166/166/166 188/188/188
f 187/187/187 118/118/118 186/186/186
f 185/185/185 184/184/184 118/118/118
f 166/166/166 172/172/172 183/183/183
f 162/162/162 178/178/178 176/176/176
f 183/183/183 180/180/180 166/166/166
f 169/169/169 182/182/182 179/179/179
f 167/167/167 175/175/175 173/173/173
f 180/180/180 182/182/182 169/169/169
f 162/162/162 170/170/170 177/177/177
f 162/162/162 174/174/174 167/167/167
f 166/166/166 168/168/168 171/171/171
f 182/182/182 180/180/180 181/181/181
f 170/170/170 169/169/169 179/179/179
f 178/178/178 162/162/162 177/177/177
f 174/174/174 162/162/162 176/176/176
f 175/175/175 167/167/167 174/174/174
f 168/168/168 167/167/167 173/173/173
f 172/172/172 166/166/166 171/171/171
f 209/209/209 101/101/101 208/208/208
f 208/208/208 101/101/101 98/98/98
f 211/211/211 210/210/210 209/209/209
f 214/214/214 212/212/212 213/213/213
f 212/212/212 214/214/214 215/215/215
f 218/218/218 216/216/216 217/217/217
f 217/217/217 216/216/216 219/219/219
f 222/222/222 220/220/220 221/221/221
f 220/220/220 222/222/222 223/223/223
f 221/221/221 224/224/224 225/225/225
f 224/224/224 221/221/221 220/220/220
f 225/225/225 224/224/224 226/226/226
f 226/226/226 224/224/224 227/227/227
f 228/228/228 224/224/224 216/216/216
f 224/224/224 228/228/228 227/227/227
f 118/118/118 252/252/252 251/251/251
f 254/254/254 131/131/131 253/253/253
f 131/131/131 254/254/254 255/255/255
f 256/256/256 131/131/131 167/167/167
f 230/230/230 101/101/101 229/229/229
f 229/229/229 101/101/101 231/231/231
f 231/231/231 101/101/101 232/232/232
f 233/233/233 103/103/103 101/101/101
f 101/101/101 230/230/230 234/234/234
f 236/236/236 103/103/103 235/235/235
f 170/170/170 162/162/162 169/169/169
f 103/103/103 233/233/233 235/235/235
f 141/141/141 142/142/142 143/143/143
f 142/142/142 141/141/141 95/95/95
f 138/138/138 137/137/137 140/140/140
f 139/139/139 137/137/137 138/138/138
f 122/122/122 126/126/126 132/132/132
f 119/119/119 136/136/136 129/129/129
f 131/131/131 124/124/124 134/134/134
f 136/136/136 119/119/119 131/131/131
f 125/125/125 121/121/121 127/127/127
f 122/122/122 133/133/133 123/123/123
f 135/135/135 131/131/131 134/134/134
f 258/258/258 167/167/167 257/257/257
f 253/253/253 131/131/131 259/259/259
f 167/167/167 258/258/258 256/256/256
f 259/259/259 131/131/131 260/260/260
f 131/131/131 256/256/256 261/261/261
f 131/131/131 261/261/261 260/260/260
f 263/263/263 122/122/122 262/262/262
f 262/262/262 122/122/122 264/264/264
f 265/265/265 122/122/122 131/131/131
f 267/267/267 122/122/122 266/266/266
f 122/122/122 265/265/265 264/264/264
f 266/266/266 122/122/122 268/268/268
f 122/122/122 263/263/263 269/269/269
f 122/122/122 269/269/269 268/268/268
f 272/272/272 270/270/270 271/271/271
f 272/272/272 271/271/271 273/273/273
f 275/275/275 274/274/274 270/270/270
f 275/275/275 270/270/270 276/276/276
f 274/274/274 275/275/275 277/277/277
f 280/280/280 278/278/278 279/279/279
f 219/219/219 278/278/278 281/281/281
f 278/278/278 280/280/280 282/282/282
f 278/278/278 282/282/282 281/281/281
f 279/279/279 278/278/278 283/283/283
f 285/285/285 278/278/278 284/284/284
f 278/278/278 285/285/285 283/283/283
f 284/284/284 278/278/278 286/286/286
f 289/289/289 287/287/287 288/288/288
f 288/288/288 290/290/290 291/291/291
f 290/290/290 288/288/288 287/287/287
f 292/292/292 290/290/290 154/154/154
f 290/290/290 292/292/292 291/291/291
f 287/287/287 289/289/289 293/293/293
f 295/295/295 154/154/154 294/294/294
f 296/296/296 146/146/146 293/293/293
f 154/154/154 295/295/295 292/292/292
f 293/293/293 289/289/289 296/296/296
f 297/297/297 270/270/270 274/274/274
f 119/119/119 130/130/130 120/120/120
f 125/125/125 128/128/128 126/126/126
f 133/133/133 122/122/122 132/132/132
f 122/122/122 124/124/124 131/131/131
f 130/130/130 119/119/119 129/129/129
f 119/119/119 121/121/121 125/125/125
f 128/128/128 125/125/125 127/127/127
f 126/126/126 122/122/122 125/125/125
f 124/124/124 122/122/122 123/123/123
f 121/121/121 119/119/119 120/120/120
f 118/118/118 116/116/116 117/117/117
f 103/103/103 110/110/110 109/109/109
f 106/106/106 115/115/115 114/114/114
f 101/101/101 113/113/113 112/112/112
f 106/106/106 111/111/111 115/115/115
f 107/107/107 106/106/106 114/114/114
f 101/101/101 109/109/109 113/113/113
f 270/270/270 297/297/297 298/298/298
f 297/297/297 274/274/274 299/299/299
f 102/102/102 101/101/101 112/112/112
f 111/111/111 106/106/106 98/98/98
f 299/299/299 274/274/274 300/300/300
f 270/270/270 298/298/298 301/301/301
f 300/300/300 146/146/146 302/302/302
f 146/146/146 300/300/300 274/274/274
f 270/270/270 301/301/301 303/303/303
f 304/304/304 271/271/271 270/270/270
f 271/271/271 304/304/304 151/151/151
f 306/306/306 103/103/103 305/305/305
f 307/307/307 103/103/103 117/117/117
f 309/309/309 116/116/116 308/308/308
f 103/103/103 306/306/306 106/106/106
f 103/103/103 307/307/307 310/310/310
f 312/312/312 117/117/117 311/311/311
f 116/116/116 309/309/309 117/117/117
f 103/103/103 310/310/310 305/305/305
f 117/117/117 309/309/309 311/311/311
f 117/117/117 312/312/312 307/307/307
f 315/315/315 313/313/313 314/314/314
f 318/318/318 316/316/316 317/317/317
f 238/238/238 103/103/103 237/237/237
f 239/239/239 237/237/237 103/103/103
f 237/237/237 239/239/239 240/240/240
f 103/103/103 238/238/238 117/117/117
f 243/243/243 241/241/241 242/242/242
f 241/241/241 117/117/117 244/244/244
f 117/117/117 241/241/241 118/118/118
f 245/245/245 167/167/167 166/166/166
f 245/245/245 166/166/166 246/246/246
f 248/248/248 166/166/166 247/247/247
f 166/166/166 248/248/248 246/246/246
f 247/247/247 166/166/166 249/249/249
f 249/249/249 166/166/166 250/250/250
f 250/250/250 118/118/118 251/251/251
f 118/118/118 250/250/250 166/166/166
f 252/252/252 118/118/118 243/243/243
f 216/216/216 218/218/218 228/228/228
f 212/212/212 215/215/215 346/346/346
f 210/210/210 211/211/211 213/213/213
f 317/317/317 207/207/207 319/319/319
f 308/308/308 313/313/313 320/320/320
f 315/315/315 314/314/314 318/318/318
f 207/207/207 317/317/317 316/316/316
f 321/321/321 207/207/207 106/106/106
f 313/313/313 315/315/315 320/320/320
f 207/207/207 321/321/321 319/319/319
f 316/316/316 318/318/318 314/314/314
f 323/323/323 101/101/101 322/322/322
f 326/326/326 324/324/324 325/325/325
f 232/232/232 325/325/325 324/324/324
f 101/101/101 323/323/323 232/232/232
f 325/325/325 232/232/232 327/327/327
f 322/322/322 101/101/101 328/328/328
f 232/232/232 323/323/323 327/327/327
f 329/329/329 101/101/101 210/210/210
f 168/168/168 166/166/166 167/167/167
f 163/163/163 162/162/162 165/165/165
f 164/164/164 162/162/162 163/163/163
f 119/119/119 159/159/159 161/161/161
f 159/159/159 125/125/125 160/160/160
f 125/125/125 159/159/159 119/119/119
f 156/156/156 157/157/157 158/158/158
f 157/157/157 156/156/156 122/122/122
f 151/151/151 155/155/155 152/152/152
f 155/155/155 151/151/151 154/154/154
f 153/153/153 151/151/151 152/152/152
f 146/146/146 150/150/150 147/147/147
f 150/150/150 146/146/146 149/149/149
f 148/148/148 146/146/146 147/147/147
f 97/97/97 144/144/144 145/145/145
f 101/101/101 234/234/234 233/233/233
f 101/101/101 329/329/329 328/328/328
f 331/331/331 212/212/212 330/330/330
f 212/212/212 331/331/331 213/213/213
f 333/333/333 212/212/212 332/332/332
f 335/335/335 213/213/213 334/334/334
f 212/212/212 333/333/333 330/330/330
f 332/332/332 220/220/220 326/326/326
f 334/334/334 213/213/213 336/336/336
f 220/220/220 332/332/332 212/212/212
f 213/213/213 331/331/331 336/336/336
f 213/213/213 335/335/335 210/210/210
f 337/337/337 224/224/224 220/220/220
f 339/339/339 224/224/224 338/338/338
f 224/224/224 337/337/337 340/340/340
f 342/342/342 220/220/220 341/341/341
f 224/224/224 339/339/339 137/137/137
f 220/220/220 342/342/342 337/337/337
f 343/343/343 220/220/220 212/212/212
f 224/224/224 340/340/340 338/338/338
f 343/343/343 212/212/212 344/344/344
f 220/220/220 343/343/343 341/341/341
f 347/347/347 345/345/345 346/346/346
f 350/350/350 348/348/348 349/349/349
f 352/352/352 348/348/348 351/351/351
f 351/351/351 353/353/353 352/352/352
f 348/348/348 350/350/350 347/347/347
f 353/353/353 351/351/351 140/140/140
f 348/348/348 352/352/352 349/349/349
f 354/354/354 140/140/140 137/137/137
f 344/344/344 346/346/346 345/345/345
f 140/140/140 354/354/354 353/353/353
f 345/345/345 347/347/347 350/350/350
f 356/356/356 278/278/278 355/355/355
f 358/358/358 216/216/216 357/357/357
f 355/355/355 278/278/278 359/359/359
f 216/216/216 358/358/358 278/278/278
f 360/360/360 216/216/216 224/224/224
f 278/278/278 358/358/358 359/359/359
f 216/216/216 360/360/360 361/361/361
f 216/216/216 361/361/361 357/357/357
f 362/362/362 137/137/137 142/142/142
f 363/363/363 142/142/142 95/95/95
f 362/362/362 142/142/142 364/364/364
f 142/142/142 363/363/363 365/365/365
f 142/142/142 365/365/365 364/364/364
f 367/367/367 137/137/137 366/366/366
f 363/363/363 95/95/95 356/356/356
f 368/368/368 224/224/224 137/137/137
f 137/137/137 362/362/362 366/366/366
f 137/137/137 367/367/367 368/368/368
f 286/286/286 369/369/369 370/370/370
f 372/372/372 286/286/286 371/371/371
f 371/371/371 278/278/278 373/373/373
f 374/374/374 370/370/370 369/369/369
f 278/278/278 371/371/371 286/286/286
f 375/375/375 278/278/278 97/97/97
f 369/369/369 286/286/286 372/372/372
f 278/278/278 375/375/375 376/376/376
f 278/278/278 376/376/376 373/373/373
f 378/378/378 149/149/149 377/377/377
f 377/377/377 149/149/149 379/379/379
f 381/381/381 146/146/146 380/380/380
f 382/382/382 274/274/274 374/374/374
f 149/149/149 378/378/378 97/97/97
f 380/380/380 146/146/146 383/383/383
f 274/274/274 382/382/382 146/146/146
f 379/379/379 149/149/149 381/381/381
f 146/146/146 382/382/382 383/383/383
f 146/146/146 381/381/381 149/149/149
f 386/386/386 384/384/384 385/385/385
f 384/384/384 386/386/386 273/273/273
f 387/387/387 273/273/273 271/271/271
f 389/389/389 122/122/122 388/388/388
f 390/390/390 122/122/122 386/386/386
f 273/273/273 387/387/387 384/384/384
f 388/388/388 122/122/122 391/391/391
f 386/386/386 385/385/385 390/390/390
f 122/122/122 390/390/390 391/391/391
f 393/393/393 392/392/392 157/157/157
f 394/394/394 151/151/151 392/392/392
f 392/392/392 393/393/393 395/395/395
f 396/396/396 271/271/271 151/151/151
f 398/398/398 151/151/151 397/397/397
f 394/394/394 392/392/392 399/399/399
f 393/393/393 157/157/157 389/389/389
f 151/151/151 398/398/398 396/396/396
f 392/392/392 395/395/395 399/399/399
f 151/151/151 394/394/394 397/397/397
f 401/401/401 131/131/131 400/400/400
f 402/402/402 167/167/167 401/401/401
f 400/400/400 131/131/131 403/403/403
f 404/404/404 131/131/131 119/119/119
f 406/406/406 167/167/167 405/405/405
f 131/131/131 401/401/401 167/167/167
f 404/404/404 119/119/119 407/407/407
f 167/167/167 406/406/406 162/162/162
f 131/131/131 404/404/404 403/403/403
f 167/167/167 402/402/402 405/405/405
f 410/410/410 408/408/408 409/409/409
f 413/413/413 411/411/411 412/412/412
f 415/415/415 411/411/411 414/414/414
f 414/414/414 416/416/416 415/415/415
f 411/411/411 413/413/413 410/410/410
f 103/103/103 105/105/105 110/110/110
f 109/109/109 101/101/101 103/103/103
f 98/98/98 100/100/100 108/108/108
f 106/106/106 104/104/104 103/103/103
f 101/101/101 99/99/99 98/98/98
f 104/104/104 106/106/106 107/107/107
f 105/105/105 103/103/103 104/104/104
f 99/99/99 101/101/101 102/102/102
f 100/100/100 98/98/98 99/99/99
f 97/97/97 95/95/95 96/96/96
f 116/116/116 118/118/118 184/184/184
f 131/131/131 135/135/135 136/136/136
f 137/137/137 139/139/139 142/142/142
f 139/139/139 143/143/143 142/142/142
f 95/95/95 141/141/141 96/96/96
f 101/101/101 209/209/209 210/210/210
f 205/205/205 208/208/208 98/98/98
f 106/106/106 205/205/205 98/98/98
f 184/184/184 313/313/313 116/116/116
f 184/184/184 203/203/203 313/313/313
f 193/193/193 197/197/197 201/201/201
f 180/180/180 191/191/191 166/166/166
f 180/180/180 183/183/183 181/181/181
f 162/162/162 164/164/164 169/169/169
f 119/119/119 161/161/161 409/409/409
f 156/156/156 160/160/160 125/125/125
f 122/122/122 156/156/156 125/125/125
f 392/392/392 158/158/158 157/157/157
f 151/151/151 153/153/153 392/392/392
f 294/294/294 154/154/154 151/151/151
f 144/144/144 97/97/97 96/96/96
f 416/416/416 414/414/414 165/165/165
f 407/407/407 409/409/409 408/408/408
f 411/411/411 415/415/415 412/412/412
f 408/408/408 410/410/410 413/413/413
f 417/417/417 165/165/165 162/162/162
f 165/165/165 417/417/417 416/416/416
f 409/409/409 407/407/407 119/119/119
f 162/162/162 406/406/406 417/417/417
f 271/271/271 396/396/396 387/387/387
f 122/122/122 389/389/389 157/157/157
f 97/97/97 378/378/378 375/375/375
f 370/370/370 374/374/374 274/274/274
f 224/224/224 368/368/368 360/360/360
f 278/278/278 356/356/356 95/95/95
f 346/346/346 344/344/344 212/212/212
f 137/137/137 339/339/339 354/354/354
f 210/210/210 335/335/335 329/329/329
f 324/324/324 326/326/326 220/220/220
f 313/313/313 308/308/308 116/116/116
f 106/106/106 306/306/306 321/321/321
f 151/151/151 304/304/304 294/294/294
f 270/270/270 303/303/303 304/304/304
f 220/220/220 223/223/223 324/324/324
f 304/304/304 295/295/295 294/294/294
f 278/278/278 219/219/219 216/216/216
f 274/274/274 277/277/277 370/370/370
f 270/270/270 272/272/272 276/276/276
f 122/122/122 267/267/267 386/386/386
f 131/131/131 255/255/255 265/265/265
f 167/167/167 245/245/245 257/257/257
f 241/241/241 243/243/243 118/118/118
f 117/117/117 238/238/238 244/244/244
f 103/103/103 236/236/236 239/239/239
f 141/141/141 144/144/144 96/96/96
f 1203/1203/1203 1204/1204/1204 1205/1205/1205
f 1167/1167/1167 1168/1168/1168 1169/1169/1169
f 1169/1169/1169 1170/1170/1170 1171/1171/1171
f 1171/1171/1171 1172/1172/1172 1173/1173/1173
f 1173/1173/1173 1174/1174/1174 1175/1175/1175
f 1175/1175/1175 1176/1176/1176 1177/1177/1177
f 1177/1177/1177 1178/1178/1178 1179/1179/1179
f 1179/1179/1179 1180/1180/1180 1181/1181/1181
f 1181/1181/1181 1182/1182/1182 1183/1183/1183
f 1183/1183/1183 1184/1184/1184 1185/1185/1185
f 1185/1185/1185 1186/1186/1186 1187/1187/1187
f 1187/1187/1187 1188/1188/1188 1189/1189/1189
f 1189/1189/1189 1190/1190/1190 1191/1191/1191
f 1191/1191/1191 1192/1192/1192 1193/1193/1193
f 1193/1193/1193 1194/1194/1194 1195/1195/1195
f 1166/1166/1166 1164/1164/1164 1165/1165/1165
f 1168/1168/1168 1167/1167/1167 1166/1166/1166
f 1170/1170/1170 1169/1169/1169 1168/1168/1168
f 1172/1172/1172 1171/1171/1171 1170/1170/1170
f 1174/1174/1174 1173/1173/1173 1172/1172/1172
f 1176/1176/1176 1175/1175/1175 1174/1174/1174
f 1178/1178/1178 1177/1177/1177 1176/1176/1176
f 1180/1180/1180 1179/1179/1179 1178/1178/1178
f 1182/1182/1182 1181/1181/1181 1180/1180/1180
f 1184/1184/1184 1183/1183/1183 1182/1182/1182
f 1186/1186/1186 1185/1185/1185 1184/1184/1184
f 1188/1188/1188 1187/1187/1187 1186/1186/1186
f 1190/1190/1190 1189/1189/1189 1188/1188/1188
f 1192/1192/1192 1191/1191/1191 1190/1190/1190
f 1194/1194/1194 1193/1193/1193 1192/1192/1192
f 1196/1196/1196 1195/1195/1195 1194/1194/1194
f 1198/1198/1198 1197/1197/1197 1196/1196/1196
f 1200/1200/1200 1199/1199/1199 1198/1198/1198
f 1202/1202/1202 1201/1201/1201 1200/1200/1200
f 1204/1204/1204 1203/1203/1203 1202/1202/1202
f 1206/1206/1206 1205/1205/1205 1204/1204/1204
f 1208/1208/1208 1207/1207/1207 1206/1206/1206
f 1210/1210/1210 1209/1209/1209 1208/1208/1208
f 1212/1212/1212 1211/1211/1211 1210/1210/1210
f 1214/1214/1214 1213/1213/1213 1212/1212/1212
f 1216/1216/1216 1215/1215/1215 1214/1214/1214
f 1218/1218/1218 1217/1217/1217 1216/1216/1216
f 1217/1217/1217 1218/1218/1218 1219/1219/1219
f 1215/1215/1215 1216/1216/1216 1217/1217/1217
f 1213/1213/1213 1214/1214/1214 1215/1215/1215
f 1211/1211/1211 1212/1212/1212 1213/1213/1213
f 1209/1209/1209 1210/1210/1210 1211/1211/1211
f 1207/1207/1207 1208/1208/1208 1209/1209/1209
f 1205/1205/1205 1206/1206/1206 1207/1207/1207
f 1195/1195/1195 1196/1196/1196 1197/1197/1197
f 1201/1201/1201 1202/1202/1202 1203/1203/1203
f 1199/1199/1199 1200/1200/1200 1201/1201/1201
f 1197/1197/1197 1198/1198/1198 1199/1199/1199
f 1164/1164/1164 1166/1166/1166 1167/1167/1167
f 3001/3001/3001 2999/2999/2999 3000/3000/3000
f 3004/3004/3004 3002/3002/3002 3003/3003/3003
f 3006/3006/3006 3005/3005/3005 3001/3001/3001
f 2999/2999/2999 3001/3001/3001 3005/3005/3005
f 3008/3008/3008 3000/3000/3000 3007/3007/3007
f 3011/3011/3011 3009/3009/3009 3010/3010/3010
f 3014/3014/3014 3012/3012/3012 3013/3013/3013
f 3002/3002/3002 3004/3004/3004 3015/3015/3015
f 3003/3003/3003 3016/3016/3016 3017/3017/3017
f 3020/3020/3020 3018/3018/3018 3019/3019/3019
f 3022/3022/3022 3019/3019/3019 3021/3021/3021
f 3021/3021/3021 3006/3006/3006 3022/3022/3022
f 3000/3000/3000 2999/2999/2999 3007/3007/3007
f 3009/3009/3009 3011/3011/3011 3008/3008/3008
f 3012/3012/3012 3010/3010/3010 3009/3009/3009
f 3024/3024/3024 3013/3013/3013 3023/3023/3023
f 3026/3026/3026 3023/3023/3023 3025/3025/3025
f 3016/3016/3016 3003/3003/3003 3002/3002/3002
f 3002/3002/3002 3027/3027/3027 3028/3028/3028
f 3031/3031/3031 3029/3029/3029 3030/3030/3030
f 3019/3019/3019 3022/3022/3022 3020/3020/3020
f 3005/3005/3005 3006/3006/3006 3032/3032/3032
f 3012/3012/3012 3014/3014/3014 3010/3010/3010
f 3023/3023/3023 3026/3026/3026 3024/3024/3024
f 3035/3035/3035 3033/3033/3033 3034/3034/3034
f 3037/3037/3037 3033/3033/3033 3036/3036/3036
f 3027/3027/3027 3002/3002/3002 3038/3038/3038
f 3028/3028/3028 3039/3039/3039 3031/3031/3031
f 3029/3029/3029 3031/3031/3031 3039/3039/3039
f 3041/3041/3041 3040/3040/3040 3018/3018/3018
f 3006/3006/3006 3021/3021/3021 3032/3032/3032
f 3013/3013/3013 3024/3024/3024 3014/3014/3014
f 3043/3043/3043 3025/3025/3025 3042/3042/3042
f 3033/3033/3033 3037/3037/3037 3034/3034/3034
f 3036/3036/3036 3044/3044/3044 3045/3045/3045
f 3048/3048/3048 3046/3046/3046 3047/3047/3047
f 3051/3051/3051 3049/3049/3049 3050/3050/3050
f 3016/3016/3016 3002/3002/3002 3052/3052/3052
f 3030/3030/3030 3029/3029/3029 3040/3040/3040
f 3018/3018/3018 3020/3020/3020 3041/3041/3041
f 3025/3025/3025 3043/3043/3043 3026/3026/3026
f 3054/3054/3054 3042/3042/3042 3053/3053/3053
f 3054/3054/3054 3055/3055/3055 3056/3056/3056
f 3056/3056/3056 3057/3057/3057 3058/3058/3058
f 3058/3058/3058 3059/3059/3059 3060/3060/3060
f 3044/3044/3044 3036/3036/3036 3033/3033/3033
f 3033/3033/3033 3061/3061/3061 3062/3062/3062
f 3064/3064/3064 3063/3063/3063 3048/3048/3048
f 3046/3046/3046 3048/3048/3048 3063/3063/3063
f 3066/3066/3066 3047/3047/3047 3065/3065/3065
f 3068/3068/3068 3047/3047/3047 3067/3067/3067
f 3049/3049/3049 3051/3051/3051 3069/3069/3069
f 3039/3039/3039 3028/3028/3028 3027/3027/3027
f 3000/3000/3000 3008/3008/3008 3011/3011/3011
f 3055/3055/3055 3054/3054/3054 3053/3053/3053
f 3059/3059/3059 3058/3058/3058 3057/3057/3057
f 3052/3052/3052 3070/3070/3070 3066/3066/3066
f 3072/3072/3072 3052/3052/3052 3071/3071/3071
f 3061/3061/3061 3033/3033/3033 3073/3073/3073
f 3062/3062/3062 3074/3074/3074 3064/3064/3064
f 3047/3047/3047 3046/3046/3046 3067/3067/3067
f 3047/3047/3047 3068/3068/3068 3065/3065/3065
f 3077/3077/3077 3075/3075/3075 3076/3076/3076
f 3076/3076/3076 3069/3069/3069 3051/3051/3051
f 3079/3079/3079 3078/3078/3078 3050/3050/3050
f 3050/3050/3050 3049/3049/3049 3080/3080/3080
f 3040/3040/3040 3041/3041/3041 3030/3030/3030
f 3057/3057/3057 3056/3056/3056 3055/3055/3055
f 3052/3052/3052 3072/3072/3072 3081/3081/3081
f 3074/3074/3074 3062/3062/3062 3061/3061/3061
f 3047/3047/3047 3066/3066/3066 3070/3070/3070
f 3044/3044/3044 3082/3082/3082 3078/3078/3078
f 3084/3084/3084 3044/3044/3044 3083/3083/3083
f 3087/3087/3087 3085/3085/3085 3086/3086/3086
f 3089/3089/3089 3086/3086/3086 3088/3088/3088
f 3091/3091/3091 3088/3088/3088 3090/3090/3090
f 3091/3091/3091 3092/3092/3092 3093/3093/3093
f 3069/3069/3069 3076/3076/3076 3075/3075/3075
f 3050/3050/3050 3080/3080/3080 3079/3079/3079
f 3042/3042/3042 3054/3054/3054 3043/3043/3043
f 3060/3060/3060 3094/3094/3094 3095/3095/3095
f 3063/3063/3063 3064/3064/3064 3074/3074/3074
f 3096/3096/3096 3078/3078/3078 3082/3082/3082
f 3044/3044/3044 3084/3084/3084 3097/3097/3097
f 3086/3086/3086 3089/3089/3089 3087/3087/3087
f 3092/3092/3092 3091/3091/3091 3090/3090/3090
f 3093/3093/3093 3098/3098/3098 3077/3077/3077
f 3078/3078/3078 3079/3079/3079 3099/3099/3099
f 3094/3094/3094 3060/3060/3060 3059/3059/3059
f 3033/3033/3033 3035/3035/3035 3073/3073/3073
f 3082/3082/3082 3044/3044/3044 3097/3097/3097
f 3101/3101/3101 3100/3100/3100 3085/3085/3085
f 3088/3088/3088 3091/3091/3091 3089/3089/3089
f 3075/3075/3075 3077/3077/3077 3098/3098/3098
f 3070/3070/3070 3052/3052/3052 3081/3081/3081
f 3083/3083/3083 3044/3044/3044 3033/3033/3033
f 3100/3100/3100 3095/3095/3095 3094/3094/3094
f 3098/3098/3098 3093/3093/3093 3092/3092/3092
f 3078/3078/3078 3096/3096/3096 3050/3050/3050
f 3085/3085/3085 3087/3087/3087 3101/3101/3101
f 3100/3100/3100 3101/3101/3101 3095/3095/3095
f 3002/3002/3002 3015/3015/3015 3038/3038/3038
f 3071/3071/3071 3052/3052/3052 3002/3002/3002
f 3157/3157/3157 3160/3160/3160 3158/3158/3158
f 3159/3159/3159 3162/3162/3162 3160/3160/3160
f 3161/3161/3161 3164/3164/3164 3162/3162/3162
f 3163/3163/3163 3166/3166/3166 3164/3164/3164
f 3155/3155/3155 3158/3158/3158 3156/3156/3156
f 3167/3167/3167 3170/3170/3170 3168/3168/3168
f 3150/3150/3150 3148/3148/3148 3149/3149/3149
f 3169/3169/3169 3172/3172/3172 3170/3170/3170
f 3171/3171/3171 3174/3174/3174 3172/3172/3172
f 3173/3173/3173 3176/3176/3176 3174/3174/3174
f 3175/3175/3175 3178/3178/3178 3176/3176/3176
f 3177/3177/3177 3180/3180/3180 3178/3178/3178
f 3179/3179/3179 3182/3182/3182 3180/3180/3180
f 3181/3181/3181 3184/3184/3184 3182/3182/3182
f 3183/3183/3183 3186/3186/3186 3184/3184/3184
f 3185/3185/3185 3188/3188/3188 3186/3186/3186
f 3187/3187/3187 3190/3190/3190 3188/3188/3188
f 3189/3189/3189 3192/3192/3192 3190/3190/3190
f 3192/3192/3192 3189/3189/3189 3191/3191/3191
f 3190/3190/3190 3187/3187/3187 3189/3189/3189
f 3152/3152/3152 3149/3149/3149 3151/3151/3151
f 3154/3154/3154 3151/3151/3151 3153/3153/3153
f 3156/3156/3156 3153/3153/3153 3155/3155/3155
f 3158/3158/3158 3155/3155/3155 3157/3157/3157
f 3160/3160/3160 3157/3157/3157 3159/3159/3159
f 3162/3162/3162 3159/3159/3159 3161/3161/3161
f 3164/3164/3164 3161/3161/3161 3163/3163/3163
f 3166/3166/3166 3163/3163/3163 3165/3165/3165
f 3168/3168/3168 3165/3165/3165 3167/3167/3167
f 3170/3170/3170 3167/3167/3167 3169/3169/3169
f 3172/3172/3172 3169/3169/3169 3171/3171/3171
f 3165/3165/3165 3168/3168/3168 3166/3166/3166
f 3174/3174/3174 3171/3171/3171 3173/3173/3173
f 3148/3148/3148 3150/3150/3150 3193/3193/3193
f 3176/3176/3176 3173/3173/3173 3175/3175/3175
f 3178/3178/3178 3175/3175/3175 3177/3177/3177
f 3153/3153/3153 3156/3156/3156 3154/3154/3154
f 3151/3151/3151 3154/3154/3154 3152/3152/3152
f 3149/3149/3149 3152/3152/3152 3150/3150/3150
f 3188/3188/3188 3185/3185/3185 3187/3187/3187
f 3186/3186/3186 3183/3183/3183 3185/3185/3185
f 3184/3184/3184 3181/3181/3181 3183/3183/3183
f 3182/3182/3182 3179/3179/3179 3181/3181/3181
f 3180/3180/3180 3177/3177/3177 3179/3179/3179
f 3194/3194/3194 3196/3196/3196 3214/3214/3214
f 3195/3195/3195 3197/3197/3197 3215/3215/3215
f 3198/3198/3198 3202/3202/3202 3199/3199/3199
f 3203/3203/3203 3198/3198/3198 3216/3216/3216
f 3198/3198/3198 3208/3208/3208 3205/3205/3205
f 3207/3207/3207 3209/3209/3209 3217/3217/3217
f 3220/3220/3220 3218/3218/3218 3219/3219/3219
f 3222/3222/3222 3218/3218/3218 3221/3221/3221
f 3224/3224/3224 3218/3218/3218 3223/3223/3223
f 3226/3226/3226 3194/3194/3194 3225/3225/3225
f 3213/3213/3213 3194/3194/3194 3212/3212/3212
f 3211/3211/3211 3194/3194/3194 3210/3210/3210
f 3209/3209/3209 3207/3207/3207 3198/3198/3198
f 3208/3208/3208 3198/3198/3198 3207/3207/3207
f 3206/3206/3206 3198/3198/3198 3205/3205/3205
f 3204/3204/3204 3198/3198/3198 3203/3203/3203
f 3200/3200/3200 3198/3198/3198 3199/3199/3199
f 3197/3197/3197 3195/3195/3195 3194/3194/3194
f 3196/3196/3196 3194/3194/3194 3195/3195/3195
f 3198/3198/3198 3200/3200/3200 3218/3218/3218
f 3228/3228/3228 3194/3194/3194 3227/3227/3227
f 3194/3194/3194 3213/3213/3213 3210/3210/3210
f 3195/3195/3195 3215/3215/3215 3229/3229/3229
f 3231/3231/3231 3223/3223/3223 3230/3230/3230
f 3233/3233/3233 3223/3223/3223 3232/3232/3232
f 3234/3234/3234 3223/3223/3223 3218/3218/3218
f 3198/3198/3198 3204/3204/3204 3201/3201/3201
f 3207/3207/3207 3217/3217/3217 3235/3235/3235
f 3218/3218/3218 3220/3220/3220 3236/3236/3236
f 3218/3218/3218 3224/3224/3224 3221/3221/3221
f 3194/3194/3194 3228/3228/3228 3225/3225/3225
f 3194/3194/3194 3214/3214/3214 3212/3212/3212
f 3223/3223/3223 3231/3231/3231 3237/3237/3237
f 3223/3223/3223 3234/3234/3234 3232/3232/3232
f 3198/3198/3198 3206/3206/3206 3216/3216/3216
f 3218/3218/3218 3222/3222/3222 3219/3219/3219
f 3194/3194/3194 3211/3211/3211 3227/3227/3227
f 3223/3223/3223 3233/3233/3233 3230/3230/3230
f 3218/3218/3218 3236/3236/3236 3198/3198/3198
f 3223/3223/3223 3237/3237/3237 3194/3194/3194
f 3194/3194/3194 3226/3226/3226 3223/3223/3223
f 3202/3202/3202 3198/3198/3198 3201/3201/3201
f 1351/1351/1351 1353/1353/1353 1354/1354/1354
f 1354/1354/1354 1355/1355/1355 1356/1356/1356
f 1356/1356/1356 1357/1357/1357 1358/1358/1358
f 1358/1358/1358 1359/1359/1359 1360/1360/1360
f 1360/1360/1360 1361/1361/1361 1362/1362/1362
f 1352/1352/1352 1350/1350/1350 1351/1351/1351
f 1327/1327/1327 1329/1329/1329 1324/1324/1324
f 1329/1329/1329 1327/1327/1327 1328/1328/1328
f 1325/1325/1325 1324/1324/1324 1326/1326/1326
f 1325/1325/1325 1321/1321/1321 1324/1324/1324
f 1317/1317/1317 1319/1319/1319 1336/1336/1336
f 1318/1318/1318 1322/1322/1322 1320/1320/1320
f 1321/1321/1321 1325/1325/1325 1323/1323/1323
f 1324/1324/1324 1329/1329/1329 1326/1326/1326
f 1327/1327/1327 1332/1332/1332 1328/1328/1328
f 1330/1330/1330 1335/1335/1335 1331/1331/1331
f 1322/1322/1322 1321/1321/1321 1323/1323/1323
f 1322/1322/1322 1318/1318/1318 1321/1321/1321
f 1319/1319/1319 1318/1318/1318 1320/1320/1320
f 1319/1319/1319 1317/1317/1317 1318/1318/1318
f 1330/1330/1330 1332/1332/1332 1327/1327/1327
f 1335/1335/1335 1333/1333/1333 1334/1334/1334
f 1333/1333/1333 1335/1335/1335 1330/1330/1330
f 1332/1332/1332 1330/1330/1330 1331/1331/1331
f 1277/1277/1277 1281/1281/1281 1278/1278/1278
f 1276/1276/1276 1278/1278/1278 1296/1296/1296
f 1279/1279/1279 1284/1284/1284 1280/1280/1280
f 1285/1285/1285 1289/1289/1289 1287/1287/1287
f 1288/1288/1288 1292/1292/1292 1290/1290/1290
f 1291/1291/1291 1295/1295/1295 1293/1293/1293
f 1295/1295/1295 1291/1291/1291 1294/1294/1294
f 1292/1292/1292 1291/1291/1291 1293/1293/1293
f 1292/1292/1292 1288/1288/1288 1291/1291/1291
f 1289/1289/1289 1288/1288/1288 1290/1290/1290
f 1289/1289/1289 1285/1285/1285 1288/1288/1288
f 1286/1286/1286 1285/1285/1285 1287/1287/1287
f 1286/1286/1286 1282/1282/1282 1285/1285/1285
f 1282/1282/1282 1284/1284/1284 1279/1279/1279
f 1284/1284/1284 1282/1282/1282 1283/1283/1283
f 1279/1279/1279 1281/1281/1281 1277/1277/1277
f 1281/1281/1281 1279/1279/1279 1280/1280/1280
f 1278/1278/1278 1276/1276/1276 1277/1277/1277
f 1282/1282/1282 1286/1286/1286 1283/1283/1283
f 1439/1439/1439 1437/1437/1437 1438/1438/1438
f 1441/1441/1441 1442/1442/1442 1443/1443/1443
f 1443/1443/1443 1444/1444/1444 1445/1445/1445
f 1445/1445/1445 1446/1446/1446 1447/1447/1447
f 1447/1447/1447 1448/1448/1448 1449/1449/1449
f 1438/1438/1438 1440/1440/1440 1441/1441/1441
f 1414/1414/1414 1419/1419/1419 1415/1415/1415
f 1411/1411/1411 1416/1416/1416 1413/1413/1413
f 1408/1408/1408 1412/1412/1412 1410/1410/1410
f 1405/1405/1405 1409/1409/1409 1407/1407/1407
f 1404/1404/1404 1406/1406/1406 1423/1423/1423
f 1417/1417/1417 1422/1422/1422 1418/1418/1418
f 1420/1420/1420 1422/1422/1422 1417/1417/1417
f 1422/1422/1422 1420/1420/1420 1421/1421/1421
f 1417/1417/1417 1419/1419/1419 1414/1414/1414
f 1419/1419/1419 1417/1417/1417 1418/1418/1418
f 1414/1414/1414 1416/1416/1416 1411/1411/1411
f 1416/1416/1416 1414/1414/1414 1415/1415/1415
f 1412/1412/1412 1411/1411/1411 1413/1413/1413
f 1412/1412/1412 1408/1408/1408 1411/1411/1411
f 1409/1409/1409 1408/1408/1408 1410/1410/1410
f 1409/1409/1409 1405/1405/1405 1408/1408/1408
f 1406/1406/1406 1405/1405/1405 1407/1407/1407
f 1406/1406/1406 1404/1404/1404 1405/1405/1405
f 1378/1378/1378 1382/1382/1382 1380/1380/1380
f 1382/1382/1382 1378/1378/1378 1381/1381/1381
f 1379/1379/1379 1378/1378/1378 1380/1380/1380
f 1379/1379/1379 1375/1375/1375 1378/1378/1378
f 1375/1375/1375 1379/1379/1379 1377/1377/1377
f 1376/1376/1376 1372/1372/1372 1375/1375/1375
f 1365/1365/1365 1363/1363/1363 1364/1364/1364
f 1368/1368/1368 1366/1366/1366 1367/1367/1367
f 1372/1372/1372 1376/1376/1376 1373/1373/1373
f 1369/1369/1369 1374/1374/1374 1370/1370/1370
f 1366/1366/1366 1371/1371/1371 1367/1367/1367
f 1364/1364/1364 1368/1368/1368 1365/1365/1365
f 1371/1371/1371 1369/1369/1369 1370/1370/1370
f 1363/1363/1363 1365/1365/1365 1383/1383/1383
f 1366/1366/1366 1368/1368/1368 1364/1364/1364
f 1376/1376/1376 1375/1375/1375 1377/1377/1377
f 1369/1369/1369 1371/1371/1371 1366/1366/1366
f 1374/1374/1374 1372/1372/1372 1373/1373/1373
f 1372/1372/1372 1374/1374/1374 1369/1369/1369
f 1532/1532/1532 1533/1533/1533 1534/1534/1534
f 1534/1534/1534 1535/1535/1535 1536/1536/1536
f 1528/1528/1528 1529/1529/1529 1530/1530/1530
f 1525/1525/1525 1527/1527/1527 1528/1528/1528
f 1526/1526/1526 1524/1524/1524 1525/1525/1525
f 1530/1530/1530 1531/1531/1531 1532/1532/1532
f 1495/1495/1495 1499/1499/1499 1497/1497/1497
f 1492/1492/1492 1496/1496/1496 1494/1494/1494
f 1491/1491/1491 1493/1493/1493 1510/1510/1510
f 1501/1501/1501 1503/1503/1503 1498/1498/1498
f 1498/1498/1498 1503/1503/1503 1500/1500/1500
f 1501/1501/1501 1506/1506/1506 1502/1502/1502
f 1504/1504/1504 1509/1509/1509 1505/1505/1505
f 1507/1507/1507 1509/1509/1509 1504/1504/1504
f 1509/1509/1509 1507/1507/1507 1508/1508/1508
f 1504/1504/1504 1506/1506/1506 1501/1501/1501
f 1506/1506/1506 1504/1504/1504 1505/1505/1505
f 1503/1503/1503 1501/1501/1501 1502/1502/1502
f 1499/1499/1499 1498/1498/1498 1500/1500/1500
f 1496/1496/1496 1495/1495/1495 1497/1497/1497
f 1496/1496/1496 1492/1492/1492 1495/1495/1495
f 1493/1493/1493 1492/1492/1492 1494/1494/1494
f 1493/1493/1493 1491/1491/1491 1492/1492/1492
f 1499/1499/1499 1495/1495/1495 1498/1498/1498
f 1463/1463/1463 1462/1462/1462 1464/1464/1464
f 1463/1463/1463 1459/1459/1459 1462/1462/1462
f 1460/1460/1460 1459/1459/1459 1461/1461/1461
f 1460/1460/1460 1456/1456/1456 1459/1459/1459
f 1456/1456/1456 1458/1458/1458 1453/1453/1453
f 1458/1458/1458 1456/1456/1456 1457/1457/1457
f 1453/1453/1453 1455/1455/1455 1451/1451/1451
f 1455/1455/1455 1453/1453/1453 1454/1454/1454
f 1452/1452/1452 1450/1450/1450 1451/1451/1451
f 1466/1466/1466 1462/1462/1462 1465/1465/1465
f 1466/1466/1466 1465/1465/1465 1467/1467/1467
f 1469/1469/1469 1465/1465/1465 1468/1468/1468
f 1465/1465/1465 1469/1469/1469 1467/1467/1467
f 1462/1462/1462 1466/1466/1466 1464/1464/1464
f 1459/1459/1459 1463/1463/1463 1461/1461/1461
f 1456/1456/1456 1460/1460/1460 1457/1457/1457
f 1453/1453/1453 1458/1458/1458 1454/1454/1454
f 1451/1451/1451 1455/1455/1455 1452/1452/1452
f 1450/1450/1450 1452/1452/1452 1470/1470/1470
f 1639/1639/1639 1640/1640/1640 1641/1641/1641
f 1637/1637/1637 1638/1638/1638 1639/1639/1639
f 1631/1631/1631 1629/1629/1629 1630/1630/1630
f 1633/1633/1633 1634/1634/1634 1635/1635/1635
f 1635/1635/1635 1636/1636/1636 1637/1637/1637
f 1630/1630/1630 1632/1632/1632 1633/1633/1633
f 1592/1592/1592 1588/1588/1588 1591/1591/1591
f 1589/1589/1589 1588/1588/1588 1590/1590/1590
f 1599/1599/1599 1597/1597/1597 1598/1598/1598
f 1597/1597/1597 1599/1599/1599 1594/1594/1594
f 1592/1592/1592 1591/1591/1591 1593/1593/1593
f 1596/1596/1596 1594/1594/1594 1595/1595/1595
f 1602/1602/1602 1600/1600/1600 1601/1601/1601
f 1600/1600/1600 1602/1602/1602 1597/1597/1597
f 1586/1586/1586 1584/1584/1584 1585/1585/1585
f 1597/1597/1597 1602/1602/1602 1598/1598/1598
f 1594/1594/1594 1599/1599/1599 1595/1595/1595
f 1591/1591/1591 1596/1596/1596 1593/1593/1593
f 1588/1588/1588 1592/1592/1592 1590/1590/1590
f 1585/1585/1585 1589/1589/1589 1587/1587/1587
f 1584/1584/1584 1586/1586/1586 1603/1603/1603
f 1589/1589/1589 1585/1585/1585 1588/1588/1588
f 1586/1586/1586 1585/1585/1585 1587/1587/1587
f 1594/1594/1594 1596/1596/1596 1591/1591/1591
f 1540/1540/1540 1542/1542/1542 1538/1538/1538
f 1545/1545/1545 1543/1543/1543 1544/1544/1544
f 1543/1543/1543 1545/1545/1545 1540/1540/1540
f 1548/1548/1548 1546/1546/1546 1547/1547/1547
f 1546/1546/1546 1548/1548/1548 1543/1543/1543
f 1550/1550/1550 1546/1546/1546 1549/1549/1549
f 1550/1550/1550 1549/1549/1549 1551/1551/1551
f 1553/1553/1553 1549/1549/1549 1552/1552/1552
f 1553/1553/1553 1552/1552/1552 1554/1554/1554
f 1556/1556/1556 1552/1552/1552 1555/1555/1555
f 1552/1552/1552 1556/1556/1556 1554/1554/1554
f 1549/1549/1549 1553/1553/1553 1551/1551/1551
f 1546/1546/1546 1550/1550/1550 1547/1547/1547
f 1543/1543/1543 1548/1548/1548 1544/1544/1544
f 1540/1540/1540 1545/1545/1545 1541/1541/1541
f 1538/1538/1538 1542/1542/1542 1539/1539/1539
f 1537/1537/1537 1539/1539/1539 1557/1557/1557
f 1539/1539/1539 1537/1537/1537 1538/1538/1538
f 1542/1542/1542 1540/1540/1540 1541/1541/1541
f 1727/1727/1727 1725/1725/1725 1726/1726/1726
f 1730/1730/1730 1728/1728/1728 1729/1729/1729
f 1733/1733/1733 1731/1731/1731 1732/1732/1732
f 1736/1736/1736 1734/1734/1734 1735/1735/1735
f 1739/1739/1739 1737/1737/1737 1738/1738/1738
f 1740/1740/1740 1736/1736/1736 1738/1738/1738
f 1741/1741/1741 1733/1733/1733 1735/1735/1735
f 1742/1742/1742 1730/1730/1730 1732/1732/1732
f 1743/1743/1743 1727/1727/1727 1729/1729/1729
f 1744/1744/1744 1724/1724/1724 1726/1726/1726
f 1723/1723/1723 1745/1745/1745 1746/1746/1746
f 1724/1724/1724 1722/1722/1722 1723/1723/1723
f 1695/1695/1695 1693/1693/1693 1688/1688/1688
f 1698/1698/1698 1696/1696/1696 1697/1697/1697
f 1697/1697/1697 1699/1699/1699 1698/1698/1698
f 1684/1684/1684 1686/1686/1686 1685/1685/1685
f 1686/1686/1686 1684/1684/1684 1687/1687/1687
f 1690/1690/1690 1688/1688/1688 1689/1689/1689
f 1691/1691/1691 1689/1689/1689 1683/1683/1683
f 1694/1694/1694 1692/1692/1692 1693/1693/1693
f 1693/1693/1693 1695/1695/1695 1694/1694/1694
f 1699/1699/1699 1697/1697/1697 1692/1692/1692
f 1702/1702/1702 1700/1700/1700 1701/1701/1701
f 1701/1701/1701 1703/1703/1703 1702/1702/1702
f 1703/1703/1703 1701/1701/1701 1696/1696/1696
f 1706/1706/1706 1704/1704/1704 1705/1705/1705
f 1705/1705/1705 1707/1707/1707 1706/1706/1706
f 1707/1707/1707 1705/1705/1705 1700/1700/1700
f 1704/1704/1704 1706/1706/1706 1708/1708/1708
f 1700/1700/1700 1702/1702/1702 1707/1707/1707
f 1696/1696/1696 1698/1698/1698 1703/1703/1703
f 1692/1692/1692 1694/1694/1694 1699/1699/1699
f 1688/1688/1688 1690/1690/1690 1695/1695/1695
f 1685/1685/1685 1683/1683/1683 1684/1684/1684
f 1689/1689/1689 1691/1691/1691 1690/1690/1690
f 1683/1683/1683 1685/1685/1685 1691/1691/1691
f 1648/1648/1648 1652/1652/1652 1649/1649/1649
f 1645/1645/1645 1650/1650/1650 1646/1646/1646
f 1643/1643/1643 1647/1647/1647 1644/1644/1644
f 1642/1642/1642 1644/1644/1644 1662/1662/1662
f 1644/1644/1644 1642/1642/1642 1643/1643/1643
f 1647/1647/1647 1645/1645/1645 1646/1646/1646
f 1645/1645/1645 1647/1647/1647 1643/1643/1643
f 1650/1650/1650 1648/1648/1648 1649/1649/1649
f 1651/1651/1651 1655/1655/1655 1653/1653/1653
f 1658/1658/1658 1654/1654/1654 1657/1657/1657
f 1654/1654/1654 1658/1658/1658 1656/1656/1656
f 1657/1657/1657 1661/1661/1661 1659/1659/1659
f 1661/1661/1661 1657/1657/1657 1660/1660/1660
f 1648/1648/1648 1650/1650/1650 1645/1645/1645
f 1652/1652/1652 1648/1648/1648 1651/1651/1651
f 1652/1652/1652 1651/1651/1651 1653/1653/1653
f 1655/1655/1655 1651/1651/1651 1654/1654/1654
f 1655/1655/1655 1654/1654/1654 1656/1656/1656
f 1658/1658/1658 1657/1657/1657 1659/1659/1659
f 1823/1823/1823 1821/1821/1821 1822/1822/1822
f 1829/1829/1829 1830/1830/1830 1831/1831/1831
f 1825/1825/1825 1826/1826/1826 1827/1827/1827
f 1827/1827/1827 1828/1828/1828 1829/1829/1829
f 1831/1831/1831 1832/1832/1832 1833/1833/1833
f 1822/1822/1822 1824/1824/1824 1825/1825/1825
f 1801/1801/1801 1806/1806/1806 1802/1802/1802
f 1798/1798/1798 1803/1803/1803 1799/1799/1799
f 1795/1795/1795 1800/1800/1800 1797/1797/1797
f 1792/1792/1792 1796/1796/1796 1794/1794/1794
f 1789/1789/1789 1793/1793/1793 1791/1791/1791
f 1804/1804/1804 1806/1806/1806 1801/1801/1801
f 1806/1806/1806 1804/1804/1804 1805/1805/1805
f 1801/1801/1801 1803/1803/1803 1798/1798/1798
f 1803/1803/1803 1801/1801/1801 1802/1802/1802
f 1798/1798/1798 1800/1800/1800 1795/1795/1795
f 1800/1800/1800 1798/1798/1798 1799/1799/1799
f 1796/1796/1796 1795/1795/1795 1797/1797/1797
f 1796/1796/1796 1792/1792/1792 1795/1795/1795
f 1793/1793/1793 1792/1792/1792 1794/1794/1794
f 1793/1793/1793 1789/1789/1789 1792/1792/1792
f 1790/1790/1790 1789/1789/1789 1791/1791/1791
f 1790/1790/1790 1788/1788/1788 1789/1789/1789
f 1788/1788/1788 1790/1790/1790 1807/1807/1807
f 1750/1750/1750 1755/1755/1755 1751/1751/1751
f 1748/1748/1748 1752/1752/1752 1749/1749/1749
f 1747/1747/1747 1749/1749/1749 1767/1767/1767
f 1756/1756/1756 1760/1760/1760 1758/1758/1758
f 1759/1759/1759 1763/1763/1763 1761/1761/1761
f 1762/1762/1762 1766/1766/1766 1764/1764/1764
f 1766/1766/1766 1762/1762/1762 1765/1765/1765
f 1763/1763/1763 1762/1762/1762 1764/1764/1764
f 1763/1763/1763 1759/1759/1759 1762/1762/1762
f 1760/1760/1760 1759/1759/1759 1761/1761/1761
f 1760/1760/1760 1756/1756/1756 1759/1759/1759
f 1757/1757/1757 1756/1756/1756 1758/1758/1758
f 1757/1757/1757 1753/1753/1753 1756/1756/1756
f 1753/1753/1753 1755/1755/1755 1750/1750/1750
f 1749/1749/1749 1747/1747/1747 1748/1748/1748
f 1755/1755/1755 1753/1753/1753 1754/1754/1754
f 1750/1750/1750 1752/1752/1752 1748/1748/1748
f 1752/1752/1752 1750/1750/1750 1751/1751/1751
f 1753/1753/1753 1757/1757/1757 1754/1754/1754
f 1911/1911/1911 1912/1912/1912 1913/1913/1913
f 1909/1909/1909 1910/1910/1910 1911/1911/1911
f 1907/1907/1907 1908/1908/1908 1909/1909/1909
f 1905/1905/1905 1906/1906/1906 1907/1907/1907
f 1903/1903/1903 1904/1904/1904 1905/1905/1905
f 1901/1901/1901 1899/1899/1899 1900/1900/1900
f 1900/1900/1900 1902/1902/1902 1903/1903/1903
f 1872/1872/1872 1870/1870/1870 1871/1871/1871
f 1874/1874/1874 1873/1873/1873 1870/1870/1870
f 1876/1876/1876 1875/1875/1875 1873/1873/1873
f 1878/1878/1878 1877/1877/1877 1875/1875/1875
f 1880/1880/1880 1879/1879/1879 1877/1877/1877
f 1882/1882/1882 1881/1881/1881 1879/1879/1879
f 1884/1884/1884 1883/1883/1883 1881/1881/1881
f 1883/1883/1883 1884/1884/1884 1885/1885/1885
f 1870/1870/1870 1872/1872/1872 1874/1874/1874
f 1879/1879/1879 1880/1880/1880 1882/1882/1882
f 1877/1877/1877 1878/1878/1878 1880/1880/1880
f 1875/1875/1875 1876/1876/1876 1878/1878/1878
f 1873/1873/1873 1874/1874/1874 1876/1876/1876
f 1881/1881/1881 1882/1882/1882 1884/1884/1884
f 1841/1841/1841 1844/1844/1844 1842/1842/1842
f 1839/1839/1839 1842/1842/1842 1840/1840/1840
f 1837/1837/1837 1840/1840/1840 1838/1838/1838
f 1835/1835/1835 1838/1838/1838 1836/1836/1836
f 1834/1834/1834 1836/1836/1836 1849/1849/1849
f 1845/1845/1845 1848/1848/1848 1846/1846/1846
f 1848/1848/1848 1845/1845/1845 1847/1847/1847
f 1836/1836/1836 1834/1834/1834 1835/1835/1835
f 1843/1843/1843 1846/1846/1846 1844/1844/1844
f 1844/1844/1844 1841/1841/1841 1843/1843/1843
f 1842/1842/1842 1839/1839/1839 1841/1841/1841
f 1840/1840/1840 1837/1837/1837 1839/1839/1839
f 1838/1838/1838 1835/1835/1835 1837/1837/1837
f 1846/1846/1846 1843/1843/1843 1845/1845/1845
f 1915/1915/1915 1918/1918/1918 1916/1916/1916
f 1918/1918/1918 1915/1915/1915 1917/1917/1917
f 1920/1920/1920 1917/1917/1917 1919/1919/1919
f 1922/1922/1922 1919/1919/1919 1921/1921/1921
f 1924/1924/1924 1921/1921/1921 1923/1923/1923
f 1926/1926/1926 1923/1923/1923 1925/1925/1925
f 1928/1928/1928 1925/1925/1925 1927/1927/1927
f 1921/1921/1921 1924/1924/1924 1922/1922/1922
f 1923/1923/1923 1926/1926/1926 1924/1924/1924
f 1925/1925/1925 1928/1928/1928 1926/1926/1926
f 1919/1919/1919 1922/1922/1922 1920/1920/1920
f 1917/1917/1917 1920/1920/1920 1918/1918/1918
f 1916/1916/1916 1914/1914/1914 1915/1915/1915
f 1914/1914/1914 1916/1916/1916 1929/1929/1929
f 2005/2005/2005 2007/2007/2007 2008/2008/2008
f 2008/2008/2008 2009/2009/2009 2010/2010/2010
f 2010/2010/2010 2011/2011/2011 2012/2012/2012
f 2012/2012/2012 2013/2013/2013 2014/2014/2014
f 2014/2014/2014 2015/2015/2015 2016/2016/2016
f 2006/2006/2006 2004/2004/2004 2005/2005/2005
f 1989/1989/1989 1987/1987/1987 1988/1988/1988
f 1984/1984/1984 1986/1986/1986 1981/1981/1981
f 1986/1986/1986 1984/1984/1984 1985/1985/1985
f 1979/1979/1979 1978/1978/1978 1980/1980/1980
f 1983/1983/1983 1981/1981/1981 1982/1982/1982
f 1979/1979/1979 1975/1975/1975 1978/1978/1978
f 1981/1981/1981 1983/1983/1983 1978/1978/1978
f 1973/1973/1973 1971/1971/1971 1972/1972/1972
f 1973/1973/1973 1972/1972/1972 1974/1974/1974
f 1976/1976/1976 1972/1972/1972 1975/1975/1975
f 1984/1984/1984 1989/1989/1989 1985/1985/1985
f 1981/1981/1981 1986/1986/1986 1982/1982/1982
f 1978/1978/1978 1983/1983/1983 1980/1980/1980
f 1975/1975/1975 1979/1979/1979 1977/1977/1977
f 1976/1976/1976 1975/1975/1975 1977/1977/1977
f 1971/1971/1971 1973/1973/1973 1990/1990/1990
f 1972/1972/1972 1976/1976/1976 1974/1974/1974
f 1987/1987/1987 1989/1989/1989 1984/1984/1984
f 1942/1942/1942 1946/1946/1946 1944/1944/1944
f 1945/1945/1945 1949/1949/1949 1947/1947/1947
f 1935/1935/1935 1933/1933/1933 1934/1934/1934
f 1933/1933/1933 1935/1935/1935 1931/1931/1931
f 1939/1939/1939 1943/1943/1943 1940/1940/1940
f 1936/1936/1936 1941/1941/1941 1937/1937/1937
f 1933/1933/1933 1938/1938/1938 1934/1934/1934
f 1931/1931/1931 1935/1935/1935 1932/1932/1932
f 1930/1930/1930 1932/1932/1932 1950/1950/1950
f 1938/1938/1938 1936/1936/1936 1937/1937/1937
f 1936/1936/1936 1938/1938/1938 1933/1933/1933
f 1941/1941/1941 1939/1939/1939 1940/1940/1940
f 1939/1939/1939 1941/1941/1941 1936/1936/1936
f 1943/1943/1943 1939/1939/1939 1942/1942/1942
f 1943/1943/1943 1942/1942/1942 1944/1944/1944
f 1946/1946/1946 1942/1942/1942 1945/1945/1945
f 1932/1932/1932 1930/1930/1930 1931/1931/1931
f 1946/1946/1946 1945/1945/1945 1947/1947/1947
f 1949/1949/1949 1945/1945/1945 1948/1948/1948
f 2095/2095/2095 2096/2096/2096 2097/2097/2097
f 2090/2090/2090 2092/2092/2092 2093/2093/2093
f 2093/2093/2093 2094/2094/2094 2095/2095/2095
f 2097/2097/2097 2098/2098/2098 2099/2099/2099
f 2099/2099/2099 2100/2100/2100 2101/2101/2101
f 2091/2091/2091 2089/2089/2089 2090/2090/2090
f 2072/2072/2072 2070/2070/2070 2071/2071/2071
f 2070/2070/2070 2072/2072/2072 2067/2067/2067
f 2067/2067/2067 2072/2072/2072 2068/2068/2068
f 2064/2064/2064 2069/2069/2069 2065/2065/2065
f 2067/2067/2067 2069/2069/2069 2064/2064/2064
f 2069/2069/2069 2067/2067/2067 2068/2068/2068
f 2061/2061/2061 2066/2066/2066 2063/2063/2063
f 2055/2055/2055 2059/2059/2059 2057/2057/2057
f 2054/2054/2054 2056/2056/2056 2073/2073/2073
f 2064/2064/2064 2066/2066/2066 2061/2061/2061
f 2056/2056/2056 2054/2054/2054 2055/2055/2055
f 2056/2056/2056 2055/2055/2055 2057/2057/2057
f 2059/2059/2059 2055/2055/2055 2058/2058/2058
f 2059/2059/2059 2058/2058/2058 2060/2060/2060
f 2062/2062/2062 2058/2058/2058 2061/2061/2061
f 2062/2062/2062 2061/2061/2061 2063/2063/2063
f 2058/2058/2058 2062/2062/2062 2060/2060/2060
f 2066/2066/2066 2064/2064/2064 2065/2065/2065
f 2017/2017/2017 2019/2019/2019 2037/2037/2037
f 2018/2018/2018 2022/2022/2022 2019/2019/2019
f 2020/2020/2020 2025/2025/2025 2021/2021/2021
f 2023/2023/2023 2028/2028/2028 2024/2024/2024
f 2019/2019/2019 2017/2017/2017 2018/2018/2018
f 2022/2022/2022 2020/2020/2020 2021/2021/2021
f 2020/2020/2020 2022/2022/2022 2018/2018/2018
f 2025/2025/2025 2023/2023/2023 2024/2024/2024
f 2028/2028/2028 2026/2026/2026 2027/2027/2027
f 2026/2026/2026 2028/2028/2028 2023/2023/2023
f 2030/2030/2030 2026/2026/2026 2029/2029/2029
f 2030/2030/2030 2029/2029/2029 2031/2031/2031
f 2033/2033/2033 2029/2029/2029 2032/2032/2032
f 2033/2033/2033 2032/2032/2032 2034/2034/2034
f 2036/2036/2036 2032/2032/2032 2035/2035/2035
f 2032/2032/2032 2036/2036/2036 2034/2034/2034
f 2029/2029/2029 2033/2033/2033 2031/2031/2031
f 2023/2023/2023 2025/2025/2025 2020/2020/2020
f 2026/2026/2026 2030/2030/2030 2027/2027/2027
f 2180/2180/2180 2181/2181/2181 2182/2182/2182
f 2182/2182/2182 2183/2183/2183 2184/2184/2184
f 2178/2178/2178 2179/2179/2179 2180/2180/2180
f 2175/2175/2175 2177/2177/2177 2178/2178/2178
f 2176/2176/2176 2174/2174/2174 2175/2175/2175
f 2184/2184/2184 2185/2185/2185 2186/2186/2186
f 2139/2139/2139 2141/2141/2141 2158/2158/2158
f 2141/2141/2141 2140/2140/2140 2142/2142/2142
f 2144/2144/2144 2140/2140/2140 2143/2143/2143
f 2144/2144/2144 2143/2143/2143 2145/2145/2145
f 2147/2147/2147 2143/2143/2143 2146/2146/2146
f 2147/2147/2147 2146/2146/2146 2148/2148/2148
f 2151/2151/2151 2149/2149/2149 2150/2150/2150
f 2149/2149/2149 2151/2151/2151 2146/2146/2146
f 2154/2154/2154 2152/2152/2152 2153/2153/2153
f 2152/2152/2152 2154/2154/2154 2149/2149/2149
f 2157/2157/2157 2155/2155/2155 2156/2156/2156
f 2155/2155/2155 2157/2157/2157 2152/2152/2152
f 2152/2152/2152 2157/2157/2157 2153/2153/2153
f 2149/2149/2149 2154/2154/2154 2150/2150/2150
f 2146/2146/2146 2151/2151/2151 2148/2148/2148
f 2143/2143/2143 2147/2147/2147 2145/2145/2145
f 2140/2140/2140 2144/2144/2144 2142/2142/2142
f 2141/2141/2141 2139/2139/2139 2140/2140/2140
f 2121/2121/2121 2117/2117/2117 2120/2120/2120
f 2117/2117/2117 2121/2121/2121 2119/2119/2119
f 2114/2114/2114 2118/2118/2118 2116/2116/2116
f 2111/2111/2111 2115/2115/2115 2113/2113/2113
f 2108/2108/2108 2112/2112/2112 2109/2109/2109
f 2105/2105/2105 2110/2110/2110 2106/2106/2106
f 2103/2103/2103 2107/2107/2107 2104/2104/2104
f 2102/2102/2102 2104/2104/2104 2122/2122/2122
f 2118/2118/2118 2114/2114/2114 2117/2117/2117
f 2104/2104/2104 2102/2102/2102 2103/2103/2103
f 2115/2115/2115 2114/2114/2114 2116/2116/2116
f 2115/2115/2115 2111/2111/2111 2114/2114/2114
f 2107/2107/2107 2105/2105/2105 2106/2106/2106
f 2105/2105/2105 2107/2107/2107 2103/2103/2103
f 2110/2110/2110 2108/2108/2108 2109/2109/2109
f 2118/2118/2118 2117/2117/2117 2119/2119/2119
f 2112/2112/2112 2111/2111/2111 2113/2113/2113
f 2108/2108/2108 2110/2110/2110 2105/2105/2105
f 2112/2112/2112 2108/2108/2108 2111/2111/2111
f 26/26/26 27/27/27 28/28/28
f 24/24/24 25/25/25 26/26/26
f 22/22/22 23/23/23 24/24/24
f 20/20/20 21/21/21 22/22/22
f 17/17/17 19/19/19 20/20/20
f 18/18/18 16/16/16 17/17/17
f 28/28/28 29/29/29 30/30/30
f 47/47/47 49/49/49 51/51/51
f 52/52/52 53/53/53 55/55/55
f 49/49/49 47/47/47 48/48/48
f 51/51/51 50/50/50 47/47/47
f 54/54/54 55/55/55 57/57/57
f 56/56/56 57/57/57 59/59/59
f 58/58/58 59/59/59 61/61/61
f 60/60/60 61/61/61 62/62/62
f 61/61/61 60/60/60 58/58/58
f 59/59/59 58/58/58 56/56/56
f 57/57/57 56/56/56 54/54/54
f 55/55/55 54/54/54 52/52/52
f 53/53/53 52/52/52 50/50/50
f 50/50/50 51/51/51 53/53/53
f 90/90/90 93/93/93 91/91/91
f 81/81/81 79/79/79 80/80/80
f 83/83/83 80/80/80 82/82/82
f 85/85/85 82/82/82 84/84/84
f 87/87/87 84/84/84 86/86/86
f 89/89/89 86/86/86 88/88/88
f 91/91/91 88/88/88 90/90/90
f 93/93/93 90/90/90 92/92/92
f 88/88/88 91/91/91 89/89/89
f 86/86/86 89/89/89 87/87/87
f 84/84/84 87/87/87 85/85/85
f 82/82/82 85/85/85 83/83/83
f 80/80/80 83/83/83 81/81/81
f 79/79/79 81/81/81 94/94/94
f 800/800/800 815/815/815 809/809/809
f 800/800/800 813/813/813 815/815/815
f 810/810/810 812/812/812 813/813/813
f 813/813/813 814/814/814 810/810/810
f 814/814/814 813/813/813 800/800/800
f 812/812/812 810/810/810 811/811/811
f 808/808/808 800/800/800 809/809/809
f 808/808/808 801/801/801 800/800/800
f 807/807/807 806/806/806 804/804/804
f 805/805/805 804/804/804 802/802/802
f 803/803/803 802/802/802 799/799/799
f 801/801/801 799/799/799 800/800/800
f 801/801/801 808/808/808 816/816/816
f 806/806/806 807/807/807 817/817/817
f 804/804/804 805/805/805 807/807/807
f 802/802/802 803/803/803 805/805/805
f 799/799/799 801/801/801 803/803/803
f 545/545/545 547/547/547 548/548/548
f 544/544/544 549/549/549 550/550/550
f 550/550/550 549/549/549 551/551/551
f 554/554/554 552/552/552 553/553/553
f 552/552/552 554/554/554 549/549/549
f 549/549/549 554/554/554 551/551/551
f 544/544/544 546/546/546 549/549/549
f 546/546/546 544/544/544 545/545/545
f 547/547/547 545/545/545 544/544/544
f 428/428/428 430/430/430 432/432/432
f 433/433/433 434/434/434 436/436/436
f 435/435/435 436/436/436 438/438/438
f 437/437/437 438/438/438 440/440/440
f 431/431/431 432/432/432 434/434/434
f 439/439/439 440/440/440 442/442/442
f 441/441/441 442/442/442 443/443/443
f 442/442/442 441/441/441 439/439/439
f 440/440/440 439/439/439 437/437/437
f 438/438/438 437/437/437 435/435/435
f 436/436/436 435/435/435 433/433/433
f 434/434/434 433/433/433 431/431/431
f 432/432/432 431/431/431 428/428/428
f 430/430/430 428/428/428 429/429/429
f 662/662/662 661/661/661 658/658/658
f 664/664/664 663/663/663 661/661/661
f 666/666/666 665/665/665 663/663/663
f 667/667/667 660/660/660 659/659/659
f 667/667/667 659/659/659 668/668/668
f 671/671/671 669/669/669 670/670/670
f 673/673/673 672/672/672 659/659/659
f 672/672/672 673/673/673 669/669/669
f 669/669/669 671/671/671 672/672/672
f 659/659/659 672/672/672 674/674/674
f 659/659/659 674/674/674 668/668/668
f 660/660/660 667/667/667 675/675/675
f 660/660/660 658/658/658 659/659/659
f 665/665/665 666/666/666 676/676/676
f 658/658/658 660/660/660 662/662/662
f 661/661/661 662/662/662 664/664/664
f 663/663/663 664/664/664 666/666/666
f 823/823/823 834/834/834 831/831/831
f 836/836/836 819/819/819 835/835/835
f 818/818/818 820/820/820 822/822/822
f 821/821/821 822/822/822 824/824/824
f 825/825/825 827/827/827 823/823/823
f 819/819/819 836/836/836 820/820/820
f 834/834/834 832/832/832 833/833/833
f 832/832/832 834/834/834 823/823/823
f 825/825/825 823/823/823 830/830/830
f 826/826/826 828/828/828 829/829/829
f 828/828/828 826/826/826 825/825/825
f 827/827/827 825/825/825 826/826/826
f 824/824/824 823/823/823 821/821/821
f 822/822/822 821/821/821 818/818/818
f 820/820/820 818/818/818 819/819/819
f 823/823/823 824/824/824 832/832/832
f 830/830/830 823/823/823 831/831/831
f 446/446/446 444/444/444 445/445/445
f 448/448/448 447/447/447 444/444/444
f 450/450/450 449/449/449 447/447/447
f 444/444/444 446/446/446 448/448/448
f 447/447/447 448/448/448 450/450/450
f 449/449/449 450/450/450 452/452/452
f 451/451/451 452/452/452 454/454/454
f 453/453/453 454/454/454 456/456/456
f 455/455/455 456/456/456 458/458/458
f 457/457/457 458/458/458 459/459/459
f 458/458/458 457/457/457 455/455/455
f 456/456/456 455/455/455 453/453/453
f 454/454/454 453/453/453 451/451/451
f 452/452/452 451/451/451 449/449/449
f 462/462/462 460/460/460 461/461/461
f 460/460/460 462/462/462 463/463/463
f 684/684/684 686/686/686 682/682/682
f 678/678/678 695/695/695 679/679/679
f 695/695/695 678/678/678 694/694/694
f 682/682/682 693/693/693 690/690/690
f 682/682/682 683/683/683 691/691/691
f 680/680/680 681/681/681 683/683/683
f 677/677/677 679/679/679 681/681/681
f 691/691/691 693/693/693 682/682/682
f 693/693/693 691/691/691 692/692/692
f 689/689/689 682/682/682 690/690/690
f 684/684/684 682/682/682 689/689/689
f 685/685/685 687/687/687 688/688/688
f 687/687/687 685/685/685 684/684/684
f 686/686/686 684/684/684 685/685/685
f 683/683/683 682/682/682 680/680/680
f 679/679/679 677/677/677 678/678/678
f 681/681/681 680/680/680 677/677/677
f 464/464/464 466/466/466 468/468/468
f 469/469/469 470/470/470 472/472/472
f 471/471/471 472/472/472 474/474/474
f 473/473/473 474/474/474 476/476/476
f 475/475/475 476/476/476 478/478/478
f 477/477/477 478/478/478 479/479/479
f 478/478/478 477/477/477 475/475/475
f 476/476/476 475/475/475 473/473/473
f 466/466/466 464/464/464 465/465/465
f 468/468/468 467/467/467 464/464/464
f 470/470/470 469/469/469 467/467/467
f 472/472/472 471/471/471 469/469/469
f 474/474/474 473/473/473 471/471/471
f 467/467/467 468/468/468 470/470/470
f 3279/3279/3279 3280/3280/3280 3281/3281/3281
f 3269/3269/3269 3270/3270/3270 3271/3271/3271
f 3272/3272/3272 3275/3275/3275 3273/3273/3273
f 3275/3275/3275 3272/3272/3272 3274/3274/3274
f 3265/3265/3265 3266/3266/3266 3263/3263/3263
f 3247/3247/3247 3279/3279/3279 3248/3248/3248
f 3244/3244/3244 3248/3248/3248 3245/3245/3245
f 3259/3259/3259 3257/3257/3257 3258/3258/3258
f 3262/3262/3262 3260/3260/3260 3261/3261/3261
f 3264/3264/3264 3261/3261/3261 3263/3263/3263
f 3268/3268/3268 3267/3267/3267 3254/3254/3254
f 3249/3249/3249 3253/3253/3253 3250/3250/3250
f 3243/3243/3243 3254/3254/3254 3267/3267/3267
f 3267/3267/3267 3268/3268/3268 3269/3269/3269
f 3254/3254/3254 3243/3243/3243 3242/3242/3242
f 3242/3242/3242 3239/3239/3239 3238/3238/3238
f 3253/3253/3253 3249/3249/3249 3252/3252/3252
f 3251/3251/3251 3249/3249/3249 3250/3250/3250
f 3248/3248/3248 3244/3244/3244 3247/3247/3247
f 3246/3246/3246 3244/3244/3244 3245/3245/3245
f 3239/3239/3239 3242/3242/3242 3243/3243/3243
f 3238/3238/3238 3240/3240/3240 3241/3241/3241
f 3240/3240/3240 3238/3238/3238 3239/3239/3239
f 3241/3241/3241 3240/3240/3240 3278/3278/3278
f 3272/3272/3272 3271/3271/3271 3270/3270/3270
f 3274/3274/3274 3277/3277/3277 3275/3275/3275
f 3255/3255/3255 3256/3256/3256 3276/3276/3276
f 3261/3261/3261 3264/3264/3264 3262/3262/3262
f 3276/3276/3276 3256/3256/3256 3277/3277/3277
f 3270/3270/3270 3269/3269/3269 3268/3268/3268
f 3252/3252/3252 3278/3278/3278 3253/3253/3253
f 3281/3281/3281 3259/3259/3259 3258/3258/3258
f 3259/3259/3259 3281/3281/3281 3280/3280/3280
f 3279/3279/3279 3247/3247/3247 3280/3280/3280
f 3257/3257/3257 3259/3259/3259 3260/3260/3260
f 3271/3271/3271 3272/3272/3272 3273/3273/3273
f 3256/3256/3256 3255/3255/3255 3246/3246/3246
f 3278/3278/3278 3252/3252/3252 3241/3241/3241
f 3249/3249/3249 3251/3251/3251 3265/3265/3265
f 3264/3264/3264 3263/3263/3263 3266/3266/3266
f 3260/3260/3260 3262/3262/3262 3257/3257/3257
f 3244/3244/3244 3246/3246/3246 3255/3255/3255
f 3266/3266/3266 3265/3265/3265 3251/3251/3251
f 3277/3277/3277 3274/3274/3274 3276/3276/3276
f 2772/2772/2772 2768/2768/2768 2771/2771/2771
f 2773/2773/2773 2775/2775/2775 2777/2777/2777
f 2779/2779/2779 2777/2777/2777 2778/2778/2778
f 2778/2778/2778 2777/2777/2777 2780/2780/2780
f 2777/2777/2777 2779/2779/2779 2781/2781/2781
f 2783/2783/2783 2781/2781/2781 2782/2782/2782
f 2782/2782/2782 2781/2781/2781 2784/2784/2784
f 2781/2781/2781 2783/2783/2783 2785/2785/2785
f 2788/2788/2788 2786/2786/2786 2787/2787/2787
f 2787/2787/2787 2785/2785/2785 2789/2789/2789
f 2789/2789/2789 2785/2785/2785 2790/2790/2790
f 2785/2785/2785 2787/2787/2787 2786/2786/2786
f 2792/2792/2792 2791/2791/2791 2786/2786/2786
f 2791/2791/2791 2792/2792/2792 2793/2793/2793
f 2791/2791/2791 2793/2793/2793 2794/2794/2794
f 2797/2797/2797 2795/2795/2795 2796/2796/2796
f 2798/2798/2798 2795/2795/2795 2791/2791/2791
f 2795/2795/2795 2798/2798/2798 2796/2796/2796
f 2800/2800/2800 2799/2799/2799 2795/2795/2795
f 2800/2800/2800 2795/2795/2795 2801/2801/2801
f 2803/2803/2803 2799/2799/2799 2802/2802/2802
f 2802/2802/2802 2799/2799/2799 2804/2804/2804
f 2799/2799/2799 2803/2803/2803 2805/2805/2805
f 2799/2799/2799 2800/2800/2800 2804/2804/2804
f 2795/2795/2795 2797/2797/2797 2801/2801/2801
f 2791/2791/2791 2794/2794/2794 2798/2798/2798
f 2786/2786/2786 2788/2788/2788 2792/2792/2792
f 2785/2785/2785 2783/2783/2783 2790/2790/2790
f 2781/2781/2781 2779/2779/2779 2784/2784/2784
f 2777/2777/2777 2775/2775/2775 2780/2780/2780
f 2773/2773/2773 2772/2772/2772 2776/2776/2776
f 2768/2768/2768 2770/2770/2770 2771/2771/2771
f 2770/2770/2770 2768/2768/2768 2769/2769/2769
f 2774/2774/2774 2773/2773/2773 2776/2776/2776
f 2768/2768/2768 2772/2772/2772 2773/2773/2773
f 2775/2775/2775 2773/2773/2773 2774/2774/2774
f 2310/2310/2310 2309/2309/2309 2311/2311/2311
f 2307/2307/2307 2309/2309/2309 2310/2310/2310
f 2309/2309/2309 2307/2307/2307 2308/2308/2308
f 2408/2408/2408 2407/2407/2407 2409/2409/2409
f 2408/2408/2408 2406/2406/2406 2407/2407/2407
f 2406/2406/2406 2408/2408/2408 2410/2410/2410
f 2319/2319/2319 2318/2318/2318 2316/2316/2316
f 2315/2315/2315 2312/2312/2312 2317/2317/2317
f 2312/2312/2312 2315/2315/2315 2316/2316/2316
f 2314/2314/2314 2312/2312/2312 2313/2313/2313
f 2312/2312/2312 2314/2314/2314 2317/2317/2317
f 2316/2316/2316 2315/2315/2315 2319/2319/2319
f 2318/2318/2318 2320/2320/2320 2321/2321/2321
f 2318/2318/2318 2319/2319/2319 2320/2320/2320
f 2287/2287/2287 2285/2285/2285 2286/2286/2286
f 2284/2284/2284 2282/2282/2282 2283/2283/2283
f 2289/2289/2289 2288/2288/2288 2305/2305/2305
f 2299/2299/2299 2290/2290/2290 2301/2301/2301
f 2289/2289/2289 2285/2285/2285 2288/2288/2288
f 2292/2292/2292 2290/2290/2290 2291/2291/2291
f 2282/2282/2282 2284/2284/2284 2293/2293/2293
f 2285/2285/2285 2289/2289/2289 2286/2286/2286
f 2291/2291/2291 2290/2290/2290 2294/2294/2294
f 2283/2283/2283 2282/2282/2282 2292/2292/2292
f 2285/2285/2285 2287/2287/2287 2295/2295/2295
f 2298/2298/2298 2296/2296/2296 2297/2297/2297
f 2290/2290/2290 2299/2299/2299 2294/2294/2294
f 2282/2282/2282 2293/2293/2293 2300/2300/2300
f 2285/2285/2285 2295/2295/2295 2296/2296/2296
f 2296/2296/2296 2298/2298/2298 2285/2285/2285
f 2298/2298/2298 2299/2299/2299 2301/2301/2301
f 2303/2303/2303 2294/2294/2294 2299/2299/2299
f 2290/2290/2290 2292/2292/2292 2282/2282/2282
f 2297/2297/2297 2296/2296/2296 2302/2302/2302
f 2299/2299/2299 2298/2298/2298 2297/2297/2297
f 2297/2297/2297 2302/2302/2302 2306/2306/2306
f 2294/2294/2294 2303/2303/2303 2304/2304/2304
f 2977/2977/2977 2975/2975/2975 2976/2976/2976
f 2979/2979/2979 2958/2958/2958 2978/2978/2978
f 2973/2973/2973 2972/2972/2972 2970/2970/2970
f 2974/2974/2974 2972/2972/2972 2973/2973/2973
f 2969/2969/2969 2965/2965/2965 2971/2971/2971
f 2970/2970/2970 2965/2965/2965 2969/2969/2969
f 2968/2968/2968 2965/2965/2965 2961/2961/2961
f 2976/2976/2976 2975/2975/2975 2974/2974/2974
f 2957/2957/2957 2960/2960/2960 2964/2964/2964
f 2961/2961/2961 2963/2963/2963 2968/2968/2968
f 2965/2965/2965 2967/2967/2967 2971/2971/2971
f 2965/2965/2965 2970/2970/2970 2972/2972/2972
f 2972/2972/2972 2974/2974/2974 2975/2975/2975
f 2967/2967/2967 2965/2965/2965 2966/2966/2966
f 2961/2961/2961 2964/2964/2964 2962/2962/2962
f 2964/2964/2964 2961/2961/2961 2957/2957/2957
f 2963/2963/2963 2961/2961/2961 2962/2962/2962
f 2957/2957/2957 2959/2959/2959 2960/2960/2960
f 2959/2959/2959 2957/2957/2957 2958/2958/2958
f 2975/2975/2975 2977/2977/2977 2980/2980/2980
f 2958/2958/2958 2979/2979/2979 2959/2959/2959
f 2965/2965/2965 2968/2968/2968 2966/2966/2966
f 2983/2983/2983 2981/2981/2981 2982/2982/2982
f 2981/2981/2981 2983/2983/2983 2984/2984/2984
f 2985/2985/2985 2987/2987/2987 2988/2988/2988
f 2987/2987/2987 2985/2985/2985 2986/2986/2986
f 2991/2991/2991 2989/2989/2989 2990/2990/2990
f 2989/2989/2989 2991/2991/2991 2992/2992/2992
f 2990/2990/2990 2993/2993/2993 2994/2994/2994
f 2990/2990/2990 2989/2989/2989 2993/2993/2993
f 2997/2997/2997 2995/2995/2995 2998/2998/2998
f 2995/2995/2995 2997/2997/2997 2996/2996/2996
f 2994/2994/2994 2993/2993/2993 2995/2995/2995
f 2994/2994/2994 2995/2995/2995 2996/2996/2996
f 3899/3899/3899 3901/3901/3901 3902/3902/3902
f 3902/3902/3902 3903/3903/3903 3904/3904/3904
f 3904/3904/3904 3905/3905/3905 3906/3906/3906
f 3906/3906/3906 3907/3907/3907 3908/3908/3908
f 3908/3908/3908 3909/3909/3909 3910/3910/3910
f 3910/3910/3910 3911/3911/3911 3912/3912/3912
f 3912/3912/3912 3913/3913/3913 3914/3914/3914
f 3914/3914/3914 3915/3915/3915 3916/3916/3916
f 3916/3916/3916 3917/3917/3917 3918/3918/3918
f 3917/3917/3917 3916/3916/3916 3915/3915/3915
f 3915/3915/3915 3914/3914/3914 3913/3913/3913
f 3913/3913/3913 3912/3912/3912 3911/3911/3911
f 3911/3911/3911 3910/3910/3910 3909/3909/3909
f 3909/3909/3909 3908/3908/3908 3907/3907/3907
f 3907/3907/3907 3906/3906/3906 3905/3905/3905
f 3905/3905/3905 3904/3904/3904 3903/3903/3903
f 3901/3901/3901 3899/3899/3899 3900/3900/3900
f 3903/3903/3903 3902/3902/3902 3901/3901/3901
f 3926/3926/3926 3927/3927/3927 3928/3928/3928
f 3922/3922/3922 3923/3923/3923 3925/3925/3925
f 3924/3924/3924 3925/3925/3925 3927/3927/3927
f 3927/3927/3927 3926/3926/3926 3924/3924/3924
f 3925/3925/3925 3924/3924/3924 3922/3922/3922
f 3923/3923/3923 3922/3922/3922 3919/3919/3919
f 3921/3921/3921 3919/3919/3919 3920/3920/3920
f 3919/3919/3919 3921/3921/3921 3923/3923/3923
f 3935/3935/3935 3934/3934/3934 3933/3933/3933
f 3933/3933/3933 3932/3932/3932 3931/3931/3931
f 3931/3931/3931 3929/3929/3929 3930/3930/3930
f 3932/3932/3932 3933/3933/3933 3934/3934/3934
f 3934/3934/3934 3935/3935/3935 3936/3936/3936
f 3929/3929/3929 3931/3931/3931 3932/3932/3932
f 3937/3937/3937 3939/3939/3939 3940/3940/3940
f 3940/3940/3940 3941/3941/3941 3942/3942/3942
f 3942/3942/3942 3943/3943/3943 3944/3944/3944
f 3944/3944/3944 3945/3945/3945 3946/3946/3946
f 3946/3946/3946 3947/3947/3947 3948/3948/3948
f 3947/3947/3947 3946/3946/3946 3945/3945/3945
f 3945/3945/3945 3944/3944/3944 3943/3943/3943
f 3943/3943/3943 3942/3942/3942 3941/3941/3941
f 3941/3941/3941 3940/3940/3940 3939/3939/3939
f 3939/3939/3939 3937/3937/3937 3938/3938/3938
f 3886/3886/3886 3888/3888/3888 3894/3894/3894
f 3898/3898/3898 3887/3887/3887 3889/3889/3889
f 3889/3889/3889 3883/3883/3883 3895/3895/3895
f 3893/3893/3893 3892/3892/3892 3891/3891/3891
f 3889/3889/3889 3896/3896/3896 3898/3898/3898
f 3874/3874/3874 3872/3872/3872 3873/3873/3873
f 3877/3877/3877 3875/3875/3875 3876/3876/3876
f 3879/3879/3879 3876/3876/3876 3878/3878/3878
f 3880/3880/3880 3876/3876/3876 3875/3875/3875
f 3873/3873/3873 3872/3872/3872 3881/3881/3881
f 3875/3875/3875 3877/3877/3877 3882/3882/3882
f 3876/3876/3876 3880/3880/3880 3878/3878/3878
f 3872/3872/3872 3883/3883/3883 3884/3884/3884
f 3876/3876/3876 3879/3879/3879 3885/3885/3885
f 3888/3888/3888 3886/3886/3886 3887/3887/3887
f 3884/3884/3884 3883/3883/3883 3889/3889/3889
f 3875/3875/3875 3882/3882/3882 3890/3890/3890
f 3892/3892/3892 3893/3893/3893 3894/3894/3894
f 3886/3886/3886 3894/3894/3894 3893/3893/3893
f 3896/3896/3896 3889/3889/3889 3895/3895/3895
f 3872/3872/3872 3874/3874/3874 3883/3883/3883
f 3887/3887/3887 3898/3898/3898 3888/3888/3888
f 3875/3875/3875 3891/3891/3891 3892/3892/3892
f 3891/3891/3891 3875/3875/3875 3897/3897/3897
f 3875/3875/3875 3890/3890/3890 3897/3897/3897
f 3808/3808/3808 3806/3806/3806 3807/3807/3807
f 3810/3810/3810 3809/3809/3809 3808/3808/3808
f 3812/3812/3812 3811/3811/3811 3810/3810/3810
f 3814/3814/3814 3813/3813/3813 3812/3812/3812
f 3813/3813/3813 3814/3814/3814 3815/3815/3815
f 3811/3811/3811 3812/3812/3812 3813/3813/3813
f 3809/3809/3809 3810/3810/3810 3811/3811/3811
f 3806/3806/3806 3808/3808/3808 3809/3809/3809
f 3823/3823/3823 3824/3824/3824 3825/3825/3825
f 3818/3818/3818 3816/3816/3816 3817/3817/3817
f 3816/3816/3816 3818/3818/3818 3820/3820/3820
f 3819/3819/3819 3820/3820/3820 3822/3822/3822
f 3821/3821/3821 3822/3822/3822 3824/3824/3824
f 3824/3824/3824 3823/3823/3823 3821/3821/3821
f 3822/3822/3822 3821/3821/3821 3819/3819/3819
f 3820/3820/3820 3819/3819/3819 3816/3816/3816
f 3829/3829/3829 3830/3830/3830 3831/3831/3831
f 3831/3831/3831 3832/3832/3832 3833/3833/3833
f 3833/3833/3833 3834/3834/3834 3835/3835/3835
f 3828/3828/3828 3826/3826/3826 3827/3827/3827
f 3830/3830/3830 3829/3829/3829 3828/3828/3828
f 3832/3832/3832 3831/3831/3831 3830/3830/3830
f 3834/3834/3834 3833/3833/3833 3832/3832/3832
f 3836/3836/3836 3835/3835/3835 3834/3834/3834
f 3838/3838/3838 3837/3837/3837 3836/3836/3836
f 3840/3840/3840 3839/3839/3839 3838/3838/3838
f 3842/3842/3842 3841/3841/3841 3840/3840/3840
f 3844/3844/3844 3843/3843/3843 3842/3842/3842
f 3826/3826/3826 3828/3828/3828 3829/3829/3829
f 3835/3835/3835 3836/3836/3836 3837/3837/3837
f 3837/3837/3837 3838/3838/3838 3839/3839/3839
f 3839/3839/3839 3840/3840/3840 3841/3841/3841
f 3841/3841/3841 3842/3842/3842 3843/3843/3843
f 3843/3843/3843 3844/3844/3844 3845/3845/3845
f 3855/3855/3855 3856/3856/3856 3857/3857/3857
f 3846/3846/3846 3848/3848/3848 3849/3849/3849
f 3849/3849/3849 3850/3850/3850 3851/3851/3851
f 3851/3851/3851 3852/3852/3852 3853/3853/3853
f 3853/3853/3853 3854/3854/3854 3855/3855/3855
f 3848/3848/3848 3846/3846/3846 3847/3847/3847
f 3856/3856/3856 3855/3855/3855 3854/3854/3854
f 3854/3854/3854 3853/3853/3853 3852/3852/3852
f 3852/3852/3852 3851/3851/3851 3850/3850/3850
f 3850/3850/3850 3849/3849/3849 3848/3848/3848
f 3800/3800/3800 3785/3785/3785 3804/3804/3804
f 3803/3803/3803 3804/3804/3804 3799/3799/3799
f 3783/3783/3783 3795/3795/3795 3802/3802/3802
f 3799/3799/3799 3798/3798/3798 3803/3803/3803
f 3785/3785/3785 3790/3790/3790 3805/3805/3805
f 3804/3804/3804 3803/3803/3803 3800/3800/3800
f 3798/3798/3798 3797/3797/3797 3796/3796/3796
f 3796/3796/3796 3783/3783/3783 3802/3802/3802
f 3794/3794/3794 3785/3785/3785 3801/3801/3801
f 3785/3785/3785 3800/3800/3800 3801/3801/3801
f 3797/3797/3797 3798/3798/3798 3799/3799/3799
f 3783/3783/3783 3796/3796/3796 3797/3797/3797
f 3783/3783/3783 3793/3793/3793 3795/3795/3795
f 3791/3791/3791 3785/3785/3785 3794/3794/3794
f 3783/3783/3783 3782/3782/3782 3792/3792/3792
f 3785/3785/3785 3789/3789/3789 3786/3786/3786
f 3778/3778/3778 3780/3780/3780 3782/3782/3782
f 3793/3793/3793 3783/3783/3783 3792/3792/3792
f 3788/3788/3788 3785/3785/3785 3791/3791/3791
f 3785/3785/3785 3787/3787/3787 3790/3790/3790
f 3782/3782/3782 3784/3784/3784 3778/3778/3778
f 3789/3789/3789 3785/3785/3785 3788/3788/3788
f 3787/3787/3787 3785/3785/3785 3786/3786/3786
f 3784/3784/3784 3782/3782/3782 3783/3783/3783
f 3779/3779/3779 3778/3778/3778 3781/3781/3781
f 3780/3780/3780 3778/3778/3778 3779/3779/3779
f 3715/3715/3715 3716/3716/3716 3717/3717/3717
f 3720/3720/3720 3719/3719/3719 3718/3718/3718
f 3716/3716/3716 3715/3715/3715 3714/3714/3714
f 3704/3704/3704 3706/3706/3706 3707/3707/3707
f 3707/3707/3707 3708/3708/3708 3709/3709/3709
f 3709/3709/3709 3710/3710/3710 3711/3711/3711
f 3711/3711/3711 3712/3712/3712 3713/3713/3713
f 3713/3713/3713 3714/3714/3714 3715/3715/3715
f 3714/3714/3714 3713/3713/3713 3712/3712/3712
f 3717/3717/3717 3718/3718/3718 3719/3719/3719
f 3722/3722/3722 3721/3721/3721 3720/3720/3720
f 3712/3712/3712 3711/3711/3711 3710/3710/3710
f 3710/3710/3710 3709/3709/3709 3708/3708/3708
f 3708/3708/3708 3707/3707/3707 3706/3706/3706
f 3706/3706/3706 3704/3704/3704 3705/3705/3705
f 3721/3721/3721 3722/3722/3722 3723/3723/3723
f 3719/3719/3719 3720/3720/3720 3721/3721/3721
f 3718/3718/3718 3717/3717/3717 3716/3716/3716
f 3724/3724/3724 3726/3726/3726 3728/3728/3728
f 3726/3726/3726 3724/3724/3724 3725/3725/3725
f 3728/3728/3728 3727/3727/3727 3724/3724/3724
f 3730/3730/3730 3729/3729/3729 3727/3727/3727
f 3732/3732/3732 3731/3731/3731 3729/3729/3729
f 3731/3731/3731 3732/3732/3732 3733/3733/3733
f 3727/3727/3727 3728/3728/3728 3730/3730/3730
f 3729/3729/3729 3730/3730/3730 3732/3732/3732
f 3734/3734/3734 3736/3736/3736 3737/3737/3737
f 3737/3737/3737 3738/3738/3738 3739/3739/3739
f 3739/3739/3739 3740/3740/3740 3741/3741/3741
f 3741/3741/3741 3742/3742/3742 3743/3743/3743
f 3745/3745/3745 3746/3746/3746 3747/3747/3747
f 3747/3747/3747 3748/3748/3748 3749/3749/3749
f 3749/3749/3749 3750/3750/3750 3751/3751/3751
f 3750/3750/3750 3749/3749/3749 3748/3748/3748
f 3748/3748/3748 3747/3747/3747 3746/3746/3746
f 3746/3746/3746 3745/3745/3745 3744/3744/3744
f 3744/3744/3744 3743/3743/3743 3742/3742/3742
f 3742/3742/3742 3741/3741/3741 3740/3740/3740
f 3740/3740/3740 3739/3739/3739 3738/3738/3738
f 3738/3738/3738 3737/3737/3737 3736/3736/3736
f 3736/3736/3736 3734/3734/3734 3735/3735/3735
f 3743/3743/3743 3744/3744/3744 3745/3745/3745
f 3757/3757/3757 3758/3758/3758 3759/3759/3759
f 3752/3752/3752 3754/3754/3754 3755/3755/3755
f 3760/3760/3760 3759/3759/3759 3758/3758/3758
f 3759/3759/3759 3760/3760/3760 3761/3761/3761
f 3761/3761/3761 3762/3762/3762 3763/3763/3763
f 3762/3762/3762 3761/3761/3761 3760/3760/3760
f 3758/3758/3758 3757/3757/3757 3756/3756/3756
f 3756/3756/3756 3755/3755/3755 3754/3754/3754
f 3754/3754/3754 3752/3752/3752 3753/3753/3753
f 3755/3755/3755 3756/3756/3756 3757/3757/3757
f 3679/3679/3679 3677/3677/3677 3678/3678/3678
f 3684/3684/3684 3677/3677/3677 3683/3683/3683
f 3678/3678/3678 3677/3677/3677 3685/3685/3685
f 3680/3680/3680 3682/3682/3682 3686/3686/3686
f 3688/3688/3688 3680/3680/3680 3687/3687/3687
f 3689/3689/3689 3685/3685/3685 3677/3677/3677
f 3677/3677/3677 3679/3679/3679 3683/3683/3683
f 3691/3691/3691 3680/3680/3680 3690/3690/3690
f 3680/3680/3680 3688/3688/3688 3681/3681/3681
f 3694/3694/3694 3692/3692/3692 3693/3693/3693
f 3677/3677/3677 3684/3684/3684 3695/3695/3695
f 3682/3682/3682 3680/3680/3680 3681/3681/3681
f 3680/3680/3680 3686/3686/3686 3690/3690/3690
f 3692/3692/3692 3694/3694/3694 3696/3696/3696
f 3699/3699/3699 3697/3697/3697 3698/3698/3698
f 3701/3701/3701 3698/3698/3698 3700/3700/3700
f 3685/3685/3685 3701/3701/3701 3700/3700/3700
f 3680/3680/3680 3691/3691/3691 3702/3702/3702
f 3680/3680/3680 3696/3696/3696 3694/3694/3694
f 3697/3697/3697 3699/3699/3699 3693/3693/3693
f 3685/3685/3685 3689/3689/3689 3701/3701/3701
f 3696/3696/3696 3680/3680/3680 3703/3703/3703
f 3698/3698/3698 3701/3701/3701 3699/3699/3699
f 3693/3693/3693 3692/3692/3692 3697/3697/3697
f 3680/3680/3680 3702/3702/3702 3703/3703/3703
f 3492/3492/3492 3490/3490/3490 3491/3491/3491
f 3494/3494/3494 3493/3493/3493 3492/3492/3492
f 3496/3496/3496 3495/3495/3495 3494/3494/3494
f 3498/3498/3498 3497/3497/3497 3496/3496/3496
f 3500/3500/3500 3499/3499/3499 3498/3498/3498
f 3502/3502/3502 3501/3501/3501 3500/3500/3500
f 3504/3504/3504 3503/3503/3503 3502/3502/3502
f 3506/3506/3506 3505/3505/3505 3504/3504/3504
f 3505/3505/3505 3506/3506/3506 3507/3507/3507
f 3503/3503/3503 3504/3504/3504 3505/3505/3505
f 3501/3501/3501 3502/3502/3502 3503/3503/3503
f 3499/3499/3499 3500/3500/3500 3501/3501/3501
f 3497/3497/3497 3498/3498/3498 3499/3499/3499
f 3495/3495/3495 3496/3496/3496 3497/3497/3497
f 3493/3493/3493 3494/3494/3494 3495/3495/3495
f 3490/3490/3490 3492/3492/3492 3493/3493/3493
f 3455/3455/3455 3454/3454/3454 3458/3458/3458
f 3450/3450/3450 3451/3451/3451 3453/3453/3453
f 3451/3451/3451 3450/3450/3450 3449/3449/3449
f 3456/3456/3456 3457/3457/3457 3459/3459/3459
f 3454/3454/3454 3450/3450/3450 3453/3453/3453
f 3450/3450/3450 3454/3454/3454 3455/3455/3455
f 3457/3457/3457 3456/3456/3456 3455/3455/3455
f 3449/3449/3449 3448/3448/3448 3452/3452/3452
f 3451/3451/3451 3449/3449/3449 3452/3452/3452
f 3460/3460/3460 3456/3456/3456 3459/3459/3459
f 3456/3456/3456 3460/3460/3460 3461/3461/3461
f 3463/3463/3463 3462/3462/3462 3461/3461/3461
f 3463/3463/3463 3461/3461/3461 3464/3464/3464
f 3466/3466/3466 3462/3462/3462 3465/3465/3465
f 3462/3462/3462 3466/3466/3466 3467/3467/3467
f 3462/3462/3462 3463/3463/3463 3465/3465/3465
f 3467/3467/3467 3466/3466/3466 3470/3470/3470
f 3468/3468/3468 3469/3469/3469 3471/3471/3471
f 3446/3446/3446 3448/3448/3448 3449/3449/3449
f 3448/3448/3448 3446/3446/3446 3447/3447/3447
f 3461/3461/3461 3460/3460/3460 3464/3464/3464
f 3469/3469/3469 3467/3467/3467 3470/3470/3470
f 3469/3469/3469 3468/3468/3468 3467/3467/3467
f 3457/3457/3457 3455/3455/3455 3458/3458/3458
f 3359/3359/3359 3382/3382/3382 3354/3354/3354
f 3362/3362/3362 3383/3383/3383 3359/3359/3359
f 3361/3361/3361 3384/3384/3384 3362/3362/3362
f 3366/3366/3366 3385/3385/3385 3361/3361/3361
f 3369/3369/3369 3386/3386/3386 3366/3366/3366
f 3368/3368/3368 3387/3387/3387 3369/3369/3369
f 3373/3373/3373 3388/3388/3388 3368/3368/3368
f 3376/3376/3376 3389/3389/3389 3373/3373/3373
f 3375/3375/3375 3390/3390/3390 3376/3376/3376
f 3392/3392/3392 3391/3391/3391 3375/3375/3375
f 3381/3381/3381 3393/3393/3393 3380/3380/3380
f 3382/3382/3382 3394/3394/3394 3381/3381/3381
f 3383/3383/3383 3395/3395/3395 3382/3382/3382
f 3384/3384/3384 3396/3396/3396 3383/3383/3383
f 3385/3385/3385 3397/3397/3397 3384/3384/3384
f 3386/3386/3386 3398/3398/3398 3385/3385/3385
f 3387/3387/3387 3399/3399/3399 3386/3386/3386
f 3388/3388/3388 3400/3400/3400 3387/3387/3387
f 3389/3389/3389 3401/3401/3401 3388/3388/3388
f 3390/3390/3390 3402/3402/3402 3389/3389/3389
f 3391/3391/3391 3403/3403/3403 3390/3390/3390
f 3405/3405/3405 3404/3404/3404 3391/3391/3391
f 3368/3368/3368 3370/3370/3370 3371/3371/3371
f 3368/3368/3368 3372/3372/3372 3373/3373/3373
f 3373/3373/3373 3374/3374/3374 3376/3376/3376
f 3375/3375/3375 3377/3377/3377 3378/3378/3378
f 3375/3375/3375 3379/3379/3379 3392/3392/3392
f 3380/3380/3380 3355/3355/3355 3381/3381/3381
f 3354/3354/3354 3381/3381/3381 3355/3355/3355
f 3382/3382/3382 3359/3359/3359 3383/3383/3383
f 3383/3383/3383 3362/3362/3362 3384/3384/3384
f 3384/3384/3384 3361/3361/3361 3385/3385/3385
f 3385/3385/3385 3366/3366/3366 3386/3386/3386
f 3386/3386/3386 3369/3369/3369 3387/3387/3387
f 3387/3387/3387 3368/3368/3368 3388/3388/3388
f 3388/3388/3388 3373/3373/3373 3389/3389/3389
f 3389/3389/3389 3376/3376/3376 3390/3390/3390
f 3390/3390/3390 3375/3375/3375 3391/3391/3391
f 3391/3391/3391 3392/3392/3392 3405/3405/3405
f 3393/3393/3393 3381/3381/3381 3394/3394/3394
f 3394/3394/3394 3382/3382/3382 3395/3395/3395
f 3395/3395/3395 3383/3383/3383 3396/3396/3396
f 3396/3396/3396 3384/3384/3384 3397/3397/3397
f 3397/3397/3397 3385/3385/3385 3398/3398/3398
f 3398/3398/3398 3386/3386/3386 3399/3399/3399
f 3399/3399/3399 3387/3387/3387 3400/3400/3400
f 3394/3394/3394 3406/3406/3406 3393/3393/3393
f 3395/3395/3395 3407/3407/3407 3394/3394/3394
f 3396/3396/3396 3408/3408/3408 3395/3395/3395
f 3397/3397/3397 3409/3409/3409 3396/3396/3396
f 3355/3355/3355 3380/3380/3380 3351/3351/3351
f 3379/3379/3379 3375/3375/3375 3378/3378/3378
f 3377/3377/3377 3376/3376/3376 3374/3374/3374
f 3377/3377/3377 3375/3375/3375 3376/3376/3376
f 3398/3398/3398 3410/3410/3410 3397/3397/3397
f 3399/3399/3399 3411/3411/3411 3398/3398/3398
f 3400/3400/3400 3412/3412/3412 3399/3399/3399
f 3401/3401/3401 3413/3413/3413 3400/3400/3400
f 3402/3402/3402 3414/3414/3414 3401/3401/3401
f 3403/3403/3403 3415/3415/3415 3402/3402/3402
f 3404/3404/3404 3416/3416/3416 3403/3403/3403
f 3418/3418/3418 3417/3417/3417 3404/3404/3404
f 3417/3417/3417 3418/3418/3418 3419/3419/3419
f 3416/3416/3416 3404/3404/3404 3417/3417/3417
f 3415/3415/3415 3403/3403/3403 3416/3416/3416
f 3414/3414/3414 3402/3402/3402 3415/3415/3415
f 3413/3413/3413 3401/3401/3401 3414/3414/3414
f 3412/3412/3412 3400/3400/3400 3413/3413/3413
f 3411/3411/3411 3399/3399/3399 3412/3412/3412
f 3410/3410/3410 3398/3398/3398 3411/3411/3411
f 3409/3409/3409 3397/3397/3397 3410/3410/3410
f 3408/3408/3408 3396/3396/3396 3409/3409/3409
f 3407/3407/3407 3395/3395/3395 3408/3408/3408
f 3372/3372/3372 3368/3368/3368 3371/3371/3371
f 3370/3370/3370 3369/3369/3369 3367/3367/3367
f 3370/3370/3370 3368/3368/3368 3369/3369/3369
f 3367/3367/3367 3366/3366/3366 3365/3365/3365
f 3365/3365/3365 3361/3361/3361 3364/3364/3364
f 3363/3363/3363 3362/3362/3362 3360/3360/3360
f 3363/3363/3363 3361/3361/3361 3362/3362/3362
f 3360/3360/3360 3359/3359/3359 3358/3358/3358
f 3358/3358/3358 3354/3354/3354 3357/3357/3357
f 3400/3400/3400 3388/3388/3388 3401/3401/3401
f 3401/3401/3401 3389/3389/3389 3402/3402/3402
f 3402/3402/3402 3390/3390/3390 3403/3403/3403
f 3403/3403/3403 3391/3391/3391 3404/3404/3404
f 3404/3404/3404 3405/3405/3405 3418/3418/3418
f 3406/3406/3406 3394/3394/3394 3407/3407/3407
f 3356/3356/3356 3355/3355/3355 3353/3353/3353
f 3356/3356/3356 3354/3354/3354 3355/3355/3355
f 3353/3353/3353 3351/3351/3351 3352/3352/3352
f 3351/3351/3351 3353/3353/3353 3355/3355/3355
f 3354/3354/3354 3356/3356/3356 3357/3357/3357
f 3354/3354/3354 3358/3358/3358 3359/3359/3359
f 3359/3359/3359 3360/3360/3360 3362/3362/3362
f 3361/3361/3361 3363/3363/3363 3364/3364/3364
f 3361/3361/3361 3365/3365/3365 3366/3366/3366
f 3381/3381/3381 3354/3354/3354 3382/3382/3382
f 3366/3366/3366 3367/3367/3367 3369/3369/3369
f 3374/3374/3374 3373/3373/3373 3372/3372/3372
f 3511/3511/3511 3513/3513/3513 3515/3515/3515
f 3509/3509/3509 3508/3508/3508 3516/3516/3516
f 3516/3516/3516 3522/3522/3522 3521/3521/3521
f 3511/3511/3511 3520/3520/3520 3519/3519/3519
f 3522/3522/3522 3516/3516/3516 3511/3511/3511
f 3509/3509/3509 3516/3516/3516 3521/3521/3521
f 3511/3511/3511 3517/3517/3517 3520/3520/3520
f 3512/3512/3512 3511/3511/3511 3519/3519/3519
f 3510/3510/3510 3508/3508/3508 3509/3509/3509
f 3513/3513/3513 3511/3511/3511 3512/3512/3512
f 3508/3508/3508 3510/3510/3510 3514/3514/3514
f 3511/3511/3511 3515/3515/3515 3523/3523/3523
f 3517/3517/3517 3511/3511/3511 3516/3516/3516
f 3508/3508/3508 3514/3514/3514 3518/3518/3518
f 3951/3951/3951 3950/3950/3950 3952/3952/3952
f 3955/3955/3955 3953/3953/3953 3954/3954/3954
f 3953/3953/3953 3955/3955/3955 3950/3950/3950
f 3958/3958/3958 3956/3956/3956 3957/3957/3957
f 3951/3951/3951 3949/3949/3949 3950/3950/3950
f 3960/3960/3960 3956/3956/3956 3959/3959/3959
f 3960/3960/3960 3959/3959/3959 3961/3961/3961
f 3964/3964/3964 3962/3962/3962 3963/3963/3963
f 3962/3962/3962 3964/3964/3964 3959/3959/3959
f 3966/3966/3966 3962/3962/3962 3965/3965/3965
f 3966/3966/3966 3965/3965/3965 3967/3967/3967
f 3969/3969/3969 3965/3965/3965 3968/3968/3968
f 3969/3969/3969 3968/3968/3968 3970/3970/3970
f 3973/3973/3973 3971/3971/3971 3972/3972/3972
f 3971/3971/3971 3973/3973/3973 3968/3968/3968
f 3968/3968/3968 3973/3973/3973 3970/3970/3970
f 3965/3965/3965 3969/3969/3969 3967/3967/3967
f 3962/3962/3962 3966/3966/3966 3963/3963/3963
f 3959/3959/3959 3964/3964/3964 3961/3961/3961
f 3956/3956/3956 3960/3960/3960 3957/3957/3957
f 3953/3953/3953 3958/3958/3958 3954/3954/3954
f 3950/3950/3950 3955/3955/3955 3952/3952/3952
f 3956/3956/3956 3958/3958/3958 3953/3953/3953
f 3949/3949/3949 3951/3951/3951 3974/3974/3974
f 4041/4041/4041 4028/4028/4028 4029/4029/4029
f 4003/4003/4003 4001/4001/4001 4002/4002/4002
f 4005/4005/4005 4002/4002/4002 4004/4004/4004
f 4007/4007/4007 4004/4004/4004 4006/4006/4006
f 4009/4009/4009 4006/4006/4006 4008/4008/4008
f 4011/4011/4011 4008/4008/4008 4010/4010/4010
f 4013/4013/4013 4010/4010/4010 4012/4012/4012
f 4056/4056/4056 4042/4042/4042 4057/4057/4057
f 4056/4056/4056 4041/4041/4041 4042/4042/4042
f 4055/4055/4055 4040/4040/4040 4041/4041/4041
f 4054/4054/4054 4039/4039/4039 4040/4040/4040
f 4052/4052/4052 4039/4039/4039 4053/4053/4053
f 4052/4052/4052 4038/4038/4038 4039/4039/4039
f 4038/4038/4038 4051/4051/4051 4037/4037/4037
f 4051/4051/4051 4038/4038/4038 4050/4050/4050
f 4049/4049/4049 4048/4048/4048 4037/4037/4037
f 4047/4047/4047 4034/4034/4034 4035/4035/4035
f 4058/4058/4058 4042/4042/4042 4043/4043/4043
f 4059/4059/4059 4043/4043/4043 4044/4044/4044
f 4061/4061/4061 4045/4045/4045 4060/4060/4060
f 4045/4045/4045 4061/4061/4061 4044/4044/4044
f 4062/4062/4062 4045/4045/4045 4046/4046/4046
f 4062/4062/4062 4046/4046/4046 4063/4063/4063
f 4064/4064/4064 4046/4046/4046 4047/4047/4047
f 4046/4046/4046 4064/4064/4064 4063/4063/4063
f 4045/4045/4045 4062/4062/4062 4060/4060/4060
f 4044/4044/4044 4061/4061/4061 4059/4059/4059
f 4043/4043/4043 4059/4059/4059 4058/4058/4058
f 4042/4042/4042 4058/4058/4058 4057/4057/4057
f 4041/4041/4041 4056/4056/4056 4055/4055/4055
f 4040/4040/4040 4055/4055/4055 4054/4054/4054
f 4039/4039/4039 4054/4054/4054 4053/4053/4053
f 4038/4038/4038 4052/4052/4052 4050/4050/4050
f 4037/4037/4037 4051/4051/4051 4049/4049/4049
f 4048/4048/4048 4049/4049/4049 4065/4065/4065
f 4034/4034/4034 4047/4047/4047 4046/4046/4046
f 4033/4033/4033 4046/4046/4046 4045/4045/4045
f 4032/4032/4032 4045/4045/4045 4044/4044/4044
f 4031/4031/4031 4044/4044/4044 4043/4043/4043
f 4030/4030/4030 4043/4043/4043 4042/4042/4042
f 4029/4029/4029 4042/4042/4042 4041/4041/4041
f 4028/4028/4028 4041/4041/4041 4040/4040/4040
f 4027/4027/4027 4040/4040/4040 4039/4039/4039
f 4026/4026/4026 4039/4039/4039 4038/4038/4038
f 4025/4025/4025 4038/4038/4038 4037/4037/4037
f 4036/4036/4036 4037/4037/4037 4048/4048/4048
f 4021/4021/4021 4035/4035/4035 4034/4034/4034
f 4019/4019/4019 4034/4034/4034 4033/4033/4033
f 4017/4017/4017 4033/4033/4033 4032/4032/4032
f 4015/4015/4015 4032/4032/4032 4031/4031/4031
f 4013/4013/4013 4031/4031/4031 4030/4030/4030
f 4011/4011/4011 4030/4030/4030 4029/4029/4029
f 4009/4009/4009 4029/4029/4029 4028/4028/4028
f 4007/4007/4007 4028/4028/4028 4027/4027/4027
f 4005/4005/4005 4027/4027/4027 4026/4026/4026
f 4003/4003/4003 4026/4026/4026 4025/4025/4025
f 4024/4024/4024 4025/4025/4025 4036/4036/4036
f 4020/4020/4020 4023/4023/4023 4021/4021/4021
f 4018/4018/4018 4021/4021/4021 4019/4019/4019
f 4016/4016/4016 4019/4019/4019 4017/4017/4017
f 4014/4014/4014 4017/4017/4017 4015/4015/4015
f 4012/4012/4012 4015/4015/4015 4013/4013/4013
f 4010/4010/4010 4013/4013/4013 4011/4011/4011
f 4008/4008/4008 4011/4011/4011 4009/4009/4009
f 4006/4006/4006 4009/4009/4009 4007/4007/4007
f 4015/4015/4015 4012/4012/4012 4014/4014/4014
f 4002/4002/4002 4005/4005/4005 4003/4003/4003
f 4001/4001/4001 4003/4003/4003 4024/4024/4024
f 4017/4017/4017 4014/4014/4014 4016/4016/4016
f 4019/4019/4019 4016/4016/4016 4018/4018/4018
f 4021/4021/4021 4018/4018/4018 4020/4020/4020
f 4023/4023/4023 4020/4020/4020 4022/4022/4022
f 4025/4025/4025 4024/4024/4024 4003/4003/4003
f 4026/4026/4026 4003/4003/4003 4005/4005/4005
f 4027/4027/4027 4005/4005/4005 4007/4007/4007
f 4028/4028/4028 4007/4007/4007 4009/4009/4009
f 4029/4029/4029 4009/4009/4009 4011/4011/4011
f 4030/4030/4030 4011/4011/4011 4013/4013/4013
f 4031/4031/4031 4013/4013/4013 4015/4015/4015
f 4032/4032/4032 4015/4015/4015 4017/4017/4017
f 4033/4033/4033 4017/4017/4017 4019/4019/4019
f 4034/4034/4034 4019/4019/4019 4021/4021/4021
f 4035/4035/4035 4021/4021/4021 4023/4023/4023
f 4037/4037/4037 4036/4036/4036 4025/4025/4025
f 4046/4046/4046 4033/4033/4033 4034/4034/4034
f 4045/4045/4045 4032/4032/4032 4033/4033/4033
f 4044/4044/4044 4031/4031/4031 4032/4032/4032
f 4043/4043/4043 4030/4030/4030 4031/4031/4031
f 4042/4042/4042 4029/4029/4029 4030/4030/4030
f 4004/4004/4004 4007/4007/4007 4005/4005/4005
f 4040/4040/4040 4027/4027/4027 4028/4028/4028
f 4039/4039/4039 4026/4026/4026 4027/4027/4027
f 4038/4038/4038 4025/4025/4025 4026/4026/4026
f 4134/4134/4134 4136/4136/4136 4170/4170/4170
f 4137/4137/4137 4135/4135/4135 4134/4134/4134
f 4139/4139/4139 4138/4138/4138 4137/4137/4137
f 4142/4142/4142 4145/4145/4145 4143/4143/4143
f 4145/4145/4145 4156/4156/4156 4157/4157/4157
f 4157/4157/4157 4158/4158/4158 4159/4159/4159
f 4162/4162/4162 4160/4160/4160 4161/4161/4161
f 4164/4164/4164 4161/4161/4161 4163/4163/4163
f 4131/4131/4131 4133/4133/4133 4147/4147/4147
f 4149/4149/4149 4152/4152/4152 4150/4150/4150
f 4152/4152/4152 4165/4165/4165 4155/4155/4155
f 4153/4153/4153 4155/4155/4155 4165/4165/4165
f 4152/4152/4152 4149/4149/4149 4151/4151/4151
f 4139/4139/4139 4141/4141/4141 4138/4138/4138
f 4156/4156/4156 4145/4145/4145 4144/4144/4144
f 4158/4158/4158 4157/4157/4157 4156/4156/4156
f 4161/4161/4161 4164/4164/4164 4162/4162/4162
f 4132/4132/4132 4150/4150/4150 4133/4133/4133
f 4154/4154/4154 4153/4153/4153 4166/4166/4166
f 4150/4150/4150 4132/4132/4132 4149/4149/4149
f 4131/4131/4131 4147/4147/4147 4146/4146/4146
f 4148/4148/4148 4146/4146/4146 4147/4147/4147
f 4145/4145/4145 4142/4142/4142 4144/4144/4144
f 4143/4143/4143 4140/4140/4140 4142/4142/4142
f 4141/4141/4141 4139/4139/4139 4140/4140/4140
f 4135/4135/4135 4137/4137/4137 4138/4138/4138
f 4136/4136/4136 4134/4134/4134 4135/4135/4135
f 4133/4133/4133 4131/4131/4131 4132/4132/4132
f 4166/4166/4166 4169/4169/4169 4154/4154/4154
f 4155/4155/4155 4153/4153/4153 4154/4154/4154
f 4167/4167/4167 4164/4164/4164 4163/4163/4163
f 4168/4168/4168 4136/4136/4136 4169/4169/4169
f 4146/4146/4146 4148/4148/4148 4167/4167/4167
f 4159/4159/4159 4158/4158/4158 4160/4160/4160
f 4136/4136/4136 4168/4168/4168 4170/4170/4170
f 4169/4169/4169 4166/4166/4166 4168/4168/4168
f 4165/4165/4165 4152/4152/4152 4151/4151/4151
f 4164/4164/4164 4167/4167/4167 4148/4148/4148
f 4160/4160/4160 4162/4162/4162 4159/4159/4159
f 4140/4140/4140 4143/4143/4143 4141/4141/4141
f 4189/4189/4189 4186/4186/4186 4188/4188/4188
f 4186/4186/4186 4189/4189/4189 4190/4190/4190
f 4193/4193/4193 4191/4191/4191 4192/4192/4192
f 4195/4195/4195 4194/4194/4194 4173/4173/4173
f 4196/4196/4196 4173/4173/4173 4174/4174/4174
f 4197/4197/4197 4174/4174/4174 4178/4178/4178
f 4198/4198/4198 4178/4178/4178 4181/4181/4181
f 4199/4199/4199 4181/4181/4181 4183/4183/4183
f 4200/4200/4200 4183/4183/4183 4185/4185/4185
f 4201/4201/4201 4185/4185/4185 4186/4186/4186
f 4202/4202/4202 4186/4186/4186 4190/4190/4190
f 4203/4203/4203 4190/4190/4190 4193/4193/4193
f 4205/4205/4205 4204/4204/4204 4195/4195/4195
f 4206/4206/4206 4195/4195/4195 4196/4196/4196
f 4207/4207/4207 4196/4196/4196 4197/4197/4197
f 4208/4208/4208 4197/4197/4197 4198/4198/4198
f 4209/4209/4209 4198/4198/4198 4199/4199/4199
f 4210/4210/4210 4199/4199/4199 4200/4200/4200
f 4211/4211/4211 4200/4200/4200 4201/4201/4201
f 4212/4212/4212 4201/4201/4201 4202/4202/4202
f 4213/4213/4213 4202/4202/4202 4203/4203/4203
f 4215/4215/4215 4214/4214/4214 4205/4205/4205
f 4216/4216/4216 4205/4205/4205 4206/4206/4206
f 4217/4217/4217 4206/4206/4206 4207/4207/4207
f 4218/4218/4218 4207/4207/4207 4208/4208/4208
f 4219/4219/4219 4208/4208/4208 4209/4209/4209
f 4220/4220/4220 4209/4209/4209 4210/4210/4210
f 4221/4221/4221 4210/4210/4210 4211/4211/4211
f 4222/4222/4222 4211/4211/4211 4212/4212/4212
f 4223/4223/4223 4212/4212/4212 4213/4213/4213
f 4212/4212/4212 4223/4223/4223 4222/4222/4222
f 4211/4211/4211 4222/4222/4222 4221/4221/4221
f 4210/4210/4210 4221/4221/4221 4220/4220/4220
f 4209/4209/4209 4220/4220/4220 4219/4219/4219
f 4208/4208/4208 4219/4219/4219 4218/4218/4218
f 4207/4207/4207 4218/4218/4218 4217/4217/4217
f 4206/4206/4206 4217/4217/4217 4216/4216/4216
f 4205/4205/4205 4216/4216/4216 4215/4215/4215
f 4214/4214/4214 4215/4215/4215 4224/4224/4224
f 4202/4202/4202 4213/4213/4213 4212/4212/4212
f 4201/4201/4201 4212/4212/4212 4211/4211/4211
f 4200/4200/4200 4211/4211/4211 4210/4210/4210
f 4199/4199/4199 4210/4210/4210 4209/4209/4209
f 4198/4198/4198 4209/4209/4209 4208/4208/4208
f 4197/4197/4197 4208/4208/4208 4207/4207/4207
f 4196/4196/4196 4207/4207/4207 4206/4206/4206
f 4195/4195/4195 4206/4206/4206 4205/4205/4205
f 4204/4204/4204 4205/4205/4205 4214/4214/4214
f 4190/4190/4190 4203/4203/4203 4202/4202/4202
f 4186/4186/4186 4202/4202/4202 4201/4201/4201
f 4185/4185/4185 4201/4201/4201 4200/4200/4200
f 4183/4183/4183 4200/4200/4200 4199/4199/4199
f 4181/4181/4181 4199/4199/4199 4198/4198/4198
f 4178/4178/4178 4198/4198/4198 4197/4197/4197
f 4174/4174/4174 4197/4197/4197 4196/4196/4196
f 4173/4173/4173 4196/4196/4196 4195/4195/4195
f 4194/4194/4194 4195/4195/4195 4204/4204/4204
f 4191/4191/4191 4193/4193/4193 4190/4190/4190
f 4190/4190/4190 4189/4189/4189 4191/4191/4191
f 4186/4186/4186 4187/4187/4187 4188/4188/4188
f 4182/4182/4182 4185/4185/4185 4183/4183/4183
f 4180/4180/4180 4183/4183/4183 4181/4181/4181
f 4187/4187/4187 4185/4185/4185 4184/4184/4184
f 4178/4178/4178 4177/4177/4177 4179/4179/4179
f 4174/4174/4174 4175/4175/4175 4176/4176/4176
f 4171/4171/4171 4173/4173/4173 4194/4194/4194
f 4173/4173/4173 4171/4171/4171 4172/4172/4172
f 4175/4175/4175 4174/4174/4174 4173/4173/4173
f 4175/4175/4175 4173/4173/4173 4172/4172/4172
f 4177/4177/4177 4174/4174/4174 4176/4176/4176
f 4174/4174/4174 4177/4177/4177 4178/4178/4178
f 4181/4181/4181 4179/4179/4179 4180/4180/4180
f 4183/4183/4183 4180/4180/4180 4182/4182/4182
f 4185/4185/4185 4182/4182/4182 4184/4184/4184
f 4187/4187/4187 4186/4186/4186 4185/4185/4185
f 4179/4179/4179 4181/4181/4181 4178/4178/4178
f 4270/4270/4270 4275/4275/4275 4271/4271/4271
f 4273/4273/4273 4275/4275/4275 4270/4270/4270
f 4275/4275/4275 4273/4273/4273 4274/4274/4274
f 4270/4270/4270 4272/4272/4272 4267/4267/4267
f 4272/4272/4272 4270/4270/4270 4271/4271/4271
f 4257/4257/4257 4255/4255/4255 4256/4256/4256
f 4257/4257/4257 4256/4256/4256 4258/4258/4258
f 4260/4260/4260 4256/4256/4256 4259/4259/4259
f 4260/4260/4260 4259/4259/4259 4261/4261/4261
f 4264/4264/4264 4262/4262/4262 4263/4263/4263
f 4262/4262/4262 4264/4264/4264 4259/4259/4259
f 4263/4263/4263 4265/4265/4265 4266/4266/4266
f 4268/4268/4268 4265/4265/4265 4267/4267/4267
f 4259/4259/4259 4264/4264/4264 4261/4261/4261
f 4267/4267/4267 4272/4272/4272 4269/4269/4269
f 4265/4265/4265 4268/4268/4268 4266/4266/4266
f 4265/4265/4265 4263/4263/4263 4262/4262/4262
f 4268/4268/4268 4267/4267/4267 4269/4269/4269
f 4256/4256/4256 4260/4260/4260 4258/4258/4258
f 4255/4255/4255 4257/4257/4257 4276/4276/4276
f 4235/4235/4235 4237/4237/4237 4236/4236/4236
f 4232/4232/4232 4254/4254/4254 4251/4251/4251
f 4238/4238/4238 4240/4240/4240 4250/4250/4250
f 4243/4243/4243 4246/4246/4246 4244/4244/4244
f 4253/4253/4253 4234/4234/4234 4233/4233/4233
f 4254/4254/4254 4232/4232/4232 4231/4231/4231
f 4239/4239/4239 4242/4242/4242 4240/4240/4240
f 4225/4225/4225 4227/4227/4227 4233/4233/4233
f 4252/4252/4252 4248/4248/4248 4247/4247/4247
f 4249/4249/4249 4251/4251/4251 4254/4254/4254
f 4248/4248/4248 4252/4252/4252 4253/4253/4253
f 4247/4247/4247 4246/4246/4246 4245/4245/4245
f 4241/4241/4241 4244/4244/4244 4242/4242/4242
f 4238/4238/4238 4250/4250/4250 4249/4249/4249
f 4251/4251/4251 4249/4249/4249 4250/4250/4250
f 4228/4228/4228 4230/4230/4230 4237/4237/4237
f 4226/4226/4226 4236/4236/4236 4227/4227/4227
f 4246/4246/4246 4247/4247/4247 4248/4248/4248
f 4246/4246/4246 4243/4243/4243 4245/4245/4245
f 4244/4244/4244 4241/4241/4241 4243/4243/4243
f 4242/4242/4242 4239/4239/4239 4241/4241/4241
f 4240/4240/4240 4238/4238/4238 4239/4239/4239
f 4231/4231/4231 4230/4230/4230 4229/4229/4229
f 4237/4237/4237 4235/4235/4235 4228/4228/4228
f 4236/4236/4236 4226/4226/4226 4235/4235/4235
f 4225/4225/4225 4233/4233/4233 4234/4234/4234
f 4230/4230/4230 4231/4231/4231 4232/4232/4232
f 4230/4230/4230 4228/4228/4228 4229/4229/4229
f 4234/4234/4234 4253/4253/4253 4252/4252/4252
f 4227/4227/4227 4225/4225/4225 4226/4226/4226
f 4284/4284/4284 4286/4286/4286 4281/4281/4281
f 4288/4288/4288 4284/4284/4284 4287/4287/4287
f 4290/4290/4290 4287/4287/4287 4289/4289/4289
f 4290/4290/4290 4289/4289/4289 4291/4291/4291
f 4294/4294/4294 4292/4292/4292 4293/4293/4293
f 4292/4292/4292 4294/4294/4294 4289/4289/4289
f 4297/4297/4297 4295/4295/4295 4296/4296/4296
f 4277/4277/4277 4279/4279/4279 4298/4298/4298
f 4278/4278/4278 4282/4282/4282 4280/4280/4280
f 4281/4281/4281 4286/4286/4286 4283/4283/4283
f 4284/4284/4284 4288/4288/4288 4285/4285/4285
f 4287/4287/4287 4290/4290/4290 4288/4288/4288
f 4289/4289/4289 4294/4294/4294 4291/4291/4291
f 4292/4292/4292 4297/4297/4297 4293/4293/4293
f 4295/4295/4295 4297/4297/4297 4292/4292/4292
f 4286/4286/4286 4284/4284/4284 4285/4285/4285
f 4282/4282/4282 4281/4281/4281 4283/4283/4283
f 4282/4282/4282 4278/4278/4278 4281/4281/4281
f 4279/4279/4279 4278/4278/4278 4280/4280/4280
f 4279/4279/4279 4277/4277/4277 4278/4278/4278
f 4302/4302/4302 4305/4305/4305 4306/4306/4306
f 4305/4305/4305 4302/4302/4302 4304/4304/4304
f 4303/4303/4303 4301/4301/4301 4300/4300/4300
f 4303/4303/4303 4302/4302/4302 4301/4301/4301
f 4301/4301/4301 4299/4299/4299 4300/4300/4300
f 4309/4309/4309 4307/4307/4307 4308/4308/4308
f 4311/4311/4311 4308/4308/4308 4310/4310/4310
f 4313/4313/4313 4310/4310/4310 4312/4312/4312
f 4315/4315/4315 4314/4314/4314 4313/4313/4313
f 4343/4343/4343 4342/4342/4342 4333/4333/4333
f 4341/4341/4341 4330/4330/4330 4331/4331/4331
f 4340/4340/4340 4329/4329/4329 4330/4330/4330
f 4339/4339/4339 4328/4328/4328 4329/4329/4329
f 4338/4338/4338 4327/4327/4327 4328/4328/4328
f 4344/4344/4344 4333/4333/4333 4334/4334/4334
f 4345/4345/4345 4334/4334/4334 4335/4335/4335
f 4346/4346/4346 4335/4335/4335 4336/4336/4336
f 4347/4347/4347 4336/4336/4336 4337/4337/4337
f 4348/4348/4348 4337/4337/4337 4338/4338/4338
f 4349/4349/4349 4338/4338/4338 4339/4339/4339
f 4350/4350/4350 4339/4339/4339 4340/4340/4340
f 4351/4351/4351 4340/4340/4340 4341/4341/4341
f 4340/4340/4340 4351/4351/4351 4350/4350/4350
f 4339/4339/4339 4350/4350/4350 4349/4349/4349
f 4337/4337/4337 4326/4326/4326 4327/4327/4327
f 4337/4337/4337 4348/4348/4348 4347/4347/4347
f 4336/4336/4336 4347/4347/4347 4346/4346/4346
f 4335/4335/4335 4346/4346/4346 4345/4345/4345
f 4334/4334/4334 4345/4345/4345 4344/4344/4344
f 4333/4333/4333 4344/4344/4344 4343/4343/4343
f 4342/4342/4342 4343/4343/4343 4352/4352/4352
f 4330/4330/4330 4341/4341/4341 4340/4340/4340
f 4329/4329/4329 4340/4340/4340 4339/4339/4339
f 4328/4328/4328 4339/4339/4339 4338/4338/4338
f 4327/4327/4327 4338/4338/4338 4337/4337/4337
f 4326/4326/4326 4337/4337/4337 4336/4336/4336
f 4325/4325/4325 4336/4336/4336 4335/4335/4335
f 4324/4324/4324 4335/4335/4335 4334/4334/4334
f 4323/4323/4323 4334/4334/4334 4333/4333/4333
f 4332/4332/4332 4333/4333/4333 4342/4342/4342
f 4318/4318/4318 4331/4331/4331 4330/4330/4330
f 4314/4314/4314 4330/4330/4330 4329/4329/4329
f 4313/4313/4313 4329/4329/4329 4328/4328/4328
f 4311/4311/4311 4328/4328/4328 4327/4327/4327
f 4309/4309/4309 4327/4327/4327 4326/4326/4326
f 4306/4306/4306 4326/4326/4326 4325/4325/4325
f 4302/4302/4302 4325/4325/4325 4324/4324/4324
f 4301/4301/4301 4324/4324/4324 4323/4323/4323
f 4322/4322/4322 4323/4323/4323 4332/4332/4332
f 4319/4319/4319 4321/4321/4321 4318/4318/4318
f 4318/4318/4318 4317/4317/4317 4319/4319/4319
f 4314/4314/4314 4315/4315/4315 4316/4316/4316
f 4310/4310/4310 4313/4313/4313 4311/4311/4311
f 4308/4308/4308 4311/4311/4311 4309/4309/4309
f 4307/4307/4307 4309/4309/4309 4306/4306/4306
f 4306/4306/4306 4305/4305/4305 4307/4307/4307
f 4302/4302/4302 4303/4303/4303 4304/4304/4304
f 4299/4299/4299 4301/4301/4301 4322/4322/4322
f 4336/4336/4336 4325/4325/4325 4326/4326/4326
f 4335/4335/4335 4324/4324/4324 4325/4325/4325
f 4315/4315/4315 4313/4313/4313 4312/4312/4312
f 4331/4331/4331 4318/4318/4318 4321/4321/4321
f 4333/4333/4333 4332/4332/4332 4323/4323/4323
f 4330/4330/4330 4314/4314/4314 4318/4318/4318
f 4329/4329/4329 4313/4313/4313 4314/4314/4314
f 4328/4328/4328 4311/4311/4311 4313/4313/4313
f 4327/4327/4327 4309/4309/4309 4311/4311/4311
f 4326/4326/4326 4306/4306/4306 4309/4309/4309
f 4325/4325/4325 4302/4302/4302 4306/4306/4306
f 4324/4324/4324 4301/4301/4301 4302/4302/4302
f 4323/4323/4323 4322/4322/4322 4301/4301/4301
f 4321/4321/4321 4319/4319/4319 4320/4320/4320
f 4314/4314/4314 4317/4317/4317 4318/4318/4318
f 4338/4338/4338 4349/4349/4349 4348/4348/4348
f 4317/4317/4317 4314/4314/4314 4316/4316/4316
f 4334/4334/4334 4323/4323/4323 4324/4324/4324
f 4104/4104/4104 4091/4091/4091 4092/4092/4092
f 4105/4105/4105 4092/4092/4092 4093/4093/4093
f 4106/4106/4106 4093/4093/4093 4094/4094/4094
f 4107/4107/4107 4094/4094/4094 4095/4095/4095
f 4108/4108/4108 4095/4095/4095 4096/4096/4096
f 4109/4109/4109 4096/4096/4096 4097/4097/4097
f 4110/4110/4110 4097/4097/4097 4098/4098/4098
f 4111/4111/4111 4098/4098/4098 4099/4099/4099
f 4112/4112/4112 4099/4099/4099 4100/4100/4100
f 4114/4114/4114 4113/4113/4113 4102/4102/4102
f 4116/4116/4116 4103/4103/4103 4115/4115/4115
f 4103/4103/4103 4116/4116/4116 4102/4102/4102
f 4117/4117/4117 4103/4103/4103 4104/4104/4104
f 4117/4117/4117 4104/4104/4104 4118/4118/4118
f 4086/4086/4086 4083/4083/4083 4085/4085/4085
f 4120/4120/4120 4105/4105/4105 4106/4106/4106
f 4122/4122/4122 4107/4107/4107 4121/4121/4121
f 4107/4107/4107 4122/4122/4122 4106/4106/4106
f 4123/4123/4123 4107/4107/4107 4108/4108/4108
f 4124/4124/4124 4108/4108/4108 4109/4109/4109
f 4126/4126/4126 4110/4110/4110 4125/4125/4125
f 4110/4110/4110 4126/4126/4126 4109/4109/4109
f 4127/4127/4127 4110/4110/4110 4111/4111/4111
f 4127/4127/4127 4111/4111/4111 4128/4128/4128
f 4129/4129/4129 4111/4111/4111 4112/4112/4112
f 4111/4111/4111 4129/4129/4129 4128/4128/4128
f 4110/4110/4110 4127/4127/4127 4125/4125/4125
f 4109/4109/4109 4126/4126/4126 4124/4124/4124
f 4108/4108/4108 4124/4124/4124 4123/4123/4123
f 4107/4107/4107 4123/4123/4123 4121/4121/4121
f 4106/4106/4106 4122/4122/4122 4120/4120/4120
f 4105/4105/4105 4120/4120/4120 4119/4119/4119
f 4104/4104/4104 4119/4119/4119 4118/4118/4118
f 4103/4103/4103 4117/4117/4117 4115/4115/4115
f 4102/4102/4102 4116/4116/4116 4114/4114/4114
f 4113/4113/4113 4114/4114/4114 4130/4130/4130
f 4099/4099/4099 4112/4112/4112 4111/4111/4111
f 4098/4098/4098 4111/4111/4111 4110/4110/4110
f 4103/4103/4103 4090/4090/4090 4091/4091/4091
f 4096/4096/4096 4109/4109/4109 4108/4108/4108
f 4095/4095/4095 4108/4108/4108 4107/4107/4107
f 4094/4094/4094 4107/4107/4107 4106/4106/4106
f 4093/4093/4093 4106/4106/4106 4105/4105/4105
f 4092/4092/4092 4105/4105/4105 4104/4104/4104
f 4091/4091/4091 4104/4104/4104 4103/4103/4103
f 4090/4090/4090 4103/4103/4103 4102/4102/4102
f 4101/4101/4101 4102/4102/4102 4113/4113/4113
f 4086/4086/4086 4100/4100/4100 4099/4099/4099
f 4084/4084/4084 4099/4099/4099 4098/4098/4098
f 4082/4082/4082 4098/4098/4098 4097/4097/4097
f 4080/4080/4080 4097/4097/4097 4096/4096/4096
f 4078/4078/4078 4096/4096/4096 4095/4095/4095
f 4076/4076/4076 4095/4095/4095 4094/4094/4094
f 4074/4074/4074 4094/4094/4094 4093/4093/4093
f 4072/4072/4072 4093/4093/4093 4092/4092/4092
f 4070/4070/4070 4092/4092/4092 4091/4091/4091
f 4068/4068/4068 4091/4091/4091 4090/4090/4090
f 4089/4089/4089 4090/4090/4090 4101/4101/4101
f 4085/4085/4085 4088/4088/4088 4086/4086/4086
f 4083/4083/4083 4086/4086/4086 4084/4084/4084
f 4081/4081/4081 4084/4084/4084 4082/4082/4082
f 4079/4079/4079 4082/4082/4082 4080/4080/4080
f 4077/4077/4077 4080/4080/4080 4078/4078/4078
f 4075/4075/4075 4078/4078/4078 4076/4076/4076
f 4073/4073/4073 4076/4076/4076 4074/4074/4074
f 4071/4071/4071 4074/4074/4074 4072/4072/4072
f 4069/4069/4069 4072/4072/4072 4070/4070/4070
f 4067/4067/4067 4070/4070/4070 4068/4068/4068
f 4066/4066/4066 4068/4068/4068 4089/4089/4089
f 4084/4084/4084 4081/4081/4081 4083/4083/4083
f 4082/4082/4082 4079/4079/4079 4081/4081/4081
f 4080/4080/4080 4077/4077/4077 4079/4079/4079
f 4078/4078/4078 4075/4075/4075 4077/4077/4077
f 4102/4102/4102 4101/4101/4101 4090/4090/4090
f 4100/4100/4100 4086/4086/4086 4088/4088/4088
f 4099/4099/4099 4084/4084/4084 4086/4086/4086
f 4098/4098/4098 4082/4082/4082 4084/4084/4084
f 4097/4097/4097 4080/4080/4080 4082/4082/4082
f 4076/4076/4076 4073/4073/4073 4075/4075/4075
f 4074/4074/4074 4071/4071/4071 4073/4073/4073
f 4072/4072/4072 4069/4069/4069 4071/4071/4071
f 4070/4070/4070 4067/4067/4067 4069/4069/4069
f 4068/4068/4068 4066/4066/4066 4067/4067/4067
f 4096/4096/4096 4078/4078/4078 4080/4080/4080
f 4095/4095/4095 4076/4076/4076 4078/4078/4078
f 4094/4094/4094 4074/4074/4074 4076/4076/4076
f 4093/4093/4093 4072/4072/4072 4074/4074/4074
f 4092/4092/4092 4070/4070/4070 4072/4072/4072
f 4091/4091/4091 4068/4068/4068 4070/4070/4070
f 4090/4090/4090 4089/4089/4089 4068/4068/4068
f 4097/4097/4097 4110/4110/4110 4109/4109/4109
f 4088/4088/4088 4085/4085/4085 4087/4087/4087
f 4119/4119/4119 4104/4104/4104 4105/4105/4105
f 3999/3999/3999 3997/3997/3997 3998/3998/3998
f 3995/3995/3995 3994/3994/3994 3996/3996/3996
f 3995/3995/3995 3991/3991/3991 3994/3994/3994
f 3992/3992/3992 3991/3991/3991 3993/3993/3993
f 3992/3992/3992 3988/3988/3988 3991/3991/3991
f 3988/3988/3988 3990/3990/3990 3985/3985/3985
f 3990/3990/3990 3988/3988/3988 3989/3989/3989
f 3986/3986/3986 3985/3985/3985 3987/3987/3987
f 3986/3986/3986 3982/3982/3982 3985/3985/3985
f 3982/3982/3982 3984/3984/3984 3979/3979/3979
f 3997/3997/3997 3999/3999/3999 3994/3994/3994
f 3979/3979/3979 3981/3981/3981 3976/3976/3976
f 3981/3981/3981 3979/3979/3979 3980/3980/3980
f 3977/3977/3977 3976/3976/3976 3978/3978/3978
f 3977/3977/3977 3975/3975/3975 3976/3976/3976
f 3991/3991/3991 3995/3995/3995 3993/3993/3993
f 3988/3988/3988 3992/3992/3992 3989/3989/3989
f 3985/3985/3985 3990/3990/3990 3987/3987/3987
f 3982/3982/3982 3986/3986/3986 3983/3983/3983
f 3979/3979/3979 3984/3984/3984 3980/3980/3980
f 3976/3976/3976 3981/3981/3981 3978/3978/3978
f 3975/3975/3975 3977/3977/3977 4000/4000/4000
f 3984/3984/3984 3982/3982/3982 3983/3983/3983
f 3994/3994/3994 3999/3999/3999 3996/3996/3996
