# https://github.com/mikedh/trimesh
v 0.01815800 -0.07797700 0.10186800
v 0.02914500 -0.07713700 0.10096000
v 0.01686100 -0.11865800 0.08517500
v -0.00186800 -0.07968000 0.10155900
v 0.00780600 -0.07882700 0.10202600
v -0.00010200 -0.11992400 0.08540800
v 0.00810500 -0.11929300 0.08561900
v 0.02910200 -0.07715300 -0.10032900
v 0.01686500 -0.11867900 -0.08485900
v 0.02610700 -0.11805100 -0.08353100
v 0.00776200 -0.07882900 -0.10175300
v -0.00009800 -0.11992900 -0.08527600
v 0.00810900 -0.11930700 -0.08539900
v -0.00191100 -0.07967600 -0.10144800
v -0.00772300 -0.12054200 -0.08461000
v 0.01811500 -0.07798600 -0.10142300
v 0.04560400 -0.11682600 -0.07799500
v 0.05871200 -0.07516700 -0.09337000
v 0.05261600 -0.07554800 -0.09531100
v 0.06484600 -0.07479600 -0.09112200
v 0.04064400 -0.07633800 -0.09833700
v 0.03573500 -0.11743000 -0.08128400
v 0.05057200 -0.11653400 -0.07592500
v 0.07098800 -0.07443700 -0.08855500
v 0.05552400 -0.11625000 -0.07355600
v -0.01017100 -0.16000000 -0.06891000
v -0.00759300 -0.16000000 -0.06924000
v -0.01314600 -0.16000000 -0.06840400
v -0.00456500 -0.16000000 -0.06950200
v -0.00160400 -0.16000000 -0.06962800
v 0.00109800 -0.16000000 -0.06963200
v 0.00479700 -0.16000000 -0.06946300
v 0.00724600 -0.16000000 -0.06924100
v 0.01280400 -0.16000000 -0.06840300
v 0.01829000 -0.16000000 -0.06710800
v 0.02439400 -0.16000000 -0.06508500
v 0.02584800 -0.16000000 -0.06450700
v 0.02369200 -0.16000000 -0.06535100
v 0.03311200 -0.16000000 -0.06100800
v 0.02956100 -0.16000000 -0.06285000
v 0.03451700 -0.16000000 -0.06020400
v 0.08315900 -0.07376100 -0.08242100
v 0.07710400 -0.07409200 -0.08565800
v 0.03925400 -0.16000000 -0.05715000
v 0.08911100 -0.07344800 -0.07883900
v 0.04375900 -0.16000000 -0.05368700
v 0.09491900 -0.07315200 -0.07490900
v 0.04865800 -0.16000000 -0.04916700
v 0.10053800 -0.07287600 -0.07063300
v 0.04453900 -0.16000000 -0.05302400
v 0.05244300 -0.16000000 -0.04499100
v 0.11102800 -0.07238900 -0.06106900
v 0.10592400 -0.07262100 -0.06601600
v 0.05588600 -0.16000000 -0.04050500
v 0.11580600 -0.07218000 -0.05580400
v 0.05897700 -0.16000000 -0.03571100
v 0.12021200 -0.07199500 -0.05024300
v 0.06086600 -0.16000000 -0.03228200
v 0.12420500 -0.07183500 -0.04440800
v 0.05951600 -0.16000000 -0.03477800
v 0.06211700 -0.16000000 -0.02972600
v 0.12774400 -0.07169900 -0.03832900
v 0.06429600 -0.16000000 -0.02448600
v 0.13079400 -0.07158800 -0.03203700
v 0.06605000 -0.16000000 -0.01906700
v 0.13332700 -0.07150000 -0.02556800
v 0.06737000 -0.16000000 -0.01347500
v 0.13531700 -0.07143400 -0.01896200
v 0.06802500 -0.16000000 -0.00947600
v 0.13674800 -0.07139000 -0.01226000
v 0.06751400 -0.16000000 -0.01270500
v 0.06830900 -0.16000000 -0.00703900
v 0.06850000 -0.16000000 -0.00473400
v 0.13760800 -0.07136300 -0.00550200
v 0.06864400 -0.16000000 -0.00133700
v 0.13789600 -0.07135300 0.00126700
v 0.06851600 -0.16000000 0.00439100
v 0.06792000 -0.16000000 0.01013600
v 0.13675400 -0.07137800 0.01477200
v 0.06721100 -0.16000000 0.01418200
v 0.13532600 -0.07141700 0.02144900
v 0.06675600 -0.16000000 0.01624400
v 0.13333800 -0.07147700 0.02801900
v 0.06608300 -0.16000000 0.01886200
v 0.06521900 -0.16000000 0.02173800
v 0.13080900 -0.07156000 0.03444200
v 0.06323800 -0.16000000 0.02709900
v 0.12776100 -0.07166700 0.04067900
v 0.06080900 -0.16000000 0.03231500
v 0.12422400 -0.07179900 0.04669500
v 0.05778700 -0.16000000 0.03758800
v 0.12023400 -0.07195600 0.05245800
v 0.05456600 -0.16000000 0.04224900
v 0.11583000 -0.07213900 0.05794000
v 0.05096900 -0.16000000 0.04663800
v 0.10595100 -0.07257700 0.06797700
v 0.04699600 -0.16000000 0.05074400
v 0.10056800 -0.07283200 0.07249900
v 0.04238500 -0.16000000 0.05475700
v 0.09495000 -0.07310800 0.07667600
v 0.03783700 -0.16000000 0.05807700
v 0.08319300 -0.07371900 0.08398100
v 0.03302200 -0.16000000 0.06101900
v 0.07714000 -0.07405100 0.08711200
v 0.02794200 -0.16000000 0.06357100
v 0.07102500 -0.07439900 0.08990300
v 0.02577000 -0.16000000 0.06450700
v 0.06488400 -0.07476000 0.09236400
v 0.02212600 -0.16000000 0.06588300
v 0.05265700 -0.07551900 0.09634300
v 0.05875200 -0.07513400 0.09450600
v 0.04068600 -0.07631500 0.09916400
v 0.01853700 -0.16000000 0.06701400
v 0.01674500 -0.16000000 0.06749800
v 0.01123300 -0.16000000 0.06866800
v 0.00559800 -0.16000000 0.06938500
v -0.00063400 -0.16000000 0.06963100
v -0.00624900 -0.16000000 0.06936700
v -0.01184100 -0.16000000 0.06863900
v -0.00772800 -0.12054400 0.08466000
v -0.01393200 -0.14029800 0.07595600
v -0.01265600 -0.13269100 0.07919200
v -0.01230300 -0.13052500 0.08011000
v -0.01739900 -0.16000000 0.06744400
v -0.01564500 -0.15009800 0.07174700
v -0.00885900 -0.10797400 0.08959100
v -0.01072800 -0.12053500 0.08432300
v -0.00923400 -0.11055100 0.08851200
v -0.00415300 -0.07357400 0.10394600
v 0.00263000 -0.01976500 0.12637000
v 0.01605400 0.00000000 0.13433200
v 0.02316500 0.00000000 0.13391600
v 0.02696800 0.00000000 0.13361700
v 0.03777100 0.00000000 0.13247500
v 0.04845400 0.00000000 0.13090800
v 0.05207300 0.00000000 0.13027500
v 0.05900800 0.00000000 0.12891500
v 0.06743300 0.00000000 0.12699300
v 0.06942400 0.00000000 0.12649400
v 0.07728600 0.00000000 0.12435000
v 0.08651400 0.00000000 0.12146500
v 0.09550300 0.00000000 0.11824300
v 0.10424500 0.00000000 0.11468600
v 0.11273400 0.00000000 0.11079200
v 0.12096000 0.00000000 0.10655900
v 0.12891200 0.00000000 0.10198100
v 0.08914400 -0.07340400 0.08050300
v 0.13625400 0.00000000 0.09726900
v 0.14291000 0.00000000 0.09253100
v 0.14923500 0.00000000 0.08754800
v 0.15522200 0.00000000 0.08231800
v 0.11105400 -0.07234600 0.06312000
v 0.15878900 0.00000000 0.07892300
v 0.16086100 0.00000000 0.07684000
v 0.16614100 0.00000000 0.07110900
v 0.17056700 0.00000000 0.06574000
v 0.17479300 0.00000000 0.05998900
v 0.17862200 0.00000000 0.05408100
v 0.18036100 0.00000000 0.05111300
v 0.18204700 0.00000000 0.04801700
v 0.18506000 0.00000000 0.04179600
v 0.18765000 0.00000000 0.03541900
v 0.18823000 0.00000000 0.03379700
v 0.19022100 0.00000000 0.02739900
v 0.19175600 0.00000000 0.02095100
v 0.13761100 -0.07135800 0.00803100
v 0.19211100 0.00000000 0.01909700
v 0.19283600 0.00000000 0.01445700
v 0.19345900 0.00000000 0.00792200
v 0.19362400 0.00000000 0.00135200
v 0.19324800 0.00000000 0.01072500
v 0.19350300 0.00000000 -0.00254200
v 0.19324800 0.00000000 -0.00614300
v 0.19291300 0.00000000 -0.00926700
v 0.19184900 0.00000000 -0.01592800
v 0.19031600 0.00000000 -0.02253200
v 0.18831500 0.00000000 -0.02908100
v 0.18655000 0.00000000 -0.03384900
v 0.18431600 0.00000000 -0.03905500
v 0.18022000 0.00000000 -0.04708000
v 0.18362100 0.00000000 -0.04053600
v 0.17635300 0.00000000 -0.05348700
v 0.17201800 0.00000000 -0.05975700
v 0.17006200 0.00000000 -0.06234400
v 0.16471600 0.00000000 -0.06881100
v 0.15891400 0.00000000 -0.07502500
v 0.15266700 0.00000000 -0.08099100
v 0.14598100 0.00000000 -0.08670800
v 0.13886100 0.00000000 -0.09217200
v 0.13246900 0.00000000 -0.09661400
v 0.12400100 0.00000000 -0.10192300
v 0.11518200 0.00000000 -0.10684600
v 0.10602600 0.00000000 -0.11138700
v 0.09655000 0.00000000 -0.11554500
v 0.08676600 0.00000000 -0.11931800
v 0.07669100 0.00000000 -0.12269900
v 0.06733300 0.00000000 -0.12541600
v 0.05609000 0.00000000 -0.12817700
v 0.05196700 0.00000000 -0.12905800
v 0.06693400 0.00000000 -0.12552300
v 0.03717200 0.00000000 -0.13166400
v 0.04510400 0.00000000 -0.13037300
v 0.02278100 0.00000000 -0.13339800
v 0.03399400 0.00000000 -0.13211300
v 0.01148400 0.00000000 -0.13422500
v 0.00353100 -0.01242700 -0.12931500
v -0.00357000 -0.06930700 -0.10565500
v 0.00503600 0.00000000 -0.13449000
v -0.00843600 -0.10532400 -0.09066800
v -0.00918800 -0.11054400 -0.08848900
v -0.01558000 -0.15009300 -0.07176200
v -0.01645800 -0.15503200 -0.06962300
v -0.01387000 -0.14028600 -0.07596700
v -0.01237800 -0.13133200 -0.07976600
v -0.01225100 -0.13054900 -0.08009600
v -0.01067900 -0.12054600 -0.08430400
v -0.01733100 -0.16000000 -0.06746100
v -0.01570800 -0.16000000 -0.06785900
v 0.00503700 0.00000000 0.13461400
v 0.03787200 -0.23938500 0.05399000
v 0.04084600 -0.27861600 0.05058700
v 0.03730400 -0.27861600 0.05325300
v 0.04258200 -0.27861600 0.04913500
v 0.03212000 -0.23938500 0.05759800
v 0.03163100 -0.27861600 0.05680600
v 0.02602800 -0.23938500 0.06059500
v 0.02562200 -0.27861600 0.05975700
v 0.01965900 -0.23938500 0.06295000
v 0.02166000 -0.27861600 0.06130500
v 0.01934200 -0.27861600 0.06207500
v 0.01308200 -0.23938500 0.06463800
v 0.01285700 -0.27861600 0.06373500
v 0.00636700 -0.23938500 0.06564100
v 0.01098800 -0.27861600 0.06408400
v 0.00623500 -0.27861600 0.06471900
v -0.00041600 -0.23938500 0.06594700
v 0.00000000 -0.27861600 0.06501900
v -0.00045200 -0.27861600 0.06501700
v -0.00719500 -0.23938500 0.06555500
v -0.00713500 -0.27861600 0.06462600
v -0.01389700 -0.23938500 0.06446800
v -0.01098800 -0.27861600 0.06408400
v -0.01374200 -0.27861600 0.06355000
v -0.02045200 -0.23938500 0.06269700
v -0.02020300 -0.27861600 0.06180000
v -0.02679000 -0.23938500 0.06026200
v -0.02166000 -0.27861600 0.06130500
v -0.02645100 -0.27861600 0.05939500
v -0.03284400 -0.23938500 0.05718800
v -0.03170900 -0.27861600 0.05676200
v -0.03241800 -0.27861600 0.05636100
v -0.03855000 -0.23938500 0.05350800
v -0.03804100 -0.27861600 0.05272900
v -0.04384800 -0.23938500 0.04926000
v -0.04084600 -0.27861600 0.05058700
v -0.04326100 -0.27861600 0.04853800
v -0.04868100 -0.23938500 0.04449100
v -0.04802200 -0.27861600 0.04383300
v -0.05299700 -0.23938500 0.03925000
v -0.04880800 -0.27861600 0.04295600
v -0.05227500 -0.27861600 0.03866300
v -0.05675200 -0.23938500 0.03359200
v -0.05536500 -0.27861600 0.03409000
v -0.05597300 -0.27861600 0.03308300
v -0.05990500 -0.23938500 0.02757900
v -0.05907800 -0.27861600 0.02715200
v -0.06242300 -0.23938500 0.02127300
v -0.06033000 -0.27861600 0.02424300
v -0.06155700 -0.27861600 0.02093400
v -0.06428000 -0.23938500 0.01474200
v -0.06338300 -0.27861600 0.01449400
v -0.06545500 -0.23938500 0.00805500
v -0.06355900 -0.27861600 0.01369800
v -0.06453700 -0.27861600 0.00790000
v -0.06593600 -0.23938500 0.00128200
v -0.06496000 -0.27861600 0.00275900
v -0.06500700 -0.27861600 0.00122200
v -0.06571900 -0.23938500 -0.00550400
v -0.06478800 -0.27861600 -0.00546900
v -0.06480400 -0.23938500 -0.01223200
v -0.06449200 -0.27861600 -0.00825900
v -0.06388300 -0.27861600 -0.01210100
v -0.06320300 -0.23938500 -0.01883100
v -0.06230000 -0.27861600 -0.01860600
v -0.06093200 -0.23938500 -0.02523000
v -0.06216900 -0.27861600 -0.01903900
v -0.06005700 -0.27861600 -0.02491300
v -0.05801500 -0.23938500 -0.03136100
v -0.05805700 -0.27861600 -0.02927200
v -0.05717700 -0.27861600 -0.03095600
v -0.05448300 -0.23938500 -0.03716000
v -0.05369100 -0.27861600 -0.03667100
v -0.05037300 -0.23938500 -0.04256500
v -0.05227500 -0.27861600 -0.03866200
v -0.04963600 -0.27861600 -0.04199700
v -0.04573000 -0.23938500 -0.04751900
v -0.04505400 -0.27861600 -0.04687800
v -0.04060100 -0.23938500 -0.05196900
v -0.03999600 -0.27861600 -0.05126200
v -0.03504300 -0.23938500 -0.05586800
v -0.03640900 -0.27861600 -0.05386900
v -0.03451300 -0.27861600 -0.05510300
v -0.02911200 -0.23938500 -0.05917500
v -0.02866400 -0.27861600 -0.05835900
v -0.02287400 -0.23938500 -0.06185500
v -0.02678100 -0.27861600 -0.05924700
v -0.02251200 -0.27861600 -0.06099700
v -0.01639200 -0.23938500 -0.06387900
v -0.01612100 -0.27861600 -0.06298900
v -0.00973800 -0.23938500 -0.06522600
v -0.00955900 -0.27861600 -0.06431200
v -0.00297900 -0.23938500 -0.06588100
v -0.00551400 -0.27861600 -0.06478500
v -0.00289500 -0.27861600 -0.06495400
v 0.00381000 -0.23938500 -0.06583900
v 0.00379900 -0.27861600 -0.06490800
v 0.01056000 -0.23938500 -0.06509800
v 0.00551400 -0.27861600 -0.06478500
v 0.01045200 -0.27861600 -0.06417300
v 0.01719700 -0.23938500 -0.06366700
v 0.01638300 -0.27861600 -0.06292100
v 0.01699500 -0.27861600 -0.06275800
v 0.02365200 -0.23938500 -0.06156100
v 0.02335800 -0.27861600 -0.06067800
v 0.02985700 -0.23938500 -0.05880300
v 0.02678100 -0.27861600 -0.05924700
v 0.02947300 -0.27861600 -0.05795500
v 0.03574500 -0.23938500 -0.05542100
v 0.03527600 -0.27861600 -0.05461700
v 0.04125400 -0.23938500 -0.05145200
v 0.03640900 -0.27861600 -0.05386900
v 0.04070500 -0.27861600 -0.05070100
v 0.04632600 -0.23938500 -0.04693800
v 0.04498900 -0.27861600 -0.04694100
v 0.04570200 -0.27861600 -0.04624700
v 0.05090600 -0.23938500 -0.04192600
v 0.05021500 -0.27861600 -0.04130200
v 0.05494700 -0.23938500 -0.03646900
v 0.05227500 -0.27861600 -0.03866200
v 0.05419600 -0.27861600 -0.03592000
v 0.05840600 -0.23938500 -0.03062600
v 0.05760200 -0.27861600 -0.03015700
v 0.06124500 -0.23938500 -0.02445900
v 0.05805700 -0.27861600 -0.02927200
v 0.06039700 -0.27861600 -0.02407500
v 0.06343600 -0.23938500 -0.01803200
v 0.06216900 -0.27861600 -0.01903900
v 0.06255300 -0.27861600 -0.01773700
v 0.06495400 -0.23938500 -0.01141400
v 0.06404500 -0.27861600 -0.01121100
v 0.06578300 -0.23938500 -0.00467500
v 0.06449200 -0.27861600 -0.00825900
v 0.06485800 -0.27861600 -0.00456700
v 0.06591500 -0.23938500 0.00211400
v 0.06501900 -0.27861600 0.00000000
v 0.06498400 -0.27861600 0.00212600
v 0.06534800 -0.23938500 0.00888000
v 0.06496000 -0.27861600 0.00275900
v 0.06442100 -0.27861600 0.00879700
v 0.06408900 -0.23938500 0.01555200
v 0.06355900 -0.27861600 0.01369800
v 0.06317500 -0.27861600 0.01537400
v 0.06215000 -0.23938500 0.02206000
v 0.06125900 -0.27861600 0.02178800
v 0.05955200 -0.23938500 0.02833300
v 0.06033000 -0.27861600 0.02424300
v 0.05869400 -0.27861600 0.02797100
v 0.05632300 -0.23938500 0.03430600
v 0.05550700 -0.27861600 0.03385800
v 0.05249800 -0.23938500 0.03991500
v 0.05173200 -0.27861600 0.03938600
v 0.04811500 -0.23938500 0.04510200
v 0.04880800 -0.27861600 0.04295600
v 0.04740800 -0.27861600 0.04449600
v 0.04322300 -0.23938500 0.04981000
v 0.02836900 -0.16000000 0.06398100
v 0.02164000 -0.16000000 0.06655900
v 0.01468200 -0.16000000 0.06843100
v 0.00756800 -0.16000000 0.06957800
v 0.00037400 -0.16000000 0.06998800
v -0.00682400 -0.16000000 0.06965500
v -0.01395000 -0.16000000 0.06858400
v -0.02092800 -0.16000000 0.06678600
v -0.02768400 -0.16000000 0.06428000
v -0.03414700 -0.16000000 0.06109300
v -0.04024700 -0.16000000 0.05725800
v -0.04592200 -0.16000000 0.05281700
v -0.05110900 -0.16000000 0.04781500
v -0.05575400 -0.16000000 0.04230700
v -0.05980900 -0.16000000 0.03635000
v -0.06322900 -0.16000000 0.03000700
v -0.06598000 -0.16000000 0.02334700
v -0.06803000 -0.16000000 0.01643900
v -0.06936000 -0.16000000 0.00935700
v -0.06995500 -0.16000000 0.00217600
v -0.06980800 -0.16000000 -0.00502900
v -0.06892100 -0.16000000 -0.01218000
v -0.06730300 -0.16000000 -0.01920100
v -0.06497200 -0.16000000 -0.02602000
v -0.06195200 -0.16000000 -0.03256200
v -0.05827600 -0.16000000 -0.03876000
v -0.05398200 -0.16000000 -0.04454600
v -0.04911500 -0.16000000 -0.04986100
v -0.04372800 -0.16000000 -0.05464700
v -0.03787800 -0.16000000 -0.05885300
v -0.03162500 -0.16000000 -0.06243600
v -0.02503800 -0.16000000 -0.06535700
v -0.01818500 -0.16000000 -0.06758500
v -0.01114000 -0.16000000 -0.06909600
v -0.00397600 -0.16000000 -0.06987500
v 0.00322900 -0.16000000 -0.06991400
v 0.01040100 -0.16000000 -0.06921100
v 0.01746200 -0.16000000 -0.06777500
v 0.02433800 -0.16000000 -0.06562000
v 0.03095700 -0.16000000 -0.06277000
v 0.03724700 -0.16000000 -0.05925400
v 0.04314200 -0.16000000 -0.05511100
v 0.04858000 -0.16000000 -0.05038300
v 0.05350300 -0.16000000 -0.04512100
v 0.05785800 -0.16000000 -0.03938000
v 0.06160100 -0.16000000 -0.03322300
v 0.06469000 -0.16000000 -0.02671300
v 0.06709400 -0.16000000 -0.01992000
v 0.06878700 -0.16000000 -0.01291500
v 0.06998900 -0.16000000 0.00000000
v 0.06975000 -0.16000000 -0.00577400
v 0.06997400 -0.16000000 0.00142800
v 0.06945600 -0.16000000 0.00861500
v 0.06820200 -0.16000000 0.01571100
v 0.06622500 -0.16000000 0.02264100
v 0.06354600 -0.16000000 0.02933000
v 0.06019400 -0.16000000 0.03570900
v 0.05620300 -0.16000000 0.04170800
v 0.05161700 -0.16000000 0.04726600
v 0.04648300 -0.16000000 0.05232300
v 0.04085700 -0.16000000 0.05682500
v 0.03479800 -0.16000000 0.06072500
v -0.01043800 -0.09335500 -0.00005900
v -0.01046300 -0.09326900 -0.00778100
v -0.04506300 -0.12918900 -0.00694200
v -0.01436200 -0.08207300 0.07176200
v -0.01588000 -0.08706200 0.07130500
v -0.01601800 -0.08500000 0.07398200
v 0.07991100 0.00000000 -0.00378000
v 0.03059600 -0.05090900 -0.00441300
v 0.03066300 -0.05092900 -0.00003200
v -0.00753800 -0.04000000 0.07716800
v 0.00000000 0.00000000 0.08000000
v 0.00013800 -0.02045100 0.07816700
v 0.00456400 0.00000000 0.07987000
v -0.04520600 -0.12924500 -0.00008100
v -0.07490100 -0.16000000 -0.00385000
v -0.01204400 -0.08858700 -0.05314500
v -0.01240100 -0.08754000 -0.05759800
v -0.01843800 -0.09733600 -0.05639200
v -0.01087800 -0.09202000 -0.02978900
v -0.01111700 -0.09131500 -0.03640300
v -0.02705500 -0.11024600 -0.03450600
v -0.01054700 -0.09301100 -0.01538400
v -0.01068700 -0.09259100 -0.02275400
v -0.04398400 -0.12875400 -0.02032200
v -0.04465300 -0.12902500 -0.01371600
v -0.02755800 -0.11086100 -0.02818000
v -0.01139500 -0.09049400 -0.04252900
v -0.01170700 -0.08957800 -0.04811900
v -0.02581000 -0.10871800 -0.04584700
v -0.02646800 -0.10952600 -0.04041000
v -0.04194100 -0.12792600 -0.03273500
v -0.04061300 -0.12738600 -0.03842200
v -0.01187300 -0.08909000 -0.05070400
v -0.01865600 -0.09834000 -0.05195000
v -0.02509400 -0.10784000 -0.05078600
v -0.03911600 -0.12677800 -0.04370300
v -0.03747900 -0.12611200 -0.04854700
v -0.03009800 -0.11625900 -0.05406400
v -0.02433500 -0.10690600 -0.05521500
v -0.01578500 -0.08706200 -0.07136000
v -0.01564500 -0.08922000 -0.06708100
v -0.01352600 -0.08425000 -0.06762200
v -0.01390200 -0.08315200 -0.06994300
v -0.01277100 -0.08645800 -0.06148100
v -0.01314800 -0.08535600 -0.06481300
v -0.01798200 -0.09522900 -0.06367000
v -0.01821200 -0.09629400 -0.06029400
v -0.02354500 -0.10593500 -0.05913100
v -0.02273600 -0.10493900 -0.06254600
v -0.01984200 -0.09906000 -0.06600900
v -0.01775000 -0.09415600 -0.06654300
v -0.01729300 -0.09203400 -0.07090700
v -0.01879700 -0.09699000 -0.07045600
v -0.01592000 -0.08500000 -0.07402500
v -0.01427200 -0.08207300 -0.07181500
v -0.01463300 -0.08102000 -0.07327900
v -0.01685600 -0.09000000 -0.07367400
v -0.01779300 -0.09500000 -0.07332200
v -0.02029500 -0.10193100 -0.07000600
v -0.02110300 -0.10292700 -0.06795400
v -0.01872900 -0.10000000 -0.07297100
v -0.01950200 -0.10095300 -0.07166600
v -0.02465100 -0.11267000 -0.06697400
v -0.02603400 -0.11358100 -0.06442700
v -0.02191900 -0.10393200 -0.06547800
v -0.02741300 -0.11449000 -0.06144000
v -0.02877400 -0.11538700 -0.05799100
v -0.03390100 -0.12465600 -0.05687300
v -0.03201400 -0.12388700 -0.06035200
v -0.03009500 -0.12310500 -0.06338900
v -0.02192500 -0.11087200 -0.07086400
v -0.02327700 -0.11176400 -0.06911000
v -0.02816400 -0.12231900 -0.06600400
v -0.02624100 -0.12153500 -0.06822000
v -0.02247500 -0.12000000 -0.07156500
v -0.02434000 -0.12076000 -0.07006400
v -0.02060200 -0.11000000 -0.07226800
v -0.03573200 -0.12540100 -0.05293900
v -0.04662700 -0.14308100 -0.05076400
v -0.04307300 -0.12838500 -0.02668300
v -0.05587500 -0.14447600 -0.03107700
v -0.07275300 -0.16000000 -0.01822000
v -0.07321400 -0.16000000 -0.01627200
v -0.07431900 -0.16000000 -0.01008500
v -0.05754000 -0.14472600 -0.02528800
v -0.05169100 -0.14384500 -0.04167600
v -0.05391300 -0.14418000 -0.03655300
v -0.06944600 -0.16000000 -0.02832500
v -0.07158700 -0.16000000 -0.02236700
v -0.06679800 -0.16000000 -0.03410200
v -0.04924900 -0.14347700 -0.04642000
v -0.06365800 -0.16000000 -0.03965700
v -0.06004100 -0.16000000 -0.04494500
v -0.03509000 -0.14134000 -0.06409100
v -0.03806200 -0.14178800 -0.06135400
v -0.04099700 -0.14223100 -0.05822800
v -0.04386300 -0.14266400 -0.05470000
v -0.05705300 -0.16000000 -0.04868300
v -0.05345300 -0.16000000 -0.05260900
v -0.05596700 -0.16000000 -0.04992700
v -0.04969700 -0.16000000 -0.05617100
v -0.05146100 -0.16000000 -0.05456000
v -0.04654800 -0.16000000 -0.05880700
v -0.02914700 -0.14044200 -0.06847100
v -0.03211100 -0.14089000 -0.06645600
v -0.04125900 -0.16000000 -0.06263200
v -0.03790700 -0.16000000 -0.06471500
v -0.03563400 -0.16000000 -0.06599400
v -0.02434800 -0.13000000 -0.07086200
v -0.02622100 -0.14000000 -0.07015900
v -0.02809400 -0.15000000 -0.06945600
v -0.02588200 -0.10871800 0.04573000
v -0.02517500 -0.10784000 0.05067700
v -0.01872900 -0.09834000 0.05185000
v -0.01176600 -0.08957800 0.04802300
v -0.02447600 -0.12076000 0.06999500
v -0.02930500 -0.14044200 0.06839100
v -0.02449800 -0.13000000 0.07079600
v -0.02638300 -0.14000000 0.07008800
v -0.01322800 -0.08535600 0.06474100
v -0.01807200 -0.09522900 0.06359000
v -0.01784400 -0.09415600 0.06647000
v -0.02072900 -0.11000000 0.07221200
v -0.01884500 -0.10000000 0.07292000
v -0.01961600 -0.10095300 0.07160800
v -0.01761700 -0.09308800 0.06887800
v -0.01739300 -0.09203400 0.07084900
v -0.01398900 -0.08315200 0.06988400
v -0.01696000 -0.09000000 0.07362800
v -0.01717400 -0.09100300 0.07241900
v -0.02121000 -0.10292700 0.06788200
v -0.02040600 -0.10193100 0.06994100
v -0.01361000 -0.08425000 0.06755700
v -0.02202300 -0.10393200 0.06539800
v -0.02339900 -0.11176400 0.06903800
v -0.02261400 -0.12000000 0.07150400
v -0.02204900 -0.11087200 0.07080000
v -0.02637300 -0.12153500 0.06814200
v -0.02476800 -0.11267000 0.06689500
v -0.02829200 -0.12231900 0.06591800
v -0.02614700 -0.11358100 0.06433900
v -0.02283500 -0.10493900 0.06245800
v -0.02752100 -0.11449000 0.06134400
v -0.01247300 -0.08754000 0.05751300
v -0.01851700 -0.09733600 0.05629900
v -0.01829700 -0.09629400 0.06020800
v -0.01284700 -0.08645800 0.06140300
v -0.02363900 -0.10593500 0.05903600
v -0.02442300 -0.10690600 0.05511200
v -0.01211000 -0.08858700 0.05305500
v -0.03019300 -0.11625900 0.05395300
v -0.02887600 -0.11538700 0.05788700
v -0.03117700 -0.12349700 0.06182600
v -0.03021800 -0.12310500 0.06329400
v -0.03213100 -0.12388700 0.06024800
v -0.03307700 -0.12427400 0.05856100
v -0.03401200 -0.12465600 0.05676100
v -0.03145400 -0.11709400 0.04953300
v -0.03493200 -0.12503200 0.05484700
v -0.03583400 -0.12540100 0.05281900
v -0.03671600 -0.12576100 0.05067600
v -0.03757300 -0.12611200 0.04841900
v -0.03820300 -0.14178800 0.06124500
v -0.03226400 -0.14089000 0.06636600
v -0.03482500 -0.16000000 0.06642400
v -0.02826700 -0.15000000 0.06938000
v -0.03015200 -0.16000000 0.06867200
v -0.03523800 -0.14134000 0.06399100
v -0.03808100 -0.16000000 0.06461300
v -0.04205200 -0.16000000 0.06210100
v -0.03998900 -0.16000000 0.06345000
v -0.04598700 -0.16000000 0.05924700
v -0.04491900 -0.16000000 0.06006100
v -0.04398900 -0.14266400 0.05457200
v -0.04113100 -0.14223100 0.05810900
v -0.03967400 -0.14201100 0.05972600
v -0.04984800 -0.16000000 0.05603700
v -0.04958000 -0.16000000 0.05627500
v -0.04257100 -0.14244900 0.05639100
v -0.04807000 -0.14328200 0.04850100
v -0.04674400 -0.14308100 0.05062700
v -0.05393900 -0.16000000 0.05211200
v -0.05359500 -0.16000000 0.05246500
v -0.05718300 -0.16000000 0.04852900
v -0.04538200 -0.14287500 0.05265100
v -0.04935600 -0.14347700 0.04627400
v -0.05796300 -0.16000000 0.04759500
v -0.06056800 -0.16000000 0.04423200
v -0.03920100 -0.12677800 0.04356700
v -0.05178700 -0.14384500 0.04152300
v -0.04402300 -0.12875400 0.02016400
v -0.04312400 -0.12838500 0.02653000
v -0.02760300 -0.11086100 0.02804700
v -0.01071500 -0.09259100 0.02264100
v -0.01116200 -0.09131500 0.03629700
v -0.02711000 -0.11024600 0.03437800
v -0.02653200 -0.10952600 0.04028800
v -0.01144800 -0.09049400 0.04242800
v -0.04068700 -0.12738600 0.03828000
v -0.01091500 -0.09202000 0.02967900
v -0.04200400 -0.12792600 0.03258700
v -0.01047200 -0.09326900 0.00766400
v -0.04507700 -0.12918900 0.00678000
v -0.04467900 -0.12902500 0.01355600
v -0.01056600 -0.09301100 0.01526800
v -0.05891900 -0.14492700 0.01905700
v -0.05759800 -0.14472600 0.02511500
v -0.05594600 -0.14447600 0.03090900
v -0.05399700 -0.14418000 0.03639100
v -0.06162200 -0.16000000 0.04275100
v -0.06370100 -0.16000000 0.03958700
v -0.06488900 -0.16000000 0.03760900
v -0.06653500 -0.16000000 0.03461300
v -0.06773600 -0.16000000 0.03219900
v -0.06902500 -0.16000000 0.02933600
v -0.07014100 -0.16000000 0.02655600
v -0.07112600 -0.16000000 0.02379200
v -0.07450600 -0.16000000 0.00859200
v -0.07354300 -0.16000000 0.01471400
v -0.07280200 -0.16000000 0.01802400
v -0.07208200 -0.16000000 0.02071500
v -0.07496200 -0.16000000 0.00239000
v -0.00484800 -0.04077000 0.07651200
v -0.00980200 -0.06095900 0.07486700
v -0.01130700 -0.06000000 0.07575200
v 0.01762500 -0.02246700 0.07207500
v 0.01302400 -0.02193700 0.07439300
v 0.02240900 0.00000000 0.07679700
v 0.00855400 -0.02142100 0.07613600
v 0.00425000 -0.02092500 0.07737200
v 0.01055700 0.00000000 0.07930000
v -0.00203500 -0.04157500 0.07547800
v 0.01651700 0.00000000 0.07827600
v 0.00088800 -0.04241200 0.07401100
v 0.00390400 -0.04327500 0.07205200
v 0.02701200 -0.02355000 0.06544800
v 0.02466200 -0.02327900 0.06737300
v 0.03505600 0.00000000 0.07191000
v 0.03930800 0.00000000 0.06967700
v 0.02230800 -0.02300700 0.06911400
v 0.02819600 0.00000000 0.07486700
v 0.03384000 0.00000000 0.07249000
v 0.00698400 -0.04415600 0.06954600
v 0.01009700 -0.04504700 0.06643600
v 0.02934700 -0.02381900 0.06333400
v 0.01165200 -0.04549200 0.06463800
v 0.01319900 -0.04593500 0.06267200
v 0.01473100 -0.04637300 0.06053300
v 0.03165700 -0.02408500 0.06102400
v 0.04456200 0.00000000 0.06644000
v 0.01624000 -0.04680500 0.05821700
v 0.05039200 -0.02624600 0.02718400
v 0.04762500 -0.02592700 0.03540200
v 0.07058800 0.00000000 0.03764700
v 0.07264100 0.00000000 0.03351500
v 0.04425100 -0.02553800 0.04296300
v 0.04038700 -0.02509200 0.04978100
v 0.06027400 0.00000000 0.05260300
v 0.06277600 0.00000000 0.04959000
v 0.03615000 -0.02460400 0.05580700
v 0.05429400 0.00000000 0.05875500
v 0.05870700 0.00000000 0.05434600
v 0.01916100 -0.04764100 0.05304700
v 0.03392900 -0.02434700 0.05851600
v 0.04956900 0.00000000 0.06279300
v 0.02189600 -0.04842300 0.04715800
v 0.06647200 0.00000000 0.04451400
v 0.06976900 0.00000000 0.03914500
v 0.06576500 0.00000000 0.04555200
v 0.02437400 -0.04913200 0.04057200
v 0.02652600 -0.04974700 0.03333900
v 0.03005300 -0.05075500 0.01302700
v 0.02958700 -0.05062200 0.01728500
v 0.07702800 0.00000000 0.02160400
v 0.07456600 0.00000000 0.02898100
v 0.07506800 0.00000000 0.02765600
v 0.02899500 -0.05045300 0.02146100
v 0.02828400 -0.05025000 0.02554000
v 0.07948400 0.00000000 0.00906900
v 0.07995600 0.00000000 0.00266300
v 0.03059400 -0.05090900 0.00434900
v 0.03039000 -0.05085100 0.00870900
v 0.07850500 0.00000000 0.01539600
v 0.00322000 -0.06925600 0.05045800
v 0.00167400 -0.06827200 0.05556500
v -0.01226700 -0.07100600 0.07404800
v -0.01319100 -0.07000000 0.07504400
v 0.00180100 -0.05472200 0.06831400
v -0.00056400 -0.05372700 0.07090600
v -0.00662400 -0.06298500 0.07192700
v -0.00823800 -0.06195600 0.07360800
v 0.00418200 -0.05572300 0.06513800
v 0.00654600 -0.05671700 0.06133500
v -0.00329400 -0.06510700 0.06710300
v -0.00497100 -0.06403800 0.06977400
v -0.00161200 -0.06617900 0.06386700
v 0.00005300 -0.06724000 0.06003100
v -0.00830300 -0.07531700 0.06591200
v -0.00932000 -0.07421200 0.06865800
v -0.01413400 -0.07500000 0.07469000
v -0.01131000 -0.07204700 0.07268200
v -0.01032500 -0.07311900 0.07090100
v -0.01283800 -0.07706800 0.07222200
v -0.01507600 -0.08000000 0.07433600
v -0.01147200 -0.07924800 0.06810600
v -0.00728700 -0.07642200 0.06262300
v 0.00707500 -0.07170900 0.03143800
v 0.00595500 -0.07099700 0.03835600
v 0.00465900 -0.07017200 0.04471300
v 0.04763500 -0.02592700 -0.03543300
v 0.06876100 0.00000000 -0.04088900
v 0.06576500 0.00000000 -0.04555200
v 0.07058800 0.00000000 -0.03764700
v 0.02959700 -0.05062200 -0.01734800
v 0.07825600 0.00000000 -0.01661500
v 0.07664600 0.00000000 -0.02292200
v 0.03039500 -0.05085100 -0.00877300
v 0.07934400 0.00000000 -0.01022100
v 0.05040000 -0.02624600 -0.02721600
v 0.07188800 0.00000000 -0.03510100
v 0.07452100 0.00000000 -0.02909800
v 0.02900800 -0.05045300 -0.02152400
v 0.02829900 -0.05025000 -0.02560200
v 0.04040200 -0.02509200 -0.04980900
v 0.06108600 0.00000000 -0.05165700
v 0.05657900 0.00000000 -0.05655800
v 0.04426400 -0.02553800 -0.04299300
v 0.06515400 0.00000000 -0.04642100
v 0.02654600 -0.04974700 -0.03339900
v 0.02439900 -0.04913200 -0.04062900
v 0.04238700 -0.02532100 -0.04649800
v 0.03616700 -0.02460400 -0.05583300
v 0.05165800 0.00000000 -0.06108500
v 0.02192400 -0.04842300 -0.04721200
v 0.03832300 -0.02485200 -0.05292200
v 0.02058600 -0.04804000 -0.05024400
v 0.01919300 -0.04764100 -0.05309800
v 0.03394600 -0.02434700 -0.05854200
v 0.04635200 0.00000000 -0.06520400
v 0.01775300 -0.04722800 -0.05577200
v 0.03167500 -0.02408500 -0.06104900
v 0.00599000 -0.07099700 -0.03843900
v 0.00800800 -0.07228700 -0.02411900
v 0.00710400 -0.07170900 -0.03152300
v 0.00326600 -0.06925600 -0.05053200
v 0.00470000 -0.07017200 -0.04479100
v 0.00250700 -0.06877100 -0.05316400
v 0.00889800 -0.05768900 -0.05693100
v 0.01627500 -0.04680500 -0.05826500
v -0.00525300 -0.07856700 -0.05437300
v 0.00172500 -0.06827200 -0.05563500
v 0.00659200 -0.05671700 -0.06139000
v 0.01476700 -0.04637300 -0.06057900
v 0.01304600 -0.02193700 -0.07441000
v 0.02342200 0.00000000 -0.07649400
v 0.01755400 0.00000000 -0.07805000
v 0.02232900 -0.02300700 -0.06913500
v 0.03472800 0.00000000 -0.07206900
v 0.02915800 0.00000000 -0.07449700
v 0.03505600 0.00000000 -0.07191000
v 0.02703100 -0.02355000 -0.06547100
v 0.04069100 0.00000000 -0.06887900
v 0.02468200 -0.02327900 -0.06739400
v 0.02936600 -0.02381900 -0.06335700
v 0.01323700 -0.04593500 -0.06271600
v 0.01169100 -0.04549200 -0.06468100
v 0.01764600 -0.02246700 -0.07209400
v 0.01013700 -0.04504700 -0.06647600
v 0.00702600 -0.04415600 -0.06958300
v 0.00857600 -0.02142100 -0.07615200
v 0.01158800 0.00000000 -0.07915600
v 0.01061900 0.00000000 -0.07929200
v 0.00394700 -0.04327500 -0.07208600
v 0.00093300 -0.04241200 -0.07404000
v 0.00427300 -0.02092500 -0.07738600
v -0.00655900 -0.06298500 -0.07197100
v -0.00490700 -0.06403800 -0.06982400
v -0.00051000 -0.05372700 -0.07094700
v 0.00010800 -0.06724000 -0.06009500
v -0.00622100 -0.07751100 -0.05883100
v 0.00423100 -0.05572300 -0.06518800
v -0.00155300 -0.06617900 -0.06392700
v 0.00185300 -0.05472200 -0.06836000
v -0.00323300 -0.06510700 -0.06715700
v -0.00823200 -0.07531700 -0.06597500
v -0.00721900 -0.07642200 -0.06269100
v -0.00924600 -0.07421200 -0.06871600
v -0.01024900 -0.07311900 -0.07095200
v -0.00199000 -0.04157500 -0.07550400
v -0.00480200 -0.04077000 -0.07653500
v -0.00973400 -0.06095900 -0.07490200
v -0.00817100 -0.06195600 -0.07364800
v -0.00749200 -0.04000000 -0.07718800
v -0.01123800 -0.06000000 -0.07578200
v -0.01218700 -0.07100600 -0.07408900
v -0.01123200 -0.07204700 -0.07272800
v -0.01311000 -0.07000000 -0.07507900
v -0.01498300 -0.08000000 -0.07437700
v 0.00271300 -0.01000000 -0.07902500
v 0.00515600 0.00000000 -0.07983400
v 0.00508200 -0.01000000 -0.07875800
v 0.00000000 -0.01000000 -0.07922500
v -0.00985500 -0.09274700 0.00169500
v -0.00974700 -0.09263000 0.00223400
v -0.00924000 -0.09208500 0.00382400
v -0.00939000 -0.09224600 0.00343900
v -0.00835500 -0.09113600 0.00549500
v -0.00633700 -0.08897600 0.00773600
v -0.00776300 -0.09050100 0.00630400
v -0.00994400 -0.09284200 0.00106100
v -0.00837400 -0.09116600 -0.00546500
v -0.00768600 -0.09043000 -0.00639700
v -0.00921800 -0.09206800 -0.00387700
v -0.00974700 -0.09263400 -0.00223400
v -0.00952300 -0.09239400 -0.00305200
v -0.00991200 -0.09281000 -0.00132400
v -0.00997400 -0.09287600 -0.00072400
v 0.03006100 -0.05075500 -0.01309100
v 0.00463500 -0.07755700 -0.00886100
v 0.00636700 -0.07582100 -0.00771100
v 0.00284500 -0.07937500 -0.00958700
v 0.00433300 -0.07786200 -0.00901200
v 0.00072400 -0.08155600 -0.00997400
v -0.00187800 -0.08427100 -0.00982200
v -0.00142100 -0.08379100 -0.00989900
v -0.00000100 -0.08230900 -0.01000000
v -0.00379200 -0.08628700 -0.00925300
v -0.00556200 -0.08816500 -0.00831000
v -0.00433000 -0.08685700 -0.00901400
v -0.00635200 -0.08900700 -0.00772300
v 0.00996900 -0.07228900 -0.00078700
v 0.00974800 -0.07250200 -0.00222900
v 0.00949300 -0.07275000 -0.00314300
v 0.00965600 -0.07259200 -0.00260000
v 0.00780800 -0.07439500 -0.00624800
v 0.00849400 -0.07372200 -0.00527700
v 0.00729700 -0.07489900 -0.00683700
v 0.00874000 -0.07348300 -0.00486000
v 0.00846500 -0.07374200 0.00532400
v 0.00780900 -0.07438400 0.00624600
v 0.00733600 -0.07485000 0.00679600
v 0.00899500 -0.07322700 0.00437000
v 0.00981400 -0.07243600 0.00191900
v 0.00974900 -0.07249800 0.00222700
v 0.01000000 -0.07225800 0.00010000
v 0.00963800 -0.07260500 0.00266500
v -0.00500500 -0.08755900 0.00865700
v -0.00305000 -0.08548700 0.00952400
v -0.00432900 -0.08684100 0.00901400
v 0.00000000 -0.08229100 0.01000000
v -0.00066900 -0.08298800 0.00997800
v -0.00095900 -0.08329000 0.00995400
v 0.00204400 -0.08017900 0.00978900
v 0.00457700 -0.07760100 0.00889100
v 0.00400800 -0.07817500 0.00916100
v 0.00620200 -0.07597300 0.00784500
v 0.00000000 0.00000000 -0.08000000
v 0.00508200 0.00000000 -0.07983800
v -0.02996700 -0.16000000 -0.06875300
v 0.00000000 -0.27861600 0.06501900
v 0.00623500 -0.27861600 0.06471900
v 0.00246300 -0.33836700 0.03006300
v 0.01098800 -0.27861600 0.06408400
v 0.00509800 -0.33836700 0.02973000
v 0.01285700 -0.27861600 0.06373500
v 0.00725400 -0.33836700 0.02927900
v 0.01934200 -0.27861600 0.06207500
v 0.01004900 -0.33836700 0.02844100
v 0.02166000 -0.27861600 0.06130500
v 0.02562200 -0.27861600 0.05975700
v 0.01185600 -0.33836700 0.02773600
v 0.03163100 -0.27861600 0.05680600
v 0.01471100 -0.33836700 0.02633400
v 0.03730400 -0.27861600 0.05325300
v 0.01615200 -0.33836700 0.02547500
v 0.04084600 -0.27861600 0.05058700
v 0.01895000 -0.33836700 0.02346900
v 0.04258200 -0.27861600 0.04913500
v 0.02002900 -0.33836700 0.02255400
v 0.04740800 -0.27861600 0.04449600
v 0.02264300 -0.33836700 0.01992900
v 0.04880800 -0.27861600 0.04295600
v 0.05173200 -0.27861600 0.03938600
v 0.02338800 -0.33836700 0.01904900
v 0.05550700 -0.27861600 0.03385800
v 0.02568600 -0.33836700 0.01581500
v 0.05869400 -0.27861600 0.02797100
v 0.02798900 -0.33836700 0.01124700
v 0.02614100 -0.33836700 0.01505100
v 0.06033000 -0.27861600 0.02424300
v 0.06125900 -0.27861600 0.02178800
v 0.02821700 -0.33836700 0.01066300
v 0.06317500 -0.27861600 0.01537400
v 0.02948700 -0.33836700 0.00635500
v 0.06355900 -0.27861600 0.01369800
v 0.06442100 -0.27861600 0.00879700
v 0.06496000 -0.27861600 0.00275900
v 0.03014100 -0.33836700 0.00117900
v 0.02956200 -0.33836700 0.00599800
v 0.06449200 -0.27861600 -0.00825900
v 0.02992000 -0.33836700 -0.00383100
v 0.02994000 -0.33836700 -0.00367100
v 0.06501900 -0.27861600 0.00000000
v 0.06485800 -0.27861600 -0.00456700
v 0.06498400 -0.27861600 0.00212600
v 0.06404500 -0.27861600 -0.01121100
v 0.06255300 -0.27861600 -0.01773700
v 0.02896300 -0.33836700 -0.00842700
v 0.06216900 -0.27861600 -0.01903900
v 0.02884200 -0.33836700 -0.00883300
v 0.06039700 -0.27861600 -0.02407500
v 0.02723600 -0.33836700 -0.01296400
v 0.05805700 -0.27861600 -0.02927200
v 0.02693400 -0.33836700 -0.01358000
v 0.05419600 -0.27861600 -0.03592000
v 0.02480400 -0.33836700 -0.01716500
v 0.05760200 -0.27861600 -0.03015700
v 0.05227500 -0.27861600 -0.03866200
v 0.02425200 -0.33836700 -0.01793700
v 0.05021500 -0.27861600 -0.04130200
v 0.04570200 -0.27861600 -0.04624700
v 0.02173000 -0.33836700 -0.02092100
v 0.04498900 -0.27861600 -0.04694100
v 0.02087200 -0.33836700 -0.02177700
v 0.04070500 -0.27861600 -0.05070100
v 0.01809200 -0.33836700 -0.02413600
v 0.03640900 -0.27861600 -0.05386900
v 0.01689100 -0.33836700 -0.02499100
v 0.03527600 -0.27861600 -0.05461700
v 0.02947300 -0.27861600 -0.05795500
v 0.01398600 -0.33836700 -0.02672600
v 0.02678100 -0.27861600 -0.05924700
v 0.01242500 -0.33836700 -0.02748600
v 0.02335800 -0.27861600 -0.06067800
v 0.00951800 -0.33836700 -0.02862300
v 0.01699500 -0.27861600 -0.06275800
v 0.00760100 -0.33836700 -0.02919100
v 0.01638300 -0.27861600 -0.06292100
v 0.01045200 -0.27861600 -0.06417300
v 0.00480300 -0.33836700 -0.02977900
v 0.00551400 -0.27861600 -0.06478500
v 0.00255800 -0.33836700 -0.03005500
v 0.00379900 -0.27861600 -0.06490800
v 0.00000000 -0.33836700 -0.03016400
v -0.00289500 -0.27861600 -0.06495400
v -0.00003600 -0.33836700 -0.03016400
v -0.00551400 -0.27861600 -0.06478500
v -0.00255800 -0.33836700 -0.03005500
v -0.00955900 -0.27861600 -0.06431200
v -0.00487400 -0.33836700 -0.02976800
v -0.01612100 -0.27861600 -0.06298900
v -0.00760100 -0.33836700 -0.02919100
v -0.02251200 -0.27861600 -0.06099700
v -0.00958600 -0.33836700 -0.02860000
v -0.02678100 -0.27861600 -0.05924700
v -0.01242500 -0.33836700 -0.02748600
v -0.02866400 -0.27861600 -0.05835900
v -0.01405000 -0.33836700 -0.02669200
v -0.03451300 -0.27861600 -0.05510300
v -0.01689100 -0.33836700 -0.02499100
v -0.03640900 -0.27861600 -0.05386900
v -0.03999600 -0.27861600 -0.05126200
v -0.01815000 -0.33836700 -0.02409300
v -0.04505400 -0.27861600 -0.04687800
v -0.02087200 -0.33836700 -0.02177700
v -0.04963600 -0.27861600 -0.04199700
v -0.02177900 -0.33836700 -0.02087000
v -0.05227500 -0.27861600 -0.03866200
v -0.02425200 -0.33836700 -0.01793700
v -0.05369100 -0.27861600 -0.03667100
v -0.02484500 -0.33836700 -0.01710600
v -0.05717700 -0.27861600 -0.03095600
v -0.02693400 -0.33836700 -0.01358000
v -0.05805700 -0.27861600 -0.02927200
v -0.06005700 -0.27861600 -0.02491300
v -0.02726700 -0.33836700 -0.01289900
v -0.06216900 -0.27861600 -0.01903900
v -0.02884200 -0.33836700 -0.00883300
v -0.06230000 -0.27861600 -0.01860600
v -0.02898300 -0.33836700 -0.00835800
v -0.06388300 -0.27861600 -0.01210100
v -0.02992000 -0.33836700 -0.00383100
v -0.06449200 -0.27861600 -0.00825900
v -0.06478800 -0.27861600 -0.00546900
v -0.02994900 -0.33836700 -0.00360000
v -0.06500700 -0.27861600 0.00122200
v -0.03013800 -0.33836700 0.00125000
v -0.06496000 -0.27861600 0.00275900
v -0.06355900 -0.27861600 0.01369800
v -0.02948700 -0.33836700 0.00635500
v -0.02954700 -0.33836700 0.00606900
v -0.06453700 -0.27861600 0.00790000
v -0.06155700 -0.27861600 0.02093400
v -0.02819100 -0.33836700 0.01073000
v -0.06338300 -0.27861600 0.01449400
v -0.06033000 -0.27861600 0.02424300
v -0.02798900 -0.33836700 0.01124700
v -0.05907800 -0.27861600 0.02715200
v -0.05597300 -0.27861600 0.03308300
v -0.02610500 -0.33836700 0.01511300
v -0.05536500 -0.27861600 0.03409000
v -0.02568600 -0.33836700 0.01581500
v -0.05227500 -0.27861600 0.03866300
v -0.02334300 -0.33836700 0.01910500
v -0.04880800 -0.27861600 0.04295600
v -0.02264300 -0.33836700 0.01992900
v -0.04802200 -0.27861600 0.04383300
v -0.04326100 -0.27861600 0.04853800
v -0.01997600 -0.33836700 0.02260200
v -0.04084600 -0.27861600 0.05058700
v -0.01895000 -0.33836700 0.02346900
v -0.03804100 -0.27861600 0.05272900
v -0.03241800 -0.27861600 0.05636100
v -0.01609100 -0.33836700 0.02551400
v -0.01471100 -0.33836700 0.02633400
v -0.03170900 -0.27861600 0.05676200
v -0.02645100 -0.27861600 0.05939500
v -0.01179000 -0.33836700 0.02776400
v -0.02166000 -0.27861600 0.06130500
v -0.01004900 -0.33836700 0.02844100
v -0.02020300 -0.27861600 0.06180000
v -0.01374200 -0.27861600 0.06355000
v -0.00718400 -0.33836700 0.02929600
v -0.01098800 -0.27861600 0.06408400
v -0.00509800 -0.33836700 0.02973000
v -0.00713500 -0.27861600 0.06462600
v -0.00239100 -0.33836700 0.03006900
v -0.00045200 -0.27861600 0.06501700
v 0.00000000 -0.33836700 0.03016400
v -0.00050300 -0.44579900 0.01902700
v 0.00255500 -0.44579900 0.01886100
v -0.00021700 -0.47000000 0.01749200
v -0.00354900 -0.44579900 0.01870000
v -0.00302000 -0.47000000 0.01723000
v -0.00650300 -0.44579900 0.01788800
v -0.00574500 -0.47000000 0.01652300
v -0.00928800 -0.44579900 0.01661400
v -0.00832100 -0.47000000 0.01538700
v -0.01183300 -0.44579900 0.01490900
v -0.01068100 -0.47000000 0.01385300
v -0.01407100 -0.44579900 0.01281700
v -0.01276500 -0.47000000 0.01196000
v -0.01594500 -0.44579900 0.01039400
v -0.01451900 -0.47000000 0.00975800
v -0.01740600 -0.44579900 0.00770200
v -0.01589600 -0.47000000 0.00730300
v -0.01841600 -0.44579900 0.00481000
v -0.01686100 -0.47000000 0.00465800
v -0.01894900 -0.44579900 0.00179400
v -0.01739000 -0.47000000 0.00189300
v -0.01899100 -0.44579900 -0.00126900
v -0.01746900 -0.47000000 -0.00092100
v -0.01854200 -0.44579900 -0.00429900
v -0.01709500 -0.47000000 -0.00371100
v -0.01761200 -0.44579900 -0.00721800
v -0.01627800 -0.47000000 -0.00640500
v -0.01622600 -0.44579900 -0.00994900
v -0.01504000 -0.47000000 -0.00893400
v -0.01442000 -0.44579900 -0.01242300
v -0.01341200 -0.47000000 -0.01123000
v -0.01224000 -0.44579900 -0.01457500
v -0.01143700 -0.47000000 -0.01323600
v -0.00974400 -0.44579900 -0.01635000
v -0.00916500 -0.47000000 -0.01490000
v -0.00699500 -0.44579900 -0.01770200
v -0.00665700 -0.47000000 -0.01617700
v -0.00406500 -0.44579900 -0.01859400
v -0.00397500 -0.47000000 -0.01703500
v -0.00102900 -0.44579900 -0.01900600
v -0.00119100 -0.47000000 -0.01745200
v 0.00000000 -0.47000000 -0.01749300
v 0.00203300 -0.44579900 -0.01892500
v 0.00162400 -0.47000000 -0.01741700
v 0.00504200 -0.44579900 -0.01835400
v 0.00439700 -0.47000000 -0.01693100
v 0.00792100 -0.44579900 -0.01730700
v 0.00705600 -0.47000000 -0.01600700
v 0.01059500 -0.44579900 -0.01581200
v 0.00953200 -0.47000000 -0.01466800
v 0.01299400 -0.44579900 -0.01390800
v 0.01176100 -0.47000000 -0.01294900
v 0.01505700 -0.44579900 -0.01164400
v 0.01368600 -0.47000000 -0.01089500
v 0.01672900 -0.44579900 -0.00907800
v 0.01525700 -0.47000000 -0.00855800
v 0.01796900 -0.44579900 -0.00627600
v 0.01643200 -0.47000000 -0.00600000
v 0.01874300 -0.44579900 -0.00331300
v 0.01718200 -0.47000000 -0.00328600
v 0.01903200 -0.44579900 -0.00026300
v 0.01748600 -0.47000000 -0.00048800
v 0.01882700 -0.44579900 0.00279300
v 0.01733800 -0.47000000 0.00232400
v 0.01813600 -0.44579900 0.00577700
v 0.01674100 -0.47000000 0.00507500
v 0.01697400 -0.44579900 0.00861100
v 0.01571000 -0.47000000 0.00769400
v 0.01537300 -0.44579900 0.01122300
v 0.01427200 -0.47000000 0.01011500
v 0.01337400 -0.44579900 0.01354300
v 0.01246500 -0.47000000 0.01227300
v 0.01102800 -0.44579900 0.01551300
v 0.01033500 -0.47000000 0.01411400
v 0.00839700 -0.44579900 0.01708100
v 0.00793700 -0.47000000 0.01558900
v 0.00554800 -0.44579900 0.01820700
v 0.00533300 -0.47000000 0.01666000
v 0.00259200 -0.47000000 0.01730000
v 0.00274300 -0.41592900 0.02137600
v -0.00072200 -0.41592900 0.02153900
v -0.00416800 -0.41592900 0.02114400
v -0.00750500 -0.41592900 0.02020200
v -0.01064900 -0.41592900 0.01873600
v -0.01351600 -0.41592900 0.01678500
v -0.01603400 -0.41592900 0.01440000
v -0.01813600 -0.41592900 0.01164100
v -0.01976900 -0.41592900 0.00858100
v -0.02088900 -0.41592900 0.00529900
v -0.02146900 -0.41592900 0.00188000
v -0.02149200 -0.41592900 -0.00158900
v -0.02095900 -0.41592900 -0.00501600
v -0.01988300 -0.41592900 -0.00831300
v -0.01829200 -0.41592900 -0.01139500
v -0.01622800 -0.41592900 -0.01418100
v -0.01374300 -0.41592900 -0.01660100
v -0.01090200 -0.41592900 -0.01859000
v -0.00777800 -0.41592900 -0.02009800
v -0.00445400 -0.41592900 -0.02108600
v -0.00101400 -0.41592900 -0.02152700
v 0.00245300 -0.41592900 -0.02141100
v 0.00585500 -0.41592900 -0.02074000
v 0.00910700 -0.41592900 -0.01953200
v 0.01212200 -0.41592900 -0.01781900
v 0.01482300 -0.41592900 -0.01564300
v 0.01714100 -0.41592900 -0.01306300
v 0.01901400 -0.41592900 -0.01014400
v 0.02039500 -0.41592900 -0.00696300
v 0.02124800 -0.41592900 -0.00360100
v 0.02155000 -0.41592900 -0.00014600
v 0.02129500 -0.41592900 0.00331300
v 0.02048800 -0.41592900 0.00668600
v 0.01915000 -0.41592900 0.00988600
v 0.01731600 -0.41592900 0.01283000
v 0.01503400 -0.41592900 0.01544100
v 0.01236200 -0.41592900 0.01765300
v 0.00937000 -0.41592900 0.01940700
v 0.00613600 -0.41592900 0.02065900
v 0.00653600 -0.38273200 0.02407800
v 0.00258900 -0.38273200 0.02481400
v -0.00142500 -0.38273200 0.02490800
v -0.00540200 -0.38273200 0.02435700
v -0.00923900 -0.38273200 0.02317500
v -0.01283700 -0.38273200 0.02139300
v -0.01610200 -0.38273200 0.01905700
v -0.01895100 -0.38273200 0.01622700
v -0.02130800 -0.38273200 0.01297700
v -0.02311400 -0.38273200 0.00939100
v -0.02432100 -0.38273200 0.00556100
v -0.02489800 -0.38273200 0.00158800
v -0.02483100 -0.38273200 -0.00242700
v -0.02412000 -0.38273200 -0.00637800
v -0.02278400 -0.38273200 -0.01016500
v -0.02085900 -0.38273200 -0.01368800
v -0.01839300 -0.38273200 -0.01685700
v -0.01545100 -0.38273200 -0.01958900
v -0.01210800 -0.38273200 -0.02181400
v -0.00845300 -0.38273200 -0.02347400
v -0.00457800 -0.38273200 -0.02452500
v -0.00058400 -0.38273200 -0.02494200
v 0.00342400 -0.38273200 -0.02471300
v 0.00734400 -0.38273200 -0.02384400
v 0.01107400 -0.38273200 -0.02235700
v 0.01451700 -0.38273200 -0.02029100
v 0.01758400 -0.38273200 -0.01769900
v 0.02019500 -0.38273200 -0.01465000
v 0.02228400 -0.38273200 -0.01122000
v 0.02379500 -0.38273200 -0.00750000
v 0.02469000 -0.38273200 -0.00358600
v 0.02494500 -0.38273200 0.00042100
v 0.02455500 -0.38273200 0.00441700
v 0.02352800 -0.38273200 0.00829800
v 0.02189300 -0.38273200 0.01196500
v 0.01969000 -0.38273200 0.01532200
v 0.01697700 -0.38273200 0.01828200
v 0.01382400 -0.38273200 0.02076900
v 0.01031400 -0.38273200 0.02271700
v 0.01185600 -0.33836700 0.02773600
v 0.01471100 -0.33836700 0.02633400
v 0.00725400 -0.33836700 0.02927900
v 0.01004900 -0.33836700 0.02844100
v 0.00246300 -0.33836700 0.03006300
v 0.00509800 -0.33836700 0.02973000
v -0.00239100 -0.33836700 0.03006900
v 0.00000000 -0.33836700 0.03016400
v -0.00718400 -0.33836700 0.02929600
v -0.00509800 -0.33836700 0.02973000
v -0.01179000 -0.33836700 0.02776400
v -0.01004900 -0.33836700 0.02844100
v -0.01609100 -0.33836700 0.02551400
v -0.01471100 -0.33836700 0.02633400
v -0.01997600 -0.33836700 0.02260200
v -0.01895000 -0.33836700 0.02346900
v -0.02334300 -0.33836700 0.01910500
v -0.02264300 -0.33836700 0.01992900
v -0.02610500 -0.33836700 0.01511300
v -0.02568600 -0.33836700 0.01581500
v -0.02819100 -0.33836700 0.01073000
v -0.02798900 -0.33836700 0.01124700
v -0.02954700 -0.33836700 0.00606900
v -0.02948700 -0.33836700 0.00635500
v -0.03013800 -0.33836700 0.00125000
v -0.02994900 -0.33836700 -0.00360000
v -0.02898300 -0.33836700 -0.00835800
v -0.02992000 -0.33836700 -0.00383100
v -0.02726700 -0.33836700 -0.01289900
v -0.02884200 -0.33836700 -0.00883300
v -0.02484500 -0.33836700 -0.01710600
v -0.02693400 -0.33836700 -0.01358000
v -0.02177900 -0.33836700 -0.02087000
v -0.02425200 -0.33836700 -0.01793700
v -0.01815000 -0.33836700 -0.02409300
v -0.02087200 -0.33836700 -0.02177700
v -0.01405000 -0.33836700 -0.02669200
v -0.01689100 -0.33836700 -0.02499100
v -0.00958600 -0.33836700 -0.02860000
v -0.01242500 -0.33836700 -0.02748600
v -0.00487400 -0.33836700 -0.02976800
v -0.00760100 -0.33836700 -0.02919100
v -0.00003600 -0.33836700 -0.03016400
v -0.00255800 -0.33836700 -0.03005500
v 0.00480300 -0.33836700 -0.02977900
v 0.00255800 -0.33836700 -0.03005500
v 0.00000000 -0.33836700 -0.03016400
v 0.00951800 -0.33836700 -0.02862300
v 0.00760100 -0.33836700 -0.02919100
v 0.01398600 -0.33836700 -0.02672600
v 0.01242500 -0.33836700 -0.02748600
v 0.01809200 -0.33836700 -0.02413600
v 0.01689100 -0.33836700 -0.02499100
v 0.02173000 -0.33836700 -0.02092100
v 0.02087200 -0.33836700 -0.02177700
v 0.02480400 -0.33836700 -0.01716500
v 0.02425200 -0.33836700 -0.01793700
v 0.02723600 -0.33836700 -0.01296400
v 0.02693400 -0.33836700 -0.01358000
v 0.02896300 -0.33836700 -0.00842700
v 0.02884200 -0.33836700 -0.00883300
v 0.02994000 -0.33836700 -0.00367100
v 0.02992000 -0.33836700 -0.00383100
v 0.03014100 -0.33836700 0.00117900
v 0.02956200 -0.33836700 0.00599800
v 0.02821700 -0.33836700 0.01066300
v 0.02948700 -0.33836700 0.00635500
v 0.02614100 -0.33836700 0.01505100
v 0.02798900 -0.33836700 0.01124700
v 0.02338800 -0.33836700 0.01904900
v 0.02568600 -0.33836700 0.01581500
v 0.02002900 -0.33836700 0.02255400
v 0.02264300 -0.33836700 0.01992900
v 0.01615200 -0.33836700 0.02547500
v 0.01895000 -0.33836700 0.02346900
v -0.00904700 -0.08070500 0.07991400
v -0.00742600 -0.08052200 0.08861800
v -0.01069000 -0.10084600 0.08331400
v -0.01656000 -0.12138500 0.07291300
v -0.01415600 -0.12106900 0.07771000
v -0.01606900 -0.13111500 0.07474600
v -0.01271300 -0.10108100 0.07655700
v -0.01238200 -0.11097400 0.08056000
v -0.01460100 -0.11124500 0.07478100
v -0.02093800 -0.14153600 0.06883400
v -0.01821600 -0.14110000 0.07167700
v -0.02070300 -0.15102900 0.06859000
v -0.01864300 -0.13148700 0.07093100
v -0.00578500 -0.08033000 0.09725200
v -0.00864400 -0.10059900 0.08998400
v -0.01014200 -0.11068900 0.08624500
v -0.01173100 -0.12073600 0.08240800
v -0.01347700 -0.13072500 0.07846100
v -0.01547800 -0.14065100 0.07442400
v -0.01782900 -0.15053700 0.07040800
v -0.00106900 -0.03974100 0.09877400
v -0.00025900 -0.03961100 0.11131600
v -0.00300600 -0.05999000 0.10433800
v -0.00423400 -0.06014600 0.09374800
v -0.00187000 -0.03986700 0.08619700
v -0.00544600 -0.06029500 0.08310500
v -0.02036500 -0.16000000 0.06678100
v -0.02289200 -0.16000000 0.06606500
v -0.02355600 -0.15152100 0.06668500
v -0.02365300 -0.16000000 0.06582000
v -0.02608600 -0.16000000 0.06494700
v -0.02708300 -0.15599300 0.06451500
v -0.02812700 -0.16000000 0.06410000
v -0.02355700 -0.14188600 0.06597500
v -0.02209200 -0.13573400 0.06661700
v -0.02057900 -0.12920600 0.06731100
v -0.01741200 -0.11507000 0.06892300
v -0.02117800 -0.13181200 0.06703200
v -0.01602500 -0.10878200 0.06974400
v -0.01143700 -0.08817600 0.07375000
v -0.01092300 -0.08577300 0.07427300
v -0.01288800 -0.09465000 0.07219300
v -0.01410700 -0.09993600 0.07107100
v -0.01317600 -0.09581700 0.07186200
v -0.00791400 -0.07078300 0.07710000
v -0.00990900 -0.08088200 0.07527800
v -0.00960000 -0.07935700 0.07557500
v -0.00884600 -0.07556900 0.07627700
v -0.00641000 -0.06286000 0.07832300
v -0.00363600 -0.04784900 0.08026900
v 0.00507500 0.00000000 0.09206800
v -0.00029100 -0.02949100 0.08222300
v 0.00505900 0.00000000 0.10838700
v 0.00504900 0.00000000 0.11964700
v 0.00503700 0.00000000 0.13461400
v 0.00263000 -0.01976500 0.12637000
v -0.00415300 -0.07357400 0.10394600
v -0.00885900 -0.10797400 0.08959100
v -0.00923400 -0.11055100 0.08851200
v -0.01072800 -0.12053500 0.08432300
v -0.01230300 -0.13052500 0.08011000
v -0.01265600 -0.13269100 0.07919200
v -0.01564500 -0.15009800 0.07174700
v -0.01739900 -0.16000000 0.06744400
v -0.01822500 -0.16000000 0.06727800
v -0.01393200 -0.14029800 0.07595600
v 0.00508300 0.00000000 0.08487000
v -0.02603500 -0.15189800 0.06493800
v -0.00735900 -0.08052300 -0.08864400
v -0.01060400 -0.10084800 -0.08335000
v -0.00857600 -0.10060300 -0.09001700
v -0.01405000 -0.12107200 -0.07775400
v -0.01595300 -0.13111800 -0.07479300
v -0.01338300 -0.13073100 -0.07849900
v -0.01228700 -0.11097700 -0.08060000
v -0.01006500 -0.11069400 -0.08628000
v -0.01164500 -0.12074100 -0.08244500
v -0.01809200 -0.14110300 -0.07172400
v -0.02057700 -0.15103000 -0.06863400
v -0.01772700 -0.15053900 -0.07043900
v -0.01537700 -0.14065600 -0.07446000
v -0.02196200 -0.15598500 -0.06714300
v -0.01903400 -0.15548600 -0.06849900
v -0.00896600 -0.08070600 -0.07994100
v -0.01261100 -0.10108200 -0.07659800
v -0.01448700 -0.11124700 -0.07482900
v -0.01643400 -0.12138600 -0.07296600
v -0.01850700 -0.13148900 -0.07098900
v -0.02079200 -0.14153800 -0.06889300
v -0.02340600 -0.15152200 -0.06674300
v -0.00183100 -0.03986700 -0.08619900
v -0.00538600 -0.06029600 -0.08311900
v -0.00418400 -0.06014700 -0.09376400
v -0.00103700 -0.03974200 -0.09878200
v -0.00296800 -0.05999300 -0.10435800
v -0.00573200 -0.08033300 -0.09727800
v 0.00505800 0.00000000 -0.10837900
v -0.00023300 -0.03961300 -0.11133100
v 0.00507400 0.00000000 -0.09204500
v 0.00506200 0.00000000 -0.10471000
v 0.00327800 -0.01000000 -0.08487000
v 0.00326800 -0.01000000 -0.08402100
v 0.00169800 -0.01866600 -0.08325400
v 0.00508200 0.00000000 -0.08487000
v -0.00267500 -0.04285000 -0.08086200
v -0.00586300 -0.06028600 -0.07872300
v -0.00827600 -0.07307000 -0.07675700
v -0.01240200 -0.09300600 -0.07265100
v -0.01381500 -0.09898100 -0.07121700
v -0.01082700 -0.08577400 -0.07431700
v -0.00983000 -0.08094200 -0.07531000
v -0.01045300 -0.08398500 -0.07469400
v -0.01780800 -0.11745500 -0.06868200
v -0.01527900 -0.10598000 -0.07020100
v -0.02042800 -0.12919800 -0.06737200
v -0.02102300 -0.13180200 -0.06709500
v -0.02281200 -0.13944400 -0.06629500
v -0.02340100 -0.14190600 -0.06604000
v -0.02586200 -0.15188000 -0.06501200
v -0.02714100 -0.15686100 -0.06449700
v -0.02485900 -0.15649400 -0.06570300
v -0.02719700 -0.16000000 -0.06449900
v -0.02593800 -0.16000000 -0.06500600
v -0.02795600 -0.16000000 -0.06417500
v -0.02313800 -0.16000000 -0.06599100
v -0.02270300 -0.16000000 -0.06612700
v -0.02200800 -0.16000000 -0.06633600
v -0.01733100 -0.16000000 -0.06746100
v -0.01645800 -0.15503200 -0.06962300
v -0.01558000 -0.15009300 -0.07176200
v -0.01387000 -0.14028600 -0.07596700
v -0.01237800 -0.13133200 -0.07976600
v -0.01225100 -0.13054900 -0.08009600
v -0.01067900 -0.12054600 -0.08430400
v -0.00918800 -0.11054400 -0.08848900
v -0.00843600 -0.10532400 -0.09066800
v -0.00357000 -0.06930700 -0.10565500
v 0.00353100 -0.01242700 -0.12931500
v 0.00504400 0.00000000 -0.12469400
v 0.00503600 0.00000000 -0.13449000
vn -0.07543199 0.38128840 -0.92137352
vn -0.13790943 0.38895093 -0.91087769
vn -0.11190050 0.38137135 -0.91762420
vn 0.03057230 0.37721863 -0.92561949
vn -0.01647021 0.37728501 -0.92595073
vn 0.02785963 0.36996217 -0.92862901
vn -0.03979228 0.37427985 -0.92646164
vn -0.15204931 0.38461935 0.91046635
vn -0.12077423 0.37800489 0.91789209
vn -0.19534466 0.38831041 0.90058619
vn -0.03202730 0.37750069 0.92545528
vn 0.01845369 0.36904439 0.92922855
vn -0.04924518 0.37164997 0.92706592
vn 0.01579272 0.37812199 0.92562106
vn 0.07542952 0.36986006 0.92602048
vn -0.09045218 0.37957838 0.92072725
vn -0.34084934 0.42062156 0.84077300
vn -0.31696107 0.41336889 0.85361691
vn -0.27585480 0.40478846 0.87180871
vn -0.35246945 0.42192054 0.83531332
vn -0.21674507 0.39333408 0.89348188
vn -0.27249571 0.40305972 0.87366409
vn -0.38815163 0.43346424 0.81329396
vn -0.38754051 0.43211849 0.81430090
vn -0.42453333 0.44373719 0.78922035
vn 0.13890856 0.35866489 0.92307308
vn 0.09834107 0.35945183 0.92796736
vn 0.17631679 0.35633596 0.91757129
vn 0.06172454 0.35962880 0.93105167
vn 0.02015347 0.36189936 0.93199930
vn -0.01844065 0.36398984 0.93122035
vn -0.06250113 0.36836982 0.92757603
vn -0.10808008 0.37340105 0.92135246
vn -0.17097173 0.38363937 0.90751832
vn -0.24257599 0.39688099 0.88523577
vn -0.32943223 0.41118807 0.84994045
vn -0.34827728 0.41803121 0.83901897
vn -0.30134252 0.40783715 0.86189416
vn -0.42499084 0.44091533 0.79055452
vn -0.38940587 0.43036175 0.81434135
vn -0.45856462 0.45509601 0.76328639
vn -0.45788248 0.45515652 0.76365972
vn -0.42265261 0.44305893 0.79060961
vn -0.50271372 0.47093819 0.72491112
vn -0.49262324 0.46835269 0.73346309
vn -0.54589141 0.48673770 0.68197432
vn -0.52686254 0.48254491 0.69969013
vn -0.60692310 0.51128441 0.60846742
vn -0.55973363 0.49557821 0.66415398
vn -0.57531807 0.49736583 0.64933531
vn -0.64654026 0.53112599 0.54762293
vn -0.62325041 0.52400432 0.58049841
vn -0.59250394 0.50946061 0.62401039
vn -0.68102775 0.54710414 0.48670141
vn -0.65220344 0.53837924 0.53364639
vn -0.70525824 0.55970679 0.43513115
vn -0.67910056 0.55183750 0.48404319
vn -0.72784629 0.57183615 0.37847482
vn -0.70371011 0.56444899 0.43149672
vn -0.71870484 0.56652374 0.40313050
vn -0.74005675 0.58099614 0.33876170
vn -0.72589511 0.57658589 0.37499999
vn -0.75552414 0.59087956 0.28292158
vn -0.74474226 0.58740468 0.31672498
vn -0.76990458 0.59966510 0.21828583
vn -0.76017680 0.59710798 0.25611188
vn -0.77816760 0.60562888 0.16633956
vn -0.77253597 0.60473614 0.19360365
vn -0.78453633 0.61040443 0.10912923
vn -0.78170170 0.61000840 0.12973895
vn -0.78208572 0.60829823 0.13533361
vn -0.78673635 0.61227275 0.07853659
vn -0.78800805 0.61360788 0.05028602
vn -0.78689616 0.61361829 0.06532246
vn -0.78811666 0.61546913 0.00835964
vn -0.78812884 0.61551030 0.00008233
vn -0.78672707 0.61525085 -0.05026833
vn -0.78261423 0.61264984 -0.11034097
vn -0.77976082 0.61241235 -0.13009294
vn -0.77791144 0.60879163 -0.15564875
vn -0.76999786 0.60779162 -0.19414595
vn -0.77340235 0.60631827 -0.18500529
vn -0.75658433 0.60155051 -0.25635353
vn -0.76772052 0.60327608 -0.21601660
vn -0.75960609 0.59743042 -0.25705150
vn -0.73961103 0.59345655 -0.31746629
vn -0.74429052 0.58927961 -0.31429472
vn -0.72002640 0.58335844 -0.37583896
vn -0.72204610 0.57859544 -0.37931087
vn -0.69763684 0.57188712 -0.43156455
vn -0.69466291 0.56578155 -0.44422369
vn -0.67223680 0.55965653 -0.48464653
vn -0.66330082 0.54844534 -0.50915590
vn -0.64451570 0.54597477 -0.53526729
vn -0.62871174 0.53107068 -0.56805412
vn -0.58343075 0.51835607 -0.62523240
vn -0.58552062 0.51420993 -0.62670069
vn -0.55061100 0.50404384 -0.66540764
vn -0.53590637 0.49330693 -0.68516613
vn -0.51660858 0.48974725 -0.70232699
vn -0.48435882 0.47369091 -0.73553617
vn -0.44628953 0.46410755 -0.76513387
vn -0.42654310 0.45568628 -0.78128804
vn -0.41074608 0.45119199 -0.79228369
vn -0.37507624 0.43981484 -0.81601515
vn -0.37505690 0.43930254 -0.81629995
vn -0.33479000 0.42681816 -0.84008447
vn -0.33940814 0.42861829 -0.83731026
vn -0.29422982 0.41648698 -0.86021358
vn -0.26168332 0.40981698 -0.87382600
vn -0.30395510 0.41935404 -0.85542591
vn -0.20175416 0.39835934 -0.89476538
vn -0.25328056 0.40673359 -0.87773387
vn -0.21219177 0.39836410 -0.89234562
vn -0.14968492 0.38766916 -0.90956421
vn -0.07343929 0.37672100 -0.92341104
vn 0.00578900 0.36871096 -0.92952607
vn 0.08300101 0.36418409 -0.92762103
vn 0.15872703 0.36199737 -0.91856608
vn 0.08495019 0.36933160 -0.92540674
vn 0.18128729 0.35923132 -0.91547134
vn 0.13540413 0.36151245 -0.92248278
vn 0.10037658 0.37424483 -0.92188142
vn 0.19599320 0.36141469 -0.91157341
vn 0.19017451 0.35976982 -0.91345461
vn 0.08445913 0.37079302 -0.92486712
vn 0.10472392 0.37194842 -0.92232710
vn 0.10363170 0.37129599 -0.92271326
vn 0.04767226 0.37910528 -0.92412474
vn -0.01717510 0.38411251 -0.92312653
vn -0.03761163 0.38463070 -0.92230396
vn -0.06304371 0.38327227 -0.92148134
vn -0.08526906 0.38397460 -0.91939801
vn -0.11641245 0.38632574 -0.91498665
vn -0.14750955 0.38983615 -0.90899324
vn -0.16853698 0.39297977 -0.90397023
vn -0.19170886 0.39609623 -0.89797299
vn -0.21518781 0.40121587 -0.89034826
vn -0.23206575 0.40467157 -0.88452609
vn -0.25844478 0.40947526 -0.87494932
vn -0.29170430 0.41738554 -0.86063808
vn -0.32612501 0.42651427 -0.84363977
vn -0.36043066 0.43657866 -0.82431112
vn -0.39458274 0.44751763 -0.80251631
vn -0.42857764 0.45927592 -0.77806609
vn -0.46195422 0.47168383 -0.75107434
vn -0.48118303 0.47633117 -0.73591542
vn -0.49375536 0.48438875 -0.72220024
vn -0.52382040 0.49720618 -0.69166336
vn -0.55279350 0.51021319 -0.65886406
vn -0.57761335 0.51968888 -0.62951274
vn -0.61422354 0.53168121 -0.58313337
vn -0.59607215 0.52802709 -0.60488460
vn -0.61185832 0.53465435 -0.58290147
vn -0.63522696 0.54438343 -0.54784431
vn -0.65838386 0.55608760 -0.50724478
vn -0.67997155 0.56735646 -0.46448395
vn -0.69748092 0.57497310 -0.42769884
vn -0.70975540 0.58120272 -0.39805863
vn -0.72114406 0.58634627 -0.36898414
vn -0.73707952 0.59292511 -0.32427394
vn -0.74825689 0.60008745 -0.28285451
vn -0.75622419 0.60378550 -0.25212703
vn -0.76653371 0.60758303 -0.20801186
vn -0.77420802 0.61091098 -0.16549838
vn -0.78569815 0.61512670 -0.06555580
vn -0.77853905 0.61307255 -0.13423484
vn -0.78197618 0.61455612 -0.10408665
vn -0.78719873 0.61543982 -0.03939530
vn -0.78811218 0.61552730 0.00230801
vn -0.78520666 0.61495878 -0.07263751
vn -0.78708292 0.61553674 0.04018712
vn -0.78592474 0.61446379 0.06896772
vn -0.78347183 0.61266299 0.10399982
vn -0.77824660 0.60971408 0.15026968
vn -0.77025784 0.60413836 0.20425403
vn -0.76039809 0.59772593 0.25400486
vn -0.74908330 0.59203092 0.29727696
vn -0.73952722 0.58693051 0.32956345
vn -0.71605641 0.57420704 0.39692505
vn -0.73018930 0.58143047 0.35883449
vn -0.69633437 0.56304438 0.44508368
vn -0.67586466 0.55377206 0.48635735
vn -0.65953908 0.54627517 0.51632513
vn -0.63827954 0.53412995 0.55435045
vn -0.61058813 0.52050263 0.59687449
vn -0.58158593 0.50683004 0.63630269
vn -0.55129792 0.49324762 0.67288735
vn -0.52082980 0.48025626 0.70575509
vn -0.49057237 0.46798241 0.73507225
vn -0.45728960 0.45540998 0.76386384
vn -0.42129758 0.44308727 0.79131664
vn -0.38500312 0.43173011 0.81570933
vn -0.34844788 0.42142619 0.83724789
vn -0.31161522 0.41223593 0.85612937
vn -0.27529659 0.40437044 0.87217908
vn -0.24755062 0.39916339 0.88282914
vn -0.20632006 0.39216570 0.89645864
vn -0.18368039 0.38973549 0.90242327
vn -0.22948546 0.39571425 0.88923937
vn -0.13853640 0.38554721 0.91222860
vn -0.16184132 0.38704984 0.90774435
vn -0.08630586 0.38271889 0.91982474
vn -0.11819942 0.38437651 0.91557829
vn -0.05085908 0.38500912 0.92151035
vn -0.03736369 0.38780027 0.92098584
vn 0.01595731 0.37856119 0.92543870
vn -0.03784542 0.38805791 0.92085764
vn 0.06851203 0.37206630 0.92567422
vn 0.09373643 0.37202392 0.92347804
vn 0.19621220 0.35767045 0.91300198
vn 0.20341044 0.35774054 0.91139777
vn 0.14435669 0.35974515 0.92181591
vn 0.08647154 0.37673581 0.92227588
vn 0.09425081 0.37360738 0.92278617
vn 0.09504700 0.37277917 0.92303941
vn 0.22257586 0.35587931 0.90763974
vn 0.20803777 0.35502507 0.91141510
vn -0.02359139 0.38729561 -0.92165371
vn -0.57393629 0.03351782 -0.81821372
vn -0.62298801 0.02060217 -0.78196003
vn -0.56644322 0.02372966 -0.82375906
vn -0.66616806 0.02113410 -0.74550215
vn -0.48679000 0.03356759 -0.87287383
vn -0.48631047 0.02374876 -0.87346329
vn -0.39443806 0.03357378 -0.91830900
vn -0.40168392 0.02229956 -0.91550683
vn -0.29794448 0.03351647 -0.95399462
vn -0.34057665 0.02204220 -0.93995834
vn -0.28170820 0.02371927 -0.95920691
vn -0.19833045 0.03356599 -0.97956029
vn -0.21389053 0.02090305 -0.97663397
vn -0.09648584 0.03352698 -0.99476953
vn -0.15999618 0.02032255 -0.98690841
vn -0.09010186 0.02347154 -0.99565594
vn 0.00631882 0.03355913 -0.99941676
vn -0.02200484 0.02340922 -0.99948376
vn 0.03140992 0.02371095 -0.99922530
vn 0.10897989 0.03356696 -0.99347705
vn 0.10007362 0.02208471 -0.99473491
vn 0.21060755 0.03351267 -0.97699609
vn 0.16368181 0.02179091 -0.98627249
vn 0.22598084 0.02372958 -0.97384268
vn 0.30994735 0.03357154 -0.95016082
vn 0.29370231 0.02068326 -0.95567314
vn 0.40598548 0.03352819 -0.91326428
vn 0.34401680 0.02002728 -0.93874989
vn 0.40960396 0.02326270 -0.91196680
vn 0.49772907 0.03354140 -0.86668376
vn 0.46976266 0.02317353 -0.88248854
vn 0.51750953 0.02370409 -0.85534906
vn 0.58420683 0.03356740 -0.81091036
vn 0.57612513 0.02187169 -0.81706883
vn 0.66446575 0.03350625 -0.74656721
vn 0.62597050 0.02153148 -0.77954944
vn 0.67522676 0.02372886 -0.73722843
vn 0.73771142 0.03357009 -0.67428103
vn 0.72555746 0.02049875 -0.68785621
vn 0.80317434 0.03353863 -0.59479924
vn 0.75994659 0.01977224 -0.64968472
vn 0.80407997 0.02304503 -0.59407434
vn 0.86006445 0.03353368 -0.50908215
vn 0.84211364 0.02293296 -0.53881230
vn 0.87115675 0.02371250 -0.49043210
vn 0.90785082 0.03357070 -0.41794725
vn 0.90330498 0.02165826 -0.42845190
vn 0.94600270 0.03350377 -0.32242268
vn 0.92762683 0.02125874 -0.37290285
vn 0.95031341 0.02371657 -0.31038999
vn 0.97413336 0.03356268 -0.22346755
vn 0.97004461 0.02034162 -0.24207371
vn 0.99195555 0.03354968 -0.12205981
vn 0.98090702 0.01957476 -0.19348967
vn 0.99206777 0.02283814 -0.12361213
vn 0.99924808 0.03353110 -0.01946658
vn 0.99812057 0.02268833 -0.05692595
vn 0.99971784 0.02373001 0.00106464
vn 0.99594993 0.03357679 0.08340465
vn 0.99726269 0.02145485 0.07075884
vn 0.98209319 0.03351544 0.18539062
vn 0.99136584 0.02099224 0.12943375
vn 0.98019509 0.02372177 0.19660842
vn 0.95784478 0.03356187 0.28531909
vn 0.96388679 0.02006483 0.26555537
vn 0.92342044 0.03355026 0.38232065
vn 0.95003651 0.01920913 0.31154717
vn 0.92526156 0.02262195 0.37865458
vn 0.87920878 0.03352040 0.47525604
vn 0.89800779 0.02243647 0.43940712
vn 0.87023250 0.02371945 0.49206990
vn 0.82567333 0.03356948 0.56314886
vn 0.83367819 0.02124515 0.55184176
vn 0.76341130 0.03351259 0.64504271
vn 0.80070051 0.02074419 0.59870557
vn 0.75710134 0.02373787 0.65286605
vn 0.69303300 0.03357309 0.72012368
vn 0.69273900 0.02375231 0.72079713
vn 0.61529911 0.03357374 0.78757844
vn 0.62112084 0.02240411 0.78339451
vn 0.53106450 0.03351583 0.84666828
vn 0.56752626 0.02217759 0.82305656
vn 0.51610423 0.02372135 0.85619724
vn 0.44121225 0.03357096 0.89677463
vn 0.45491547 0.02102159 0.89028648
vn 0.34667602 0.03352168 0.93738574
vn 0.40473266 0.02046745 0.91420597
vn 0.33865156 0.02373598 0.94061242
vn 0.24844140 0.03356670 0.96806516
vn 0.24787144 0.02374461 0.96850191
vn 0.14756470 0.03357061 0.98848251
vn 0.15589645 0.02218991 0.98752413
vn 0.04518002 0.03351481 0.99841651
vn 0.09137758 0.02190891 0.99557528
vn 0.02877587 0.02372735 0.99930424
vn -0.05767784 0.03356487 0.99777085
vn -0.04128712 0.02080505 0.99893069
vn -0.16005387 0.03352845 0.98653870
vn -0.09520540 0.02018609 0.99525296
vn -0.16513581 0.02336921 0.98599394
vn -0.26064706 0.03355616 0.96485082
vn -0.23171626 0.02330059 0.97250432
vn -0.28406724 0.02371582 0.95851101
vn -0.35842273 0.03357125 0.93295558
vn -0.34956208 0.02198157 0.93665531
vn -0.45245219 0.03351224 0.89115877
vn -0.40809907 0.02166864 0.91268046
vn -0.46584264 0.02372802 0.88454939
vn -0.54170791 0.03357602 0.83989594
vn -0.52682541 0.02056346 0.84972474
vn -0.62514989 0.03353001 0.77978417
vn -0.57047071 0.01986658 0.82107764
vn -0.62729043 0.02314686 0.77844135
vn -0.70204151 0.03353912 0.71134580
vn -0.67831330 0.02306089 0.73441083
vn -0.71817295 0.02372184 0.69546020
vn -0.77149847 0.03357694 0.63534455
vn -0.76479695 0.02176663 0.64390360
vn -0.83270796 0.03351223 0.55269737
vn -0.80294779 0.02139079 0.59566541
vn -0.84033652 0.02372098 0.54154580
vn -0.88511213 0.03356742 0.46416565
vn -0.87646307 0.02036121 0.48103837
vn -0.92814113 0.03354051 0.37071429
vn -0.89967971 0.01960646 0.43611008
vn -0.92836809 0.02294248 0.37095327
vn -0.96133175 0.03352886 0.27334426
vn -0.95112596 0.02281261 0.30795941
vn -0.96719184 0.02372630 0.25293676
vn -0.98435201 0.03358259 0.17298362
vn -0.98252663 0.02157036 0.18486791
vn -0.99692485 0.03351722 0.07083391
vn -0.99183877 0.02115271 0.12573154
vn -0.99756143 0.02248328 0.06607348
vn -0.99892420 0.03352192 -0.03204259
vn -0.99969900 0.02227851 0.01027530
vn -0.99935605 0.02018143 -0.02966811
vn -0.99033819 0.03354810 -0.13455409
vn -0.99795521 0.01937342 -0.06091034
vn -0.99100862 0.02273807 -0.13185178
vn -0.97126004 0.03352154 -0.23564857
vn -0.98002361 0.02257792 -0.19759542
vn -0.96669371 0.02373351 -0.25483326
vn -0.94185976 0.03357794 -0.33432428
vn -0.94656208 0.02134528 -0.32181455
vn -0.90248556 0.03352558 -0.42941339
vn -0.92624387 0.02086718 -0.37634673
vn -0.89806761 0.02373955 -0.43921634
vn -0.85359111 0.03357146 -0.51986073
vn -0.85350036 0.02374708 -0.52055087
vn -0.79562141 0.03356780 -0.60486344
vn -0.79976142 0.02252067 -0.59989540
vn -0.72918992 0.03351989 -0.68348992
vn -0.75741463 0.02231628 -0.65255272
vn -0.71667528 0.02372768 -0.69700326
vn -0.65503185 0.03357319 -0.75485503
vn -0.40462256 0.05777129 -0.91265715
vn -0.30864483 0.05777043 -0.94942137
vn -0.20938861 0.05777193 -0.97612438
vn -0.10797226 0.05776584 -0.99247423
vn -0.00530635 0.05776949 -0.99831585
vn 0.09741584 0.05777492 -0.99356540
vn 0.19903071 0.05777044 -0.97828899
vn 0.29857212 0.05776636 -0.95263725
vn 0.39491134 0.05776367 -0.91690152
vn 0.48711840 0.05776884 -0.87142322
vn 0.57408058 0.05776224 -0.81675884
vn 0.65502633 0.05776926 -0.75339446
vn 0.72907002 0.05777753 -0.68199608
vn 0.79529385 0.05776499 -0.60346574
vn 0.85315940 0.05777047 -0.51844152
vn 0.90192548 0.05776658 -0.42801105
vn 0.94116071 0.05777139 -0.33298497
vn 0.97041518 0.05777320 -0.23442830
vn 0.98936423 0.05776136 -0.13349923
vn 0.99784740 0.05776591 -0.03104287
vn 0.99574768 0.05777438 0.07175432
vn 0.98308445 0.05777652 0.17380113
vn 0.96000828 0.05777311 0.27394594
vn 0.92675471 0.05777235 0.37119816
vn 0.88369542 0.05776259 0.46448453
vn 0.83125749 0.05776358 0.55287824
vn 0.76997883 0.05776882 0.63544895
vn 0.70057552 0.05776789 0.71123612
vn 0.62372702 0.05776856 0.77950459
vn 0.54024967 0.05777124 0.83951937
vn 0.45109258 0.05776909 0.89060553
vn 0.35712617 0.05777250 0.93226779
vn 0.25932829 0.05777589 0.96405953
vn 0.15882206 0.05777083 0.98561559
vn 0.05671024 0.05776102 0.99671842
vn -0.04609123 0.05776731 0.99726553
vn -0.14839500 0.05776568 0.98723961
vn -0.24912538 0.05776279 0.96674713
vn -0.34717599 0.05776182 0.93601945
vn -0.44158460 0.05776974 0.89535786
vn -0.53129929 0.05776953 0.84521225
vn -0.61537774 0.05777022 0.78611249
vn -0.69296367 0.05777659 0.71865375
vn -0.76323312 0.05777939 0.64353457
vn -0.82532183 0.05776840 0.56169982
vn -0.87869117 0.05777262 0.47388200
vn -0.92276888 0.05777410 0.38099835
vn -0.95704071 0.05776914 0.28414047
vn -0.98119146 0.05777234 0.18418925
vn -0.99802651 0.06142470 0.01304217
vn -0.99449765 0.05735986 0.08765998
vn -0.99738892 0.06074749 -0.03905226
vn -0.99073133 0.05776602 -0.12294113
vn -0.97284517 0.05776421 -0.22413294
vn -0.94463946 0.05776548 -0.32298521
vn -0.90644343 0.05775872 -0.41835899
vn -0.85859233 0.05777089 -0.50939350
vn -0.80166204 0.05777309 -0.59497920
vn -0.73626234 0.05776666 -0.67422606
vn -0.66301966 0.05776640 -0.74636986
vn -0.58279371 0.05776203 -0.81056464
vn -0.49632694 0.05777015 -0.86621139
vn -0.71742649 0.69663408 -0.00043521
vn -0.72022813 0.69342112 0.02094245
vn -0.72029970 0.69340965 -0.01874547
vn -0.87243156 0.28925960 -0.39394424
vn -0.93116283 0.29632481 -0.21243208
vn -0.92438676 0.24992913 -0.28817451
vn -0.71826138 0.69496709 0.03348641
vn -0.71816798 0.69527067 0.02886951
vn -0.71832013 0.69571270 -0.00016508
vn -0.19684132 0.11632429 -0.97351022
vn -0.03578271 0.08897431 -0.99539096
vn -0.13810858 0.11119679 -0.98415512
vn -0.07078489 0.10632871 -0.99180830
vn -0.71843005 0.69559870 -0.00084183
vn -0.71979776 0.69329306 -0.03515572
vn -0.80989900 0.55918506 0.17713183
vn -0.82197563 0.53044017 0.20733862
vn -0.84440933 0.52905470 0.08410708
vn -0.74326420 0.66358769 0.08490998
vn -0.75604511 0.64561973 0.10756833
vn -0.76587246 0.64299195 0.00085135
vn -0.72726667 0.68499691 0.04315581
vn -0.73504073 0.67530457 0.06065372
vn -0.73959506 0.67076748 -0.05540870
vn -0.72681832 0.68576758 -0.03818327
vn -0.74726418 0.66452691 0.00048159
vn -0.77087250 0.62339061 0.13091880
vn -0.78657692 0.59840545 0.15234062
vn -0.80970162 0.58678637 -0.00806527
vn -0.78506312 0.61940363 -0.00387876
vn -0.76674986 0.63272313 -0.10842546
vn -0.78458920 0.60385842 -0.14062286
vn -0.79852671 0.57663342 0.17276860
vn -0.81853716 0.56951616 0.07515486
vn -0.83501078 0.54924669 -0.03294046
vn -0.80287938 0.56867690 -0.17886106
vn -0.82332991 0.52300188 -0.22044703
vn -0.84600614 0.50633070 -0.16704144
vn -0.85357983 0.51931770 -0.04135941
vn -0.93002318 0.29602088 0.21778090
vn -0.89723553 0.40114180 0.18453632
vn -0.86714837 0.40109034 0.29526301
vn -0.87397182 0.34521174 0.34205571
vn -0.83872034 0.49082718 0.23587469
vn -0.85245408 0.44946382 0.26702870
vn -0.89243479 0.44209596 0.09006280
vn -0.86800022 0.48897222 0.08649728
vn -0.87706167 0.47592451 -0.06525858
vn -0.90122535 0.42309195 -0.09373409
vn -0.92051405 0.38730345 -0.05147749
vn -0.92373729 0.37900115 0.05538555
vn -0.95708883 0.28704230 0.03984594
vn -0.95301642 0.27405995 -0.12903816
vn -0.92365030 0.25232948 0.28844403
vn -0.87764301 0.29664819 0.37648719
vn -0.86290947 0.24082314 0.44428759
vn -0.96738681 0.24246710 0.07329710
vn -0.96510795 0.22372606 -0.13606360
vn -0.93117961 0.26529308 -0.25004822
vn -0.92283534 0.32945517 -0.19958512
vn -0.91873624 0.20569952 -0.33706294
vn -0.90836081 0.20561924 -0.36414470
vn -0.86994354 0.27654566 -0.40831451
vn -0.88050815 0.33955637 -0.33076708
vn -0.92041372 0.35884678 -0.15513725
vn -0.87805639 0.39885591 -0.26444458
vn -0.86656012 0.45319532 -0.20901568
vn -0.84118300 0.42248150 -0.33752118
vn -0.83899481 0.36249038 -0.40581823
vn -0.82436384 0.29867700 -0.48084957
vn -0.79583495 0.13767357 -0.58965474
vn -0.83562766 0.19585328 -0.51319382
vn -0.79463961 0.23336950 -0.56043426
vn -0.74788757 0.16950937 -0.64181832
vn -0.67287788 0.11684655 -0.73046714
vn -0.67877193 0.12040192 -0.72441152
vn -0.76650537 0.12292142 -0.63036485
vn -0.83714922 0.46524909 -0.28761861
vn -0.77751680 0.42186823 -0.46636341
vn -0.75376375 0.65159127 -0.08525855
vn -0.75679477 0.61698951 -0.21583704
vn -0.72794189 0.66313974 -0.17420186
vn -0.72088082 0.67695623 -0.14852979
vn -0.72228090 0.68536393 -0.09266379
vn -0.74278627 0.64834934 -0.16706794
vn -0.77865926 0.53145110 -0.33354083
vn -0.76898394 0.57863707 -0.27174041
vn -0.73860118 0.61079422 -0.28530460
vn -0.73785442 0.63463116 -0.22981328
vn -0.74103080 0.56762163 -0.35871862
vn -0.78252425 0.47984593 -0.39674132
vn -0.73792793 0.51478693 -0.43641355
vn -0.72789661 0.45440189 -0.51350312
vn -0.65631442 0.16563531 -0.73608174
vn -0.70092521 0.22659902 -0.67628155
vn -0.73912554 0.29533114 -0.60537010
vn -0.76362036 0.35839791 -0.53706134
vn -0.71584329 0.39566810 -0.57533915
vn -0.68765654 0.32739188 -0.64803012
vn -0.69625770 0.35345731 -0.62473446
vn -0.64886664 0.25902199 -0.71545768
vn -0.66113437 0.28415357 -0.69437605
vn -0.61641442 0.19939762 -0.76175708
vn -0.53837667 0.06515584 -0.84018169
vn -0.60167304 0.11572035 -0.79031535
vn -0.56463656 0.13852124 -0.81363224
vn -0.51708428 0.09282825 -0.85088587
vn -0.47631780 0.05276270 -0.87768870
vn -0.56582524 0.06778020 -0.82173453
vn -0.50322166 0.03354895 -0.86350589
vn -0.46190320 0.03639031 -0.88618349
vn -0.80849120 0.58847321 0.00642343
vn -0.83467490 0.54985277 0.03130085
vn -0.81811915 0.56995834 -0.07634496
vn -0.78593895 0.59825823 -0.15616354
vn -0.68606656 0.11207875 0.71885397
vn -0.54167682 0.06511160 0.83806128
vn -0.56845538 0.06873497 0.81983778
vn -0.50579274 0.03429419 0.86197309
vn -0.85470288 0.44234941 -0.27167994
vn -0.89093745 0.44571192 -0.08701345
vn -0.91368927 0.39810845 -0.08174093
vn -0.76920108 0.12426135 0.62680843
vn -0.90496386 0.17554865 0.38758624
vn -0.91312448 0.19619300 0.35736814
vn -0.93681813 0.34183807 -0.07428675
vn -0.96051656 0.27630817 -0.03258437
vn -0.87088064 0.35663810 -0.33819546
vn -0.96668381 0.24351106 -0.07889725
vn -0.96904276 0.24621170 -0.01832815
vn -0.92790206 0.31906730 0.19285702
vn -0.92896125 0.25885131 0.26462613
vn -0.87459230 0.38928828 -0.28903797
vn -0.91641500 0.37584062 0.13757682
vn -0.84341735 0.21302408 0.49322197
vn -0.65547190 0.08777521 0.75010140
vn -0.79376661 0.14896811 0.58969744
vn -0.74994349 0.17078559 0.63907514
vn -0.87091994 0.27777508 0.40538804
vn -0.79613309 0.23463799 0.55777874
vn -0.88103422 0.34069755 0.32818269
vn -0.89848346 0.42855591 0.09522241
vn -0.87824338 0.39998864 0.26210235
vn -0.82333227 0.52601281 -0.21315370
vn -0.84389404 0.52967483 -0.08536639
vn -0.86746787 0.48967319 -0.08786161
vn -0.84603952 0.48233177 -0.22709733
vn -0.87676238 0.47670981 0.06352547
vn -0.85324470 0.51999414 0.03974383
vn -0.80317853 0.56738282 -0.18160668
vn -0.84918642 0.50285084 0.16131788
vn -0.86655138 0.45419404 0.20687309
vn -0.83166249 0.33724945 0.44113526
vn -0.82224090 0.29936326 0.48404705
vn -0.83956698 0.37302940 0.39493843
vn -0.83882851 0.39978609 0.36951023
vn -0.84034064 0.43237896 0.32691901
vn -0.82557316 0.54957722 0.12803842
vn -0.83541789 0.45749254 0.30459405
vn -0.83218097 0.48611057 0.26677958
vn -0.82423787 0.50899765 0.24809943
vn -0.82286426 0.52341794 0.22119691
vn -0.69698786 0.21879364 0.68288891
vn -0.60312609 0.11454548 0.78937839
vn -0.47224164 0.05052518 0.88001991
vn -0.46329314 0.03747746 0.88541228
vn -0.43343874 0.01791205 0.90100500
vn -0.65761925 0.16776769 0.73443238
vn -0.51164462 0.09212882 0.85424356
vn -0.56892701 0.14279095 0.80989679
vn -0.53253650 0.11126196 0.83906236
vn -0.62064608 0.20125918 0.75782134
vn -0.58754365 0.16516745 0.79215666
vn -0.76480455 0.35101554 0.54024262
vn -0.73925676 0.28518495 0.61005654
vn -0.72634540 0.25657381 0.63764586
vn -0.66393225 0.26559763 0.69903638
vn -0.63707044 0.22688840 0.73665657
vn -0.75709911 0.32263119 0.56807575
vn -0.78486157 0.44981200 0.42621764
vn -0.77930371 0.41515763 0.46939308
vn -0.68500263 0.34750694 0.64032048
vn -0.67835321 0.32399885 0.65944042
vn -0.70652943 0.39175219 0.58936100
vn -0.77619483 0.38794032 0.49701498
vn -0.78472574 0.48265353 0.38891013
vn -0.71032341 0.41544169 0.56819790
vn -0.72491035 0.45683691 0.51556282
vn -0.80620133 0.56561436 0.17355061
vn -0.77871984 0.53370257 0.32978323
vn -0.73951949 0.67097071 0.05393731
vn -0.75369394 0.65187479 0.08369413
vn -0.74707074 0.66474227 -0.00173824
vn -0.73560313 0.67424341 -0.06545117
vn -0.75567584 0.64590335 -0.10845684
vn -0.76562258 0.64328662 -0.00209389
vn -0.78477057 0.61978090 0.00260552
vn -0.77044467 0.62374366 -0.13175305
vn -0.78455340 0.60431778 0.13883798
vn -0.74601300 0.66077277 -0.08272821
vn -0.76669137 0.63307396 0.10677876
vn -0.72018752 0.69343525 -0.02185146
vn -0.72179708 0.69183536 0.01930827
vn -0.72836358 0.68428565 0.03520847
vn -0.72623990 0.68609733 -0.04296571
vn -0.73428129 0.66883811 0.11613166
vn -0.74635000 0.64493322 0.16438622
vn -0.75845328 0.61549439 0.21427849
vn -0.76996373 0.57847432 0.26930154
vn -0.72577266 0.47935072 0.49343382
vn -0.73430920 0.51588358 0.44119625
vn -0.73272966 0.53669490 0.41840869
vn -0.73680612 0.56722335 0.36793261
vn -0.73337918 0.58566294 0.34518675
vn -0.73445513 0.60976612 0.29792775
vn -0.73015411 0.62553828 0.27491242
vn -0.72966301 0.64340700 0.23155849
vn -0.71828399 0.69089258 0.08207049
vn -0.72375085 0.67841288 0.12625636
vn -0.72993220 0.66016398 0.17715109
vn -0.72517153 0.65622189 0.20856436
vn -0.71997210 0.69367481 0.02134103
vn -0.25653678 0.13549595 -0.95698993
vn -0.47457025 0.18780377 -0.85994931
vn -0.41203922 0.16017970 -0.89697611
vn -0.44043724 0.31423228 -0.84099531
vn -0.36879349 0.25689585 -0.89330616
vn -0.28724178 0.23898329 -0.92756625
vn -0.29242771 0.20275777 -0.93454552
vn -0.21358716 0.15401630 -0.96470695
vn -0.14301288 0.14343799 -0.97927160
vn -0.34786849 0.17783008 -0.92052375
vn -0.21684855 0.18842065 -0.95784882
vn -0.43517825 0.23961295 -0.86787414
vn -0.50128882 0.29521421 -0.81336221
vn -0.56102860 0.42486823 -0.71044627
vn -0.53650986 0.40005154 -0.74304505
vn -0.43047324 0.35777146 -0.82866904
vn -0.46450333 0.39487966 -0.79265800
vn -0.49412498 0.36520963 -0.78896288
vn -0.35302757 0.29342834 -0.88840944
vn -0.39205593 0.32291442 -0.86140491
vn -0.57106669 0.35806943 -0.73869419
vn -0.60655695 0.40938199 -0.68153874
vn -0.58322853 0.45700482 -0.67155870
vn -0.63755225 0.44625918 -0.62799672
vn -0.65194944 0.47085704 -0.59435307
vn -0.67050472 0.49111782 -0.55608156
vn -0.60325868 0.49356706 -0.62647467
vn -0.51236570 0.43236213 -0.74198678
vn -0.68810477 0.51904602 -0.50705331
vn -0.70675133 0.66650397 -0.23722355
vn -0.70061051 0.64567503 -0.30372466
vn -0.68075832 0.64600061 -0.34532785
vn -0.68554594 0.65686892 -0.31392673
vn -0.68708974 0.61673901 -0.38411024
vn -0.66757984 0.58061977 -0.46606635
vn -0.62710862 0.57441123 -0.52610505
vn -0.63668853 0.59052792 -0.49588758
vn -0.64593738 0.54135767 -0.53823487
vn -0.58902896 0.52565464 -0.61378505
vn -0.60929568 0.54895461 -0.57219544
vn -0.70362374 0.55524051 -0.44342036
vn -0.62185291 0.51727878 -0.58798097
vn -0.55663315 0.47901729 -0.67875031
vn -0.71466832 0.59271189 -0.37140519
vn -0.65564498 0.62533360 -0.42318738
vn -0.67285056 0.63053245 -0.38691208
vn -0.65115483 0.61245713 -0.44821161
vn -0.72044364 0.62396631 -0.30269952
vn -0.72266947 0.64913349 -0.23743326
vn -0.71814625 0.69043636 -0.08696896
vn -0.71803382 0.68672603 -0.11329074
vn -0.70908244 0.67845556 -0.19209409
vn -0.69703558 0.66102924 -0.27781604
vn -0.70422239 0.66649646 -0.24464932
vn -0.71908297 0.67983122 -0.14404579
vn -0.72154380 0.66791644 -0.18237920
vn -0.71660827 0.69285090 -0.08018871
vn -0.71853666 0.69509350 -0.02345410
vn -0.71788844 0.69554606 -0.02918671
vn -0.71818868 0.69349115 -0.05722794
vn -0.71243627 0.68822610 -0.13703794
vn -0.74790731 0.58730791 -0.30936074
vn -0.75120297 0.54608431 -0.37079109
vn -0.65581084 0.22004570 -0.72214405
vn -0.60113358 0.19433984 -0.77515834
vn -0.64567642 0.38438975 -0.65980791
vn -0.58665066 0.32404190 -0.74218451
vn -0.63438983 0.30342665 -0.71097244
vn -0.56547813 0.24532885 -0.78743142
vn -0.67739985 0.43554863 -0.59281265
vn -0.69897714 0.49874552 -0.51252694
vn -0.71580195 0.41582265 -0.56099830
vn -0.68321163 0.36109678 -0.63468968
vn -0.73567950 0.46635814 -0.49120847
vn -0.75274704 0.50633800 -0.42070623
vn -0.78970515 0.43863907 -0.42890737
vn -0.77987186 0.38984580 -0.48971434
vn -0.74056592 0.23419894 -0.62985154
vn -0.71896182 0.27999600 -0.63615733
vn -0.75890530 0.33218545 -0.56010318
vn -0.79879372 0.28924385 -0.52750980
vn -0.84372488 0.24381234 -0.47820902
vn -0.82524850 0.39455397 -0.40409414
vn -0.79037273 0.48976930 -0.36801764
vn -0.73027412 0.66399954 -0.16063724
vn -0.73810636 0.64156348 -0.20879487
vn -0.74371242 0.61699854 -0.25730262
vn -0.70095273 0.64533278 0.30366243
vn -0.66783900 0.62818342 0.39922007
vn -0.66045266 0.61418038 0.43195455
vn -0.67783099 0.64487822 0.35309662
vn -0.71860897 0.68620043 0.11282782
vn -0.71262255 0.68597476 0.14699564
vn -0.70887137 0.67460117 0.20594814
vn -0.71859845 0.69309194 0.05691955
vn -0.71574945 0.69245546 0.09059892
vn -0.70701169 0.66622020 0.23724485
vn -0.68254397 0.65575147 0.32268209
vn -0.69942592 0.66209562 0.26913337
vn -0.72071939 0.67793587 0.14479819
vn -0.72183494 0.66768742 0.18206545
vn -0.66661913 0.58368410 0.46360738
vn -0.63399833 0.57461245 0.51755836
vn -0.60840253 0.53420867 0.58691350
vn -0.69110494 0.61812955 0.37455282
vn -0.64871304 0.59443272 0.47520641
vn -0.72304672 0.64883089 0.23711160
vn -0.72079911 0.62365503 0.30249469
vn -0.67748153 0.60119445 0.42377354
vn -0.63911827 0.53915309 0.54849047
vn -0.57148730 0.49154323 0.65710541
vn -0.71237653 0.60035965 0.36343908
vn -0.65569113 0.56188791 0.50433235
vn -0.70599217 0.58232851 0.40307389
vn -0.70081450 0.55991675 0.44198673
vn -0.62388798 0.51070020 0.59156495
vn -0.53152017 0.44967637 0.71782830
vn -0.69259993 0.53924065 0.47908753
vn -0.60673931 0.48791713 0.62753827
vn -0.73851804 0.64125706 0.20827983
vn -0.72551743 0.67807044 0.11766454
vn -0.73253036 0.66099735 0.16273221
vn -0.74966461 0.58846120 0.30284715
vn -0.74552076 0.61410126 0.25899504
vn -0.75023429 0.56753072 0.33920111
vn -0.71388068 0.53605305 0.45057908
vn -0.67960195 0.51915037 0.51828958
vn -0.77965861 0.56170951 0.27679392
vn -0.75305261 0.54592044 0.36726372
vn -0.70257965 0.48960529 0.51639955
vn -0.66967267 0.49700862 0.55183417
vn -0.36829654 0.25839402 0.89307905
vn -0.29903090 0.24218647 0.92299850
vn -0.22929770 0.19143778 0.95434487
vn -0.49477233 0.36582649 0.78827110
vn -0.39962421 0.32468868 0.85725011
vn -0.36372742 0.29642033 0.88308400
vn -0.43684257 0.35835489 0.82507596
vn -0.55961859 0.42532904 0.71128211
vn -0.47805663 0.39909680 0.78242163
vn -0.53678728 0.39909404 0.74335951
vn -0.58207628 0.45969576 0.67072126
vn -0.65241368 0.47004602 0.59448560
vn -0.63783906 0.44535124 0.62834991
vn -0.43985024 0.31577316 0.84072533
vn -0.60673344 0.40838962 0.68197687
vn -0.57123729 0.35704882 0.73905623
vn -0.29130165 0.20285671 0.93487566
vn -0.16017380 0.15913681 0.97417649
vn -0.13242714 0.13870454 0.98143981
vn -0.50113429 0.29412310 0.81385258
vn -0.43479604 0.23850625 0.86837041
vn -0.21693518 0.15172677 0.96432262
vn -0.63427600 0.30227483 0.71156439
vn -0.68334017 0.36004373 0.63514937
vn -0.58656315 0.32291799 0.74274332
vn -0.74645452 0.51130351 0.42588071
vn -0.78826801 0.52405687 0.32248713
vn -0.67778203 0.43465272 0.59303333
vn -0.73615255 0.46552745 0.49128772
vn -0.64592705 0.38339682 0.66014023
vn -0.71620050 0.41488643 0.56118276
vn -0.79147889 0.43591417 0.42841570
vn -0.79276869 0.48220952 0.37281603
vn -0.78164346 0.38560903 0.49024399
vn -0.75947264 0.33190843 0.55949808
vn -0.34936797 0.18318497 0.91890439
vn -0.24928858 0.13663959 0.95874127
vn -0.47346321 0.18656016 0.86082977
vn -0.56508586 0.24415280 0.78807828
vn -0.20093999 0.11137252 0.97325191
vn -0.41065729 0.15898904 0.89782129
vn -0.65552638 0.21856192 0.72285258
vn -0.71999526 0.27582074 0.63681218
vn -0.59981882 0.19298314 0.77651458
vn -0.83679814 0.22781975 0.49786247
vn -0.10272389 0.11635231 0.98788154
vn -0.07591883 0.10722907 0.99133156
vn -0.13046927 0.13047693 0.98282936
vn -0.05425725 0.08567250 0.99484490
vn -0.70677598 0.70735902 -0.01053252
vn -0.70876515 0.70534868 -0.01162743
vn -0.71575922 0.69819946 -0.01436125
vn -0.71305604 0.70098874 -0.01287933
vn -0.71840401 0.69541065 -0.01731230
vn -0.71889012 0.69448909 -0.02969698
vn -0.71964932 0.69402190 -0.02093926
vn -0.71629711 0.69778576 -0.00367261
vn -0.71823304 0.69561409 0.01619706
vn -0.71951523 0.69419712 0.01970243
vn -0.71522767 0.69876830 0.01312441
vn -0.70541171 0.70872837 0.00992109
vn -0.71203828 0.70204422 0.01163614
vn -0.70828420 0.70586735 0.00920749
vn -0.71702989 0.69704016 0.00177499
vn -0.71762676 0.69116838 0.08542897
vn -0.72270698 0.68889668 0.05582098
vn -0.72089342 0.69174756 0.04240261
vn -0.72146768 0.68923722 0.06660668
vn -0.72293488 0.68842641 0.05860229
vn -0.72337547 0.68853387 0.05146880
vn -0.72073433 0.69230303 0.03547599
vn -0.72052085 0.69256751 0.03464008
vn -0.72052676 0.69255743 0.03471873
vn -0.72005450 0.69312399 0.03317606
vn -0.71883863 0.69449426 0.03080173
vn -0.71967593 0.69355598 0.03235193
vn -0.71897287 0.69444353 0.02874372
vn -0.71863236 0.69537381 0.00477355
vn -0.72044405 0.69342661 0.01094998
vn -0.72093850 0.69276327 0.01807573
vn -0.72162742 0.69215333 0.01332810
vn -0.71968807 0.69364996 0.02998032
vn -0.71986630 0.69356185 0.02764908
vn -0.71948557 0.69372165 0.03302706
vn -0.72016792 0.69335821 0.02474994
vn -0.71982401 0.69359087 -0.02801985
vn -0.71961575 0.69370067 -0.03053783
vn -0.71938985 0.69377352 -0.03400791
vn -0.72032442 0.69324831 -0.02322728
vn -0.72032978 0.69354665 -0.01086486
vn -0.72164998 0.69212823 -0.01340983
vn -0.71866998 0.69534541 -0.00286893
vn -0.72114351 0.69258302 -0.01675725
vn -0.71899704 0.69426444 -0.03225122
vn -0.72034485 0.69272349 -0.03517765
vn -0.71986022 0.69328947 -0.03392583
vn -0.71989614 0.69329250 -0.03309170
vn -0.72032891 0.69274354 -0.03510903
vn -0.71976604 0.69344581 -0.03270712
vn -0.72324945 0.68851074 -0.05350880
vn -0.72224704 0.68916661 -0.05838313
vn -0.72246292 0.68870782 -0.06106446
vn -0.72074086 0.69182138 -0.04376971
vn -0.03829796 0.07721161 0.99627889
vn -0.05366410 0.10722088 0.99278590
vn -0.43765552 0.01877693 -0.89894665
vn -0.01862891 0.50369473 -0.86368084
vn -0.07815654 0.50377530 -0.86029181
vn -0.07178100 0.50404281 -0.86069061
vn -0.13659399 0.50385383 -0.85292051
vn -0.14258605 0.50426719 -0.85169468
vn -0.18619742 0.50360476 -0.84363070
vn -0.21252661 0.50443272 -0.83688713
vn -0.24373972 0.50361890 -0.82882987
vn -0.28135966 0.50424040 -0.81644251
vn -0.29337539 0.50385768 -0.81243973
vn -0.34777600 0.50385691 -0.79068329
vn -0.34775818 0.50386693 -0.79068474
vn -0.42009864 0.50367151 -0.75487227
vn -0.41176160 0.50384849 -0.75933463
vn -0.48969716 0.50365548 -0.71170770
vn -0.47285853 0.50432226 -0.72253988
vn -0.53704421 0.50385297 -0.67654690
vn -0.53134569 0.50443166 -0.68060301
vn -0.57662261 0.50373158 -0.64324246
vn -0.58562391 0.50434747 -0.63456935
vn -0.61943691 0.50373594 -0.60211960
vn -0.63609376 0.50429148 -0.58401612
vn -0.65387094 0.50375372 -0.56452191
vn -0.69147456 0.50373408 -0.51779813
vn -0.68200079 0.50432125 -0.52965555
vn -0.73749513 0.50367145 -0.44990665
vn -0.72357449 0.50430137 -0.47129618
vn -0.77613967 0.50370499 -0.37932637
vn -0.79119117 0.50452761 -0.34564203
vn -0.75974469 0.50454062 -0.41015457
vn -0.79971620 0.50382737 -0.32651490
vn -0.81822415 0.50397682 -0.27661635
vn -0.81710884 0.50423973 -0.27941981
vn -0.83518013 0.50399633 -0.22014052
vn -0.83740810 0.50420854 -0.21100100
vn -0.84664765 0.50377243 -0.17146747
vn -0.85632772 0.50385104 -0.11330032
vn -0.86101026 0.50580984 -0.05308236
vn -0.86260909 0.50480538 -0.03281898
vn -0.85175985 0.50467732 -0.14073367
vn -0.85709951 0.50384379 0.10733998
vn -0.85176074 0.50447982 0.14143461
vn -0.86100419 0.50361650 0.07100847
vn -0.86253943 0.50593734 0.00728927
vn -0.86157805 0.50436107 0.05747324
vn -0.86133220 0.50748326 -0.02382384
vn -0.84863231 0.50390995 0.16092846
vn -0.83565806 0.50384886 0.21865941
vn -0.83706235 0.50447766 0.21172836
vn -0.82198629 0.50382029 0.26552524
vn -0.81682982 0.50456858 0.27964189
vn -0.80202874 0.50376855 0.32088494
vn -0.79053156 0.50459012 0.34705715
vn -0.77816952 0.50369597 0.37515672
vn -0.75956421 0.50412363 0.41100070
vn -0.72604373 0.50393866 0.46787426
vn -0.72313664 0.50414120 0.47213881
vn -0.75623991 0.50392941 0.41732043
vn -0.69445135 0.50381608 0.51371848
vn -0.68162533 0.50444496 0.53002093
vn -0.66023422 0.50369332 0.55712100
vn -0.62041860 0.50362643 0.60119978
vn -0.63505523 0.50449726 0.58496783
vn -0.58644666 0.50381135 0.63423532
vn -0.58483514 0.50435073 0.63529378
vn -0.54181692 0.50375044 0.67280749
vn -0.53010389 0.50430752 0.68166253
vn -0.49433515 0.50370461 0.70845919
vn -0.47227647 0.50415823 0.72303486
vn -0.45376473 0.50371246 0.73509954
vn -0.40234747 0.50374726 0.76443130
vn -0.41076667 0.50423682 0.75961567
vn -0.35359097 0.50386993 0.78809169
vn -0.34666914 0.50438382 0.79083341
vn -0.30132536 0.50364224 0.80965889
vn -0.28001120 0.50436787 0.81682726
vn -0.24517306 0.50355689 0.82844471
vn -0.21154750 0.50398057 0.83740745
vn -0.20058018 0.50379038 0.84021595
vn -0.14241068 0.50385670 0.85196692
vn -0.14168854 0.50389620 0.85206395
vn -0.08394926 0.50383915 0.85970846
vn -0.07130356 0.50414401 0.86067103
vn -0.03421289 0.50360499 0.86325633
vn -0.01805513 0.50369094 0.86369523
vn 0.02517213 0.50362292 0.86355679
vn 0.01828940 0.50374138 0.86366088
vn 0.07795941 0.50387426 0.86025174
vn 0.07189136 0.50431880 0.86051971
vn 0.13545418 0.50374842 0.85316452
vn 0.14274047 0.50407495 0.85178260
vn 0.21415186 0.50359475 0.83697748
vn 0.21283982 0.50387669 0.83714246
vn 0.29285345 0.50368936 0.81273236
vn 0.28098400 0.50415107 0.81662702
vn 0.34821477 0.50385410 0.79049195
vn 0.34757395 0.50436510 0.79044809
vn 0.39431212 0.50364506 0.76867393
vn 0.41161524 0.50441509 0.75903775
vn 0.44622974 0.50366240 0.73973185
vn 0.47304609 0.50428670 0.72244192
vn 0.48960019 0.50379101 0.71167848
vn 0.53726794 0.50377816 0.67642497
vn 0.53104579 0.50411938 0.68106829
vn 0.59853542 0.50365063 0.62296981
vn 0.58565363 0.50409264 0.63474439
vn 0.65440688 0.50366196 0.56398251
vn 0.63571298 0.50445750 0.58428728
vn 0.69089993 0.50384710 0.51845480
vn 0.68219280 0.50445592 0.52927990
vn 0.72105767 0.50384409 0.47562273
vn 0.72352829 0.50427031 0.47140032
vn 0.75197905 0.50385196 0.42504201
vn 0.76000901 0.50427239 0.40999471
vn 0.77557080 0.50375280 0.38042482
vn 0.79973221 0.50378439 0.32654200
vn 0.79099412 0.50450744 0.34612215
vn 0.82017331 0.50377870 0.27115081
vn 0.81717676 0.50447873 0.27878909
vn 0.83338124 0.50369525 0.22752319
vn 0.83721952 0.50459220 0.21083212
vn 0.84698346 0.50380015 0.16971866
vn 0.85176713 0.50457405 0.14105952
vn 0.85634616 0.50384027 0.11320884
vn 0.86161576 0.50403919 0.05968903
vn 0.86057899 0.50437459 0.07078182
vn 0.86368868 0.50402481 0.00092583
vn 0.86255806 0.50464536 -0.03642327
vn 0.86181323 0.50482741 -0.04926709
vn 0.84789309 0.50373100 -0.16532508
vn 0.83724969 0.50434223 -0.21130989
vn 0.85229366 0.50370940 -0.14096936
vn 0.85659909 0.50488364 -0.10644488
vn 0.82106353 0.50392156 -0.26817484
vn 0.81677685 0.50437781 -0.28014034
vn 0.83758140 0.50389833 -0.21105417
vn 0.80193002 0.50381626 -0.32105672
vn 0.79093911 0.50448035 -0.34628730
vn 0.78002213 0.50378430 -0.37116958
vn 0.75266775 0.50371995 -0.42397814
vn 0.75934295 0.50449896 -0.41094900
vn 0.72790760 0.50381349 -0.46510481
vn 0.72306888 0.50446909 -0.47189228
vn 0.69460571 0.50374147 -0.51358294
vn 0.68114020 0.50446494 -0.53062525
vn 0.65778159 0.50367714 -0.56002921
vn 0.63529247 0.50411379 -0.58504083
vn 0.62561102 0.50382665 -0.59562535
vn 0.58334603 0.50385500 -0.63705381
vn 0.58491310 0.50411676 -0.63540771
vn 0.54172071 0.50385133 -0.67280942
vn 0.53045999 0.50438620 -0.68132720
vn 0.49713812 0.50364963 -0.70653432
vn 0.44695461 0.50357815 -0.73935149
vn 0.47196377 0.50445667 -0.72303089
vn 0.41075561 0.50419088 -0.75965215
vn 0.40627465 0.50378835 -0.76232421
vn 0.35368341 0.50378392 -0.78810520
vn 0.34661172 0.50410918 -0.79103366
vn 0.29884229 0.50375304 -0.81050982
vn 0.28032696 0.50416409 -0.81684476
vn 0.25228818 0.50363663 -0.82625711
vn 0.19501431 0.50366695 -0.84159908
vn 0.21161028 0.50434210 -0.83717389
vn 0.14245003 0.50387337 -0.85195048
vn 0.14173304 0.50437998 -0.85177026
vn 0.08571864 0.50367688 -0.85962894
vn 0.07071643 0.50424497 -0.86066032
vn 0.02683924 0.50358705 -0.86352749
vn -0.00062140 0.50395931 -0.86372717
vn 0.02629045 0.07364276 -0.99693809
vn -0.13390973 0.07363310 -0.98825419
vn 0.01244764 0.06426125 -0.99785547
vn 0.18599148 0.07363589 -0.97978820
vn 0.17228750 0.06427879 -0.98294723
vn 0.34070062 0.07363408 -0.93728390
vn 0.32771787 0.06427498 -0.94258672
vn 0.48655209 0.07364785 -0.87054182
vn 0.47478869 0.06427754 -0.87774945
vn 0.62006552 0.07363647 -0.78108669
vn 0.60938812 0.06430629 -0.79025997
vn 0.73732024 0.07362785 -0.67151903
vn 0.72812915 0.06429796 -0.68241755
vn 0.83540742 0.07362849 -0.54467723
vn 0.82816882 0.06427104 -0.55678150
vn 0.91198235 0.07363565 -0.40356659
vn 0.90687442 0.06426836 -0.41647131
vn 0.96492104 0.07363958 -0.25200118
vn 0.96192503 0.06428826 -0.26564497
vn 0.99285241 0.07363202 -0.09392771
vn 0.99205740 0.06429403 -0.10811284
vn 0.99506772 0.07362961 0.06647487
vn 0.99655209 0.06427087 0.05247077
vn 0.97152581 0.07363621 0.22520060
vn 0.97520239 0.06426771 0.21177808
vn 0.92276644 0.07362880 0.37826035
vn 0.92864328 0.06428369 0.36536184
vn 0.85015584 0.07362955 0.52135758
vn 0.85797269 0.06426730 0.50965928
vn 0.75551322 0.07363707 0.65098184
vn 0.76506860 0.06426141 0.64073435
vn 0.64136298 0.07363927 0.76369548
vn 0.65249456 0.06426350 0.75506361
vn 0.51069564 0.07364366 0.85660176
vn 0.52292641 0.06425642 0.84995240
vn 0.36647958 0.07363350 0.92750786
vn 0.37967901 0.06427251 0.92288293
vn 0.21296906 0.07364109 0.97427982
vn 0.22667839 0.06427623 0.97184642
vn 0.05403746 0.07360961 0.99582206
vn 0.09113221 0.06401286 0.99377929
vn -0.00727029 0.06208669 0.99804428
vn -0.10649607 0.07364584 0.99158201
vn -0.10848584 0.06246346 0.99213363
vn -0.26424181 0.07363418 0.96164145
vn -0.25072976 0.06430193 0.96591917
vn -0.41509800 0.07362394 0.90679279
vn -0.40245209 0.06428093 0.91318140
vn -0.55512392 0.07363697 0.82850168
vn -0.54382782 0.06426520 0.83673251
vn -0.68077069 0.07363902 0.72878568
vn -0.67094682 0.06427468 0.73871451
vn -0.78892056 0.07363147 0.61006783
vn -0.78069715 0.06428761 0.62159396
vn -0.87659970 0.07362574 0.47555464
vn -0.87035025 0.06427091 0.48822094
vn -0.94149473 0.07362780 0.32888695
vn -0.93739283 0.06425768 0.34229466
vn -0.98205546 0.07363436 0.17362330
vn -0.98017761 0.06426022 0.18740993
vn -0.99719143 0.07362970 0.01370855
vn -0.99754569 0.06427457 0.02777372
vn -0.98649142 0.07362812 -0.14633382
vn -0.98909917 0.06426878 -0.13248533
vn -0.95025147 0.07364087 -0.30265355
vn -0.95501165 0.06426121 -0.28952244
vn -0.88937435 0.07364061 -0.45120984
vn -0.89618392 0.06426855 -0.43900334
vn -0.80551079 0.07364379 -0.58798721
vn -0.81420225 0.06427575 -0.57701241
vn -0.70069378 0.07363197 -0.70965242
vn -0.71114216 0.06427874 -0.70010362
vn -0.57781392 0.07362905 -0.81284060
vn -0.58961268 0.06426299 -0.80512555
vn -0.43998107 0.07363429 -0.89498304
vn -0.45268633 0.06425512 -0.88935166
vn -0.29067675 0.07363380 -0.95398380
vn -0.30423883 0.06426847 -0.95042533
vn -0.14795400 0.06426788 -0.98690387
vn -0.12672826 0.09335476 -0.98753473
vn 0.03340381 0.09334188 -0.99507361
vn 0.19255898 0.09334631 -0.97683545
vn 0.34674237 0.09334643 -0.93330390
vn 0.49204006 0.09333663 -0.86555465
vn 0.62442388 0.09334507 -0.77548793
vn 0.74073106 0.09335406 -0.66528378
vn 0.83788454 0.09334339 -0.53780714
vn 0.91329961 0.09334303 -0.39644785
vn 0.96506251 0.09334361 -0.24482917
vn 0.99183910 0.09334668 -0.08684240
vn 0.99292180 0.09334709 0.07343440
vn 0.96829578 0.09335024 0.23170892
vn 0.91858148 0.09334906 0.38404951
vn 0.84509678 0.09335471 0.52639940
vn 0.74974391 0.09336380 0.65510860
vn 0.63489002 0.09336248 0.76694075
vn 0.50355645 0.09334658 0.85890472
vn 0.35940179 0.09335620 0.92850147
vn 0.20580351 0.09335640 0.97413012
vn 0.04680940 0.09334062 0.99453326
vn -0.11334393 0.09334346 0.98916134
vn -0.27055304 0.09334815 0.95816866
vn -0.42063147 0.09336064 0.90241507
vn -0.56005224 0.09335631 0.82318047
vn -0.68482885 0.09334657 0.72270040
vn -0.79187153 0.09335061 0.60351069
vn -0.87846050 0.09335266 0.46860690
vn -0.94222328 0.09335530 0.32171428
vn -0.98164352 0.09334798 0.16631941
vn -0.99561044 0.09334933 0.00676400
vn -0.98381786 0.09335636 -0.15292811
vn -0.94650861 0.09334715 -0.30888148
vn -0.88469164 0.09334790 -0.45673502
vn -0.79996121 0.09334985 -0.59274604
vn -0.69453290 0.09335111 -0.71337902
vn -0.57107163 0.09335099 -0.81557512
vn -0.43288756 0.09334862 -0.89660158
vn -0.28356778 0.09335850 -0.95439693
vn -0.26039950 0.10936486 -0.95928694
vn -0.10307345 0.10935940 -0.98864371
vn 0.05675714 0.10936502 -0.99237993
vn 0.21522235 0.10936639 -0.97042173
vn 0.36809392 0.10936359 -0.92333443
vn 0.51143310 0.10936886 -0.85233482
vn 0.64152252 0.10936830 -0.75926770
vn 0.75504327 0.10936310 -0.64649004
vn 0.84896514 0.10935579 -0.51701015
vn 0.92089897 0.10934850 -0.37414969
vn 0.96900329 0.10933634 -0.22153597
vn 0.99198536 0.10933107 -0.06333843
vn 0.98929644 0.10934015 0.09662963
vn 0.96095256 0.10933980 0.25419478
vn 0.90776809 0.10934592 0.40496983
vn 0.83107357 0.10935491 0.54530562
vn 0.73280636 0.10935570 0.67159227
vn 0.61556252 0.10936043 0.78046337
vn 0.48244726 0.10936964 0.86907015
vn 0.33671906 0.10936559 0.93523229
vn 0.18230032 0.10936173 0.97714206
vn 0.02333076 0.10937154 0.99372710
vn -0.13636359 0.10937186 0.98460285
vn -0.29256377 0.10937341 0.94997047
vn -0.44119903 0.10936705 0.89072008
vn -0.57841064 0.10936374 0.80838153
vn -0.70057157 0.10936084 0.70515224
vn -0.80458524 0.10935810 0.58368091
vn -0.88782229 0.10935176 0.44700534
vn -0.94803396 0.10934159 0.29879095
vn -0.98369125 0.10933812 0.14281703
vn -0.99386387 0.10933243 -0.01676387
vn -0.97830209 0.10932849 -0.17598950
vn -0.93741572 0.10933922 -0.33060053
vn -0.87227846 0.10935322 -0.47662581
vn -0.78444972 0.10935186 -0.61047589
vn -0.67637343 0.10935354 -0.72839604
vn -0.55075727 0.10936059 -0.82747005
vn -0.41094851 0.10936556 -0.90507486
vn -0.39867168 0.11786836 -0.90948774
vn -0.47453903 0.11814600 -0.87226959
vn -0.24354429 0.11773752 -0.96271702
vn -0.32433982 0.11798303 -0.93855404
vn -0.08184373 0.11761191 -0.98968128
vn -0.16497700 0.11783695 -0.97923289
vn 0.08217564 0.11747740 -0.98966975
vn -0.00143945 0.11769448 -0.99304881
vn 0.24389797 0.11734447 -0.96267547
vn 0.16231048 0.11753998 -0.97971407
vn 0.39903641 0.11720857 -0.90941305
vn 0.32170763 0.11739357 -0.93953337
vn 0.54327046 0.11707523 -0.83135467
vn 0.47201743 0.11724999 -0.87375739
vn 0.67274030 0.11693085 -0.73058036
vn 0.60967649 0.11710039 -0.78395285
vn 0.78366432 0.11679071 -0.61010668
vn 0.73046924 0.11693499 -0.67286023
vn 0.87352997 0.11664599 -0.47258767
vn 0.83157199 0.11679590 -0.54299792
vn 0.93943998 0.11649653 -0.32230588
vn 0.90974146 0.11663525 -0.39845538
vn 0.97974914 0.11633012 -0.16296910
vn 0.96302331 0.11648526 -0.24293476
vn 0.99239880 0.11594489 -0.04124798
vn 0.98944806 0.11862116 0.08319586
vn 0.96251794 0.11855945 0.24393209
vn 0.97982072 0.11887035 0.16068977
vn 0.90911971 0.11841403 0.39934880
vn 0.94023463 0.11880673 0.31912976
vn 0.83117641 0.11830966 0.54327581
vn 0.87463297 0.11862121 0.47004913
vn 0.73033593 0.11818025 0.67278738
vn 0.78528548 0.11850085 0.60768764
vn 0.60959158 0.11804938 0.78387655
vn 0.67438551 0.11834849 0.72883319
vn 0.47243310 0.11792171 0.87344229
vn 0.54485860 0.11818927 0.83015686
vn 0.32234808 0.11780483 0.93926234
vn 0.40070607 0.11803881 0.90857112
vn 0.16311889 0.11767570 0.97956350
vn 0.24564321 0.11793119 0.96215989
vn 0.01962694 0.11904331 0.99269506
vn 0.08343429 0.11775440 0.98953152
vn -0.16347164 0.11740465 0.97953722
vn -0.08106188 0.11759345 0.98974782
vn -0.02007566 0.12039900 0.99252257
vn -0.32268390 0.11726312 0.93921481
vn -0.24279083 0.11746291 0.96294085
vn -0.47271459 0.11712699 0.87339693
vn -0.39812580 0.11730487 0.90979966
vn -0.60999333 0.11699197 0.78372254
vn -0.54275482 0.11715090 0.83168075
vn -0.73069353 0.11685785 0.67263007
vn -0.67240052 0.11701521 0.73087960
vn -0.83157139 0.11670670 0.54301801
vn -0.78380413 0.11686414 0.60991300
vn -0.90947928 0.11656185 0.39907490
vn -0.87353865 0.11669548 0.47255940
vn -0.96286104 0.11642018 0.24360822
vn -0.93959358 0.11655889 0.32183524
vn -0.98976467 0.11634010 0.08264915
vn -0.97979928 0.11640237 0.16261571
vn -0.99249696 0.11594853 -0.03880375
vn -0.97941864 0.11856893 -0.16334179
vn -0.93898438 0.11847802 -0.32291065
vn -0.96326426 0.11883591 -0.24083188
vn -0.87314791 0.11836479 -0.47286626
vn -0.91045451 0.11868926 -0.39621389
vn -0.78342928 0.11824323 -0.61012876
vn -0.83282370 0.11856580 -0.54069107
vn -0.67250705 0.11813373 -0.73060159
vn -0.73232998 0.11842255 -0.67057356
vn -0.54296973 0.11800590 -0.83141956
vn -0.61197725 0.11829900 -0.78197775
vn 0.97296246 -0.14208688 -0.18208617
vn 0.97749699 -0.10709265 -0.18174376
vn 0.95462704 -0.08078956 -0.28663610
vn 0.89113034 -0.09645214 -0.44337760
vn 0.89167288 -0.03072357 -0.45163650
vn 0.82432725 0.00571759 -0.56608471
vn 0.95013317 -0.12832547 -0.28421741
vn 0.93123503 -0.05807887 -0.35976125
vn 0.92865262 -0.10851154 -0.35472463
vn 0.73166519 -0.03019417 -0.68099513
vn 0.71036878 0.05364402 -0.70178238
vn 0.52916909 0.11542519 -0.84062899
vn 0.83014480 -0.06324968 -0.55394864
vn 0.98247972 -0.08700666 -0.16481333
vn 0.95889735 -0.03794518 -0.28120461
vn 0.93195777 -0.00932725 -0.36244684
vn 0.88845749 0.02458637 -0.45829990
vn 0.81420791 0.06846204 -0.57652270
vn 0.69015235 0.13898535 -0.71019209
vn 0.48785285 0.21184539 -0.84683005
vn 0.98848772 -0.13797747 -0.06208259
vn 0.99120449 -0.12605269 -0.04030368
vn 0.98968255 -0.09707268 -0.10538190
vn 0.98587383 -0.12481682 -0.11168507
vn 0.98488493 -0.16078392 -0.06442211
vn 0.98164870 -0.15329479 -0.11343080
vn 0.27246752 0.23902300 -0.93200293
vn 0.31882671 0.13824692 -0.93767655
vn 0.55719058 0.01556027 -0.83023885
vn 0.32118894 0.09247528 -0.94248925
vn 0.38780681 0.04013143 -0.92086663
vn 0.49122208 0.00953548 -0.87098217
vn 0.38329416 -0.00420718 -0.92361674
vn 0.72626298 -0.07327783 -0.68350014
vn 0.80253359 -0.08839028 -0.59002287
vn 0.85556248 -0.11280035 -0.50526124
vn 0.91666207 -0.13317246 -0.37682322
vn 0.83564720 -0.13709365 -0.53188259
vn 0.93577569 -0.14408793 -0.32181131
vn 0.96705786 -0.14647612 -0.20819182
vn 0.97066155 -0.16970967 -0.17033726
vn 0.95246500 -0.15289228 -0.26350403
vn 0.94761573 -0.16285136 -0.27477965
vn 0.94916668 -0.15887826 -0.27173575
vn 0.97809509 -0.15440958 -0.13959828
vn 0.97088801 -0.16435965 -0.17424802
vn 0.97132079 -0.16193835 -0.17410309
vn 0.97193177 -0.16010580 -0.17237974
vn 0.97982527 -0.16881895 -0.10697009
vn 0.98351199 -0.16335757 -0.07757881
vn 0.98625930 -0.16503817 -0.00741604
vn 0.98499774 -0.16768650 -0.04075148
vn 0.98988082 -0.14180239 -0.00529653
vn 0.99182583 -0.12756750 -0.00283978
vn 0.99262597 -0.12121486 0.00079585
vn 0.99196640 -0.12505787 -0.01905764
vn 0.98451256 -0.07739324 -0.15730639
vn 0.93757951 -0.00424387 -0.34774511
vn 0.92770596 0.01986608 -0.37278277
vn 0.88639852 0.04377404 -0.46084868
vn 0.80991310 0.09751955 -0.57838629
vn 0.77983405 0.10769583 -0.61665263
vn 0.48177146 0.24790155 -0.84050049
vn 0.22322388 0.30058144 -0.92726582
vn 0.20284948 0.29983902 -0.93217415
vn 0.66804455 0.19307355 -0.71863697
vn 0.98378148 -0.17936780 0.00109339
vn 0.58129010 -0.06302771 -0.81125170
vn 0.97781018 -0.10675775 0.18024992
vn 0.95524707 -0.08066196 0.28459917
vn 0.95313164 -0.03866428 0.30007525
vn 0.89288137 -0.03088295 0.44923168
vn 0.82581166 0.00540335 0.56392012
vn 0.81597572 0.07157564 0.57363799
vn 0.93210094 -0.05806355 0.35751429
vn 0.93311599 -0.00936515 0.35945354
vn 0.88990583 0.02381293 0.45552229
vn 0.71183379 0.05338438 0.70031619
vn 0.52757905 0.11430920 0.84178011
vn 0.48949469 0.21001853 0.84633750
vn 0.68987310 0.13513314 0.71120611
vn 0.41852933 0.13375948 0.89829928
vn 0.35782643 0.24453299 0.90120134
vn 0.97346861 -0.14059759 0.18053031
vn 0.95103068 -0.12658114 0.28198913
vn 0.92911277 -0.11269063 0.35220772
vn 0.89225593 -0.09385096 0.44166883
vn 0.83050157 -0.06540887 0.55316256
vn 0.73095000 -0.02214680 0.68207156
vn 0.56289113 0.01684991 0.82635928
vn 0.98510607 -0.15990554 0.06321584
vn 0.98179461 -0.15297442 0.11259737
vn 0.98605324 -0.12429837 0.11067486
vn 0.98861206 -0.13732542 0.06154611
vn 0.98766993 -0.09728616 0.12265201
vn 0.98186715 -0.07648312 0.17345671
vn 0.98998318 -0.14108876 0.00522134
vn 0.99190782 -0.11442638 0.05500443
vn 0.98656068 -0.16325036 0.00688114
vn 0.98840508 -0.15183663 -0.00101361
vn 0.98491434 -0.17266720 0.01139181
vn 0.98409570 -0.17726053 0.01159123
vn 0.98414742 -0.17080375 0.04774870
vn 0.98411403 -0.17753417 -0.00109727
vn 0.98402222 -0.16500147 0.06689380
vn 0.98008477 -0.16746056 0.10672772
vn 0.97729648 -0.15288218 0.14669232
vn 0.95385496 -0.15141191 0.25929742
vn 0.94852721 -0.15856130 0.27414311
vn 0.96931716 -0.14775891 0.19644732
vn 0.97146833 -0.16226009 0.17297673
vn 0.97109097 -0.16620915 0.17133838
vn 0.91079953 -0.13126114 0.39142653
vn 0.94143934 -0.14177049 0.30592988
vn 0.85697959 -0.11284733 0.50284337
vn 0.83689816 -0.13817024 0.52963238
vn 0.77051773 -0.08286560 0.63200927
vn 0.72708709 -0.07385414 0.68256130
vn 0.56110778 -0.02639500 0.82732180
vn 0.44888563 0.00160012 0.89358779
vn 0.44760066 0.04771942 0.89295941
vn 0.38318421 -0.00742453 0.92364210
vn 0.37870879 0.03855841 0.92471233
vn 0.39259139 -0.00758983 0.91968168
vn 0.34046333 0.13607328 0.93035949
vn 0.28895480 0.18439165 0.93941729
vn 0.28514035 0.21849080 0.93325064
vn 0.25505411 0.30706115 0.91687559
vn 0.35862860 0.28867482 0.88772314
vn 0.48240816 0.24731932 0.84030680
vn 0.68406026 0.16457609 0.71061682
vn 0.80403991 0.11455439 0.58343561
vn 0.81143344 0.09654950 0.57641475
vn 0.88785008 0.04282887 0.45813527
vn 0.92881299 0.01917666 0.37005228
vn 0.94525419 -0.01551003 0.32596620
vn 0.98656467 -0.08302002 0.14070476
vn 0.99221206 -0.12372691 0.01438356
vn 0.99195418 -0.12656646 0.00279950
vn 0.99270553 -0.12056146 -0.00081070
f 3//3 1//1 2//2
f 7//7 5//5 1//1
f 10//10 8//8 9//9
f 13//13 11//11 12//12
f 12//12 14//14 15//15
f 9//9 16//16 13//13
f 19//19 17//17 18//18
f 18//18 17//17 20//20
f 22//22 21//21 10//10
f 23//23 20//20 17//17
f 25//25 24//24 23//23
f 27//27 15//15 26//26
f 26//26 15//15 28//28
f 30//30 12//12 29//29
f 29//29 12//12 27//27
f 32//32 13//13 31//31
f 31//31 13//13 30//30
f 34//34 9//9 33//33
f 33//33 9//9 32//32
f 35//35 10//10 34//34
f 37//37 22//22 36//36
f 36//36 22//22 38//38
f 38//38 22//22 35//35
f 17//17 39//39 23//23
f 23//23 39//39 25//25
f 40//40 17//17 37//37
f 25//25 41//41 42//42
f 25//25 42//42 43//43
f 42//42 44//44 45//45
f 45//45 46//46 47//47
f 47//47 48//48 49//49
f 50//50 47//47 46//46
f 53//53 51//51 52//52
f 52//52 54//54 55//55
f 55//55 56//56 57//57
f 57//57 58//58 59//59
f 60//60 57//57 56//56
f 59//59 61//61 62//62
f 62//62 63//63 64//64
f 64//64 65//65 66//66
f 66//66 67//67 68//68
f 68//68 69//69 70//70
f 71//71 68//68 67//67
f 73//73 70//70 72//72
f 72//72 70//70 69//69
f 75//75 74//74 73//73
f 77//77 76//76 75//75
f 79//79 77//77 78//78
f 81//81 78//78 80//80
f 83//83 80//80 82//82
f 80//80 83//83 81//81
f 86//86 84//84 85//85
f 88//88 85//85 87//87
f 90//90 87//87 89//89
f 92//92 89//89 91//91
f 94//94 91//91 93//93
f 96//96 93//93 95//95
f 98//98 95//95 97//97
f 100//100 97//97 99//99
f 102//102 99//99 101//101
f 104//104 101//101 103//103
f 106//106 103//103 105//105
f 108//108 105//105 107//107
f 110//110 107//107 109//109
f 107//107 110//110 111//111
f 107//107 111//111 108//108
f 113//113 112//112 110//110
f 112//112 113//113 114//114
f 3//3 115//115 116//116
f 115//115 3//3 112//112
f 7//7 116//116 117//117
f 6//6 117//117 118//118
f 120//120 118//118 119//119
f 122//122 119//119 121//121
f 119//119 122//122 120//120
f 120//120 122//122 123//123
f 125//125 119//119 124//124
f 150//150 152//152 96//96
f 119//119 125//125 121//121
f 126//126 4//4 120//120
f 128//128 120//120 127//127
f 120//120 128//128 126//126
f 130//130 4//4 129//129
f 4//4 130//130 131//131
f 5//5 131//131 132//132
f 1//1 132//132 133//133
f 132//132 1//1 5//5
f 2//2 134//134 135//135
f 134//134 2//2 1//1
f 112//112 136//136 137//137
f 136//136 112//112 2//2
f 138//138 110//110 112//112
f 110//110 138//138 139//139
f 111//111 140//140 141//141
f 108//108 141//141 142//142
f 106//106 142//142 143//143
f 104//104 143//143 144//144
f 6//6 4//4 5//5
f 147//147 145//145 146//146
f 100//100 146//146 148//148
f 98//98 148//148 149//149
f 96//96 149//149 150//150
f 152//152 150//150 151//151
f 1//1 3//3 7//7
f 4//4 6//6 120//120
f 5//5 7//7 6//6
f 8//8 10//10 21//21
f 11//11 13//13 16//16
f 14//14 12//12 11//11
f 16//16 9//9 8//8
f 17//17 19//19 22//22
f 21//21 22//22 19//19
f 20//20 23//23 24//24
f 24//24 25//25 43//43
f 15//15 27//27 12//12
f 12//12 30//30 13//13
f 13//13 32//32 9//9
f 9//9 34//34 10//10
f 10//10 35//35 22//22
f 22//22 37//37 17//17
f 39//39 17//17 40//40
f 41//41 25//25 39//39
f 44//44 42//42 41//41
f 46//46 45//45 44//44
f 48//48 47//47 50//50
f 49//49 48//48 53//53
f 51//51 53//53 48//48
f 54//54 52//52 51//51
f 56//56 55//55 54//54
f 58//58 57//57 60//60
f 61//61 59//59 58//58
f 63//63 62//62 61//61
f 65//65 64//64 63//63
f 67//67 66//66 65//65
f 69//69 68//68 71//71
f 70//70 73//73 74//74
f 74//74 75//75 76//76
f 76//76 77//77 166//166
f 77//77 79//79 166//166
f 78//78 81//81 79//79
f 83//83 82//82 84//84
f 84//84 86//86 83//83
f 85//85 88//88 86//86
f 87//87 90//90 88//88
f 89//89 92//92 90//90
f 91//91 94//94 92//92
f 94//94 93//93 152//152
f 93//93 96//96 152//152
f 95//95 98//98 96//96
f 97//97 100//100 98//98
f 100//100 99//99 147//147
f 99//99 102//102 147//147
f 101//101 104//104 102//102
f 103//103 106//106 104//104
f 105//105 108//108 106//106
f 110//110 109//109 113//113
f 112//112 114//114 115//115
f 112//112 3//3 2//2
f 116//116 7//7 3//3
f 117//117 6//6 7//7
f 118//118 120//120 6//6
f 120//120 123//123 127//127
f 4//4 126//126 129//129
f 131//131 130//130 219//219
f 131//131 5//5 4//4
f 1//1 133//133 134//134
f 2//2 135//135 136//136
f 112//112 137//137 138//138
f 110//110 139//139 140//140
f 140//140 111//111 110//110
f 141//141 108//108 111//111
f 142//142 106//106 108//108
f 143//143 104//104 106//106
f 144//144 102//102 104//104
f 145//145 147//147 102//102
f 146//146 100//100 147//147
f 148//148 98//98 100//100
f 149//149 96//96 98//98
f 152//152 151//151 153//153
f 94//94 154//154 155//155
f 155//155 92//92 94//94
f 156//156 90//90 92//92
f 88//88 158//158 159//159
f 86//86 160//160 161//161
f 161//161 83//83 86//86
f 81//81 163//163 164//164
f 79//79 165//165 167//167
f 166//166 168//168 171//171
f 169//169 76//76 166//166
f 76//76 173//173 74//74
f 74//74 175//175 70//70
f 70//70 176//176 68//68
f 177//177 68//68 176//176
f 66//66 179//179 64//64
f 180//180 64//64 181//181
f 182//182 62//62 180//180
f 59//59 184//184 57//57
f 185//185 57//57 184//184
f 186//186 55//55 185//185
f 187//187 52//52 186//186
f 188//188 53//53 187//187
f 189//189 49//49 188//188
f 190//190 47//47 189//189
f 191//191 45//45 190//190
f 192//192 42//42 191//191
f 193//193 43//43 192//192
f 194//194 24//24 193//193
f 195//195 20//20 194//194
f 196//196 18//18 195//195
f 197//197 19//19 196//196
f 21//21 199//199 8//8
f 201//201 8//8 202//202
f 203//203 16//16 204//204
f 205//205 11//11 203//203
f 205//205 207//207 14//14
f 15//15 210//210 216//216
f 28//28 212//212 218//218
f 218//218 212//212 217//217
f 15//15 213//213 28//28
f 215//215 15//15 216//216
f 214//214 15//15 215//215
f 213//213 15//15 214//214
f 211//211 28//28 213//213
f 212//212 28//28 211//211
f 14//14 209//209 15//15
f 209//209 14//14 207//207
f 210//210 15//15 209//209
f 206//206 205//205 208//208
f 207//207 205//205 206//206
f 11//11 205//205 14//14
f 204//204 16//16 201//201
f 16//16 203//203 11//11
f 202//202 8//8 199//199
f 8//8 201//201 16//16
f 200//200 21//21 197//197
f 198//198 21//21 200//200
f 199//199 21//21 198//198
f 19//19 197//197 21//21
f 18//18 196//196 19//19
f 20//20 195//195 18//18
f 24//24 194//194 20//20
f 43//43 193//193 24//24
f 42//42 192//192 43//43
f 45//45 191//191 42//42
f 47//47 190//190 45//45
f 49//49 189//189 47//47
f 53//53 188//188 49//49
f 52//52 187//187 53//53
f 55//55 186//186 52//52
f 57//57 185//185 55//55
f 183//183 59//59 182//182
f 184//184 59//59 183//183
f 62//62 182//182 59//59
f 181//181 64//64 179//179
f 64//64 180//180 62//62
f 178//178 66//66 177//177
f 179//179 66//66 178//178
f 68//68 177//177 66//66
f 176//176 70//70 175//175
f 174//174 74//74 173//173
f 175//175 74//74 174//174
f 172//172 76//76 170//170
f 173//173 76//76 172//172
f 169//169 166//166 171//171
f 76//76 169//169 170//170
f 166//166 167//167 168//168
f 167//167 166//166 79//79
f 79//79 164//164 165//165
f 164//164 79//79 81//81
f 81//81 162//162 163//163
f 162//162 81//81 83//83
f 83//83 161//161 162//162
f 86//86 159//159 160//160
f 159//159 86//86 88//88
f 88//88 157//157 158//158
f 157//157 88//88 90//90
f 90//90 156//156 157//157
f 92//92 155//155 156//156
f 94//94 153//153 154//154
f 153//153 94//94 152//152
f 102//102 144//144 145//145
f 222//222 220//220 221//221
f 221//221 220//220 223//223
f 225//225 224//224 222//222
f 227//227 226//226 225//225
f 230//230 228//228 229//229
f 229//229 228//228 227//227
f 232//232 231//231 230//230
f 235//235 233//233 234//234
f 234//234 233//233 232//232
f 238//238 236//236 237//237
f 237//237 236//236 235//235
f 240//240 239//239 238//238
f 243//243 241//241 242//242
f 242//242 241//241 240//240
f 245//245 244//244 243//243
f 248//248 246//246 247//247
f 247//247 246//246 245//245
f 251//251 249//249 250//250
f 250//250 249//249 248//248
f 253//253 252//252 251//251
f 256//256 254//254 255//255
f 255//255 254//254 253//253
f 258//258 257//257 256//256
f 261//261 259//259 260//260
f 260//260 259//259 258//258
f 264//264 262//262 263//263
f 263//263 262//262 261//261
f 266//266 265//265 264//264
f 269//269 267//267 268//268
f 268//268 267//267 266//266
f 271//271 270//270 269//269
f 274//274 272//272 273//273
f 273//273 272//272 271//271
f 277//277 275//275 276//276
f 276//276 275//275 274//274
f 279//279 278//278 277//277
f 282//282 280//280 281//281
f 281//281 280//280 279//279
f 284//284 283//283 282//282
f 287//287 285//285 286//286
f 286//286 285//285 284//284
f 290//290 288//288 289//289
f 289//289 288//288 287//287
f 292//292 291//291 290//290
f 295//295 293//293 294//294
f 294//294 293//293 292//292
f 297//297 296//296 295//295
f 299//299 298//298 297//297
f 302//302 300//300 301//301
f 301//301 300//300 299//299
f 304//304 303//303 302//302
f 307//307 305//305 306//306
f 306//306 305//305 304//304
f 309//309 308//308 307//307
f 311//311 310//310 309//309
f 314//314 312//312 313//313
f 313//313 312//312 311//311
f 316//316 315//315 314//314
f 319//319 317//317 318//318
f 318//318 317//317 316//316
f 322//322 320//320 321//321
f 321//321 320//320 319//319
f 324//324 323//323 322//322
f 327//327 325//325 326//326
f 326//326 325//325 324//324
f 329//329 328//328 327//327
f 332//332 330//330 331//331
f 331//331 330//330 329//329
f 335//335 333//333 334//334
f 334//334 333//333 332//332
f 337//337 336//336 335//335
f 340//340 338//338 339//339
f 339//339 338//338 337//337
f 342//342 341//341 340//340
f 345//345 343//343 344//344
f 344//344 343//343 342//342
f 348//348 346//346 347//347
f 347//347 346//346 345//345
f 350//350 349//349 348//348
f 353//353 351//351 352//352
f 352//352 351//351 350//350
f 356//356 354//354 355//355
f 355//355 354//354 353//353
f 359//359 357//357 358//358
f 358//358 357//357 356//356
f 362//362 360//360 361//361
f 361//361 360//360 359//359
f 364//364 363//363 362//362
f 367//367 365//365 366//366
f 366//366 365//365 364//364
f 369//369 368//368 367//367
f 371//371 370//370 369//369
f 374//374 372//372 373//373
f 373//373 372//372 371//371
f 223//223 375//375 374//374
f 224//224 376//376 220//220
f 226//226 377//377 224//224
f 228//228 378//378 226//226
f 231//231 379//379 228//228
f 233//233 380//380 231//231
f 236//236 381//381 233//233
f 239//239 382//382 236//236
f 241//241 383//383 239//239
f 244//244 384//384 241//241
f 246//246 385//385 244//244
f 249//249 386//386 246//246
f 252//252 387//387 249//249
f 254//254 388//388 252//252
f 257//257 389//389 254//254
f 259//259 390//390 257//257
f 262//262 391//391 259//259
f 265//265 392//392 262//262
f 267//267 393//393 265//265
f 270//270 394//394 267//267
f 272//272 395//395 270//270
f 275//275 396//396 272//272
f 278//278 397//397 275//275
f 280//280 398//398 278//278
f 283//283 399//399 280//280
f 285//285 400//400 283//283
f 288//288 401//401 285//285
f 291//291 402//402 288//288
f 293//293 403//403 291//291
f 296//296 404//404 293//293
f 298//298 405//405 296//296
f 300//300 406//406 298//298
f 303//303 407//407 300//300
f 305//305 408//408 303//303
f 308//308 409//409 305//305
f 310//310 410//410 308//308
f 312//312 411//411 310//310
f 315//315 412//412 312//312
f 317//317 413//413 315//315
f 320//320 414//414 317//317
f 323//323 415//415 320//320
f 325//325 416//416 323//323
f 328//328 417//417 325//325
f 330//330 418//418 328//328
f 333//333 419//419 330//330
f 336//336 420//420 333//333
f 338//338 421//421 336//336
f 341//341 422//422 338//338
f 343//343 423//423 341//341
f 346//346 424//424 343//343
f 426//426 349//349 425//425
f 425//425 349//349 427//427
f 351//351 427//427 349//349
f 354//354 428//428 351//351
f 357//357 429//429 354//354
f 360//360 430//430 357//357
f 363//363 431//431 360//360
f 365//365 432//432 363//363
f 368//368 433//433 365//365
f 370//370 434//434 368//368
f 372//372 435//435 370//370
f 375//375 436//436 372//372
f 220//220 437//437 375//375
f 437//437 220//220 376//376
f 436//436 375//375 437//437
f 435//435 372//372 436//436
f 434//434 370//370 435//435
f 433//433 368//368 434//434
f 432//432 365//365 433//433
f 431//431 363//363 432//432
f 430//430 360//360 431//431
f 429//429 357//357 430//430
f 428//428 354//354 429//429
f 427//427 351//351 428//428
f 349//349 426//426 346//346
f 424//424 346//346 426//426
f 423//423 343//343 424//424
f 422//422 341//341 423//423
f 421//421 338//338 422//422
f 420//420 336//336 421//421
f 419//419 333//333 420//420
f 418//418 330//330 419//419
f 417//417 328//328 418//418
f 416//416 325//325 417//417
f 415//415 323//323 416//416
f 414//414 320//320 415//415
f 413//413 317//317 414//414
f 412//412 315//315 413//413
f 411//411 312//312 412//412
f 410//410 310//310 411//411
f 409//409 308//308 410//410
f 408//408 305//305 409//409
f 407//407 303//303 408//408
f 406//406 300//300 407//407
f 405//405 298//298 406//406
f 404//404 296//296 405//405
f 403//403 293//293 404//404
f 402//402 291//291 403//403
f 401//401 288//288 402//402
f 400//400 285//285 401//401
f 399//399 283//283 400//400
f 398//398 280//280 399//399
f 397//397 278//278 398//398
f 396//396 275//275 397//397
f 395//395 272//272 396//396
f 394//394 270//270 395//395
f 393//393 267//267 394//394
f 392//392 265//265 393//393
f 391//391 262//262 392//392
f 390//390 259//259 391//391
f 389//389 257//257 390//390
f 388//388 254//254 389//389
f 387//387 252//252 388//388
f 386//386 249//249 387//387
f 385//385 246//246 386//386
f 384//384 244//244 385//385
f 383//383 241//241 384//384
f 382//382 239//239 383//383
f 381//381 236//236 382//382
f 380//380 233//233 381//381
f 379//379 231//231 380//380
f 378//378 228//228 379//379
f 377//377 226//226 378//378
f 376//376 224//224 377//377
f 220//220 222//222 224//224
f 224//224 225//225 226//226
f 226//226 227//227 228//228
f 228//228 230//230 231//231
f 231//231 232//232 233//233
f 233//233 235//235 236//236
f 236//236 238//238 239//239
f 239//239 240//240 241//241
f 241//241 243//243 244//244
f 244//244 245//245 246//246
f 246//246 248//248 249//249
f 249//249 251//251 252//252
f 252//252 253//253 254//254
f 254//254 256//256 257//257
f 257//257 258//258 259//259
f 259//259 261//261 262//262
f 262//262 264//264 265//265
f 265//265 266//266 267//267
f 267//267 269//269 270//270
f 270//270 271//271 272//272
f 272//272 274//274 275//275
f 275//275 277//277 278//278
f 278//278 279//279 280//280
f 280//280 282//282 283//283
f 283//283 284//284 285//285
f 285//285 287//287 288//288
f 288//288 290//290 291//291
f 291//291 292//292 293//293
f 293//293 295//295 296//296
f 296//296 297//297 298//298
f 298//298 299//299 300//300
f 300//300 302//302 303//303
f 303//303 304//304 305//305
f 305//305 307//307 308//308
f 308//308 309//309 310//310
f 310//310 311//311 312//312
f 312//312 314//314 315//315
f 315//315 316//316 317//317
f 317//317 319//319 320//320
f 320//320 322//322 323//323
f 323//323 324//324 325//325
f 325//325 327//327 328//328
f 328//328 329//329 330//330
f 330//330 332//332 333//333
f 333//333 335//335 336//336
f 336//336 337//337 338//338
f 338//338 340//340 341//341
f 341//341 342//342 343//343
f 343//343 345//345 346//346
f 346//346 348//348 349//349
f 349//349 350//350 351//351
f 351//351 353//353 354//354
f 354//354 356//356 357//357
f 357//357 359//359 360//360
f 360//360 362//362 363//363
f 363//363 364//364 365//365
f 365//365 367//367 368//368
f 368//368 369//369 370//370
f 370//370 371//371 372//372
f 372//372 374//374 375//375
f 375//375 223//223 220//220
f 483//483 481//481 482//482
f 476//476 471//471 455//455
f 484//484 454//454 481//481
f 485//485 455//455 484//484
f 486//486 484//484 483//483
f 478//478 483//483 482//482
f 478//478 482//482 479//479
f 487//487 486//486 483//483
f 487//487 483//483 488//488
f 490//490 488//488 489//489
f 492//492 491//491 477//477
f 491//491 492//492 493//493
f 489//489 478//478 477//477
f 494//494 477//477 491//491
f 489//489 495//495 490//490
f 496//496 487//487 490//490
f 487//487 496//496 497//497
f 498//498 490//490 495//495
f 490//490 498//498 499//499
f 502//502 500//500 501//501
f 503//503 485//485 486//486
f 504//504 476//476 485//485
f 505//505 475//475 504//504
f 504//504 506//506 505//505
f 501//501 486//486 502//502
f 503//503 507//507 506//506
f 496//496 508//508 509//509
f 501//501 510//510 507//507
f 497//497 509//509 500//500
f 500//500 511//511 510//510
f 509//509 512//512 513//513
f 512//512 509//509 508//508
f 509//509 513//513 511//511
f 499//499 514//514 508//508
f 516//516 474//474 515//515
f 518//518 517//517 468//468
f 519//519 462//462 461//461
f 462//462 519//519 520//520
f 521//521 440//440 462//462
f 522//522 519//519 461//461
f 522//522 461//461 517//517
f 523//523 469//469 473//473
f 524//524 468//468 469//469
f 522//522 525//525 526//526
f 518//518 527//527 525//525
f 528//528 473//473 474//474
f 524//524 529//529 527//527
f 523//523 530//530 529//529
f 507//507 531//531 532//532
f 505//505 533//533 534//534
f 515//515 534//534 516//516
f 528//528 535//535 530//530
f 536//536 516//516 534//534
f 516//516 536//536 537//537
f 506//506 532//532 533//533
f 538//538 534//534 533//533
f 534//534 538//538 539//539
f 533//533 540//540 538//538
f 511//511 541//541 542//542
f 510//510 542//542 531//531
f 532//532 543//543 540//540
f 531//531 544//544 543//543
f 542//542 545//545 544//544
f 477//477 479//479 480//480
f 513//513 546//546 541//541
f 548//548 541//541 547//547
f 541//541 548//548 545//545
f 551//551 549//549 550//550
f 549//549 551//551 552//552
f 555//555 553//553 554//554
f 555//555 554//554 556//556
f 559//559 557//557 558//558
f 562//562 560//560 561//561
f 442//442 563//563 564//564
f 563//563 442//442 565//565
f 567//567 561//561 566//566
f 566//566 442//442 567//567
f 567//567 442//442 564//564
f 564//564 562//562 567//567
f 569//569 563//563 568//568
f 563//563 570//570 559//559
f 568//568 559//559 571//571
f 568//568 572//572 569//569
f 574//574 573//573 560//560
f 569//569 574//574 562//562
f 572//572 553//553 574//574
f 576//576 575//575 572//572
f 571//571 576//576 568//568
f 578//578 577//577 576//576
f 578//578 579//579 580//580
f 583//583 581//581 582//582
f 571//571 558//558 579//579
f 558//558 584//584 583//583
f 579//579 583//583 585//585
f 585//585 582//582 586//586
f 582//582 587//587 551//551
f 586//586 551//551 550//550
f 589//589 586//586 588//588
f 591//591 580//580 590//590
f 590//590 580//580 592//592
f 580//580 585//585 589//589
f 592//592 589//589 593//593
f 593//593 589//589 594//594
f 588//588 550//550 595//595
f 440//440 438//438 439//439
f 443//443 441//441 442//442
f 446//446 444//444 445//445
f 449//449 447//447 448//448
f 449//449 448//448 450//450
f 452//452 451//451 440//440
f 455//455 453//453 454//454
f 458//458 456//456 457//457
f 461//461 459//459 460//460
f 462//462 439//439 459//459
f 463//463 461//461 460//460
f 463//463 460//460 456//456
f 466//466 464//464 465//465
f 467//467 457//457 464//464
f 468//468 463//463 458//458
f 469//469 458//458 467//467
f 471//471 465//465 470//470
f 465//465 471//471 466//466
f 466//466 471//471 472//472
f 473//473 467//467 466//466
f 474//474 466//466 472//472
f 475//475 474//474 472//472
f 475//475 472//472 476//476
f 546//546 513//513 512//512
f 808//808 807//807 793//793
f 438//438 440//440 451//451
f 441//441 443//443 741//741
f 444//444 446//446 717//717
f 447//447 449//449 660//660
f 451//451 452//452 659//659
f 453//453 455//455 471//471
f 456//456 458//458 463//463
f 459//459 461//461 462//462
f 439//439 462//462 440//440
f 461//461 463//463 517//517
f 464//464 466//466 467//467
f 457//457 467//467 458//458
f 463//463 468//468 517//517
f 458//458 469//469 468//468
f 471//471 470//470 453//453
f 467//467 473//473 469//469
f 466//466 474//474 473//473
f 474//474 475//475 515//515
f 477//477 480//480 492//492
f 481//481 483//483 484//484
f 471//471 476//476 472//472
f 454//454 484//484 455//455
f 455//455 485//485 476//476
f 484//484 486//486 485//485
f 483//483 478//478 488//488
f 486//486 487//487 502//502
f 488//488 490//490 487//487
f 491//491 493//493 835//835
f 478//478 489//489 488//488
f 477//477 494//494 489//489
f 495//495 489//489 494//494
f 487//487 497//497 502//502
f 490//490 499//499 496//496
f 500//500 502//502 497//497
f 485//485 503//503 504//504
f 476//476 504//504 475//475
f 475//475 505//505 515//515
f 506//506 504//504 503//503
f 486//486 501//501 503//503
f 507//507 503//503 501//501
f 508//508 496//496 499//499
f 510//510 501//501 500//500
f 509//509 497//497 496//496
f 511//511 500//500 509//509
f 512//512 508//508 514//514
f 514//514 499//499 498//498
f 474//474 516//516 528//528
f 517//517 518//518 522//522
f 462//462 520//520 521//521
f 440//440 521//521 452//452
f 519//519 522//522 526//526
f 469//469 523//523 524//524
f 468//468 524//524 518//518
f 525//525 522//522 518//518
f 527//527 518//518 524//524
f 473//473 528//528 523//523
f 529//529 524//524 523//523
f 530//530 523//523 528//528
f 531//531 507//507 510//510
f 533//533 505//505 506//506
f 534//534 515//515 505//505
f 535//535 528//528 516//516
f 516//516 537//537 535//535
f 532//532 506//506 507//507
f 534//534 539//539 536//536
f 540//540 533//533 532//532
f 541//541 511//511 513//513
f 542//542 510//510 511//511
f 543//543 532//532 531//531
f 544//544 531//531 542//542
f 545//545 542//542 541//541
f 541//541 546//546 547//547
f 545//545 548//548 896//896
f 552//552 551//551 587//587
f 553//553 555//555 573//573
f 557//557 559//559 570//570
f 560//560 562//562 574//574
f 565//565 442//442 441//441
f 561//561 567//567 562//562
f 442//442 566//566 443//443
f 562//562 564//564 569//569
f 563//563 569//569 564//564
f 570//570 563//563 565//565
f 559//559 568//568 563//563
f 572//572 568//568 576//576
f 573//573 574//574 553//553
f 574//574 569//569 572//572
f 553//553 572//572 575//575
f 575//575 576//576 577//577
f 576//576 571//571 578//578
f 577//577 578//578 591//591
f 579//579 578//578 571//571
f 581//581 583//583 584//584
f 558//558 571//571 559//559
f 584//584 558//558 557//557
f 583//583 579//579 558//558
f 582//582 585//585 583//583
f 587//587 582//582 581//581
f 551//551 586//586 582//582
f 586//586 589//589 585//585
f 580//580 591//591 578//578
f 585//585 580//580 579//579
f 589//589 592//592 580//580
f 550//550 588//588 586//586
f 588//588 594//594 589//589
f 595//595 597//597 588//588
f 600//600 590//590 613//613
f 601//601 577//577 605//605
f 554//554 603//603 556//556
f 554//554 575//575 601//601
f 602//602 601//601 606//606
f 605//605 591//591 600//600
f 606//606 605//605 608//608
f 607//607 600//600 610//610
f 611//611 596//596 622//622
f 612//612 593//593 616//616
f 609//609 612//612 615//615
f 613//613 592//592 612//612
f 614//614 611//611 620//620
f 616//616 594//594 611//611
f 598//598 618//618 597//597
f 618//618 620//620 622//622
f 622//622 597//597 618//618
f 623//623 621//621 617//617
f 599//599 617//617 598//598
f 626//626 623//623 599//599
f 631//631 630//630 637//637
f 632//632 634//634 635//635
f 635//635 549//549 552//552
f 549//549 595//595 550//550
f 634//634 626//626 549//549
f 637//637 633//633 632//632
f 633//633 636//636 634//634
f 630//630 638//638 633//633
f 639//639 641//641 642//642
f 642//642 628//628 631//631
f 438//438 640//640 639//639
f 628//628 644//644 629//629
f 638//638 646//646 636//636
f 636//636 627//627 626//626
f 627//627 625//625 623//623
f 646//646 648//648 627//627
f 629//629 645//645 638//638
f 645//645 650//650 646//646
f 644//644 652//652 645//645
f 640//640 656//656 641//641
f 641//641 643//643 628//628
f 643//643 654//654 644//644
f 659//659 640//640 451//451
f 660//660 662//662 447//447
f 702//702 701//701 686//686
f 663//663 665//665 678//678
f 666//666 668//668 670//670
f 667//667 450//450 668//668
f 669//669 449//449 667//667
f 664//664 670//670 665//665
f 671//671 667//667 666//666
f 672//672 666//666 664//664
f 675//675 674//674 677//677
f 677//677 679//679 675//675
f 680//680 664//664 663//663
f 681//681 663//663 677//677
f 682//682 676//676 687//687
f 683//683 677//677 674//674
f 684//684 674//674 673//673
f 685//685 673//673 682//682
f 686//686 687//687 702//702
f 688//688 682//682 686//686
f 689//689 692//692 712//712
f 693//693 696//696 706//706
f 694//694 699//699 695//695
f 700//700 701//701 697//697
f 697//697 702//702 698//698
f 703//703 697//697 694//694
f 690//690 705//705 691//691
f 707//707 694//694 693//693
f 708//708 693//693 690//690
f 709//709 711//711 720//720
f 689//689 713//713 711//711
f 715//715 690//690 689//689
f 714//714 711//711 710//710
f 716//716 718//718 719//719
f 719//719 720//720 716//716
f 718//718 717//717 446//446
f 700//700 722//722 688//688
f 661//661 724//724 662//662
f 680//680 726//726 672//672
f 671//671 728//728 669//669
f 669//669 661//661 660//660
f 727//727 726//726 732//732
f 730//730 683//683 684//684
f 729//729 680//680 681//681
f 725//725 732//732 726//726
f 729//729 731//731 725//725
f 730//730 685//685 688//688
f 730//730 733//733 729//729
f 731//731 736//736 732//732
f 737//737 738//738 740//740
f 727//727 738//738 728//728
f 728//728 723//723 661//661
f 732//732 739//739 727//727
f 740//740 736//736 742//742
f 740//740 741//741 737//737
f 742//742 441//441 740//740
f 734//734 743//743 733//733
f 733//733 735//735 731//731
f 735//735 742//742 736//736
f 743//743 557//557 735//735
f 722//722 581//581 734//734
f 715//715 744//744 708//708
f 707//707 746//746 703//703
f 703//703 721//721 700//700
f 721//721 587//587 722//722
f 746//746 552//552 721//721
f 708//708 745//745 707//707
f 745//745 635//635 746//746
f 744//744 632//632 745//745
f 642//642 714//714 710//710
f 776//776 801//801 778//778
f 747//747 749//749 764//764
f 751//751 753//753 759//759
f 754//754 752//752 855//855
f 445//445 755//755 754//754
f 855//855 752//752 751//751
f 756//756 750//750 747//747
f 759//759 756//756 760//760
f 760//760 747//747 766//766
f 761//761 763//763 772//772
f 764//764 762//762 768//768
f 766//766 764//764 767//767
f 767//767 761//761 771//771
f 768//768 762//762 761//761
f 769//769 770//770 775//775
f 771//771 772//772 773//773
f 772//772 763//763 769//769
f 773//773 769//769 774//774
f 774//774 775//775 777//777
f 775//775 776//776 778//778
f 777//777 778//778 786//786
f 766//766 779//779 781//781
f 459//459 780//780 460//460
f 760//760 781//781 780//780
f 780//780 456//456 460//460
f 773//773 782//782 783//783
f 767//767 783//783 779//779
f 781//781 457//457 456//456
f 779//779 464//464 457//457
f 774//774 784//784 782//782
f 783//783 465//465 464//464
f 782//782 470//470 465//465
f 784//784 785//785 788//788
f 470//470 787//787 453//453
f 789//789 790//790 802//802
f 791//791 793//793 807//807
f 794//794 796//796 804//804
f 798//798 797//797 800//800
f 786//786 801//801 790//790
f 801//801 799//799 798//798
f 790//790 798//798 802//802
f 802//802 800//800 803//803
f 803//803 794//794 805//805
f 804//804 792//792 791//791
f 805//805 804//804 806//806
f 806//806 791//791 810//810
f 807//807 809//809 812//812
f 810//810 807//807 811//811
f 811//811 812//812 826//826
f 811//811 815//815 810//810
f 788//788 817//817 787//787
f 818//818 806//806 820//820
f 818//818 803//803 805//805
f 785//785 816//816 788//788
f 789//789 819//819 816//816
f 806//806 815//815 820//820
f 818//818 821//821 819//819
f 820//820 814//814 821//821
f 819//819 822//822 823//823
f 816//816 823//823 817//817
f 787//787 454//454 453//453
f 817//817 481//481 454//454
f 821//821 824//824 822//822
f 823//823 482//482 481//481
f 822//822 479//479 482//482
f 814//814 825//825 824//824
f 826//826 828//828 829//829
f 811//811 829//829 813//813
f 827//827 831//831 828//828
f 829//829 832//832 833//833
f 813//813 833//833 825//825
f 824//824 480//480 479//479
f 825//825 492//492 480//480
f 833//833 493//493 492//492
f 828//828 834//834 832//832
f 832//832 835//835 493//493
f 895//895 838//838 837//837
f 836//836 812//812 838//838
f 830//830 839//839 894//894
f 438//438 847//847 854//854
f 439//439 849//849 867//867
f 856//856 855//855 751//751
f 446//446 868//868 882//882
f 719//719 878//878 893//893
f 642//642 845//845 639//639
f 710//710 892//892 890//890
f 709//709 893//893 891//891
f 709//709 891//891 710//710
f 893//893 709//709 719//719
f 892//892 710//710 891//891
f 642//642 889//889 885//885
f 642//642 890//890 887//887
f 890//890 642//642 710//710
f 642//642 888//888 889//889
f 888//888 642//642 887//887
f 642//642 886//886 884//884
f 886//886 642//642 885//885
f 845//845 642//642 884//884
f 719//719 883//883 879//879
f 719//719 881//881 883//883
f 718//718 882//882 880//880
f 718//718 880//880 719//719
f 882//882 718//718 446//446
f 881//881 719//719 880//880
f 876//876 719//719 879//879
f 719//719 877//877 878//878
f 877//877 719//719 876//876
f 869//869 445//445 754//754
f 754//754 875//875 870//870
f 754//754 873//873 875//875
f 754//754 874//874 872//872
f 874//874 754//754 857//857
f 873//873 754//754 872//872
f 754//754 871//871 869//869
f 871//871 754//754 870//870
f 445//445 869//869 868//868
f 868//868 446//446 445//445
f 751//751 860//860 858//858
f 459//459 863//863 860//860
f 459//459 867//867 865//865
f 867//867 459//459 439//439
f 459//459 866//866 864//864
f 866//866 459//459 865//865
f 861//861 459//459 864//864
f 459//459 862//862 863//863
f 862//862 459//459 861//861
f 860//860 751//751 459//459
f 751//751 859//859 856//856
f 859//859 751//751 858//858
f 855//855 857//857 754//754
f 857//857 855//855 856//856
f 439//439 852//852 850//850
f 439//439 853//853 851//851
f 853//853 438//438 854//854
f 853//853 439//439 438//438
f 852//852 439//439 851//851
f 848//848 439//439 850//850
f 849//849 439//439 848//848
f 438//438 840//840 847//847
f 639//639 846//846 844//844
f 846//846 639//639 845//845
f 842//842 639//639 844//844
f 639//639 843//843 841//841
f 843//843 639//639 842//842
f 840//840 639//639 841//841
f 840//840 438//438 639//639
f 827//827 839//839 830//830
f 839//839 827//827 836//836
f 809//809 838//838 812//812
f 838//838 809//809 837//837
f 827//827 812//812 836//836
f 812//812 827//827 826//826
f 835//835 832//832 834//834
f 834//834 828//828 831//831
f 493//493 833//833 832//832
f 492//492 825//825 833//833
f 480//480 824//824 825//825
f 833//833 813//813 829//829
f 832//832 829//829 828//828
f 831//831 827//827 830//830
f 829//829 811//811 826//826
f 828//828 826//826 827//827
f 825//825 814//814 813//813
f 479//479 822//822 824//824
f 482//482 823//823 822//822
f 824//824 821//821 814//814
f 481//481 817//817 823//823
f 454//454 787//787 817//817
f 823//823 816//816 819//819
f 822//822 819//819 821//821
f 814//814 820//820 815//815
f 821//821 818//818 820//820
f 815//815 806//806 810//810
f 819//819 789//789 818//818
f 816//816 785//785 789//789
f 803//803 789//789 802//802
f 803//803 818//818 789//789
f 806//806 818//818 805//805
f 817//817 788//788 816//816
f 813//813 815//815 811//811
f 815//815 813//813 814//814
f 812//812 811//811 807//807
f 807//807 810//810 791//791
f 594//594 588//588 596//596
f 809//809 807//807 808//808
f 791//791 806//806 804//804
f 804//804 805//805 794//794
f 792//792 804//804 796//796
f 794//794 803//803 800//800
f 800//800 802//802 798//798
f 798//798 790//790 801//801
f 799//799 801//801 776//776
f 801//801 786//786 778//778
f 800//800 797//797 794//794
f 797//797 798//798 799//799
f 795//795 794//794 797//797
f 796//796 794//794 795//795
f 793//793 791//791 792//792
f 790//790 785//785 786//786
f 790//790 789//789 785//785
f 787//787 784//784 788//788
f 787//787 470//470 784//784
f 785//785 777//777 786//786
f 785//785 784//784 777//777
f 470//470 782//782 784//784
f 465//465 783//783 782//782
f 784//784 774//774 777//777
f 464//464 779//779 783//783
f 457//457 781//781 779//779
f 783//783 767//767 771//771
f 773//773 783//783 771//771
f 782//782 773//773 774//774
f 456//456 780//780 781//781
f 781//781 760//760 766//766
f 780//780 759//759 760//760
f 759//759 780//780 751//751
f 780//780 459//459 751//751
f 779//779 766//766 767//767
f 778//778 777//777 775//775
f 776//776 775//775 770//770
f 775//775 774//774 769//769
f 769//769 773//773 772//772
f 772//772 771//771 761//761
f 770//770 769//769 763//763
f 768//768 767//767 764//764
f 761//761 767//767 768//768
f 764//764 766//766 747//747
f 765//765 764//764 749//749
f 762//762 764//764 765//765
f 763//763 761//761 762//762
f 747//747 760//760 756//756
f 756//756 753//753 758//758
f 756//756 759//759 753//753
f 757//757 756//756 758//758
f 750//750 756//756 757//757
f 755//755 445//445 444//444
f 752//752 754//754 755//755
f 753//753 751//751 752//752
f 748//748 747//747 750//750
f 749//749 747//747 748//748
f 714//714 631//631 715//715
f 631//631 714//714 642//642
f 632//632 744//744 637//637
f 635//635 745//745 632//632
f 745//745 708//708 744//744
f 552//552 746//746 635//635
f 587//587 721//721 552//552
f 721//721 703//703 746//746
f 746//746 707//707 745//745
f 631//631 744//744 715//715
f 744//744 631//631 637//637
f 581//581 722//722 587//587
f 557//557 743//743 584//584
f 557//557 742//742 735//735
f 742//742 557//557 570//570
f 735//735 733//733 743//743
f 581//581 743//743 734//734
f 743//743 581//581 584//584
f 565//565 742//742 570//570
f 441//441 742//742 565//565
f 741//741 740//740 441//441
f 739//739 740//740 738//738
f 736//736 740//740 739//739
f 739//739 732//732 736//736
f 723//723 728//728 738//738
f 738//738 727//727 739//739
f 723//723 737//737 724//724
f 738//738 737//737 723//723
f 736//736 731//731 735//735
f 733//733 730//730 734//734
f 722//722 730//730 688//688
f 730//730 722//722 734//734
f 685//685 730//730 684//684
f 731//731 729//729 733//733
f 732//732 725//725 731//731
f 680//680 729//729 725//725
f 729//729 683//683 730//730
f 683//683 729//729 681//681
f 726//726 671//671 672//672
f 726//726 727//727 671//671
f 661//661 669//669 728//728
f 728//728 671//671 727//727
f 726//726 680//680 725//725
f 724//724 661//661 723//723
f 722//722 700//700 721//721
f 720//720 719//719 709//709
f 718//718 716//716 717//717
f 690//690 715//715 708//708
f 714//714 689//689 711//711
f 689//689 714//714 715//715
f 713//713 689//689 712//712
f 711//711 709//709 710//710
f 693//693 708//708 707//707
f 694//694 707//707 703//703
f 690//690 706//706 704//704
f 706//706 690//690 693//693
f 705//705 690//690 704//704
f 697//697 703//703 700//700
f 702//702 697//697 701//701
f 700//700 686//686 701//701
f 686//686 700//700 688//688
f 694//694 698//698 699//699
f 698//698 694//694 697//697
f 693//693 695//695 696//696
f 695//695 693//693 694//694
f 689//689 691//691 692//692
f 691//691 689//689 690//690
f 682//682 688//688 685//685
f 687//687 686//686 682//682
f 673//673 685//685 684//684
f 674//674 684//684 683//683
f 677//677 683//683 681//681
f 676//676 682//682 673//673
f 663//663 681//681 680//680
f 664//664 680//680 672//672
f 677//677 678//678 679//679
f 678//678 677//677 663//663
f 673//673 675//675 676//676
f 675//675 673//673 674//674
f 666//666 672//672 671//671
f 667//667 671//671 669//669
f 670//670 664//664 666//666
f 449//449 669//669 660//660
f 450//450 667//667 449//449
f 668//668 666//666 667//667
f 665//665 663//663 664//664
f 662//662 660//660 661//661
f 640//640 659//659 655//655
f 658//658 643//643 657//657
f 654//654 643//643 658//658
f 656//656 643//643 641//641
f 643//643 656//656 657//657
f 656//656 640//640 655//655
f 653//653 644//644 654//654
f 652//652 644//644 653//653
f 651//651 645//645 652//652
f 650//650 645//645 651//651
f 645//645 629//629 644//644
f 649//649 646//646 650//650
f 648//648 646//646 649//649
f 647//647 627//627 648//648
f 625//625 627//627 647//647
f 627//627 636//636 646//646
f 646//646 638//638 645//645
f 644//644 628//628 643//643
f 640//640 438//438 451//451
f 628//628 642//642 641//641
f 641//641 639//639 640//640
f 638//638 630//630 629//629
f 636//636 633//633 638//638
f 633//633 637//637 630//630
f 626//626 634//634 636//636
f 626//626 595//595 549//549
f 595//595 626//626 599//599
f 549//549 635//635 634//634
f 634//634 632//632 633//633
f 628//628 630//630 631//631
f 630//630 628//628 629//629
f 623//623 626//626 627//627
f 617//617 599//599 623//623
f 617//617 621//621 618//618
f 624//624 623//623 625//625
f 621//621 623//623 624//624
f 597//597 622//622 596//596
f 622//622 620//620 611//611
f 619//619 618//618 621//621
f 620//620 618//618 619//619
f 618//618 598//598 617//617
f 594//594 616//616 593//593
f 616//616 614//614 612//612
f 611//611 614//614 616//616
f 592//592 613//613 590//590
f 613//613 609//609 600//600
f 615//615 612//612 614//614
f 612//612 609//609 613//613
f 593//593 612//612 592//592
f 596//596 611//611 594//594
f 610//610 600//600 609//609
f 600//600 607//607 605//605
f 608//608 605//605 607//607
f 605//605 606//606 601//601
f 591//591 605//605 577//577
f 601//601 602//602 554//554
f 575//575 554//554 553//553
f 603//603 602//602 604//604
f 603//603 554//554 602//602
f 577//577 601//601 575//575
f 590//590 600//600 591//591
f 598//598 595//595 599//599
f 597//597 595//595 598//598
f 596//596 588//588 597//597
f 479//479 477//477 478//478
f 955//955 953//953 952//952
f 959//959 957//957 958//958
f 957//957 956//956 955//955
f 961//961 958//958 960//960
f 958//958 961//961 959//959
f 961//961 962//962 963//963
f 963//963 964//964 965//965
f 964//964 963//963 962//962
f 968//968 966//966 967//967
f 966//966 965//965 964//964
f 970//970 967//967 969//969
f 967//967 970//970 968//968
f 970//970 971//971 972//972
f 972//972 973//973 974//974
f 973//973 972//972 971//971
f 974//974 973//973 975//975
f 974//974 976//976 977//977
f 977//977 978//978 979//979
f 978//978 977//977 976//976
f 979//979 980//980 981//981
f 981//981 982//982 983//983
f 985//985 982//982 984//984
f 982//982 985//985 983//983
f 982//982 981//981 980//980
f 985//985 986//986 987//987
f 987//987 988//988 989//989
f 988//988 987//987 986//986
f 991//991 988//988 990//990
f 993//993 990//990 992//992
f 990//990 993//993 991//991
f 993//993 994//994 995//995
f 995//995 996//996 997//997
f 996//996 995//995 994//994
f 997//997 996//996 998//998
f 1000//1000 998//998 999//999
f 1002//1002 999//999 1001//1001
f 999//999 1002//1002 1000//1000
f 1004//1004 1001//1001 1003//1003
f 1006//1006 1003//1003 1005//1005
f 1003//1003 1006//1006 1004//1004
f 1008//1008 1005//1005 1007//1007
f 1008//1008 1009//1009 1010//1010
f 1009//1009 1008//1008 1007//1007
f 1010//1010 1009//1009 1011//1011
f 1013//1013 1011//1011 1012//1012
f 1015//1015 1012//1012 1014//1014
f 1012//1012 1015//1015 1013//1013
f 1015//1015 1016//1016 1017//1017
f 1017//1017 1018//1018 1019//1019
f 1018//1018 1017//1017 1016//1016
f 1019//1019 1018//1018 1020//1020
f 1022//1022 1020//1020 1021//1021
f 1024//1024 1021//1021 1023//1023
f 1021//1021 1024//1024 1022//1022
f 1024//1024 1023//1023 1025//1025
f 1028//1028 1026//1026 1027//1027
f 1029//1029 1028//1028 1025//1025
f 1026//1026 1028//1028 1029//1029
f 1025//1025 1028//1028 1024//1024
f 1027//1027 1030//1030 1031//1031
f 1032//1032 1027//1027 1026//1026
f 1031//1031 1033//1033 1034//1034
f 1033//1033 1031//1031 1030//1030
f 1037//1037 1035//1035 1036//1036
f 1035//1035 1034//1034 1033//1033
f 1039//1039 1036//1036 1038//1038
f 1036//1036 1039//1039 1037//1037
f 1039//1039 1040//1040 1041//1041
f 1041//1041 1042//1042 1043//1043
f 1042//1042 1041//1041 1040//1040
f 1046//1046 1044//1044 1045//1045
f 1044//1044 1043//1043 1042//1042
f 1046//1046 1047//1047 1048//1048
f 1047//1047 1046//1046 1045//1045
f 1051//1051 1049//1049 1050//1050
f 1049//1049 1048//1048 1047//1047
f 1050//1050 1052//1052 1051//1051
f 1052//1052 1050//1050 1053//1053
f 1052//1052 1054//1054 1055//1055
f 1055//1055 1056//1056 1057//1057
f 1056//1056 1055//1055 1054//1054
f 1060//1060 1058//1058 1059//1059
f 1058//1058 1057//1057 1056//1056
f 1062//1062 1059//1059 1061//1061
f 1059//1059 1062//1062 1060//1060
f 1062//1062 1063//1063 1064//1064
f 1064//1064 1065//1065 1066//1066
f 1065//1065 1064//1064 1063//1063
f 1066//1066 1065//1065 897//897
f 1063//1063 1062//1062 1061//1061
f 1058//1058 1060//1060 1057//1057
f 899//899 897//897 898//898
f 1054//1054 1052//1052 1053//1053
f 1049//1049 1051//1051 1048//1048
f 1044//1044 1046//1046 1043//1043
f 1040//1040 1039//1039 1038//1038
f 1035//1035 1037//1037 1034//1034
f 1030//1030 1027//1027 1032//1032
f 1020//1020 1022//1022 1019//1019
f 1016//1016 1015//1015 1014//1014
f 1011//1011 1013//1013 1010//1010
f 1005//1005 1008//1008 1006//1006
f 1001//1001 1004//1004 1002//1002
f 998//998 1000//1000 997//997
f 994//994 993//993 992//992
f 988//988 991//991 989//989
f 986//986 985//985 984//984
f 980//980 979//979 978//978
f 976//976 974//974 975//975
f 971//971 970//970 969//969
f 966//966 968//968 965//965
f 962//962 961//961 960//960
f 957//957 959//959 956//956
f 952//952 951//951 954//954
f 949//949 948//948 950//950
f 943//943 945//945 938//938
f 932//932 936//936 931//931
f 927//927 929//929 925//925
f 922//922 926//926 923//923
f 919//919 921//921 918//918
f 915//915 914//914 913//913
f 909//909 912//912 910//910
f 906//906 908//908 905//905
f 902//902 901//901 900//900
f 953//953 955//955 956//956
f 954//954 951//951 950//950
f 951//951 952//952 953//953
f 949//949 950//950 951//951
f 948//948 947//947 946//946
f 947//947 948//948 949//949
f 946//946 945//945 944//944
f 945//945 946//946 947//947
f 943//943 938//938 937//937
f 945//945 943//943 944//944
f 934//934 939//939 935//935
f 937//937 939//939 941//941
f 942//942 939//939 934//934
f 940//940 939//939 942//942
f 941//941 939//939 940//940
f 939//939 937//937 938//938
f 933//933 935//935 936//936
f 933//933 936//936 932//932
f 935//935 933//933 934//934
f 931//931 930//930 932//932
f 930//930 929//929 928//928
f 929//929 930//930 931//931
f 929//929 927//927 928//928
f 925//925 924//924 927//927
f 924//924 926//926 922//922
f 926//926 924//924 925//925
f 920//920 923//923 921//921
f 923//923 920//920 922//922
f 921//921 919//919 920//920
f 918//918 917//917 919//919
f 917//917 916//916 915//915
f 916//916 917//917 918//918
f 914//914 915//915 916//916
f 911//911 914//914 912//912
f 914//914 911//911 913//913
f 912//912 909//909 911//911
f 909//909 908//908 907//907
f 908//908 909//909 910//910
f 908//908 906//906 907//907
f 905//905 904//904 906//906
f 904//904 903//903 902//902
f 903//903 904//904 905//905
f 901//901 902//902 903//903
f 898//898 901//901 899//899
f 901//901 898//898 900//900
f 897//897 899//899 1066//1066
f 1214//1214 1283//1283 1284//1284
f 1283//1283 1214//1214 1215//1215
f 1213//1213 1281//1281 1282//1282
f 1281//1281 1213//1213 1214//1214
f 1212//1212 1279//1279 1280//1280
f 1279//1279 1212//1212 1213//1213
f 1211//1211 1277//1277 1278//1278
f 1277//1277 1211//1211 1212//1212
f 1210//1210 1275//1275 1276//1276
f 1275//1275 1210//1210 1211//1211
f 1209//1209 1273//1273 1274//1274
f 1273//1273 1209//1209 1210//1210
f 1208//1208 1271//1271 1272//1272
f 1271//1271 1208//1208 1209//1209
f 1207//1207 1269//1269 1270//1270
f 1207//1207 1268//1268 1269//1269
f 1268//1268 1207//1207 1208//1208
f 1206//1206 1266//1266 1267//1267
f 1266//1266 1206//1206 1207//1207
f 1205//1205 1264//1264 1265//1265
f 1264//1264 1205//1205 1206//1206
f 1204//1204 1262//1262 1263//1263
f 1262//1262 1204//1204 1205//1205
f 1203//1203 1260//1260 1261//1261
f 1260//1260 1203//1203 1204//1204
f 1258//1258 1202//1202 1203//1203
f 1202//1202 1258//1258 1259//1259
f 1256//1256 1201//1201 1202//1202
f 1201//1201 1256//1256 1257//1257
f 1254//1254 1200//1200 1201//1201
f 1200//1200 1254//1254 1255//1255
f 1252//1252 1199//1199 1200//1200
f 1199//1199 1252//1252 1253//1253
f 1250//1250 1198//1198 1199//1199
f 1198//1198 1250//1250 1251//1251
f 1197//1197 1249//1249 1248//1248
f 1196//1196 1248//1248 1246//1246
f 1195//1195 1246//1246 1247//1247
f 1246//1246 1195//1195 1196//1196
f 1194//1194 1244//1244 1245//1245
f 1244//1244 1194//1194 1195//1195
f 1193//1193 1242//1242 1243//1243
f 1242//1242 1193//1193 1194//1194
f 1192//1192 1240//1240 1241//1241
f 1240//1240 1192//1192 1193//1193
f 1191//1191 1238//1238 1239//1239
f 1238//1238 1191//1191 1192//1192
f 1190//1190 1236//1236 1237//1237
f 1236//1236 1190//1190 1191//1191
f 1189//1189 1234//1234 1235//1235
f 1234//1234 1189//1189 1190//1190
f 1188//1188 1232//1232 1233//1233
f 1232//1232 1188//1188 1189//1189
f 1187//1187 1230//1230 1231//1231
f 1230//1230 1187//1187 1188//1188
f 1186//1186 1228//1228 1229//1229
f 1228//1228 1186//1186 1187//1187
f 1185//1185 1226//1226 1227//1227
f 1226//1226 1185//1185 1186//1186
f 1223//1223 1224//1224 1225//1225
f 1224//1224 1223//1223 1185//1185
f 1223//1223 1183//1183 1184//1184
f 1222//1222 1182//1182 1183//1183
f 1221//1221 1181//1181 1182//1182
f 1220//1220 1180//1180 1181//1181
f 1219//1219 1179//1179 1180//1180
f 1218//1218 1178//1178 1179//1179
f 1217//1217 1177//1177 1178//1178
f 1216//1216 1176//1176 1177//1177
f 1215//1215 1175//1175 1176//1176
f 1214//1214 1174//1174 1175//1175
f 1213//1213 1173//1173 1174//1174
f 1212//1212 1172//1172 1173//1173
f 1211//1211 1171//1171 1172//1172
f 1210//1210 1170//1170 1171//1171
f 1209//1209 1169//1169 1170//1170
f 1208//1208 1168//1168 1169//1169
f 1207//1207 1167//1167 1168//1168
f 1206//1206 1166//1166 1167//1167
f 1205//1205 1165//1165 1166//1166
f 1204//1204 1164//1164 1165//1165
f 1203//1203 1163//1163 1164//1164
f 1202//1202 1162//1162 1163//1163
f 1201//1201 1161//1161 1162//1162
f 1200//1200 1160//1160 1161//1161
f 1199//1199 1159//1159 1160//1160
f 1198//1198 1158//1158 1159//1159
f 1197//1197 1157//1157 1158//1158
f 1196//1196 1156//1156 1157//1157
f 1195//1195 1155//1155 1156//1156
f 1194//1194 1154//1154 1155//1155
f 1193//1193 1153//1153 1154//1154
f 1192//1192 1152//1152 1153//1153
f 1191//1191 1151//1151 1152//1152
f 1190//1190 1150//1150 1151//1151
f 1189//1189 1149//1149 1150//1150
f 1188//1188 1148//1148 1149//1149
f 1187//1187 1147//1147 1148//1148
f 1186//1186 1146//1146 1147//1147
f 1185//1185 1184//1184 1146//1146
f 1184//1184 1143//1143 1068//1068
f 1183//1183 1141//1141 1143//1143
f 1182//1182 1139//1139 1141//1141
f 1181//1181 1137//1137 1139//1139
f 1180//1180 1135//1135 1137//1137
f 1179//1179 1133//1133 1135//1135
f 1178//1178 1131//1131 1133//1133
f 1177//1177 1129//1129 1131//1131
f 1176//1176 1127//1127 1129//1129
f 1175//1175 1125//1125 1127//1127
f 1174//1174 1123//1123 1125//1125
f 1173//1173 1121//1121 1123//1123
f 1172//1172 1119//1119 1121//1121
f 1171//1171 1117//1117 1119//1119
f 1170//1170 1115//1115 1117//1117
f 1169//1169 1113//1113 1115//1115
f 1168//1168 1111//1111 1113//1113
f 1167//1167 1109//1109 1111//1111
f 1166//1166 1106//1106 1109//1109
f 1165//1165 1104//1104 1106//1106
f 1164//1164 1102//1102 1104//1104
f 1163//1163 1100//1100 1102//1102
f 1162//1162 1098//1098 1100//1100
f 1161//1161 1096//1096 1098//1098
f 1160//1160 1094//1094 1096//1096
f 1159//1159 1092//1092 1094//1094
f 1158//1158 1090//1090 1092//1092
f 1157//1157 1088//1088 1090//1090
f 1156//1156 1086//1086 1088//1088
f 1155//1155 1084//1084 1086//1086
f 1154//1154 1082//1082 1084//1084
f 1215//1215 1285//1285 1286//1286
f 1216//1216 1287//1287 1285//1285
f 1217//1217 1288//1288 1287//1287
f 1218//1218 1289//1289 1290//1290
f 1289//1289 1218//1218 1219//1219
f 1219//1219 1291//1291 1292//1292
f 1291//1291 1219//1219 1220//1220
f 1220//1220 1293//1293 1294//1294
f 1293//1293 1220//1220 1221//1221
f 1221//1221 1295//1295 1296//1296
f 1295//1295 1221//1221 1222//1222
f 1222//1222 1297//1297 1298//1298
f 1297//1297 1222//1222 1223//1223
f 1222//1222 1298//1298 1295//1295
f 1221//1221 1296//1296 1293//1293
f 1220//1220 1294//1294 1291//1291
f 1219//1219 1292//1292 1289//1289
f 1218//1218 1290//1290 1288//1288
f 1288//1288 1217//1217 1218//1218
f 1287//1287 1216//1216 1217//1217
f 1215//1215 1286//1286 1283//1283
f 1214//1214 1284//1284 1281//1281
f 1213//1213 1282//1282 1279//1279
f 1212//1212 1280//1280 1277//1277
f 1211//1211 1278//1278 1275//1275
f 1210//1210 1276//1276 1273//1273
f 1209//1209 1274//1274 1271//1271
f 1208//1208 1272//1272 1268//1268
f 1207//1207 1270//1270 1266//1266
f 1206//1206 1267//1267 1264//1264
f 1205//1205 1265//1265 1262//1262
f 1204//1204 1263//1263 1260//1260
f 1203//1203 1261//1261 1258//1258
f 1202//1202 1259//1259 1256//1256
f 1201//1201 1257//1257 1254//1254
f 1200//1200 1255//1255 1252//1252
f 1199//1199 1253//1253 1250//1250
f 1198//1198 1251//1251 1249//1249
f 1249//1249 1197//1197 1198//1198
f 1248//1248 1196//1196 1197//1197
f 1195//1195 1247//1247 1244//1244
f 1194//1194 1245//1245 1242//1242
f 1193//1193 1243//1243 1240//1240
f 1192//1192 1241//1241 1238//1238
f 1191//1191 1239//1239 1236//1236
f 1190//1190 1237//1237 1234//1234
f 1189//1189 1235//1235 1232//1232
f 1188//1188 1233//1233 1230//1230
f 1187//1187 1231//1231 1228//1228
f 1186//1186 1229//1229 1226//1226
f 1185//1185 1227//1227 1224//1224
f 1223//1223 1225//1225 1297//1297
f 1183//1183 1223//1223 1222//1222
f 1182//1182 1222//1222 1221//1221
f 1181//1181 1221//1221 1220//1220
f 1180//1180 1220//1220 1219//1219
f 1179//1179 1219//1219 1218//1218
f 1178//1178 1218//1218 1217//1217
f 1177//1177 1217//1217 1216//1216
f 1176//1176 1216//1216 1215//1215
f 1175//1175 1215//1215 1214//1214
f 1174//1174 1214//1214 1213//1213
f 1173//1173 1213//1213 1212//1212
f 1172//1172 1212//1212 1211//1211
f 1171//1171 1211//1211 1210//1210
f 1170//1170 1210//1210 1209//1209
f 1169//1169 1209//1209 1208//1208
f 1168//1168 1208//1208 1207//1207
f 1167//1167 1207//1207 1206//1206
f 1166//1166 1206//1206 1205//1205
f 1165//1165 1205//1205 1204//1204
f 1164//1164 1204//1204 1203//1203
f 1163//1163 1203//1203 1202//1202
f 1162//1162 1202//1202 1201//1201
f 1161//1161 1201//1201 1200//1200
f 1160//1160 1200//1200 1199//1199
f 1159//1159 1199//1199 1198//1198
f 1158//1158 1198//1198 1197//1197
f 1157//1157 1197//1197 1196//1196
f 1156//1156 1196//1196 1195//1195
f 1155//1155 1195//1195 1194//1194
f 1154//1154 1194//1194 1193//1193
f 1153//1153 1193//1193 1192//1192
f 1152//1152 1192//1192 1191//1191
f 1151//1151 1191//1191 1190//1190
f 1150//1150 1190//1190 1189//1189
f 1149//1149 1189//1189 1188//1188
f 1148//1148 1188//1188 1187//1187
f 1147//1147 1187//1187 1186//1186
f 1146//1146 1186//1186 1185//1185
f 1184//1184 1185//1185 1223//1223
f 1143//1143 1184//1184 1183//1183
f 1141//1141 1183//1183 1182//1182
f 1139//1139 1182//1182 1181//1181
f 1137//1137 1181//1181 1180//1180
f 1135//1135 1180//1180 1179//1179
f 1133//1133 1179//1179 1178//1178
f 1131//1131 1178//1178 1177//1177
f 1129//1129 1177//1177 1176//1176
f 1127//1127 1176//1176 1175//1175
f 1125//1125 1175//1175 1174//1174
f 1123//1123 1174//1174 1173//1173
f 1121//1121 1173//1173 1172//1172
f 1119//1119 1172//1172 1171//1171
f 1117//1117 1171//1171 1170//1170
f 1115//1115 1170//1170 1169//1169
f 1113//1113 1169//1169 1168//1168
f 1111//1111 1168//1168 1167//1167
f 1109//1109 1167//1167 1166//1166
f 1106//1106 1166//1166 1165//1165
f 1104//1104 1165//1165 1164//1164
f 1102//1102 1164//1164 1163//1163
f 1100//1100 1163//1163 1162//1162
f 1098//1098 1162//1162 1161//1161
f 1096//1096 1161//1161 1160//1160
f 1094//1094 1160//1160 1159//1159
f 1092//1092 1159//1159 1158//1158
f 1090//1090 1158//1158 1157//1157
f 1088//1088 1157//1157 1156//1156
f 1086//1086 1156//1156 1155//1155
f 1084//1084 1155//1155 1154//1154
f 1082//1082 1154//1154 1153//1153
f 1080//1080 1153//1153 1152//1152
f 1078//1078 1152//1152 1151//1151
f 1076//1076 1151//1151 1150//1150
f 1074//1074 1150//1150 1149//1149
f 1072//1072 1149//1149 1148//1148
f 1070//1070 1148//1148 1147//1147
f 1067//1067 1147//1147 1146//1146
f 1068//1068 1146//1146 1184//1184
f 1068//1068 1145//1145 1069//1069
f 1143//1143 1144//1144 1145//1145
f 1141//1141 1142//1142 1144//1144
f 1139//1139 1140//1140 1142//1142
f 1137//1137 1138//1138 1140//1140
f 1135//1135 1136//1136 1138//1138
f 1133//1133 1134//1134 1136//1136
f 1131//1131 1132//1132 1134//1134
f 1129//1129 1130//1130 1132//1132
f 1127//1127 1128//1128 1130//1130
f 1125//1125 1126//1126 1128//1128
f 1123//1123 1124//1124 1126//1126
f 1121//1121 1122//1122 1124//1124
f 1119//1119 1120//1120 1122//1122
f 1117//1117 1118//1118 1120//1120
f 1115//1115 1116//1116 1118//1118
f 1113//1113 1114//1114 1116//1116
f 1111//1111 1112//1112 1114//1114
f 1109//1109 1110//1110 1112//1112
f 1106//1106 1108//1108 1110//1110
f 1104//1104 1105//1105 1107//1107
f 1102//1102 1103//1103 1105//1105
f 1100//1100 1101//1101 1103//1103
f 1098//1098 1099//1099 1101//1101
f 1096//1096 1097//1097 1099//1099
f 1094//1094 1095//1095 1097//1097
f 1092//1092 1093//1093 1095//1095
f 1090//1090 1091//1091 1093//1093
f 1088//1088 1089//1089 1091//1091
f 1086//1086 1087//1087 1089//1089
f 1084//1084 1085//1085 1087//1087
f 1082//1082 1083//1083 1085//1085
f 1080//1080 1081//1081 1083//1083
f 1078//1078 1079//1079 1081//1081
f 1076//1076 1077//1077 1079//1079
f 1074//1074 1075//1075 1077//1077
f 1072//1072 1073//1073 1075//1075
f 1070//1070 1071//1071 1073//1073
f 1285//1285 1215//1215 1216//1216
f 1069//1069 1067//1067 1068//1068
f 1071//1071 1070//1070 1067//1067
f 1073//1073 1072//1072 1070//1070
f 1075//1075 1074//1074 1072//1072
f 1077//1077 1076//1076 1074//1074
f 1079//1079 1078//1078 1076//1076
f 1081//1081 1080//1080 1078//1078
f 1083//1083 1082//1082 1080//1080
f 1085//1085 1084//1084 1082//1082
f 1087//1087 1086//1086 1084//1084
f 1089//1089 1088//1088 1086//1086
f 1091//1091 1090//1090 1088//1088
f 1093//1093 1092//1092 1090//1090
f 1095//1095 1094//1094 1092//1092
f 1097//1097 1096//1096 1094//1094
f 1099//1099 1098//1098 1096//1096
f 1101//1101 1100//1100 1098//1098
f 1103//1103 1102//1102 1100//1100
f 1105//1105 1104//1104 1102//1102
f 1107//1107 1106//1106 1104//1104
f 1106//1106 1107//1107 1108//1108
f 1110//1110 1109//1109 1106//1106
f 1112//1112 1111//1111 1109//1109
f 1114//1114 1113//1113 1111//1111
f 1116//1116 1115//1115 1113//1113
f 1118//1118 1117//1117 1115//1115
f 1120//1120 1119//1119 1117//1117
f 1122//1122 1121//1121 1119//1119
f 1124//1124 1123//1123 1121//1121
f 1126//1126 1125//1125 1123//1123
f 1128//1128 1127//1127 1125//1125
f 1130//1130 1129//1129 1127//1127
f 1132//1132 1131//1131 1129//1129
f 1134//1134 1133//1133 1131//1131
f 1136//1136 1135//1135 1133//1133
f 1138//1138 1137//1137 1135//1135
f 1140//1140 1139//1139 1137//1137
f 1142//1142 1141//1141 1139//1139
f 1144//1144 1143//1143 1141//1141
f 1145//1145 1068//1068 1143//1143
f 1146//1146 1068//1068 1067//1067
f 1147//1147 1067//1067 1070//1070
f 1148//1148 1070//1070 1072//1072
f 1149//1149 1072//1072 1074//1074
f 1150//1150 1074//1074 1076//1076
f 1151//1151 1076//1076 1078//1078
f 1152//1152 1078//1078 1080//1080
f 1153//1153 1080//1080 1082//1082
f 1067//1067 1069//1069 1071//1071
f 1322//1322 1312//1312 1300//1300
f 1319//1319 1321//1321 1322//1322
f 1309//1309 1318//1318 1310//1310
f 1304//1304 1317//1317 1309//1309
f 1303//1303 1316//1316 1304//1304
f 1306//1306 1315//1315 1303//1303
f 1301//1301 1314//1314 1306//1306
f 1300//1300 1313//1313 1301//1301
f 1311//1311 1309//1309 1308//1308
f 1308//1308 1310//1310 1327//1327
f 1307//1307 1303//1303 1302//1302
f 1305//1305 1306//1306 1307//1307
f 1302//1302 1304//1304 1311//1311
f 1299//1299 1301//1301 1305//1305
f 1323//1323 1322//1322 1324//1324
f 1324//1324 1300//1300 1299//1299
f 1325//1325 1310//1310 1318//1318
f 1327//1327 1330//1330 1366//1366
f 1332//1332 1327//1327 1366//1366
f 1311//1311 1333//1333 1336//1336
f 1334//1334 1302//1302 1311//1311
f 1302//1302 1335//1335 1307//1307
f 1305//1305 1337//1337 1341//1341
f 1299//1299 1339//1339 1344//1344
f 1324//1324 1343//1343 1347//1347
f 1324//1324 1348//1348 1323//1323
f 1349//1349 1350//1350 1365//1365
f 1349//1349 1319//1319 1323//1323
f 1320//1320 1351//1351 1352//1352
f 1352//1352 1354//1354 1320//1320
f 1354//1354 1321//1321 1320//1320
f 1321//1321 1355//1355 1312//1312
f 1355//1355 1313//1313 1312//1312
f 1314//1314 1356//1356 1357//1357
f 1314//1314 1358//1358 1315//1315
f 1315//1315 1359//1359 1316//1316
f 1317//1317 1360//1360 1364//1364
f 1361//1361 1317//1317 1364//1364
f 1318//1318 1363//1363 1325//1325
f 1362//1362 1318//1318 1361//1361
f 1318//1318 1362//1362 1363//1363
f 1317//1317 1361//1361 1318//1318
f 1360//1360 1316//1316 1359//1359
f 1360//1360 1317//1317 1316//1316
f 1359//1359 1315//1315 1358//1358
f 1358//1358 1314//1314 1357//1357
f 1356//1356 1314//1314 1313//1313
f 1313//1313 1355//1355 1356//1356
f 1321//1321 1354//1354 1355//1355
f 1354//1354 1352//1352 1353//1353
f 1351//1351 1320//1320 1319//1319
f 1319//1319 1349//1349 1351//1351
f 1350//1350 1323//1323 1348//1348
f 1350//1350 1349//1349 1323//1323
f 1348//1348 1324//1324 1347//1347
f 1299//1299 1346//1346 1343//1343
f 1299//1299 1345//1345 1346//1346
f 1345//1345 1299//1299 1344//1344
f 1343//1343 1324//1324 1299//1299
f 1305//1305 1342//1342 1340//1340
f 1342//1342 1305//1305 1341//1341
f 1305//1305 1338//1338 1299//1299
f 1338//1338 1305//1305 1340//1340
f 1339//1339 1299//1299 1338//1338
f 1337//1337 1307//1307 1335//1335
f 1337//1337 1305//1305 1307//1307
f 1334//1334 1311//1311 1336//1336
f 1302//1302 1334//1334 1335//1335
f 1308//1308 1333//1333 1311//1311
f 1333//1333 1308//1308 1332//1332
f 1327//1327 1332//1332 1308//1308
f 1330//1330 1329//1329 1331//1331
f 1330//1330 1327//1327 1329//1329
f 1327//1327 1326//1326 1328//1328
f 1326//1326 1327//1327 1310//1310
f 1310//1310 1325//1325 1326//1326
f 1300//1300 1324//1324 1322//1322
f 1322//1322 1323//1323 1319//1319
f 1312//1312 1322//1322 1321//1321
f 1321//1321 1319//1319 1320//1320
f 1318//1318 1309//1309 1317//1317
f 1317//1317 1304//1304 1316//1316
f 1316//1316 1303//1303 1315//1315
f 1315//1315 1306//1306 1314//1314
f 1314//1314 1301//1301 1313//1313
f 1313//1313 1300//1300 1312//1312
f 1309//1309 1311//1311 1304//1304
f 1310//1310 1308//1308 1309//1309
f 1303//1303 1307//1307 1306//1306
f 1306//1306 1305//1305 1301//1301
f 1304//1304 1302//1302 1303//1303
f 1301//1301 1299//1299 1300//1300
f 1327//1327 1328//1328 1329//1329
f 1369//1369 1367//1367 1368//1368
f 1372//1372 1370//1370 1371//1371
f 1374//1374 1368//1368 1373//1373
f 1375//1375 1373//1373 1370//1370
f 1378//1378 1376//1376 1377//1377
f 1379//1379 1371//1371 1376//1376
f 1381//1381 1377//1377 1380//1380
f 1368//1368 1382//1382 1383//1383
f 1373//1373 1383//1383 1384//1384
f 1370//1370 1384//1384 1385//1385
f 1371//1371 1385//1385 1386//1386
f 1376//1376 1386//1386 1387//1387
f 1377//1377 1387//1387 1388//1388
f 1391//1391 1389//1389 1390//1390
f 1367//1367 1390//1390 1382//1382
f 1393//1393 1392//1392 1391//1391
f 1394//1394 1391//1391 1367//1367
f 1396//1396 1395//1395 1392//1392
f 1392//1392 1397//1397 1389//1389
f 1398//1398 1392//1392 1395//1395
f 1401//1401 1399//1399 1400//1400
f 1405//1405 1390//1390 1404//1404
f 1390//1390 1405//1405 1382//1382
f 1407//1407 1383//1383 1406//1406
f 1408//1408 1383//1383 1382//1382
f 1383//1383 1408//1408 1406//1406
f 1410//1410 1382//1382 1409//1409
f 1382//1382 1410//1410 1408//1408
f 1384//1384 1411//1411 1385//1385
f 1411//1411 1384//1384 1412//1412
f 1385//1385 1413//1413 1386//1386
f 1413//1413 1385//1385 1411//1411
f 1415//1415 1386//1386 1414//1414
f 1386//1386 1415//1415 1387//1387
f 1388//1388 1416//1416 1417//1417
f 1419//1419 1417//1417 1418//1418
f 1421//1421 1418//1418 1420//1420
f 1420//1420 1418//1418 1422//1422
f 1419//1419 1423//1423 1380//1380
f 1380//1380 1388//1388 1419//1419
f 1388//1388 1380//1380 1377//1377
f 1425//1425 1380//1380 1424//1424
f 1424//1424 1380//1380 1423//1423
f 1381//1381 1426//1426 1427//1427
f 1378//1378 1427//1427 1428//1428
f 1379//1379 1428//1428 1429//1429
f 1429//1429 1372//1372 1379//1379
f 1372//1372 1429//1429 1430//1430
f 1375//1375 1431//1431 1432//1432
f 1432//1432 1374//1374 1375//1375
f 1434//1434 1374//1374 1433//1433
f 1394//1394 1434//1434 1435//1435
f 1396//1396 1435//1435 1436//1436
f 1436//1436 1437//1437 1396//1396
f 1437//1437 1436//1436 1438//1438
f 1435//1435 1396//1396 1393//1393
f 1394//1394 1435//1435 1393//1393
f 1434//1434 1394//1394 1369//1369
f 1374//1374 1434//1434 1369//1369
f 1374//1374 1432//1432 1433//1433
f 1431//1431 1375//1375 1372//1372
f 1372//1372 1430//1430 1431//1431
f 1428//1428 1379//1379 1378//1378
f 1427//1427 1378//1378 1381//1381
f 1426//1426 1381//1381 1425//1425
f 1380//1380 1425//1425 1381//1381
f 1423//1423 1419//1419 1421//1421
f 1418//1418 1421//1421 1419//1419
f 1417//1417 1419//1419 1388//1388
f 1416//1416 1388//1388 1387//1387
f 1387//1387 1415//1415 1416//1416
f 1386//1386 1413//1413 1414//1414
f 1412//1412 1384//1384 1383//1383
f 1383//1383 1407//1407 1412//1412
f 1382//1382 1405//1405 1409//1409
f 1390//1390 1403//1403 1404//1404
f 1389//1389 1401//1401 1403//1403
f 1397//1397 1392//1392 1398//1398
f 1395//1395 1396//1396 1437//1437
f 1391//1391 1394//1394 1393//1393
f 1392//1392 1393//1393 1396//1396
f 1390//1390 1367//1367 1391//1391
f 1389//1389 1391//1391 1392//1392
f 1387//1387 1377//1377 1376//1376
f 1386//1386 1376//1376 1371//1371
f 1385//1385 1371//1371 1370//1370
f 1384//1384 1370//1370 1373//1373
f 1383//1383 1373//1373 1368//1368
f 1382//1382 1368//1368 1367//1367
f 1377//1377 1381//1381 1378//1378
f 1371//1371 1379//1379 1372//1372
f 1376//1376 1378//1378 1379//1379
f 1373//1373 1375//1375 1374//1374
f 1368//1368 1374//1374 1369//1369
f 1370//1370 1372//1372 1375//1375
f 1367//1367 1369//1369 1394//1394
f 1403//1403 1390//1390 1389//1389
f 1397//1397 1399//1399 1389//1389
f 1399//1399 1397//1397 1402//1402
f 1399//1399 1401//1401 1389//1389
