# Wavefront .OBJ file for tesselated shape: IRB6700_155-285_IRC5_rev01_LINK02_CAD-1 path: C:\Users\Jiaqi\OneDrive - Northwestern University\Desktop\Computation\Robot_System\SLDWK_assemble\IRB6700_155-285_IRC5_rev01_LINK02_CAD.SLDPRT

g body_1
v 0.095229 -0.137000 0.729985
v 0.109256 -0.137000 0.718751
v 0.103256 -0.137000 0.720636
v 0.127287 -0.137000 0.741310
v 0.113254 -0.137000 0.752514
v 0.119250 -0.137000 0.750638
v 0.115465 -0.137000 0.719160
v 0.107052 -0.137000 0.752101
v 0.121162 -0.137000 0.721812
v 0.101361 -0.137000 0.749449
v 0.094643 -0.137000 0.739198
v 0.097073 -0.137000 0.744990
v 0.125454 -0.137000 0.726273
v 0.127884 -0.137000 0.732066
v 0.124129 -0.137000 0.746743
v 0.098379 -0.137000 0.724541
v 0.128263 -0.137000 0.735632
v 0.094263 -0.137000 0.735632
v 0.129503 -0.144000 0.734971
v 0.128618 -0.144000 0.729358
v 0.127884 -0.137000 0.732066
v 0.125454 -0.137000 0.726273
v 0.121162 -0.137000 0.721812
v 0.125947 -0.144000 0.724149
v 0.121974 -0.144000 0.720204
v 0.117333 -0.144000 0.717766
v 0.115465 -0.137000 0.719160
v 0.111659 -0.144000 0.716730
v 0.109256 -0.137000 0.718751
v 0.103256 -0.137000 0.720636
v 0.105678 -0.144000 0.717603
v 0.109110 -0.144000 0.716854
v 0.098379 -0.137000 0.724541
v 0.100315 -0.144000 0.720379
v 0.102674 -0.144000 0.718876
v 0.096239 -0.144000 0.724628
v 0.093643 -0.144000 0.730261
v 0.095229 -0.137000 0.729985
v 0.093024 -0.144000 0.734971
v 0.094263 -0.137000 0.735632
v 0.128263 -0.137000 0.735632
v 0.097073 -0.137000 0.744990
v 0.094643 -0.137000 0.739198
v 0.093909 -0.144000 0.740585
v 0.096582 -0.144000 0.745795
v 0.100555 -0.144000 0.749739
v 0.101361 -0.137000 0.749449
v 0.105224 -0.144000 0.752186
v 0.107052 -0.137000 0.752101
v 0.110900 -0.144000 0.753212
v 0.113254 -0.137000 0.752514
v 0.113399 -0.144000 0.753089
v 0.116880 -0.144000 0.752329
v 0.119250 -0.137000 0.750638
v 0.124129 -0.137000 0.746743
v 0.122238 -0.144000 0.749542
v 0.119830 -0.144000 0.751077
v 0.126305 -0.144000 0.745288
v 0.128893 -0.144000 0.739647
v 0.127287 -0.137000 0.741310
v 0.128263 -0.137000 0.735632
v 0.093024 -0.144000 0.734971
v 0.094263 -0.137000 0.735632
v 0.129503 -0.144000 0.734971
v 0.116880 -0.144000 0.752329
v 0.162195 -0.144000 0.839383
v 0.156442 -0.144000 0.822112
v 0.119830 -0.144000 0.751077
v 0.152533 -0.144000 0.804107
v 0.150595 -0.144000 0.785872
v 0.090731 -0.144000 0.692739
v 0.102674 -0.144000 0.718876
v 0.105678 -0.144000 0.717603
v 0.082660 -0.144000 0.697438
v 0.100315 -0.144000 0.720379
v 0.169815 -0.144000 0.856008
v 0.121974 -0.144000 0.720204
v 0.194172 -0.144000 0.663389
v 0.196711 -0.144000 0.660640
v 0.096104 -0.144000 0.690636
v 0.109110 -0.144000 0.716854
v 0.113399 -0.144000 0.753089
v 0.122238 -0.144000 0.749542
v 0.184853 -0.144000 0.674645
v 0.125947 -0.144000 0.724149
v 0.174601 -0.144000 0.689796
v 0.111659 -0.144000 0.716730
v 0.117333 -0.144000 0.717766
v 0.075312 -0.144000 0.703916
v 0.096239 -0.144000 0.724628
v 0.110900 -0.144000 0.753212
v 0.105224 -0.144000 0.752186
v 0.150369 -0.144000 0.777154
v 0.151006 -0.144000 0.762521
v 0.128618 -0.144000 0.729358
v 0.159221 -0.144000 0.723078
v 0.078439 -0.144000 0.773733
v 0.100555 -0.144000 0.749739
v 0.096582 -0.144000 0.745795
v 0.151362 -0.144000 0.758886
v 0.154342 -0.144000 0.740699
v 0.128893 -0.144000 0.739647
v 0.129503 -0.144000 0.734971
v 0.164487 -0.144000 0.709399
v 0.200559 -0.144000 0.656697
v 0.069567 -0.144000 0.711450
v 0.067270 -0.144000 0.758979
v 0.093909 -0.144000 0.740585
v 0.126305 -0.144000 0.745288
v 0.165996 -0.144000 0.706038
v 0.062702 -0.144000 0.730359
v 0.093024 -0.144000 0.734971
v 0.093643 -0.144000 0.730261
v 0.063718 -0.144000 0.749351
v 0.065244 -0.144000 0.720305
v 0.062297 -0.144000 0.740202
v 0.071651 -0.144000 0.766212
v 0.078439 -0.144000 0.773733
v 0.071651 -0.144000 0.766212
v 0.072626 -0.162000 0.767366
v 0.067270 -0.144000 0.758979
v 0.068313 -0.162000 0.761230
v 0.063718 -0.144000 0.749351
v 0.062661 -0.162000 0.747371
v 0.064966 -0.162000 0.754513
v 0.062297 -0.144000 0.740202
v 0.061451 -0.162000 0.739960
v 0.062702 -0.144000 0.730359
v 0.061365 -0.162000 0.732452
v 0.064386 -0.162000 0.718241
v 0.069567 -0.144000 0.711450
v 0.067520 -0.162000 0.711415
v 0.075312 -0.144000 0.703916
v 0.071641 -0.162000 0.705135
v 0.082660 -0.144000 0.697438
v 0.082425 -0.162000 0.694786
v 0.076645 -0.162000 0.699555
v 0.090731 -0.144000 0.692739
v 0.088867 -0.162000 0.690929
v 0.095812 -0.162000 0.688079
v 0.096104 -0.144000 0.690636
v 0.065244 -0.144000 0.720305
v 0.077807 -0.162000 0.772789
v 0.096104 -0.144000 0.690636
v 0.200404 -0.149522 0.655934
v 0.193198 -0.162000 0.656436
v 0.200249 -0.155045 0.655170
v 0.200559 -0.144000 0.656697
v 0.095812 -0.162000 0.688079
v 0.169815 -0.144000 0.856008
v 0.149857 -0.162000 0.837663
v 0.160876 -0.154059 0.847750
v 0.149936 -0.163714 0.837698
v 0.150013 -0.165429 0.837732
v 0.078439 -0.144000 0.773733
v 0.077807 -0.162000 0.772789
v 0.169701 -0.146716 0.855849
v 0.169701 -0.146716 0.855849
v 0.149800 -0.167058 0.840174
v 0.148496 -0.172000 0.845536
v 0.160876 -0.154059 0.847750
v 0.150013 -0.165429 0.837732
v 0.155904 -0.172000 0.868803
v 0.173760 -0.146236 0.863125
v 0.159041 -0.172000 0.878653
v 0.179199 -0.145671 0.871747
v 0.179471 -0.145646 0.872150
v 0.152732 -0.172000 0.858838
v 0.159041 -0.172000 0.878653
v 0.162534 -0.172060 0.889628
v 0.175979 -0.156696 0.885521
v 0.179471 -0.145646 0.872150
v 0.186820 -0.145049 0.882201
v 0.186157 -0.145104 0.881355
v 0.151678 -0.200154 0.836295
v 0.150264 -0.200719 0.842464
v 0.148496 -0.172000 0.845536
v 0.149902 -0.162000 0.836336
v 0.151766 -0.199575 0.829967
v 0.150013 -0.165429 0.837732
v 0.149936 -0.163714 0.837698
v 0.149800 -0.167058 0.840174
v 0.149188 -0.165805 0.828502
v 0.148994 -0.162000 0.828902
v 0.150885 -0.199120 0.825000
v 0.149857 -0.162000 0.837663
v 0.148229 -0.201142 0.847080
v 0.180260 -0.174235 0.945476
v 0.204389 -0.157487 0.938958
v 0.190195 -0.156872 0.912069
v 0.218443 -0.142000 0.918184
v 0.229278 -0.142000 0.932114
v 0.197944 -0.143706 0.894964
v 0.190949 -0.144667 0.887238
v 0.175979 -0.156696 0.885521
v 0.207608 -0.142000 0.904253
v 0.171367 -0.172752 0.917426
v 0.162534 -0.172060 0.889628
v 0.186820 -0.145049 0.882201
v 0.232553 -0.142000 0.922564
v 0.217362 -0.142000 0.912256
v 0.218443 -0.142000 0.918184
v 0.229278 -0.142000 0.932114
v 0.248723 -0.142000 0.931157
v 0.233801 -0.142000 0.937931
v 0.265688 -0.142000 0.937931
v 0.207608 -0.142000 0.904253
v 0.181299 -0.174455 0.948758
v 0.207832 -0.157545 0.945113
v 0.204389 -0.157487 0.938958
v 0.180260 -0.174235 0.945476
v 0.233801 -0.142000 0.937931
v 0.229278 -0.142000 0.932114
v 0.182338 -0.174675 0.952039
v 0.186618 -0.175580 0.965554
v 0.214604 -0.157925 0.957874
v 0.207832 -0.157545 0.945113
v 0.238244 -0.142027 0.943645
v 0.233801 -0.142000 0.937931
v 0.238529 -0.142031 0.944011
v 0.243114 -0.142119 0.949905
v 0.242073 -0.142094 0.948561
v 0.182338 -0.174675 0.952039
v 0.186618 -0.175580 0.965554
v 0.196449 -0.177659 0.996597
v 0.221855 -0.158615 0.972520
v 0.228901 -0.159409 0.987543
v 0.262358 -0.143341 0.978025
v 0.253168 -0.142552 0.963677
v 0.243114 -0.142119 0.949905
v 0.214604 -0.157925 0.957874
v 0.148229 -0.201142 0.847080
v 0.207609 -0.218344 1.034970
v 0.180260 -0.174235 0.945476
v 0.171367 -0.172752 0.917426
v 0.162534 -0.172060 0.889628
v 0.181299 -0.174455 0.948758
v 0.186618 -0.175580 0.965554
v 0.182338 -0.174675 0.952039
v 0.209509 -0.180421 1.037842
v 0.196449 -0.177659 0.996597
v 0.159041 -0.172000 0.878653
v 0.155904 -0.172000 0.868803
v 0.152732 -0.172000 0.858838
v 0.148496 -0.172000 0.845536
v 0.150885 -0.199120 0.825000
v 0.149188 -0.165805 0.828502
v 0.150668 -0.196410 0.824976
v 0.149685 -0.185179 0.824527
v 0.148218 -0.173310 0.822122
v 0.146492 -0.162000 0.817801
v 0.148994 -0.162000 0.828902
v 0.150839 -0.199104 0.824826
v 0.150885 -0.199120 0.825000
v 0.149517 -0.226000 0.822902
v 0.150366 -0.226000 0.827507
v 0.150461 -0.226000 0.828665
v 0.150019 -0.226000 0.835808
v 0.151678 -0.200154 0.836295
v 0.151766 -0.199575 0.829967
v 0.148477 -0.226000 0.841159
v 0.150264 -0.200719 0.842464
v 0.148229 -0.201142 0.847080
v 0.149517 -0.226000 0.822902
v 0.150337 -0.206387 0.823761
v 0.149072 -0.220493 0.820536
v 0.150839 -0.199104 0.824826
v 0.150772 -0.199075 0.824571
v 0.150885 -0.199120 0.825000
v 0.150705 -0.199036 0.824316
v 0.148380 -0.226000 0.818437
v 0.153286 -0.176507 0.789025
v 0.152243 -0.166957 0.785504
v 0.158805 -0.169417 0.777577
v 0.147586 -0.163667 0.794751
v 0.154212 -0.186371 0.790739
v 0.159911 -0.177707 0.780263
v 0.148793 -0.174690 0.799315
v 0.146920 -0.172391 0.810295
v 0.149868 -0.186059 0.801610
v 0.148333 -0.185438 0.813202
v 0.149685 -0.185179 0.824527
v 0.148218 -0.173310 0.822122
v 0.146492 -0.162000 0.817801
v 0.145704 -0.162000 0.811935
v 0.145583 -0.162000 0.805826
v 0.145878 -0.162000 0.801873
v 0.148014 -0.162000 0.791711
v 0.152054 -0.162000 0.782106
v 0.160855 -0.186361 0.781527
v 0.161431 -0.193787 0.781535
v 0.155748 -0.194567 0.789193
v 0.151725 -0.195478 0.797902
v 0.150570 -0.195917 0.801849
v 0.149586 -0.196551 0.807211
v 0.150668 -0.196410 0.824976
v 0.150705 -0.199036 0.824316
v 0.150772 -0.199075 0.824571
v 0.149399 -0.197811 0.816622
v 0.149248 -0.197374 0.813545
v 0.150839 -0.199104 0.824826
v 0.157766 -0.162000 0.773547
v 0.154502 -0.202833 0.790334
v 0.161084 -0.202188 0.781182
v 0.160412 -0.210632 0.779583
v 0.150257 -0.203808 0.801143
v 0.153808 -0.212348 0.788413
v 0.148870 -0.205034 0.812648
v 0.149457 -0.214704 0.798803
v 0.149072 -0.220493 0.820536
v 0.150337 -0.206387 0.823761
v 0.159476 -0.218711 0.776728
v 0.152892 -0.221486 0.784903
v 0.150705 -0.199036 0.824316
v 0.149399 -0.197811 0.816622
v 0.149248 -0.197374 0.813545
v 0.149586 -0.196551 0.807211
v 0.151725 -0.195478 0.797902
v 0.150570 -0.195917 0.801849
v 0.155748 -0.194567 0.789193
v 0.154111 -0.226000 0.779129
v 0.158423 -0.226000 0.772726
v 0.152370 -0.226000 0.782433
v 0.149816 -0.226000 0.788666
v 0.147518 -0.226000 0.798134
v 0.146972 -0.226000 0.808423
v 0.148397 -0.225154 0.794459
v 0.147872 -0.217509 0.809851
v 0.148380 -0.226000 0.818437
v 0.161431 -0.193787 0.781535
v 0.173481 -0.169956 0.748856
v 0.177285 -0.185741 0.749665
v 0.173704 -0.185873 0.761305
v 0.177316 -0.201998 0.749672
v 0.173734 -0.201869 0.761311
v 0.173571 -0.217797 0.748876
v 0.170050 -0.217416 0.760528
v 0.169961 -0.170342 0.760509
v 0.168121 -0.186266 0.772121
v 0.168149 -0.201489 0.772127
v 0.164643 -0.216283 0.771381
v 0.169952 -0.226000 0.748106
v 0.165600 -0.226000 0.761078
v 0.159476 -0.218711 0.776728
v 0.160412 -0.210632 0.779583
v 0.161084 -0.202188 0.781182
v 0.161431 -0.193787 0.781535
v 0.164558 -0.171486 0.771363
v 0.159911 -0.177707 0.780263
v 0.160855 -0.186361 0.781527
v 0.157766 -0.162000 0.773547
v 0.165375 -0.162000 0.761553
v 0.169952 -0.162000 0.748106
v 0.158805 -0.169417 0.777577
v 0.158423 -0.226000 0.772726
v 0.196449 -0.177659 0.996597
v 0.209509 -0.180421 1.037842
v 0.237343 -0.160609 1.007345
v 0.245131 -0.161901 1.027806
v 0.277549 -0.145293 1.007167
v 0.267803 -0.143978 0.987536
v 0.281841 -0.145968 1.017253
v 0.266462 -0.143816 0.985110
v 0.262358 -0.143341 0.978025
v 0.267668 -0.143962 0.987289
v 0.267796 -0.143977 0.987524
v 0.228901 -0.159409 0.987543
v 0.245131 -0.161901 1.027806
v 0.209509 -0.180421 1.037842
v 0.215521 -0.181881 1.059611
v 0.253576 -0.163679 1.055289
v 0.220283 -0.183531 1.084267
v 0.261966 -0.167447 1.111979
v 0.259206 -0.165537 1.083524
v 0.221627 -0.184206 1.094335
v 0.223656 -0.186706 1.131688
v 0.223540 -0.187135 1.138090
v 0.237468 -0.180298 1.138946
v 0.261618 -0.169475 1.140362
v 0.223646 -0.186332 1.126092
v 0.222906 -0.185122 1.108009
v 0.301326 -0.154357 1.142510
v 0.302108 -0.152864 1.120216
v 0.301010 -0.151318 1.097129
v 0.301895 -0.152239 1.110875
v 0.298092 -0.149814 1.074671
v 0.293669 -0.148406 1.053643
v 0.298804 -0.150106 1.079039
v 0.286931 -0.146881 1.030879
v 0.292091 -0.148002 1.047624
v 0.281841 -0.145968 1.017253
v 0.300703 -0.154920 1.150920
v 0.301326 -0.154357 1.142510
v 0.261618 -0.169475 1.140362
v 0.261175 -0.169986 1.147925
v 0.237468 -0.180298 1.138946
v 0.223540 -0.187135 1.138090
v 0.222865 -0.188029 1.151432
v 0.237150 -0.180768 1.145904
v 0.222875 -0.188024 1.151433
v 0.238397 -0.180432 1.153070
v 0.223192 -0.187863 1.151467
v 0.277492 -0.163691 1.157035
v 0.260666 -0.170492 1.155356
v 0.300087 -0.155477 1.159229
v 0.219536 -0.223441 1.090637
v 0.221487 -0.226043 1.119067
v 0.222906 -0.185122 1.108009
v 0.223646 -0.186332 1.126092
v 0.214895 -0.220866 1.062520
v 0.220283 -0.183531 1.084267
v 0.221627 -0.184206 1.094335
v 0.207609 -0.218344 1.034970
v 0.215521 -0.181881 1.059611
v 0.220733 -0.228652 1.147554
v 0.223540 -0.187135 1.138090
v 0.222865 -0.188029 1.151432
v 0.223656 -0.186706 1.131688
v 0.209509 -0.180421 1.037842
v 0.207609 -0.218344 1.034970
v 0.211450 -0.294761 1.026760
v 0.217451 -0.296693 1.048553
v 0.214895 -0.220866 1.062520
v 0.222147 -0.298302 1.073109
v 0.219536 -0.223441 1.090637
v 0.224625 -0.299788 1.095223
v 0.224986 -0.300205 1.100623
v 0.221487 -0.226043 1.119067
v 0.223486 -0.298952 1.083262
v 0.220733 -0.228652 1.147554
v 0.225383 -0.302341 1.126876
v 0.225496 -0.301838 1.120465
v 0.225439 -0.301149 1.112108
v 0.224648 -0.303279 1.141012
v 0.220733 -0.228652 1.147554
v 0.182493 -0.337073 1.698950
v 0.181742 -0.336786 1.708377
v 0.186845 -0.337396 1.643572
v 0.185551 -0.337538 1.660173
v 0.191152 -0.335550 1.587499
v 0.189470 -0.336514 1.609542
v 0.165424 -0.296951 1.893540
v 0.177645 -0.334124 1.759135
v 0.193860 -0.333426 1.551692
v 0.169013 -0.328350 1.865993
v 0.168388 -0.327738 1.873618
v 0.167185 -0.325441 1.887647
v 0.195480 -0.331901 1.530116
v 0.221549 -0.306115 1.182234
v 0.219305 -0.308287 1.212151
v 0.169821 -0.328784 1.855931
v 0.200537 -0.326573 1.462449
v 0.224648 -0.303279 1.141012
v 0.172660 -0.330091 1.820446
v 0.166874 -0.324576 1.891118
v 0.297672 -0.142894 0.970675
v 0.300523 -0.142894 0.970680
v 0.301783 -0.142348 0.958350
v 0.297937 -0.142046 0.945418
v 0.303043 -0.142054 0.946012
v 0.281461 -0.142017 0.942421
v 0.253168 -0.142552 0.963677
v 0.297231 -0.143106 0.974351
v 0.262358 -0.143341 0.978025
v 0.296790 -0.143341 0.978025
v 0.265688 -0.142000 0.937931
v 0.238244 -0.142027 0.943645
v 0.238529 -0.142031 0.944011
v 0.233801 -0.142000 0.937931
v 0.242073 -0.142094 0.948561
v 0.243114 -0.142119 0.949905
v 0.303035 -0.140000 0.946090
v 0.303043 -0.142054 0.946012
v 0.301783 -0.142348 0.958350
v 0.300523 -0.140000 0.970680
v 0.300523 -0.142894 0.970680
v 0.300523 -0.140000 0.970680
v 0.341853 -0.140000 0.970745
v 0.321324 -0.140001 0.946943
v 0.338950 -0.140000 0.945878
v 0.303035 -0.140000 0.946090
v 0.342234 -0.131000 0.970745
v 0.339365 -0.131000 0.946178
v 0.339157 -0.135500 0.946028
v 0.341853 -0.140000 0.970745
v 0.338950 -0.140000 0.945878
v 0.300523 -0.140000 0.970680
v 0.297672 -0.090000 0.970675
v 0.342234 -0.131000 0.970745
v 0.347371 -0.090000 0.970753
v 0.347371 -0.131000 0.970753
v 0.297672 -0.142894 0.970675
v 0.341853 -0.140000 0.970745
v 0.300523 -0.142894 0.970680
v 0.290526 -0.090000 1.030248
v 0.297672 -0.090000 0.970675
v 0.296790 -0.143341 0.978025
v 0.297231 -0.143106 0.974351
v 0.297672 -0.142894 0.970675
v 0.290526 -0.146839 1.030248
v 0.347371 -0.131000 0.970753
v 0.347371 -0.090000 0.970753
v 0.347746 -0.110500 0.973972
v 0.348088 -0.090000 0.976899
v 0.347405 -0.131000 0.971044
v 0.148229 -0.201142 0.847080
v 0.148477 -0.226000 0.841159
v 0.170734 -0.274889 0.900107
v 0.207609 -0.218344 1.034970
v 0.186584 -0.285170 0.948722
v 0.146454 -0.226000 0.834599
v 0.147281 -0.244000 0.832414
v 0.195732 -0.289603 0.977188
v 0.147545 -0.259588 0.829053
v 0.151612 -0.264125 0.841015
v 0.156744 -0.267715 0.856683
v 0.210818 -0.294547 1.024768
v 0.146761 -0.244000 0.830728
v 0.211450 -0.294761 1.026760
v 0.146761 -0.244000 0.830728
v 0.143532 -0.244000 0.818861
v 0.145444 -0.256830 0.822519
v 0.140096 -0.244000 0.800025
v 0.142512 -0.253349 0.810962
v 0.140230 -0.250945 0.797499
v 0.138637 -0.244000 0.781109
v 0.139139 -0.244000 0.762004
v 0.139281 -0.246536 0.761664
v 0.138861 -0.248851 0.779173
v 0.147545 -0.259588 0.829053
v 0.147281 -0.244000 0.832414
v 0.146454 -0.226000 0.834599
v 0.077807 -0.226000 0.772789
v 0.078439 -0.244000 0.770428
v 0.095812 -0.226000 0.688079
v 0.096104 -0.244000 0.687331
v 0.090105 -0.244000 0.689728
v 0.082111 -0.244000 0.694533
v 0.082428 -0.226000 0.694784
v 0.088868 -0.226000 0.690928
v 0.074787 -0.244000 0.701185
v 0.076647 -0.226000 0.699553
v 0.069223 -0.244000 0.708707
v 0.067521 -0.226000 0.711412
v 0.071643 -0.226000 0.705133
v 0.065019 -0.244000 0.717622
v 0.064386 -0.226000 0.718239
v 0.062750 -0.244000 0.726724
v 0.062278 -0.244000 0.736545
v 0.061451 -0.226000 0.739962
v 0.061365 -0.226000 0.732454
v 0.063668 -0.244000 0.745846
v 0.062662 -0.226000 0.747372
v 0.066986 -0.244000 0.755086
v 0.064966 -0.226000 0.754514
v 0.071828 -0.244000 0.763149
v 0.072626 -0.226000 0.767366
v 0.068314 -0.226000 0.761231
v 0.078439 -0.244000 0.770428
v 0.077807 -0.226000 0.772789
v 0.096104 -0.244000 0.687331
v 0.095812 -0.226000 0.688079
v 0.179651 -0.226000 0.660838
v 0.180178 -0.226878 0.660635
v 0.182903 -0.231294 0.659590
v 0.191545 -0.244000 0.656321
v 0.375309 -0.131000 0.937986
v 0.370454 -0.131000 0.966288
v 0.384420 -0.131000 0.961931
v 0.398010 -0.131000 0.956531
v 0.409114 -0.131000 0.951194
v 0.408996 -0.131000 0.950983
v 0.356197 -0.131000 0.969574
v 0.392436 -0.131000 0.930980
v 0.413671 -0.131000 0.947596
v 0.347371 -0.131000 0.970753
v 0.401729 -0.131000 0.926206
v 0.347405 -0.131000 0.971044
v 0.339365 -0.131000 0.946178
v 0.342234 -0.131000 0.970745
v 0.357486 -0.131000 0.943077
v 0.413671 -0.131000 0.947596
v 0.414386 -0.140000 0.947078
v 0.402053 -0.135500 0.925885
v 0.402376 -0.140000 0.925564
v 0.401729 -0.131000 0.926206
v 0.414386 -0.140000 0.947078
v 0.447983 -0.140000 0.922736
v 0.418002 -0.140000 0.915713
v 0.414528 -0.140000 0.918112
v 0.431865 -0.140000 0.904760
v 0.402376 -0.140000 0.925564
v 0.447983 -0.140000 0.922736
v 0.447983 -0.142000 0.922736
v 0.431854 -0.141000 0.904748
v 0.431843 -0.142000 0.904736
v 0.431865 -0.140000 0.904760
v 0.408996 -0.131000 0.950983
v 0.409114 -0.131000 0.951194
v 0.410455 -0.110500 0.953596
v 0.408996 -0.090000 0.950983
v 0.411794 -0.090000 0.955994
v 0.408996 -0.090000 0.950983
v 0.449242 -0.090000 0.921823
v 0.413671 -0.131000 0.947596
v 0.447983 -0.140000 0.922736
v 0.414386 -0.140000 0.947078
v 0.449242 -0.142000 0.921823
v 0.447983 -0.142000 0.922736
v 0.408996 -0.131000 0.950983
v 0.487308 -0.142000 0.804611
v 0.489282 -0.142000 0.786387
v 0.487375 -0.117000 0.796318
v 0.484570 -0.117000 0.814388
v 0.479812 -0.117000 0.832109
v 0.483401 -0.142000 0.822467
v 0.469867 -0.142000 0.856568
v 0.477536 -0.142000 0.839963
v 0.473211 -0.117000 0.849065
v 0.464776 -0.117000 0.865258
v 0.454585 -0.117000 0.880523
v 0.460501 -0.142000 0.872184
v 0.436759 -0.142000 0.900249
v 0.449356 -0.142000 0.886907
v 0.442903 -0.117000 0.894478
v 0.435146 -0.117000 0.902254
v 0.431865 -0.140000 0.904760
v 0.431854 -0.141000 0.904748
v 0.429790 -0.117000 0.907068
v 0.418002 -0.140000 0.915713
v 0.415188 -0.117000 0.918308
v 0.414528 -0.140000 0.918112
v 0.402215 -0.117000 0.926375
v 0.402376 -0.140000 0.925564
v 0.401729 -0.131000 0.926206
v 0.402053 -0.135500 0.925885
v 0.399625 -0.117000 0.927797
v 0.383240 -0.117000 0.935503
v 0.392436 -0.131000 0.930980
v 0.375309 -0.131000 0.937986
v 0.377383 -0.117000 0.937752
v 0.365819 -0.117000 0.941476
v 0.339365 -0.131000 0.946178
v 0.357486 -0.131000 0.943077
v 0.347966 -0.117000 0.945493
v 0.337601 -0.117000 0.946914
v 0.338950 -0.140000 0.945878
v 0.339157 -0.135500 0.946028
v 0.329956 -0.117000 0.947547
v 0.311654 -0.117000 0.947635
v 0.303035 -0.140000 0.946090
v 0.321324 -0.140001 0.946943
v 0.293391 -0.117000 0.945717
v 0.297937 -0.142046 0.945418
v 0.303043 -0.142054 0.946012
v 0.275667 -0.117000 0.941889
v 0.281461 -0.142017 0.942421
v 0.258309 -0.117000 0.936123
v 0.265688 -0.142000 0.937931
v 0.232553 -0.142000 0.922564
v 0.248723 -0.142000 0.931157
v 0.241623 -0.117000 0.928462
v 0.211456 -0.117000 0.908130
v 0.207608 -0.142000 0.904253
v 0.217362 -0.142000 0.912256
v 0.226016 -0.117000 0.919127
v 0.192041 -0.117000 0.888812
v 0.190949 -0.144667 0.887238
v 0.197944 -0.143706 0.894964
v 0.198121 -0.117000 0.895564
v 0.210822 -0.117000 0.907593
v 0.186299 -0.117000 0.881692
v 0.186820 -0.145049 0.882201
v 0.186157 -0.145104 0.881355
v 0.179471 -0.145646 0.872150
v 0.176019 -0.117000 0.866587
v 0.179199 -0.145671 0.871747
v 0.169815 -0.144000 0.856008
v 0.169701 -0.146716 0.855849
v 0.173760 -0.146236 0.863125
v 0.167416 -0.117000 0.850431
v 0.162195 -0.144000 0.839383
v 0.152533 -0.144000 0.804107
v 0.156442 -0.144000 0.822112
v 0.155759 -0.117000 0.815912
v 0.151789 -0.117000 0.779633
v 0.150369 -0.144000 0.777154
v 0.150595 -0.144000 0.785872
v 0.152782 -0.117000 0.797819
v 0.160669 -0.117000 0.833554
v 0.431843 -0.142000 0.904736
v 0.488211 -0.117000 0.779633
v 0.489684 -0.145008 0.777061
v 0.152638 -0.117000 0.762815
v 0.155487 -0.117000 0.744607
v 0.151362 -0.144000 0.758886
v 0.154342 -0.144000 0.740699
v 0.160220 -0.117000 0.727059
v 0.166821 -0.117000 0.710129
v 0.164487 -0.144000 0.709399
v 0.159221 -0.144000 0.723078
v 0.175341 -0.117000 0.693810
v 0.165996 -0.144000 0.706038
v 0.174601 -0.144000 0.689796
v 0.185489 -0.117000 0.678644
v 0.197134 -0.117000 0.664748
v 0.194172 -0.144000 0.663389
v 0.184853 -0.144000 0.674645
v 0.487220 -0.117000 0.761465
v 0.488211 -0.117000 0.779633
v 0.489684 -0.145008 0.777061
v 0.489701 -0.145419 0.775663
v 0.484285 -0.117000 0.743554
v 0.487441 -0.150931 0.747214
v 0.479372 -0.117000 0.725834
v 0.484842 -0.151688 0.734778
v 0.473480 -0.153010 0.702981
v 0.470629 -0.117000 0.704769
v 0.472608 -0.117000 0.708885
v 0.465529 -0.153617 0.688148
v 0.464100 -0.117000 0.692875
v 0.453784 -0.117000 0.677682
v 0.454874 -0.154284 0.672450
v 0.441923 -0.117000 0.663746
v 0.454666 -0.154295 0.672177
v 0.445966 -0.154746 0.661710
v 0.428723 -0.117000 0.651286
v 0.443554 -0.154859 0.659090
v 0.414131 -0.117000 0.640238
v 0.430574 -0.155380 0.646679
v 0.381888 -0.117000 0.623220
v 0.398400 -0.117000 0.630815
v 0.399751 -0.156221 0.625587
v 0.364542 -0.117000 0.617434
v 0.383635 -0.156528 0.618041
v 0.328840 -0.157010 0.605865
v 0.328544 -0.117000 0.611640
v 0.346651 -0.117000 0.613556
v 0.320000 -0.157024 0.605632
v 0.292092 -0.117000 0.613763
v 0.310240 -0.117000 0.611707
v 0.300904 -0.156969 0.606721
v 0.274342 -0.117000 0.617744
v 0.282345 -0.156840 0.609884
v 0.288331 -0.156887 0.608633
v 0.266587 -0.156678 0.614279
v 0.264714 -0.156654 0.614913
v 0.274907 -0.156771 0.611755
v 0.250178 -0.156419 0.620694
v 0.234542 -0.156074 0.628780
v 0.240382 -0.117000 0.631464
v 0.219700 -0.155690 0.638521
v 0.224938 -0.117000 0.640872
v 0.210398 -0.117000 0.652036
v 0.218435 -0.155654 0.639457
v 0.200559 -0.144000 0.656697
v 0.196711 -0.144000 0.660640
v 0.205992 -0.155266 0.649709
v 0.200404 -0.149522 0.655934
v 0.200249 -0.155045 0.655170
v 0.256995 -0.117000 0.623667
v 0.347688 -0.156906 0.607925
v 0.366205 -0.156746 0.612068
v 0.415595 -0.155832 0.635189
v 0.479715 -0.152394 0.717937
v 0.489144 -0.149058 0.760762
v 0.151006 -0.144000 0.762521
v 0.150369 -0.144000 0.777154
v 0.151789 -0.117000 0.779633
v 0.490547 -0.161783 0.733200
v 0.496065 -0.171999 0.731673
v 0.495397 -0.171999 0.729319
v 0.479715 -0.152394 0.717937
v 0.484842 -0.151688 0.734778
v 0.490259 -0.172003 0.714138
v 0.482851 -0.171999 0.697501
v 0.473480 -0.153010 0.702981
v 0.465529 -0.153617 0.688148
v 0.479401 -0.171998 0.691000
v 0.473674 -0.172000 0.681406
v 0.462575 -0.171996 0.665867
v 0.454874 -0.154284 0.672450
v 0.453649 -0.171981 0.655470
v 0.445966 -0.154746 0.661710
v 0.454666 -0.154295 0.672177
v 0.450899 -0.171981 0.652562
v 0.443554 -0.154859 0.659090
v 0.437517 -0.171999 0.640033
v 0.430574 -0.155380 0.646679
v 0.415595 -0.155832 0.635189
v 0.424074 -0.171996 0.629684
v 0.408295 -0.171986 0.619823
v 0.399751 -0.156221 0.625587
v 0.392887 -0.171992 0.612179
v 0.366205 -0.156746 0.612068
v 0.383635 -0.156528 0.618041
v 0.376928 -0.172001 0.606058
v 0.347688 -0.156906 0.607925
v 0.358988 -0.171999 0.601132
v 0.365352 -0.172000 0.602654
v 0.324181 -0.172001 0.596938
v 0.320000 -0.157024 0.605632
v 0.328840 -0.157010 0.605865
v 0.343107 -0.172001 0.598369
v 0.320000 -0.172000 0.596890
v 0.499447 -0.172000 0.743893
v 0.496065 -0.171999 0.731673
v 0.490547 -0.161783 0.733200
v 0.484842 -0.151688 0.734778
v 0.487441 -0.150931 0.747214
v 0.490940 -0.156871 0.746246
v 0.506932 -0.156810 0.814360
v 0.489684 -0.145008 0.777061
v 0.489282 -0.142000 0.786387
v 0.489701 -0.145419 0.775663
v 0.489144 -0.149058 0.760762
v 0.490940 -0.156871 0.746246
v 0.487441 -0.150931 0.747214
v 0.522924 -0.156749 0.882473
v 0.498942 -0.142000 0.836411
v 0.536738 -0.172000 0.878653
v 0.518092 -0.172002 0.811273
v 0.499447 -0.172000 0.743893
v 0.508599 -0.142000 0.886435
v 0.540297 -0.172082 0.891491
v 0.536738 -0.172000 0.878653
v 0.522924 -0.156749 0.882473
v 0.513820 -0.142000 0.913475
v 0.543868 -0.172330 0.904324
v 0.508599 -0.142000 0.886435
v 0.543868 -0.172330 0.904324
v 0.513820 -0.142000 0.913475
v 0.532001 -0.157056 0.921559
v 0.516125 -0.142000 0.926572
v 0.547318 -0.172723 0.916680
v 0.513820 -0.142000 0.913475
v 0.449242 -0.142000 0.921823
v 0.464092 -0.142000 0.937931
v 0.449356 -0.142000 0.886907
v 0.460501 -0.142000 0.872184
v 0.517761 -0.142000 0.937927
v 0.516125 -0.142000 0.926572
v 0.517762 -0.142000 0.937931
v 0.508599 -0.142000 0.886435
v 0.469867 -0.142000 0.856568
v 0.498942 -0.142000 0.836411
v 0.477536 -0.142000 0.839963
v 0.489282 -0.142000 0.786387
v 0.487308 -0.142000 0.804611
v 0.483401 -0.142000 0.822467
v 0.436759 -0.142000 0.900249
v 0.431843 -0.142000 0.904736
v 0.447983 -0.142000 0.922736
v 0.489912 -0.090000 0.965936
v 0.477006 -0.142164 0.951937
v 0.464092 -0.142000 0.937931
v 0.449242 -0.090000 0.921823
v 0.489912 -0.142654 0.965936
v 0.449242 -0.142000 0.921823
v 0.517761 -0.142000 0.937927
v 0.550401 -0.173247 0.928585
v 0.532001 -0.157056 0.921559
v 0.547318 -0.172723 0.916680
v 0.516125 -0.142000 0.926572
v 0.549066 -0.207180 0.913029
v 0.536738 -0.172000 0.878653
v 0.540297 -0.172082 0.891491
v 0.543868 -0.172330 0.904324
v 0.496998 -0.190397 0.729724
v 0.499447 -0.172000 0.743893
v 0.518092 -0.172002 0.811273
v 0.496065 -0.171999 0.731673
v 0.547318 -0.172723 0.916680
v 0.550401 -0.173247 0.928585
v 0.517761 -0.142000 0.937927
v 0.517762 -0.142000 0.937931
v 0.553945 -0.174235 0.945476
v 0.553165 -0.173968 0.941331
v 0.519502 -0.142212 0.953867
v 0.557623 -0.176042 0.972471
v 0.554382 -0.174400 0.947941
v 0.519502 -0.142212 0.953867
v 0.520916 -0.143341 0.978023
v 0.553945 -0.174235 0.945476
v 0.557623 -0.176042 0.972471
v 0.520916 -0.143341 0.978023
v 0.520916 -0.143341 0.978025
v 0.558917 -0.177921 1.000503
v 0.558588 -0.176979 0.986472
v 0.520851 -0.144993 1.002690
v 0.538812 -0.162815 1.027985
v 0.557662 -0.179798 1.028550
v 0.557998 -0.179529 1.024535
v 0.558894 -0.178187 1.004499
v 0.519267 -0.146642 1.027305
v 0.519109 -0.146753 1.028962
v 0.557486 -0.179925 1.030442
v 0.538812 -0.162815 1.027985
v 0.557662 -0.179798 1.028550
v 0.519267 -0.146642 1.027305
v 0.520916 -0.143341 0.978025
v 0.520916 -0.143341 0.978023
v 0.494811 -0.143144 0.974962
v 0.493038 -0.143241 0.976493
v 0.519502 -0.142212 0.953867
v 0.491736 -0.142942 0.971533
v 0.489912 -0.142654 0.965936
v 0.489286 -0.142706 0.967019
v 0.488661 -0.142759 0.968102
v 0.517762 -0.142000 0.937931
v 0.477006 -0.142164 0.951937
v 0.464092 -0.142000 0.937931
v 0.491265 -0.143341 0.978025
v 0.488661 -0.140000 0.968102
v 0.494811 -0.140000 0.974962
v 0.491736 -0.142942 0.971533
v 0.494811 -0.143144 0.974962
v 0.488661 -0.142759 0.968102
v 0.488661 -0.140000 0.968102
v 0.474615 -0.140000 0.992406
v 0.494811 -0.140000 0.974962
v 0.474615 -0.140000 0.992406
v 0.474615 -0.144065 0.992406
v 0.491265 -0.143341 0.978025
v 0.494811 -0.140000 0.974962
v 0.474633 -0.144303 0.992390
v 0.493038 -0.143241 0.976493
v 0.494811 -0.143144 0.974962
v 0.489912 -0.090000 0.965936
v 0.468470 -0.090000 1.003040
v 0.473877 -0.131058 0.993683
v 0.489286 -0.142706 0.967019
v 0.488661 -0.140000 0.968102
v 0.488661 -0.142759 0.968102
v 0.474615 -0.144065 0.992406
v 0.474615 -0.140000 0.992406
v 0.489912 -0.142654 0.965936
v 0.473877 -0.131058 0.993683
v 0.468470 -0.090000 1.003040
v 0.473056 -0.090000 1.000419
v 0.473877 -0.131058 0.993683
v 0.473056 -0.090000 1.000419
v 0.481700 -0.090000 1.015901
v 0.502629 -0.147617 1.041872
v 0.474633 -0.144303 0.992390
v 0.474615 -0.144065 0.992406
v 0.492165 -0.118808 1.028888
v 0.417300 -0.090000 1.048940
v 0.468470 -0.090000 1.003040
v 0.411794 -0.090000 0.955994
v 0.405691 -0.090000 0.959110
v 0.489912 -0.090000 0.965936
v 0.449242 -0.090000 0.921823
v 0.408996 -0.090000 0.950983
v 0.481700 -0.090000 1.015901
v 0.473056 -0.090000 1.000419
v 0.447682 -0.090000 1.035917
v 0.387600 -0.090000 0.966848
v 0.387836 -0.085000 0.967502
v 0.388072 -0.080000 0.968155
v 0.415335 -0.080000 1.043511
v 0.417300 -0.090000 1.048940
v 0.387600 -0.090000 0.966848
v 0.346414 -0.090000 0.977135
v 0.344739 -0.090000 0.977357
v 0.345030 -0.085000 0.978044
v 0.345322 -0.080000 0.978732
v 0.351025 -0.080000 0.977902
v 0.348088 -0.090000 0.976899
v 0.356197 -0.131000 0.969574
v 0.347746 -0.110500 0.973972
v 0.347405 -0.131000 0.971044
v 0.369302 -0.080000 0.974064
v 0.370454 -0.131000 0.966288
v 0.385313 -0.080000 0.969155
v 0.384420 -0.131000 0.961931
v 0.387600 -0.090000 0.966848
v 0.405691 -0.090000 0.959110
v 0.398010 -0.131000 0.956531
v 0.387836 -0.085000 0.967502
v 0.388072 -0.080000 0.968155
v 0.411794 -0.090000 0.955994
v 0.410455 -0.110500 0.953596
v 0.409114 -0.131000 0.951194
v 0.345030 -0.085000 0.978044
v 0.354714 -0.085000 1.060977
v 0.354588 -0.080000 1.058084
v 0.354841 -0.090000 1.063870
v 0.345322 -0.080000 0.978732
v 0.344739 -0.090000 0.977357
v 0.347371 -0.090000 0.970753
v 0.297672 -0.090000 0.970675
v 0.344739 -0.090000 0.977357
v 0.290526 -0.090000 1.030248
v 0.346414 -0.090000 0.977135
v 0.331677 -0.090000 1.048692
v 0.324890 -0.090000 1.065958
v 0.354841 -0.090000 1.063870
v 0.348088 -0.090000 0.976899
v 0.322991 -0.090000 1.049691
v 0.331677 -0.090000 1.048692
v 0.320442 -0.133641 1.043656
v 0.322991 -0.090000 1.049691
v 0.559461 -0.217631 1.027178
v 0.557998 -0.179529 1.024535
v 0.557662 -0.179798 1.028550
v 0.560861 -0.214996 0.998401
v 0.558894 -0.178187 1.004499
v 0.558588 -0.176979 0.986472
v 0.558917 -0.177921 1.000503
v 0.559585 -0.212361 0.969619
v 0.557623 -0.176042 0.972471
v 0.555641 -0.209748 0.941080
v 0.554382 -0.174400 0.947941
v 0.553165 -0.173968 0.941331
v 0.553945 -0.174235 0.945476
v 0.549066 -0.207180 0.913029
v 0.550401 -0.173247 0.928585
v 0.547318 -0.172723 0.916680
v 0.557486 -0.179925 1.030442
v 0.473834 -0.208762 1.709026
v 0.557486 -0.179925 1.030442
v 0.492367 -0.165523 1.309230
v 0.519109 -0.146753 1.028962
v 0.455472 -0.191420 1.695912
v 0.490618 -0.226338 1.723450
v 0.320442 -0.133641 1.043656
v 0.320158 -0.140000 1.043529
v 0.320199 -0.140000 1.043877
v 0.325664 -0.120805 1.083733
v 0.324890 -0.090000 1.065958
v 0.326437 -0.151611 1.101507
v 0.322991 -0.090000 1.049691
v 0.319852 -0.147740 1.043712
v 0.290526 -0.090000 1.030248
v 0.308783 -0.140000 1.038431
v 0.320442 -0.133641 1.043656
v 0.320158 -0.140000 1.043529
v 0.290526 -0.146839 1.030248
v 0.308783 -0.147387 1.038431
v 0.331677 -0.090000 1.048692
v 0.320199 -0.140000 1.043877
v 0.308783 -0.140000 1.038431
v 0.308783 -0.147387 1.038431
v 0.319852 -0.147740 1.043712
v 0.320158 -0.140000 1.043529
v 0.308783 -0.140000 1.038431
v 0.320199 -0.140000 1.043877
v 0.219700 -0.155690 0.638521
v 0.234542 -0.156074 0.628780
v 0.227423 -0.163482 0.627924
v 0.215734 -0.163481 0.635742
v 0.218435 -0.155654 0.639457
v 0.250178 -0.156419 0.620694
v 0.239616 -0.163482 0.621094
v 0.264714 -0.156654 0.614913
v 0.265336 -0.163482 0.610449
v 0.252228 -0.163482 0.615284
v 0.278619 -0.163482 0.606696
v 0.282345 -0.156840 0.609884
v 0.288331 -0.156887 0.608633
v 0.274907 -0.156771 0.611755
v 0.266587 -0.156678 0.614279
v 0.292193 -0.163483 0.603982
v 0.300904 -0.156969 0.606721
v 0.320000 -0.172000 0.596890
v 0.303988 -0.171997 0.597600
v 0.305997 -0.163483 0.602339
v 0.287582 -0.171994 0.599813
v 0.269523 -0.171999 0.604058
v 0.253131 -0.172001 0.609666
v 0.237487 -0.171990 0.616740
v 0.251284 -0.172000 0.610410
v 0.222217 -0.171997 0.625481
v 0.216663 -0.171998 0.629172
v 0.215143 -0.170262 0.631420
v 0.195905 -0.162000 0.653706
v 0.200249 -0.155045 0.655170
v 0.205992 -0.155266 0.649709
v 0.206742 -0.162000 0.643853
v 0.193198 -0.162000 0.656436
v 0.320000 -0.157024 0.605632
v 0.218430 -0.180953 0.626575
v 0.216663 -0.171998 0.629172
v 0.222217 -0.171997 0.625481
v 0.246373 -0.179561 0.611374
v 0.226424 -0.180495 0.621572
v 0.237487 -0.171990 0.616740
v 0.267413 -0.178856 0.603675
v 0.253131 -0.172001 0.609666
v 0.251284 -0.172000 0.610410
v 0.269523 -0.171999 0.604058
v 0.287582 -0.171994 0.599813
v 0.280184 -0.178553 0.600360
v 0.289232 -0.178391 0.598591
v 0.303988 -0.171997 0.597600
v 0.320000 -0.172000 0.596890
v 0.320000 -0.178154 0.596000
v 0.311508 -0.178172 0.596196
v 0.320000 -0.178154 0.596000
v 0.320000 -0.172000 0.596890
v 0.324181 -0.172001 0.596938
v 0.343107 -0.172001 0.598369
v 0.333910 -0.178202 0.596527
v 0.347971 -0.178350 0.598139
v 0.366650 -0.178704 0.602012
v 0.356105 -0.178481 0.599577
v 0.358988 -0.171999 0.601132
v 0.365352 -0.172000 0.602654
v 0.376928 -0.172001 0.606058
v 0.377765 -0.179006 0.605303
v 0.384811 -0.179233 0.607793
v 0.392887 -0.171992 0.612179
v 0.418886 -0.180793 0.624831
v 0.402296 -0.179933 0.615430
v 0.408295 -0.171986 0.619823
v 0.434426 -0.181808 0.635908
v 0.424074 -0.171996 0.629684
v 0.437517 -0.171999 0.640033
v 0.450899 -0.171981 0.652562
v 0.448733 -0.182963 0.648532
v 0.436390 -0.181952 0.637490
v 0.452848 -0.183344 0.652692
v 0.453649 -0.171981 0.655470
v 0.461660 -0.184249 0.662577
v 0.462575 -0.171996 0.665867
v 0.463086 -0.184409 0.664318
v 0.473674 -0.172000 0.681406
v 0.473066 -0.185651 0.677888
v 0.467335 -0.184909 0.669782
v 0.479639 -0.186623 0.688505
v 0.479401 -0.171998 0.691000
v 0.482822 -0.187154 0.694298
v 0.482851 -0.171999 0.697501
v 0.490830 -0.188741 0.711641
v 0.489576 -0.188462 0.708585
v 0.490259 -0.172003 0.714138
v 0.491681 -0.188940 0.713807
v 0.495397 -0.171999 0.729319
v 0.496998 -0.190397 0.729724
v 0.496065 -0.171999 0.731673
v 0.329015 -0.178174 0.596221
v 0.496998 -0.190397 0.729724
v 0.500949 -0.246114 0.749035
v 0.497604 -0.244729 0.737228
v 0.549066 -0.207180 0.913029
v 0.523164 -0.259895 0.827902
v 0.513002 -0.251462 0.791613
v 0.545583 -0.276046 0.907713
v 0.536214 -0.270199 0.874450
v 0.495094 -0.242205 0.728223
v 0.507502 -0.247937 0.772077
v 0.494430 -0.241181 0.725804
v 0.230478 -0.216703 0.618109
v 0.215258 -0.218685 0.627694
v 0.218430 -0.180953 0.626575
v 0.226424 -0.180495 0.621572
v 0.246373 -0.179561 0.611374
v 0.246990 -0.215009 0.609893
v 0.267413 -0.178856 0.603675
v 0.264650 -0.213637 0.603260
v 0.282787 -0.212660 0.598511
v 0.289232 -0.178391 0.598591
v 0.289531 -0.212397 0.597241
v 0.280184 -0.178553 0.600360
v 0.311508 -0.178172 0.596196
v 0.301642 -0.212056 0.595610
v 0.317320 -0.211874 0.594707
v 0.320000 -0.178154 0.596000
v 0.320000 -0.211871 0.594687
v 0.329015 -0.178174 0.596221
v 0.324773 -0.211883 0.594749
v 0.333776 -0.211973 0.595206
v 0.333910 -0.178202 0.596527
v 0.347971 -0.178350 0.598139
v 0.342384 -0.212149 0.596061
v 0.360055 -0.212785 0.599125
v 0.356105 -0.178481 0.599577
v 0.377626 -0.213788 0.604000
v 0.366650 -0.178704 0.602012
v 0.395873 -0.215273 0.611170
v 0.384811 -0.179233 0.607793
v 0.377765 -0.179006 0.605303
v 0.411763 -0.216969 0.619390
v 0.402296 -0.179933 0.615430
v 0.418886 -0.180793 0.624831
v 0.417173 -0.217648 0.622664
v 0.434426 -0.181808 0.635908
v 0.428061 -0.219171 0.630078
v 0.435117 -0.220293 0.635542
v 0.436390 -0.181952 0.637490
v 0.448733 -0.182963 0.648532
v 0.442367 -0.221587 0.641773
v 0.455044 -0.224226 0.654472
v 0.452848 -0.183344 0.652692
v 0.465862 -0.226941 0.667652
v 0.461660 -0.184249 0.662577
v 0.463086 -0.184409 0.664318
v 0.467335 -0.184909 0.669782
v 0.473066 -0.185651 0.677888
v 0.475826 -0.229979 0.682542
v 0.479639 -0.186623 0.688505
v 0.482822 -0.187154 0.694298
v 0.484602 -0.233426 0.699103
v 0.489576 -0.188462 0.708585
v 0.485722 -0.233939 0.701564
v 0.491129 -0.237215 0.715192
v 0.490830 -0.188741 0.711641
v 0.491681 -0.188940 0.713807
v 0.496998 -0.190397 0.729724
v 0.494430 -0.241181 0.725804
v 0.210761 -0.219355 0.630952
v 0.549066 -0.207180 0.913029
v 0.555641 -0.209748 0.941080
v 0.548756 -0.278138 0.919953
v 0.546312 -0.276451 0.910341
v 0.550955 -0.280164 0.930035
v 0.554646 -0.285207 0.953235
v 0.559585 -0.212361 0.969619
v 0.555659 -0.287275 0.963106
v 0.560861 -0.214996 0.998401
v 0.556444 -0.289483 0.974794
v 0.556771 -0.292405 0.995369
v 0.556596 -0.290082 0.978355
v 0.559461 -0.217631 1.027178
v 0.556324 -0.293740 1.007653
v 0.555405 -0.295020 1.019706
v 0.545583 -0.276046 0.907713
v 0.189125 -0.184931 0.670020
v 0.188072 -0.174040 0.671555
v 0.215143 -0.170262 0.631420
v 0.218430 -0.180953 0.626575
v 0.216663 -0.171998 0.629172
v 0.186208 -0.162000 0.674289
v 0.206742 -0.162000 0.643853
v 0.189060 -0.184940 0.670117
v 0.188995 -0.184952 0.670213
v 0.174445 -0.171932 0.714370
v 0.175369 -0.166758 0.699950
v 0.177593 -0.179568 0.696685
v 0.182129 -0.176580 0.682331
v 0.180221 -0.187232 0.688308
v 0.184452 -0.185942 0.677963
v 0.176245 -0.182300 0.711726
v 0.177630 -0.188582 0.699400
v 0.176848 -0.189982 0.711193
v 0.178086 -0.191384 0.723307
v 0.177561 -0.184258 0.724068
v 0.176065 -0.175643 0.726264
v 0.173689 -0.167682 0.729767
v 0.171585 -0.162351 0.718585
v 0.171222 -0.162000 0.733409
v 0.171494 -0.162000 0.718268
v 0.173399 -0.162000 0.704986
v 0.176877 -0.162000 0.692738
v 0.182490 -0.162000 0.680357
v 0.186208 -0.162000 0.674289
v 0.188072 -0.174040 0.671555
v 0.188995 -0.184952 0.670213
v 0.210761 -0.219355 0.630952
v 0.186843 -0.210187 0.668734
v 0.188503 -0.196834 0.668731
v 0.218430 -0.180953 0.626575
v 0.206291 -0.226000 0.636448
v 0.183519 -0.226000 0.670788
v 0.189125 -0.184931 0.670020
v 0.177285 -0.185741 0.749665
v 0.173481 -0.169956 0.748856
v 0.176296 -0.174133 0.735363
v 0.177316 -0.201998 0.749672
v 0.178956 -0.187549 0.735928
v 0.178876 -0.201238 0.735911
v 0.176061 -0.214621 0.735313
v 0.169952 -0.226000 0.748106
v 0.173571 -0.217797 0.748876
v 0.171222 -0.162000 0.733409
v 0.173689 -0.167682 0.729767
v 0.176065 -0.175643 0.726264
v 0.177561 -0.184258 0.724068
v 0.178086 -0.191384 0.723307
v 0.176964 -0.205460 0.722364
v 0.175331 -0.213211 0.723375
v 0.177770 -0.198975 0.722362
v 0.173030 -0.220564 0.725470
v 0.170760 -0.226000 0.727875
v 0.169952 -0.162000 0.748106
v 0.176848 -0.189982 0.711193
v 0.176464 -0.198146 0.709840
v 0.177770 -0.198975 0.722362
v 0.177630 -0.188582 0.699400
v 0.177857 -0.197390 0.694511
v 0.180221 -0.187232 0.688308
v 0.182473 -0.196948 0.679814
v 0.188503 -0.196834 0.668731
v 0.188995 -0.184952 0.670213
v 0.189060 -0.184940 0.670117
v 0.184452 -0.185942 0.677963
v 0.189125 -0.184931 0.670020
v 0.178086 -0.191384 0.723307
v 0.176659 -0.207031 0.694513
v 0.181026 -0.208596 0.679816
v 0.178093 -0.222516 0.681633
v 0.175494 -0.205950 0.709842
v 0.174232 -0.218551 0.696017
v 0.176464 -0.198146 0.709840
v 0.177857 -0.197390 0.694511
v 0.182473 -0.196948 0.679814
v 0.188503 -0.196834 0.668731
v 0.186843 -0.210187 0.668734
v 0.183519 -0.226000 0.670788
v 0.177542 -0.226000 0.681528
v 0.173222 -0.226000 0.693233
v 0.170691 -0.226000 0.705660
v 0.173530 -0.215275 0.711059
v 0.173030 -0.220564 0.725470
v 0.170760 -0.224122 0.713580
v 0.170039 -0.226001 0.718481
v 0.175331 -0.213211 0.723375
v 0.176964 -0.205460 0.722364
v 0.177770 -0.198975 0.722362
v 0.170760 -0.226000 0.727875
v 0.146454 -0.226000 0.834599
v 0.149517 -0.226000 0.822902
v 0.148380 -0.226000 0.818437
v 0.150461 -0.226000 0.828665
v 0.150366 -0.226000 0.827507
v 0.158423 -0.226000 0.772726
v 0.165600 -0.226000 0.761078
v 0.131615 -0.226000 0.747382
v 0.183519 -0.226000 0.670788
v 0.206291 -0.226000 0.636448
v 0.193364 -0.226000 0.647129
v 0.179651 -0.226000 0.660838
v 0.123013 -0.226000 0.715280
v 0.177542 -0.226000 0.681528
v 0.131615 -0.226000 0.723882
v 0.170691 -0.226000 0.705660
v 0.111263 -0.226000 0.759132
v 0.146972 -0.226000 0.808423
v 0.147518 -0.226000 0.798134
v 0.123013 -0.226000 0.755983
v 0.154111 -0.226000 0.779129
v 0.149816 -0.226000 0.788666
v 0.152370 -0.226000 0.782433
v 0.134763 -0.226000 0.735632
v 0.170760 -0.226000 0.727875
v 0.173222 -0.226000 0.693233
v 0.090912 -0.226000 0.747382
v 0.072626 -0.226000 0.767366
v 0.077807 -0.226000 0.772789
v 0.169952 -0.226000 0.748106
v 0.170039 -0.226001 0.718481
v 0.095812 -0.226000 0.688079
v 0.111263 -0.226000 0.712132
v 0.099513 -0.226000 0.715280
v 0.090912 -0.226000 0.723882
v 0.076647 -0.226000 0.699553
v 0.087763 -0.226000 0.735632
v 0.062662 -0.226000 0.747372
v 0.061365 -0.226000 0.732454
v 0.061451 -0.226000 0.739962
v 0.068314 -0.226000 0.761231
v 0.088868 -0.226000 0.690928
v 0.071643 -0.226000 0.705133
v 0.082428 -0.226000 0.694784
v 0.099513 -0.226000 0.755983
v 0.064386 -0.226000 0.718239
v 0.064966 -0.226000 0.754514
v 0.067521 -0.226000 0.711412
v 0.148477 -0.226000 0.841159
v 0.150019 -0.226000 0.835808
v 0.087763 -0.226000 0.735632
v 0.087763 -0.221000 0.735632
v 0.090912 -0.221000 0.723882
v 0.090912 -0.226000 0.723882
v 0.099513 -0.221000 0.715280
v 0.099513 -0.226000 0.715280
v 0.111263 -0.221000 0.712132
v 0.111263 -0.226000 0.712132
v 0.123013 -0.221000 0.715280
v 0.123013 -0.226000 0.715280
v 0.131615 -0.221000 0.723882
v 0.131615 -0.226000 0.723882
v 0.134763 -0.221000 0.735632
v 0.134763 -0.226000 0.735632
v 0.134763 -0.226000 0.735632
v 0.134763 -0.221000 0.735632
v 0.131615 -0.221000 0.747382
v 0.131615 -0.226000 0.747382
v 0.123013 -0.221000 0.755983
v 0.123013 -0.226000 0.755983
v 0.111263 -0.221000 0.759132
v 0.111263 -0.226000 0.759132
v 0.099513 -0.221000 0.755983
v 0.099513 -0.226000 0.755983
v 0.090912 -0.221000 0.747382
v 0.090912 -0.226000 0.747382
v 0.087763 -0.221000 0.735632
v 0.087763 -0.226000 0.735632
v 0.131615 -0.221000 0.747382
v 0.131615 -0.221000 0.723882
v 0.123013 -0.221000 0.715280
v 0.111263 -0.221000 0.759132
v 0.099513 -0.221000 0.715280
v 0.090912 -0.221000 0.723882
v 0.134763 -0.221000 0.735632
v 0.111263 -0.221000 0.712132
v 0.123013 -0.221000 0.755983
v 0.087763 -0.221000 0.735632
v 0.090912 -0.221000 0.747382
v 0.099513 -0.221000 0.755983
v 0.111263 -0.162000 0.759132
v 0.148994 -0.162000 0.828902
v 0.149902 -0.162000 0.836336
v 0.157766 -0.162000 0.773547
v 0.123013 -0.162000 0.755983
v 0.131615 -0.162000 0.747382
v 0.146492 -0.162000 0.817801
v 0.145878 -0.162000 0.801873
v 0.165375 -0.162000 0.761553
v 0.145704 -0.162000 0.811935
v 0.145583 -0.162000 0.805826
v 0.186208 -0.162000 0.674289
v 0.123013 -0.162000 0.715280
v 0.111263 -0.162000 0.712132
v 0.169952 -0.162000 0.748106
v 0.152054 -0.162000 0.782106
v 0.077807 -0.162000 0.772789
v 0.099513 -0.162000 0.755983
v 0.090912 -0.162000 0.747382
v 0.087763 -0.162000 0.735632
v 0.062661 -0.162000 0.747371
v 0.061451 -0.162000 0.739960
v 0.064966 -0.162000 0.754513
v 0.090912 -0.162000 0.723882
v 0.071641 -0.162000 0.705135
v 0.076645 -0.162000 0.699555
v 0.193198 -0.162000 0.656436
v 0.195905 -0.162000 0.653706
v 0.095812 -0.162000 0.688079
v 0.171494 -0.162000 0.718268
v 0.171222 -0.162000 0.733409
v 0.134763 -0.162000 0.735632
v 0.148014 -0.162000 0.791711
v 0.149857 -0.162000 0.837663
v 0.072626 -0.162000 0.767366
v 0.064386 -0.162000 0.718241
v 0.099513 -0.162000 0.715280
v 0.082425 -0.162000 0.694786
v 0.067520 -0.162000 0.711415
v 0.088867 -0.162000 0.690929
v 0.182490 -0.162000 0.680357
v 0.176877 -0.162000 0.692738
v 0.131615 -0.162000 0.723882
v 0.173399 -0.162000 0.704986
v 0.068313 -0.162000 0.761230
v 0.061365 -0.162000 0.732452
v 0.206742 -0.162000 0.643853
v 0.134763 -0.162000 0.735632
v 0.134763 -0.167000 0.735632
v 0.131615 -0.167000 0.723882
v 0.131615 -0.162000 0.723882
v 0.123013 -0.167000 0.715280
v 0.123013 -0.162000 0.715280
v 0.111263 -0.167000 0.712132
v 0.111263 -0.162000 0.712132
v 0.099513 -0.167000 0.715280
v 0.099513 -0.162000 0.715280
v 0.090912 -0.167000 0.723882
v 0.090912 -0.162000 0.723882
v 0.087763 -0.167000 0.735632
v 0.087763 -0.162000 0.735632
v 0.087763 -0.162000 0.735632
v 0.087763 -0.167000 0.735632
v 0.090912 -0.167000 0.747382
v 0.090912 -0.162000 0.747382
v 0.099513 -0.167000 0.755983
v 0.099513 -0.162000 0.755983
v 0.111263 -0.167000 0.759132
v 0.111263 -0.162000 0.759132
v 0.123013 -0.167000 0.755983
v 0.123013 -0.162000 0.755983
v 0.131615 -0.167000 0.747382
v 0.131615 -0.162000 0.747382
v 0.134763 -0.167000 0.735632
v 0.134763 -0.162000 0.735632
v 0.111263 -0.167000 0.712132
v 0.099513 -0.167000 0.755983
v 0.090912 -0.167000 0.747382
v 0.131615 -0.167000 0.723882
v 0.131615 -0.167000 0.747382
v 0.123013 -0.167000 0.755983
v 0.087763 -0.167000 0.735632
v 0.090912 -0.167000 0.723882
v 0.099513 -0.167000 0.715280
v 0.111263 -0.167000 0.759132
v 0.134763 -0.167000 0.735632
v 0.123013 -0.167000 0.715280
v 0.473986 -0.299615 1.922646
v 0.471384 -0.301043 1.938243
v 0.471979 -0.324657 1.925724
v 0.472867 -0.326671 1.917084
v 0.474299 -0.299348 1.919722
v 0.467214 -0.302440 1.953496
v 0.469665 -0.322962 1.938658
v 0.465079 -0.321743 1.954889
v 0.461510 -0.303790 1.968243
v 0.458852 -0.320905 1.970336
v 0.454325 -0.305080 1.982328
v 0.445745 -0.306296 1.995611
v 0.435864 -0.307426 2.007955
v 0.440590 -0.319093 2.000213
v 0.424773 -0.308458 2.019224
v 0.429066 -0.318237 2.013435
v 0.412586 -0.309380 2.029299
v 0.399439 -0.310185 2.038086
v 0.402284 -0.316931 2.035281
v 0.370863 -0.315928 2.050748
v 0.387021 -0.316382 2.043911
v 0.385470 -0.310863 2.045493
v 0.354789 -0.315654 2.055483
v 0.355630 -0.311810 2.055840
v 0.340076 -0.312071 2.058687
v 0.337325 -0.315485 2.058529
v 0.324314 -0.312185 2.059939
v 0.320229 -0.315414 2.059529
v 0.320000 -0.312191 2.059998
v 0.308774 -0.312153 2.059590
v 0.301846 -0.312092 2.058926
v 0.303064 -0.315454 2.058586
v 0.305682 -0.315438 2.058858
v 0.291382 -0.311946 2.057325
v 0.295500 -0.315522 2.057538
v 0.278498 -0.315771 2.053729
v 0.262104 -0.316125 2.048037
v 0.274441 -0.311563 2.053148
v 0.246138 -0.316597 2.040338
v 0.258045 -0.311008 2.047079
v 0.231745 -0.317161 2.031239
v 0.243760 -0.310355 2.039946
v 0.229951 -0.309549 2.031148
v 0.217928 -0.317849 2.020145
v 0.229017 -0.309488 2.030476
v 0.194731 -0.319467 1.993882
v 0.205749 -0.318610 2.007864
v 0.203220 -0.307331 2.006914
v 0.185447 -0.320358 1.978857
v 0.192444 -0.306061 1.993042
v 0.172608 -0.322616 1.947462
v 0.178117 -0.321434 1.963369
v 0.175958 -0.303241 1.962245
v 0.170619 -0.301784 1.946329
v 0.168814 -0.323083 1.931227
v 0.170409 -0.301714 1.945563
v 0.165118 -0.298551 1.911016
v 0.166322 -0.322795 1.901235
v 0.166645 -0.322499 1.913959
v 0.165424 -0.296951 1.893540
v 0.166874 -0.324576 1.891118
v 0.166786 -0.300143 1.928403
v 0.183339 -0.304695 1.978124
v 0.215486 -0.308479 2.019461
v 0.370815 -0.311406 2.051431
v 0.416481 -0.317542 2.024964
v 0.450466 -0.320011 1.985937
v 0.469034 -0.246000 1.940432
v 0.471384 -0.301043 1.938243
v 0.473986 -0.299615 1.922646
v 0.467214 -0.302440 1.953496
v 0.461510 -0.303790 1.968243
v 0.464537 -0.246000 1.957309
v 0.454325 -0.305080 1.982328
v 0.458170 -0.246000 1.973543
v 0.445745 -0.306296 1.995611
v 0.449981 -0.246000 1.988987
v 0.435864 -0.307426 2.007955
v 0.440144 -0.246000 2.003345
v 0.415915 -0.246000 2.028277
v 0.412586 -0.309380 2.029299
v 0.424773 -0.308458 2.019224
v 0.401928 -0.246000 2.038445
v 0.399439 -0.310185 2.038086
v 0.386818 -0.246000 2.047002
v 0.385470 -0.310863 2.045493
v 0.370825 -0.246000 2.053770
v 0.370815 -0.311406 2.051431
v 0.354269 -0.246000 2.058631
v 0.355630 -0.311810 2.055840
v 0.337227 -0.246000 2.061588
v 0.340076 -0.312071 2.058687
v 0.320000 -0.246000 2.062579
v 0.324314 -0.312185 2.059939
v 0.320000 -0.312191 2.059998
v 0.428743 -0.246000 2.016508
v 0.471504 -0.246000 1.924339
v 0.474299 -0.299348 1.919722
v 0.312716 -0.246000 2.062403
v 0.295539 -0.246000 2.060577
v 0.308774 -0.312153 2.059590
v 0.291382 -0.311946 2.057325
v 0.301846 -0.312092 2.058926
v 0.278629 -0.246000 2.056797
v 0.258045 -0.311008 2.047079
v 0.262254 -0.246000 2.051107
v 0.246612 -0.246000 2.043562
v 0.243760 -0.310355 2.039946
v 0.231860 -0.246000 2.034225
v 0.218816 -0.246000 2.023768
v 0.229017 -0.309488 2.030476
v 0.215486 -0.308479 2.019461
v 0.206565 -0.246000 2.011453
v 0.203220 -0.307331 2.006914
v 0.195719 -0.246000 1.997726
v 0.183339 -0.304695 1.978124
v 0.186474 -0.246000 1.982812
v 0.179019 -0.246000 1.967033
v 0.175958 -0.303241 1.962245
v 0.173386 -0.246000 1.950450
v 0.169660 -0.246000 1.933308
v 0.170409 -0.301714 1.945563
v 0.166786 -0.300143 1.928403
v 0.167887 -0.246000 1.915874
v 0.165118 -0.298551 1.911016
v 0.168069 -0.246000 1.898877
v 0.165424 -0.296951 1.893540
v 0.168101 -0.246000 1.898403
v 0.170619 -0.301784 1.946329
v 0.192444 -0.306061 1.993042
v 0.229951 -0.309549 2.031148
v 0.274441 -0.311563 2.053148
v 0.320000 -0.312191 2.059998
v 0.320000 -0.246000 2.062579
v 0.465648 -0.227000 1.702868
v 0.490644 -0.227000 1.723475
v 0.490618 -0.226338 1.723450
v 0.473834 -0.208762 1.709026
v 0.433016 -0.227000 1.682968
v 0.455472 -0.191420 1.695912
v 0.429836 -0.190447 1.681378
v 0.408245 -0.189820 1.672012
v 0.402664 -0.227000 1.669974
v 0.402664 -0.189683 1.669974
v 0.402664 -0.227000 1.669974
v 0.402664 -0.189683 1.669974
v 0.397394 -0.189580 1.668439
v 0.391988 -0.227000 1.667492
v 0.391988 -0.189517 1.667492
v 0.441184 -0.117000 0.683359
v 0.459650 -0.117000 0.712748
v 0.464100 -0.117000 0.692875
v 0.168886 -0.117000 0.814491
v 0.165000 -0.117000 0.780000
v 0.152782 -0.117000 0.797819
v 0.180350 -0.117000 0.847252
v 0.160669 -0.117000 0.833554
v 0.223359 -0.117000 0.901184
v 0.198816 -0.117000 0.876641
v 0.198121 -0.117000 0.895564
v 0.471114 -0.117000 0.745509
v 0.479372 -0.117000 0.725834
v 0.470629 -0.117000 0.704769
v 0.354491 -0.117000 0.628886
v 0.387252 -0.117000 0.640350
v 0.381888 -0.117000 0.623220
v 0.320000 -0.117000 0.625000
v 0.346651 -0.117000 0.613556
v 0.151789 -0.117000 0.779633
v 0.155759 -0.117000 0.815912
v 0.176019 -0.117000 0.866587
v 0.192041 -0.117000 0.888812
v 0.387252 -0.117000 0.919650
v 0.402215 -0.117000 0.926375
v 0.415188 -0.117000 0.918308
v 0.441184 -0.117000 0.876641
v 0.416641 -0.117000 0.901184
v 0.435146 -0.117000 0.902254
v 0.484285 -0.117000 0.743554
v 0.472608 -0.117000 0.708885
v 0.416641 -0.117000 0.658816
v 0.441923 -0.117000 0.663746
v 0.414131 -0.117000 0.640238
v 0.398400 -0.117000 0.630815
v 0.364542 -0.117000 0.617434
v 0.310240 -0.117000 0.611707
v 0.292092 -0.117000 0.613763
v 0.223359 -0.117000 0.658816
v 0.210398 -0.117000 0.652036
v 0.197134 -0.117000 0.664748
v 0.198816 -0.117000 0.683359
v 0.185489 -0.117000 0.678644
v 0.175341 -0.117000 0.693810
v 0.167416 -0.117000 0.850431
v 0.210822 -0.117000 0.907593
v 0.354491 -0.117000 0.931114
v 0.320000 -0.117000 0.935000
v 0.337601 -0.117000 0.946914
v 0.442903 -0.117000 0.894478
v 0.454585 -0.117000 0.880523
v 0.464776 -0.117000 0.865258
v 0.459650 -0.117000 0.847252
v 0.473211 -0.117000 0.849065
v 0.479812 -0.117000 0.832109
v 0.453784 -0.117000 0.677682
v 0.428723 -0.117000 0.651286
v 0.328544 -0.117000 0.611640
v 0.285509 -0.117000 0.628886
v 0.274342 -0.117000 0.617744
v 0.256995 -0.117000 0.623667
v 0.252748 -0.117000 0.640350
v 0.240382 -0.117000 0.631464
v 0.224938 -0.117000 0.640872
v 0.180350 -0.117000 0.712748
v 0.166821 -0.117000 0.710129
v 0.160220 -0.117000 0.727059
v 0.168886 -0.117000 0.745509
v 0.155487 -0.117000 0.744607
v 0.152638 -0.117000 0.762815
v 0.186299 -0.117000 0.881692
v 0.252748 -0.117000 0.919650
v 0.226016 -0.117000 0.919127
v 0.285509 -0.117000 0.931114
v 0.258309 -0.117000 0.936123
v 0.293391 -0.117000 0.945717
v 0.347966 -0.117000 0.945493
v 0.311654 -0.117000 0.947635
v 0.329956 -0.117000 0.947547
v 0.377383 -0.117000 0.937752
v 0.383240 -0.117000 0.935503
v 0.365819 -0.117000 0.941476
v 0.399625 -0.117000 0.927797
v 0.429790 -0.117000 0.907068
v 0.471114 -0.117000 0.814491
v 0.211456 -0.117000 0.908130
v 0.241623 -0.117000 0.928462
v 0.275667 -0.117000 0.941889
v 0.484570 -0.117000 0.814388
v 0.487375 -0.117000 0.796318
v 0.475000 -0.117000 0.780000
v 0.487220 -0.117000 0.761465
v 0.488211 -0.117000 0.779633
v 0.471114 -0.117000 0.814491
v 0.475000 -0.117000 0.780000
v 0.475000 -0.132000 0.780000
v 0.459650 -0.117000 0.847252
v 0.471114 -0.132000 0.814491
v 0.441184 -0.117000 0.876641
v 0.459650 -0.132000 0.847252
v 0.416641 -0.117000 0.901184
v 0.441184 -0.132000 0.876641
v 0.387252 -0.117000 0.919650
v 0.416641 -0.132000 0.901184
v 0.354491 -0.117000 0.931114
v 0.387252 -0.132000 0.919650
v 0.320000 -0.117000 0.935000
v 0.354491 -0.132000 0.931114
v 0.285509 -0.117000 0.931114
v 0.320000 -0.132000 0.935000
v 0.252748 -0.117000 0.919650
v 0.285509 -0.132000 0.931114
v 0.223359 -0.117000 0.901184
v 0.252748 -0.132000 0.919650
v 0.198816 -0.117000 0.876641
v 0.223359 -0.132000 0.901184
v 0.180350 -0.117000 0.847252
v 0.198816 -0.132000 0.876641
v 0.168886 -0.117000 0.814491
v 0.180350 -0.132000 0.847252
v 0.165000 -0.117000 0.780000
v 0.168886 -0.132000 0.814491
v 0.165000 -0.132000 0.780000
v 0.168886 -0.117000 0.745509
v 0.165000 -0.117000 0.780000
v 0.165000 -0.132000 0.780000
v 0.180350 -0.117000 0.712748
v 0.168886 -0.132000 0.745509
v 0.198816 -0.117000 0.683359
v 0.180350 -0.132000 0.712748
v 0.223359 -0.117000 0.658816
v 0.198816 -0.132000 0.683359
v 0.252748 -0.117000 0.640350
v 0.223359 -0.132000 0.658816
v 0.285509 -0.117000 0.628886
v 0.252748 -0.132000 0.640350
v 0.320000 -0.117000 0.625000
v 0.285509 -0.132000 0.628886
v 0.354491 -0.117000 0.628886
v 0.320000 -0.132000 0.625000
v 0.387252 -0.117000 0.640350
v 0.354491 -0.132000 0.628886
v 0.416641 -0.117000 0.658816
v 0.387252 -0.132000 0.640350
v 0.441184 -0.117000 0.683359
v 0.416641 -0.132000 0.658816
v 0.459650 -0.117000 0.712748
v 0.441184 -0.132000 0.683359
v 0.471114 -0.117000 0.745509
v 0.459650 -0.132000 0.712748
v 0.475000 -0.117000 0.780000
v 0.471114 -0.132000 0.745509
v 0.475000 -0.132000 0.780000
v 0.355658 -0.132000 0.924670
v 0.354491 -0.132000 0.931114
v 0.387252 -0.132000 0.919650
v 0.416641 -0.132000 0.901184
v 0.418805 -0.132000 0.891528
v 0.389244 -0.132000 0.911933
v 0.320000 -0.132000 0.929000
v 0.320000 -0.132000 0.935000
v 0.441184 -0.132000 0.876641
v 0.442625 -0.132000 0.864642
v 0.459650 -0.132000 0.847252
v 0.459317 -0.132000 0.832836
v 0.475000 -0.132000 0.780000
v 0.471114 -0.132000 0.745509
v 0.467914 -0.132000 0.762040
v 0.471114 -0.132000 0.814491
v 0.467914 -0.132000 0.797960
v 0.459650 -0.132000 0.712748
v 0.459317 -0.132000 0.727164
v 0.441184 -0.132000 0.683359
v 0.442625 -0.132000 0.695358
v 0.416641 -0.132000 0.658816
v 0.418805 -0.132000 0.668472
v 0.387252 -0.132000 0.640350
v 0.389244 -0.132000 0.648067
v 0.284342 -0.132000 0.635330
v 0.285509 -0.132000 0.628886
v 0.252748 -0.132000 0.640350
v 0.223359 -0.132000 0.658816
v 0.221195 -0.132000 0.668472
v 0.250756 -0.132000 0.648067
v 0.198816 -0.132000 0.683359
v 0.197375 -0.132000 0.695358
v 0.180350 -0.132000 0.712748
v 0.180683 -0.132000 0.727164
v 0.168886 -0.132000 0.745509
v 0.172086 -0.132000 0.762040
v 0.165000 -0.132000 0.780000
v 0.168886 -0.132000 0.814491
v 0.172086 -0.132000 0.797960
v 0.180350 -0.132000 0.847252
v 0.180683 -0.132000 0.832836
v 0.198816 -0.132000 0.876641
v 0.197375 -0.132000 0.864642
v 0.223359 -0.132000 0.901184
v 0.221195 -0.132000 0.891528
v 0.252748 -0.132000 0.919650
v 0.250756 -0.132000 0.911933
v 0.284342 -0.132000 0.924670
v 0.285509 -0.132000 0.931114
v 0.320000 -0.132000 0.631000
v 0.320000 -0.132000 0.625000
v 0.355658 -0.132000 0.635330
v 0.354491 -0.132000 0.628886
v 0.355658 -0.140000 0.924670
v 0.320000 -0.140000 0.929000
v 0.320000 -0.132000 0.929000
v 0.389244 -0.140000 0.911933
v 0.355658 -0.132000 0.924670
v 0.418805 -0.140000 0.891528
v 0.389244 -0.132000 0.911933
v 0.442625 -0.140000 0.864642
v 0.418805 -0.132000 0.891528
v 0.459317 -0.140000 0.832836
v 0.442625 -0.132000 0.864642
v 0.467914 -0.140000 0.797960
v 0.459317 -0.132000 0.832836
v 0.467914 -0.140000 0.762040
v 0.467914 -0.132000 0.797960
v 0.459317 -0.140000 0.727164
v 0.467914 -0.132000 0.762040
v 0.442625 -0.140000 0.695358
v 0.459317 -0.132000 0.727164
v 0.418805 -0.140000 0.668472
v 0.442625 -0.132000 0.695358
v 0.389244 -0.140000 0.648067
v 0.418805 -0.132000 0.668472
v 0.355658 -0.140000 0.635330
v 0.389244 -0.132000 0.648067
v 0.320000 -0.140000 0.631000
v 0.355658 -0.132000 0.635330
v 0.320000 -0.132000 0.631000
v 0.284342 -0.140000 0.635330
v 0.320000 -0.140000 0.631000
v 0.320000 -0.132000 0.631000
v 0.250756 -0.140000 0.648067
v 0.284342 -0.132000 0.635330
v 0.221195 -0.140000 0.668472
v 0.250756 -0.132000 0.648067
v 0.197375 -0.140000 0.695358
v 0.221195 -0.132000 0.668472
v 0.180683 -0.140000 0.727164
v 0.197375 -0.132000 0.695358
v 0.172086 -0.140000 0.762040
v 0.180683 -0.132000 0.727164
v 0.172086 -0.140000 0.797960
v 0.172086 -0.132000 0.762040
v 0.180683 -0.140000 0.832836
v 0.172086 -0.132000 0.797960
v 0.197375 -0.140000 0.864642
v 0.180683 -0.132000 0.832836
v 0.221195 -0.140000 0.891528
v 0.197375 -0.132000 0.864642
v 0.250756 -0.140000 0.911933
v 0.221195 -0.132000 0.891528
v 0.284342 -0.140000 0.924670
v 0.250756 -0.132000 0.911933
v 0.320000 -0.140000 0.929000
v 0.284342 -0.132000 0.924670
v 0.320000 -0.132000 0.929000
v 0.180683 -0.140000 0.727164
v 0.180683 -0.140000 0.832836
v 0.197375 -0.140000 0.864642
v 0.172086 -0.140000 0.762040
v 0.221195 -0.140000 0.891528
v 0.221195 -0.140000 0.668472
v 0.197375 -0.140000 0.695358
v 0.442625 -0.140000 0.864642
v 0.418805 -0.140000 0.668472
v 0.389244 -0.140000 0.648067
v 0.459317 -0.140000 0.727164
v 0.442625 -0.140000 0.695358
v 0.467914 -0.140000 0.797960
v 0.467914 -0.140000 0.762040
v 0.355658 -0.140000 0.635330
v 0.284342 -0.140000 0.924670
v 0.320000 -0.140000 0.929000
v 0.172086 -0.140000 0.797960
v 0.250756 -0.140000 0.648067
v 0.320000 -0.140000 0.631000
v 0.459317 -0.140000 0.832836
v 0.389244 -0.140000 0.911933
v 0.418805 -0.140000 0.891528
v 0.355658 -0.140000 0.924670
v 0.284342 -0.140000 0.635330
v 0.250756 -0.140000 0.911933
v 0.325664 -0.120805 1.083733
v 0.326437 -0.151611 1.101507
v 0.343828 -0.151554 1.100654
v 0.354841 -0.090000 1.063870
v 0.324890 -0.090000 1.065958
v 0.372250 -0.151318 1.097126
v 0.365556 -0.080000 1.056499
v 0.354714 -0.085000 1.060977
v 0.354588 -0.080000 1.058084
v 0.369513 -0.083000 1.057577
v 0.369513 -0.081500 1.056697
v 0.385860 -0.151140 1.094477
v 0.374513 -0.083000 1.056639
v 0.408344 -0.150752 1.088682
v 0.406296 -0.080000 1.046608
v 0.374513 -0.081500 1.055756
v 0.374513 -0.080000 1.054873
v 0.418836 -0.150529 1.085349
v 0.447682 -0.090000 1.035917
v 0.466374 -0.149148 1.064728
v 0.492165 -0.118808 1.028888
v 0.502629 -0.147617 1.041872
v 0.417300 -0.090000 1.048940
v 0.427002 -0.150336 1.082466
v 0.415335 -0.080000 1.043511
v 0.481700 -0.090000 1.015901
v 0.369513 -0.080000 1.055818
v 0.373263 -0.083000 1.002835
v 0.370763 -0.083000 1.002835
v 0.369848 -0.083000 1.003750
v 0.372013 -0.083000 1.002500
v 0.369513 -0.083000 1.005000
v 0.374513 -0.083000 1.005000
v 0.374178 -0.083000 1.003750
v 0.369513 -0.083000 1.057577
v 0.374513 -0.083000 1.056639
v 0.374513 -0.083000 1.005000
v 0.374513 -0.081500 1.055756
v 0.374513 -0.080000 1.054873
v 0.374513 -0.083000 1.056639
v 0.374513 -0.080000 1.005000
v 0.369513 -0.083000 1.005000
v 0.369513 -0.080000 1.005000
v 0.369513 -0.080000 1.055818
v 0.369513 -0.081500 1.056697
v 0.369513 -0.083000 1.057577
v 0.369848 -0.080000 1.003750
v 0.369513 -0.080000 1.005000
v 0.369513 -0.083000 1.005000
v 0.370763 -0.080000 1.002835
v 0.369848 -0.083000 1.003750
v 0.372013 -0.080000 1.002500
v 0.370763 -0.083000 1.002835
v 0.373263 -0.080000 1.002835
v 0.372013 -0.083000 1.002500
v 0.374178 -0.080000 1.003750
v 0.373263 -0.083000 1.002835
v 0.374513 -0.080000 1.005000
v 0.374178 -0.083000 1.003750
v 0.374513 -0.083000 1.005000
v 0.374178 -0.080000 1.003750
v 0.388072 -0.080000 0.968155
v 0.378075 -0.080000 0.992114
v 0.368513 -0.080000 0.994676
v 0.370763 -0.080000 1.002835
v 0.372013 -0.080000 1.002500
v 0.379013 -0.080000 0.988614
v 0.378075 -0.080000 0.985114
v 0.385313 -0.080000 0.969155
v 0.369302 -0.080000 0.974064
v 0.372013 -0.080000 0.981614
v 0.351025 -0.080000 0.977902
v 0.365951 -0.080000 0.985114
v 0.368513 -0.080000 0.982551
v 0.365013 -0.080000 0.988614
v 0.369848 -0.080000 1.003750
v 0.373263 -0.080000 1.002835
v 0.375513 -0.080000 0.982551
v 0.345322 -0.080000 0.978732
v 0.365951 -0.080000 0.992114
v 0.375513 -0.080000 0.994676
v 0.372013 -0.080000 0.995614
v 0.365556 -0.080000 1.056499
v 0.369513 -0.080000 1.055818
v 0.369513 -0.080000 1.005000
v 0.374513 -0.080000 1.005000
v 0.374513 -0.080000 1.054873
v 0.406296 -0.080000 1.046608
v 0.354588 -0.080000 1.058084
v 0.415335 -0.080000 1.043511
v 0.378075 -0.080000 0.992114
v 0.379013 -0.080000 0.988614
v 0.379013 -0.112000 0.988614
v 0.375513 -0.080000 0.994676
v 0.378075 -0.112000 0.992114
v 0.372013 -0.080000 0.995614
v 0.375513 -0.112000 0.994676
v 0.368513 -0.080000 0.994676
v 0.372013 -0.112000 0.995614
v 0.365951 -0.080000 0.992114
v 0.368513 -0.112000 0.994676
v 0.365013 -0.080000 0.988614
v 0.365951 -0.112000 0.992114
v 0.365013 -0.112000 0.988614
v 0.365951 -0.080000 0.985114
v 0.365013 -0.080000 0.988614
v 0.365013 -0.112000 0.988614
v 0.368513 -0.080000 0.982551
v 0.365951 -0.112000 0.985114
v 0.372013 -0.080000 0.981614
v 0.368513 -0.112000 0.982551
v 0.375513 -0.080000 0.982551
v 0.372013 -0.112000 0.981614
v 0.378075 -0.080000 0.985114
v 0.375513 -0.112000 0.982551
v 0.379013 -0.080000 0.988614
v 0.378075 -0.112000 0.985114
v 0.379013 -0.112000 0.988614
v 0.372013 -0.116206 0.988614
v 0.378075 -0.112000 0.992114
v 0.379013 -0.112000 0.988614
v 0.372013 -0.116206 0.988614
v 0.375513 -0.112000 0.994676
v 0.372013 -0.116206 0.988614
v 0.372013 -0.112000 0.995614
v 0.372013 -0.116206 0.988614
v 0.368513 -0.112000 0.994676
v 0.372013 -0.116206 0.988614
v 0.365951 -0.112000 0.992114
v 0.372013 -0.116206 0.988614
v 0.365013 -0.112000 0.988614
v 0.372013 -0.116206 0.988614
v 0.365951 -0.112000 0.985114
v 0.365013 -0.112000 0.988614
v 0.372013 -0.116206 0.988614
v 0.368513 -0.112000 0.982551
v 0.372013 -0.116206 0.988614
v 0.372013 -0.112000 0.981614
v 0.372013 -0.116206 0.988614
v 0.375513 -0.112000 0.982551
v 0.372013 -0.116206 0.988614
v 0.378075 -0.112000 0.985114
v 0.372013 -0.116206 0.988614
v 0.379013 -0.112000 0.988614
v 0.183074 -0.227000 1.696860
v 0.183226 -0.224551 1.696761
v 0.202094 -0.207166 1.437183
v 0.174518 -0.236503 1.813183
v 0.175150 -0.227000 1.812152
v 0.220733 -0.228652 1.147554
v 0.173883 -0.246000 1.814260
v 0.165424 -0.296951 1.893540
v 0.168101 -0.246000 1.898403
v 0.222152 -0.188686 1.161248
v 0.222865 -0.188029 1.151432
v 0.209222 -0.227000 1.681843
v 0.202234 -0.214824 1.685451
v 0.183226 -0.224551 1.696761
v 0.222226 -0.205476 1.675847
v 0.237336 -0.227000 1.669974
v 0.237336 -0.198994 1.669974
v 0.183074 -0.227000 1.696860
v 0.248012 -0.227000 1.667492
v 0.246982 -0.195145 1.667626
v 0.237336 -0.198994 1.669974
v 0.248012 -0.194749 1.667492
v 0.237336 -0.227000 1.669974
v 0.212589 -0.246000 2.000158
v 0.206565 -0.246000 2.011453
v 0.218816 -0.246000 2.023768
v 0.238483 -0.246000 2.023098
v 0.231860 -0.246000 2.034225
v 0.246612 -0.246000 2.043562
v 0.401517 -0.246000 2.023098
v 0.415915 -0.246000 2.028277
v 0.428743 -0.246000 2.016508
v 0.212589 -0.246000 1.809842
v 0.238483 -0.246000 1.786902
v 0.209881 -0.246000 1.772873
v 0.192937 -0.246000 1.971688
v 0.180670 -0.246000 1.939342
v 0.173386 -0.246000 1.950450
v 0.269114 -0.246000 2.039175
v 0.302703 -0.246000 2.047454
v 0.278629 -0.246000 2.056797
v 0.370886 -0.246000 2.039175
v 0.386818 -0.246000 2.047002
v 0.427411 -0.246000 2.000158
v 0.269114 -0.246000 1.770825
v 0.302703 -0.246000 1.762546
v 0.280423 -0.246000 1.737616
v 0.254259 -0.246000 1.746061
v 0.232344 -0.246000 1.757014
v 0.199652 -0.246000 1.782117
v 0.176500 -0.246000 1.905000
v 0.167887 -0.246000 1.915874
v 0.179019 -0.246000 1.967033
v 0.262254 -0.246000 2.051107
v 0.337297 -0.246000 2.047454
v 0.320000 -0.246000 2.062579
v 0.295539 -0.246000 2.060577
v 0.312716 -0.246000 2.062403
v 0.354269 -0.246000 2.058631
v 0.370825 -0.246000 2.053770
v 0.401928 -0.246000 2.038445
v 0.337297 -0.246000 1.762546
v 0.321384 -0.246000 1.733007
v 0.293939 -0.246000 1.734986
v 0.220796 -0.246000 1.764495
v 0.168069 -0.246000 1.898877
v 0.169660 -0.246000 1.933308
v 0.186474 -0.246000 1.982812
v 0.195719 -0.246000 1.997726
v 0.337227 -0.246000 2.061588
v 0.440144 -0.246000 2.003345
v 0.449981 -0.246000 1.988987
v 0.447063 -0.246000 1.971688
v 0.458170 -0.246000 1.973543
v 0.464537 -0.246000 1.957309
v 0.447063 -0.246000 1.838312
v 0.467573 -0.246000 1.816652
v 0.460035 -0.246000 1.805130
v 0.427411 -0.246000 1.809842
v 0.442325 -0.246000 1.784088
v 0.432271 -0.246000 1.774698
v 0.370886 -0.246000 1.770825
v 0.401517 -0.246000 1.786902
v 0.400674 -0.246000 1.753096
v 0.362190 -0.246000 1.738257
v 0.335137 -0.246000 1.733667
v 0.267172 -0.246000 1.741316
v 0.190198 -0.246000 1.792153
v 0.192937 -0.246000 1.838312
v 0.181599 -0.246000 1.802880
v 0.459330 -0.246000 1.939342
v 0.388275 -0.246000 1.747132
v 0.375411 -0.246000 1.742170
v 0.307622 -0.246000 1.733448
v 0.469034 -0.246000 1.940432
v 0.471504 -0.246000 1.924339
v 0.479763 -0.246000 1.841284
v 0.459330 -0.246000 1.870658
v 0.463500 -0.246000 1.905000
v 0.474160 -0.246000 1.828724
v 0.451599 -0.246000 1.794250
v 0.412559 -0.246000 1.760030
v 0.348755 -0.246000 1.735422
v 0.173883 -0.246000 1.814260
v 0.180670 -0.246000 1.870658
v 0.168101 -0.246000 1.898403
v 0.459330 -0.246000 1.939342
v 0.463500 -0.246000 1.905000
v 0.463500 -0.262000 1.905000
v 0.447063 -0.246000 1.971688
v 0.459330 -0.262000 1.939342
v 0.427411 -0.246000 2.000158
v 0.447063 -0.262000 1.971688
v 0.401517 -0.246000 2.023098
v 0.427411 -0.262000 2.000158
v 0.370886 -0.246000 2.039175
v 0.401517 -0.262000 2.023098
v 0.337297 -0.246000 2.047454
v 0.370886 -0.262000 2.039175
v 0.302703 -0.246000 2.047454
v 0.337297 -0.262000 2.047454
v 0.269114 -0.246000 2.039175
v 0.302703 -0.262000 2.047454
v 0.238483 -0.246000 2.023098
v 0.269114 -0.262000 2.039175
v 0.212589 -0.246000 2.000158
v 0.238483 -0.262000 2.023098
v 0.192937 -0.246000 1.971688
v 0.212589 -0.262000 2.000158
v 0.180670 -0.246000 1.939342
v 0.192937 -0.262000 1.971688
v 0.176500 -0.246000 1.905000
v 0.180670 -0.262000 1.939342
v 0.176500 -0.262000 1.905000
v 0.180670 -0.246000 1.870658
v 0.176500 -0.246000 1.905000
v 0.176500 -0.262000 1.905000
v 0.192937 -0.246000 1.838312
v 0.180670 -0.262000 1.870658
v 0.212589 -0.246000 1.809842
v 0.192937 -0.262000 1.838312
v 0.238483 -0.246000 1.786902
v 0.212589 -0.262000 1.809842
v 0.269114 -0.246000 1.770825
v 0.238483 -0.262000 1.786902
v 0.302703 -0.246000 1.762546
v 0.269114 -0.262000 1.770825
v 0.337297 -0.246000 1.762546
v 0.302703 -0.262000 1.762546
v 0.370886 -0.246000 1.770825
v 0.337297 -0.262000 1.762546
v 0.401517 -0.246000 1.786902
v 0.370886 -0.262000 1.770825
v 0.427411 -0.246000 1.809842
v 0.401517 -0.262000 1.786902
v 0.447063 -0.246000 1.838312
v 0.427411 -0.262000 1.809842
v 0.459330 -0.246000 1.870658
v 0.447063 -0.262000 1.838312
v 0.463500 -0.246000 1.905000
v 0.459330 -0.262000 1.870658
v 0.463500 -0.262000 1.905000
v 0.427411 -0.262000 1.809842
v 0.406621 -0.262000 1.818379
v 0.426088 -0.262000 1.843750
v 0.401517 -0.262000 1.786902
v 0.381250 -0.262000 1.798912
v 0.269114 -0.262000 1.770825
v 0.238483 -0.262000 1.786902
v 0.258750 -0.262000 1.798912
v 0.212589 -0.262000 1.809842
v 0.233379 -0.262000 1.818379
v 0.459330 -0.262000 1.870658
v 0.438326 -0.262000 1.873295
v 0.442500 -0.262000 1.905000
v 0.447063 -0.262000 1.838312
v 0.370886 -0.262000 1.770825
v 0.351705 -0.262000 1.786674
v 0.337297 -0.262000 1.762546
v 0.320000 -0.262000 1.782500
v 0.302703 -0.262000 1.762546
v 0.288295 -0.262000 1.786674
v 0.447063 -0.262000 1.971688
v 0.459330 -0.262000 1.939342
v 0.438326 -0.262000 1.936705
v 0.463500 -0.262000 1.905000
v 0.192937 -0.262000 1.838312
v 0.213912 -0.262000 1.843750
v 0.180670 -0.262000 1.870658
v 0.201674 -0.262000 1.873295
v 0.302703 -0.262000 2.047454
v 0.320000 -0.262000 2.027500
v 0.288295 -0.262000 2.023326
v 0.427411 -0.262000 2.000158
v 0.426088 -0.262000 1.966250
v 0.176500 -0.262000 1.905000
v 0.197500 -0.262000 1.905000
v 0.269114 -0.262000 2.039175
v 0.258750 -0.262000 2.011088
v 0.337297 -0.262000 2.047454
v 0.370886 -0.262000 2.039175
v 0.351705 -0.262000 2.023326
v 0.401517 -0.262000 2.023098
v 0.381250 -0.262000 2.011088
v 0.406621 -0.262000 1.991621
v 0.180670 -0.262000 1.939342
v 0.201674 -0.262000 1.936705
v 0.192937 -0.262000 1.971688
v 0.213912 -0.262000 1.966250
v 0.212589 -0.262000 2.000158
v 0.233379 -0.262000 1.991621
v 0.238483 -0.262000 2.023098
v 0.438326 -0.262000 1.936705
v 0.442500 -0.262000 1.905000
v 0.442500 -0.271000 1.905000
v 0.426088 -0.262000 1.966250
v 0.438326 -0.271000 1.936705
v 0.406621 -0.262000 1.991621
v 0.426088 -0.271000 1.966250
v 0.381250 -0.262000 2.011088
v 0.406621 -0.271000 1.991621
v 0.351705 -0.262000 2.023326
v 0.381250 -0.271000 2.011088
v 0.320000 -0.262000 2.027500
v 0.351705 -0.271000 2.023326
v 0.288295 -0.262000 2.023326
v 0.320000 -0.271000 2.027500
v 0.258750 -0.262000 2.011088
v 0.288295 -0.271000 2.023326
v 0.233379 -0.262000 1.991621
v 0.258750 -0.271000 2.011088
v 0.213912 -0.262000 1.966250
v 0.233379 -0.271000 1.991621
v 0.201674 -0.262000 1.936705
v 0.213912 -0.271000 1.966250
v 0.197500 -0.262000 1.905000
v 0.201674 -0.271000 1.936705
v 0.197500 -0.271000 1.905000
v 0.201674 -0.262000 1.873295
v 0.197500 -0.262000 1.905000
v 0.197500 -0.271000 1.905000
v 0.213912 -0.262000 1.843750
v 0.201674 -0.271000 1.873295
v 0.233379 -0.262000 1.818379
v 0.213912 -0.271000 1.843750
v 0.258750 -0.262000 1.798912
v 0.233379 -0.271000 1.818379
v 0.288295 -0.262000 1.786674
v 0.258750 -0.271000 1.798912
v 0.320000 -0.262000 1.782500
v 0.288295 -0.271000 1.786674
v 0.351705 -0.262000 1.786674
v 0.320000 -0.271000 1.782500
v 0.381250 -0.262000 1.798912
v 0.351705 -0.271000 1.786674
v 0.406621 -0.262000 1.818379
v 0.381250 -0.271000 1.798912
v 0.426088 -0.262000 1.843750
v 0.406621 -0.271000 1.818379
v 0.438326 -0.262000 1.873295
v 0.426088 -0.271000 1.843750
v 0.442500 -0.262000 1.905000
v 0.438326 -0.271000 1.873295
v 0.442500 -0.271000 1.905000
v 0.438326 -0.271000 1.873295
v 0.406621 -0.271000 1.818379
v 0.381250 -0.271000 1.798912
v 0.197500 -0.271000 1.905000
v 0.258750 -0.271000 1.798912
v 0.233379 -0.271000 1.818379
v 0.351705 -0.271000 1.786674
v 0.320000 -0.271000 1.782500
v 0.426088 -0.271000 1.843750
v 0.438326 -0.271000 1.936705
v 0.442500 -0.271000 1.905000
v 0.406621 -0.271000 1.991621
v 0.426088 -0.271000 1.966250
v 0.351705 -0.271000 2.023326
v 0.381250 -0.271000 2.011088
v 0.201674 -0.271000 1.936705
v 0.213912 -0.271000 1.966250
v 0.213912 -0.271000 1.843750
v 0.288295 -0.271000 1.786674
v 0.288295 -0.271000 2.023326
v 0.320000 -0.271000 2.027500
v 0.233379 -0.271000 1.991621
v 0.258750 -0.271000 2.011088
v 0.201674 -0.271000 1.873295
v 0.244040 -0.227000 1.692572
v 0.244040 -0.177000 1.692572
v 0.248012 -0.194749 1.667492
v 0.248771 -0.177000 1.662701
v 0.248771 -0.194275 1.662701
v 0.248012 -0.227000 1.667492
v 0.248771 -0.177000 1.662701
v 0.262596 -0.189343 1.664890
v 0.255669 -0.191766 1.663793
v 0.290471 -0.177000 1.669305
v 0.290471 -0.189638 1.669305
v 0.248771 -0.194275 1.662701
v 0.231972 -0.177000 1.697695
v 0.244040 -0.177000 1.692572
v 0.244040 -0.227000 1.692572
v 0.231972 -0.227000 1.697695
v 0.290471 -0.177000 1.669305
v 0.292718 -0.177000 1.685294
v 0.291647 -0.190199 1.677674
v 0.290471 -0.189638 1.669305
v 0.247601 -0.177000 1.734515
v 0.231972 -0.177000 1.697695
v 0.231972 -0.227000 1.697695
v 0.247601 -0.227000 1.734515
v 0.183074 -0.227000 1.696860
v 0.227515 -0.227000 1.760540
v 0.247601 -0.227000 1.734515
v 0.231972 -0.227000 1.697695
v 0.260773 -0.227000 1.744197
v 0.278413 -0.227000 1.738814
v 0.212463 -0.227000 1.771226
v 0.294223 -0.227000 1.721586
v 0.198673 -0.227000 1.783418
v 0.175150 -0.227000 1.812152
v 0.186092 -0.227000 1.797212
v 0.243829 -0.227000 1.751412
v 0.237336 -0.227000 1.669974
v 0.209222 -0.227000 1.681843
v 0.244040 -0.227000 1.692572
v 0.248012 -0.227000 1.667492
v 0.296163 -0.227000 1.735391
v 0.247601 -0.177000 1.734515
v 0.296160 -0.177000 1.721048
v 0.244040 -0.177000 1.692572
v 0.291135 -0.177000 1.685294
v 0.290471 -0.177000 1.669305
v 0.248771 -0.177000 1.662701
v 0.231972 -0.177000 1.697695
v 0.292718 -0.177000 1.685294
v 0.247601 -0.177000 1.734515
v 0.247601 -0.227000 1.734515
v 0.294223 -0.227000 1.721586
v 0.296160 -0.177000 1.721048
v 0.294223 -0.227000 1.721586
v 0.296163 -0.227000 1.735391
v 0.297406 -0.199250 1.736292
v 0.296160 -0.177000 1.721048
v 0.291802 -0.171500 1.688470
v 0.291135 -0.177000 1.685294
v 0.298652 -0.171500 1.737204
v 0.348353 -0.190199 1.677674
v 0.291647 -0.190199 1.677674
v 0.292718 -0.177000 1.685294
v 0.348198 -0.171500 1.688470
v 0.348865 -0.177000 1.685294
v 0.347282 -0.177000 1.685294
v 0.291802 -0.171500 1.688470
v 0.291135 -0.177000 1.685294
v 0.345777 -0.227000 1.721586
v 0.343840 -0.177000 1.721048
v 0.342594 -0.199250 1.736291
v 0.348198 -0.171500 1.688470
v 0.341349 -0.171500 1.737203
v 0.343837 -0.227000 1.735391
v 0.348865 -0.177000 1.685294
v 0.349529 -0.177000 1.669305
v 0.349529 -0.189638 1.669305
v 0.348353 -0.190199 1.677674
v 0.347282 -0.177000 1.685294
v 0.349529 -0.177000 1.669305
v 0.391229 -0.177000 1.662701
v 0.391229 -0.189196 1.662701
v 0.349529 -0.189638 1.669305
v 0.391229 -0.177000 1.662701
v 0.395960 -0.177000 1.692572
v 0.391988 -0.189517 1.667492
v 0.395960 -0.227000 1.692572
v 0.391988 -0.227000 1.667492
v 0.391229 -0.189196 1.662701
v 0.490644 -0.227000 1.723475
v 0.465648 -0.227000 1.702868
v 0.427885 -0.227000 1.771502
v 0.392399 -0.227000 1.734515
v 0.396744 -0.227000 1.751696
v 0.441798 -0.227000 1.783886
v 0.408028 -0.227000 1.697695
v 0.345777 -0.227000 1.721586
v 0.362026 -0.227000 1.738925
v 0.465071 -0.227000 1.812493
v 0.474361 -0.227000 1.828632
v 0.454186 -0.227000 1.797549
v 0.433016 -0.227000 1.682968
v 0.343837 -0.227000 1.735391
v 0.412854 -0.227000 1.760773
v 0.379734 -0.227000 1.744380
v 0.402664 -0.227000 1.669974
v 0.395960 -0.227000 1.692572
v 0.479164 -0.227000 1.838950
v 0.391988 -0.227000 1.667492
v 0.395960 -0.177000 1.692572
v 0.391229 -0.177000 1.662701
v 0.348865 -0.177000 1.685294
v 0.392399 -0.177000 1.734515
v 0.408028 -0.177000 1.697695
v 0.343840 -0.177000 1.721048
v 0.349529 -0.177000 1.669305
v 0.347282 -0.177000 1.685294
v 0.395960 -0.177000 1.692572
v 0.408028 -0.177000 1.697695
v 0.408028 -0.227000 1.697695
v 0.395960 -0.227000 1.692572
v 0.408028 -0.177000 1.697695
v 0.392399 -0.177000 1.734515
v 0.392399 -0.227000 1.734515
v 0.408028 -0.227000 1.697695
v 0.392399 -0.177000 1.734515
v 0.343840 -0.177000 1.721048
v 0.345777 -0.227000 1.721586
v 0.392399 -0.227000 1.734515
v 0.321384 -0.246000 1.733007
v 0.335137 -0.246000 1.733667
v 0.324000 -0.174500 1.735833
v 0.341349 -0.171500 1.737203
v 0.324000 -0.171500 1.735949
v 0.298652 -0.171500 1.737204
v 0.307622 -0.246000 1.733448
v 0.316000 -0.174500 1.735834
v 0.320000 -0.174500 1.735788
v 0.297406 -0.199250 1.736292
v 0.296163 -0.227000 1.735391
v 0.278413 -0.227000 1.738814
v 0.280423 -0.246000 1.737616
v 0.260773 -0.227000 1.744197
v 0.267172 -0.246000 1.741316
v 0.243829 -0.227000 1.751412
v 0.254259 -0.246000 1.746061
v 0.227515 -0.227000 1.760540
v 0.220796 -0.246000 1.764495
v 0.232344 -0.246000 1.757014
v 0.212463 -0.227000 1.771226
v 0.209881 -0.246000 1.772873
v 0.198673 -0.227000 1.783418
v 0.199652 -0.246000 1.782117
v 0.186092 -0.227000 1.797212
v 0.190198 -0.246000 1.792153
v 0.175150 -0.227000 1.812152
v 0.174518 -0.236503 1.813183
v 0.181599 -0.246000 1.802880
v 0.474361 -0.227000 1.828632
v 0.474160 -0.246000 1.828724
v 0.479466 -0.236503 1.840093
v 0.479763 -0.246000 1.841284
v 0.465071 -0.227000 1.812493
v 0.467573 -0.246000 1.816652
v 0.454186 -0.227000 1.797549
v 0.451599 -0.246000 1.794250
v 0.460035 -0.246000 1.805130
v 0.441798 -0.227000 1.783886
v 0.442325 -0.246000 1.784088
v 0.427885 -0.227000 1.771502
v 0.432271 -0.246000 1.774698
v 0.412559 -0.246000 1.760030
v 0.412854 -0.227000 1.760773
v 0.396744 -0.227000 1.751696
v 0.400674 -0.246000 1.753096
v 0.379734 -0.227000 1.744380
v 0.375411 -0.246000 1.742170
v 0.388275 -0.246000 1.747132
v 0.362026 -0.227000 1.738925
v 0.362190 -0.246000 1.738257
v 0.343837 -0.227000 1.735391
v 0.348755 -0.246000 1.735422
v 0.342594 -0.199250 1.736291
v 0.479164 -0.227000 1.838950
v 0.173883 -0.246000 1.814260
v 0.293939 -0.246000 1.734986
v 0.316000 -0.171500 1.735951
v 0.341349 -0.171500 1.737203
v 0.348198 -0.171500 1.688470
v 0.324000 -0.171500 1.705000
v 0.323464 -0.171500 1.703000
v 0.291802 -0.171500 1.688470
v 0.318000 -0.171500 1.701536
v 0.320000 -0.171500 1.701000
v 0.322000 -0.171500 1.701536
v 0.298652 -0.171500 1.737204
v 0.316000 -0.171500 1.735951
v 0.316000 -0.171500 1.705000
v 0.316536 -0.171500 1.703000
v 0.324000 -0.171500 1.735949
v 0.320000 -0.174500 1.701000
v 0.324000 -0.174500 1.705000
v 0.323464 -0.174500 1.703000
v 0.320000 -0.174500 1.735788
v 0.324000 -0.174500 1.735833
v 0.316000 -0.174500 1.705000
v 0.318000 -0.174500 1.701536
v 0.316536 -0.174500 1.703000
v 0.316000 -0.174500 1.735834
v 0.322000 -0.174500 1.701536
v 0.324000 -0.171500 1.705000
v 0.324000 -0.174500 1.705000
v 0.324000 -0.174500 1.735833
v 0.324000 -0.171500 1.735949
v 0.316000 -0.171500 1.705000
v 0.316000 -0.171500 1.735951
v 0.316000 -0.174500 1.735834
v 0.316000 -0.174500 1.705000
v 0.316536 -0.171500 1.703000
v 0.316000 -0.171500 1.705000
v 0.316000 -0.174500 1.705000
v 0.318000 -0.171500 1.701536
v 0.316536 -0.174500 1.703000
v 0.320000 -0.171500 1.701000
v 0.318000 -0.174500 1.701536
v 0.322000 -0.171500 1.701536
v 0.320000 -0.174500 1.701000
v 0.323464 -0.171500 1.703000
v 0.322000 -0.174500 1.701536
v 0.324000 -0.171500 1.705000
v 0.323464 -0.174500 1.703000
v 0.324000 -0.174500 1.705000
v 0.479466 -0.236503 1.840093
v 0.513202 -0.262019 1.512000
v 0.490644 -0.227000 1.723475
v 0.557486 -0.179925 1.030442
v 0.516857 -0.214000 1.454099
v 0.519308 -0.256159 1.448000
v 0.490618 -0.226338 1.723450
v 0.511273 -0.214000 1.510267
v 0.512764 -0.252019 1.512000
v 0.474299 -0.299348 1.919722
v 0.479763 -0.246000 1.841284
v 0.479164 -0.227000 1.838950
v 0.559461 -0.217631 1.027178
v 0.471504 -0.246000 1.924339
v 0.525000 -0.214000 1.510267
v 0.525000 -0.214000 1.454099
v 0.516857 -0.214000 1.454099
v 0.511273 -0.214000 1.510267
v 0.525000 -0.214000 1.510267
v 0.511273 -0.214000 1.510267
v 0.512764 -0.252019 1.512000
v 0.525000 -0.252019 1.512000
v 0.525000 -0.252019 1.512000
v 0.512764 -0.252019 1.512000
v 0.513202 -0.262019 1.512000
v 0.525000 -0.262019 1.512000
v 0.525000 -0.274000 1.510267
v 0.525000 -0.262019 1.512000
v 0.513202 -0.262019 1.512000
v 0.512626 -0.274000 1.510267
v 0.525000 -0.274000 1.510267
v 0.512626 -0.274000 1.510267
v 0.517671 -0.274000 1.454099
v 0.525000 -0.274000 1.454099
v 0.499595 -0.336706 1.612695
v 0.504574 -0.334064 1.559058
v 0.512626 -0.274000 1.510267
v 0.513202 -0.262019 1.512000
v 0.494986 -0.337396 1.663536
v 0.494354 -0.337354 1.670606
v 0.519308 -0.256159 1.448000
v 0.518698 -0.266159 1.448000
v 0.525225 -0.317566 1.340370
v 0.490252 -0.336298 1.716993
v 0.474299 -0.299348 1.919722
v 0.479344 -0.327762 1.844238
v 0.559461 -0.217631 1.027178
v 0.551612 -0.297358 1.060338
v 0.554550 -0.295860 1.028650
v 0.539094 -0.307010 1.193140
v 0.489379 -0.335907 1.726974
v 0.485113 -0.333241 1.776284
v 0.547320 -0.300168 1.106211
v 0.472867 -0.326671 1.917084
v 0.473638 -0.328462 1.907285
v 0.512573 -0.327524 1.474450
v 0.517671 -0.274000 1.454099
v 0.477283 -0.326928 1.867743
v 0.474784 -0.328601 1.894434
v 0.555405 -0.295020 1.019706
v 0.525000 -0.274000 1.454099
v 0.517671 -0.274000 1.454099
v 0.518698 -0.266159 1.448000
v 0.525000 -0.266159 1.448000
v 0.525000 -0.266159 1.448000
v 0.518698 -0.266159 1.448000
v 0.519308 -0.256159 1.448000
v 0.525000 -0.256159 1.448000
v 0.525000 -0.214000 1.454099
v 0.525000 -0.256159 1.448000
v 0.519308 -0.256159 1.448000
v 0.516857 -0.214000 1.454099
v 0.278903 -0.174613 1.444951
v 0.281309 -0.169647 1.344258
v 0.275676 -0.171675 1.343997
v 0.256109 -0.182963 1.442734
v 0.270629 -0.173475 1.341909
v 0.286492 -0.167758 1.342595
v 0.266416 -0.174941 1.338132
v 0.237681 -0.181090 1.162886
v 0.263278 -0.170365 1.182295
v 0.262553 -0.170492 1.177476
v 0.263059 -0.170138 1.173540
v 0.263067 -0.175783 1.325831
v 0.265327 -0.169675 1.186615
v 0.269153 -0.168270 1.190711
v 0.267445 -0.168906 1.189212
v 0.264773 -0.174916 1.320745
v 0.274097 -0.166404 1.193329
v 0.217548 -0.199576 1.438816
v 0.262898 -0.175934 1.328078
v 0.263820 -0.175773 1.333437
v 0.264989 -0.169173 1.169115
v 0.273019 -0.171471 1.313788
v 0.278315 -0.169469 1.312922
v 0.279923 -0.164187 1.194148
v 0.283519 -0.167625 1.313841
v 0.268194 -0.173422 1.316547
v 0.288421 -0.166015 1.316579
v 0.288965 -0.165523 1.309230
v 0.289799 -0.160368 1.190098
v 0.285465 -0.162061 1.192893
v 0.293041 -0.159036 1.185869
v 0.299359 -0.156134 1.169044
v 0.294652 -0.158258 1.180773
v 0.294048 -0.158187 1.173792
v 0.294796 -0.158119 1.178612
v 0.291960 -0.158757 1.169464
v 0.300087 -0.155477 1.159229
v 0.288187 -0.159969 1.165471
v 0.277492 -0.163691 1.157035
v 0.283241 -0.161709 1.162867
v 0.285734 -0.160814 1.163916
v 0.277876 -0.163733 1.162040
v 0.272779 -0.165776 1.162948
v 0.268057 -0.167783 1.165635
v 0.260666 -0.170492 1.155356
v 0.238397 -0.180432 1.153070
v 0.223192 -0.187863 1.151467
v 0.222152 -0.188686 1.161248
v 0.222875 -0.188024 1.151433
v 0.202094 -0.207166 1.437183
v 0.183226 -0.224551 1.696761
v 0.202234 -0.214824 1.685451
v 0.222226 -0.205476 1.675847
v 0.237336 -0.198994 1.669974
v 0.248771 -0.194275 1.662701
v 0.255669 -0.191766 1.663793
v 0.246982 -0.195145 1.667626
v 0.248012 -0.194749 1.667492
v 0.262596 -0.189343 1.664890
v 0.222865 -0.188029 1.151432
v 0.262898 -0.175934 1.328078
v 0.263820 -0.175773 1.333437
v 0.264013 -0.155000 1.330627
v 0.265267 -0.155000 1.336034
v 0.266416 -0.174941 1.338132
v 0.268393 -0.155000 1.340607
v 0.270629 -0.173475 1.341909
v 0.272652 -0.155000 1.343591
v 0.275676 -0.171675 1.343997
v 0.278027 -0.155000 1.344968
v 0.281309 -0.169647 1.344258
v 0.288393 -0.155000 1.341694
v 0.283503 -0.155000 1.344308
v 0.286492 -0.167758 1.342595
v 0.286549 -0.167755 1.342564
v 0.288809 -0.167654 1.341056
v 0.290857 -0.167522 1.339080
v 0.291972 -0.155000 1.337531
v 0.292534 -0.167364 1.336725
v 0.293659 -0.167205 1.334341
v 0.294623 -0.166841 1.328913
v 0.294000 -0.155000 1.330000
v 0.293814 -0.155000 1.332346
v 0.264000 -0.155000 1.330000
v 0.279977 -0.155000 1.315032
v 0.285353 -0.155000 1.316412
v 0.283519 -0.167625 1.313841
v 0.274499 -0.155000 1.315692
v 0.278315 -0.169469 1.312922
v 0.269608 -0.155000 1.318305
v 0.273019 -0.171471 1.313788
v 0.266028 -0.155000 1.322469
v 0.268194 -0.173422 1.316547
v 0.264186 -0.155000 1.327654
v 0.264773 -0.174916 1.320745
v 0.262898 -0.175934 1.328078
v 0.264000 -0.155000 1.330000
v 0.294623 -0.166841 1.328913
v 0.294241 -0.166617 1.325559
v 0.293987 -0.155000 1.329375
v 0.292082 -0.166276 1.320478
v 0.292733 -0.155000 1.323967
v 0.288421 -0.166015 1.316579
v 0.289607 -0.155000 1.319393
v 0.294000 -0.155000 1.330000
v 0.263067 -0.175783 1.325831
v 0.285353 -0.155000 1.316412
v 0.279977 -0.155000 1.315032
v 0.274499 -0.155000 1.315692
v 0.272652 -0.155000 1.343591
v 0.278027 -0.155000 1.344968
v 0.283503 -0.155000 1.344308
v 0.269608 -0.155000 1.318305
v 0.288393 -0.155000 1.341694
v 0.266028 -0.155000 1.322469
v 0.291972 -0.155000 1.337531
v 0.264186 -0.155000 1.327654
v 0.289607 -0.155000 1.319393
v 0.293987 -0.155000 1.329375
v 0.292733 -0.155000 1.323967
v 0.293814 -0.155000 1.332346
v 0.268393 -0.155000 1.340607
v 0.264013 -0.155000 1.330627
v 0.265267 -0.155000 1.336034
v 0.264000 -0.155000 1.330000
v 0.294000 -0.155000 1.330000
v 0.263278 -0.170365 1.182295
v 0.264013 -0.143000 1.180627
v 0.264000 -0.143000 1.180000
v 0.265267 -0.143000 1.186034
v 0.265327 -0.169675 1.186615
v 0.267445 -0.168906 1.189212
v 0.268393 -0.143000 1.190607
v 0.269153 -0.168270 1.190711
v 0.274097 -0.166404 1.193329
v 0.272653 -0.143000 1.193591
v 0.279923 -0.164187 1.194148
v 0.278028 -0.143000 1.194968
v 0.285465 -0.162061 1.192893
v 0.283504 -0.143000 1.194307
v 0.289799 -0.160368 1.190098
v 0.288393 -0.143000 1.191694
v 0.293041 -0.159036 1.185869
v 0.294652 -0.158258 1.180773
v 0.293814 -0.143000 1.182346
v 0.294796 -0.158119 1.178612
v 0.294000 -0.143000 1.180000
v 0.291972 -0.143000 1.187531
v 0.262553 -0.170492 1.177476
v 0.289607 -0.143000 1.169393
v 0.292733 -0.143000 1.173967
v 0.294048 -0.158187 1.173792
v 0.288187 -0.159969 1.165471
v 0.285354 -0.143000 1.166412
v 0.291960 -0.158757 1.169464
v 0.279978 -0.143000 1.165032
v 0.285734 -0.160814 1.163916
v 0.283241 -0.161709 1.162867
v 0.274499 -0.143000 1.165692
v 0.277876 -0.163733 1.162040
v 0.269608 -0.143000 1.168305
v 0.272779 -0.165776 1.162948
v 0.266028 -0.143000 1.172469
v 0.268057 -0.167783 1.165635
v 0.263059 -0.170138 1.173540
v 0.264186 -0.143000 1.177654
v 0.262553 -0.170492 1.177476
v 0.264000 -0.143000 1.180000
v 0.294796 -0.158119 1.178612
v 0.293987 -0.143000 1.179376
v 0.294000 -0.143000 1.180000
v 0.264989 -0.169173 1.169115
v 0.285354 -0.143000 1.166412
v 0.279978 -0.143000 1.165032
v 0.274499 -0.143000 1.165692
v 0.272653 -0.143000 1.193591
v 0.278028 -0.143000 1.194968
v 0.283504 -0.143000 1.194307
v 0.269608 -0.143000 1.168305
v 0.288393 -0.143000 1.191694
v 0.266028 -0.143000 1.172469
v 0.291972 -0.143000 1.187531
v 0.264186 -0.143000 1.177654
v 0.289607 -0.143000 1.169393
v 0.293987 -0.143000 1.179376
v 0.292733 -0.143000 1.173967
v 0.293814 -0.143000 1.182346
v 0.268393 -0.143000 1.190607
v 0.264013 -0.143000 1.180627
v 0.265267 -0.143000 1.186034
v 0.264000 -0.143000 1.180000
v 0.294000 -0.143000 1.180000
v 0.133708 -0.250500 0.759901
v 0.140613 -0.250500 0.761369
v 0.139281 -0.246536 0.761664
v 0.133589 -0.246500 0.760459
v 0.129260 -0.244000 0.759904
v 0.129287 -0.246500 0.759545
v 0.139139 -0.244000 0.762004
v 0.133708 -0.250500 0.759901
v 0.141881 -0.250500 0.721447
v 0.143912 -0.250500 0.743782
v 0.150323 -0.250500 0.723241
v 0.149463 -0.250500 0.725551
v 0.140613 -0.250500 0.761369
v 0.141851 -0.246500 0.721592
v 0.141881 -0.250500 0.721447
v 0.133708 -0.250500 0.759901
v 0.133589 -0.246500 0.760459
v 0.149217 -0.247253 0.723129
v 0.141881 -0.250500 0.721447
v 0.141851 -0.246500 0.721592
v 0.137576 -0.244000 0.720778
v 0.148128 -0.244000 0.723021
v 0.150323 -0.250500 0.723241
v 0.137549 -0.246500 0.720678
v 0.126347 -0.244000 0.760400
v 0.126279 -0.246500 0.760057
v 0.127309 -0.246500 0.759609
v 0.129287 -0.246500 0.759545
v 0.129260 -0.244000 0.759904
v 0.127756 -0.244000 0.759873
v 0.126347 -0.244000 0.760400
v 0.117838 -0.244000 0.763877
v 0.119372 -0.246500 0.763108
v 0.117808 -0.246500 0.763518
v 0.126279 -0.246500 0.760057
v 0.137576 -0.244000 0.720778
v 0.137549 -0.246500 0.720678
v 0.136492 -0.246500 0.720297
v 0.135009 -0.246500 0.718986
v 0.135118 -0.244000 0.719140
v 0.136190 -0.244000 0.720194
v 0.128757 -0.244000 0.712503
v 0.135118 -0.244000 0.719140
v 0.134053 -0.246500 0.717682
v 0.135009 -0.246500 0.718986
v 0.128678 -0.246500 0.712379
v 0.127769 -0.244000 0.711418
v 0.128757 -0.244000 0.712503
v 0.128244 -0.246500 0.712000
v 0.128678 -0.246500 0.712379
v 0.127657 -0.246500 0.711258
v 0.127218 -0.246500 0.710286
v 0.127120 -0.246500 0.708270
v 0.127248 -0.244000 0.708526
v 0.127153 -0.246500 0.708109
v 0.127282 -0.244000 0.708366
v 0.127258 -0.244000 0.708481
v 0.127241 -0.244000 0.710059
v 0.127391 -0.244000 0.707767
v 0.127282 -0.244000 0.708366
v 0.127153 -0.246500 0.708109
v 0.127261 -0.246500 0.707518
v 0.127087 -0.246500 0.703716
v 0.127289 -0.244000 0.704242
v 0.125112 -0.246500 0.699777
v 0.125887 -0.244000 0.700841
v 0.123730 -0.244000 0.698465
v 0.123649 -0.246500 0.698339
v 0.121616 -0.246500 0.697089
v 0.117383 -0.246500 0.696190
v 0.116826 -0.244000 0.696310
v 0.120462 -0.244000 0.696736
v 0.113104 -0.246500 0.697223
v 0.113302 -0.244000 0.697211
v 0.109699 -0.246500 0.700015
v 0.109111 -0.244000 0.700845
v 0.111662 -0.244000 0.698169
v 0.107848 -0.246500 0.704006
v 0.107719 -0.244000 0.704208
v 0.107719 -0.244000 0.704208
v 0.107848 -0.246500 0.704006
v 0.107824 -0.246500 0.704120
v 0.107695 -0.244000 0.704322
v 0.107695 -0.244000 0.704322
v 0.107824 -0.246500 0.704120
v 0.107573 -0.246500 0.704905
v 0.106476 -0.246500 0.706394
v 0.106127 -0.244000 0.706732
v 0.107132 -0.244000 0.705677
v 0.104895 -0.246500 0.707241
v 0.104859 -0.244000 0.707343
v 0.104719 -0.246500 0.707286
v 0.104689 -0.244000 0.707387
v 0.104689 -0.244000 0.707387
v 0.104719 -0.246500 0.707286
v 0.099171 -0.246500 0.709189
v 0.096115 -0.244000 0.710903
v 0.088251 -0.244000 0.717984
v 0.092769 -0.246500 0.713236
v 0.096183 -0.246500 0.710786
v 0.087655 -0.246500 0.718789
v 0.084147 -0.246500 0.725501
v 0.088356 -0.246500 0.717835
v 0.082621 -0.246500 0.731795
v 0.082744 -0.244000 0.730375
v 0.083482 -0.244000 0.727313
v 0.082667 -0.246500 0.739359
v 0.082784 -0.244000 0.741102
v 0.082913 -0.246500 0.740847
v 0.084670 -0.246500 0.746635
v 0.086632 -0.244000 0.750938
v 0.093769 -0.244000 0.758761
v 0.088482 -0.246500 0.753133
v 0.086744 -0.246500 0.750639
v 0.093848 -0.246500 0.758426
v 0.093769 -0.244000 0.758761
v 0.093848 -0.246500 0.758426
v 0.094453 -0.246500 0.758986
v 0.095336 -0.246500 0.760610
v 0.095286 -0.244000 0.761203
v 0.094757 -0.244000 0.759846
v 0.095431 -0.246500 0.762402
v 0.095302 -0.244000 0.762610
v 0.095397 -0.246500 0.762581
v 0.095269 -0.244000 0.762783
v 0.095269 -0.244000 0.762783
v 0.095397 -0.246500 0.762581
v 0.095373 -0.246500 0.762695
v 0.095244 -0.244000 0.762897
v 0.071828 -0.244000 0.763149
v 0.093769 -0.244000 0.758761
v 0.094757 -0.244000 0.759846
v 0.082111 -0.244000 0.694533
v 0.107695 -0.244000 0.704322
v 0.107132 -0.244000 0.705677
v 0.095286 -0.244000 0.761203
v 0.106127 -0.244000 0.706732
v 0.095302 -0.244000 0.762610
v 0.104859 -0.244000 0.707343
v 0.138637 -0.244000 0.781109
v 0.114832 -0.244000 0.766941
v 0.115395 -0.244000 0.765586
v 0.095269 -0.244000 0.762783
v 0.107719 -0.244000 0.704208
v 0.126347 -0.244000 0.760400
v 0.127756 -0.244000 0.759873
v 0.116400 -0.244000 0.764531
v 0.109224 -0.244000 0.774052
v 0.110865 -0.244000 0.773094
v 0.143532 -0.244000 0.818861
v 0.086632 -0.244000 0.750938
v 0.062278 -0.244000 0.736545
v 0.082744 -0.244000 0.730375
v 0.082784 -0.244000 0.741102
v 0.062750 -0.244000 0.726724
v 0.065019 -0.244000 0.717622
v 0.083482 -0.244000 0.727313
v 0.088251 -0.244000 0.717984
v 0.096115 -0.244000 0.710903
v 0.074787 -0.244000 0.701185
v 0.104689 -0.244000 0.707387
v 0.090105 -0.244000 0.689728
v 0.125887 -0.244000 0.700841
v 0.166091 -0.244000 0.687479
v 0.157315 -0.244000 0.702510
v 0.149681 -0.244000 0.719039
v 0.137576 -0.244000 0.720778
v 0.136190 -0.244000 0.720194
v 0.129260 -0.244000 0.759904
v 0.117668 -0.244000 0.763920
v 0.113416 -0.244000 0.770418
v 0.146761 -0.244000 0.830728
v 0.147281 -0.244000 0.832414
v 0.078439 -0.244000 0.770428
v 0.098796 -0.244000 0.772799
v 0.095237 -0.244000 0.767022
v 0.096639 -0.244000 0.770422
v 0.095136 -0.244000 0.763496
v 0.095244 -0.244000 0.762897
v 0.063668 -0.244000 0.745846
v 0.069223 -0.244000 0.708707
v 0.109111 -0.244000 0.700845
v 0.096104 -0.244000 0.687331
v 0.116826 -0.244000 0.696310
v 0.113302 -0.244000 0.697211
v 0.167078 -0.244000 0.685974
v 0.148128 -0.244000 0.723021
v 0.127241 -0.244000 0.710059
v 0.127248 -0.244000 0.708526
v 0.117838 -0.244000 0.763877
v 0.114807 -0.244000 0.767055
v 0.140096 -0.244000 0.800025
v 0.105700 -0.244000 0.774953
v 0.066986 -0.244000 0.755086
v 0.111662 -0.244000 0.698169
v 0.191545 -0.244000 0.656321
v 0.120462 -0.244000 0.696736
v 0.178516 -0.244000 0.670543
v 0.128757 -0.244000 0.712503
v 0.127769 -0.244000 0.711418
v 0.135118 -0.244000 0.719140
v 0.127282 -0.244000 0.708366
v 0.127391 -0.244000 0.707767
v 0.127258 -0.244000 0.708481
v 0.102064 -0.244000 0.774527
v 0.127289 -0.244000 0.704242
v 0.123730 -0.244000 0.698465
v 0.139139 -0.244000 0.762004
v 0.117383 -0.246500 0.696190
v 0.107848 -0.246500 0.704006
v 0.109699 -0.246500 0.700015
v 0.105143 -0.246500 0.774614
v 0.114679 -0.246500 0.766798
v 0.112828 -0.246500 0.770789
v 0.125112 -0.246500 0.699777
v 0.127087 -0.246500 0.703716
v 0.113104 -0.246500 0.697223
v 0.097414 -0.246500 0.771027
v 0.095439 -0.246500 0.767088
v 0.109423 -0.246500 0.773581
v 0.123649 -0.246500 0.698339
v 0.121616 -0.246500 0.697089
v 0.098878 -0.246500 0.772466
v 0.100910 -0.246500 0.773715
v 0.127261 -0.246500 0.707518
v 0.107824 -0.246500 0.704120
v 0.095266 -0.246500 0.763287
v 0.114703 -0.246500 0.766684
v 0.133589 -0.246500 0.760459
v 0.128678 -0.246500 0.712379
v 0.134053 -0.246500 0.717682
v 0.128244 -0.246500 0.712000
v 0.106476 -0.246500 0.706394
v 0.127657 -0.246500 0.711258
v 0.127153 -0.246500 0.708109
v 0.117632 -0.246500 0.763563
v 0.116050 -0.246500 0.764410
v 0.084147 -0.246500 0.725501
v 0.099171 -0.246500 0.709189
v 0.117808 -0.246500 0.763518
v 0.119372 -0.246500 0.763108
v 0.104719 -0.246500 0.707286
v 0.104895 -0.246500 0.707241
v 0.082913 -0.246500 0.740847
v 0.082667 -0.246500 0.739359
v 0.086744 -0.246500 0.750639
v 0.084670 -0.246500 0.746635
v 0.095373 -0.246500 0.762695
v 0.127120 -0.246500 0.708270
v 0.107573 -0.246500 0.704905
v 0.088356 -0.246500 0.717835
v 0.092769 -0.246500 0.713236
v 0.087655 -0.246500 0.718789
v 0.096183 -0.246500 0.710786
v 0.126279 -0.246500 0.760057
v 0.093848 -0.246500 0.758426
v 0.088482 -0.246500 0.753133
v 0.095397 -0.246500 0.762581
v 0.135009 -0.246500 0.718986
v 0.094453 -0.246500 0.758986
v 0.095431 -0.246500 0.762402
v 0.114954 -0.246500 0.765899
v 0.127218 -0.246500 0.710286
v 0.127309 -0.246500 0.759609
v 0.136492 -0.246500 0.720297
v 0.137549 -0.246500 0.720678
v 0.129287 -0.246500 0.759545
v 0.095336 -0.246500 0.760610
v 0.141851 -0.246500 0.721592
v 0.082621 -0.246500 0.731795
v 0.095244 -0.244000 0.762897
v 0.095373 -0.246500 0.762695
v 0.095266 -0.246500 0.763287
v 0.095439 -0.246500 0.767088
v 0.095237 -0.244000 0.767022
v 0.095136 -0.244000 0.763496
v 0.097414 -0.246500 0.771027
v 0.096639 -0.244000 0.770422
v 0.098796 -0.244000 0.772799
v 0.098878 -0.246500 0.772466
v 0.100910 -0.246500 0.773715
v 0.105143 -0.246500 0.774614
v 0.105700 -0.244000 0.774953
v 0.102064 -0.244000 0.774527
v 0.109423 -0.246500 0.773581
v 0.109224 -0.244000 0.774052
v 0.112828 -0.246500 0.770789
v 0.113416 -0.244000 0.770418
v 0.110865 -0.244000 0.773094
v 0.114679 -0.246500 0.766798
v 0.114807 -0.244000 0.767055
v 0.114679 -0.246500 0.766798
v 0.114703 -0.246500 0.766684
v 0.114832 -0.244000 0.766941
v 0.114807 -0.244000 0.767055
v 0.114832 -0.244000 0.766941
v 0.114703 -0.246500 0.766684
v 0.114954 -0.246500 0.765899
v 0.116050 -0.246500 0.764410
v 0.116400 -0.244000 0.764531
v 0.115395 -0.244000 0.765586
v 0.117632 -0.246500 0.763563
v 0.117668 -0.244000 0.763920
v 0.117808 -0.246500 0.763518
v 0.117838 -0.244000 0.763877
v 0.261285 -0.370534 1.414811
v 0.227479 -0.343682 1.414114
v 0.236284 -0.335510 1.298457
v 0.190102 -0.348181 1.756362
v 0.207463 -0.366611 1.758993
v 0.198479 -0.361499 1.785832
v 0.219541 -0.353264 1.530083
v 0.254483 -0.380704 1.530333
v 0.252059 -0.382547 1.559294
v 0.257817 -0.375546 1.472565
v 0.207910 -0.356701 1.644764
v 0.238372 -0.381729 1.646566
v 0.231691 -0.379239 1.675421
v 0.214623 -0.356499 1.587743
v 0.248678 -0.383454 1.588346
v 0.244089 -0.383169 1.617483
v 0.217271 -0.355193 1.558976
v 0.211495 -0.357004 1.616345
v 0.199590 -0.353812 1.701002
v 0.216079 -0.371537 1.731763
v 0.224206 -0.375807 1.703877
v 0.203924 -0.355626 1.672987
v 0.180095 -0.341755 1.811013
v 0.189432 -0.356579 1.812651
v 0.181166 -0.351766 1.839873
v 0.185104 -0.344888 1.783729
v 0.296846 -0.395022 1.415809
v 0.270292 -0.362481 1.299012
v 0.216420 -0.375557 1.760312
v 0.225560 -0.384323 1.761634
v 0.199184 -0.371136 1.814307
v 0.291262 -0.405637 1.530924
v 0.288673 -0.407412 1.559947
v 0.293945 -0.400237 1.473354
v 0.270347 -0.404798 1.648549
v 0.260788 -0.401196 1.677964
v 0.284505 -0.408013 1.589256
v 0.278347 -0.407121 1.618874
v 0.249953 -0.396470 1.706801
v 0.238125 -0.390770 1.734743
v 0.189544 -0.330246 1.977572
v 0.191892 -0.335926 1.976639
v 0.198957 -0.333770 1.988479
v 0.174743 -0.346990 1.867729
v 0.178517 -0.358253 1.868807
v 0.175720 -0.355100 1.882759
v 0.187344 -0.364693 1.841195
v 0.194255 -0.363890 1.813477
v 0.182456 -0.361461 1.854932
v 0.172471 -0.338000 1.924280
v 0.175242 -0.346183 1.924419
v 0.177621 -0.343418 1.937998
v 0.171472 -0.342369 1.896022
v 0.174240 -0.352029 1.896726
v 0.174098 -0.349055 1.910637
v 0.172631 -0.344651 1.881838
v 0.171386 -0.340150 1.910202
v 0.178503 -0.333926 1.951734
v 0.181197 -0.340772 1.951294
v 0.185958 -0.338267 1.964208
v 0.174827 -0.335922 1.938157
v 0.183433 -0.332027 1.964906
v 0.287131 -0.321772 2.052089
v 0.273571 -0.321913 2.048334
v 0.274323 -0.325385 2.046284
v 0.224764 -0.324596 2.021001
v 0.226342 -0.328613 2.019369
v 0.237296 -0.327388 2.027798
v 0.205111 -0.327097 2.000943
v 0.207098 -0.331821 1.999615
v 0.216250 -0.330096 2.009944
v 0.196784 -0.328598 1.989621
v 0.214465 -0.325759 2.011434
v 0.247848 -0.322842 2.037011
v 0.249015 -0.326434 2.035144
v 0.261396 -0.325764 2.041328
v 0.235924 -0.323620 2.029554
v 0.260435 -0.322271 2.043292
v 0.300990 -0.321850 2.054517
v 0.287669 -0.325301 2.049959
v 0.182011 -0.297681 0.885672
v 0.168734 -0.290537 0.860800
v 0.174240 -0.303232 0.856244
v 0.280379 -0.345171 1.078893
v 0.276997 -0.342925 1.064117
v 0.310872 -0.365778 1.057637
v 0.240236 -0.325429 0.982627
v 0.234500 -0.326997 0.953859
v 0.243963 -0.334936 0.949445
v 0.225211 -0.318849 0.958247
v 0.201505 -0.312006 0.906872
v 0.207172 -0.319061 0.903649
v 0.190055 -0.311196 0.880250
v 0.195951 -0.304860 0.910079
v 0.267217 -0.337652 1.035355
v 0.254549 -0.331710 1.008115
v 0.281375 -0.351145 0.998151
v 0.289957 -0.355093 1.011986
v 0.263027 -0.343071 0.972814
v 0.272553 -0.340400 1.049581
v 0.297896 -0.358907 1.026613
v 0.304949 -0.362498 1.041882
v 0.278705 -0.353984 1.183507
v 0.314301 -0.378554 1.184681
v 0.317202 -0.376610 1.154367
v 0.281287 -0.352027 1.154013
v 0.283320 -0.349939 1.123968
v 0.318350 -0.371053 1.089992
v 0.319622 -0.372938 1.106298
v 0.283424 -0.348648 1.108883
v 0.282530 -0.347083 1.093837
v 0.315420 -0.368659 1.073725
v 0.319589 -0.374414 1.122533
v 0.174333 -0.283933 0.891021
v 0.163526 -0.277700 0.865279
v 0.288504 -0.219072 0.598868
v 0.289191 -0.228159 0.600862
v 0.275337 -0.228423 0.603926
v 0.317361 -0.218884 0.596072
v 0.317419 -0.228509 0.598082
v 0.303250 -0.228188 0.598911
v 0.302873 -0.218846 0.596893
v 0.234100 -0.222555 0.617922
v 0.235916 -0.230944 0.619531
v 0.223780 -0.232340 0.626751
v 0.260503 -0.220308 0.606222
v 0.261780 -0.228978 0.608078
v 0.248610 -0.229820 0.613292
v 0.274349 -0.219561 0.601986
v 0.247057 -0.221308 0.611546
v 0.198984 -0.227678 0.642875
v 0.209987 -0.225751 0.633640
v 0.212283 -0.234000 0.634902
v 0.221716 -0.224040 0.625303
v 0.188778 -0.229808 0.652948
v 0.201497 -0.235912 0.643929
v 0.141430 -0.255472 0.769179
v 0.142165 -0.252261 0.754986
v 0.145802 -0.261923 0.753346
v 0.146172 -0.265162 0.811529
v 0.149279 -0.276203 0.808514
v 0.152834 -0.279807 0.821976
v 0.153746 -0.271498 0.838891
v 0.141942 -0.258705 0.783381
v 0.145296 -0.269006 0.781051
v 0.146750 -0.272597 0.794848
v 0.144965 -0.265443 0.767193
v 0.157358 -0.283396 0.835171
v 0.162718 -0.286970 0.848100
v 0.247022 -0.319359 1.084062
v 0.244712 -0.317863 1.070528
v 0.218325 -0.306624 0.992250
v 0.216096 -0.310493 0.962608
v 0.207159 -0.301932 0.966941
v 0.190511 -0.297622 0.913272
v 0.196044 -0.296442 0.941723
v 0.237888 -0.314500 1.043908
v 0.228821 -0.310744 1.017845
v 0.244872 -0.327043 1.182652
v 0.247153 -0.325039 1.153940
v 0.248849 -0.323023 1.125596
v 0.249010 -0.321922 1.111604
v 0.248458 -0.320712 1.097755
v 0.161030 -0.271219 0.867493
v 0.179967 -0.282866 0.919615
v 0.303806 -0.325586 2.052598
v 0.303481 -0.321202 2.055221
v 0.303064 -0.315454 2.058586
v 0.295500 -0.315522 2.057538
v 0.278498 -0.315771 2.053729
v 0.262104 -0.316125 2.048037
v 0.246138 -0.316597 2.040338
v 0.231745 -0.317161 2.031239
v 0.217928 -0.317849 2.020145
v 0.205749 -0.318610 2.007864
v 0.194731 -0.319467 1.993882
v 0.185447 -0.320358 1.978857
v 0.178117 -0.321434 1.963369
v 0.172608 -0.322616 1.947462
v 0.168814 -0.323083 1.931227
v 0.166645 -0.322499 1.913959
v 0.166322 -0.322795 1.901235
v 0.168388 -0.327738 1.873618
v 0.167185 -0.325441 1.887647
v 0.166874 -0.324576 1.891118
v 0.169821 -0.328784 1.855931
v 0.175288 -0.338708 1.838568
v 0.169013 -0.328350 1.865993
v 0.172660 -0.330091 1.820446
v 0.177645 -0.334124 1.759135
v 0.181742 -0.336786 1.708377
v 0.185551 -0.337538 1.660173
v 0.182493 -0.337073 1.698950
v 0.189470 -0.336514 1.609542
v 0.186845 -0.337396 1.643572
v 0.193860 -0.333426 1.551692
v 0.191152 -0.335550 1.587499
v 0.195480 -0.331901 1.530116
v 0.200537 -0.326573 1.462449
v 0.219305 -0.308287 1.212151
v 0.224648 -0.303279 1.141012
v 0.221549 -0.306115 1.182234
v 0.225439 -0.301149 1.112108
v 0.225496 -0.301838 1.120465
v 0.225383 -0.302341 1.126876
v 0.223486 -0.298952 1.083262
v 0.224625 -0.299788 1.095223
v 0.224986 -0.300205 1.100623
v 0.222147 -0.298302 1.073109
v 0.217451 -0.296693 1.048553
v 0.211450 -0.294761 1.026760
v 0.195732 -0.289603 0.977188
v 0.210818 -0.294547 1.024768
v 0.186584 -0.285170 0.948722
v 0.170734 -0.274889 0.900107
v 0.156744 -0.267715 0.856683
v 0.147545 -0.259588 0.829053
v 0.145444 -0.256830 0.822519
v 0.151612 -0.264125 0.841015
v 0.142512 -0.253349 0.810962
v 0.140230 -0.250945 0.797499
v 0.138861 -0.248851 0.779173
v 0.139281 -0.246536 0.761664
v 0.140613 -0.250500 0.761369
v 0.143912 -0.250500 0.743782
v 0.149463 -0.250500 0.725551
v 0.150939 -0.255104 0.726041
v 0.147805 -0.258469 0.739597
v 0.155169 -0.251854 0.712774
v 0.150323 -0.250500 0.723241
v 0.149217 -0.247253 0.723129
v 0.149681 -0.244000 0.719039
v 0.166091 -0.244000 0.687479
v 0.166772 -0.245793 0.687488
v 0.160458 -0.248742 0.699893
v 0.182903 -0.231294 0.659590
v 0.191493 -0.238064 0.653773
v 0.180178 -0.226878 0.660635
v 0.193364 -0.226000 0.647129
v 0.206291 -0.226000 0.636448
v 0.210761 -0.219355 0.630952
v 0.215258 -0.218685 0.627694
v 0.230478 -0.216703 0.618109
v 0.246990 -0.215009 0.609893
v 0.264650 -0.213637 0.603260
v 0.282787 -0.212660 0.598511
v 0.289531 -0.212397 0.597241
v 0.317320 -0.211874 0.594707
v 0.320000 -0.211871 0.594687
v 0.320000 -0.226799 0.597668
v 0.317501 -0.241417 0.601026
v 0.320000 -0.233894 0.599217
v 0.301933 -0.240647 0.602046
v 0.284266 -0.240288 0.604925
v 0.267022 -0.240494 0.609594
v 0.250371 -0.241260 0.615999
v 0.234798 -0.242547 0.623894
v 0.219855 -0.244389 0.633501
v 0.206038 -0.246742 0.644558
v 0.195278 -0.249128 0.655015
v 0.181908 -0.253014 0.671094
v 0.178516 -0.244000 0.670543
v 0.191545 -0.244000 0.656321
v 0.193474 -0.249585 0.656961
v 0.172536 -0.256638 0.685369
v 0.167078 -0.244000 0.685974
v 0.164574 -0.260706 0.700806
v 0.158388 -0.265060 0.716785
v 0.153866 -0.269717 0.733395
v 0.151015 -0.274676 0.750626
v 0.149917 -0.279856 0.768194
v 0.150588 -0.284842 0.784707
v 0.153088 -0.289963 0.801246
v 0.157083 -0.294672 0.816062
v 0.162947 -0.299496 0.830830
v 0.171289 -0.304815 0.846686
v 0.183358 -0.311227 0.865327
v 0.202367 -0.320079 0.890527
v 0.211194 -0.323936 0.901382
v 0.228736 -0.331305 0.921961
v 0.265999 -0.346563 0.964356
v 0.270519 -0.348470 0.969685
v 0.290139 -0.357110 0.994035
v 0.300838 -0.362074 1.009128
v 0.311430 -0.367164 1.027231
v 0.319178 -0.371110 1.043915
v 0.325029 -0.374381 1.060420
v 0.329156 -0.377104 1.077086
v 0.331525 -0.379309 1.093830
v 0.332255 -0.381202 1.112518
v 0.331995 -0.381913 1.121480
v 0.329652 -0.384316 1.154547
v 0.327094 -0.386540 1.185164
v 0.326968 -0.386659 1.186789
v 0.318910 -0.394688 1.297309
v 0.306071 -0.387061 1.299873
v 0.310201 -0.403329 1.416242
v 0.305685 -0.407502 1.473673
v 0.301709 -0.411076 1.522869
v 0.299021 -0.413787 1.560187
v 0.297278 -0.415928 1.589643
v 0.297184 -0.416057 1.591428
v 0.295310 -0.416966 1.611351
v 0.291813 -0.416784 1.630813
v 0.292601 -0.416901 1.627149
v 0.280031 -0.413187 1.668637
v 0.286680 -0.415517 1.649989
v 0.265094 -0.406609 1.700052
v 0.271801 -0.409736 1.687131
v 0.260884 -0.404562 1.707760
v 0.246210 -0.397292 1.735201
v 0.231853 -0.390114 1.762326
v 0.227841 -0.388140 1.769768
v 0.200110 -0.374856 1.819676
v 0.190215 -0.369510 1.840083
v 0.183333 -0.364981 1.857753
v 0.178510 -0.360759 1.874630
v 0.175761 -0.356831 1.890773
v 0.174984 -0.352850 1.907646
v 0.176092 -0.349237 1.923418
v 0.179245 -0.345395 1.940692
v 0.183551 -0.342228 1.955368
v 0.189927 -0.339004 1.970809
v 0.197970 -0.336087 1.985362
v 0.207171 -0.333600 1.998368
v 0.217572 -0.331473 2.010133
v 0.230392 -0.329541 2.021675
v 0.243003 -0.328194 2.030655
v 0.257349 -0.327187 2.038620
v 0.271800 -0.326646 2.044618
v 0.287739 -0.326525 2.049187
v 0.301416 -0.326787 2.051541
v 0.301305 -0.325516 2.052313
v 0.303902 -0.326869 2.051821
v 0.301077 -0.411676 1.531132
v 0.318691 -0.394901 1.300238
v 0.331964 -0.381959 1.122102
v 0.320000 -0.241580 0.600993
v 0.301642 -0.212056 0.595610
v 0.179651 -0.226000 0.660838
v 0.157315 -0.244000 0.702510
v 0.148128 -0.244000 0.723021
v 0.185183 -0.290291 0.916450
v 0.497982 -0.360269 1.319985
v 0.519909 -0.343593 1.088966
v 0.535597 -0.320224 1.092155
v 0.524716 -0.283823 0.863612
v 0.513647 -0.302609 0.863053
v 0.505077 -0.288032 0.807639
v 0.541175 -0.315802 1.034199
v 0.522582 -0.341281 1.060053
v 0.543311 -0.308945 0.976185
v 0.526948 -0.330319 0.973775
v 0.525255 -0.324275 0.945862
v 0.525041 -0.338530 1.031077
v 0.526728 -0.335003 1.002231
v 0.543177 -0.312952 1.005145
v 0.536424 -0.296997 0.919034
v 0.522077 -0.317298 0.918279
v 0.540871 -0.303450 0.947441
v 0.500009 -0.258269 0.754247
v 0.512294 -0.271115 0.809178
v 0.500825 -0.280759 0.779980
v 0.506969 -0.337045 0.917801
v 0.501969 -0.321033 0.862759
v 0.497382 -0.304753 0.806268
v 0.466525 -0.368228 1.784781
v 0.468090 -0.359092 1.841816
v 0.461409 -0.375100 1.842222
v 0.477536 -0.352328 1.755837
v 0.476502 -0.349153 1.784401
v 0.442591 -0.326801 1.993815
v 0.433723 -0.325518 2.005147
v 0.431488 -0.333416 2.003708
v 0.348581 -0.319182 2.054978
v 0.334425 -0.318758 2.057083
v 0.334204 -0.322570 2.055045
v 0.320139 -0.318474 2.057821
v 0.305857 -0.318331 2.057182
v 0.306061 -0.321648 2.055235
v 0.320136 -0.322005 2.055822
v 0.401380 -0.322158 2.033465
v 0.388996 -0.321235 2.040716
v 0.387782 -0.326747 2.038722
v 0.375990 -0.320426 2.046754
v 0.362478 -0.319740 2.051523
v 0.361783 -0.324294 2.049458
v 0.348131 -0.323335 2.052916
v 0.375039 -0.325435 2.044711
v 0.423842 -0.324309 2.015596
v 0.413031 -0.323186 2.025066
v 0.411287 -0.329827 2.023273
v 0.399899 -0.328216 2.031552
v 0.421846 -0.331566 2.013962
v 0.472311 -0.336962 1.898886
v 0.468641 -0.350384 1.899346
v 0.468627 -0.354775 1.870518
v 0.474328 -0.342910 1.841363
v 0.466583 -0.332452 1.941680
v 0.462433 -0.330983 1.955495
v 0.459568 -0.341598 1.955165
v 0.457009 -0.329545 1.968885
v 0.450375 -0.328148 1.981697
v 0.447728 -0.337386 1.980741
v 0.440134 -0.335362 1.992602
v 0.454229 -0.339470 1.968229
v 0.469448 -0.333945 1.927584
v 0.466343 -0.345956 1.927786
v 0.467921 -0.348168 1.913656
v 0.463627 -0.343762 1.941651
v 0.491880 -0.354407 1.554222
v 0.475850 -0.377659 1.550684
v 0.487052 -0.368616 1.435544
v 0.482218 -0.357659 1.669679
v 0.467172 -0.380671 1.668515
v 0.468826 -0.381027 1.638846
v 0.486721 -0.357262 1.611981
v 0.480336 -0.356738 1.698466
v 0.478766 -0.354970 1.727190
v 0.465569 -0.376725 1.727344
v 0.465805 -0.372874 1.756211
v 0.466048 -0.379294 1.698069
v 0.470897 -0.380531 1.609223
v 0.513850 -0.337010 1.323158
v 0.502944 -0.345353 1.438689
v 0.474036 -0.330216 1.898642
v 0.481246 -0.339487 1.784182
v 0.471979 -0.324657 1.925724
v 0.469665 -0.322962 1.938658
v 0.465079 -0.321743 1.954889
v 0.458852 -0.320905 1.970336
v 0.450466 -0.320011 1.985937
v 0.440590 -0.319093 2.000213
v 0.429066 -0.318237 2.013435
v 0.416481 -0.317542 2.024964
v 0.402284 -0.316931 2.035281
v 0.387021 -0.316382 2.043911
v 0.370863 -0.315928 2.050748
v 0.354789 -0.315654 2.055483
v 0.337325 -0.315485 2.058529
v 0.320229 -0.315414 2.059529
v 0.305682 -0.315438 2.058858
v 0.303064 -0.315454 2.058586
v 0.303481 -0.321202 2.055221
v 0.303806 -0.325586 2.052598
v 0.320814 -0.327703 2.052546
v 0.336292 -0.328885 2.051416
v 0.351612 -0.330454 2.048580
v 0.367624 -0.332549 2.043670
v 0.381297 -0.334741 2.037748
v 0.394673 -0.337298 2.030188
v 0.408559 -0.340465 2.020136
v 0.420959 -0.343856 2.008748
v 0.431249 -0.347222 1.996932
v 0.448367 -0.354673 1.969339
v 0.454626 -0.358512 1.954467
v 0.458593 -0.361898 1.940961
v 0.461093 -0.365457 1.926334
v 0.462176 -0.369409 1.909665
v 0.461624 -0.374577 1.887367
v 0.458527 -0.382164 1.854046
v 0.447973 -0.400296 1.773621
v 0.455904 -0.386955 1.785081
v 0.445892 -0.404163 1.756512
v 0.440734 -0.414069 1.708932
v 0.439320 -0.417379 1.682777
v 0.439150 -0.418914 1.657589
v 0.441333 -0.418088 1.619374
v 0.440233 -0.418809 1.632523
v 0.442779 -0.417015 1.604607
v 0.448544 -0.412686 1.545026
v 0.470419 -0.395960 1.314815
v 0.477918 -0.390272 1.236524
v 0.488371 -0.382346 1.127428
v 0.493867 -0.378327 1.072121
v 0.496340 -0.375023 1.038272
v 0.492877 -0.379175 1.083788
v 0.497081 -0.373409 1.026058
v 0.498214 -0.369622 1.002358
v 0.498879 -0.363051 0.970241
v 0.498585 -0.357477 0.948025
v 0.498086 -0.352503 0.930627
v 0.495128 -0.334770 0.872037
v 0.493138 -0.321098 0.826800
v 0.493074 -0.320467 0.824705
v 0.491502 -0.306934 0.779835
v 0.489219 -0.298961 0.753715
v 0.495939 -0.273471 0.752284
v 0.488654 -0.297632 0.749403
v 0.485847 -0.292518 0.732957
v 0.481262 -0.286805 0.714922
v 0.485217 -0.262671 0.711541
v 0.489490 -0.266225 0.724871
v 0.475647 -0.281812 0.699529
v 0.479993 -0.259191 0.698615
v 0.468661 -0.277132 0.685498
v 0.473665 -0.255807 0.686201
v 0.459164 -0.272092 0.670847
v 0.466282 -0.252534 0.674359
v 0.447622 -0.267040 0.656626
v 0.457952 -0.249386 0.663140
v 0.435999 -0.262750 0.644970
v 0.438710 -0.243537 0.642833
v 0.448748 -0.246380 0.652607
v 0.423169 -0.258716 0.634449
v 0.427892 -0.240877 0.633888
v 0.408904 -0.254897 0.624979
v 0.416365 -0.238416 0.625828
v 0.393124 -0.251331 0.616702
v 0.391491 -0.234156 0.612568
v 0.404205 -0.236171 0.618706
v 0.377569 -0.248388 0.610456
v 0.378304 -0.232385 0.607459
v 0.361707 -0.245904 0.605815
v 0.364730 -0.230869 0.603414
v 0.345781 -0.243889 0.602757
v 0.350857 -0.229620 0.600459
v 0.330145 -0.242351 0.601227
v 0.336778 -0.228647 0.598618
v 0.320000 -0.233894 0.599217
v 0.320000 -0.226799 0.597668
v 0.322585 -0.227955 0.597902
v 0.320000 -0.241580 0.600993
v 0.324773 -0.211883 0.594749
v 0.333776 -0.211973 0.595206
v 0.342384 -0.212149 0.596061
v 0.360055 -0.212785 0.599125
v 0.377626 -0.213788 0.604000
v 0.395873 -0.215273 0.611170
v 0.411763 -0.216969 0.619390
v 0.428061 -0.219171 0.630078
v 0.417173 -0.217648 0.622664
v 0.435117 -0.220293 0.635542
v 0.455044 -0.224226 0.654472
v 0.465862 -0.226941 0.667652
v 0.475826 -0.229979 0.682542
v 0.484602 -0.233426 0.699103
v 0.491129 -0.237215 0.715192
v 0.494430 -0.241181 0.725804
v 0.497604 -0.244729 0.737228
v 0.500949 -0.246114 0.749035
v 0.495094 -0.242205 0.728223
v 0.507502 -0.247937 0.772077
v 0.513002 -0.251462 0.791613
v 0.523164 -0.259895 0.827902
v 0.545583 -0.276046 0.907713
v 0.546312 -0.276451 0.910341
v 0.536214 -0.270199 0.874450
v 0.550955 -0.280164 0.930035
v 0.548756 -0.278138 0.919953
v 0.555659 -0.287275 0.963106
v 0.554646 -0.285207 0.953235
v 0.556444 -0.289483 0.974794
v 0.556596 -0.290082 0.978355
v 0.556771 -0.292405 0.995369
v 0.555405 -0.295020 1.019706
v 0.556324 -0.293740 1.007653
v 0.551612 -0.297358 1.060338
v 0.554550 -0.295860 1.028650
v 0.539094 -0.307010 1.193140
v 0.547320 -0.300168 1.106211
v 0.525225 -0.317566 1.340370
v 0.512573 -0.327524 1.474450
v 0.504574 -0.334064 1.559058
v 0.499595 -0.336706 1.612695
v 0.494986 -0.337396 1.663536
v 0.494354 -0.337354 1.670606
v 0.490252 -0.336298 1.716993
v 0.489379 -0.335907 1.726974
v 0.485113 -0.333241 1.776284
v 0.477283 -0.326928 1.867743
v 0.479344 -0.327762 1.844238
v 0.473638 -0.328462 1.907285
v 0.472867 -0.326671 1.917084
v 0.474784 -0.328601 1.894434
v 0.485722 -0.233939 0.701564
v 0.442367 -0.221587 0.641773
v 0.320000 -0.211871 0.594687
v 0.459412 -0.404359 1.430410
v 0.443272 -0.409119 1.734595
v 0.440278 -0.350775 1.983996
v 0.303902 -0.326869 2.051821
v 0.525000 -0.252019 1.512000
v 0.525000 -0.264000 1.489550
v 0.525000 -0.224000 1.489550
v 0.525000 -0.214000 1.510267
v 0.525000 -0.274000 1.510267
v 0.525000 -0.266275 1.488940
v 0.525000 -0.262019 1.512000
v 0.525000 -0.224000 1.480450
v 0.525000 -0.240600 1.480000
v 0.525000 -0.241056 1.478300
v 0.525000 -0.228550 1.485000
v 0.525000 -0.241056 1.481700
v 0.525000 -0.246944 1.481700
v 0.525000 -0.260060 1.487275
v 0.525000 -0.259450 1.485000
v 0.525000 -0.245700 1.477056
v 0.525000 -0.260060 1.482725
v 0.525000 -0.261725 1.481060
v 0.525000 -0.214000 1.454099
v 0.525000 -0.221725 1.481060
v 0.525000 -0.242300 1.482944
v 0.525000 -0.227940 1.487275
v 0.525000 -0.261725 1.488940
v 0.525000 -0.244000 1.483400
v 0.525000 -0.247400 1.480000
v 0.525000 -0.221725 1.488940
v 0.525000 -0.274000 1.454099
v 0.525000 -0.267940 1.482725
v 0.525000 -0.268550 1.485000
v 0.525000 -0.256159 1.448000
v 0.525000 -0.264000 1.480450
v 0.525000 -0.244000 1.476600
v 0.525000 -0.220060 1.482725
v 0.525000 -0.227940 1.482725
v 0.525000 -0.245700 1.482944
v 0.525000 -0.267940 1.487275
v 0.525000 -0.266275 1.481060
v 0.525000 -0.242300 1.477056
v 0.525000 -0.266159 1.448000
v 0.525000 -0.226275 1.488940
v 0.525000 -0.219450 1.485000
v 0.525000 -0.226275 1.481060
v 0.525000 -0.220060 1.487275
v 0.525000 -0.246944 1.478300
v 0.525000 -0.246944 1.481700
v 0.525000 -0.247400 1.480000
v 0.509000 -0.247400 1.480000
v 0.525000 -0.245700 1.482944
v 0.509000 -0.246944 1.481700
v 0.525000 -0.244000 1.483400
v 0.509000 -0.245700 1.482944
v 0.525000 -0.242300 1.482944
v 0.509000 -0.244000 1.483400
v 0.525000 -0.241056 1.481700
v 0.509000 -0.242300 1.482944
v 0.525000 -0.240600 1.480000
v 0.509000 -0.241056 1.481700
v 0.509000 -0.240600 1.480000
v 0.525000 -0.219450 1.485000
v 0.525000 -0.220060 1.487275
v 0.523268 -0.220926 1.486775
v 0.525000 -0.221725 1.488940
v 0.523268 -0.222225 1.488074
v 0.525000 -0.224000 1.489550
v 0.523268 -0.224000 1.488550
v 0.525000 -0.226275 1.488940
v 0.523268 -0.225775 1.488074
v 0.525000 -0.227940 1.487275
v 0.523268 -0.227074 1.486775
v 0.525000 -0.228550 1.485000
v 0.523268 -0.227550 1.485000
v 0.523268 -0.220450 1.485000
v 0.525000 -0.259450 1.485000
v 0.525000 -0.260060 1.487275
v 0.523268 -0.260926 1.486775
v 0.525000 -0.261725 1.488940
v 0.523268 -0.262225 1.488074
v 0.525000 -0.264000 1.489550
v 0.523268 -0.264000 1.488550
v 0.525000 -0.266275 1.488940
v 0.523268 -0.265775 1.488074
v 0.525000 -0.267940 1.487275
v 0.523268 -0.267074 1.486775
v 0.525000 -0.268550 1.485000
v 0.523268 -0.267550 1.485000
v 0.523268 -0.260450 1.485000
v 0.525000 -0.241056 1.478300
v 0.525000 -0.240600 1.480000
v 0.509000 -0.240600 1.480000
v 0.525000 -0.242300 1.477056
v 0.509000 -0.241056 1.478300
v 0.525000 -0.244000 1.476600
v 0.509000 -0.242300 1.477056
v 0.525000 -0.245700 1.477056
v 0.509000 -0.244000 1.476600
v 0.525000 -0.246944 1.478300
v 0.509000 -0.245700 1.477056
v 0.525000 -0.247400 1.480000
v 0.509000 -0.246944 1.478300
v 0.509000 -0.247400 1.480000
v 0.506957 -0.244000 1.480000
v 0.509000 -0.246944 1.481700
v 0.509000 -0.247400 1.480000
v 0.506957 -0.244000 1.480000
v 0.509000 -0.245700 1.482944
v 0.506957 -0.244000 1.480000
v 0.509000 -0.244000 1.483400
v 0.506957 -0.244000 1.480000
v 0.509000 -0.242300 1.482944
v 0.506957 -0.244000 1.480000
v 0.509000 -0.241056 1.481700
v 0.506957 -0.244000 1.480000
v 0.509000 -0.240600 1.480000
v 0.506957 -0.244000 1.480000
v 0.509000 -0.241056 1.478300
v 0.509000 -0.240600 1.480000
v 0.506957 -0.244000 1.480000
v 0.509000 -0.242300 1.477056
v 0.506957 -0.244000 1.480000
v 0.509000 -0.244000 1.476600
v 0.506957 -0.244000 1.480000
v 0.509000 -0.245700 1.477056
v 0.506957 -0.244000 1.480000
v 0.509000 -0.246944 1.478300
v 0.506957 -0.244000 1.480000
v 0.509000 -0.247400 1.480000
v 0.525000 -0.228550 1.485000
v 0.525000 -0.227940 1.482725
v 0.523268 -0.227074 1.483225
v 0.525000 -0.226275 1.481060
v 0.523268 -0.225775 1.481926
v 0.525000 -0.224000 1.480450
v 0.523268 -0.224000 1.481450
v 0.525000 -0.221725 1.481060
v 0.523268 -0.222225 1.481926
v 0.525000 -0.220060 1.482725
v 0.523268 -0.220926 1.483225
v 0.525000 -0.219450 1.485000
v 0.523268 -0.220450 1.485000
v 0.523268 -0.227550 1.485000
v 0.523268 -0.227074 1.486775
v 0.523268 -0.227550 1.485000
v 0.518000 -0.227550 1.485000
v 0.523268 -0.225775 1.488074
v 0.518000 -0.227074 1.486775
v 0.523268 -0.224000 1.488550
v 0.518000 -0.225775 1.488074
v 0.523268 -0.222225 1.488074
v 0.518000 -0.224000 1.488550
v 0.523268 -0.220926 1.486775
v 0.518000 -0.222225 1.488074
v 0.523268 -0.220450 1.485000
v 0.518000 -0.220926 1.486775
v 0.518000 -0.220450 1.485000
v 0.523268 -0.220926 1.483225
v 0.523268 -0.220450 1.485000
v 0.518000 -0.220450 1.485000
v 0.523268 -0.222225 1.481926
v 0.518000 -0.220926 1.483225
v 0.523268 -0.224000 1.481450
v 0.518000 -0.222225 1.481926
v 0.523268 -0.225775 1.481926
v 0.518000 -0.224000 1.481450
v 0.523268 -0.227074 1.483225
v 0.518000 -0.225775 1.481926
v 0.523268 -0.227550 1.485000
v 0.518000 -0.227074 1.483225
v 0.518000 -0.227550 1.485000
v 0.515867 -0.224000 1.485000
v 0.518000 -0.227074 1.486775
v 0.518000 -0.227550 1.485000
v 0.515867 -0.224000 1.485000
v 0.518000 -0.225775 1.488074
v 0.515867 -0.224000 1.485000
v 0.518000 -0.224000 1.488550
v 0.515867 -0.224000 1.485000
v 0.518000 -0.222225 1.488074
v 0.515867 -0.224000 1.485000
v 0.518000 -0.220926 1.486775
v 0.515867 -0.224000 1.485000
v 0.518000 -0.220450 1.485000
v 0.515867 -0.224000 1.485000
v 0.518000 -0.220926 1.483225
v 0.518000 -0.220450 1.485000
v 0.515867 -0.224000 1.485000
v 0.518000 -0.222225 1.481926
v 0.515867 -0.224000 1.485000
v 0.518000 -0.224000 1.481450
v 0.515867 -0.224000 1.485000
v 0.518000 -0.225775 1.481926
v 0.515867 -0.224000 1.485000
v 0.518000 -0.227074 1.483225
v 0.515867 -0.224000 1.485000
v 0.518000 -0.227550 1.485000
v 0.525000 -0.268550 1.485000
v 0.525000 -0.267940 1.482725
v 0.523268 -0.267074 1.483225
v 0.525000 -0.266275 1.481060
v 0.523268 -0.265775 1.481926
v 0.525000 -0.264000 1.480450
v 0.523268 -0.264000 1.481450
v 0.525000 -0.261725 1.481060
v 0.523268 -0.262225 1.481926
v 0.525000 -0.260060 1.482725
v 0.523268 -0.260926 1.483225
v 0.525000 -0.259450 1.485000
v 0.523268 -0.260450 1.485000
v 0.523268 -0.267550 1.485000
v 0.523268 -0.267074 1.486775
v 0.523268 -0.267550 1.485000
v 0.518000 -0.267550 1.485000
v 0.523268 -0.265775 1.488074
v 0.518000 -0.267074 1.486775
v 0.523268 -0.264000 1.488550
v 0.518000 -0.265775 1.488074
v 0.523268 -0.262225 1.488074
v 0.518000 -0.264000 1.488550
v 0.523268 -0.260926 1.486775
v 0.518000 -0.262225 1.488074
v 0.523268 -0.260450 1.485000
v 0.518000 -0.260926 1.486775
v 0.518000 -0.260450 1.485000
v 0.523268 -0.260926 1.483225
v 0.523268 -0.260450 1.485000
v 0.518000 -0.260450 1.485000
v 0.523268 -0.262225 1.481926
v 0.518000 -0.260926 1.483225
v 0.523268 -0.264000 1.481450
v 0.518000 -0.262225 1.481926
v 0.523268 -0.265775 1.481926
v 0.518000 -0.264000 1.481450
v 0.523268 -0.267074 1.483225
v 0.518000 -0.265775 1.481926
v 0.523268 -0.267550 1.485000
v 0.518000 -0.267074 1.483225
v 0.518000 -0.267550 1.485000
v 0.515867 -0.264000 1.485000
v 0.518000 -0.267074 1.486775
v 0.518000 -0.267550 1.485000
v 0.515867 -0.264000 1.485000
v 0.518000 -0.265775 1.488074
v 0.515867 -0.264000 1.485000
v 0.518000 -0.264000 1.488550
v 0.515867 -0.264000 1.485000
v 0.518000 -0.262225 1.488074
v 0.515867 -0.264000 1.485000
v 0.518000 -0.260926 1.486775
v 0.515867 -0.264000 1.485000
v 0.518000 -0.260450 1.485000
v 0.515867 -0.264000 1.485000
v 0.518000 -0.260926 1.483225
v 0.518000 -0.260450 1.485000
v 0.515867 -0.264000 1.485000
v 0.518000 -0.262225 1.481926
v 0.515867 -0.264000 1.485000
v 0.518000 -0.264000 1.481450
v 0.515867 -0.264000 1.485000
v 0.518000 -0.265775 1.481926
v 0.515867 -0.264000 1.485000
v 0.518000 -0.267074 1.483225
v 0.515867 -0.264000 1.485000
v 0.518000 -0.267550 1.485000
v 0.383000 -0.387618 1.200000
v 0.387841 -0.387560 1.199197
v 0.430653 -0.399983 1.370185
v 0.425470 -0.400117 1.372027
v 0.349411 -0.387587 1.199564
v 0.353000 -0.387618 1.200000
v 0.433000 -0.399970 1.370000
v 0.344364 -0.387420 1.197265
v 0.432366 -0.402148 1.399987
v 0.433000 -0.402149 1.400000
v 0.448544 -0.412686 1.545026
v 0.392640 -0.387363 1.196493
v 0.442779 -0.417015 1.604607
v 0.421313 -0.400376 1.375597
v 0.318910 -0.394688 1.297309
v 0.395995 -0.387073 1.192492
v 0.326968 -0.386659 1.186789
v 0.338356 -0.386765 1.188250
v 0.340547 -0.387136 1.193361
v 0.441333 -0.418088 1.619374
v 0.435347 -0.402136 1.399815
v 0.297184 -0.416057 1.591428
v 0.426966 -0.402057 1.398733
v 0.297278 -0.415928 1.589643
v 0.299021 -0.413787 1.560187
v 0.397827 -0.386693 1.187269
v 0.353000 -0.385439 1.170000
v 0.348159 -0.385497 1.170803
v 0.331964 -0.381959 1.122102
v 0.331995 -0.381913 1.121480
v 0.493867 -0.378327 1.072121
v 0.383000 -0.385439 1.170000
v 0.440530 -0.402002 1.397973
v 0.459412 -0.404359 1.430410
v 0.301077 -0.411676 1.531132
v 0.301709 -0.411076 1.522869
v 0.418696 -0.400731 1.380483
v 0.318691 -0.394901 1.300238
v 0.343360 -0.385694 1.173508
v 0.329652 -0.384316 1.154547
v 0.433634 -0.399971 1.370013
v 0.477918 -0.390272 1.236524
v 0.470419 -0.395960 1.314815
v 0.422393 -0.401830 1.395607
v 0.305685 -0.407502 1.473673
v 0.397644 -0.386292 1.181749
v 0.488371 -0.382346 1.127428
v 0.419411 -0.401521 1.391351
v 0.310201 -0.403329 1.416242
v 0.418031 -0.401129 1.385964
v 0.327094 -0.386540 1.185164
v 0.340006 -0.385984 1.177507
v 0.391635 -0.385637 1.172735
v 0.492877 -0.379175 1.083788
v 0.439034 -0.400062 1.371267
v 0.446589 -0.400598 1.378650
v 0.443607 -0.400289 1.374393
v 0.447304 -0.401388 1.389517
v 0.447969 -0.400989 1.384036
v 0.444686 -0.401743 1.394403
v 0.338173 -0.386364 1.182730
v 0.386588 -0.385470 1.170435
v 0.395453 -0.385921 1.176638
v 0.353000 -0.395000 1.169627
v 0.347728 -0.395000 1.170623
v 0.348159 -0.385497 1.170803
v 0.343133 -0.395000 1.173509
v 0.343360 -0.385694 1.173508
v 0.339872 -0.395000 1.177954
v 0.340006 -0.385984 1.177507
v 0.338173 -0.386364 1.182730
v 0.338531 -0.395000 1.182693
v 0.338935 -0.395000 1.188047
v 0.338356 -0.386765 1.188250
v 0.340960 -0.395000 1.192513
v 0.340547 -0.387136 1.193361
v 0.344666 -0.395000 1.196292
v 0.344364 -0.387420 1.197265
v 0.349595 -0.395000 1.198526
v 0.349411 -0.387587 1.199564
v 0.353000 -0.395000 1.198932
v 0.353000 -0.387618 1.200000
v 0.353000 -0.385439 1.170000
v 0.353000 -0.385439 1.170000
v 0.383000 -0.385439 1.170000
v 0.383000 -0.395000 1.169627
v 0.353000 -0.395000 1.169627
v 0.383000 -0.395000 1.198932
v 0.388273 -0.395000 1.197937
v 0.387841 -0.387560 1.199197
v 0.392640 -0.387363 1.196493
v 0.395995 -0.387073 1.192492
v 0.392869 -0.395000 1.195049
v 0.397827 -0.386693 1.187269
v 0.396131 -0.395000 1.190598
v 0.397644 -0.386292 1.181749
v 0.397522 -0.395000 1.185248
v 0.395453 -0.385921 1.176638
v 0.396952 -0.395000 1.180110
v 0.391635 -0.385637 1.172735
v 0.394483 -0.395000 1.175277
v 0.386588 -0.385470 1.170435
v 0.391059 -0.395000 1.172079
v 0.383000 -0.385439 1.170000
v 0.386092 -0.395000 1.169962
v 0.383000 -0.395000 1.169627
v 0.383000 -0.387618 1.200000
v 0.353000 -0.395000 1.198932
v 0.383000 -0.395000 1.198932
v 0.383000 -0.387618 1.200000
v 0.353000 -0.387618 1.200000
v 0.433000 -0.410000 1.369609
v 0.429827 -0.410000 1.369962
v 0.430653 -0.399983 1.370185
v 0.424893 -0.410000 1.372098
v 0.425470 -0.400117 1.372027
v 0.421313 -0.400376 1.375597
v 0.421420 -0.410000 1.375402
v 0.419026 -0.410000 1.380230
v 0.418696 -0.400731 1.380483
v 0.418534 -0.410000 1.385603
v 0.418031 -0.401129 1.385964
v 0.420005 -0.410000 1.390780
v 0.423225 -0.410000 1.395059
v 0.422393 -0.401830 1.395607
v 0.427755 -0.410000 1.397878
v 0.426966 -0.402057 1.398733
v 0.433000 -0.410000 1.398864
v 0.433000 -0.402149 1.400000
v 0.432366 -0.402148 1.399987
v 0.419411 -0.401521 1.391351
v 0.433000 -0.399970 1.370000
v 0.433000 -0.410000 1.398864
v 0.436165 -0.410000 1.398513
v 0.435347 -0.402136 1.399815
v 0.440530 -0.402002 1.397973
v 0.444686 -0.401743 1.394403
v 0.441095 -0.410000 1.396384
v 0.447304 -0.401388 1.389517
v 0.444574 -0.410000 1.393080
v 0.447969 -0.400989 1.384036
v 0.446970 -0.410000 1.388258
v 0.446589 -0.400598 1.378650
v 0.447468 -0.410000 1.382894
v 0.443607 -0.400289 1.374393
v 0.446007 -0.410000 1.377718
v 0.439034 -0.400062 1.371267
v 0.442786 -0.410000 1.373424
v 0.433000 -0.410000 1.369609
v 0.433000 -0.399970 1.370000
v 0.433634 -0.399971 1.370013
v 0.438242 -0.410000 1.370594
v 0.433000 -0.402149 1.400000
v 0.423225 -0.410000 1.395059
v 0.430056 -0.410000 1.386700
v 0.431300 -0.410000 1.387944
v 0.429827 -0.410000 1.369962
v 0.433000 -0.410000 1.381600
v 0.431300 -0.410000 1.382056
v 0.427755 -0.410000 1.397878
v 0.433000 -0.410000 1.388400
v 0.419026 -0.410000 1.380230
v 0.430056 -0.410000 1.383300
v 0.429600 -0.410000 1.385000
v 0.421420 -0.410000 1.375402
v 0.424893 -0.410000 1.372098
v 0.442786 -0.410000 1.373424
v 0.446007 -0.410000 1.377718
v 0.435944 -0.410000 1.383300
v 0.436165 -0.410000 1.398513
v 0.434700 -0.410000 1.387944
v 0.420005 -0.410000 1.390780
v 0.418534 -0.410000 1.385603
v 0.433000 -0.410000 1.369609
v 0.438242 -0.410000 1.370594
v 0.434700 -0.410000 1.382056
v 0.446970 -0.410000 1.388258
v 0.444574 -0.410000 1.393080
v 0.435944 -0.410000 1.386700
v 0.441095 -0.410000 1.396384
v 0.447468 -0.410000 1.382894
v 0.436400 -0.410000 1.385000
v 0.433000 -0.410000 1.398864
v 0.430056 -0.410000 1.386700
v 0.429600 -0.410000 1.385000
v 0.429600 -0.405000 1.385000
v 0.431300 -0.410000 1.387944
v 0.430056 -0.405000 1.386700
v 0.433000 -0.410000 1.388400
v 0.431300 -0.405000 1.387944
v 0.434700 -0.410000 1.387944
v 0.433000 -0.405000 1.388400
v 0.435944 -0.410000 1.386700
v 0.434700 -0.405000 1.387944
v 0.436400 -0.410000 1.385000
v 0.435944 -0.405000 1.386700
v 0.436400 -0.405000 1.385000
v 0.435944 -0.410000 1.383300
v 0.436400 -0.410000 1.385000
v 0.436400 -0.405000 1.385000
v 0.434700 -0.410000 1.382056
v 0.435944 -0.405000 1.383300
v 0.433000 -0.410000 1.381600
v 0.434700 -0.405000 1.382056
v 0.431300 -0.410000 1.382056
v 0.433000 -0.405000 1.381600
v 0.430056 -0.410000 1.383300
v 0.431300 -0.405000 1.382056
v 0.429600 -0.410000 1.385000
v 0.430056 -0.405000 1.383300
v 0.429600 -0.405000 1.385000
v 0.435944 -0.405000 1.383300
v 0.436400 -0.405000 1.385000
v 0.435944 -0.405000 1.386700
v 0.430056 -0.405000 1.386700
v 0.429600 -0.405000 1.385000
v 0.430056 -0.405000 1.383300
v 0.434700 -0.405000 1.387944
v 0.434700 -0.405000 1.382056
v 0.431300 -0.405000 1.382056
v 0.433000 -0.405000 1.381600
v 0.431300 -0.405000 1.387944
v 0.433000 -0.405000 1.388400
v 0.386092 -0.395000 1.169962
v 0.391059 -0.395000 1.172079
v 0.384700 -0.395000 1.182056
v 0.380056 -0.395000 1.186700
v 0.353000 -0.395000 1.198932
v 0.354700 -0.395000 1.187944
v 0.383000 -0.395000 1.181600
v 0.356400 -0.395000 1.185000
v 0.355944 -0.395000 1.183300
v 0.383000 -0.395000 1.169627
v 0.392869 -0.395000 1.195049
v 0.388273 -0.395000 1.197937
v 0.384700 -0.395000 1.187944
v 0.383000 -0.395000 1.198932
v 0.381300 -0.395000 1.187944
v 0.355944 -0.395000 1.186700
v 0.353000 -0.395000 1.188400
v 0.353000 -0.395000 1.169627
v 0.354700 -0.395000 1.182056
v 0.394483 -0.395000 1.175277
v 0.385944 -0.395000 1.183300
v 0.385944 -0.395000 1.186700
v 0.396131 -0.395000 1.190598
v 0.383000 -0.395000 1.188400
v 0.381300 -0.395000 1.182056
v 0.343133 -0.395000 1.173509
v 0.351300 -0.395000 1.182056
v 0.350056 -0.395000 1.183300
v 0.396952 -0.395000 1.180110
v 0.397522 -0.395000 1.185248
v 0.386400 -0.395000 1.185000
v 0.379600 -0.395000 1.185000
v 0.380056 -0.395000 1.183300
v 0.349595 -0.395000 1.198526
v 0.344666 -0.395000 1.196292
v 0.351300 -0.395000 1.187944
v 0.338935 -0.395000 1.188047
v 0.349600 -0.395000 1.185000
v 0.350056 -0.395000 1.186700
v 0.339872 -0.395000 1.177954
v 0.347728 -0.395000 1.170623
v 0.353000 -0.395000 1.181600
v 0.340960 -0.395000 1.192513
v 0.338531 -0.395000 1.182693
v 0.380056 -0.395000 1.186700
v 0.379600 -0.395000 1.185000
v 0.379600 -0.390000 1.185000
v 0.381300 -0.395000 1.187944
v 0.380056 -0.390000 1.186700
v 0.383000 -0.395000 1.188400
v 0.381300 -0.390000 1.187944
v 0.384700 -0.395000 1.187944
v 0.383000 -0.390000 1.188400
v 0.385944 -0.395000 1.186700
v 0.384700 -0.390000 1.187944
v 0.386400 -0.395000 1.185000
v 0.385944 -0.390000 1.186700
v 0.386400 -0.390000 1.185000
v 0.385944 -0.395000 1.183300
v 0.386400 -0.395000 1.185000
v 0.386400 -0.390000 1.185000
v 0.384700 -0.395000 1.182056
v 0.385944 -0.390000 1.183300
v 0.383000 -0.395000 1.181600
v 0.384700 -0.390000 1.182056
v 0.381300 -0.395000 1.182056
v 0.383000 -0.390000 1.181600
v 0.380056 -0.395000 1.183300
v 0.381300 -0.390000 1.182056
v 0.379600 -0.395000 1.185000
v 0.380056 -0.390000 1.183300
v 0.379600 -0.390000 1.185000
v 0.385944 -0.390000 1.183300
v 0.386400 -0.390000 1.185000
v 0.385944 -0.390000 1.186700
v 0.380056 -0.390000 1.186700
v 0.379600 -0.390000 1.185000
v 0.380056 -0.390000 1.183300
v 0.384700 -0.390000 1.187944
v 0.384700 -0.390000 1.182056
v 0.381300 -0.390000 1.182056
v 0.383000 -0.390000 1.181600
v 0.381300 -0.390000 1.187944
v 0.383000 -0.390000 1.188400
v 0.350056 -0.395000 1.186700
v 0.349600 -0.395000 1.185000
v 0.349600 -0.390000 1.185000
v 0.351300 -0.395000 1.187944
v 0.350056 -0.390000 1.186700
v 0.353000 -0.395000 1.188400
v 0.351300 -0.390000 1.187944
v 0.354700 -0.395000 1.187944
v 0.353000 -0.390000 1.188400
v 0.355944 -0.395000 1.186700
v 0.354700 -0.390000 1.187944
v 0.356400 -0.395000 1.185000
v 0.355944 -0.390000 1.186700
v 0.356400 -0.390000 1.185000
v 0.355944 -0.395000 1.183300
v 0.356400 -0.395000 1.185000
v 0.356400 -0.390000 1.185000
v 0.354700 -0.395000 1.182056
v 0.355944 -0.390000 1.183300
v 0.353000 -0.395000 1.181600
v 0.354700 -0.390000 1.182056
v 0.351300 -0.395000 1.182056
v 0.353000 -0.390000 1.181600
v 0.350056 -0.395000 1.183300
v 0.351300 -0.390000 1.182056
v 0.349600 -0.395000 1.185000
v 0.350056 -0.390000 1.183300
v 0.349600 -0.390000 1.185000
v 0.351300 -0.390000 1.182056
v 0.354700 -0.390000 1.182056
v 0.355944 -0.390000 1.183300
v 0.349600 -0.390000 1.185000
v 0.354700 -0.390000 1.187944
v 0.353000 -0.390000 1.188400
v 0.353000 -0.390000 1.181600
v 0.356400 -0.390000 1.185000
v 0.350056 -0.390000 1.183300
v 0.351300 -0.390000 1.187944
v 0.355944 -0.390000 1.186700
v 0.350056 -0.390000 1.186700
v 0.197970 -0.336087 1.985362
v 0.189927 -0.339004 1.970809
v 0.201779 -0.339924 1.969884
v 0.183551 -0.342228 1.955368
v 0.195346 -0.342821 1.955825
v 0.450080 -0.365907 1.921604
v 0.451293 -0.370187 1.903565
v 0.462176 -0.369409 1.909665
v 0.207171 -0.333600 1.998368
v 0.209886 -0.337261 1.983360
v 0.461624 -0.374577 1.887367
v 0.450095 -0.374574 1.884447
v 0.447219 -0.377767 1.870028
v 0.461093 -0.365457 1.926334
v 0.448367 -0.354673 1.969339
v 0.438490 -0.355143 1.964817
v 0.443096 -0.358118 1.953230
v 0.230392 -0.329541 2.021675
v 0.217572 -0.331473 2.010133
v 0.231103 -0.332845 2.007690
v 0.219971 -0.334821 1.996388
v 0.190215 -0.369510 1.840083
v 0.197523 -0.366879 1.853221
v 0.196691 -0.366485 1.854702
v 0.200110 -0.374856 1.819676
v 0.206723 -0.371146 1.837268
v 0.458527 -0.382164 1.854046
v 0.440378 -0.381955 1.850330
v 0.435239 -0.384072 1.839947
v 0.450705 -0.373602 1.888771
v 0.451420 -0.370975 1.900218
v 0.451298 -0.370206 1.903482
v 0.447584 -0.362108 1.937266
v 0.436412 -0.353992 1.969221
v 0.440278 -0.350775 1.983996
v 0.428725 -0.350368 1.982803
v 0.420959 -0.343856 2.008748
v 0.408559 -0.340465 2.020136
v 0.407090 -0.343194 2.008063
v 0.243645 -0.331251 2.017714
v 0.243003 -0.328194 2.030655
v 0.227841 -0.388140 1.769768
v 0.225708 -0.378154 1.812047
v 0.443272 -0.409119 1.734595
v 0.346465 -0.393871 1.775358
v 0.343615 -0.393831 1.774805
v 0.447973 -0.400296 1.773621
v 0.430572 -0.385614 1.832150
v 0.442208 -0.381044 1.854700
v 0.458593 -0.361898 1.940961
v 0.454626 -0.358512 1.954467
v 0.418585 -0.346552 1.996585
v 0.431249 -0.347222 1.996932
v 0.394673 -0.337298 2.030188
v 0.394195 -0.340071 2.018176
v 0.379849 -0.337204 2.026821
v 0.365464 -0.334850 2.033256
v 0.381297 -0.334741 2.037748
v 0.257189 -0.330100 2.026093
v 0.215502 -0.374761 1.823999
v 0.217922 -0.375630 1.820889
v 0.265094 -0.406609 1.700052
v 0.367624 -0.332549 2.043670
v 0.303902 -0.326869 2.051821
v 0.302243 -0.329378 2.040644
v 0.318110 -0.330064 2.041739
v 0.257349 -0.327187 2.038620
v 0.271546 -0.329400 2.032743
v 0.237261 -0.381314 1.801437
v 0.231557 -0.379829 1.806353
v 0.293159 -0.390787 1.775031
v 0.283502 -0.389666 1.777382
v 0.260884 -0.404562 1.707760
v 0.361861 -0.393856 1.779336
v 0.377031 -0.393354 1.785348
v 0.366701 -0.393752 1.781017
v 0.391189 -0.392379 1.793132
v 0.385720 -0.392820 1.789851
v 0.351612 -0.330454 2.048580
v 0.349716 -0.332785 2.038107
v 0.334103 -0.331212 2.040880
v 0.336292 -0.328885 2.051416
v 0.320814 -0.327703 2.052546
v 0.301416 -0.326787 2.051541
v 0.287739 -0.326525 2.049187
v 0.271800 -0.326646 2.044618
v 0.286715 -0.329157 2.037645
v 0.187242 -0.353872 1.906379
v 0.188001 -0.349883 1.923676
v 0.176092 -0.349237 1.923418
v 0.174984 -0.352850 1.907646
v 0.175761 -0.356831 1.890773
v 0.308640 -0.392214 1.772848
v 0.303302 -0.391772 1.773386
v 0.339338 -0.393754 1.774050
v 0.426505 -0.386753 1.826232
v 0.190649 -0.346308 1.939676
v 0.179245 -0.345395 1.940692
v 0.187694 -0.358160 1.888109
v 0.178510 -0.360759 1.874630
v 0.188957 -0.360992 1.876288
v 0.183333 -0.364981 1.857753
v 0.249929 -0.384183 1.792354
v 0.445892 -0.404163 1.756512
v 0.404314 -0.390936 1.802657
v 0.231853 -0.390114 1.762326
v 0.263748 -0.386768 1.784787
v 0.278165 -0.388967 1.779024
v 0.246210 -0.397292 1.735201
v 0.323979 -0.393197 1.772534
v 0.416244 -0.389033 1.813850
v 0.191918 -0.363715 1.865365
v 0.450369 -0.340572 1.931260
v 0.450080 -0.365907 1.921604
v 0.447584 -0.362108 1.937266
v 0.447535 -0.341710 1.943694
v 0.443096 -0.358118 1.953230
v 0.443522 -0.342818 1.955798
v 0.438490 -0.355143 1.964817
v 0.438369 -0.343886 1.967463
v 0.436412 -0.353992 1.969221
v 0.432121 -0.344904 1.978581
v 0.428725 -0.350368 1.982803
v 0.451390 -0.368363 1.903730
v 0.450980 -0.358865 1.916750
v 0.451736 -0.361808 1.904322
v 0.452001 -0.339414 1.918613
v 0.451293 -0.370187 1.903565
v 0.418585 -0.346552 1.996585
v 0.424839 -0.345862 1.989049
v 0.190649 -0.346308 1.939676
v 0.190358 -0.341375 1.940033
v 0.191595 -0.341798 1.944652
v 0.188001 -0.349883 1.923676
v 0.188667 -0.340661 1.932240
v 0.186942 -0.339504 1.919605
v 0.187242 -0.353872 1.906379
v 0.187694 -0.358160 1.888109
v 0.187089 -0.346619 1.889002
v 0.186653 -0.342516 1.906482
v 0.186433 -0.338338 1.906863
v 0.195346 -0.342821 1.955825
v 0.206341 -0.362767 1.837816
v 0.197082 -0.358473 1.853871
v 0.197523 -0.366879 1.853221
v 0.206723 -0.371146 1.837268
v 0.217580 -0.367267 1.821380
v 0.206341 -0.362767 1.837816
v 0.206723 -0.371146 1.837268
v 0.215502 -0.374761 1.823999
v 0.217922 -0.375630 1.820889
v 0.225708 -0.378154 1.812047
v 0.231262 -0.371480 1.806793
v 0.246957 -0.375273 1.794519
v 0.237261 -0.381314 1.801437
v 0.231557 -0.379829 1.806353
v 0.264525 -0.378604 1.784704
v 0.249929 -0.384183 1.792354
v 0.263748 -0.386768 1.784787
v 0.278165 -0.388967 1.779024
v 0.283384 -0.381351 1.777722
v 0.283502 -0.389666 1.777382
v 0.293159 -0.390787 1.775031
v 0.303251 -0.383464 1.773713
v 0.323496 -0.384868 1.772840
v 0.308640 -0.392214 1.772848
v 0.303302 -0.391772 1.773386
v 0.323979 -0.393197 1.772534
v 0.339338 -0.393754 1.774050
v 0.343698 -0.385530 1.775137
v 0.343615 -0.393831 1.774805
v 0.343698 -0.385530 1.775137
v 0.343615 -0.393831 1.774805
v 0.346465 -0.393871 1.775358
v 0.346548 -0.385570 1.775689
v 0.346548 -0.385570 1.775689
v 0.346465 -0.393871 1.775358
v 0.361861 -0.393856 1.779336
v 0.366852 -0.385450 1.781367
v 0.366701 -0.393752 1.781017
v 0.377031 -0.393354 1.785348
v 0.385934 -0.384515 1.790231
v 0.403167 -0.382810 1.801921
v 0.391189 -0.392379 1.793132
v 0.385720 -0.392820 1.789851
v 0.404314 -0.390936 1.802657
v 0.416244 -0.389033 1.813850
v 0.418371 -0.380363 1.816278
v 0.426505 -0.386753 1.826232
v 0.430940 -0.377285 1.832675
v 0.440780 -0.373613 1.850919
v 0.435239 -0.384072 1.839947
v 0.430572 -0.385614 1.832150
v 0.447537 -0.369500 1.870272
v 0.442208 -0.381044 1.854700
v 0.440378 -0.381955 1.850330
v 0.447219 -0.377767 1.870028
v 0.450095 -0.374574 1.884447
v 0.450531 -0.366206 1.885157
v 0.450705 -0.373602 1.888771
v 0.451051 -0.367047 1.889363
v 0.451148 -0.365224 1.889527
v 0.451390 -0.368363 1.903730
v 0.451051 -0.367047 1.889363
v 0.451420 -0.370975 1.900218
v 0.450705 -0.373602 1.888771
v 0.451298 -0.370206 1.903482
v 0.451833 -0.362300 1.902242
v 0.451323 -0.364923 1.890860
v 0.451736 -0.361808 1.904322
v 0.451148 -0.365224 1.889527
v 0.451293 -0.370187 1.903565
v 0.191914 -0.356286 1.864862
v 0.188815 -0.357333 1.876297
v 0.188957 -0.360992 1.876288
v 0.196691 -0.366485 1.854702
v 0.197082 -0.358473 1.853871
v 0.194377 -0.357112 1.859020
v 0.191918 -0.363715 1.865365
v 0.191063 -0.353571 1.867097
v 0.187694 -0.358160 1.888109
v 0.188242 -0.349696 1.877861
v 0.187089 -0.346619 1.889002
v 0.197523 -0.366879 1.853221
v 0.189622 -0.355769 1.853738
v 0.187587 -0.351307 1.869024
v 0.191063 -0.353571 1.867097
v 0.194377 -0.357112 1.859020
v 0.194875 -0.361800 1.839045
v 0.188242 -0.349696 1.877861
v 0.187089 -0.346619 1.889002
v 0.186433 -0.338338 1.906863
v 0.186653 -0.342516 1.906482
v 0.187089 -0.346619 1.889002
v 0.186731 -0.334989 1.870284
v 0.187587 -0.351307 1.869024
v 0.186942 -0.339504 1.919605
v 0.186433 -0.338338 1.906863
v 0.188530 -0.298500 1.910527
v 0.188667 -0.340661 1.932240
v 0.189494 -0.298500 1.926960
v 0.192415 -0.298500 1.942890
v 0.191595 -0.341798 1.944652
v 0.190358 -0.341375 1.940033
v 0.424839 -0.345862 1.989049
v 0.420621 -0.298500 1.994705
v 0.429883 -0.298500 1.981807
v 0.437774 -0.298500 1.967379
v 0.438369 -0.343886 1.967463
v 0.443688 -0.298500 1.952476
v 0.443522 -0.342818 1.955798
v 0.447535 -0.341710 1.943694
v 0.447684 -0.298500 1.937366
v 0.450369 -0.340572 1.931260
v 0.449855 -0.298500 1.922186
v 0.418585 -0.346552 1.996585
v 0.409637 -0.298500 2.006623
v 0.407090 -0.343194 2.008063
v 0.394195 -0.340071 2.018176
v 0.379849 -0.337204 2.026821
v 0.383990 -0.298500 2.025802
v 0.365464 -0.334850 2.033256
v 0.349716 -0.332785 2.038107
v 0.354249 -0.298500 2.038219
v 0.334103 -0.331212 2.040880
v 0.338662 -0.298500 2.041543
v 0.318110 -0.330064 2.041739
v 0.322638 -0.298500 2.042935
v 0.302243 -0.329378 2.040644
v 0.306640 -0.298500 2.042344
v 0.275321 -0.298500 2.035255
v 0.290674 -0.298500 2.039751
v 0.286715 -0.329157 2.037645
v 0.260605 -0.298500 2.028895
v 0.271546 -0.329400 2.032743
v 0.243645 -0.331251 2.017714
v 0.243701 -0.298500 2.018642
v 0.246541 -0.298500 2.020616
v 0.231103 -0.332845 2.007690
v 0.233879 -0.298500 2.010880
v 0.222337 -0.298500 1.999503
v 0.212168 -0.298500 1.986633
v 0.219971 -0.334821 1.996388
v 0.201779 -0.339924 1.969884
v 0.203068 -0.298500 1.971429
v 0.203924 -0.298500 1.973076
v 0.197070 -0.298500 1.957869
v 0.195346 -0.342821 1.955825
v 0.209886 -0.337261 1.983360
v 0.257189 -0.330100 2.026093
v 0.369470 -0.298500 2.032948
v 0.397240 -0.298500 2.017120
v 0.452001 -0.339414 1.918613
v 0.432121 -0.344904 1.978581
v 0.452001 -0.339414 1.918613
v 0.455051 -0.335943 1.880701
v 0.451736 -0.361808 1.904322
v 0.454194 -0.351990 1.879358
v 0.453338 -0.368038 1.878016
v 0.450980 -0.358865 1.916750
v 0.186433 -0.338338 1.906863
v 0.186731 -0.334989 1.870284
v 0.188650 -0.298500 1.874151
v 0.188530 -0.298500 1.910527
v 0.189197 -0.333362 1.852514
v 0.186731 -0.334989 1.870284
v 0.187587 -0.351307 1.869024
v 0.196140 -0.331847 1.835962
v 0.189622 -0.355769 1.853738
v 0.194875 -0.361800 1.839045
v 0.197788 -0.363257 1.833538
v 0.452001 -0.339414 1.918613
v 0.449855 -0.298500 1.922186
v 0.453049 -0.298500 1.884426
v 0.455051 -0.335943 1.880701
v 0.454194 -0.351990 1.879358
v 0.455051 -0.335943 1.880701
v 0.455003 -0.334872 1.869006
v 0.454543 -0.334514 1.865094
v 0.453367 -0.370000 1.869613
v 0.453338 -0.368038 1.878016
v 0.454543 -0.334514 1.865094
v 0.452518 -0.371784 1.861744
v 0.449333 -0.354167 1.847984
v 0.448109 -0.375201 1.845972
v 0.451660 -0.372763 1.857329
v 0.453011 -0.333825 1.857569
v 0.450553 -0.333131 1.849992
v 0.453338 -0.368038 1.878016
v 0.450531 -0.366206 1.885157
v 0.451148 -0.365224 1.889527
v 0.447537 -0.369500 1.870272
v 0.453367 -0.370000 1.869613
v 0.451323 -0.364923 1.890860
v 0.451833 -0.362300 1.902242
v 0.440780 -0.373613 1.850919
v 0.452518 -0.371784 1.861744
v 0.451660 -0.372763 1.857329
v 0.448109 -0.375201 1.845972
v 0.430940 -0.377285 1.832675
v 0.445377 -0.376512 1.839658
v 0.437610 -0.379436 1.825148
v 0.418371 -0.380363 1.816278
v 0.428388 -0.381977 1.811904
v 0.403167 -0.382810 1.801921
v 0.421303 -0.383496 1.803593
v 0.417371 -0.384216 1.799508
v 0.408749 -0.385545 1.791613
v 0.385934 -0.384515 1.790231
v 0.405355 -0.385988 1.788853
v 0.392204 -0.387341 1.779705
v 0.377948 -0.388265 1.772121
v 0.366852 -0.385450 1.781367
v 0.346548 -0.385570 1.775689
v 0.362980 -0.388729 1.766324
v 0.347435 -0.388733 1.762356
v 0.344585 -0.388692 1.761808
v 0.343698 -0.385530 1.775137
v 0.323496 -0.384868 1.772840
v 0.339764 -0.388601 1.760971
v 0.324604 -0.388045 1.759501
v 0.308352 -0.387002 1.759840
v 0.303251 -0.383464 1.773713
v 0.283384 -0.381351 1.777722
v 0.292274 -0.385513 1.762136
v 0.301305 -0.386406 1.760603
v 0.276566 -0.383598 1.766354
v 0.261231 -0.381246 1.772540
v 0.279982 -0.384055 1.765263
v 0.264525 -0.378604 1.784704
v 0.259672 -0.380977 1.773294
v 0.246849 -0.378542 1.780474
v 0.246957 -0.375273 1.794519
v 0.231262 -0.371480 1.806793
v 0.233378 -0.375481 1.790176
v 0.240712 -0.377219 1.784589
v 0.217580 -0.367267 1.821380
v 0.221060 -0.372104 1.801524
v 0.223790 -0.372909 1.798766
v 0.210212 -0.368497 1.814231
v 0.200934 -0.364700 1.828153
v 0.206341 -0.362767 1.837816
v 0.197788 -0.363257 1.833538
v 0.194875 -0.361800 1.839045
v 0.194377 -0.357112 1.859020
v 0.197082 -0.358473 1.853871
v 0.451736 -0.361808 1.904322
v 0.344585 -0.388692 1.761808
v 0.347435 -0.388733 1.762356
v 0.347627 -0.369386 1.763128
v 0.344778 -0.369301 1.762582
v 0.453011 -0.333825 1.857569
v 0.451103 -0.298500 1.861008
v 0.449550 -0.315816 1.851510
v 0.448544 -0.298500 1.853026
v 0.454543 -0.334514 1.865094
v 0.452585 -0.298500 1.868451
v 0.454543 -0.334514 1.865094
v 0.455003 -0.334872 1.869006
v 0.453068 -0.298500 1.872749
v 0.455051 -0.335943 1.880701
v 0.453049 -0.298500 1.884426
v 0.450553 -0.333131 1.849992
v 0.189197 -0.333362 1.852514
v 0.196140 -0.331847 1.835962
v 0.197894 -0.298500 1.839496
v 0.186731 -0.334989 1.870284
v 0.191030 -0.298500 1.856209
v 0.188650 -0.298500 1.874151
v 0.199418 -0.331331 1.830326
v 0.196140 -0.331847 1.835962
v 0.197788 -0.363257 1.833538
v 0.207518 -0.330200 1.817981
v 0.200934 -0.364700 1.828153
v 0.210212 -0.368497 1.814231
v 0.214465 -0.329406 1.809309
v 0.222173 -0.328659 1.801146
v 0.221060 -0.372104 1.801524
v 0.223790 -0.372909 1.798766
v 0.235372 -0.327620 1.789802
v 0.233378 -0.375481 1.790176
v 0.240712 -0.377219 1.784589
v 0.238394 -0.327417 1.787584
v 0.258424 -0.326330 1.775709
v 0.246849 -0.378542 1.780474
v 0.263658 -0.330950 1.773142
v 0.263452 -0.328538 1.773315
v 0.259672 -0.380977 1.773294
v 0.265158 -0.338613 1.772234
v 0.261231 -0.381246 1.772540
v 0.276566 -0.383598 1.766354
v 0.280178 -0.359313 1.766112
v 0.273288 -0.352989 1.768574
v 0.279982 -0.384055 1.765263
v 0.268150 -0.345663 1.770761
v 0.288138 -0.364019 1.763842
v 0.292274 -0.385513 1.762136
v 0.301305 -0.386406 1.760603
v 0.301152 -0.367800 1.761339
v 0.296689 -0.366976 1.762034
v 0.308352 -0.387002 1.759840
v 0.312044 -0.368345 1.760326
v 0.305684 -0.368164 1.760805
v 0.324604 -0.388045 1.759501
v 0.323026 -0.368661 1.760199
v 0.328490 -0.368820 1.760466
v 0.339764 -0.388601 1.760971
v 0.344778 -0.369301 1.762582
v 0.344585 -0.388692 1.761808
v 0.263246 -0.326127 1.773487
v 0.264526 -0.330951 1.768869
v 0.263658 -0.330950 1.773142
v 0.265158 -0.338613 1.772234
v 0.268150 -0.345663 1.770761
v 0.268839 -0.345590 1.767190
v 0.266071 -0.338985 1.768250
v 0.273288 -0.352989 1.768574
v 0.273542 -0.352532 1.765534
v 0.279912 -0.358679 1.763572
v 0.280178 -0.359313 1.766112
v 0.288138 -0.364019 1.763842
v 0.287703 -0.363573 1.761592
v 0.305684 -0.368164 1.760805
v 0.306121 -0.368165 1.758657
v 0.305143 -0.368126 1.758753
v 0.296538 -0.366827 1.759884
v 0.296689 -0.366976 1.762034
v 0.301152 -0.367800 1.761339
v 0.347111 -0.369357 1.760522
v 0.347627 -0.369386 1.763128
v 0.352581 -0.369535 1.764174
v 0.344778 -0.369301 1.762582
v 0.326790 -0.368758 1.758157
v 0.328490 -0.368820 1.760466
v 0.315880 -0.368443 1.758058
v 0.312044 -0.368345 1.760326
v 0.323026 -0.368661 1.760199
v 0.356124 -0.369628 1.762508
v 0.368327 -0.370015 1.768822
v 0.306121 -0.368165 1.758657
v 0.305684 -0.368164 1.760805
v 0.383376 -0.370485 1.775322
v 0.383883 -0.370484 1.772607
v 0.377110 -0.370272 1.769547
v 0.352581 -0.369535 1.764174
v 0.347435 -0.388733 1.762356
v 0.362980 -0.388729 1.766324
v 0.368327 -0.370015 1.768822
v 0.377948 -0.388265 1.772121
v 0.392204 -0.387341 1.779705
v 0.384874 -0.370500 1.776092
v 0.392400 -0.369563 1.780358
v 0.405355 -0.385988 1.788853
v 0.395576 -0.368625 1.782369
v 0.400082 -0.366661 1.785450
v 0.408749 -0.385545 1.791613
v 0.406748 -0.362049 1.790541
v 0.412108 -0.356134 1.795148
v 0.417371 -0.384216 1.799508
v 0.416045 -0.349387 1.798865
v 0.421303 -0.383496 1.803593
v 0.418487 -0.342625 1.801345
v 0.423390 -0.329160 1.806619
v 0.419891 -0.334676 1.802882
v 0.420396 -0.328873 1.803490
v 0.420144 -0.331775 1.803186
v 0.428388 -0.381977 1.811904
v 0.434372 -0.330393 1.820086
v 0.437610 -0.379436 1.825148
v 0.443586 -0.331748 1.834885
v 0.449333 -0.354167 1.847984
v 0.445377 -0.376512 1.839658
v 0.448109 -0.375201 1.845972
v 0.450553 -0.333131 1.849992
v 0.383376 -0.370485 1.775322
v 0.347627 -0.369386 1.763128
v 0.391929 -0.369792 1.776800
v 0.392400 -0.369563 1.780358
v 0.395576 -0.368625 1.782369
v 0.383883 -0.370484 1.772607
v 0.384874 -0.370500 1.776092
v 0.383376 -0.370485 1.775322
v 0.406357 -0.362956 1.786040
v 0.399477 -0.367268 1.781338
v 0.400082 -0.366661 1.785450
v 0.406748 -0.362049 1.790541
v 0.408982 -0.360622 1.787990
v 0.412108 -0.356134 1.795148
v 0.412227 -0.356985 1.790531
v 0.416771 -0.349602 1.794345
v 0.416045 -0.349387 1.798865
v 0.417661 -0.347594 1.795130
v 0.418487 -0.342625 1.801345
v 0.419532 -0.341990 1.796822
v 0.419891 -0.334676 1.802882
v 0.420802 -0.334675 1.798005
v 0.420144 -0.331775 1.803186
v 0.420396 -0.328873 1.803490
v 0.420393 -0.328930 1.803477
v 0.420802 -0.334675 1.798005
v 0.419891 -0.334676 1.802882
v 0.421086 -0.331547 1.798273
v 0.420866 -0.328677 1.801089
v 0.421369 -0.328425 1.798541
v 0.264323 -0.328334 1.768952
v 0.263452 -0.328538 1.773315
v 0.263658 -0.330950 1.773142
v 0.264121 -0.325719 1.769035
v 0.263246 -0.326127 1.773487
v 0.264526 -0.330951 1.768869
v 0.263331 -0.325126 1.773599
v 0.263246 -0.326127 1.773487
v 0.264121 -0.325719 1.769035
v 0.263417 -0.324124 1.773711
v 0.264213 -0.324921 1.768997
v 0.264305 -0.324124 1.768959
v 0.284563 -0.302500 1.762335
v 0.268839 -0.345590 1.767190
v 0.273542 -0.352532 1.765534
v 0.264526 -0.330951 1.768869
v 0.266071 -0.338985 1.768250
v 0.279912 -0.358679 1.763572
v 0.264323 -0.328334 1.768952
v 0.264213 -0.324921 1.768997
v 0.264121 -0.325719 1.769035
v 0.274314 -0.313312 1.765280
v 0.277901 -0.305009 1.764157
v 0.273507 -0.307899 1.765546
v 0.271836 -0.309362 1.766114
v 0.267479 -0.314808 1.767703
v 0.264874 -0.321052 1.768728
v 0.264305 -0.324124 1.768959
v 0.291887 -0.301738 1.760713
v 0.287703 -0.363573 1.761592
v 0.315880 -0.302415 1.758058
v 0.296538 -0.366827 1.759884
v 0.305143 -0.368126 1.758753
v 0.306121 -0.368165 1.758657
v 0.351039 -0.303446 1.761314
v 0.321314 -0.302571 1.758006
v 0.326790 -0.368758 1.758157
v 0.315880 -0.368443 1.758058
v 0.379060 -0.304305 1.770386
v 0.356124 -0.369628 1.762508
v 0.347111 -0.369357 1.760522
v 0.421086 -0.331547 1.798273
v 0.414565 -0.311699 1.792454
v 0.409757 -0.307811 1.788584
v 0.421369 -0.328425 1.798541
v 0.420315 -0.322071 1.797548
v 0.417997 -0.316441 1.795430
v 0.404113 -0.305517 1.784443
v 0.417661 -0.347594 1.795130
v 0.419532 -0.341990 1.796822
v 0.408982 -0.360622 1.787990
v 0.412227 -0.356985 1.790531
v 0.416771 -0.349602 1.794345
v 0.420802 -0.334675 1.798005
v 0.406357 -0.362956 1.786040
v 0.391929 -0.369792 1.776800
v 0.399477 -0.367268 1.781338
v 0.383883 -0.370484 1.772607
v 0.377110 -0.370272 1.769547
v 0.400071 -0.304974 1.781722
v 0.284563 -0.302500 1.762335
v 0.291887 -0.301738 1.760713
v 0.290483 -0.301739 1.768223
v 0.285712 -0.302013 1.769294
v 0.278802 -0.303926 1.770948
v 0.272842 -0.307385 1.772426
v 0.273507 -0.307899 1.765546
v 0.277901 -0.305009 1.764157
v 0.271836 -0.309362 1.766114
v 0.267994 -0.312272 1.773546
v 0.267479 -0.314808 1.767703
v 0.264851 -0.317928 1.774011
v 0.263417 -0.324124 1.773711
v 0.264305 -0.324124 1.768959
v 0.264874 -0.321052 1.768728
v 0.420866 -0.328677 1.801089
v 0.420393 -0.328930 1.803477
v 0.419775 -0.324494 1.803587
v 0.418017 -0.319065 1.802729
v 0.420315 -0.322071 1.797548
v 0.421369 -0.328425 1.798541
v 0.414700 -0.313483 1.800478
v 0.417997 -0.316441 1.795430
v 0.414565 -0.311699 1.792454
v 0.409757 -0.307811 1.788584
v 0.410031 -0.308951 1.797077
v 0.404780 -0.306159 1.793288
v 0.398594 -0.304972 1.788996
v 0.404113 -0.305517 1.784443
v 0.400071 -0.304974 1.781722
v 0.363741 -0.303873 1.772074
v 0.369831 -0.298500 1.775002
v 0.354093 -0.298500 1.770125
v 0.347844 -0.303392 1.768040
v 0.379062 -0.304347 1.778006
v 0.384876 -0.298501 1.781755
v 0.393577 -0.304809 1.785757
v 0.395825 -0.298501 1.788158
v 0.399035 -0.298501 1.790307
v 0.398594 -0.304972 1.788996
v 0.404780 -0.306159 1.793288
v 0.411680 -0.298500 1.800191
v 0.419775 -0.324494 1.803587
v 0.420393 -0.328930 1.803477
v 0.420396 -0.328873 1.803490
v 0.423467 -0.298500 1.811935
v 0.418017 -0.319065 1.802729
v 0.410031 -0.308951 1.797077
v 0.414700 -0.313483 1.800478
v 0.423390 -0.329160 1.806619
v 0.434372 -0.330393 1.820086
v 0.433660 -0.298500 1.824931
v 0.443586 -0.331748 1.834885
v 0.442056 -0.298500 1.838790
v 0.449550 -0.315816 1.851510
v 0.450553 -0.333131 1.849992
v 0.448544 -0.298500 1.853026
v 0.347795 -0.298500 1.768743
v 0.339247 -0.303135 1.766529
v 0.344946 -0.298500 1.768188
v 0.328681 -0.298500 1.766028
v 0.322936 -0.302658 1.765136
v 0.344994 -0.303307 1.767497
v 0.301078 -0.298500 1.766860
v 0.301054 -0.302034 1.766351
v 0.306470 -0.302186 1.765720
v 0.323053 -0.298500 1.765741
v 0.312288 -0.298500 1.765843
v 0.295983 -0.298500 1.767635
v 0.279902 -0.298500 1.771411
v 0.285712 -0.302013 1.769294
v 0.290483 -0.301739 1.768223
v 0.278802 -0.303926 1.770948
v 0.196140 -0.331847 1.835962
v 0.199418 -0.331331 1.830326
v 0.200916 -0.298500 1.834204
v 0.203366 -0.298500 1.830084
v 0.207518 -0.330200 1.817981
v 0.208867 -0.298500 1.821878
v 0.223921 -0.298500 1.804425
v 0.212826 -0.298500 1.816680
v 0.214465 -0.329406 1.809309
v 0.222173 -0.328659 1.801146
v 0.235372 -0.327620 1.789802
v 0.236168 -0.298500 1.793801
v 0.238394 -0.327417 1.787584
v 0.240095 -0.298500 1.790896
v 0.258424 -0.326330 1.775709
v 0.259066 -0.298500 1.779586
v 0.250061 -0.298500 1.784435
v 0.264598 -0.298500 1.777023
v 0.272842 -0.307385 1.772426
v 0.267994 -0.312272 1.773546
v 0.264851 -0.317928 1.774011
v 0.263417 -0.324124 1.773711
v 0.263246 -0.326127 1.773487
v 0.263331 -0.325126 1.773599
v 0.197894 -0.298500 1.839496
v 0.291887 -0.301738 1.760713
v 0.315880 -0.302415 1.758058
v 0.306470 -0.302186 1.765720
v 0.351039 -0.303446 1.761314
v 0.347844 -0.303392 1.768040
v 0.344994 -0.303307 1.767497
v 0.379060 -0.304305 1.770386
v 0.363741 -0.303873 1.772074
v 0.301054 -0.302034 1.766351
v 0.322936 -0.302658 1.765136
v 0.321314 -0.302571 1.758006
v 0.339247 -0.303135 1.766529
v 0.400071 -0.304974 1.781722
v 0.393577 -0.304809 1.785757
v 0.379062 -0.304347 1.778006
v 0.398594 -0.304972 1.788996
v 0.290483 -0.301739 1.768223
v 0.347844 -0.303392 1.768040
v 0.347795 -0.298500 1.768743
v 0.344946 -0.298500 1.768188
v 0.344994 -0.303307 1.767497
v 0.426521 -0.298500 1.966500
v 0.438809 -0.298500 1.936835
v 0.443688 -0.298500 1.952476
v 0.406974 -0.298500 1.991974
v 0.429883 -0.298500 1.981807
v 0.201191 -0.298500 1.936835
v 0.213479 -0.298500 1.966500
v 0.197070 -0.298500 1.957869
v 0.233026 -0.298500 1.818026
v 0.213479 -0.298500 1.843500
v 0.208867 -0.298500 1.821878
v 0.449855 -0.298500 1.922186
v 0.443000 -0.298500 1.905000
v 0.447684 -0.298500 1.937366
v 0.437774 -0.298500 1.967379
v 0.409637 -0.298500 2.006623
v 0.397240 -0.298500 2.017120
v 0.258500 -0.298500 2.011521
v 0.243701 -0.298500 2.018642
v 0.233879 -0.298500 2.010880
v 0.203068 -0.298500 1.971429
v 0.197000 -0.298500 1.905000
v 0.189494 -0.298500 1.926960
v 0.201191 -0.298500 1.873165
v 0.191030 -0.298500 1.856209
v 0.212826 -0.298500 1.816680
v 0.453049 -0.298500 1.884426
v 0.420621 -0.298500 1.994705
v 0.381500 -0.298500 2.011521
v 0.383990 -0.298500 2.025802
v 0.369470 -0.298500 2.032948
v 0.320000 -0.298500 2.028000
v 0.351835 -0.298500 2.023809
v 0.338662 -0.298500 2.041543
v 0.288165 -0.298500 2.023809
v 0.275321 -0.298500 2.035255
v 0.260605 -0.298500 2.028895
v 0.233026 -0.298500 1.991974
v 0.212168 -0.298500 1.986633
v 0.203924 -0.298500 1.973076
v 0.192415 -0.298500 1.942890
v 0.188650 -0.298500 1.874151
v 0.203366 -0.298500 1.830084
v 0.223921 -0.298500 1.804425
v 0.236168 -0.298500 1.793801
v 0.320000 -0.298500 1.782000
v 0.328681 -0.298500 1.766028
v 0.344946 -0.298500 1.768188
v 0.354249 -0.298500 2.038219
v 0.306640 -0.298500 2.042344
v 0.246541 -0.298500 2.020616
v 0.222337 -0.298500 1.999503
v 0.188530 -0.298500 1.910527
v 0.197894 -0.298500 1.839496
v 0.200916 -0.298500 1.834204
v 0.258500 -0.298500 1.798479
v 0.288165 -0.298500 1.786191
v 0.264598 -0.298500 1.777023
v 0.301078 -0.298500 1.766860
v 0.323053 -0.298500 1.765741
v 0.406974 -0.298500 1.818026
v 0.381500 -0.298500 1.798479
v 0.399035 -0.298501 1.790307
v 0.426521 -0.298500 1.843500
v 0.442056 -0.298500 1.838790
v 0.448544 -0.298500 1.853026
v 0.322638 -0.298500 2.042935
v 0.290674 -0.298500 2.039751
v 0.240095 -0.298500 1.790896
v 0.259066 -0.298500 1.779586
v 0.312288 -0.298500 1.765843
v 0.279902 -0.298500 1.771411
v 0.295983 -0.298500 1.767635
v 0.351835 -0.298500 1.786191
v 0.369831 -0.298500 1.775002
v 0.411680 -0.298500 1.800191
v 0.423467 -0.298500 1.811935
v 0.433660 -0.298500 1.824931
v 0.438809 -0.298500 1.873165
v 0.250061 -0.298500 1.784435
v 0.347795 -0.298500 1.768743
v 0.354093 -0.298500 1.770125
v 0.395825 -0.298501 1.788158
v 0.451103 -0.298500 1.861008
v 0.384876 -0.298501 1.781755
v 0.452585 -0.298500 1.868451
v 0.453068 -0.298500 1.872749
v 0.201191 -0.298500 1.936835
v 0.197000 -0.298500 1.905000
v 0.197000 -0.293000 1.905000
v 0.213479 -0.298500 1.966500
v 0.201191 -0.293000 1.936835
v 0.233026 -0.298500 1.991974
v 0.213479 -0.293000 1.966500
v 0.258500 -0.298500 2.011521
v 0.233026 -0.293000 1.991974
v 0.288165 -0.298500 2.023809
v 0.258500 -0.293000 2.011521
v 0.320000 -0.298500 2.028000
v 0.288165 -0.293000 2.023809
v 0.351835 -0.298500 2.023809
v 0.320000 -0.293000 2.028000
v 0.381500 -0.298500 2.011521
v 0.351835 -0.293000 2.023809
v 0.406974 -0.298500 1.991974
v 0.381500 -0.293000 2.011521
v 0.426521 -0.298500 1.966500
v 0.406974 -0.293000 1.991974
v 0.438809 -0.298500 1.936835
v 0.426521 -0.293000 1.966500
v 0.443000 -0.298500 1.905000
v 0.438809 -0.293000 1.936835
v 0.443000 -0.293000 1.905000
v 0.438809 -0.298500 1.873165
v 0.443000 -0.298500 1.905000
v 0.443000 -0.293000 1.905000
v 0.426521 -0.298500 1.843500
v 0.438809 -0.293000 1.873165
v 0.406974 -0.298500 1.818026
v 0.426521 -0.293000 1.843500
v 0.381500 -0.298500 1.798479
v 0.406974 -0.293000 1.818026
v 0.351835 -0.298500 1.786191
v 0.381500 -0.293000 1.798479
v 0.320000 -0.298500 1.782000
v 0.351835 -0.293000 1.786191
v 0.288165 -0.298500 1.786191
v 0.320000 -0.293000 1.782000
v 0.258500 -0.298500 1.798479
v 0.288165 -0.293000 1.786191
v 0.233026 -0.298500 1.818026
v 0.258500 -0.293000 1.798479
v 0.213479 -0.298500 1.843500
v 0.233026 -0.293000 1.818026
v 0.201191 -0.298500 1.873165
v 0.213479 -0.293000 1.843500
v 0.197000 -0.298500 1.905000
v 0.201191 -0.293000 1.873165
v 0.197000 -0.293000 1.905000
v 0.426521 -0.293000 1.843500
v 0.406974 -0.293000 1.991974
v 0.381500 -0.293000 2.011521
v 0.438809 -0.293000 1.936835
v 0.438809 -0.293000 1.873165
v 0.233026 -0.293000 1.991974
v 0.233026 -0.293000 1.818026
v 0.258500 -0.293000 1.798479
v 0.213479 -0.293000 1.843500
v 0.201191 -0.293000 1.936835
v 0.197000 -0.293000 1.905000
v 0.213479 -0.293000 1.966500
v 0.426521 -0.293000 1.966500
v 0.443000 -0.293000 1.905000
v 0.351835 -0.293000 2.023809
v 0.351835 -0.293000 1.786191
v 0.381500 -0.293000 1.798479
v 0.406974 -0.293000 1.818026
v 0.201191 -0.293000 1.873165
v 0.288165 -0.293000 1.786191
v 0.288165 -0.293000 2.023809
v 0.258500 -0.293000 2.011521
v 0.320000 -0.293000 2.028000
v 0.320000 -0.293000 1.782000
v 0.422992 -0.366464 1.001073
v 0.357595 -0.367786 1.020434
v 0.355168 -0.367402 1.019198
v 0.360991 -0.368595 1.023486
v 0.431510 -0.373771 1.038702
v 0.372219 -0.375092 1.056829
v 0.367823 -0.372571 1.042451
v 0.427114 -0.371249 1.024324
v 0.363447 -0.369669 1.028140
v 0.422738 -0.368345 1.010013
v 0.372635 -0.375371 1.058591
v 0.422127 -0.367469 1.005919
v 0.433953 -0.374524 1.043338
v 0.372522 -0.376142 1.063847
v 0.353007 -0.367156 1.018547
v 0.425491 -0.365633 0.996816
v 0.319178 -0.371110 1.043915
v 0.336671 -0.370266 1.036326
v 0.341046 -0.373168 1.050638
v 0.325029 -0.374381 1.060420
v 0.345442 -0.375689 1.065015
v 0.329156 -0.377104 1.077086
v 0.311430 -0.367164 1.027231
v 0.336059 -0.369390 1.032233
v 0.336925 -0.368386 1.027386
v 0.339423 -0.367556 1.023129
v 0.347885 -0.376441 1.069652
v 0.300838 -0.362074 1.009128
v 0.341363 -0.367225 1.021262
v 0.290139 -0.357110 0.994035
v 0.343279 -0.367025 1.019984
v 0.348016 -0.366884 1.018383
v 0.427430 -0.365302 0.994948
v 0.429346 -0.365102 0.993671
v 0.498086 -0.352503 0.930627
v 0.434083 -0.364962 0.992069
v 0.498585 -0.357477 0.948025
v 0.498879 -0.363051 0.970241
v 0.439074 -0.365233 0.992233
v 0.443663 -0.365864 0.994121
v 0.441236 -0.365479 0.992885
v 0.447058 -0.366674 0.997173
v 0.449515 -0.367748 1.001826
v 0.498214 -0.369622 1.002358
v 0.497081 -0.373409 1.026058
v 0.458286 -0.373175 1.030515
v 0.453890 -0.370652 1.016138
v 0.458703 -0.373454 1.032278
v 0.496340 -0.375023 1.038272
v 0.458589 -0.374225 1.037533
v 0.493867 -0.378327 1.072121
v 0.456552 -0.374858 1.042366
v 0.448120 -0.375486 1.048233
v 0.452139 -0.375343 1.046591
v 0.452892 -0.375292 1.046102
v 0.370485 -0.376775 1.068679
v 0.442892 -0.375422 1.048464
v 0.445595 -0.375488 1.048591
v 0.437935 -0.375094 1.046754
v 0.438885 -0.375181 1.047252
v 0.331995 -0.381913 1.121480
v 0.362053 -0.377402 1.074546
v 0.366071 -0.377258 1.072904
v 0.366824 -0.377208 1.072416
v 0.356824 -0.377338 1.074778
v 0.359528 -0.377404 1.074905
v 0.331525 -0.379309 1.093830
v 0.351868 -0.377010 1.073068
v 0.352818 -0.377098 1.073565
v 0.332255 -0.381202 1.112518
v 0.336059 -0.363000 1.032233
v 0.336059 -0.369390 1.032233
v 0.336925 -0.368386 1.027386
v 0.341366 -0.363000 1.021259
v 0.337054 -0.363000 1.027049
v 0.339423 -0.367556 1.023129
v 0.347990 -0.363000 1.018387
v 0.343279 -0.367025 1.019984
v 0.341363 -0.367225 1.021262
v 0.348016 -0.366884 1.018383
v 0.353007 -0.367156 1.018547
v 0.355164 -0.363000 1.019197
v 0.355168 -0.367402 1.019198
v 0.357595 -0.367786 1.020434
v 0.360980 -0.363000 1.023473
v 0.363447 -0.363000 1.028140
v 0.360991 -0.368595 1.023486
v 0.363447 -0.369669 1.028140
v 0.360980 -0.363000 1.023473
v 0.337054 -0.363000 1.027049
v 0.341366 -0.363000 1.021259
v 0.372819 -0.363000 1.061480
v 0.359528 -0.363000 1.074905
v 0.352819 -0.363000 1.073566
v 0.370884 -0.363000 1.068043
v 0.366071 -0.363000 1.072904
v 0.347990 -0.363000 1.018387
v 0.336059 -0.363000 1.032233
v 0.347545 -0.363000 1.069207
v 0.355164 -0.363000 1.019197
v 0.336671 -0.363000 1.036326
v 0.363447 -0.363000 1.028140
v 0.372219 -0.363000 1.056829
v 0.345442 -0.363000 1.065015
v 0.363447 -0.363000 1.028140
v 0.363447 -0.369669 1.028140
v 0.367823 -0.372571 1.042451
v 0.372219 -0.363000 1.056829
v 0.372219 -0.375092 1.056829
v 0.372819 -0.363000 1.061480
v 0.372219 -0.363000 1.056829
v 0.372219 -0.375092 1.056829
v 0.372635 -0.375371 1.058591
v 0.370884 -0.363000 1.068043
v 0.372522 -0.376142 1.063847
v 0.366071 -0.363000 1.072904
v 0.370485 -0.376775 1.068679
v 0.366824 -0.377208 1.072416
v 0.366071 -0.377258 1.072904
v 0.362053 -0.377402 1.074546
v 0.359528 -0.363000 1.074905
v 0.352819 -0.363000 1.073566
v 0.356824 -0.377338 1.074778
v 0.359528 -0.377404 1.074905
v 0.351868 -0.377010 1.073068
v 0.347885 -0.376441 1.069652
v 0.352818 -0.377098 1.073565
v 0.347545 -0.363000 1.069207
v 0.345442 -0.375689 1.065015
v 0.345442 -0.363000 1.065015
v 0.336671 -0.363000 1.036326
v 0.345442 -0.363000 1.065015
v 0.341046 -0.373168 1.050638
v 0.345442 -0.375689 1.065015
v 0.336671 -0.370266 1.036326
v 0.336671 -0.363000 1.036326
v 0.336671 -0.370266 1.036326
v 0.336059 -0.369390 1.032233
v 0.336059 -0.363000 1.032233
v 0.422127 -0.363000 1.005919
v 0.422127 -0.367469 1.005919
v 0.422992 -0.366464 1.001073
v 0.427434 -0.363000 0.994945
v 0.423122 -0.363000 1.000735
v 0.425491 -0.365633 0.996816
v 0.434057 -0.363000 0.992073
v 0.429346 -0.365102 0.993671
v 0.427430 -0.365302 0.994948
v 0.434083 -0.364962 0.992069
v 0.439074 -0.365233 0.992233
v 0.441231 -0.363000 0.992883
v 0.441236 -0.365479 0.992885
v 0.443663 -0.365864 0.994121
v 0.447048 -0.363000 0.997160
v 0.449515 -0.363000 1.001826
v 0.447058 -0.366674 0.997173
v 0.449515 -0.367748 1.001826
v 0.441231 -0.363000 0.992883
v 0.423122 -0.363000 1.000735
v 0.427434 -0.363000 0.994945
v 0.452138 -0.363000 1.046591
v 0.445596 -0.363000 1.048591
v 0.438886 -0.363000 1.047252
v 0.433613 -0.363000 1.042894
v 0.458887 -0.363000 1.035167
v 0.456952 -0.363000 1.041729
v 0.434057 -0.363000 0.992073
v 0.447048 -0.363000 0.997160
v 0.449515 -0.363000 1.001826
v 0.422127 -0.363000 1.005919
v 0.458286 -0.363000 1.030515
v 0.431510 -0.363000 1.038702
v 0.422738 -0.363000 1.010013
v 0.449515 -0.363000 1.001826
v 0.449515 -0.367748 1.001826
v 0.453890 -0.370652 1.016138
v 0.458286 -0.363000 1.030515
v 0.458286 -0.373175 1.030515
v 0.458887 -0.363000 1.035167
v 0.458286 -0.363000 1.030515
v 0.458286 -0.373175 1.030515
v 0.458703 -0.373454 1.032278
v 0.456952 -0.363000 1.041729
v 0.458589 -0.374225 1.037533
v 0.452138 -0.363000 1.046591
v 0.456552 -0.374858 1.042366
v 0.452892 -0.375292 1.046102
v 0.452139 -0.375343 1.046591
v 0.448120 -0.375486 1.048233
v 0.445596 -0.363000 1.048591
v 0.438886 -0.363000 1.047252
v 0.442892 -0.375422 1.048464
v 0.445595 -0.375488 1.048591
v 0.437935 -0.375094 1.046754
v 0.433953 -0.374524 1.043338
v 0.438885 -0.375181 1.047252
v 0.433613 -0.363000 1.042894
v 0.431510 -0.373771 1.038702
v 0.431510 -0.363000 1.038702
v 0.422738 -0.363000 1.010013
v 0.431510 -0.363000 1.038702
v 0.427114 -0.371249 1.024324
v 0.431510 -0.373771 1.038702
v 0.422738 -0.368345 1.010013
v 0.422738 -0.363000 1.010013
v 0.422738 -0.368345 1.010013
v 0.422127 -0.367469 1.005919
v 0.422127 -0.363000 1.005919
v 0.408136 -0.165523 1.309230
v 0.373284 -0.175657 1.460551
v 0.373194 -0.175801 1.462693
v 0.391229 -0.189196 1.662701
v 0.370997 -0.177805 1.492612
v 0.328202 -0.173452 1.427619
v 0.286549 -0.167755 1.342564
v 0.286492 -0.167758 1.342595
v 0.278903 -0.174613 1.444951
v 0.302491 -0.177612 1.489729
v 0.302581 -0.177468 1.487588
v 0.288809 -0.167654 1.341056
v 0.304778 -0.175464 1.457668
v 0.262596 -0.189343 1.664890
v 0.303396 -0.178161 1.497939
v 0.372379 -0.175108 1.452342
v 0.359563 -0.173795 1.432737
v 0.364956 -0.174132 1.437774
v 0.290857 -0.167522 1.339080
v 0.293659 -0.167205 1.334341
v 0.292534 -0.167364 1.336725
v 0.316212 -0.179474 1.517543
v 0.310819 -0.179137 1.512507
v 0.369412 -0.178346 1.500694
v 0.352436 -0.173519 1.428626
v 0.309831 -0.174422 1.442111
v 0.306363 -0.174923 1.449586
v 0.323339 -0.179750 1.521655
v 0.347573 -0.179817 1.522662
v 0.339469 -0.179927 1.524297
v 0.360798 -0.179277 1.514597
v 0.354248 -0.179614 1.519625
v 0.365944 -0.178847 1.508169
v 0.369536 -0.174588 1.444584
v 0.314977 -0.173992 1.435684
v 0.321527 -0.173655 1.430655
v 0.306239 -0.178681 1.505696
v 0.336307 -0.173342 1.425984
v 0.290471 -0.189638 1.669305
v 0.331259 -0.179904 1.523953
v 0.344516 -0.173365 1.426328
v 0.294623 -0.166841 1.328913
v 0.292082 -0.166276 1.320478
v 0.294241 -0.166617 1.325559
v 0.349529 -0.189638 1.669305
v 0.291647 -0.190199 1.677674
v 0.288965 -0.165523 1.309230
v 0.288421 -0.166015 1.316579
v 0.397394 -0.189580 1.668439
v 0.402664 -0.189683 1.669974
v 0.348353 -0.190199 1.677674
v 0.391988 -0.189517 1.667492
v 0.408245 -0.189820 1.672012
v 0.414552 -0.167241 1.334876
v 0.413397 -0.166897 1.329750
v 0.417216 -0.166162 1.318771
v 0.419246 -0.166032 1.316836
v 0.414375 -0.166479 1.323506
v 0.415514 -0.166320 1.321128
v 0.413377 -0.166841 1.328913
v 0.492367 -0.165523 1.309230
v 0.443658 -0.167205 1.334343
v 0.442533 -0.167364 1.336726
v 0.455472 -0.191420 1.695912
v 0.440836 -0.167524 1.339105
v 0.438808 -0.167654 1.341056
v 0.421556 -0.165930 1.315314
v 0.416990 -0.167510 1.338900
v 0.436513 -0.167757 1.342584
v 0.426846 -0.165815 1.313586
v 0.432037 -0.165825 1.313734
v 0.421248 -0.167748 1.342451
v 0.444623 -0.166841 1.328913
v 0.432051 -0.167865 1.344198
v 0.426480 -0.167871 1.344294
v 0.443926 -0.166538 1.324379
v 0.429836 -0.190447 1.681378
v 0.441360 -0.166209 1.319470
v 0.437227 -0.165961 1.315765
v 0.408344 -0.150752 1.088682
v 0.417115 -0.156101 1.168553
v 0.419182 -0.155969 1.166578
v 0.414273 -0.156420 1.173309
v 0.415426 -0.156258 1.170898
v 0.413295 -0.156841 1.179594
v 0.413275 -0.156783 1.178735
v 0.414457 -0.157185 1.184737
v 0.418836 -0.150529 1.085349
v 0.425946 -0.155760 1.163456
v 0.421460 -0.155868 1.165072
v 0.440937 -0.157469 1.188966
v 0.438872 -0.157602 1.190957
v 0.443760 -0.157148 1.184183
v 0.442622 -0.157310 1.186599
v 0.431531 -0.155754 1.163362
v 0.427002 -0.150336 1.082466
v 0.466374 -0.149148 1.064728
v 0.416946 -0.157459 1.188828
v 0.436610 -0.157703 1.192469
v 0.519109 -0.146753 1.028962
v 0.444725 -0.156783 1.178735
v 0.436790 -0.155878 1.165210
v 0.502629 -0.147617 1.041872
v 0.432071 -0.157814 1.194120
v 0.421229 -0.157697 1.192379
v 0.443834 -0.156439 1.173601
v 0.426482 -0.157820 1.194219
v 0.520851 -0.144993 1.002690
v 0.520916 -0.143341 0.978025
v 0.491265 -0.143341 0.978025
v 0.441074 -0.156116 1.168774
v 0.474633 -0.144303 0.992390
v 0.519267 -0.146642 1.027305
v 0.389397 -0.160963 1.241142
v 0.389306 -0.161106 1.243284
v 0.320891 -0.160770 1.238259
v 0.322475 -0.160229 1.230177
v 0.318603 -0.162917 1.270320
v 0.318694 -0.162774 1.268179
v 0.387109 -0.163110 1.273203
v 0.388000 -0.154859 1.150000
v 0.388491 -0.160413 1.232933
v 0.319852 -0.147740 1.043712
v 0.298092 -0.149814 1.074671
v 0.298804 -0.150106 1.079039
v 0.292091 -0.148002 1.047624
v 0.308783 -0.147387 1.038431
v 0.290526 -0.146839 1.030248
v 0.375676 -0.159100 1.213328
v 0.381069 -0.159437 1.218364
v 0.319509 -0.163467 1.278529
v 0.332324 -0.164780 1.298134
v 0.326931 -0.164443 1.293098
v 0.296790 -0.143341 0.978025
v 0.267668 -0.143962 0.987289
v 0.267796 -0.143977 0.987524
v 0.326437 -0.151611 1.101507
v 0.385525 -0.163651 1.281285
v 0.368548 -0.158825 1.209217
v 0.338000 -0.154859 1.150000
v 0.339452 -0.165055 1.302245
v 0.266462 -0.143816 0.985110
v 0.293669 -0.148406 1.053643
v 0.286931 -0.146881 1.030879
v 0.338000 -0.152850 1.120000
v 0.388000 -0.152850 1.120000
v 0.372250 -0.151318 1.097126
v 0.385860 -0.151140 1.094477
v 0.376911 -0.164583 1.295188
v 0.370361 -0.164919 1.300216
v 0.382057 -0.164152 1.288760
v 0.385648 -0.159894 1.225175
v 0.331089 -0.159297 1.216274
v 0.337639 -0.158961 1.211246
v 0.325943 -0.159728 1.222702
v 0.322352 -0.163986 1.286287
v 0.281841 -0.145968 1.017253
v 0.262358 -0.143341 0.978025
v 0.301010 -0.151318 1.097129
v 0.301895 -0.152239 1.110875
v 0.363686 -0.165123 1.303252
v 0.352419 -0.158648 1.206575
v 0.360628 -0.158671 1.206918
v 0.344314 -0.158757 1.208210
v 0.355581 -0.165232 1.304887
v 0.277549 -0.145293 1.007167
v 0.267803 -0.143978 0.987536
v 0.343828 -0.151554 1.100654
v 0.301326 -0.154357 1.142510
v 0.323000 -0.153854 1.135000
v 0.300703 -0.154920 1.150920
v 0.300087 -0.155477 1.159229
v 0.347372 -0.165209 1.304544
v 0.302108 -0.152864 1.120216
v 0.299359 -0.156134 1.169044
v 0.403000 -0.153854 1.135000
v 0.388000 -0.154854 1.120000
v 0.388000 -0.152850 1.120000
v 0.338000 -0.152850 1.120000
v 0.338000 -0.154854 1.120000
v 0.338000 -0.154854 1.120000
v 0.338000 -0.152850 1.120000
v 0.323000 -0.153854 1.135000
v 0.323000 -0.155859 1.135000
v 0.338000 -0.154859 1.150000
v 0.338000 -0.156863 1.150000
v 0.323000 -0.155859 1.135000
v 0.323000 -0.153854 1.135000
v 0.338000 -0.156863 1.150000
v 0.338000 -0.154859 1.150000
v 0.388000 -0.154859 1.150000
v 0.388000 -0.156863 1.150000
v 0.388000 -0.154859 1.150000
v 0.403000 -0.153854 1.135000
v 0.403000 -0.155859 1.135000
v 0.388000 -0.156863 1.150000
v 0.388000 -0.154854 1.120000
v 0.403000 -0.155859 1.135000
v 0.403000 -0.153854 1.135000
v 0.388000 -0.152850 1.120000
v 0.302145 -0.182447 1.487099
v 0.302581 -0.177468 1.487588
v 0.302491 -0.177612 1.489729
v 0.303396 -0.178161 1.497939
v 0.306239 -0.178681 1.505696
v 0.304978 -0.183551 1.503598
v 0.310819 -0.179137 1.512507
v 0.308787 -0.183994 1.510200
v 0.316212 -0.179474 1.517543
v 0.313538 -0.184345 1.515452
v 0.323339 -0.179750 1.521655
v 0.326902 -0.184847 1.522944
v 0.319723 -0.184643 1.519900
v 0.339469 -0.179927 1.524297
v 0.342783 -0.184909 1.523860
v 0.335235 -0.184941 1.524346
v 0.347573 -0.179817 1.522662
v 0.350143 -0.184765 1.521712
v 0.354248 -0.179614 1.519625
v 0.360798 -0.179277 1.514597
v 0.362206 -0.184203 1.513321
v 0.356935 -0.184512 1.517943
v 0.365944 -0.178847 1.508169
v 0.366636 -0.183807 1.507415
v 0.370997 -0.177805 1.492612
v 0.371433 -0.182787 1.492187
v 0.369875 -0.183326 1.500227
v 0.369412 -0.178346 1.500694
v 0.331259 -0.179904 1.523953
v 0.302600 -0.183029 1.495790
v 0.371433 -0.182787 1.492187
v 0.370997 -0.177805 1.492612
v 0.373194 -0.175801 1.462693
v 0.373630 -0.180784 1.462268
v 0.373175 -0.180202 1.453577
v 0.373630 -0.180784 1.462268
v 0.373284 -0.175657 1.460551
v 0.373194 -0.175801 1.462693
v 0.369536 -0.174588 1.444584
v 0.364956 -0.174132 1.437774
v 0.366988 -0.179237 1.439166
v 0.359563 -0.173795 1.432737
v 0.362237 -0.178885 1.433914
v 0.352436 -0.173519 1.428626
v 0.348874 -0.178383 1.426423
v 0.356052 -0.178587 1.429467
v 0.336307 -0.173342 1.425984
v 0.332992 -0.178322 1.425507
v 0.340540 -0.178289 1.425020
v 0.328202 -0.173452 1.427619
v 0.325632 -0.178466 1.427655
v 0.321527 -0.173655 1.430655
v 0.321828 -0.178590 1.429519
v 0.314977 -0.173992 1.435684
v 0.313569 -0.179028 1.436045
v 0.318840 -0.178718 1.431424
v 0.306363 -0.174923 1.449586
v 0.305900 -0.179904 1.449140
v 0.309139 -0.179423 1.441952
v 0.304778 -0.175464 1.457668
v 0.304342 -0.180443 1.457179
v 0.309831 -0.174422 1.442111
v 0.344516 -0.173365 1.426328
v 0.370797 -0.179679 1.445768
v 0.372379 -0.175108 1.452342
v 0.304778 -0.175464 1.457668
v 0.302581 -0.177468 1.487588
v 0.302145 -0.182447 1.487099
v 0.304342 -0.180443 1.457179
v 0.319723 -0.184643 1.519900
v 0.326902 -0.184847 1.522944
v 0.335235 -0.184941 1.524346
v 0.313538 -0.184345 1.515452
v 0.342783 -0.184909 1.523860
v 0.350143 -0.184765 1.521712
v 0.356052 -0.178587 1.429467
v 0.348874 -0.178383 1.426423
v 0.340540 -0.178289 1.425020
v 0.332992 -0.178322 1.425507
v 0.362237 -0.178885 1.433914
v 0.356935 -0.184512 1.517943
v 0.362206 -0.184203 1.513321
v 0.302145 -0.182447 1.487099
v 0.302600 -0.183029 1.495790
v 0.325632 -0.178466 1.427655
v 0.373630 -0.180784 1.462268
v 0.373175 -0.180202 1.453577
v 0.308787 -0.183994 1.510200
v 0.304978 -0.183551 1.503598
v 0.366636 -0.183807 1.507415
v 0.309139 -0.179423 1.441952
v 0.305900 -0.179904 1.449140
v 0.366988 -0.179237 1.439166
v 0.370797 -0.179679 1.445768
v 0.313569 -0.179028 1.436045
v 0.318840 -0.178718 1.431424
v 0.304342 -0.180443 1.457179
v 0.321828 -0.178590 1.429519
v 0.371433 -0.182787 1.492187
v 0.369875 -0.183326 1.500227
v 0.318257 -0.167752 1.267690
v 0.318694 -0.162774 1.268179
v 0.318603 -0.162917 1.270320
v 0.319509 -0.163467 1.278529
v 0.322352 -0.163986 1.286287
v 0.321090 -0.168857 1.284189
v 0.326931 -0.164443 1.293098
v 0.324900 -0.169299 1.290791
v 0.332324 -0.164780 1.298134
v 0.329651 -0.169651 1.296043
v 0.339452 -0.165055 1.302245
v 0.343014 -0.170153 1.303535
v 0.335835 -0.169949 1.300491
v 0.355581 -0.165232 1.304887
v 0.358895 -0.170214 1.304451
v 0.351348 -0.170247 1.304937
v 0.363686 -0.165123 1.303252
v 0.366255 -0.170070 1.302302
v 0.370361 -0.164919 1.300216
v 0.376911 -0.164583 1.295188
v 0.378319 -0.169508 1.293912
v 0.373047 -0.169818 1.298533
v 0.382057 -0.164152 1.288760
v 0.382749 -0.169113 1.288006
v 0.387109 -0.163110 1.273203
v 0.387546 -0.168093 1.272778
v 0.385987 -0.168631 1.280818
v 0.385525 -0.163651 1.281285
v 0.347372 -0.165209 1.304544
v 0.318712 -0.168334 1.276380
v 0.389306 -0.161106 1.243284
v 0.389743 -0.166089 1.242859
v 0.387546 -0.168093 1.272778
v 0.387109 -0.163110 1.273203
v 0.389288 -0.165507 1.234168
v 0.389743 -0.166089 1.242859
v 0.389397 -0.160963 1.241142
v 0.389306 -0.161106 1.243284
v 0.385648 -0.159894 1.225175
v 0.381069 -0.159437 1.218364
v 0.383100 -0.164542 1.219757
v 0.375676 -0.159100 1.213328
v 0.378349 -0.164190 1.214505
v 0.368548 -0.158825 1.209217
v 0.364986 -0.163688 1.207013
v 0.372164 -0.163892 1.210058
v 0.352419 -0.158648 1.206575
v 0.349104 -0.163627 1.206098
v 0.356652 -0.163594 1.205611
v 0.344314 -0.158757 1.208210
v 0.341745 -0.163771 1.208246
v 0.337639 -0.158961 1.211246
v 0.337940 -0.163896 1.210110
v 0.331089 -0.159297 1.216274
v 0.329681 -0.164333 1.216636
v 0.334953 -0.164024 1.212015
v 0.322475 -0.160229 1.230177
v 0.322013 -0.165210 1.229731
v 0.325251 -0.164729 1.222543
v 0.320891 -0.160770 1.238259
v 0.320454 -0.165748 1.237770
v 0.325943 -0.159728 1.222702
v 0.360628 -0.158671 1.206918
v 0.386910 -0.164984 1.226359
v 0.388491 -0.160413 1.232933
v 0.318257 -0.167752 1.267690
v 0.320454 -0.165748 1.237770
v 0.320891 -0.160770 1.238259
v 0.318694 -0.162774 1.268179
v 0.335835 -0.169949 1.300491
v 0.343014 -0.170153 1.303535
v 0.351348 -0.170247 1.304937
v 0.329651 -0.169651 1.296043
v 0.358895 -0.170214 1.304451
v 0.366255 -0.170070 1.302302
v 0.372164 -0.163892 1.210058
v 0.364986 -0.163688 1.207013
v 0.356652 -0.163594 1.205611
v 0.349104 -0.163627 1.206098
v 0.378349 -0.164190 1.214505
v 0.373047 -0.169818 1.298533
v 0.378319 -0.169508 1.293912
v 0.318257 -0.167752 1.267690
v 0.318712 -0.168334 1.276380
v 0.341745 -0.163771 1.208246
v 0.389743 -0.166089 1.242859
v 0.389288 -0.165507 1.234168
v 0.324900 -0.169299 1.290791
v 0.321090 -0.168857 1.284189
v 0.382749 -0.169113 1.288006
v 0.325251 -0.164729 1.222543
v 0.322013 -0.165210 1.229731
v 0.383100 -0.164542 1.219757
v 0.386910 -0.164984 1.226359
v 0.329681 -0.164333 1.216636
v 0.334953 -0.164024 1.212015
v 0.320454 -0.165748 1.237770
v 0.337940 -0.163896 1.210110
v 0.387546 -0.168093 1.272778
v 0.385987 -0.168631 1.280818
v 0.413295 -0.156841 1.179594
v 0.414013 -0.143000 1.180627
v 0.414000 -0.143000 1.180000
v 0.414457 -0.157185 1.184737
v 0.415267 -0.143000 1.186034
v 0.416946 -0.157459 1.188828
v 0.418393 -0.143000 1.190607
v 0.421229 -0.157697 1.192379
v 0.422652 -0.143000 1.193590
v 0.426482 -0.157820 1.194219
v 0.428026 -0.143000 1.194968
v 0.432071 -0.157814 1.194120
v 0.433502 -0.143000 1.194308
v 0.436610 -0.157703 1.192469
v 0.438392 -0.143000 1.191695
v 0.438872 -0.157602 1.190957
v 0.440937 -0.157469 1.188966
v 0.441971 -0.143000 1.187531
v 0.442622 -0.157310 1.186599
v 0.443760 -0.157148 1.184183
v 0.444725 -0.156783 1.178735
v 0.444000 -0.143000 1.180000
v 0.443814 -0.143000 1.182346
v 0.413275 -0.156783 1.178735
v 0.442733 -0.143000 1.173967
v 0.443834 -0.156439 1.173601
v 0.441074 -0.156116 1.168774
v 0.439607 -0.143000 1.169393
v 0.436790 -0.155878 1.165210
v 0.435352 -0.143000 1.166411
v 0.431531 -0.155754 1.163362
v 0.425946 -0.155760 1.163456
v 0.424499 -0.143000 1.165692
v 0.429977 -0.143000 1.165032
v 0.421460 -0.155868 1.165072
v 0.419609 -0.143000 1.168305
v 0.416029 -0.143000 1.172468
v 0.417115 -0.156101 1.168553
v 0.419182 -0.155969 1.166578
v 0.415426 -0.156258 1.170898
v 0.414273 -0.156420 1.173309
v 0.413275 -0.156783 1.178735
v 0.414000 -0.143000 1.180000
v 0.414186 -0.143000 1.177654
v 0.444725 -0.156783 1.178735
v 0.443987 -0.143000 1.179375
v 0.444000 -0.143000 1.180000
v 0.435352 -0.143000 1.166411
v 0.429977 -0.143000 1.165032
v 0.424499 -0.143000 1.165692
v 0.422652 -0.143000 1.193590
v 0.428026 -0.143000 1.194968
v 0.433502 -0.143000 1.194308
v 0.419609 -0.143000 1.168305
v 0.438392 -0.143000 1.191695
v 0.416029 -0.143000 1.172468
v 0.441971 -0.143000 1.187531
v 0.414186 -0.143000 1.177654
v 0.439607 -0.143000 1.169393
v 0.443987 -0.143000 1.179375
v 0.442733 -0.143000 1.173967
v 0.443814 -0.143000 1.182346
v 0.418393 -0.143000 1.190607
v 0.414013 -0.143000 1.180627
v 0.415267 -0.143000 1.186034
v 0.414000 -0.143000 1.180000
v 0.444000 -0.143000 1.180000
v 0.413397 -0.166897 1.329750
v 0.414013 -0.155000 1.330627
v 0.414000 -0.155000 1.330000
v 0.414552 -0.167241 1.334876
v 0.415267 -0.155000 1.336034
v 0.416990 -0.167510 1.338900
v 0.421248 -0.167748 1.342451
v 0.422652 -0.155000 1.343590
v 0.418393 -0.155000 1.340607
v 0.426480 -0.167871 1.344294
v 0.428026 -0.155000 1.344968
v 0.432051 -0.167865 1.344198
v 0.433502 -0.155000 1.344308
v 0.436513 -0.167757 1.342584
v 0.438392 -0.155000 1.341695
v 0.438808 -0.167654 1.341056
v 0.440836 -0.167524 1.339105
v 0.441971 -0.155000 1.337532
v 0.442533 -0.167364 1.336726
v 0.443658 -0.167205 1.334343
v 0.444623 -0.166841 1.328913
v 0.444000 -0.155000 1.330000
v 0.443814 -0.155000 1.332346
v 0.413377 -0.166841 1.328913
v 0.442733 -0.155000 1.323967
v 0.443926 -0.166538 1.324379
v 0.441360 -0.166209 1.319470
v 0.437227 -0.165961 1.315765
v 0.435352 -0.155000 1.316411
v 0.439607 -0.155000 1.319393
v 0.432037 -0.165825 1.313734
v 0.429977 -0.155000 1.315032
v 0.426846 -0.165815 1.313586
v 0.421556 -0.165930 1.315314
v 0.419609 -0.155000 1.318305
v 0.424499 -0.155000 1.315692
v 0.416029 -0.155000 1.322468
v 0.417216 -0.166162 1.318771
v 0.419246 -0.166032 1.316836
v 0.415514 -0.166320 1.321128
v 0.414375 -0.166479 1.323506
v 0.413377 -0.166841 1.328913
v 0.414000 -0.155000 1.330000
v 0.414186 -0.155000 1.327654
v 0.444623 -0.166841 1.328913
v 0.443987 -0.155000 1.329375
v 0.444000 -0.155000 1.330000
v 0.435352 -0.155000 1.316411
v 0.429977 -0.155000 1.315032
v 0.424499 -0.155000 1.315692
v 0.422652 -0.155000 1.343590
v 0.428026 -0.155000 1.344968
v 0.433502 -0.155000 1.344308
v 0.419609 -0.155000 1.318305
v 0.438392 -0.155000 1.341695
v 0.416029 -0.155000 1.322468
v 0.441971 -0.155000 1.337532
v 0.414186 -0.155000 1.327654
v 0.439607 -0.155000 1.319393
v 0.443987 -0.155000 1.329375
v 0.442733 -0.155000 1.323967
v 0.443814 -0.155000 1.332346
v 0.418393 -0.155000 1.340607
v 0.414013 -0.155000 1.330627
v 0.415267 -0.155000 1.336034
v 0.414000 -0.155000 1.330000
v 0.444000 -0.155000 1.330000
v 0.340938 -0.417440 1.641375
v 0.339830 -0.417297 1.644384
v 0.338247 -0.417298 1.643540
v 0.342938 -0.417560 1.638876
v 0.336340 -0.417436 1.638655
v 0.335727 -0.417451 1.637757
v 0.332760 -0.417470 1.634807
v 0.343755 -0.417595 1.638188
v 0.397836 -0.418249 1.652214
v 0.402065 -0.418261 1.654319
v 0.399523 -0.417996 1.658921
v 0.396016 -0.417986 1.657456
v 0.399087 -0.417894 1.660600
v 0.392621 -0.417675 1.661508
v 0.387815 -0.417365 1.664206
v 0.396219 -0.416683 1.675355
v 0.393362 -0.414860 1.690049
v 0.332502 -0.414007 1.678219
v 0.353000 -0.416260 1.665000
v 0.351905 -0.416229 1.664960
v 0.383000 -0.417170 1.665000
v 0.346802 -0.416185 1.663660
v 0.342322 -0.416321 1.660535
v 0.335358 -0.415829 1.663525
v 0.338685 -0.416963 1.650274
v 0.338226 -0.417039 1.648770
v 0.338585 -0.416755 1.653471
v 0.339503 -0.416559 1.656545
v 0.406120 -0.418454 1.650984
v 0.397638 -0.418398 1.646724
v 0.411116 -0.418587 1.649377
v 0.439150 -0.418914 1.657589
v 0.424687 -0.418679 1.655828
v 0.424073 -0.418694 1.654930
v 0.426594 -0.418540 1.660713
v 0.439320 -0.417379 1.682777
v 0.440734 -0.414069 1.708932
v 0.420848 -0.415245 1.695392
v 0.423704 -0.417069 1.680698
v 0.426572 -0.418280 1.665943
v 0.415521 -0.413736 1.703909
v 0.418975 -0.414482 1.700143
v 0.443272 -0.409119 1.734595
v 0.405796 -0.412814 1.706659
v 0.409002 -0.412980 1.706591
v 0.265094 -0.406609 1.700052
v 0.400833 -0.412825 1.705237
v 0.402598 -0.412780 1.705975
v 0.410926 -0.413141 1.706189
v 0.396731 -0.413164 1.702121
v 0.393170 -0.414667 1.691378
v 0.330629 -0.413244 1.682970
v 0.393105 -0.414473 1.692720
v 0.394090 -0.413735 1.697879
v 0.327174 -0.412499 1.686736
v 0.317449 -0.411578 1.689486
v 0.320656 -0.411743 1.689418
v 0.312487 -0.411588 1.688064
v 0.314252 -0.411544 1.688802
v 0.322580 -0.411904 1.689016
v 0.308384 -0.411928 1.684948
v 0.305744 -0.412498 1.680707
v 0.271801 -0.409736 1.687131
v 0.280031 -0.413187 1.668637
v 0.304823 -0.413429 1.674205
v 0.304759 -0.413235 1.675547
v 0.305016 -0.413622 1.672876
v 0.286680 -0.415517 1.649989
v 0.291813 -0.416784 1.630813
v 0.310740 -0.416652 1.643427
v 0.311176 -0.416753 1.641748
v 0.307872 -0.415443 1.658182
v 0.313719 -0.417018 1.637147
v 0.292601 -0.416901 1.627149
v 0.322770 -0.417344 1.632204
v 0.317774 -0.417211 1.633811
v 0.295310 -0.416966 1.611351
v 0.323715 -0.417363 1.632120
v 0.297184 -0.416057 1.591428
v 0.328011 -0.417431 1.632550
v 0.348180 -0.417727 1.635796
v 0.330431 -0.417457 1.633425
v 0.441333 -0.418088 1.619374
v 0.386590 -0.418324 1.635436
v 0.383000 -0.418274 1.635000
v 0.353000 -0.417821 1.635000
v 0.391633 -0.418397 1.637733
v 0.395449 -0.418436 1.641633
v 0.412062 -0.418606 1.649292
v 0.416357 -0.418675 1.649723
v 0.440233 -0.418809 1.632523
v 0.421106 -0.418713 1.651980
v 0.418778 -0.418701 1.650598
v 0.304759 -0.410000 1.675547
v 0.304759 -0.413235 1.675547
v 0.304823 -0.413429 1.674205
v 0.305016 -0.410000 1.672876
v 0.305016 -0.413622 1.672876
v 0.323716 -0.410000 1.632120
v 0.330431 -0.410000 1.633425
v 0.335727 -0.410000 1.637757
v 0.338337 -0.410000 1.644081
v 0.312394 -0.410000 1.639038
v 0.317183 -0.410000 1.634153
v 0.330991 -0.410000 1.682358
v 0.314252 -0.410000 1.688802
v 0.308801 -0.410000 1.685389
v 0.326655 -0.410000 1.687108
v 0.320654 -0.410000 1.689419
v 0.310740 -0.410000 1.643427
v 0.305452 -0.410000 1.679899
v 0.305016 -0.410000 1.672876
v 0.338226 -0.410000 1.648770
v 0.304759 -0.410000 1.675547
v 0.332502 -0.410000 1.678219
v 0.305016 -0.410000 1.672876
v 0.305016 -0.413622 1.672876
v 0.307872 -0.415443 1.658182
v 0.310740 -0.410000 1.643427
v 0.310740 -0.416652 1.643427
v 0.311176 -0.416753 1.641748
v 0.313719 -0.417018 1.637147
v 0.312394 -0.410000 1.639038
v 0.310740 -0.410000 1.643427
v 0.310740 -0.416652 1.643427
v 0.317183 -0.410000 1.634153
v 0.323716 -0.410000 1.632120
v 0.317774 -0.417211 1.633811
v 0.322770 -0.417344 1.632204
v 0.323715 -0.417363 1.632120
v 0.328011 -0.417431 1.632550
v 0.330431 -0.410000 1.633425
v 0.335727 -0.410000 1.637757
v 0.332760 -0.417470 1.634807
v 0.330431 -0.417457 1.633425
v 0.338337 -0.410000 1.644081
v 0.336340 -0.417436 1.638655
v 0.335727 -0.417451 1.637757
v 0.338226 -0.417039 1.648770
v 0.338226 -0.410000 1.648770
v 0.338247 -0.417298 1.643540
v 0.332502 -0.410000 1.678219
v 0.338226 -0.410000 1.648770
v 0.335358 -0.415829 1.663525
v 0.338226 -0.417039 1.648770
v 0.332502 -0.414007 1.678219
v 0.330991 -0.410000 1.682358
v 0.330629 -0.413244 1.682970
v 0.327174 -0.412499 1.686736
v 0.326655 -0.410000 1.687108
v 0.322580 -0.411904 1.689016
v 0.320654 -0.410000 1.689419
v 0.314252 -0.410000 1.688802
v 0.317449 -0.411578 1.689486
v 0.320656 -0.411743 1.689418
v 0.308801 -0.410000 1.685389
v 0.312487 -0.411588 1.688064
v 0.314252 -0.411544 1.688802
v 0.305452 -0.410000 1.679899
v 0.308384 -0.411928 1.684948
v 0.304759 -0.413235 1.675547
v 0.304759 -0.410000 1.675547
v 0.332502 -0.414007 1.678219
v 0.332502 -0.410000 1.678219
v 0.305744 -0.412498 1.680707
v 0.393362 -0.410000 1.690049
v 0.393105 -0.410000 1.692720
v 0.393105 -0.414473 1.692720
v 0.393170 -0.414667 1.691378
v 0.393362 -0.414860 1.690049
v 0.426683 -0.410000 1.661254
v 0.412062 -0.410000 1.649293
v 0.418778 -0.410000 1.650598
v 0.400740 -0.410000 1.656211
v 0.405529 -0.410000 1.651325
v 0.409000 -0.410000 1.706591
v 0.402598 -0.410000 1.705975
v 0.397148 -0.410000 1.702562
v 0.393799 -0.410000 1.697071
v 0.419337 -0.410000 1.699531
v 0.415002 -0.410000 1.704281
v 0.424073 -0.410000 1.654930
v 0.420848 -0.410000 1.695392
v 0.426572 -0.410000 1.665943
v 0.399087 -0.410000 1.660600
v 0.393362 -0.410000 1.690049
v 0.393105 -0.410000 1.692720
v 0.393362 -0.410000 1.690049
v 0.393362 -0.414860 1.690049
v 0.396219 -0.416683 1.675355
v 0.399087 -0.410000 1.660600
v 0.399087 -0.417894 1.660600
v 0.399523 -0.417996 1.658921
v 0.402065 -0.418261 1.654319
v 0.400740 -0.410000 1.656211
v 0.399087 -0.410000 1.660600
v 0.399087 -0.417894 1.660600
v 0.405529 -0.410000 1.651325
v 0.412062 -0.410000 1.649293
v 0.406120 -0.418454 1.650984
v 0.411116 -0.418587 1.649377
v 0.412062 -0.418606 1.649292
v 0.416357 -0.418675 1.649723
v 0.418778 -0.410000 1.650598
v 0.424073 -0.410000 1.654930
v 0.421106 -0.418713 1.651980
v 0.418778 -0.418701 1.650598
v 0.426683 -0.410000 1.661254
v 0.424687 -0.418679 1.655828
v 0.424073 -0.418694 1.654930
v 0.426572 -0.418280 1.665943
v 0.426572 -0.410000 1.665943
v 0.426594 -0.418540 1.660713
v 0.420848 -0.410000 1.695392
v 0.426572 -0.410000 1.665943
v 0.423704 -0.417069 1.680698
v 0.426572 -0.418280 1.665943
v 0.420848 -0.415245 1.695392
v 0.419337 -0.410000 1.699531
v 0.418975 -0.414482 1.700143
v 0.415521 -0.413736 1.703909
v 0.415002 -0.410000 1.704281
v 0.410926 -0.413141 1.706189
v 0.409000 -0.410000 1.706591
v 0.402598 -0.410000 1.705975
v 0.405796 -0.412814 1.706659
v 0.409002 -0.412980 1.706591
v 0.397148 -0.410000 1.702562
v 0.400833 -0.412825 1.705237
v 0.402598 -0.412780 1.705975
v 0.393799 -0.410000 1.697071
v 0.396731 -0.413164 1.702121
v 0.393105 -0.414473 1.692720
v 0.393105 -0.410000 1.692720
v 0.420848 -0.415245 1.695392
v 0.420848 -0.410000 1.695392
v 0.394090 -0.413735 1.697879
v 0.342913 -0.424999 1.659676
v 0.342322 -0.416321 1.660535
v 0.339503 -0.416559 1.656545
v 0.347623 -0.424999 1.662693
v 0.346802 -0.416185 1.663660
v 0.352916 -0.425000 1.663735
v 0.351905 -0.416229 1.664960
v 0.353000 -0.416260 1.665000
v 0.353002 -0.425000 1.663736
v 0.339902 -0.425000 1.655573
v 0.339294 -0.425000 1.653994
v 0.338585 -0.416755 1.653471
v 0.338685 -0.416963 1.650274
v 0.339503 -0.416559 1.656545
v 0.339902 -0.425000 1.655573
v 0.339100 -0.425000 1.649616
v 0.338685 -0.416963 1.650274
v 0.339830 -0.417297 1.644384
v 0.339663 -0.425000 1.646685
v 0.340228 -0.425000 1.643754
v 0.339100 -0.425000 1.649616
v 0.340812 -0.425000 1.641836
v 0.340938 -0.417440 1.641375
v 0.342938 -0.417560 1.638876
v 0.340228 -0.425000 1.643754
v 0.339830 -0.417297 1.644384
v 0.343200 -0.425000 1.638485
v 0.347958 -0.425000 1.635613
v 0.348180 -0.417727 1.635796
v 0.353000 -0.417821 1.635000
v 0.343387 -0.425000 1.638318
v 0.343755 -0.417595 1.638188
v 0.343200 -0.425000 1.638485
v 0.342938 -0.417560 1.638876
v 0.353000 -0.425000 1.634720
v 0.383000 -0.418274 1.635000
v 0.383000 -0.425000 1.634738
v 0.368000 -0.425000 1.634730
v 0.353000 -0.417821 1.635000
v 0.353000 -0.425000 1.634720
v 0.383002 -0.425000 1.663867
v 0.388281 -0.425000 1.662912
v 0.387815 -0.417365 1.664206
v 0.392900 -0.425000 1.660084
v 0.392621 -0.417675 1.661508
v 0.396170 -0.425000 1.655741
v 0.396016 -0.417986 1.657456
v 0.397598 -0.425000 1.650582
v 0.397836 -0.418249 1.652214
v 0.397053 -0.425000 1.645242
v 0.397638 -0.418398 1.646724
v 0.395449 -0.418436 1.641633
v 0.391633 -0.418397 1.637733
v 0.394583 -0.425000 1.640421
v 0.386590 -0.418324 1.635436
v 0.390500 -0.425000 1.636807
v 0.383000 -0.418274 1.635000
v 0.386194 -0.425000 1.635092
v 0.383000 -0.425000 1.634738
v 0.383000 -0.417170 1.665000
v 0.383000 -0.417170 1.665000
v 0.353000 -0.416260 1.665000
v 0.368002 -0.425000 1.663803
v 0.353002 -0.425000 1.663736
v 0.383002 -0.425000 1.663867
v 0.386194 -0.425000 1.635092
v 0.390500 -0.425000 1.636807
v 0.384700 -0.425000 1.647056
v 0.380056 -0.425000 1.651700
v 0.353002 -0.425000 1.663736
v 0.354700 -0.425000 1.652944
v 0.383000 -0.425000 1.646600
v 0.356400 -0.425000 1.650000
v 0.355944 -0.425000 1.648300
v 0.383000 -0.425000 1.634738
v 0.392900 -0.425000 1.660084
v 0.388281 -0.425000 1.662912
v 0.384700 -0.425000 1.652944
v 0.383002 -0.425000 1.663867
v 0.368002 -0.425000 1.663803
v 0.381300 -0.425000 1.652944
v 0.355944 -0.425000 1.651700
v 0.353000 -0.425000 1.653400
v 0.353000 -0.425000 1.634720
v 0.368000 -0.425000 1.634730
v 0.354700 -0.425000 1.647056
v 0.394583 -0.425000 1.640421
v 0.385944 -0.425000 1.648300
v 0.385944 -0.425000 1.651700
v 0.396170 -0.425000 1.655741
v 0.383000 -0.425000 1.653400
v 0.381300 -0.425000 1.647056
v 0.343200 -0.425000 1.638485
v 0.351300 -0.425000 1.647056
v 0.350056 -0.425000 1.648300
v 0.347958 -0.425000 1.635613
v 0.353000 -0.425000 1.646600
v 0.397053 -0.425000 1.645242
v 0.397598 -0.425000 1.650582
v 0.386400 -0.425000 1.650000
v 0.379600 -0.425000 1.650000
v 0.380056 -0.425000 1.648300
v 0.347623 -0.424999 1.662693
v 0.351300 -0.425000 1.652944
v 0.342913 -0.424999 1.659676
v 0.350056 -0.425000 1.651700
v 0.339294 -0.425000 1.653994
v 0.339100 -0.425000 1.649616
v 0.349600 -0.425000 1.650000
v 0.339663 -0.425000 1.646685
v 0.340228 -0.425000 1.643754
v 0.340812 -0.425000 1.641836
v 0.343387 -0.425000 1.638318
v 0.352916 -0.425000 1.663735
v 0.339902 -0.425000 1.655573
v 0.380056 -0.425000 1.651700
v 0.379600 -0.425000 1.650000
v 0.379600 -0.420000 1.650000
v 0.381300 -0.425000 1.652944
v 0.380056 -0.420000 1.651700
v 0.383000 -0.425000 1.653400
v 0.381300 -0.420000 1.652944
v 0.384700 -0.425000 1.652944
v 0.383000 -0.420000 1.653400
v 0.385944 -0.425000 1.651700
v 0.384700 -0.420000 1.652944
v 0.386400 -0.425000 1.650000
v 0.385944 -0.420000 1.651700
v 0.386400 -0.420000 1.650000
v 0.385944 -0.425000 1.648300
v 0.386400 -0.425000 1.650000
v 0.386400 -0.420000 1.650000
v 0.384700 -0.425000 1.647056
v 0.385944 -0.420000 1.648300
v 0.383000 -0.425000 1.646600
v 0.384700 -0.420000 1.647056
v 0.381300 -0.425000 1.647056
v 0.383000 -0.420000 1.646600
v 0.380056 -0.425000 1.648300
v 0.381300 -0.420000 1.647056
v 0.379600 -0.425000 1.650000
v 0.380056 -0.420000 1.648300
v 0.379600 -0.420000 1.650000
v 0.385944 -0.420000 1.648300
v 0.386400 -0.420000 1.650000
v 0.385944 -0.420000 1.651700
v 0.380056 -0.420000 1.651700
v 0.379600 -0.420000 1.650000
v 0.380056 -0.420000 1.648300
v 0.384700 -0.420000 1.652944
v 0.384700 -0.420000 1.647056
v 0.381300 -0.420000 1.647056
v 0.383000 -0.420000 1.646600
v 0.381300 -0.420000 1.652944
v 0.383000 -0.420000 1.653400
v 0.350056 -0.425000 1.651700
v 0.349600 -0.425000 1.650000
v 0.349600 -0.420000 1.650000
v 0.351300 -0.425000 1.652944
v 0.350056 -0.420000 1.651700
v 0.353000 -0.425000 1.653400
v 0.351300 -0.420000 1.652944
v 0.354700 -0.425000 1.652944
v 0.353000 -0.420000 1.653400
v 0.355944 -0.425000 1.651700
v 0.354700 -0.420000 1.652944
v 0.356400 -0.425000 1.650000
v 0.355944 -0.420000 1.651700
v 0.356400 -0.420000 1.650000
v 0.355944 -0.425000 1.648300
v 0.356400 -0.425000 1.650000
v 0.356400 -0.420000 1.650000
v 0.354700 -0.425000 1.647056
v 0.355944 -0.420000 1.648300
v 0.353000 -0.425000 1.646600
v 0.354700 -0.420000 1.647056
v 0.351300 -0.425000 1.647056
v 0.353000 -0.420000 1.646600
v 0.350056 -0.425000 1.648300
v 0.351300 -0.420000 1.647056
v 0.349600 -0.425000 1.650000
v 0.350056 -0.420000 1.648300
v 0.349600 -0.420000 1.650000
v 0.351300 -0.420000 1.647056
v 0.354700 -0.420000 1.647056
v 0.355944 -0.420000 1.648300
v 0.349600 -0.420000 1.650000
v 0.354700 -0.420000 1.652944
v 0.353000 -0.420000 1.653400
v 0.353000 -0.420000 1.646600
v 0.356400 -0.420000 1.650000
v 0.350056 -0.420000 1.648300
v 0.351300 -0.420000 1.652944
v 0.355944 -0.420000 1.651700
v 0.350056 -0.420000 1.651700
v 0.475863 -0.304183 0.774250
v 0.488654 -0.297632 0.749403
v 0.489219 -0.298961 0.753715
v 0.473748 -0.290652 0.729513
v 0.485847 -0.292518 0.732957
v 0.202367 -0.320079 0.890527
v 0.199665 -0.316798 0.880184
v 0.199741 -0.316831 0.880278
v 0.183358 -0.311227 0.865327
v 0.190795 -0.312872 0.869108
v 0.473577 -0.289791 0.726676
v 0.473333 -0.288927 0.723846
v 0.491502 -0.306934 0.779835
v 0.182125 -0.308970 0.858070
v 0.493074 -0.320467 0.824705
v 0.475023 -0.311595 0.799220
v 0.448638 -0.330774 0.869415
v 0.457178 -0.327214 0.855546
v 0.495128 -0.334770 0.872037
v 0.211194 -0.323936 0.901382
v 0.214556 -0.322547 0.895963
v 0.224807 -0.325842 0.904609
v 0.211613 -0.321512 0.893183
v 0.180999 -0.308451 0.856594
v 0.475836 -0.308721 0.789427
v 0.473970 -0.313773 0.806741
v 0.470224 -0.318540 0.823542
v 0.493138 -0.321098 0.826800
v 0.464580 -0.323061 0.839953
v 0.461280 -0.325080 0.847464
v 0.498086 -0.352503 0.930627
v 0.448178 -0.330940 0.870078
v 0.287563 -0.338830 0.933530
v 0.270519 -0.348470 0.969685
v 0.265999 -0.346563 0.964356
v 0.199817 -0.316864 0.880372
v 0.456412 -0.275710 0.683576
v 0.448707 -0.270965 0.669494
v 0.459164 -0.272092 0.670847
v 0.481262 -0.286805 0.714922
v 0.437546 -0.334259 0.883623
v 0.270710 -0.336309 0.928994
v 0.273223 -0.336724 0.929801
v 0.228736 -0.331305 0.921961
v 0.239240 -0.329797 0.914496
v 0.251901 -0.332728 0.921370
v 0.171289 -0.304815 0.846686
v 0.172528 -0.303997 0.843664
v 0.406617 -0.255977 0.629117
v 0.408904 -0.254897 0.624979
v 0.423169 -0.258716 0.634449
v 0.421606 -0.260031 0.639205
v 0.435999 -0.262750 0.644970
v 0.468661 -0.277132 0.685498
v 0.254662 -0.333309 0.922673
v 0.232309 -0.327987 0.910047
v 0.390682 -0.252368 0.620733
v 0.393124 -0.251331 0.616702
v 0.435417 -0.264470 0.650854
v 0.464009 -0.280069 0.696392
v 0.290139 -0.357110 0.994035
v 0.338972 -0.342984 0.935545
v 0.341688 -0.343059 0.935171
v 0.295549 -0.339816 0.934983
v 0.373973 -0.249237 0.614123
v 0.377569 -0.248388 0.610456
v 0.448701 -0.270961 0.669481
v 0.475647 -0.281812 0.699529
v 0.464862 -0.280615 0.698017
v 0.425533 -0.337086 0.895848
v 0.321781 -0.342169 0.936789
v 0.304608 -0.340781 0.936116
v 0.318624 -0.341956 0.936808
v 0.356690 -0.246617 0.609359
v 0.361707 -0.245904 0.605815
v 0.412328 -0.339392 0.906603
v 0.366548 -0.343053 0.929410
v 0.355926 -0.343212 0.932393
v 0.364320 -0.343102 0.930089
v 0.151015 -0.274676 0.750626
v 0.177370 -0.278639 0.757789
v 0.173499 -0.280450 0.764735
v 0.339036 -0.244536 0.606477
v 0.321210 -0.243012 0.605501
v 0.330145 -0.242351 0.601227
v 0.345781 -0.243889 0.602757
v 0.447622 -0.267040 0.656626
v 0.447766 -0.270301 0.667494
v 0.469261 -0.283787 0.707603
v 0.397907 -0.341179 0.915905
v 0.183180 -0.270259 0.728439
v 0.158388 -0.265060 0.716785
v 0.164574 -0.260706 0.700806
v 0.153866 -0.269717 0.733395
v 0.180310 -0.276626 0.750382
v 0.182259 -0.274449 0.742656
v 0.191877 -0.253538 0.670542
v 0.195278 -0.249128 0.655015
v 0.206038 -0.246742 0.644558
v 0.219855 -0.244389 0.633501
v 0.234798 -0.242547 0.623894
v 0.236276 -0.244053 0.628588
v 0.320000 -0.241580 0.600993
v 0.472436 -0.287102 0.717951
v 0.382617 -0.342401 0.923520
v 0.162564 -0.293783 0.811824
v 0.169852 -0.301464 0.835817
v 0.162947 -0.299496 0.830830
v 0.157083 -0.294672 0.816062
v 0.153088 -0.289963 0.801246
v 0.159946 -0.291420 0.804531
v 0.172536 -0.256638 0.685369
v 0.181908 -0.253014 0.671094
v 0.185517 -0.255944 0.680052
v 0.219636 -0.246232 0.639713
v 0.193474 -0.249585 0.656961
v 0.223069 -0.245725 0.637228
v 0.252076 -0.242690 0.620387
v 0.441927 -0.267081 0.658077
v 0.150588 -0.284842 0.784707
v 0.159395 -0.288100 0.793562
v 0.168758 -0.282032 0.771119
v 0.162944 -0.284352 0.780215
v 0.149917 -0.279856 0.768194
v 0.183800 -0.257077 0.684234
v 0.250371 -0.241260 0.615999
v 0.267022 -0.240494 0.609594
v 0.268651 -0.241900 0.613917
v 0.303406 -0.242060 0.606430
v 0.301933 -0.240647 0.602046
v 0.317501 -0.241417 0.601026
v 0.159301 -0.289753 0.799108
v 0.181658 -0.261466 0.699401
v 0.189005 -0.254412 0.674127
v 0.284266 -0.240288 0.604925
v 0.285826 -0.241689 0.609246
v 0.172498 -0.303974 0.843595
v 0.160589 -0.286140 0.786734
v 0.183095 -0.257702 0.686487
v 0.199665 -0.316798 0.880184
v 0.199326 -0.308688 0.881188
v 0.199479 -0.308773 0.881375
v 0.199817 -0.316864 0.880372
v 0.199741 -0.316831 0.880278
v 0.190795 -0.312872 0.869108
v 0.190325 -0.303304 0.870200
v 0.199326 -0.308688 0.881188
v 0.182125 -0.308970 0.858070
v 0.181610 -0.296856 0.859560
v 0.199665 -0.316798 0.880184
v 0.172155 -0.296213 0.844551
v 0.171782 -0.288429 0.845439
v 0.173367 -0.289805 0.848060
v 0.181610 -0.296856 0.859560
v 0.180999 -0.308451 0.856594
v 0.172528 -0.303997 0.843664
v 0.182125 -0.308970 0.858070
v 0.472436 -0.287102 0.717951
v 0.473333 -0.288927 0.723846
v 0.473745 -0.280758 0.724418
v 0.473175 -0.279479 0.720273
v 0.469261 -0.283787 0.707603
v 0.471681 -0.277468 0.713897
v 0.469697 -0.275650 0.708280
v 0.474175 -0.282528 0.730232
v 0.473745 -0.280758 0.724418
v 0.473333 -0.288927 0.723846
v 0.473577 -0.289791 0.726676
v 0.473748 -0.290652 0.729513
v 0.476290 -0.296059 0.774970
v 0.474175 -0.282528 0.730232
v 0.473748 -0.290652 0.729513
v 0.475863 -0.304183 0.774250
v 0.476290 -0.296059 0.774970
v 0.475863 -0.304183 0.774250
v 0.475836 -0.308721 0.789427
v 0.475447 -0.303491 0.800005
v 0.470564 -0.310525 0.824645
v 0.473970 -0.313773 0.806741
v 0.475023 -0.311595 0.799220
v 0.470224 -0.318540 0.823542
v 0.464580 -0.323061 0.839953
v 0.461668 -0.317011 0.848379
v 0.448992 -0.322721 0.870390
v 0.457178 -0.327214 0.855546
v 0.461280 -0.325080 0.847464
v 0.448178 -0.330940 0.870078
v 0.437546 -0.334259 0.883623
v 0.441220 -0.325268 0.880695
v 0.448638 -0.330774 0.869415
v 0.425533 -0.337086 0.895848
v 0.423323 -0.329545 0.899123
v 0.432649 -0.327545 0.890285
v 0.412328 -0.339392 0.906603
v 0.413235 -0.331265 0.907202
v 0.397907 -0.341179 0.915905
v 0.402380 -0.332697 0.914493
v 0.382617 -0.342401 0.923520
v 0.379060 -0.334586 0.926193
v 0.390961 -0.333806 0.920837
v 0.366548 -0.343053 0.929410
v 0.366672 -0.335034 0.930551
v 0.366672 -0.335034 0.930551
v 0.366548 -0.343053 0.929410
v 0.364320 -0.343102 0.930089
v 0.364444 -0.335084 0.931231
v 0.341747 -0.335041 0.936326
v 0.364444 -0.335084 0.931231
v 0.355926 -0.343212 0.932393
v 0.364320 -0.343102 0.930089
v 0.338972 -0.342984 0.935545
v 0.321781 -0.342169 0.936789
v 0.318618 -0.333934 0.937969
v 0.341688 -0.343059 0.935171
v 0.318624 -0.341956 0.936808
v 0.304608 -0.340781 0.936116
v 0.295478 -0.331788 0.936139
v 0.273089 -0.328687 0.930941
v 0.287563 -0.338830 0.933530
v 0.295549 -0.339816 0.934983
v 0.270710 -0.336309 0.928994
v 0.254662 -0.333309 0.922673
v 0.251707 -0.324681 0.922487
v 0.273223 -0.336724 0.929801
v 0.251901 -0.332728 0.921370
v 0.239240 -0.329797 0.914496
v 0.232061 -0.319927 0.911133
v 0.214259 -0.314471 0.897010
v 0.224807 -0.325842 0.904609
v 0.232309 -0.327987 0.910047
v 0.199479 -0.308773 0.881375
v 0.211613 -0.321512 0.893183
v 0.214556 -0.322547 0.895963
v 0.199817 -0.316864 0.880372
v 0.188703 -0.168000 0.742474
v 0.182259 -0.274449 0.742656
v 0.183180 -0.270259 0.728439
v 0.188549 -0.168000 0.737467
v 0.184669 -0.168000 0.765404
v 0.180310 -0.276626 0.750382
v 0.179899 -0.168000 0.775866
v 0.173499 -0.280450 0.764735
v 0.177370 -0.278639 0.757789
v 0.173402 -0.168000 0.785405
v 0.168758 -0.282032 0.771119
v 0.187649 -0.168000 0.754154
v 0.188549 -0.168000 0.737467
v 0.183180 -0.270259 0.728439
v 0.181658 -0.261466 0.699401
v 0.186566 -0.168000 0.707653
v 0.186484 -0.168000 0.705108
v 0.181658 -0.261466 0.699401
v 0.183095 -0.257702 0.686487
v 0.187437 -0.168000 0.696837
v 0.183800 -0.257077 0.684234
v 0.185517 -0.255944 0.680052
v 0.190428 -0.167999 0.688593
v 0.189005 -0.254412 0.674127
v 0.191877 -0.253538 0.670542
v 0.195276 -0.168000 0.681360
v 0.186566 -0.168000 0.707653
v 0.195276 -0.168000 0.681360
v 0.191877 -0.253538 0.670542
v 0.219636 -0.246232 0.639713
v 0.222452 -0.168000 0.649945
v 0.223069 -0.245725 0.637228
v 0.236276 -0.244053 0.628588
v 0.236806 -0.168000 0.639953
v 0.239120 -0.168000 0.638544
v 0.252076 -0.242690 0.620387
v 0.251496 -0.168000 0.631880
v 0.268651 -0.241900 0.613917
v 0.267850 -0.168000 0.625101
v 0.302173 -0.168000 0.617295
v 0.284804 -0.168000 0.620224
v 0.285826 -0.241689 0.609246
v 0.319758 -0.168000 0.616340
v 0.303406 -0.242060 0.606430
v 0.337297 -0.168000 0.617368
v 0.321210 -0.243012 0.605501
v 0.354623 -0.168000 0.620358
v 0.339036 -0.244536 0.606477
v 0.387956 -0.168000 0.632106
v 0.371614 -0.168000 0.625296
v 0.373973 -0.249237 0.614123
v 0.403413 -0.168000 0.640662
v 0.390682 -0.252368 0.620733
v 0.430727 -0.168000 0.662228
v 0.418032 -0.168000 0.651014
v 0.421606 -0.260031 0.639205
v 0.435417 -0.264470 0.650854
v 0.406617 -0.255977 0.629117
v 0.356690 -0.246617 0.609359
v 0.222452 -0.168000 0.649945
v 0.219636 -0.246232 0.639713
v 0.443982 -0.168000 0.681701
v 0.438949 -0.168000 0.672252
v 0.447766 -0.270301 0.667494
v 0.448701 -0.270961 0.669481
v 0.432541 -0.168000 0.664084
v 0.430727 -0.168000 0.662228
v 0.435417 -0.264470 0.650854
v 0.441927 -0.267081 0.658077
v 0.448707 -0.270965 0.669494
v 0.450635 -0.168000 0.694877
v 0.443982 -0.168000 0.681701
v 0.448707 -0.270965 0.669494
v 0.456412 -0.275710 0.683576
v 0.451591 -0.168000 0.696459
v 0.168950 -0.168000 0.792488
v 0.162944 -0.284352 0.780215
v 0.168758 -0.282032 0.771119
v 0.166379 -0.168000 0.800158
v 0.160589 -0.286140 0.786734
v 0.165628 -0.168000 0.808428
v 0.159395 -0.288100 0.793562
v 0.166666 -0.168000 0.816550
v 0.159301 -0.289753 0.799108
v 0.160456 -0.288504 0.806790
v 0.159946 -0.291420 0.804531
v 0.173402 -0.168000 0.785405
v 0.162564 -0.293783 0.811824
v 0.159946 -0.291420 0.804531
v 0.160456 -0.288504 0.806790
v 0.169143 -0.287411 0.837323
v 0.169852 -0.301464 0.835817
v 0.160736 -0.287632 0.807846
v 0.167842 -0.261639 0.840084
v 0.169852 -0.301464 0.835817
v 0.169143 -0.287411 0.837323
v 0.172411 -0.302238 0.843782
v 0.172498 -0.303974 0.843595
v 0.167845 -0.261627 0.840099
v 0.166666 -0.168000 0.816550
v 0.170263 -0.214808 0.843905
v 0.167862 -0.168000 0.821712
v 0.172679 -0.168000 0.847695
v 0.167848 -0.261616 0.840113
v 0.167842 -0.261639 0.840084
v 0.160736 -0.287632 0.807846
v 0.160456 -0.288504 0.806790
v 0.169143 -0.287411 0.837323
v 0.167842 -0.261639 0.840084
v 0.170856 -0.271336 0.847111
v 0.167845 -0.261627 0.840099
v 0.167848 -0.261616 0.840113
v 0.170010 -0.254531 0.848921
v 0.171702 -0.288142 0.845301
v 0.172056 -0.295190 0.844542
v 0.172411 -0.302238 0.843782
v 0.171782 -0.288429 0.845439
v 0.172155 -0.296213 0.844551
v 0.172056 -0.295190 0.844542
v 0.171702 -0.288142 0.845301
v 0.171742 -0.288285 0.845370
v 0.172528 -0.303997 0.843664
v 0.172411 -0.302238 0.843782
v 0.172498 -0.303974 0.843595
v 0.174477 -0.168000 0.855910
v 0.170020 -0.254506 0.848951
v 0.170263 -0.214808 0.843905
v 0.170015 -0.254518 0.848936
v 0.170010 -0.254531 0.848921
v 0.167848 -0.261616 0.840113
v 0.172679 -0.168000 0.847695
v 0.172863 -0.288770 0.848116
v 0.170015 -0.254518 0.848936
v 0.170020 -0.254506 0.848951
v 0.170856 -0.271336 0.847111
v 0.171742 -0.288285 0.845370
v 0.171702 -0.288142 0.845301
v 0.170010 -0.254531 0.848921
v 0.171782 -0.288429 0.845439
v 0.171030 -0.251887 0.852148
v 0.171030 -0.251887 0.852148
v 0.174477 -0.168000 0.855910
v 0.173601 -0.209393 0.856867
v 0.175080 -0.168000 0.857968
v 0.174601 -0.189524 0.858383
v 0.171518 -0.250785 0.853709
v 0.175684 -0.168000 0.860025
v 0.170020 -0.254506 0.848951
v 0.171727 -0.250458 0.854375
v 0.173601 -0.209393 0.856867
v 0.173028 -0.228874 0.856713
v 0.175884 -0.168000 0.860693
v 0.174022 -0.209131 0.858220
v 0.174601 -0.189524 0.858383
v 0.175684 -0.168000 0.860025
v 0.171952 -0.250263 0.855082
v 0.176091 -0.168000 0.861358
v 0.171518 -0.250785 0.853709
v 0.174339 -0.288794 0.852333
v 0.171518 -0.250785 0.853709
v 0.171727 -0.250458 0.854375
v 0.171952 -0.250263 0.855082
v 0.172863 -0.288770 0.848116
v 0.171030 -0.251887 0.852148
v 0.172188 -0.250190 0.855815
v 0.172422 -0.250209 0.856552
v 0.183153 -0.210377 0.887000
v 0.181200 -0.252753 0.884328
v 0.172422 -0.250209 0.856552
v 0.174022 -0.209131 0.858220
v 0.176091 -0.168000 0.861358
v 0.172188 -0.250190 0.855815
v 0.173028 -0.228874 0.856713
v 0.185105 -0.168000 0.889666
v 0.171952 -0.250263 0.855082
v 0.174339 -0.288794 0.852333
v 0.172422 -0.250209 0.856552
v 0.181988 -0.269755 0.882285
v 0.181200 -0.252753 0.884328
v 0.182776 -0.286758 0.880241
v 0.200403 -0.306417 0.888187
v 0.196707 -0.300786 0.890775
v 0.207209 -0.304575 0.910878
v 0.221992 -0.315386 0.920562
v 0.221563 -0.318778 0.909719
v 0.224003 -0.316765 0.921715
v 0.237274 -0.325464 0.928437
v 0.203135 -0.310496 0.886290
v 0.199479 -0.308773 0.881375
v 0.199326 -0.308688 0.881188
v 0.190325 -0.303304 0.870200
v 0.183457 -0.294594 0.867901
v 0.181610 -0.296856 0.859560
v 0.173367 -0.289805 0.848060
v 0.172863 -0.288770 0.848116
v 0.174339 -0.288794 0.852333
v 0.171782 -0.288429 0.845439
v 0.184057 -0.286907 0.883925
v 0.187363 -0.288582 0.890790
v 0.182776 -0.286758 0.880241
v 0.192184 -0.292202 0.897688
v 0.198653 -0.297618 0.904169
v 0.184057 -0.286907 0.883925
v 0.182776 -0.286758 0.880241
v 0.181988 -0.269755 0.882285
v 0.183972 -0.253405 0.891465
v 0.187363 -0.288582 0.890790
v 0.189410 -0.254263 0.900836
v 0.192184 -0.292202 0.897688
v 0.196470 -0.255019 0.909084
v 0.198653 -0.297618 0.904169
v 0.181200 -0.252753 0.884328
v 0.183972 -0.253405 0.891465
v 0.186115 -0.209874 0.894500
v 0.189339 -0.210397 0.900445
v 0.181200 -0.252753 0.884328
v 0.183153 -0.210377 0.887000
v 0.188989 -0.168000 0.899048
v 0.183895 -0.209433 0.889123
v 0.194948 -0.168001 0.908374
v 0.200785 -0.168000 0.914861
v 0.196470 -0.255019 0.909084
v 0.189410 -0.254263 0.900836
v 0.200919 -0.168000 0.914989
v 0.185105 -0.168000 0.889666
v 0.451591 -0.168000 0.696459
v 0.456412 -0.275710 0.683576
v 0.462252 -0.224307 0.704601
v 0.464009 -0.280069 0.696392
v 0.464862 -0.280615 0.698017
v 0.460999 -0.197280 0.707761
v 0.459641 -0.168000 0.711184
v 0.471259 -0.271700 0.711952
v 0.465742 -0.279486 0.699741
v 0.469697 -0.275650 0.708280
v 0.469261 -0.283787 0.707603
v 0.464862 -0.280615 0.698017
v 0.473069 -0.278589 0.717324
v 0.476384 -0.262733 0.726675
v 0.470213 -0.276066 0.709548
v 0.475451 -0.281125 0.725248
v 0.467417 -0.168000 0.726217
v 0.471259 -0.271700 0.711952
v 0.476384 -0.262733 0.726675
v 0.462252 -0.224307 0.704601
v 0.464862 -0.280615 0.698017
v 0.465742 -0.279486 0.699741
v 0.460999 -0.197280 0.707761
v 0.459641 -0.168000 0.711184
v 0.471676 -0.168000 0.737020
v 0.484429 -0.291748 0.758683
v 0.486954 -0.241805 0.762536
v 0.486488 -0.242545 0.760936
v 0.477784 -0.283887 0.733941
v 0.479938 -0.286436 0.741966
v 0.476384 -0.262733 0.726675
v 0.475451 -0.281125 0.725248
v 0.486964 -0.241603 0.762551
v 0.477478 -0.168000 0.753752
v 0.486488 -0.242545 0.760936
v 0.486964 -0.241603 0.762551
v 0.483271 -0.168000 0.770487
v 0.471676 -0.168000 0.737020
v 0.476384 -0.262733 0.726675
v 0.493460 -0.243620 0.784576
v 0.486954 -0.241805 0.762536
v 0.484429 -0.291748 0.758683
v 0.486964 -0.241603 0.762551
v 0.490504 -0.298465 0.779732
v 0.483271 -0.168000 0.770487
v 0.486964 -0.241603 0.762551
v 0.491421 -0.205810 0.788161
v 0.493460 -0.243620 0.784576
v 0.489381 -0.168000 0.791742
v 0.493460 -0.243620 0.784577
v 0.491421 -0.205810 0.788161
v 0.493460 -0.243620 0.784577
v 0.495564 -0.244591 0.795195
v 0.490867 -0.168000 0.798250
v 0.489381 -0.168000 0.791742
v 0.495777 -0.244826 0.797761
v 0.491646 -0.168000 0.805284
v 0.495808 -0.245439 0.804463
v 0.491727 -0.168000 0.808398
v 0.495084 -0.246048 0.811127
v 0.492939 -0.207024 0.815067
v 0.490790 -0.168000 0.819010
v 0.267850 -0.168000 0.625101
v 0.284804 -0.168000 0.620224
v 0.302173 -0.168000 0.617295
v 0.319758 -0.168000 0.616340
v 0.251496 -0.168000 0.631880
v 0.337297 -0.168000 0.617368
v 0.354623 -0.168000 0.620358
v 0.371614 -0.168000 0.625296
v 0.387956 -0.168000 0.632106
v 0.443982 -0.168000 0.681701
v 0.187437 -0.168000 0.696837
v 0.190428 -0.167999 0.688593
v 0.403413 -0.168000 0.640662
v 0.186484 -0.168000 0.705108
v 0.239120 -0.168000 0.638544
v 0.432541 -0.168000 0.664084
v 0.438949 -0.168000 0.672252
v 0.418032 -0.168000 0.651014
v 0.195276 -0.168000 0.681360
v 0.222452 -0.168000 0.649945
v 0.186566 -0.168000 0.707653
v 0.176091 -0.168000 0.861358
v 0.317828 -0.168000 0.962533
v 0.299489 -0.168000 0.961392
v 0.354461 -0.168000 0.958862
v 0.336239 -0.168000 0.961689
v 0.430727 -0.168000 0.662228
v 0.185105 -0.168000 0.889666
v 0.200785 -0.168000 0.914861
v 0.194948 -0.168001 0.908374
v 0.230283 -0.168000 0.937545
v 0.214970 -0.168000 0.927041
v 0.236806 -0.168000 0.639953
v 0.188989 -0.168000 0.899048
v 0.246423 -0.168000 0.946232
v 0.281294 -0.168000 0.958266
v 0.200919 -0.168000 0.914989
v 0.261667 -0.168000 0.952536
v 0.369175 -0.168000 0.955067
v 0.405242 -0.168000 0.939892
v 0.388752 -0.168000 0.948034
v 0.435344 -0.168000 0.918400
v 0.420817 -0.168001 0.929997
v 0.188703 -0.168000 0.742474
v 0.459641 -0.168000 0.711184
v 0.467417 -0.168000 0.726217
v 0.188549 -0.168000 0.737467
v 0.187649 -0.168000 0.754154
v 0.489381 -0.168000 0.791742
v 0.490867 -0.168000 0.798250
v 0.491727 -0.168000 0.808398
v 0.490790 -0.168000 0.819010
v 0.184669 -0.168000 0.765404
v 0.448376 -0.168000 0.905487
v 0.166379 -0.168000 0.800158
v 0.168950 -0.168000 0.792488
v 0.263715 -0.168000 0.953254
v 0.471676 -0.168000 0.737020
v 0.450635 -0.168000 0.694877
v 0.451591 -0.168000 0.696459
v 0.491646 -0.168000 0.805284
v 0.478557 -0.168000 0.859076
v 0.474677 -0.168000 0.867261
v 0.489619 -0.168000 0.824984
v 0.459993 -0.168000 0.891231
v 0.165628 -0.168000 0.808428
v 0.175884 -0.168000 0.860693
v 0.371404 -0.168000 0.954385
v 0.483271 -0.168000 0.770487
v 0.477478 -0.168000 0.753752
v 0.484610 -0.168000 0.843397
v 0.485181 -0.168000 0.841646
v 0.461615 -0.168000 0.888972
v 0.470318 -0.168000 0.875333
v 0.166666 -0.168000 0.816550
v 0.175080 -0.168000 0.857968
v 0.174477 -0.168000 0.855910
v 0.175684 -0.168000 0.860025
v 0.167862 -0.168000 0.821712
v 0.172679 -0.168000 0.847695
v 0.179899 -0.168000 0.775866
v 0.173402 -0.168000 0.785405
v 0.492744 -0.303358 0.795569
v 0.491767 -0.306461 0.806166
v 0.495084 -0.246051 0.811129
v 0.495084 -0.246048 0.811127
v 0.495808 -0.245439 0.804463
v 0.495777 -0.244826 0.797761
v 0.495564 -0.244591 0.795195
v 0.493460 -0.243620 0.784577
v 0.490504 -0.298465 0.779732
v 0.491976 -0.300514 0.786239
v 0.493460 -0.243620 0.784576
v 0.475447 -0.303491 0.800005
v 0.470564 -0.310525 0.824645
v 0.487528 -0.311409 0.823687
v 0.485385 -0.313253 0.830343
v 0.481672 -0.315921 0.840118
v 0.491976 -0.300514 0.786239
v 0.490504 -0.298465 0.779732
v 0.491767 -0.306461 0.806166
v 0.492744 -0.303358 0.795569
v 0.474175 -0.282528 0.730232
v 0.476290 -0.296059 0.774970
v 0.479938 -0.286436 0.741966
v 0.484429 -0.291748 0.758683
v 0.475451 -0.281125 0.725248
v 0.473745 -0.280758 0.724418
v 0.477784 -0.283887 0.733941
v 0.473175 -0.279479 0.720273
v 0.473069 -0.278589 0.717324
v 0.471681 -0.277468 0.713897
v 0.470213 -0.276066 0.709548
v 0.469697 -0.275650 0.708280
v 0.214259 -0.314471 0.897010
v 0.199479 -0.308773 0.881375
v 0.203135 -0.310496 0.886290
v 0.232061 -0.319927 0.911133
v 0.221563 -0.318778 0.909719
v 0.237274 -0.325464 0.928437
v 0.251707 -0.324681 0.922487
v 0.244114 -0.326932 0.931766
v 0.261209 -0.330145 0.938559
v 0.273089 -0.328687 0.930941
v 0.274370 -0.332214 0.942435
v 0.295478 -0.331788 0.936139
v 0.278893 -0.332849 0.943513
v 0.296787 -0.335000 0.946570
v 0.315095 -0.336625 0.947775
v 0.318618 -0.333934 0.937969
v 0.333360 -0.337680 0.947084
v 0.341747 -0.335041 0.936326
v 0.351553 -0.338162 0.944496
v 0.364444 -0.335084 0.931231
v 0.366672 -0.335034 0.930551
v 0.371571 -0.338011 0.939368
v 0.377551 -0.337842 0.937423
v 0.369343 -0.338061 0.940049
v 0.379060 -0.334586 0.926193
v 0.394471 -0.336965 0.930589
v 0.390961 -0.333806 0.920837
v 0.410886 -0.335491 0.921870
v 0.402380 -0.332697 0.914493
v 0.425977 -0.333491 0.911701
v 0.413235 -0.331265 0.907202
v 0.439940 -0.330958 0.900012
v 0.432649 -0.327545 0.890285
v 0.423323 -0.329545 0.899123
v 0.452971 -0.327818 0.886506
v 0.441220 -0.325268 0.880695
v 0.463903 -0.324374 0.872473
v 0.448992 -0.322721 0.870390
v 0.461668 -0.317011 0.848379
v 0.473835 -0.320271 0.856464
v 0.369343 -0.338061 0.940049
v 0.369777 -0.310000 0.944043
v 0.372004 -0.310000 0.943355
v 0.371571 -0.338011 0.939368
v 0.369175 -0.168000 0.955067
v 0.371404 -0.168000 0.954385
v 0.370443 -0.178022 0.954312
v 0.371558 -0.178048 0.953970
v 0.369328 -0.178006 0.954654
v 0.354461 -0.168000 0.958862
v 0.369175 -0.168000 0.955067
v 0.365432 -0.178030 0.955795
v 0.369328 -0.178006 0.954654
v 0.336239 -0.168000 0.961689
v 0.351206 -0.179150 0.959092
v 0.306796 -0.192659 0.961127
v 0.299489 -0.168000 0.961392
v 0.317828 -0.168000 0.962533
v 0.292627 -0.200323 0.959212
v 0.281294 -0.168000 0.958266
v 0.277679 -0.211840 0.955762
v 0.277103 -0.212404 0.955598
v 0.282279 -0.207699 0.956991
v 0.263715 -0.168000 0.953254
v 0.273196 -0.216561 0.954414
v 0.265880 -0.226430 0.951865
v 0.261667 -0.168000 0.952536
v 0.238298 -0.257780 0.939256
v 0.257624 -0.246082 0.948276
v 0.256104 -0.256189 0.947340
v 0.246423 -0.168000 0.946232
v 0.260860 -0.236158 0.949813
v 0.258533 -0.242681 0.948736
v 0.222255 -0.256919 0.929840
v 0.208249 -0.255977 0.919565
v 0.214970 -0.168000 0.927041
v 0.196470 -0.255019 0.909084
v 0.200919 -0.168000 0.914989
v 0.230283 -0.168000 0.937545
v 0.255987 -0.258510 0.947213
v 0.321696 -0.186425 0.961802
v 0.336587 -0.181927 0.961114
v 0.351553 -0.338162 0.944496
v 0.351910 -0.310000 0.948528
v 0.369777 -0.310000 0.944043
v 0.333764 -0.310000 0.951059
v 0.333360 -0.337680 0.947084
v 0.315095 -0.336625 0.947775
v 0.296787 -0.335000 0.946570
v 0.299790 -0.310000 0.950569
v 0.287121 -0.308261 0.948889
v 0.296615 -0.309892 0.950191
v 0.278893 -0.332849 0.943513
v 0.278408 -0.304860 0.947487
v 0.274370 -0.332214 0.942435
v 0.270890 -0.300008 0.946174
v 0.261209 -0.330145 0.938559
v 0.265286 -0.294588 0.945224
v 0.260832 -0.288135 0.944639
v 0.208249 -0.255977 0.919565
v 0.207209 -0.304575 0.910878
v 0.198653 -0.297618 0.904169
v 0.222255 -0.256919 0.929840
v 0.221992 -0.315386 0.920562
v 0.224003 -0.316765 0.921715
v 0.238298 -0.257780 0.939256
v 0.237274 -0.325464 0.928437
v 0.244114 -0.326932 0.931766
v 0.257873 -0.280917 0.944614
v 0.256617 -0.273143 0.945285
v 0.255987 -0.258510 0.947213
v 0.255991 -0.258584 0.947203
v 0.256304 -0.265864 0.946244
v 0.196470 -0.255019 0.909084
v 0.315268 -0.310000 0.951631
v 0.369343 -0.338061 0.940049
v 0.256104 -0.256189 0.947340
v 0.257624 -0.246082 0.948276
v 0.259789 -0.249083 0.957041
v 0.258920 -0.259708 0.956744
v 0.255987 -0.258510 0.947213
v 0.255991 -0.258584 0.947203
v 0.258533 -0.242681 0.948736
v 0.261236 -0.242667 0.957527
v 0.260860 -0.236158 0.949813
v 0.262474 -0.238749 0.957932
v 0.265880 -0.226430 0.951865
v 0.266945 -0.228765 0.959316
v 0.267997 -0.226254 0.958452
v 0.273196 -0.216561 0.954414
v 0.279793 -0.211824 0.962626
v 0.273203 -0.219253 0.961050
v 0.277103 -0.212404 0.955598
v 0.277679 -0.211840 0.955762
v 0.282279 -0.207699 0.956991
v 0.292627 -0.200323 0.959212
v 0.289731 -0.203460 0.964534
v 0.280231 -0.211393 0.962722
v 0.294502 -0.200302 0.965253
v 0.296615 -0.309892 0.950191
v 0.287121 -0.308261 0.948889
v 0.286065 -0.306229 0.963895
v 0.295092 -0.309040 0.965334
v 0.304486 -0.310000 0.966355
v 0.299790 -0.310000 0.950569
v 0.277653 -0.301605 0.962142
v 0.278408 -0.304860 0.947487
v 0.270890 -0.300008 0.946174
v 0.274712 -0.299388 0.961433
v 0.270398 -0.295342 0.960301
v 0.265286 -0.294588 0.945224
v 0.260832 -0.288135 0.944639
v 0.263928 -0.286124 0.958395
v 0.265041 -0.288165 0.958742
v 0.257873 -0.280917 0.944614
v 0.261782 -0.280968 0.957707
v 0.256617 -0.273143 0.945285
v 0.260150 -0.273143 0.957164
v 0.256304 -0.265864 0.946244
v 0.255991 -0.258584 0.947203
v 0.258920 -0.259708 0.956744
v 0.256617 -0.273143 0.945285
v 0.259535 -0.266417 0.956955
v 0.260150 -0.273143 0.957164
v 0.351421 -0.310000 0.964341
v 0.385621 -0.310000 0.955108
v 0.369777 -0.310000 0.944043
v 0.375972 -0.310000 0.942075
v 0.372004 -0.310000 0.943355
v 0.392242 -0.310000 0.935671
v 0.417467 -0.310000 0.939591
v 0.408654 -0.310000 0.927131
v 0.315268 -0.310000 0.951631
v 0.299790 -0.310000 0.950569
v 0.304486 -0.310000 0.966355
v 0.316093 -0.310000 0.966959
v 0.333764 -0.310000 0.951059
v 0.351910 -0.310000 0.948528
v 0.428731 -0.310000 0.932140
v 0.424043 -0.310000 0.916888
v 0.306796 -0.192659 0.961127
v 0.321696 -0.186425 0.961802
v 0.314582 -0.189867 0.966921
v 0.292627 -0.200323 0.959212
v 0.300661 -0.196710 0.965997
v 0.294502 -0.200302 0.965253
v 0.328743 -0.184567 0.966795
v 0.336587 -0.181927 0.961114
v 0.343147 -0.180787 0.965562
v 0.365432 -0.178030 0.955795
v 0.369957 -0.178000 0.960203
v 0.357449 -0.178604 0.963211
v 0.351206 -0.179150 0.959092
v 0.351393 -0.179337 0.964346
v 0.399487 -0.181853 0.949265
v 0.385768 -0.179080 0.955053
v 0.385042 -0.179215 0.949181
v 0.371648 -0.178015 0.959726
v 0.371558 -0.178048 0.953970
v 0.369328 -0.178006 0.954654
v 0.370443 -0.178022 0.954312
v 0.421748 -0.191896 0.928688
v 0.425209 -0.192702 0.934596
v 0.417535 -0.188570 0.939549
v 0.410098 -0.186101 0.936510
v 0.412712 -0.186391 0.942399
v 0.397837 -0.181888 0.943366
v 0.436447 -0.200493 0.926319
v 0.432362 -0.199078 0.920287
v 0.434242 -0.200578 0.918657
v 0.286065 -0.306229 0.963895
v 0.262474 -0.238749 0.957932
v 0.266945 -0.228765 0.959316
v 0.273203 -0.219253 0.961050
v 0.261236 -0.242667 0.957527
v 0.259535 -0.266417 0.956955
v 0.258920 -0.259708 0.956744
v 0.259789 -0.249083 0.957041
v 0.279793 -0.211824 0.962626
v 0.269297 -0.292756 0.959995
v 0.263928 -0.286124 0.958395
v 0.261782 -0.280968 0.957707
v 0.260150 -0.273143 0.957164
v 0.274712 -0.299388 0.961433
v 0.270398 -0.295342 0.960301
v 0.265041 -0.288165 0.958742
v 0.277653 -0.301605 0.962142
v 0.316093 -0.310000 0.966959
v 0.294502 -0.200302 0.965253
v 0.300661 -0.196710 0.965997
v 0.295092 -0.309040 0.965334
v 0.280231 -0.211393 0.962722
v 0.289731 -0.203460 0.964534
v 0.304486 -0.310000 0.966355
v 0.351421 -0.310000 0.964341
v 0.314582 -0.189867 0.966921
v 0.328743 -0.184567 0.966795
v 0.343147 -0.180787 0.965562
v 0.385621 -0.310000 0.955108
v 0.369957 -0.178000 0.960203
v 0.371648 -0.178015 0.959726
v 0.357449 -0.178604 0.963211
v 0.351393 -0.179337 0.964346
v 0.412712 -0.186391 0.942399
v 0.417535 -0.188570 0.939549
v 0.385768 -0.179080 0.955053
v 0.399487 -0.181853 0.949265
v 0.453533 -0.287960 0.910912
v 0.461410 -0.271027 0.902361
v 0.460597 -0.279168 0.903294
v 0.458630 -0.286572 0.905502
v 0.455386 -0.293623 0.908995
v 0.450873 -0.299856 0.913571
v 0.445139 -0.304894 0.918958
v 0.461575 -0.262702 0.902170
v 0.461226 -0.248552 0.902574
v 0.461740 -0.254385 0.901979
v 0.459226 -0.237734 0.904841
v 0.458036 -0.233486 0.906155
v 0.445693 -0.209761 0.918456
v 0.450569 -0.216734 0.913868
v 0.455674 -0.226887 0.908692
v 0.444145 -0.207905 0.919847
v 0.417467 -0.310000 0.939591
v 0.425209 -0.192702 0.934596
v 0.438382 -0.308343 0.924758
v 0.430901 -0.309920 0.930566
v 0.440248 -0.307605 0.923211
v 0.436447 -0.200493 0.926319
v 0.428731 -0.310000 0.932140
v 0.458804 -0.253501 0.892351
v 0.457779 -0.271027 0.890547
v 0.461575 -0.262702 0.902170
v 0.461410 -0.271027 0.902361
v 0.461740 -0.254385 0.901979
v 0.458805 -0.253487 0.892351
v 0.460597 -0.279168 0.903294
v 0.461410 -0.271027 0.902361
v 0.457678 -0.272434 0.890425
v 0.457779 -0.271027 0.890547
v 0.453808 -0.288151 0.892406
v 0.458630 -0.286572 0.905502
v 0.456372 -0.280441 0.890645
v 0.449936 -0.295284 0.895632
v 0.455386 -0.293623 0.908995
v 0.447381 -0.298660 0.897847
v 0.450873 -0.299856 0.913571
v 0.438499 -0.306125 0.905460
v 0.445139 -0.304894 0.918958
v 0.444799 -0.301403 0.900089
v 0.440248 -0.307605 0.923211
v 0.438382 -0.308343 0.924758
v 0.431494 -0.309019 0.911162
v 0.424043 -0.310000 0.916888
v 0.428731 -0.310000 0.932140
v 0.430901 -0.309920 0.930566
v 0.450569 -0.216734 0.913868
v 0.448950 -0.216588 0.908873
v 0.452661 -0.222233 0.907799
v 0.443381 -0.209853 0.910492
v 0.444145 -0.207905 0.919847
v 0.436447 -0.200493 0.926319
v 0.434242 -0.200578 0.918657
v 0.439667 -0.205645 0.913689
v 0.445693 -0.209761 0.918456
v 0.451267 -0.222988 0.901561
v 0.458036 -0.233486 0.906155
v 0.455020 -0.232725 0.897135
v 0.459226 -0.237734 0.904841
v 0.457512 -0.242891 0.894036
v 0.461226 -0.248552 0.902574
v 0.458804 -0.253501 0.892351
v 0.461740 -0.254385 0.901979
v 0.446184 -0.213888 0.907147
v 0.455674 -0.226887 0.908692
v 0.371404 -0.168000 0.954385
v 0.388752 -0.168000 0.948034
v 0.385042 -0.179215 0.949181
v 0.405242 -0.168000 0.939892
v 0.397837 -0.181888 0.943366
v 0.410098 -0.186101 0.936510
v 0.435344 -0.168000 0.918400
v 0.432362 -0.199078 0.920287
v 0.421748 -0.191896 0.928688
v 0.434242 -0.200578 0.918657
v 0.448376 -0.168000 0.905487
v 0.439667 -0.205645 0.913689
v 0.446184 -0.213888 0.907147
v 0.459993 -0.168000 0.891231
v 0.451267 -0.222988 0.901561
v 0.455020 -0.232725 0.897135
v 0.457512 -0.242891 0.894036
v 0.458805 -0.253487 0.892351
v 0.458804 -0.253501 0.892351
v 0.461615 -0.168000 0.888972
v 0.467951 -0.252342 0.879847
v 0.465338 -0.252692 0.883661
v 0.470318 -0.168000 0.875333
v 0.474677 -0.168000 0.867261
v 0.478556 -0.250676 0.861650
v 0.477765 -0.250818 0.863196
v 0.485301 -0.247326 0.846476
v 0.485293 -0.248544 0.846561
v 0.485450 -0.245218 0.845983
v 0.485783 -0.243150 0.845002
v 0.486848 -0.239985 0.841925
v 0.486363 -0.241096 0.843332
v 0.478557 -0.168000 0.859076
v 0.484610 -0.168000 0.843397
v 0.488234 -0.238457 0.837786
v 0.487804 -0.238717 0.839094
v 0.489619 -0.168000 0.824984
v 0.489368 -0.238639 0.834236
v 0.485181 -0.168000 0.841646
v 0.489633 -0.238879 0.833386
v 0.490643 -0.240725 0.830099
v 0.491382 -0.243733 0.827730
v 0.491762 -0.247478 0.826723
v 0.492939 -0.207024 0.815067
v 0.495084 -0.246048 0.811127
v 0.495084 -0.246051 0.811129
v 0.490790 -0.168000 0.819010
v 0.485316 -0.249293 0.846542
v 0.420817 -0.168001 0.929997
v 0.371558 -0.178048 0.953970
v 0.491767 -0.306461 0.806166
v 0.491720 -0.248232 0.826659
v 0.491720 -0.248224 0.826660
v 0.491192 -0.252447 0.827429
v 0.487528 -0.311409 0.823687
v 0.488905 -0.258030 0.833907
v 0.485385 -0.313253 0.830343
v 0.487568 -0.258253 0.838032
v 0.490216 -0.255959 0.830007
v 0.481672 -0.315921 0.840118
v 0.487334 -0.258109 0.838766
v 0.486302 -0.256636 0.842101
v 0.478556 -0.250676 0.861650
v 0.485481 -0.253436 0.845113
v 0.486013 -0.255867 0.843089
v 0.485316 -0.249293 0.846542
v 0.473835 -0.320271 0.856464
v 0.477765 -0.250818 0.863196
v 0.467951 -0.252342 0.879847
v 0.463903 -0.324374 0.872473
v 0.465338 -0.252692 0.883661
v 0.371571 -0.338011 0.939368
v 0.372004 -0.310000 0.943355
v 0.375972 -0.310000 0.942075
v 0.377551 -0.337842 0.937423
v 0.392242 -0.310000 0.935671
v 0.394471 -0.336965 0.930589
v 0.408654 -0.310000 0.927131
v 0.410886 -0.335491 0.921870
v 0.424043 -0.310000 0.916888
v 0.425977 -0.333491 0.911701
v 0.431494 -0.309019 0.911162
v 0.439940 -0.330958 0.900012
v 0.452971 -0.327818 0.886506
v 0.438499 -0.306125 0.905460
v 0.444799 -0.301403 0.900089
v 0.447381 -0.298660 0.897847
v 0.449936 -0.295284 0.895632
v 0.453808 -0.288151 0.892406
v 0.457678 -0.272434 0.890425
v 0.457779 -0.271027 0.890547
v 0.456372 -0.280441 0.890645
v 0.458805 -0.253487 0.892351
v 0.491762 -0.247478 0.826723
v 0.495084 -0.246051 0.811129
v 0.491720 -0.248232 0.826659
v 0.491192 -0.252447 0.827429
v 0.498544 -0.251987 0.832102
v 0.499007 -0.248689 0.831741
v 0.491720 -0.248224 0.826660
v 0.490216 -0.255959 0.830007
v 0.496830 -0.256060 0.834189
v 0.488905 -0.258030 0.833907
v 0.491474 -0.258373 0.841658
v 0.494269 -0.258373 0.837649
v 0.487568 -0.258253 0.838032
v 0.489112 -0.256060 0.845257
v 0.486302 -0.256636 0.842101
v 0.487334 -0.258109 0.838766
v 0.486013 -0.255867 0.843089
v 0.485481 -0.253436 0.845113
v 0.485316 -0.249293 0.846542
v 0.487568 -0.248689 0.848146
v 0.487747 -0.251987 0.847587
v 0.485293 -0.248544 0.846561
v 0.488030 -0.245391 0.847785
v 0.487568 -0.248689 0.848146
v 0.485301 -0.247326 0.846476
v 0.485293 -0.248544 0.846561
v 0.485450 -0.245218 0.845983
v 0.485783 -0.243150 0.845002
v 0.489745 -0.241318 0.845699
v 0.486363 -0.241096 0.843332
v 0.486848 -0.239985 0.841925
v 0.492306 -0.239005 0.842238
v 0.495101 -0.239005 0.838229
v 0.487804 -0.238717 0.839094
v 0.488234 -0.238457 0.837786
v 0.497463 -0.241318 0.834630
v 0.489368 -0.238639 0.834236
v 0.489633 -0.238879 0.833386
v 0.498828 -0.245391 0.832300
v 0.490643 -0.240725 0.830099
v 0.491762 -0.247478 0.826723
v 0.499007 -0.248689 0.831741
v 0.491382 -0.243733 0.827730
v 0.491720 -0.248224 0.826660
v 0.489112 -0.256060 0.845257
v 0.496830 -0.256060 0.834189
v 0.494269 -0.258373 0.837649
v 0.497463 -0.241318 0.834630
v 0.489745 -0.241318 0.845699
v 0.492306 -0.239005 0.842238
v 0.498544 -0.251987 0.832102
v 0.488030 -0.245391 0.847785
v 0.491474 -0.258373 0.841658
v 0.495101 -0.239005 0.838229
v 0.487747 -0.251987 0.847587
v 0.499007 -0.248689 0.831741
v 0.498828 -0.245391 0.832300
v 0.487568 -0.248689 0.848146
v 0.393000 -0.155959 1.136500
v 0.386500 -0.155959 1.136500
v 0.386500 -0.156395 1.143000
v 0.388000 -0.156863 1.150000
v 0.403000 -0.155859 1.135000
v 0.393000 -0.155758 1.133500
v 0.388000 -0.154854 1.120000
v 0.386500 -0.155323 1.127000
v 0.355397 -0.155447 1.128846
v 0.360143 -0.155641 1.131744
v 0.362114 -0.155513 1.129845
v 0.386500 -0.155758 1.133500
v 0.357337 -0.155828 1.134543
v 0.349000 -0.155959 1.136500
v 0.356302 -0.155933 1.136104
v 0.368474 -0.155189 1.125000
v 0.383500 -0.155323 1.127000
v 0.363066 -0.155758 1.133502
v 0.360005 -0.155975 1.136731
v 0.364115 -0.156099 1.138590
v 0.366932 -0.155472 1.129222
v 0.367962 -0.156124 1.138966
v 0.338000 -0.156863 1.150000
v 0.383500 -0.156395 1.143000
v 0.362440 -0.156526 1.144957
v 0.377000 -0.155758 1.133500
v 0.377000 -0.155959 1.136500
v 0.361615 -0.156305 1.141667
v 0.362929 -0.156282 1.141323
v 0.363611 -0.156235 1.140617
v 0.364098 -0.156114 1.138819
v 0.359244 -0.156129 1.139042
v 0.359541 -0.156227 1.140500
v 0.355397 -0.156164 1.139559
v 0.356441 -0.156380 1.142781
v 0.355509 -0.156241 1.140710
v 0.338000 -0.154854 1.120000
v 0.333000 -0.155758 1.133500
v 0.349000 -0.155758 1.133500
v 0.365228 -0.156465 1.144059
v 0.383500 -0.155758 1.133500
v 0.361087 -0.156302 1.141622
v 0.360185 -0.156278 1.141257
v 0.355397 -0.155189 1.125000
v 0.323000 -0.155859 1.135000
v 0.366898 -0.156358 1.142454
v 0.383500 -0.155959 1.136500
v 0.362829 -0.155447 1.128846
v 0.358196 -0.156480 1.144273
v 0.333000 -0.155959 1.136500
v 0.361535 -0.156528 1.145000
v 0.357337 -0.155828 1.134543
v 0.357337 -0.153824 1.134543
v 0.358792 -0.153720 1.132989
v 0.361536 -0.153549 1.130444
v 0.362114 -0.155513 1.129845
v 0.360143 -0.155641 1.131744
v 0.362829 -0.153442 1.128846
v 0.362829 -0.155447 1.128846
v 0.363066 -0.153754 1.133502
v 0.361536 -0.153549 1.130444
v 0.358792 -0.153720 1.132989
v 0.366943 -0.153466 1.129206
v 0.362829 -0.153442 1.128846
v 0.356062 -0.154337 1.142207
v 0.359522 -0.154220 1.140462
v 0.359304 -0.154174 1.139771
v 0.356428 -0.154374 1.142764
v 0.359679 -0.154238 1.140735
v 0.360005 -0.153970 1.136731
v 0.355397 -0.154160 1.139559
v 0.359244 -0.154125 1.139042
v 0.357702 -0.154455 1.143974
v 0.360187 -0.154273 1.141258
v 0.358354 -0.154481 1.144353
v 0.360408 -0.154283 1.141397
v 0.360339 -0.154519 1.144927
v 0.361535 -0.154524 1.145000
v 0.361615 -0.154301 1.141667
v 0.365090 -0.154466 1.144141
v 0.362817 -0.154282 1.141389
v 0.368386 -0.153225 1.125611
v 0.361829 -0.154300 1.141655
v 0.357337 -0.153824 1.134543
v 0.359811 -0.153992 1.137058
v 0.355551 -0.154060 1.138080
v 0.366882 -0.154355 1.142479
v 0.363545 -0.154237 1.140722
v 0.367908 -0.154149 1.139396
v 0.364115 -0.154095 1.138590
v 0.355397 -0.153185 1.125000
v 0.367962 -0.154120 1.138966
v 0.355397 -0.153442 1.128846
v 0.368474 -0.153185 1.125000
v 0.355397 -0.156164 1.139559
v 0.355397 -0.154160 1.139559
v 0.355551 -0.154060 1.138080
v 0.357337 -0.153824 1.134543
v 0.357337 -0.155828 1.134543
v 0.356302 -0.155933 1.136104
v 0.358196 -0.156480 1.144273
v 0.361535 -0.156528 1.145000
v 0.360339 -0.154519 1.144927
v 0.361535 -0.154524 1.145000
v 0.356441 -0.156380 1.142781
v 0.357702 -0.154455 1.143974
v 0.358354 -0.154481 1.144353
v 0.356428 -0.154374 1.142764
v 0.356062 -0.154337 1.142207
v 0.355397 -0.154160 1.139559
v 0.355397 -0.156164 1.139559
v 0.355509 -0.156241 1.140710
v 0.366898 -0.156358 1.142454
v 0.367962 -0.156124 1.138966
v 0.367908 -0.154149 1.139396
v 0.367962 -0.154120 1.138966
v 0.365090 -0.154466 1.144141
v 0.365228 -0.156465 1.144059
v 0.361535 -0.154524 1.145000
v 0.361535 -0.156528 1.145000
v 0.362440 -0.156526 1.144957
v 0.366882 -0.154355 1.142479
v 0.367962 -0.154120 1.138966
v 0.367962 -0.156124 1.138966
v 0.364115 -0.156099 1.138590
v 0.364115 -0.154095 1.138590
v 0.362929 -0.156282 1.141323
v 0.361615 -0.156305 1.141667
v 0.361829 -0.154300 1.141655
v 0.361615 -0.154301 1.141667
v 0.362817 -0.154282 1.141389
v 0.363545 -0.154237 1.140722
v 0.364115 -0.154095 1.138590
v 0.364115 -0.156099 1.138590
v 0.364098 -0.156114 1.138819
v 0.363611 -0.156235 1.140617
v 0.359541 -0.156227 1.140500
v 0.359244 -0.156129 1.139042
v 0.359304 -0.154174 1.139771
v 0.359244 -0.154125 1.139042
v 0.360185 -0.156278 1.141257
v 0.359679 -0.154238 1.140735
v 0.359522 -0.154220 1.140462
v 0.360187 -0.154273 1.141258
v 0.360408 -0.154283 1.141397
v 0.361615 -0.154301 1.141667
v 0.361615 -0.156305 1.141667
v 0.361087 -0.156302 1.141622
v 0.359244 -0.156129 1.139042
v 0.360005 -0.155975 1.136731
v 0.359811 -0.153992 1.137058
v 0.359244 -0.154125 1.139042
v 0.360005 -0.153970 1.136731
v 0.360005 -0.153970 1.136731
v 0.360005 -0.155975 1.136731
v 0.363066 -0.155758 1.133502
v 0.363066 -0.153754 1.133502
v 0.366932 -0.155472 1.129222
v 0.368474 -0.155189 1.125000
v 0.368386 -0.153225 1.125611
v 0.368474 -0.153185 1.125000
v 0.363066 -0.153754 1.133502
v 0.363066 -0.155758 1.133502
v 0.366943 -0.153466 1.129206
v 0.355397 -0.153185 1.125000
v 0.368474 -0.153185 1.125000
v 0.368474 -0.155189 1.125000
v 0.355397 -0.155189 1.125000
v 0.355397 -0.153442 1.128846
v 0.355397 -0.153185 1.125000
v 0.355397 -0.155189 1.125000
v 0.355397 -0.155447 1.128846
v 0.362829 -0.153442 1.128846
v 0.355397 -0.153442 1.128846
v 0.355397 -0.155447 1.128846
v 0.362829 -0.155447 1.128846
v 0.333000 -0.153754 1.133500
v 0.349000 -0.153754 1.133500
v 0.349000 -0.155758 1.133500
v 0.333000 -0.155758 1.133500
v 0.333000 -0.153955 1.136500
v 0.333000 -0.153754 1.133500
v 0.333000 -0.155758 1.133500
v 0.333000 -0.155959 1.136500
v 0.349000 -0.153955 1.136500
v 0.333000 -0.153955 1.136500
v 0.333000 -0.155959 1.136500
v 0.349000 -0.155959 1.136500
v 0.349000 -0.153955 1.136500
v 0.349000 -0.155959 1.136500
v 0.349000 -0.155758 1.133500
v 0.349000 -0.153754 1.133500
v 0.333000 -0.153955 1.136500
v 0.349000 -0.153955 1.136500
v 0.349000 -0.153754 1.133500
v 0.333000 -0.153754 1.133500
v 0.386500 -0.153754 1.133500
v 0.393000 -0.153754 1.133500
v 0.393000 -0.155758 1.133500
v 0.386500 -0.155758 1.133500
v 0.377000 -0.153955 1.136500
v 0.383500 -0.153955 1.136500
v 0.383500 -0.153754 1.133500
v 0.393000 -0.153754 1.133500
v 0.386500 -0.153754 1.133500
v 0.386500 -0.153955 1.136500
v 0.383500 -0.153318 1.127000
v 0.386500 -0.154390 1.143000
v 0.386500 -0.153318 1.127000
v 0.383500 -0.154390 1.143000
v 0.393000 -0.153955 1.136500
v 0.377000 -0.153754 1.133500
v 0.386500 -0.155323 1.127000
v 0.386500 -0.153318 1.127000
v 0.386500 -0.153754 1.133500
v 0.386500 -0.155758 1.133500
v 0.383500 -0.153318 1.127000
v 0.386500 -0.153318 1.127000
v 0.386500 -0.155323 1.127000
v 0.383500 -0.155323 1.127000
v 0.383500 -0.155323 1.127000
v 0.383500 -0.155758 1.133500
v 0.383500 -0.153754 1.133500
v 0.383500 -0.153318 1.127000
v 0.377000 -0.153754 1.133500
v 0.383500 -0.153754 1.133500
v 0.383500 -0.155758 1.133500
v 0.377000 -0.155758 1.133500
v 0.377000 -0.153955 1.136500
v 0.377000 -0.153754 1.133500
v 0.377000 -0.155758 1.133500
v 0.377000 -0.155959 1.136500
v 0.383500 -0.153955 1.136500
v 0.377000 -0.153955 1.136500
v 0.377000 -0.155959 1.136500
v 0.383500 -0.155959 1.136500
v 0.383500 -0.155959 1.136500
v 0.383500 -0.156395 1.143000
v 0.383500 -0.154390 1.143000
v 0.383500 -0.153955 1.136500
v 0.386500 -0.154390 1.143000
v 0.383500 -0.154390 1.143000
v 0.383500 -0.156395 1.143000
v 0.386500 -0.156395 1.143000
v 0.386500 -0.155959 1.136500
v 0.386500 -0.153955 1.136500
v 0.386500 -0.154390 1.143000
v 0.386500 -0.156395 1.143000
v 0.393000 -0.153955 1.136500
v 0.386500 -0.153955 1.136500
v 0.386500 -0.155959 1.136500
v 0.393000 -0.155959 1.136500
v 0.393000 -0.153955 1.136500
v 0.393000 -0.155959 1.136500
v 0.393000 -0.155758 1.133500
v 0.393000 -0.153754 1.133500
vn 0.000 1.000 0.000
vn 0.000 1.000 0.000
vn 0.000 1.000 0.000
vn 0.000 1.000 0.000
vn 0.000 1.000 0.000
vn 0.000 1.000 0.000
vn 0.000 1.000 0.000
vn 0.000 1.000 0.000
vn 0.000 1.000 0.000
vn 0.000 1.000 0.000
vn 0.000 1.000 0.000
vn 0.000 1.000 0.000
vn 0.000 1.000 0.000
vn 0.000 1.000 0.000
vn 0.000 1.000 0.000
vn 0.000 1.000 0.000
vn 0.000 1.000 0.000
vn 0.000 1.000 0.000
vn 0.985 0.174 0.000
vn 0.932 0.202 -0.301
vn 0.959 0.193 -0.206
vn 0.814 0.223 -0.537
vn 0.564 0.247 -0.788
vn 0.784 0.227 -0.577
vn 0.569 0.246 -0.785
vn 0.321 0.258 -0.911
vn 0.238 0.260 -0.936
vn 0.021 0.263 -0.965
vn -0.114 0.262 -0.958
vn -0.456 0.252 -0.853
vn -0.295 0.259 -0.920
vn -0.114 0.262 -0.958
vn -0.737 0.232 -0.634
vn -0.582 0.245 -0.775
vn -0.456 0.252 -0.853
vn -0.803 0.225 -0.552
vn -0.947 0.197 -0.253
vn -0.924 0.204 -0.325
vn -0.985 0.174 0.000
vn -0.985 0.174 0.000
vn 0.985 0.174 0.000
vn -0.828 0.124 0.546
vn -0.966 0.155 0.207
vn -0.941 0.147 0.304
vn -0.799 0.120 0.589
vn -0.584 0.101 0.805
vn -0.579 0.100 0.809
vn -0.329 0.088 0.940
vn -0.246 0.086 0.965
vn -0.020 0.083 0.996
vn 0.117 0.084 0.990
vn 0.117 0.084 0.990
vn 0.306 0.088 0.948
vn 0.468 0.094 0.879
vn 0.752 0.115 0.649
vn 0.598 0.102 0.795
vn 0.468 0.094 0.879
vn 0.819 0.123 0.561
vn 0.956 0.151 0.253
vn 0.933 0.144 0.330
vn 0.985 0.174 0.000
vn -0.985 0.174 0.000
vn -0.985 0.174 0.000
vn 0.985 0.174 0.000
vn 0.000 1.000 0.000
vn 0.000 1.000 0.000
vn 0.000 1.000 0.000
vn 0.000 1.000 0.000
vn 0.000 1.000 0.000
vn 0.000 1.000 0.000
vn 0.000 1.000 0.000
vn 0.000 1.000 0.000
vn 0.000 1.000 0.000
vn 0.000 1.000 0.000
vn 0.000 1.000 0.000
vn 0.000 1.000 0.000
vn 0.000 1.000 0.000
vn 0.000 1.000 0.000
vn 0.000 1.000 0.000
vn 0.000 1.000 0.000
vn 0.000 1.000 0.000
vn 0.000 1.000 0.000
vn 0.000 1.000 0.000
vn 0.000 1.000 0.000
vn 0.000 1.000 0.000
vn 0.000 1.000 0.000
vn 0.000 1.000 0.000
vn 0.000 1.000 0.000
vn 0.000 1.000 0.000
vn 0.000 1.000 0.000
vn 0.000 1.000 0.000
vn 0.000 1.000 0.000
vn 0.000 1.000 0.000
vn 0.000 1.000 0.000
vn 0.000 1.000 0.000
vn 0.000 1.000 0.000
vn 0.000 1.000 0.000
vn 0.000 1.000 0.000
vn 0.000 1.000 0.000
vn 0.000 1.000 0.000
vn 0.000 1.000 0.000
vn 0.000 1.000 0.000
vn 0.000 1.000 0.000
vn 0.000 1.000 0.000
vn 0.000 1.000 0.000
vn 0.000 1.000 0.000
vn 0.000 1.000 0.000
vn 0.000 1.000 0.000
vn 0.000 1.000 0.000
vn 0.000 1.000 0.000
vn 0.000 1.000 0.000
vn 0.000 1.000 0.000
vn 0.000 1.000 0.000
vn 0.000 1.000 0.000
vn 0.000 1.000 0.000
vn 0.000 1.000 0.000
vn 0.000 1.000 0.000
vn -0.669 -0.015 0.743
vn -0.807 -0.001 0.590
vn -0.773 -0.006 0.635
vn -0.897 0.012 0.442
vn -0.859 0.006 0.512
vn -0.969 0.030 0.246
vn -0.972 0.031 0.235
vn -0.926 0.018 0.378
vn -0.997 0.047 0.059
vn -0.995 0.045 0.087
vn -0.988 0.065 -0.141
vn -0.996 0.058 -0.064
vn -0.934 0.084 -0.347
vn -0.846 0.101 -0.524
vn -0.871 0.097 -0.482
vn -0.728 0.114 -0.676
vn -0.788 0.108 -0.606
vn -0.579 0.126 -0.806
vn -0.572 0.127 -0.810
vn -0.687 0.118 -0.717
vn -0.415 0.135 -0.900
vn -0.444 0.134 -0.886
vn -0.306 0.139 -0.942
vn -0.306 0.139 -0.942
vn -0.935 0.084 -0.345
vn -0.669 -0.015 0.743
vn -0.306 0.139 -0.942
vn -0.306 0.139 -0.942
vn -0.306 0.139 -0.942
vn -0.306 0.139 -0.942
vn -0.306 0.139 -0.942
vn -0.306 0.139 -0.942
vn -0.669 -0.015 0.743
vn -0.669 -0.015 0.743
vn -0.669 -0.015 0.743
vn -0.669 -0.015 0.743
vn -0.669 -0.015 0.743
vn -0.669 -0.015 0.743
vn -0.669 -0.015 0.743
vn -0.669 -0.015 0.743
vn -0.737 0.577 0.351
vn -0.821 0.506 0.267
vn -0.823 0.504 0.262
vn -0.785 0.541 0.301
vn -0.820 0.507 0.265
vn -0.785 0.567 0.250
vn -0.704 0.603 0.375
vn -0.756 0.609 0.241
vn -0.656 0.640 0.401
vn -0.653 0.642 0.402
vn -0.807 0.532 0.257
vn -0.756 0.609 0.241
vn -0.712 0.662 0.234
vn -0.646 0.681 0.345
vn -0.650 0.640 0.410
vn -0.591 0.688 0.421
vn -0.597 0.683 0.420
vn -0.992 -0.041 -0.123
vn -0.945 -0.023 -0.327
vn -0.933 -0.020 -0.359
vn -0.999 -0.052 -0.010
vn -0.994 -0.060 0.086
vn -0.996 -0.046 -0.070
vn -0.997 -0.047 -0.063
vn -0.986 -0.038 -0.160
vn -0.965 -0.075 0.250
vn -0.965 -0.075 0.250
vn -0.965 -0.075 0.250
vn -0.997 -0.047 -0.057
vn -0.878 -0.009 -0.479
vn -0.536 0.814 0.224
vn -0.475 0.836 0.275
vn -0.546 0.782 0.302
vn -0.447 0.825 0.347
vn -0.412 0.853 0.321
vn -0.530 0.749 0.396
vn -0.566 0.714 0.413
vn -0.646 0.681 0.346
vn -0.488 0.786 0.379
vn -0.608 0.762 0.222
vn -0.712 0.662 0.234
vn -0.588 0.687 0.426
vn 0.000 1.000 0.000
vn 0.000 1.000 0.000
vn 0.000 1.000 0.000
vn 0.000 1.000 0.000
vn 0.000 1.000 0.000
vn 0.000 1.000 0.000
vn 0.000 1.000 0.000
vn 0.000 1.000 0.000
vn -0.530 0.818 0.223
vn -0.463 0.845 0.267
vn -0.475 0.836 0.273
vn -0.536 0.814 0.224
vn -0.399 0.862 0.311
vn -0.412 0.853 0.321
vn -0.525 0.822 0.221
vn -0.503 0.837 0.215
vn -0.437 0.861 0.261
vn -0.463 0.845 0.268
vn -0.385 0.870 0.308
vn -0.399 0.862 0.312
vn -0.384 0.871 0.307
vn -0.370 0.878 0.303
vn -0.372 0.876 0.305
vn -0.525 0.822 0.221
vn -0.503 0.837 0.215
vn -0.465 0.861 0.205
vn -0.416 0.876 0.244
vn -0.397 0.888 0.231
vn -0.327 0.909 0.257
vn -0.347 0.896 0.276
vn -0.369 0.878 0.305
vn -0.437 0.861 0.261
vn -0.953 0.025 0.303
vn -0.953 0.025 0.303
vn -0.953 0.025 0.303
vn -0.953 0.025 0.303
vn -0.953 0.025 0.303
vn -0.953 0.025 0.303
vn -0.953 0.025 0.303
vn -0.953 0.025 0.303
vn -0.953 0.025 0.303
vn -0.953 0.025 0.303
vn -0.953 0.025 0.303
vn -0.953 0.025 0.303
vn -0.953 0.025 0.303
vn -0.953 0.025 0.303
vn -0.965 -0.075 0.250
vn -0.965 -0.075 0.250
vn -0.966 -0.075 0.248
vn -0.968 -0.074 0.239
vn -0.973 -0.073 0.219
vn -0.980 -0.070 0.188
vn -0.965 -0.075 0.250
vn -0.966 -0.075 0.249
vn -0.965 0.029 0.259
vn -0.965 0.029 0.259
vn -0.994 0.043 0.102
vn -0.997 0.047 0.062
vn -0.981 0.069 -0.183
vn -0.991 0.063 -0.114
vn -0.994 0.044 0.096
vn -0.926 0.086 -0.367
vn -0.945 0.082 -0.317
vn -0.877 0.096 -0.470
vn -0.965 0.029 0.260
vn -0.966 0.029 0.256
vn -0.969 0.030 0.244
vn -0.966 0.029 0.259
vn -0.966 0.029 0.257
vn -0.965 0.029 0.260
vn -0.966 0.029 0.256
vn -0.972 0.031 0.235
vn -0.856 -0.214 -0.470
vn -0.839 -0.309 -0.448
vn -0.699 -0.362 -0.617
vn -0.938 -0.239 -0.251
vn -0.871 -0.113 -0.479
vn -0.715 -0.240 -0.656
vn -0.952 -0.175 -0.251
vn -0.992 -0.126 -0.017
vn -0.963 -0.106 -0.248
vn -0.996 -0.093 -0.001
vn -0.968 -0.074 0.239
vn -0.973 -0.073 0.219
vn -0.980 -0.070 0.188
vn -0.991 -0.108 0.077
vn -0.988 -0.152 -0.037
vn -0.977 -0.182 -0.109
vn -0.920 -0.268 -0.287
vn -0.820 -0.365 -0.441
vn -0.729 -0.112 -0.675
vn -0.738 -0.003 -0.675
vn -0.859 -0.021 -0.512
vn -0.944 -0.037 -0.327
vn -0.969 -0.043 -0.243
vn -0.990 -0.051 -0.128
vn -0.966 -0.075 0.248
vn -0.968 -0.075 0.238
vn -0.967 -0.075 0.244
vn -0.995 -0.064 0.073
vn -0.998 -0.060 0.007
vn -0.966 -0.075 0.249
vn -0.684 -0.471 -0.558
vn -0.876 0.106 -0.471
vn -0.733 0.120 -0.670
vn -0.723 0.245 -0.646
vn -0.968 0.085 -0.236
vn -0.866 0.207 -0.454
vn -0.998 0.059 0.014
vn -0.961 0.156 -0.229
vn -0.969 0.030 0.244
vn -0.966 0.029 0.256
vn -0.709 0.363 -0.604
vn -0.852 0.303 -0.427
vn -0.966 0.029 0.256
vn -0.996 0.035 0.088
vn -0.999 0.036 0.021
vn -0.992 0.036 -0.117
vn -0.947 0.031 -0.320
vn -0.972 0.034 -0.234
vn -0.860 0.017 -0.509
vn -0.800 0.389 -0.458
vn -0.694 0.471 -0.546
vn -0.843 0.350 -0.408
vn -0.909 0.282 -0.308
vn -0.971 0.190 -0.145
vn -0.994 0.104 0.043
vn -0.950 0.223 -0.219
vn -0.995 0.095 0.012
vn -0.972 0.031 0.235
vn -0.738 -0.003 -0.675
vn -0.915 -0.354 -0.194
vn -0.971 -0.121 -0.206
vn -0.918 -0.120 -0.378
vn -0.971 0.118 -0.206
vn -0.919 0.116 -0.378
vn -0.916 0.350 -0.195
vn -0.865 0.344 -0.366
vn -0.863 -0.348 -0.366
vn -0.836 -0.114 -0.537
vn -0.837 0.110 -0.537
vn -0.785 0.328 -0.526
vn -0.863 0.471 -0.183
vn -0.799 0.471 -0.374
vn -0.709 0.363 -0.604
vn -0.723 0.245 -0.646
vn -0.733 0.120 -0.670
vn -0.738 -0.003 -0.675
vn -0.784 -0.331 -0.525
vn -0.715 -0.240 -0.656
vn -0.729 -0.112 -0.675
vn -0.684 -0.471 -0.558
vn -0.796 -0.471 -0.381
vn -0.863 -0.471 -0.183
vn -0.699 -0.362 -0.617
vn -0.694 0.471 -0.546
vn -0.465 0.861 0.205
vn -0.440 0.876 0.198
vn -0.383 0.900 0.210
vn -0.377 0.906 0.193
vn -0.312 0.928 0.202
vn -0.320 0.917 0.236
vn -0.311 0.932 0.188
vn -0.322 0.915 0.241
vn -0.327 0.909 0.257
vn -0.320 0.917 0.237
vn -0.320 0.917 0.236
vn -0.397 0.888 0.232
vn -0.376 0.906 0.195
vn -0.440 0.876 0.198
vn -0.443 0.882 0.164
vn -0.379 0.912 0.155
vn -0.446 0.886 0.126
vn -0.386 0.919 0.080
vn -0.382 0.917 0.117
vn -0.448 0.887 0.112
vn -0.453 0.890 0.056
vn -0.454 0.890 0.047
vn -0.431 0.901 0.045
vn -0.390 0.920 0.041
vn -0.453 0.889 0.065
vn -0.450 0.888 0.091
vn -0.324 0.945 0.039
vn -0.321 0.945 0.065
vn -0.318 0.944 0.092
vn -0.320 0.944 0.076
vn -0.315 0.942 0.117
vn -0.314 0.939 0.141
vn -0.316 0.942 0.112
vn -0.313 0.935 0.170
vn -0.313 0.938 0.149
vn -0.311 0.931 0.188
vn -0.325 0.945 0.039
vn -0.324 0.945 0.039
vn -0.390 0.920 0.041
vn -0.392 0.919 0.037
vn -0.431 0.901 0.046
vn -0.454 0.890 0.047
vn -0.454 0.890 0.027
vn -0.432 0.901 0.037
vn -0.454 0.890 0.027
vn -0.429 0.903 0.029
vn -0.454 0.891 0.027
vn -0.364 0.931 0.038
vn -0.392 0.920 0.034
vn -0.326 0.945 0.039
vn -0.992 0.042 0.119
vn -0.998 0.050 0.026
vn -0.996 0.046 0.074
vn -0.999 0.051 0.014
vn -0.977 0.033 0.212
vn -0.988 0.039 0.151
vn -0.992 0.042 0.118
vn -0.953 0.025 0.303
vn -0.972 0.031 0.232
vn -0.996 0.059 -0.068
vn -0.998 0.055 -0.025
vn -0.996 0.059 -0.068
vn -0.999 0.053 -0.004
vn -0.953 0.025 0.303
vn -0.953 -0.079 0.294
vn -0.953 -0.079 0.294
vn -0.972 -0.073 0.223
vn -0.977 -0.071 0.203
vn -0.988 -0.066 0.143
vn -0.992 -0.063 0.110
vn -0.996 -0.059 0.071
vn -0.997 -0.057 0.053
vn -0.998 -0.054 0.016
vn -0.992 -0.063 0.110
vn -0.996 -0.045 -0.078
vn -0.998 -0.050 -0.032
vn -0.999 -0.052 -0.011
vn -0.998 -0.054 0.016
vn -0.996 -0.045 -0.078
vn -0.996 -0.045 -0.078
vn -0.996 -0.045 -0.078
vn -0.996 -0.045 -0.078
vn -0.996 -0.045 -0.078
vn -0.996 -0.045 -0.078
vn -0.996 -0.045 -0.078
vn -0.996 -0.045 -0.078
vn -0.996 -0.045 -0.078
vn -0.996 -0.045 -0.078
vn -0.996 -0.045 -0.078
vn -0.996 -0.045 -0.078
vn -0.996 -0.045 -0.078
vn -0.996 -0.045 -0.078
vn -0.996 -0.045 -0.078
vn -0.996 -0.045 -0.078
vn -0.996 -0.045 -0.078
vn -0.996 -0.045 -0.078
vn -0.996 -0.045 -0.078
vn -0.996 -0.045 -0.078
vn -0.996 -0.045 -0.078
vn -0.996 -0.045 -0.078
vn 0.000 0.999 0.055
vn 0.000 0.999 0.055
vn 0.000 0.999 0.034
vn 0.000 1.000 0.012
vn 0.000 1.000 0.013
vn 0.000 1.000 0.007
vn 0.000 0.999 0.043
vn 0.000 0.998 0.061
vn 0.000 0.998 0.067
vn 0.000 0.998 0.067
vn 0.000 1.000 0.000
vn 0.000 1.000 0.010
vn 0.000 1.000 0.010
vn 0.000 1.000 0.000
vn 0.000 1.000 0.018
vn 0.000 1.000 0.020
vn -0.995 0.000 -0.102
vn -0.995 0.000 -0.102
vn -0.995 0.000 -0.102
vn -0.995 0.000 -0.102
vn -0.995 0.000 -0.102
vn 0.000 1.000 0.000
vn 0.000 1.000 0.000
vn 0.000 1.000 0.000
vn 0.000 1.000 0.000
vn 0.000 1.000 0.000
vn -0.992 0.042 0.116
vn -0.992 0.042 0.116
vn -0.992 0.042 0.116
vn -0.992 0.042 0.116
vn -0.992 0.042 0.116
vn 0.002 0.000 -1.000
vn 0.002 0.000 -1.000
vn 0.002 0.000 -1.000
vn 0.002 0.000 -1.000
vn 0.002 0.000 -1.000
vn 0.002 0.000 -1.000
vn 0.002 0.000 -1.000
vn 0.002 0.000 -1.000
vn -0.993 0.000 -0.119
vn -0.993 0.000 -0.119
vn -0.993 0.000 -0.119
vn -0.993 0.000 -0.119
vn -0.993 0.000 -0.119
vn -0.993 0.000 -0.119
vn 0.993 0.000 -0.116
vn 0.993 0.000 -0.116
vn 0.993 0.000 -0.116
vn 0.993 0.000 -0.116
vn 0.993 0.000 -0.116
vn -0.953 -0.079 0.294
vn -0.953 -0.079 0.294
vn -0.953 -0.079 0.294
vn -0.953 -0.079 0.294
vn -0.953 -0.079 0.294
vn -0.953 -0.079 0.294
vn -0.953 -0.079 0.294
vn -0.953 -0.079 0.294
vn -0.953 -0.079 0.294
vn -0.953 -0.079 0.294
vn -0.953 -0.079 0.294
vn -0.953 -0.079 0.294
vn -0.953 -0.079 0.294
vn -0.953 -0.079 0.294
vn -0.953 -0.079 0.294
vn -0.970 -0.074 0.230
vn -0.964 -0.076 0.257
vn -0.990 -0.064 0.128
vn -0.979 -0.070 0.192
vn -0.991 -0.063 0.118
vn -0.998 -0.055 0.025
vn -0.996 -0.045 -0.078
vn -0.996 -0.045 -0.079
vn -0.998 -0.054 0.017
vn -0.953 -0.079 0.294
vn -0.664 -0.120 0.738
vn -0.664 -0.120 0.738
vn -0.664 -0.120 0.738
vn -0.664 -0.120 0.738
vn -0.309 0.034 -0.950
vn -0.309 0.034 -0.950
vn -0.431 0.030 -0.902
vn -0.594 0.021 -0.804
vn -0.577 0.022 -0.817
vn -0.448 0.029 -0.894
vn -0.744 0.009 -0.669
vn -0.692 0.014 -0.722
vn -0.857 -0.005 -0.515
vn -0.875 -0.008 -0.484
vn -0.792 0.003 -0.610
vn -0.943 -0.022 -0.333
vn -0.937 -0.021 -0.348
vn -0.988 -0.039 -0.148
vn -0.997 -0.057 0.052
vn -0.994 -0.060 0.087
vn -0.997 -0.047 -0.064
vn -0.968 -0.075 0.241
vn -0.969 -0.074 0.234
vn -0.899 -0.092 0.429
vn -0.922 -0.087 0.376
vn -0.799 -0.107 0.591
vn -0.768 -0.110 0.631
vn -0.855 -0.099 0.509
vn -0.664 -0.120 0.738
vn -0.664 -0.120 0.738
vn -0.309 0.034 -0.950
vn -0.309 0.034 -0.950
vn -0.309 0.034 -0.950
vn -0.309 0.034 -0.950
vn -0.309 0.034 -0.950
vn -0.309 0.034 -0.950
vn 0.000 1.000 0.000
vn 0.000 1.000 0.000
vn 0.000 1.000 0.000
vn 0.000 1.000 0.000
vn 0.000 1.000 0.000
vn 0.000 1.000 0.000
vn 0.000 1.000 0.000
vn 0.000 1.000 0.000
vn 0.000 1.000 0.000
vn 0.000 1.000 0.000
vn 0.000 1.000 0.000
vn 0.000 1.000 0.000
vn 0.000 1.000 0.000
vn 0.000 1.000 0.000
vn 0.000 1.000 0.000
vn 0.869 0.097 -0.485
vn 0.869 0.097 -0.485
vn 0.869 0.097 -0.485
vn 0.869 0.097 -0.485
vn 0.869 0.097 -0.485
vn 0.000 1.000 0.000
vn 0.000 1.000 0.000
vn 0.000 1.000 0.000
vn 0.000 1.000 0.000
vn 0.000 1.000 0.000
vn 0.000 1.000 0.000
vn 0.745 0.000 -0.668
vn 0.745 0.000 -0.668
vn 0.745 0.000 -0.668
vn 0.745 0.000 -0.668
vn 0.745 0.000 -0.668
vn -0.873 0.000 0.487
vn -0.873 0.000 0.487
vn -0.873 0.000 0.487
vn -0.873 0.000 0.487
vn -0.873 0.000 0.487
vn -0.587 0.000 -0.810
vn -0.587 0.000 -0.810
vn -0.587 0.000 -0.810
vn -0.587 0.000 -0.810
vn -0.587 0.000 -0.810
vn -0.587 0.000 -0.810
vn -0.587 0.000 -0.810
vn -0.587 0.000 -0.810
vn 0.986 0.038 0.161
vn 0.997 0.048 0.054
vn 0.994 0.043 0.100
vn 0.978 0.034 0.206
vn 0.950 0.024 0.311
vn 0.964 0.028 0.266
vn 0.884 0.010 0.468
vn 0.929 0.019 0.369
vn 0.911 0.015 0.413
vn 0.861 0.006 0.509
vn 0.800 -0.002 0.600
vn 0.829 0.001 0.559
vn 0.688 -0.014 0.725
vn 0.763 -0.007 0.646
vn 0.731 -0.010 0.682
vn 0.684 -0.014 0.729
vn 0.660 -0.016 0.751
vn 0.660 -0.016 0.751
vn 0.652 -0.017 0.758
vn 0.578 -0.022 0.816
vn 0.566 -0.023 0.824
vn 0.558 -0.023 0.830
vn 0.489 -0.027 0.872
vn 0.486 -0.027 0.873
vn 0.484 -0.028 0.875
vn 0.485 -0.027 0.874
vn 0.474 -0.028 0.880
vn 0.376 -0.032 0.926
vn 0.429 -0.030 0.903
vn 0.327 -0.034 0.944
vn 0.341 -0.033 0.940
vn 0.272 -0.035 0.962
vn 0.115 -0.038 0.993
vn 0.222 -0.037 0.974
vn 0.166 -0.038 0.985
vn 0.105 -0.038 0.994
vn 0.112 -0.038 0.993
vn 0.114 -0.038 0.993
vn 0.060 -0.039 0.997
vn -0.050 -0.039 0.998
vn -0.101 -0.038 0.994
vn 0.008 -0.039 0.999
vn -0.158 -0.038 0.987
vn -0.130 -0.038 0.991
vn -0.100 -0.038 0.994
vn -0.263 -0.036 0.964
vn -0.227 -0.037 0.973
vn -0.366 -0.033 0.930
vn -0.320 -0.034 0.947
vn -0.516 -0.026 0.856
vn -0.421 -0.030 0.907
vn -0.466 -0.028 0.884
vn -0.645 -0.017 0.764
vn -0.663 -0.016 0.749
vn -0.605 -0.020 0.796
vn -0.559 -0.023 0.829
vn -0.761 -0.007 0.649
vn -0.761 -0.007 0.649
vn -0.720 -0.011 0.694
vn -0.725 -0.011 0.689
vn -0.649 -0.017 0.761
vn -0.795 -0.003 0.606
vn -0.785 -0.004 0.619
vn -0.789 -0.004 0.614
vn -0.828 0.001 0.561
vn -0.856 0.005 0.517
vn -0.830 0.001 0.558
vn -0.885 0.010 0.465
vn -0.885 0.010 0.465
vn -0.861 0.006 0.508
vn -0.907 0.014 0.421
vn -0.930 0.019 0.367
vn -0.987 0.038 0.159
vn -0.964 0.028 0.265
vn -0.976 0.033 0.215
vn -0.999 0.053 0.000
vn -0.999 0.053 0.000
vn -0.998 0.048 0.052
vn -0.993 0.043 0.108
vn -0.947 0.023 0.320
vn 0.659 -0.016 0.752
vn 0.999 0.053 0.000
vn 0.999 0.053 0.000
vn -0.993 0.062 -0.100
vn -0.976 0.072 -0.208
vn -0.992 0.062 -0.108
vn -0.974 0.072 -0.214
vn -0.947 0.081 -0.311
vn -0.907 0.090 -0.412
vn -0.913 0.089 -0.398
vn -0.945 0.082 -0.317
vn -0.856 0.099 -0.508
vn -0.904 0.091 -0.418
vn -0.853 0.099 -0.513
vn -0.795 0.107 -0.597
vn -0.726 0.115 -0.678
vn -0.737 0.114 -0.666
vn -0.792 0.108 -0.601
vn 0.992 0.062 -0.108
vn 0.999 0.053 0.000
vn 0.999 0.053 0.000
vn 0.999 0.053 -0.008
vn 0.974 0.072 -0.214
vn 0.983 0.068 -0.172
vn 0.944 0.082 -0.318
vn 0.967 0.075 -0.244
vn 0.898 0.092 -0.430
vn 0.891 0.093 -0.444
vn 0.903 0.091 -0.419
vn 0.851 0.100 -0.516
vn 0.852 0.100 -0.513
vn 0.791 0.108 -0.602
vn 0.788 0.108 -0.606
vn 0.720 0.115 -0.684
vn 0.787 0.108 -0.607
vn 0.736 0.114 -0.668
vn 0.641 0.122 -0.758
vn 0.721 0.115 -0.683
vn 0.555 0.128 -0.822
vn 0.644 0.122 -0.755
vn 0.364 0.137 -0.921
vn 0.462 0.133 -0.877
vn 0.465 0.133 -0.875
vn 0.262 0.140 -0.955
vn 0.370 0.137 -0.919
vn 0.052 0.143 -0.988
vn 0.051 0.143 -0.988
vn 0.157 0.142 -0.977
vn 0.000 0.143 -0.990
vn -0.164 0.142 -0.976
vn -0.058 0.143 -0.988
vn -0.111 0.143 -0.983
vn -0.268 0.140 -0.953
vn -0.219 0.141 -0.966
vn -0.184 0.142 -0.973
vn -0.310 0.139 -0.941
vn -0.321 0.138 -0.937
vn -0.262 0.140 -0.955
vn -0.407 0.135 -0.904
vn -0.498 0.131 -0.857
vn -0.470 0.132 -0.873
vn -0.584 0.126 -0.802
vn -0.561 0.127 -0.818
vn -0.646 0.122 -0.753
vn -0.592 0.125 -0.796
vn -0.699 0.117 -0.705
vn -0.722 0.115 -0.682
vn -0.665 0.120 -0.737
vn -0.699 0.117 -0.706
vn -0.699 0.117 -0.706
vn -0.371 0.137 -0.919
vn 0.161 0.142 -0.977
vn 0.268 0.140 -0.953
vn 0.557 0.128 -0.821
vn 0.936 0.084 -0.342
vn 0.994 0.061 -0.094
vn -0.994 0.060 -0.087
vn -0.999 0.053 0.000
vn -0.999 0.053 0.000
vn 0.836 0.497 -0.231
vn 0.845 0.480 -0.234
vn 0.842 0.480 -0.245
vn 0.800 0.512 -0.311
vn 0.827 0.514 -0.228
vn 0.818 0.479 -0.317
vn 0.783 0.479 -0.396
vn 0.768 0.511 -0.385
vn 0.727 0.511 -0.458
vn 0.767 0.480 -0.427
vn 0.739 0.480 -0.472
vn 0.686 0.482 -0.545
vn 0.673 0.511 -0.535
vn 0.643 0.483 -0.595
vn 0.627 0.512 -0.587
vn 0.672 0.511 -0.536
vn 0.630 0.483 -0.609
vn 0.615 0.512 -0.600
vn 0.565 0.484 -0.668
vn 0.549 0.512 -0.660
vn 0.474 0.513 -0.715
vn 0.501 0.486 -0.716
vn 0.424 0.487 -0.763
vn 0.395 0.514 -0.761
vn 0.350 0.489 -0.799
vn 0.229 0.515 -0.826
vn 0.315 0.515 -0.797
vn 0.273 0.490 -0.828
vn 0.137 0.516 -0.846
vn 0.187 0.491 -0.851
vn 0.218 0.490 -0.844
vn 0.020 0.491 -0.871
vn 0.000 0.517 -0.856
vn 0.044 0.516 -0.855
vn 0.111 0.491 -0.864
vn 0.000 0.492 -0.871
vn 0.839 0.491 -0.232
vn 0.845 0.480 -0.234
vn 0.838 0.497 -0.224
vn 0.825 0.514 -0.235
vn 0.832 0.526 -0.176
vn 0.834 0.516 -0.196
vn 0.765 0.619 -0.180
vn 0.797 0.582 -0.161
vn 0.788 0.597 -0.152
vn 0.799 0.579 -0.162
vn 0.816 0.551 -0.174
vn 0.834 0.516 -0.196
vn 0.831 0.526 -0.182
vn 0.698 0.697 -0.164
vn 0.734 0.664 -0.142
vn 0.714 0.672 -0.198
vn 0.778 0.591 -0.215
vn 0.839 0.491 -0.232
vn 0.680 0.721 -0.131
vn 0.706 0.683 -0.187
vn 0.714 0.672 -0.198
vn 0.698 0.697 -0.164
vn 0.658 0.742 -0.127
vn 0.699 0.693 -0.177
vn 0.680 0.721 -0.131
vn 0.699 0.693 -0.176
vn 0.658 0.742 -0.127
vn 0.673 0.727 -0.135
vn 0.653 0.751 -0.104
vn 0.692 0.702 -0.168
vn 0.000 1.000 0.000
vn 0.000 1.000 0.000
vn 0.000 1.000 0.000
vn 0.000 1.000 0.000
vn 0.000 1.000 0.000
vn 0.000 1.000 0.000
vn 0.000 1.000 0.000
vn 0.000 1.000 0.000
vn 0.000 1.000 0.000
vn 0.000 1.000 0.000
vn 0.000 1.000 0.000
vn 0.000 1.000 0.000
vn 0.000 1.000 0.000
vn 0.000 1.000 0.000
vn 0.000 1.000 0.000
vn 0.000 1.000 0.000
vn 0.000 1.000 0.000
vn 0.000 1.000 0.000
vn 0.735 0.000 -0.678
vn 0.735 0.000 -0.678
vn 0.735 0.000 -0.678
vn 0.735 0.000 -0.678
vn 0.735 0.000 -0.678
vn 0.735 0.000 -0.678
vn 0.647 0.758 -0.084
vn 0.694 0.708 -0.130
vn 0.673 0.727 -0.136
vn 0.693 0.702 -0.165
vn 0.653 0.751 -0.103
vn 0.961 0.077 -0.266
vn 0.961 0.077 -0.266
vn 0.961 0.077 -0.266
vn 0.961 0.077 -0.266
vn 0.961 0.077 -0.266
vn 0.961 0.077 -0.266
vn 0.961 0.077 -0.266
vn 0.961 0.077 -0.266
vn 0.961 0.077 -0.266
vn 0.694 0.708 -0.130
vn 0.647 0.758 -0.084
vn 0.647 0.758 -0.084
vn 0.697 0.712 -0.081
vn 0.697 0.711 -0.091
vn 0.645 0.763 -0.039
vn 0.694 0.720 -0.015
vn 0.698 0.712 -0.073
vn 0.645 0.763 -0.037
vn 0.636 0.771 0.034
vn 0.698 0.712 -0.079
vn 0.694 0.720 -0.015
vn 0.636 0.771 0.034
vn 0.636 0.771 0.034
vn 0.686 0.726 0.048
vn 0.690 0.724 0.016
vn 0.624 0.778 0.073
vn 0.648 0.754 0.110
vn 0.679 0.726 0.110
vn 0.680 0.726 0.101
vn 0.685 0.726 0.057
vn 0.615 0.781 0.111
vn 0.615 0.781 0.111
vn 0.679 0.726 0.112
vn 0.648 0.754 0.110
vn 0.679 0.726 0.112
vn 0.615 0.781 0.111
vn 0.000 0.998 0.067
vn 0.000 0.998 0.067
vn 0.000 0.998 0.062
vn 0.000 0.998 0.064
vn 0.000 1.000 0.027
vn 0.000 0.998 0.056
vn 0.000 0.999 0.047
vn 0.000 0.999 0.048
vn 0.000 0.999 0.050
vn 0.000 1.000 0.000
vn 0.000 1.000 0.023
vn 0.000 1.000 0.000
vn 0.000 0.998 0.067
vn 0.745 0.000 -0.668
vn 0.745 0.000 -0.668
vn 0.745 0.000 -0.668
vn 0.745 0.000 -0.668
vn 0.745 0.000 -0.668
vn 0.000 1.000 0.000
vn 0.000 1.000 0.000
vn 0.000 1.000 0.000
vn 0.654 0.000 0.757
vn 0.654 0.000 0.757
vn 0.654 0.000 0.757
vn 0.654 0.000 0.757
vn 0.654 0.000 0.757
vn 0.654 0.000 0.757
vn 0.654 0.000 0.757
vn 0.866 0.000 0.500
vn 0.866 0.000 0.500
vn 0.866 0.000 0.500
vn 0.866 0.000 0.500
vn 0.866 0.000 0.500
vn 0.866 0.000 0.500
vn 0.866 0.000 0.500
vn 0.866 0.000 0.500
vn 0.866 0.000 0.500
vn -0.492 0.131 -0.861
vn -0.492 0.131 -0.861
vn -0.492 0.131 -0.861
vn 0.869 0.097 -0.485
vn 0.869 0.097 -0.485
vn 0.869 0.097 -0.485
vn 0.869 0.097 -0.485
vn 0.869 0.097 -0.485
vn 0.869 0.097 -0.485
vn 0.869 0.097 -0.485
vn 0.000 1.000 0.000
vn 0.000 1.000 0.000
vn 0.000 1.000 0.000
vn 0.000 1.000 0.000
vn 0.000 1.000 0.000
vn 0.000 1.000 0.000
vn 0.000 1.000 0.000
vn 0.000 1.000 0.000
vn 0.000 1.000 0.000
vn 0.000 1.000 0.000
vn 0.000 1.000 0.000
vn 0.940 0.000 -0.340
vn 0.940 0.000 -0.340
vn 0.940 0.000 -0.340
vn 0.940 0.000 -0.340
vn 0.940 0.000 -0.340
vn -0.134 0.142 -0.981
vn -0.126 0.142 -0.982
vn -0.127 0.142 -0.982
vn -0.128 0.142 -0.981
vn -0.157 0.142 -0.977
vn -0.143 0.142 -0.980
vn -0.186 0.142 -0.972
vn -0.142 0.142 -0.980
vn -0.141 0.142 -0.980
vn -0.249 0.140 -0.958
vn -0.259 0.140 -0.956
vn -0.331 0.138 -0.934
vn -0.331 0.138 -0.934
vn -0.343 0.138 -0.929
vn -0.435 0.134 -0.890
vn -0.400 0.136 -0.906
vn -0.344 0.138 -0.929
vn -0.345 0.138 -0.929
vn -0.466 0.133 -0.875
vn -0.462 0.133 -0.877
vn -0.458 0.133 -0.879
vn -0.992 0.042 0.116
vn -0.992 0.042 0.116
vn -0.992 0.042 0.116
vn -0.992 0.042 0.116
vn -0.992 0.042 0.116
vn -0.992 0.042 0.116
vn 0.000 1.000 0.000
vn 0.000 1.000 0.000
vn 0.000 1.000 0.000
vn 0.000 1.000 0.000
vn 0.000 1.000 0.000
vn 0.000 1.000 0.000
vn 0.000 1.000 0.000
vn 0.000 1.000 0.000
vn 0.000 1.000 0.000
vn 0.000 1.000 0.000
vn -0.113 0.143 -0.983
vn -0.113 0.143 -0.983
vn -0.113 0.143 -0.983
vn 0.994 0.044 0.099
vn 0.996 0.045 0.080
vn 0.995 0.044 0.093
vn 0.999 0.052 0.007
vn 0.999 0.051 0.016
vn 0.998 0.056 -0.042
vn 0.999 0.052 0.003
vn 0.995 0.060 -0.085
vn 0.994 0.061 -0.087
vn 0.982 0.069 -0.176
vn 0.984 0.068 -0.166
vn 0.980 0.070 -0.187
vn 0.982 0.068 -0.174
vn 0.961 0.077 -0.266
vn 0.971 0.073 -0.228
vn 0.961 0.077 -0.266
vn 0.994 0.044 0.099
vn 0.655 0.747 0.113
vn 0.679 0.726 0.114
vn 0.618 0.778 0.111
vn 0.615 0.781 0.111
vn 0.622 0.775 0.111
vn 0.685 0.719 0.114
vn -0.992 0.042 0.116
vn -0.992 0.042 0.116
vn -0.992 0.042 0.116
vn -0.992 0.042 0.116
vn -0.992 0.042 0.116
vn -0.992 0.042 0.116
vn -0.992 0.042 0.116
vn -0.992 0.042 0.116
vn -0.409 0.000 0.913
vn -0.409 0.000 0.913
vn -0.409 0.000 0.913
vn -0.409 0.000 0.913
vn -0.409 0.000 0.913
vn -0.409 0.000 0.913
vn -0.409 0.000 0.913
vn -0.431 0.000 0.903
vn -0.431 0.000 0.903
vn -0.431 0.000 0.903
vn -0.431 0.000 0.903
vn 0.000 1.000 0.000
vn 0.000 1.000 0.000
vn 0.000 1.000 0.000
vn -0.498 0.513 -0.699
vn -0.424 0.513 -0.746
vn -0.452 0.501 -0.738
vn -0.510 0.500 -0.700
vn -0.505 0.513 -0.695
vn -0.345 0.514 -0.785
vn -0.393 0.502 -0.771
vn -0.273 0.515 -0.812
vn -0.267 0.504 -0.821
vn -0.331 0.503 -0.799
vn -0.202 0.505 -0.839
vn -0.186 0.517 -0.836
vn -0.156 0.517 -0.842
vn -0.223 0.516 -0.827
vn -0.264 0.515 -0.815
vn -0.136 0.506 -0.852
vn -0.094 0.517 -0.851
vn 0.000 0.492 -0.871
vn -0.077 0.490 -0.869
vn -0.068 0.506 -0.860
vn -0.156 0.490 -0.858
vn -0.243 0.490 -0.837
vn -0.321 0.489 -0.811
vn -0.397 0.488 -0.777
vn -0.330 0.489 -0.807
vn -0.470 0.486 -0.736
vn -0.497 0.486 -0.719
vn -0.506 0.488 -0.711
vn -0.608 0.500 -0.616
vn -0.596 0.512 -0.619
vn -0.567 0.512 -0.645
vn -0.555 0.501 -0.664
vn -0.622 0.500 -0.603
vn 0.000 0.517 -0.856
vn -0.553 0.128 -0.823
vn -0.564 0.127 -0.816
vn -0.534 0.129 -0.836
vn -0.401 0.136 -0.906
vn -0.509 0.130 -0.851
vn -0.450 0.133 -0.883
vn -0.287 0.139 -0.948
vn -0.365 0.137 -0.921
vn -0.375 0.137 -0.917
vn -0.276 0.140 -0.951
vn -0.177 0.142 -0.974
vn -0.217 0.141 -0.966
vn -0.168 0.142 -0.976
vn -0.087 0.143 -0.986
vn 0.000 0.143 -0.990
vn 0.000 0.143 -0.990
vn -0.046 0.143 -0.989
vn 0.000 0.143 -0.990
vn 0.000 0.143 -0.990
vn 0.023 0.143 -0.989
vn 0.126 0.142 -0.982
vn 0.076 0.143 -0.987
vn 0.152 0.142 -0.978
vn 0.254 0.140 -0.957
vn 0.197 0.141 -0.970
vn 0.213 0.141 -0.967
vn 0.248 0.140 -0.959
vn 0.311 0.139 -0.940
vn 0.315 0.139 -0.939
vn 0.353 0.137 -0.926
vn 0.398 0.136 -0.907
vn 0.538 0.129 -0.833
vn 0.448 0.133 -0.884
vn 0.482 0.132 -0.866
vn 0.623 0.123 -0.773
vn 0.568 0.127 -0.813
vn 0.641 0.122 -0.758
vn 0.714 0.116 -0.690
vn 0.700 0.117 -0.704
vn 0.633 0.123 -0.764
vn 0.722 0.115 -0.682
vn 0.729 0.114 -0.675
vn 0.770 0.110 -0.628
vn 0.778 0.109 -0.619
vn 0.778 0.109 -0.619
vn 0.838 0.102 -0.535
vn 0.832 0.103 -0.546
vn 0.801 0.107 -0.589
vn 0.867 0.097 -0.488
vn 0.870 0.097 -0.484
vn 0.884 0.094 -0.457
vn 0.889 0.094 -0.449
vn 0.928 0.086 -0.363
vn 0.921 0.087 -0.380
vn 0.929 0.086 -0.360
vn 0.932 0.085 -0.352
vn 0.957 0.078 -0.279
vn 0.961 0.077 -0.266
vn 0.961 0.077 -0.266
vn 0.049 0.143 -0.988
vn 0.961 -0.027 -0.275
vn 0.961 -0.027 -0.275
vn 0.961 -0.027 -0.275
vn 0.961 -0.027 -0.275
vn 0.961 -0.027 -0.275
vn 0.961 -0.027 -0.275
vn 0.961 -0.027 -0.275
vn 0.961 -0.027 -0.275
vn 0.961 -0.027 -0.275
vn 0.961 -0.027 -0.275
vn 0.961 -0.027 -0.275
vn -0.493 0.027 -0.870
vn -0.576 0.022 -0.817
vn -0.553 0.024 -0.833
vn -0.509 0.026 -0.860
vn -0.401 0.031 -0.916
vn -0.402 0.031 -0.915
vn -0.287 0.035 -0.957
vn -0.305 0.035 -0.952
vn -0.205 0.037 -0.978
vn -0.168 0.038 -0.985
vn -0.168 0.038 -0.985
vn -0.217 0.037 -0.975
vn -0.046 0.039 -0.998
vn -0.101 0.038 -0.994
vn -0.015 0.039 -0.999
vn 0.000 0.039 -0.999
vn 0.000 0.039 -0.999
vn 0.049 0.039 -0.998
vn 0.026 0.039 -0.999
vn 0.076 0.039 -0.996
vn 0.076 0.039 -0.996
vn 0.152 0.038 -0.988
vn 0.123 0.038 -0.992
vn 0.220 0.037 -0.975
vn 0.197 0.037 -0.980
vn 0.317 0.034 -0.948
vn 0.254 0.036 -0.967
vn 0.417 0.031 -0.908
vn 0.353 0.033 -0.935
vn 0.315 0.034 -0.949
vn 0.505 0.026 -0.863
vn 0.448 0.029 -0.894
vn 0.538 0.025 -0.842
vn 0.535 0.025 -0.845
vn 0.623 0.019 -0.782
vn 0.594 0.021 -0.804
vn 0.633 0.018 -0.774
vn 0.633 0.018 -0.774
vn 0.700 0.013 -0.714
vn 0.673 0.015 -0.739
vn 0.743 0.009 -0.669
vn 0.722 0.011 -0.691
vn 0.802 0.002 -0.597
vn 0.770 0.006 -0.638
vn 0.778 0.005 -0.628
vn 0.801 0.002 -0.599
vn 0.832 -0.002 -0.555
vn 0.857 -0.005 -0.515
vn 0.867 -0.007 -0.498
vn 0.884 -0.010 -0.466
vn 0.906 -0.014 -0.423
vn 0.921 -0.017 -0.389
vn 0.912 -0.015 -0.410
vn 0.942 -0.022 -0.335
vn 0.928 -0.018 -0.373
vn 0.932 -0.019 -0.361
vn 0.961 -0.027 -0.275
vn 0.961 -0.027 -0.275
vn -0.601 0.021 -0.799
vn 0.961 -0.027 -0.275
vn 0.982 -0.036 -0.186
vn 0.971 -0.031 -0.236
vn 0.963 -0.028 -0.267
vn 0.979 -0.034 -0.203
vn 0.991 -0.041 -0.127
vn 0.995 -0.044 -0.095
vn 0.995 -0.044 -0.095
vn 0.999 -0.052 -0.003
vn 0.997 -0.047 -0.056
vn 0.999 -0.054 0.010
vn 0.998 -0.048 -0.045
vn 0.994 -0.061 0.089
vn 0.997 -0.057 0.050
vn 0.994 -0.061 0.089
vn 0.961 -0.027 -0.275
vn -0.829 -0.001 -0.559
vn -0.829 -0.001 -0.559
vn -0.829 -0.001 -0.559
vn -0.829 -0.001 -0.559
vn -0.829 -0.001 -0.559
vn -0.829 -0.001 -0.559
vn -0.829 -0.001 -0.559
vn -0.829 -0.001 -0.559
vn -0.829 -0.001 -0.559
vn -0.975 -0.218 -0.027
vn -0.963 -0.147 -0.228
vn -0.975 -0.078 -0.210
vn -0.912 -0.037 -0.410
vn -0.951 -0.025 -0.307
vn -0.892 -0.013 -0.451
vn -0.993 -0.116 -0.001
vn -0.988 -0.035 -0.153
vn -0.999 -0.041 0.012
vn -0.983 -0.038 0.181
vn -0.975 -0.143 0.170
vn -0.953 -0.270 0.138
vn -0.918 -0.387 0.086
vn -0.947 -0.313 -0.069
vn -0.882 -0.471 0.033
vn -0.947 -0.312 -0.075
vn -0.959 -0.197 -0.203
vn -0.935 -0.109 -0.338
vn -0.874 -0.034 -0.485
vn -0.829 -0.001 -0.559
vn -0.829 -0.001 -0.559
vn -0.829 -0.001 -0.559
vn -0.829 0.103 -0.550
vn -0.829 0.103 -0.550
vn -0.829 0.103 -0.550
vn -0.829 0.103 -0.550
vn -0.829 0.103 -0.550
vn -0.829 0.103 -0.550
vn -0.829 0.103 -0.550
vn -0.971 -0.121 -0.206
vn -0.915 -0.354 -0.194
vn -0.956 -0.292 0.004
vn -0.971 0.118 -0.206
vn -0.995 -0.095 -0.004
vn -0.994 0.106 -0.004
vn -0.953 0.303 0.005
vn -0.863 0.471 -0.183
vn -0.916 0.350 -0.195
vn -0.882 -0.471 0.033
vn -0.918 -0.387 0.086
vn -0.953 -0.270 0.138
vn -0.975 -0.143 0.170
vn -0.983 -0.038 0.181
vn -0.966 0.169 0.195
vn -0.942 0.283 0.180
vn -0.978 0.073 0.195
vn -0.908 0.391 0.149
vn -0.875 0.471 0.114
vn -0.863 -0.471 -0.183
vn -1.000 0.002 0.017
vn -0.996 0.085 0.021
vn -0.978 0.073 0.195
vn -0.989 0.036 -0.144
vn -0.977 0.095 -0.192
vn -0.953 0.063 -0.297
vn -0.913 0.101 -0.396
vn -0.829 0.103 -0.550
vn -0.831 0.102 -0.547
vn -0.830 0.103 -0.548
vn -0.894 0.086 -0.440
vn -0.829 0.103 -0.550
vn -0.983 -0.038 0.181
vn -0.970 0.147 -0.192
vn -0.910 0.125 -0.396
vn -0.904 0.153 -0.400
vn -0.987 0.162 0.021
vn -0.957 0.208 -0.200
vn -0.996 0.085 0.021
vn -0.977 0.095 -0.192
vn -0.913 0.101 -0.396
vn -0.829 0.103 -0.550
vn -0.829 0.103 -0.550
vn -0.829 0.103 -0.550
vn -0.898 0.156 -0.412
vn -0.938 0.220 -0.267
vn -0.947 0.298 -0.120
vn -0.967 0.254 0.009
vn -0.908 0.391 0.149
vn -0.940 0.341 -0.016
vn -0.920 0.392 0.021
vn -0.942 0.283 0.180
vn -0.966 0.169 0.195
vn -0.978 0.073 0.195
vn -0.875 0.471 0.114
vn 0.000 1.000 0.000
vn 0.000 1.000 0.000
vn 0.000 1.000 0.000
vn 0.000 1.000 0.000
vn 0.000 1.000 0.000
vn 0.000 1.000 0.000
vn 0.000 1.000 0.000
vn 0.000 1.000 0.000
vn 0.000 1.000 0.000
vn 0.000 1.000 0.000
vn 0.000 1.000 0.000
vn 0.000 1.000 0.000
vn 0.000 1.000 0.000
vn 0.000 1.000 0.000
vn 0.000 1.000 0.000
vn 0.000 1.000 0.000
vn 0.000 1.000 0.000
vn 0.000 1.000 0.000
vn 0.000 1.000 0.000
vn 0.000 1.000 0.000
vn 0.000 1.000 0.000
vn 0.000 1.000 0.000
vn 0.000 1.000 0.000
vn 0.000 1.000 0.000
vn 0.000 1.000 0.000
vn 0.000 1.000 0.000
vn 0.000 1.000 0.000
vn 0.000 1.000 0.000
vn 0.000 1.000 0.000
vn 0.000 1.000 0.000
vn 0.000 1.000 0.000
vn 0.000 1.000 0.000
vn 0.000 1.000 0.000
vn 0.000 1.000 0.000
vn 0.000 1.000 0.000
vn 0.000 1.000 0.000
vn 0.000 1.000 0.000
vn 0.000 1.000 0.000
vn 0.000 1.000 0.000
vn 0.000 1.000 0.000
vn 0.000 1.000 0.000
vn 0.000 1.000 0.000
vn 0.000 1.000 0.000
vn 0.000 1.000 0.000
vn 0.000 1.000 0.000
vn 0.000 1.000 0.000
vn 0.000 1.000 0.000
vn 0.000 1.000 0.000
vn 0.000 1.000 0.000
vn 0.000 1.000 0.000
vn -1.000 0.000 0.000
vn -1.000 0.000 0.000
vn -0.866 0.000 -0.500
vn -0.866 0.000 -0.500
vn -0.500 0.000 -0.866
vn -0.500 0.000 -0.866
vn 0.000 0.000 -1.000
vn 0.000 0.000 -1.000
vn 0.500 0.000 -0.866
vn 0.500 0.000 -0.866
vn 0.866 0.000 -0.500
vn 0.866 0.000 -0.500
vn 1.000 0.000 0.000
vn 1.000 0.000 0.000
vn 1.000 0.000 0.000
vn 1.000 0.000 0.000
vn 0.866 0.000 0.500
vn 0.866 0.000 0.500
vn 0.500 0.000 0.866
vn 0.500 0.000 0.866
vn 0.000 0.000 1.000
vn 0.000 0.000 1.000
vn -0.500 0.000 0.866
vn -0.500 0.000 0.866
vn -0.866 0.000 0.500
vn -0.866 0.000 0.500
vn -1.000 0.000 0.000
vn -1.000 0.000 0.000
vn 0.000 1.000 0.000
vn 0.000 1.000 0.000
vn 0.000 1.000 0.000
vn 0.000 1.000 0.000
vn 0.000 1.000 0.000
vn 0.000 1.000 0.000
vn 0.000 1.000 0.000
vn 0.000 1.000 0.000
vn 0.000 1.000 0.000
vn 0.000 1.000 0.000
vn 0.000 1.000 0.000
vn 0.000 1.000 0.000
vn 0.000 -1.000 0.000
vn 0.000 -1.000 0.000
vn 0.000 -1.000 0.000
vn 0.000 -1.000 0.000
vn 0.000 -1.000 0.000
vn 0.000 -1.000 0.000
vn 0.000 -1.000 0.000
vn 0.000 -1.000 0.000
vn 0.000 -1.000 0.000
vn 0.000 -1.000 0.000
vn 0.000 -1.000 0.000
vn 0.000 -1.000 0.000
vn 0.000 -1.000 0.000
vn 0.000 -1.000 0.000
vn 0.000 -1.000 0.000
vn 0.000 -1.000 0.000
vn 0.000 -1.000 0.000
vn 0.000 -1.000 0.000
vn 0.000 -1.000 0.000
vn 0.000 -1.000 0.000
vn 0.000 -1.000 0.000
vn 0.000 -1.000 0.000
vn 0.000 -1.000 0.000
vn 0.000 -1.000 0.000
vn 0.000 -1.000 0.000
vn 0.000 -1.000 0.000
vn 0.000 -1.000 0.000
vn 0.000 -1.000 0.000
vn 0.000 -1.000 0.000
vn 0.000 -1.000 0.000
vn 0.000 -1.000 0.000
vn 0.000 -1.000 0.000
vn 0.000 -1.000 0.000
vn 0.000 -1.000 0.000
vn 0.000 -1.000 0.000
vn 0.000 -1.000 0.000
vn 0.000 -1.000 0.000
vn 0.000 -1.000 0.000
vn 0.000 -1.000 0.000
vn 0.000 -1.000 0.000
vn 0.000 -1.000 0.000
vn 0.000 -1.000 0.000
vn 0.000 -1.000 0.000
vn 0.000 -1.000 0.000
vn 0.000 -1.000 0.000
vn 0.000 -1.000 0.000
vn 0.000 -1.000 0.000
vn 1.000 0.000 0.000
vn 1.000 0.000 0.000
vn 0.866 0.000 -0.500
vn 0.866 0.000 -0.500
vn 0.500 0.000 -0.866
vn 0.500 0.000 -0.866
vn 0.000 0.000 -1.000
vn 0.000 0.000 -1.000
vn -0.500 0.000 -0.866
vn -0.500 0.000 -0.866
vn -0.866 0.000 -0.500
vn -0.866 0.000 -0.500
vn -1.000 0.000 0.000
vn -1.000 0.000 0.000
vn -1.000 0.000 0.000
vn -1.000 0.000 0.000
vn -0.866 0.000 0.500
vn -0.866 0.000 0.500
vn -0.500 0.000 0.866
vn -0.500 0.000 0.866
vn 0.000 0.000 1.000
vn 0.000 0.000 1.000
vn 0.500 0.000 0.866
vn 0.500 0.000 0.866
vn 0.866 0.000 0.500
vn 0.866 0.000 0.500
vn 1.000 0.000 0.000
vn 1.000 0.000 0.000
vn 0.000 -1.000 0.000
vn 0.000 -1.000 0.000
vn 0.000 -1.000 0.000
vn 0.000 -1.000 0.000
vn 0.000 -1.000 0.000
vn 0.000 -1.000 0.000
vn 0.000 -1.000 0.000
vn 0.000 -1.000 0.000
vn 0.000 -1.000 0.000
vn 0.000 -1.000 0.000
vn 0.000 -1.000 0.000
vn 0.000 -1.000 0.000
vn 0.992 -0.062 0.108
vn 0.975 -0.072 0.208
vn 0.987 -0.066 0.144
vn 0.994 -0.061 0.089
vn 0.994 -0.061 0.089
vn 0.949 -0.080 0.305
vn 0.972 -0.073 0.225
vn 0.941 -0.083 0.327
vn 0.913 -0.089 0.399
vn 0.901 -0.091 0.425
vn 0.866 -0.097 0.490
vn 0.811 -0.105 0.575
vn 0.748 -0.112 0.654
vn 0.781 -0.109 0.614
vn 0.677 -0.119 0.726
vn 0.707 -0.116 0.698
vn 0.598 -0.125 0.792
vn 0.513 -0.130 0.848
vn 0.533 -0.129 0.836
vn 0.330 -0.138 0.934
vn 0.434 -0.134 0.891
vn 0.424 -0.135 0.896
vn 0.225 -0.141 0.964
vn 0.230 -0.141 0.963
vn 0.130 -0.142 0.981
vn 0.112 -0.143 0.983
vn 0.028 -0.143 0.989
vn 0.002 -0.143 0.990
vn 0.000 -0.143 0.990
vn -0.072 -0.143 0.987
vn -0.118 -0.143 0.983
vn -0.110 -0.143 0.984
vn -0.093 -0.143 0.985
vn -0.186 -0.142 0.972
vn -0.159 -0.142 0.977
vn -0.269 -0.140 0.953
vn -0.375 -0.137 0.917
vn -0.295 -0.139 0.945
vn -0.479 -0.132 0.868
vn -0.400 -0.136 0.906
vn -0.572 -0.127 0.810
vn -0.493 -0.131 0.860
vn -0.582 -0.126 0.803
vn -0.661 -0.120 0.741
vn -0.588 -0.126 0.799
vn -0.812 -0.105 0.574
vn -0.740 -0.113 0.663
vn -0.754 -0.112 0.648
vn -0.872 -0.096 0.479
vn -0.823 -0.104 0.558
vn -0.957 -0.078 0.280
vn -0.920 -0.087 0.382
vn -0.928 -0.086 0.362
vn -0.963 -0.076 0.259
vn -0.982 -0.069 0.177
vn -0.964 -0.076 0.254
vn -0.998 -0.056 0.034
vn -0.999 -0.051 -0.014
vn -0.996 -0.059 0.067
vn -0.996 -0.045 -0.078
vn -0.996 -0.045 -0.078
vn -0.987 -0.066 0.145
vn -0.881 -0.095 0.463
vn -0.675 -0.119 0.728
vn 0.329 -0.138 0.934
vn 0.625 -0.123 0.771
vn 0.845 -0.101 0.524
vn 0.979 0.034 0.203
vn 0.976 0.033 0.217
vn 0.992 0.042 0.118
vn 0.949 0.024 0.314
vn 0.912 0.015 0.409
vn 0.950 0.024 0.312
vn 0.866 0.007 0.500
vn 0.909 0.014 0.418
vn 0.811 -0.001 0.584
vn 0.855 0.005 0.518
vn 0.748 -0.008 0.663
vn 0.792 -0.003 0.611
vn 0.633 -0.018 0.774
vn 0.598 -0.021 0.801
vn 0.676 -0.015 0.736
vn 0.541 -0.024 0.840
vn 0.514 -0.026 0.858
vn 0.442 -0.030 0.896
vn 0.424 -0.030 0.905
vn 0.336 -0.034 0.941
vn 0.328 -0.034 0.944
vn 0.227 -0.037 0.973
vn 0.230 -0.036 0.972
vn 0.114 -0.038 0.993
vn 0.130 -0.038 0.991
vn 0.000 -0.039 0.999
vn 0.028 -0.039 0.999
vn 0.000 -0.039 0.999
vn 0.717 -0.011 0.697
vn 0.994 0.043 0.099
vn 0.994 0.043 0.099
vn -0.049 -0.039 0.998
vn -0.162 -0.038 0.986
vn -0.073 -0.039 0.997
vn -0.185 -0.037 0.982
vn -0.118 -0.038 0.992
vn -0.273 -0.035 0.961
vn -0.401 -0.031 0.916
vn -0.382 -0.032 0.924
vn -0.485 -0.027 0.874
vn -0.493 -0.027 0.870
vn -0.582 -0.022 0.813
vn -0.667 -0.016 0.745
vn -0.588 -0.022 0.809
vn -0.675 -0.015 0.738
vn -0.748 -0.008 0.664
vn -0.754 -0.008 0.657
vn -0.819 0.000 0.574
vn -0.881 0.009 0.473
vn -0.878 0.009 0.478
vn -0.927 0.018 0.375
vn -0.929 0.019 0.371
vn -0.963 0.028 0.267
vn -0.987 0.038 0.157
vn -0.964 0.028 0.264
vn -0.987 0.038 0.155
vn -0.998 0.048 0.045
vn -0.998 0.049 0.044
vn -0.996 0.059 -0.066
vn -0.996 0.059 -0.069
vn -0.996 0.059 -0.069
vn -0.963 0.028 0.269
vn -0.823 0.001 0.568
vn -0.582 -0.022 0.813
vn -0.294 -0.035 0.955
vn 0.000 -0.039 0.999
vn 0.000 -0.039 0.999
vn -0.585 0.000 0.811
vn -0.685 0.000 0.729
vn -0.685 0.000 0.729
vn -0.617 0.000 0.787
vn -0.454 0.000 0.891
vn -0.544 0.000 0.839
vn -0.441 0.000 0.898
vn -0.354 0.000 0.935
vn -0.332 0.000 0.943
vn -0.332 0.000 0.943
vn -0.332 0.000 0.943
vn -0.332 0.000 0.943
vn -0.226 0.000 0.974
vn -0.118 0.000 0.993
vn -0.118 0.000 0.993
vn 0.000 1.000 0.000
vn 0.000 1.000 0.000
vn 0.000 1.000 0.000
vn 0.000 1.000 0.000
vn 0.000 1.000 0.000
vn 0.000 1.000 0.000
vn 0.000 1.000 0.000
vn 0.000 1.000 0.000
vn 0.000 1.000 0.000
vn 0.000 1.000 0.000
vn 0.000 1.000 0.000
vn 0.000 1.000 0.000
vn 0.000 1.000 0.000
vn 0.000 1.000 0.000
vn 0.000 1.000 0.000
vn 0.000 1.000 0.000
vn 0.000 1.000 0.000
vn 0.000 1.000 0.000
vn 0.000 1.000 0.000
vn 0.000 1.000 0.000
vn 0.000 1.000 0.000
vn 0.000 1.000 0.000
vn 0.000 1.000 0.000
vn 0.000 1.000 0.000
vn 0.000 1.000 0.000
vn 0.000 1.000 0.000
vn 0.000 1.000 0.000
vn 0.000 1.000 0.000
vn 0.000 1.000 0.000
vn 0.000 1.000 0.000
vn 0.000 1.000 0.000
vn 0.000 1.000 0.000
vn 0.000 1.000 0.000
vn 0.000 1.000 0.000
vn 0.000 1.000 0.000
vn 0.000 1.000 0.000
vn 0.000 1.000 0.000
vn 0.000 1.000 0.000
vn 0.000 1.000 0.000
vn 0.000 1.000 0.000
vn 0.000 1.000 0.000
vn 0.000 1.000 0.000
vn 0.000 1.000 0.000
vn 0.000 1.000 0.000
vn 0.000 1.000 0.000
vn 0.000 1.000 0.000
vn 0.000 1.000 0.000
vn 0.000 1.000 0.000
vn 0.000 1.000 0.000
vn 0.000 1.000 0.000
vn 0.000 1.000 0.000
vn 0.000 1.000 0.000
vn 0.000 1.000 0.000
vn 0.000 1.000 0.000
vn 0.000 1.000 0.000
vn 0.000 1.000 0.000
vn 0.000 1.000 0.000
vn 0.000 1.000 0.000
vn 0.000 1.000 0.000
vn 0.000 1.000 0.000
vn 0.000 1.000 0.000
vn 0.000 1.000 0.000
vn 0.000 1.000 0.000
vn 0.000 1.000 0.000
vn 0.000 1.000 0.000
vn 0.000 1.000 0.000
vn 0.000 1.000 0.000
vn 0.000 1.000 0.000
vn 0.000 1.000 0.000
vn 0.000 1.000 0.000
vn 0.000 1.000 0.000
vn 0.000 1.000 0.000
vn 0.000 1.000 0.000
vn 0.000 1.000 0.000
vn 0.000 1.000 0.000
vn 0.000 1.000 0.000
vn 0.000 1.000 0.000
vn 0.000 1.000 0.000
vn 0.000 1.000 0.000
vn 0.000 1.000 0.000
vn 0.000 1.000 0.000
vn 0.000 1.000 0.000
vn 0.000 1.000 0.000
vn 0.000 1.000 0.000
vn 0.000 1.000 0.000
vn 0.000 1.000 0.000
vn 0.000 1.000 0.000
vn 0.000 1.000 0.000
vn 0.000 1.000 0.000
vn 0.000 1.000 0.000
vn 0.000 1.000 0.000
vn 0.000 1.000 0.000
vn 0.000 1.000 0.000
vn -0.975 0.000 -0.223
vn -1.000 0.000 0.000
vn -1.000 0.000 0.000
vn -0.901 0.000 -0.434
vn -0.975 0.000 -0.223
vn -0.782 0.000 -0.623
vn -0.901 0.000 -0.434
vn -0.623 0.000 -0.782
vn -0.782 0.000 -0.623
vn -0.434 0.000 -0.901
vn -0.623 0.000 -0.782
vn -0.223 0.000 -0.975
vn -0.434 0.000 -0.901
vn 0.000 0.000 -1.000
vn -0.223 0.000 -0.975
vn 0.223 0.000 -0.975
vn 0.000 0.000 -1.000
vn 0.434 0.000 -0.901
vn 0.223 0.000 -0.975
vn 0.623 0.000 -0.782
vn 0.434 0.000 -0.901
vn 0.782 0.000 -0.623
vn 0.623 0.000 -0.782
vn 0.901 0.000 -0.434
vn 0.782 0.000 -0.623
vn 0.975 0.000 -0.223
vn 0.901 0.000 -0.434
vn 1.000 0.000 0.000
vn 0.975 0.000 -0.223
vn 1.000 0.000 0.000
vn 0.975 0.000 0.223
vn 1.000 0.000 0.000
vn 1.000 0.000 0.000
vn 0.901 0.000 0.434
vn 0.975 0.000 0.223
vn 0.782 0.000 0.623
vn 0.901 0.000 0.434
vn 0.623 0.000 0.782
vn 0.782 0.000 0.623
vn 0.434 0.000 0.901
vn 0.623 0.000 0.782
vn 0.223 0.000 0.975
vn 0.434 0.000 0.901
vn 0.000 0.000 1.000
vn 0.223 0.000 0.975
vn -0.223 0.000 0.975
vn 0.000 0.000 1.000
vn -0.434 0.000 0.901
vn -0.223 0.000 0.975
vn -0.623 0.000 0.782
vn -0.434 0.000 0.901
vn -0.782 0.000 0.623
vn -0.623 0.000 0.782
vn -0.901 0.000 0.434
vn -0.782 0.000 0.623
vn -0.975 0.000 0.223
vn -0.901 0.000 0.434
vn -1.000 0.000 0.000
vn -0.975 0.000 0.223
vn -1.000 0.000 0.000
vn 0.000 1.000 0.000
vn 0.000 1.000 0.000
vn 0.000 1.000 0.000
vn 0.000 1.000 0.000
vn 0.000 1.000 0.000
vn 0.000 1.000 0.000
vn 0.000 1.000 0.000
vn 0.000 1.000 0.000
vn 0.000 1.000 0.000
vn 0.000 1.000 0.000
vn 0.000 1.000 0.000
vn 0.000 1.000 0.000
vn 0.000 1.000 0.000
vn 0.000 1.000 0.000
vn 0.000 1.000 0.000
vn 0.000 1.000 0.000
vn 0.000 1.000 0.000
vn 0.000 1.000 0.000
vn 0.000 1.000 0.000
vn 0.000 1.000 0.000
vn 0.000 1.000 0.000
vn 0.000 1.000 0.000
vn 0.000 1.000 0.000
vn 0.000 1.000 0.000
vn 0.000 1.000 0.000
vn 0.000 1.000 0.000
vn 0.000 1.000 0.000
vn 0.000 1.000 0.000
vn 0.000 1.000 0.000
vn 0.000 1.000 0.000
vn 0.000 1.000 0.000
vn 0.000 1.000 0.000
vn 0.000 1.000 0.000
vn 0.000 1.000 0.000
vn 0.000 1.000 0.000
vn 0.000 1.000 0.000
vn 0.000 1.000 0.000
vn 0.000 1.000 0.000
vn 0.000 1.000 0.000
vn 0.000 1.000 0.000
vn 0.000 1.000 0.000
vn 0.000 1.000 0.000
vn 0.000 1.000 0.000
vn 0.000 1.000 0.000
vn 0.000 1.000 0.000
vn 0.000 1.000 0.000
vn 0.000 1.000 0.000
vn 0.000 1.000 0.000
vn 0.000 1.000 0.000
vn 0.000 1.000 0.000
vn 0.000 1.000 0.000
vn 0.000 1.000 0.000
vn 0.000 1.000 0.000
vn 0.000 1.000 0.000
vn -0.239 0.000 -0.971
vn 0.000 0.000 -1.000
vn 0.000 0.000 -1.000
vn -0.465 0.000 -0.885
vn -0.239 0.000 -0.971
vn -0.663 0.000 -0.749
vn -0.465 0.000 -0.885
vn -0.823 0.000 -0.568
vn -0.663 0.000 -0.749
vn -0.935 0.000 -0.355
vn -0.823 0.000 -0.568
vn -0.993 0.000 -0.121
vn -0.935 0.000 -0.355
vn -0.993 0.000 0.121
vn -0.993 0.000 -0.121
vn -0.935 0.000 0.355
vn -0.993 0.000 0.121
vn -0.823 0.000 0.568
vn -0.935 0.000 0.355
vn -0.663 0.000 0.749
vn -0.823 0.000 0.568
vn -0.465 0.000 0.885
vn -0.663 0.000 0.749
vn -0.239 0.000 0.971
vn -0.465 0.000 0.885
vn 0.000 0.000 1.000
vn -0.239 0.000 0.971
vn 0.000 0.000 1.000
vn 0.239 0.000 0.971
vn 0.000 0.000 1.000
vn 0.000 0.000 1.000
vn 0.465 0.000 0.885
vn 0.239 0.000 0.971
vn 0.663 0.000 0.749
vn 0.465 0.000 0.885
vn 0.823 0.000 0.568
vn 0.663 0.000 0.749
vn 0.935 0.000 0.355
vn 0.823 0.000 0.568
vn 0.993 0.000 0.121
vn 0.935 0.000 0.355
vn 0.993 0.000 -0.121
vn 0.993 0.000 0.121
vn 0.935 0.000 -0.355
vn 0.993 0.000 -0.121
vn 0.823 0.000 -0.568
vn 0.935 0.000 -0.355
vn 0.663 0.000 -0.749
vn 0.823 0.000 -0.568
vn 0.465 0.000 -0.885
vn 0.663 0.000 -0.749
vn 0.239 0.000 -0.971
vn 0.465 0.000 -0.885
vn 0.000 0.000 -1.000
vn 0.239 0.000 -0.971
vn 0.000 0.000 -1.000
vn 0.000 1.000 0.000
vn 0.000 1.000 0.000
vn 0.000 1.000 0.000
vn 0.000 1.000 0.000
vn 0.000 1.000 0.000
vn 0.000 1.000 0.000
vn 0.000 1.000 0.000
vn 0.000 1.000 0.000
vn 0.000 1.000 0.000
vn 0.000 1.000 0.000
vn 0.000 1.000 0.000
vn 0.000 1.000 0.000
vn 0.000 1.000 0.000
vn 0.000 1.000 0.000
vn 0.000 1.000 0.000
vn 0.000 1.000 0.000
vn 0.000 1.000 0.000
vn 0.000 1.000 0.000
vn 0.000 1.000 0.000
vn 0.000 1.000 0.000
vn 0.000 1.000 0.000
vn 0.000 1.000 0.000
vn 0.000 1.000 0.000
vn 0.000 1.000 0.000
vn 0.000 1.000 0.000
vn 0.000 1.000 0.000
vn 0.016 0.500 0.866
vn 0.017 0.500 0.866
vn 0.064 0.500 0.864
vn 0.105 0.500 0.860
vn 0.015 0.500 0.866
vn 0.141 0.500 0.855
vn 0.141 0.500 0.855
vn 0.106 0.500 0.859
vn 0.107 0.500 0.859
vn 0.152 0.500 0.853
vn 0.153 0.500 0.852
vn 0.178 0.500 0.848
vn 0.167 0.500 0.850
vn 0.238 0.500 0.833
vn 0.267 0.500 0.824
vn 0.168 0.500 0.850
vn 0.168 0.500 0.849
vn 0.267 0.500 0.824
vn 0.387 0.500 0.775
vn 0.396 0.500 0.770
vn 0.493 0.500 0.712
vn 0.495 0.500 0.710
vn 0.295 0.500 0.814
vn 0.289 0.500 0.816
vn 0.295 0.500 0.814
vn 0.490 0.500 0.714
vn 0.153 0.500 0.852
vn 0.000 1.000 0.000
vn 0.000 1.000 0.000
vn 0.000 1.000 0.000
vn 0.000 1.000 0.000
vn 0.000 1.000 0.000
vn 0.000 1.000 0.000
vn 0.000 1.000 0.000
vn 0.000 1.000 0.000
vn 0.000 1.000 0.000
vn -1.000 0.000 0.000
vn -1.000 0.000 0.000
vn -1.000 0.000 0.000
vn -1.000 0.000 0.000
vn -1.000 0.000 0.000
vn 1.000 0.000 0.000
vn 1.000 0.000 0.000
vn 1.000 0.000 0.000
vn 1.000 0.000 0.000
vn 1.000 0.000 0.000
vn 0.866 0.000 0.500
vn 1.000 0.000 0.000
vn 1.000 0.000 0.000
vn 0.500 0.000 0.866
vn 0.866 0.000 0.500
vn 0.000 0.000 1.000
vn 0.500 0.000 0.866
vn -0.500 0.000 0.866
vn 0.000 0.000 1.000
vn -0.866 0.000 0.500
vn -0.500 0.000 0.866
vn -1.000 0.000 0.000
vn -0.866 0.000 0.500
vn -1.000 0.000 0.000
vn 0.000 1.000 0.000
vn 0.000 1.000 0.000
vn 0.000 1.000 0.000
vn 0.000 1.000 0.000
vn 0.000 1.000 0.000
vn 0.000 1.000 0.000
vn 0.000 1.000 0.000
vn 0.000 1.000 0.000
vn 0.000 1.000 0.000
vn 0.000 1.000 0.000
vn 0.000 1.000 0.000
vn 0.000 1.000 0.000
vn 0.000 1.000 0.000
vn 0.000 1.000 0.000
vn 0.000 1.000 0.000
vn 0.000 1.000 0.000
vn 0.000 1.000 0.000
vn 0.000 1.000 0.000
vn 0.000 1.000 0.000
vn 0.000 1.000 0.000
vn 0.000 1.000 0.000
vn 0.000 1.000 0.000
vn 0.000 1.000 0.000
vn 0.000 1.000 0.000
vn 0.000 1.000 0.000
vn 0.000 1.000 0.000
vn 0.000 1.000 0.000
vn 0.000 1.000 0.000
vn 0.000 1.000 0.000
vn 0.000 1.000 0.000
vn -0.866 0.000 -0.500
vn -1.000 0.000 0.000
vn -1.000 0.000 0.000
vn -0.500 0.000 -0.866
vn -0.866 0.000 -0.500
vn 0.000 0.000 -1.000
vn -0.500 0.000 -0.866
vn 0.500 0.000 -0.866
vn 0.000 0.000 -1.000
vn 0.866 0.000 -0.500
vn 0.500 0.000 -0.866
vn 1.000 0.000 0.000
vn 0.866 0.000 -0.500
vn 1.000 0.000 0.000
vn 0.866 0.000 0.500
vn 1.000 0.000 0.000
vn 1.000 0.000 0.000
vn 0.500 0.000 0.866
vn 0.866 0.000 0.500
vn 0.000 0.000 1.000
vn 0.500 0.000 0.866
vn -0.500 0.000 0.866
vn 0.000 0.000 1.000
vn -0.866 0.000 0.500
vn -0.500 0.000 0.866
vn -1.000 0.000 0.000
vn -0.866 0.000 0.500
vn -1.000 0.000 0.000
vn -0.515 0.857 0.000
vn -0.446 0.857 -0.258
vn -0.515 0.857 0.000
vn -0.446 0.857 -0.258
vn -0.258 0.857 -0.446
vn -0.258 0.857 -0.446
vn 0.000 0.857 -0.515
vn 0.000 0.857 -0.515
vn 0.258 0.857 -0.446
vn 0.258 0.857 -0.446
vn 0.446 0.857 -0.258
vn 0.446 0.857 -0.258
vn 0.515 0.857 0.000
vn 0.515 0.857 0.000
vn 0.446 0.857 0.258
vn 0.515 0.857 0.000
vn 0.446 0.857 0.258
vn 0.258 0.857 0.446
vn 0.258 0.857 0.446
vn 0.000 0.857 0.515
vn 0.000 0.857 0.515
vn -0.258 0.857 0.446
vn -0.258 0.857 0.446
vn -0.446 0.857 0.258
vn -0.446 0.857 0.258
vn -0.515 0.857 0.000
vn -0.996 0.059 -0.068
vn -0.996 0.059 -0.068
vn -0.996 0.059 -0.068
vn -0.996 0.059 -0.068
vn -0.996 0.059 -0.068
vn -0.996 0.059 -0.068
vn -0.996 0.059 -0.068
vn -0.996 0.059 -0.068
vn -0.996 0.059 -0.068
vn -0.996 0.059 -0.068
vn -0.996 0.059 -0.068
vn 0.445 0.000 0.896
vn 0.473 0.000 0.881
vn 0.549 0.000 0.836
vn 0.392 0.000 0.920
vn 0.332 0.000 0.943
vn 0.332 0.000 0.943
vn 0.550 0.000 0.835
vn 0.118 0.000 0.993
vn 0.139 0.000 0.990
vn 0.332 0.000 0.943
vn 0.118 0.000 0.993
vn 0.332 0.000 0.943
vn 0.000 1.000 0.000
vn 0.000 1.000 0.000
vn 0.000 1.000 0.000
vn 0.000 1.000 0.000
vn 0.000 1.000 0.000
vn 0.000 1.000 0.000
vn 0.000 1.000 0.000
vn 0.000 1.000 0.000
vn 0.000 1.000 0.000
vn 0.000 1.000 0.000
vn 0.000 1.000 0.000
vn 0.000 1.000 0.000
vn 0.000 1.000 0.000
vn 0.000 1.000 0.000
vn 0.000 1.000 0.000
vn 0.000 1.000 0.000
vn 0.000 1.000 0.000
vn 0.000 1.000 0.000
vn 0.000 1.000 0.000
vn 0.000 1.000 0.000
vn 0.000 1.000 0.000
vn 0.000 1.000 0.000
vn 0.000 1.000 0.000
vn 0.000 1.000 0.000
vn 0.000 1.000 0.000
vn 0.000 1.000 0.000
vn 0.000 1.000 0.000
vn 0.000 1.000 0.000
vn 0.000 1.000 0.000
vn 0.000 1.000 0.000
vn 0.000 1.000 0.000
vn 0.000 1.000 0.000
vn 0.000 1.000 0.000
vn 0.000 1.000 0.000
vn 0.000 1.000 0.000
vn 0.000 1.000 0.000
vn 0.000 1.000 0.000
vn 0.000 1.000 0.000
vn 0.000 1.000 0.000
vn 0.000 1.000 0.000
vn 0.000 1.000 0.000
vn 0.000 1.000 0.000
vn 0.000 1.000 0.000
vn 0.000 1.000 0.000
vn 0.000 1.000 0.000
vn 0.000 1.000 0.000
vn 0.000 1.000 0.000
vn 0.000 1.000 0.000
vn 0.000 1.000 0.000
vn 0.000 1.000 0.000
vn 0.000 1.000 0.000
vn 0.000 1.000 0.000
vn 0.000 1.000 0.000
vn 0.000 1.000 0.000
vn 0.000 1.000 0.000
vn 0.000 1.000 0.000
vn 0.000 1.000 0.000
vn 0.000 1.000 0.000
vn 0.000 1.000 0.000
vn 0.000 1.000 0.000
vn 0.000 1.000 0.000
vn 0.000 1.000 0.000
vn 0.000 1.000 0.000
vn 0.000 1.000 0.000
vn 0.000 1.000 0.000
vn 0.000 1.000 0.000
vn 0.000 1.000 0.000
vn 0.000 1.000 0.000
vn 0.000 1.000 0.000
vn 0.000 1.000 0.000
vn 0.000 1.000 0.000
vn 0.000 1.000 0.000
vn 0.000 1.000 0.000
vn 0.000 1.000 0.000
vn 0.000 1.000 0.000
vn 0.000 1.000 0.000
vn 0.000 1.000 0.000
vn 0.000 1.000 0.000
vn 0.000 1.000 0.000
vn 0.000 1.000 0.000
vn 0.000 1.000 0.000
vn 0.000 1.000 0.000
vn 0.000 1.000 0.000
vn -0.971 0.000 -0.239
vn -1.000 0.000 0.000
vn -1.000 0.000 0.000
vn -0.885 0.000 -0.465
vn -0.971 0.000 -0.239
vn -0.749 0.000 -0.663
vn -0.885 0.000 -0.465
vn -0.568 0.000 -0.823
vn -0.749 0.000 -0.663
vn -0.355 0.000 -0.935
vn -0.568 0.000 -0.823
vn -0.121 0.000 -0.993
vn -0.355 0.000 -0.935
vn 0.121 0.000 -0.993
vn -0.121 0.000 -0.993
vn 0.355 0.000 -0.935
vn 0.121 0.000 -0.993
vn 0.568 0.000 -0.823
vn 0.355 0.000 -0.935
vn 0.749 0.000 -0.663
vn 0.568 0.000 -0.823
vn 0.885 0.000 -0.465
vn 0.749 0.000 -0.663
vn 0.971 0.000 -0.239
vn 0.885 0.000 -0.465
vn 1.000 0.000 0.000
vn 0.971 0.000 -0.239
vn 1.000 0.000 0.000
vn 0.971 0.000 0.239
vn 1.000 0.000 0.000
vn 1.000 0.000 0.000
vn 0.885 0.000 0.465
vn 0.971 0.000 0.239
vn 0.749 0.000 0.663
vn 0.885 0.000 0.465
vn 0.568 0.000 0.823
vn 0.749 0.000 0.663
vn 0.355 0.000 0.935
vn 0.568 0.000 0.823
vn 0.121 0.000 0.993
vn 0.355 0.000 0.935
vn -0.121 0.000 0.993
vn 0.121 0.000 0.993
vn -0.355 0.000 0.935
vn -0.121 0.000 0.993
vn -0.568 0.000 0.823
vn -0.355 0.000 0.935
vn -0.749 0.000 0.663
vn -0.568 0.000 0.823
vn -0.885 0.000 0.465
vn -0.749 0.000 0.663
vn -0.971 0.000 0.239
vn -0.885 0.000 0.465
vn -1.000 0.000 0.000
vn -0.971 0.000 0.239
vn -1.000 0.000 0.000
vn 0.000 1.000 0.000
vn 0.000 1.000 0.000
vn 0.000 1.000 0.000
vn 0.000 1.000 0.000
vn 0.000 1.000 0.000
vn 0.000 1.000 0.000
vn 0.000 1.000 0.000
vn 0.000 1.000 0.000
vn 0.000 1.000 0.000
vn 0.000 1.000 0.000
vn 0.000 1.000 0.000
vn 0.000 1.000 0.000
vn 0.000 1.000 0.000
vn 0.000 1.000 0.000
vn 0.000 1.000 0.000
vn 0.000 1.000 0.000
vn 0.000 1.000 0.000
vn 0.000 1.000 0.000
vn 0.000 1.000 0.000
vn 0.000 1.000 0.000
vn 0.000 1.000 0.000
vn 0.000 1.000 0.000
vn 0.000 1.000 0.000
vn 0.000 1.000 0.000
vn 0.000 1.000 0.000
vn 0.000 1.000 0.000
vn 0.000 1.000 0.000
vn 0.000 1.000 0.000
vn 0.000 1.000 0.000
vn 0.000 1.000 0.000
vn 0.000 1.000 0.000
vn 0.000 1.000 0.000
vn 0.000 1.000 0.000
vn 0.000 1.000 0.000
vn 0.000 1.000 0.000
vn 0.000 1.000 0.000
vn 0.000 1.000 0.000
vn 0.000 1.000 0.000
vn 0.000 1.000 0.000
vn 0.000 1.000 0.000
vn 0.000 1.000 0.000
vn 0.000 1.000 0.000
vn 0.000 1.000 0.000
vn 0.000 1.000 0.000
vn 0.000 1.000 0.000
vn 0.000 1.000 0.000
vn 0.000 1.000 0.000
vn 0.000 1.000 0.000
vn 0.000 1.000 0.000
vn 0.000 1.000 0.000
vn -0.966 0.000 -0.259
vn -1.000 0.000 0.000
vn -1.000 0.000 0.000
vn -0.866 0.000 -0.500
vn -0.966 0.000 -0.259
vn -0.707 0.000 -0.707
vn -0.866 0.000 -0.500
vn -0.500 0.000 -0.866
vn -0.707 0.000 -0.707
vn -0.259 0.000 -0.966
vn -0.500 0.000 -0.866
vn 0.000 0.000 -1.000
vn -0.259 0.000 -0.966
vn 0.259 0.000 -0.966
vn 0.000 0.000 -1.000
vn 0.500 0.000 -0.866
vn 0.259 0.000 -0.966
vn 0.707 0.000 -0.707
vn 0.500 0.000 -0.866
vn 0.866 0.000 -0.500
vn 0.707 0.000 -0.707
vn 0.966 0.000 -0.259
vn 0.866 0.000 -0.500
vn 1.000 0.000 0.000
vn 0.966 0.000 -0.259
vn 1.000 0.000 0.000
vn 0.966 0.000 0.259
vn 1.000 0.000 0.000
vn 1.000 0.000 0.000
vn 0.866 0.000 0.500
vn 0.966 0.000 0.259
vn 0.707 0.000 0.707
vn 0.866 0.000 0.500
vn 0.500 0.000 0.866
vn 0.707 0.000 0.707
vn 0.259 0.000 0.966
vn 0.500 0.000 0.866
vn 0.000 0.000 1.000
vn 0.259 0.000 0.966
vn -0.259 0.000 0.966
vn 0.000 0.000 1.000
vn -0.500 0.000 0.866
vn -0.259 0.000 0.966
vn -0.707 0.000 0.707
vn -0.500 0.000 0.866
vn -0.866 0.000 0.500
vn -0.707 0.000 0.707
vn -0.966 0.000 0.259
vn -0.866 0.000 0.500
vn -1.000 0.000 0.000
vn -0.966 0.000 0.259
vn -1.000 0.000 0.000
vn 0.000 1.000 0.000
vn 0.000 1.000 0.000
vn 0.000 1.000 0.000
vn 0.000 1.000 0.000
vn 0.000 1.000 0.000
vn 0.000 1.000 0.000
vn 0.000 1.000 0.000
vn 0.000 1.000 0.000
vn 0.000 1.000 0.000
vn 0.000 1.000 0.000
vn 0.000 1.000 0.000
vn 0.000 1.000 0.000
vn 0.000 1.000 0.000
vn 0.000 1.000 0.000
vn 0.000 1.000 0.000
vn 0.000 1.000 0.000
vn 0.000 1.000 0.000
vn 0.000 1.000 0.000
vn 0.000 1.000 0.000
vn 0.000 1.000 0.000
vn 0.000 1.000 0.000
vn 0.000 1.000 0.000
vn 0.000 1.000 0.000
vn 0.000 1.000 0.000
vn -0.988 0.000 -0.156
vn -0.988 0.000 -0.156
vn -0.988 0.000 -0.156
vn -0.988 0.000 -0.156
vn -0.988 0.000 -0.156
vn -0.988 0.000 -0.156
vn 0.156 0.000 -0.988
vn 0.156 0.000 -0.988
vn 0.156 0.000 -0.988
vn 0.156 0.000 -0.988
vn 0.156 0.000 -0.988
vn 0.156 0.000 -0.988
vn -0.391 0.000 -0.921
vn -0.391 0.000 -0.921
vn -0.391 0.000 -0.921
vn -0.391 0.000 -0.921
vn 0.990 0.000 -0.139
vn 0.990 0.000 -0.139
vn 0.990 0.000 -0.139
vn 0.990 0.000 -0.139
vn -0.921 0.000 0.391
vn -0.921 0.000 0.391
vn -0.921 0.000 0.391
vn -0.921 0.000 0.391
vn 0.000 1.000 0.000
vn 0.000 1.000 0.000
vn 0.000 1.000 0.000
vn 0.000 1.000 0.000
vn 0.000 1.000 0.000
vn 0.000 1.000 0.000
vn 0.000 1.000 0.000
vn 0.000 1.000 0.000
vn 0.000 1.000 0.000
vn 0.000 1.000 0.000
vn 0.000 1.000 0.000
vn 0.000 1.000 0.000
vn 0.000 1.000 0.000
vn 0.000 1.000 0.000
vn 0.000 1.000 0.000
vn 0.000 1.000 0.000
vn 0.000 1.000 0.000
vn 0.000 1.000 0.000
vn 0.000 1.000 0.000
vn 0.000 1.000 0.000
vn 0.000 1.000 0.000
vn 0.000 1.000 0.000
vn 0.000 1.000 0.000
vn 0.000 1.000 0.000
vn 0.000 1.000 0.000
vn 0.267 0.000 0.964
vn 0.267 0.000 0.964
vn 0.267 0.000 0.964
vn 0.267 0.000 0.964
vn -0.989 0.040 0.139
vn -0.989 0.040 0.139
vn -0.989 0.040 0.139
vn -0.989 0.040 0.139
vn -0.989 0.040 0.139
vn -0.989 0.040 0.139
vn -0.989 0.040 0.139
vn 0.000 0.500 -0.866
vn 0.000 0.500 -0.866
vn 0.000 0.500 -0.866
vn 0.000 0.500 -0.866
vn 0.000 0.500 -0.866
vn 0.000 0.500 -0.866
vn 0.000 0.500 -0.866
vn 0.000 0.500 -0.866
vn 0.989 0.040 0.139
vn 0.989 0.040 0.139
vn 0.989 0.040 0.139
vn 0.989 0.040 0.139
vn 0.989 0.040 0.139
vn 0.989 0.040 0.139
vn 0.989 0.040 0.139
vn -0.990 0.000 -0.139
vn -0.990 0.000 -0.139
vn -0.990 0.000 -0.139
vn -0.990 0.000 -0.139
vn -0.156 0.000 -0.988
vn -0.156 0.000 -0.988
vn -0.156 0.000 -0.988
vn -0.156 0.000 -0.988
vn 0.988 0.000 -0.156
vn 0.988 0.000 -0.156
vn 0.988 0.000 -0.156
vn 0.988 0.000 -0.156
vn 0.988 0.000 -0.156
vn 0.988 0.000 -0.156
vn 0.000 1.000 0.000
vn 0.000 1.000 0.000
vn 0.000 1.000 0.000
vn 0.000 1.000 0.000
vn 0.000 1.000 0.000
vn 0.000 1.000 0.000
vn 0.000 1.000 0.000
vn 0.000 1.000 0.000
vn 0.000 1.000 0.000
vn 0.000 1.000 0.000
vn 0.000 1.000 0.000
vn 0.000 1.000 0.000
vn 0.000 1.000 0.000
vn 0.000 1.000 0.000
vn 0.000 1.000 0.000
vn 0.000 1.000 0.000
vn 0.000 1.000 0.000
vn 0.000 1.000 0.000
vn 0.000 1.000 0.000
vn 0.000 1.000 0.000
vn 0.000 1.000 0.000
vn 0.000 1.000 0.000
vn 0.000 1.000 0.000
vn 0.000 1.000 0.000
vn 0.000 1.000 0.000
vn 0.000 1.000 0.000
vn 0.000 1.000 0.000
vn 0.000 1.000 0.000
vn 0.391 0.000 -0.921
vn 0.391 0.000 -0.921
vn 0.391 0.000 -0.921
vn 0.391 0.000 -0.921
vn 0.921 0.000 0.391
vn 0.921 0.000 0.391
vn 0.921 0.000 0.391
vn 0.921 0.000 0.391
vn -0.267 0.000 0.964
vn -0.267 0.000 0.964
vn -0.267 0.000 0.964
vn -0.267 0.000 0.964
vn -0.008 -0.039 0.999
vn -0.088 -0.039 0.995
vn -0.023 -0.039 0.999
vn -0.121 -0.038 0.992
vn -0.023 -0.039 0.999
vn 0.121 -0.038 0.992
vn 0.072 -0.039 0.997
vn 0.023 -0.039 0.999
vn 0.000 -0.039 0.999
vn 0.129 -0.038 0.991
vn 0.138 -0.038 0.990
vn 0.240 -0.036 0.970
vn 0.230 -0.036 0.972
vn 0.342 -0.033 0.939
vn 0.307 -0.035 0.951
vn 0.440 -0.030 0.897
vn 0.382 -0.032 0.924
vn 0.535 -0.025 0.845
vn 0.577 -0.022 0.817
vn 0.510 -0.026 0.860
vn 0.621 -0.019 0.783
vn 0.640 -0.018 0.768
vn 0.701 -0.013 0.713
vn 0.700 -0.013 0.714
vn 0.774 -0.005 0.633
vn 0.755 -0.008 0.656
vn 0.837 0.002 0.547
vn 0.843 0.003 0.537
vn 0.805 -0.002 0.594
vn -0.892 0.011 0.452
vn -0.896 0.012 0.444
vn -0.924 0.018 0.381
vn -0.929 0.019 0.370
vn -0.839 0.003 0.545
vn -0.858 0.006 0.514
vn -0.776 -0.005 0.631
vn -0.765 -0.006 0.644
vn -0.814 -0.001 0.581
vn -0.704 -0.012 0.710
vn -0.711 -0.012 0.703
vn -0.624 -0.019 0.781
vn -0.653 -0.017 0.757
vn -0.538 -0.025 0.843
vn -0.536 -0.025 0.844
vn -0.444 -0.029 0.896
vn -0.469 -0.028 0.883
vn -0.345 -0.033 0.938
vn -0.322 -0.034 0.946
vn -0.397 -0.031 0.917
vn -0.243 -0.036 0.969
vn -0.245 -0.036 0.969
vn -0.138 -0.038 0.990
vn -0.167 -0.038 0.985
vn -0.130 -0.038 0.991
vn -0.920 0.017 0.392
vn 0.850 0.004 0.528
vn 0.151 -0.038 0.988
vn 0.023 -0.039 0.999
vn 0.000 1.000 0.000
vn 0.000 1.000 0.000
vn 0.000 1.000 0.000
vn 0.000 1.000 0.000
vn 0.000 1.000 0.000
vn 0.000 1.000 0.000
vn 0.000 1.000 0.000
vn 0.000 1.000 0.000
vn 0.000 1.000 0.000
vn 0.000 1.000 0.000
vn 0.000 1.000 0.000
vn 0.000 1.000 0.000
vn 0.000 1.000 0.000
vn 0.000 1.000 0.000
vn 0.000 1.000 0.000
vn 0.000 1.000 0.000
vn 0.000 1.000 0.000
vn 0.000 1.000 0.000
vn 0.000 1.000 0.000
vn 0.000 1.000 0.000
vn 0.000 1.000 0.000
vn 0.000 1.000 0.000
vn 0.000 1.000 0.000
vn -1.000 0.000 0.000
vn -1.000 0.000 0.000
vn -1.000 0.000 0.000
vn -1.000 0.000 0.000
vn 1.000 0.000 0.000
vn 1.000 0.000 0.000
vn 1.000 0.000 0.000
vn 1.000 0.000 0.000
vn 0.866 0.000 0.500
vn 1.000 0.000 0.000
vn 1.000 0.000 0.000
vn 0.500 0.000 0.866
vn 0.866 0.000 0.500
vn 0.000 0.000 1.000
vn 0.500 0.000 0.866
vn -0.500 0.000 0.866
vn 0.000 0.000 1.000
vn -0.866 0.000 0.500
vn -0.500 0.000 0.866
vn -1.000 0.000 0.000
vn -0.866 0.000 0.500
vn -1.000 0.000 0.000
vn 0.994 0.044 0.099
vn 0.994 0.044 0.099
vn 0.994 0.044 0.099
vn 0.994 0.044 0.099
vn 0.994 0.044 0.099
vn 0.994 0.044 0.099
vn 0.994 0.044 0.099
vn 0.994 0.044 0.099
vn 0.994 0.044 0.099
vn 0.994 0.044 0.099
vn 0.994 0.044 0.099
vn 0.994 0.044 0.099
vn 0.994 0.044 0.099
vn 0.994 0.044 0.099
vn 0.000 1.000 0.000
vn 0.000 1.000 0.000
vn 0.000 1.000 0.000
vn 0.000 1.000 0.000
vn 0.000 0.046 0.999
vn 0.000 0.046 0.999
vn 0.000 0.046 0.999
vn 0.000 0.046 0.999
vn 0.000 0.000 1.000
vn 0.000 0.000 1.000
vn 0.000 0.000 1.000
vn 0.000 0.000 1.000
vn 0.000 -0.143 0.990
vn 0.000 -0.143 0.990
vn 0.000 -0.143 0.990
vn 0.000 -0.143 0.990
vn 0.000 -1.000 0.000
vn 0.000 -1.000 0.000
vn 0.000 -1.000 0.000
vn 0.000 -1.000 0.000
vn 0.994 -0.061 0.089
vn 0.994 -0.061 0.089
vn 0.994 -0.061 0.089
vn 0.994 -0.061 0.089
vn 0.994 -0.061 0.089
vn 0.994 -0.061 0.089
vn 0.994 -0.061 0.089
vn 0.994 -0.061 0.089
vn 0.994 -0.061 0.089
vn 0.994 -0.061 0.089
vn 0.994 -0.061 0.089
vn 0.994 -0.061 0.089
vn 0.994 -0.061 0.089
vn 0.994 -0.061 0.089
vn 0.994 -0.061 0.089
vn 0.994 -0.061 0.089
vn 0.994 -0.061 0.089
vn 0.994 -0.061 0.089
vn 0.994 -0.061 0.089
vn 0.994 -0.061 0.089
vn 0.994 -0.061 0.089
vn 0.994 -0.061 0.089
vn 0.994 -0.061 0.089
vn 0.994 -0.061 0.089
vn 0.994 -0.061 0.089
vn 0.994 -0.061 0.089
vn 0.000 -0.614 -0.789
vn 0.000 -0.614 -0.789
vn 0.000 -0.614 -0.789
vn 0.000 -0.614 -0.789
vn 0.000 0.000 -1.000
vn 0.000 0.000 -1.000
vn 0.000 0.000 -1.000
vn 0.000 0.000 -1.000
vn 0.000 0.143 -0.990
vn 0.000 0.143 -0.990
vn 0.000 0.143 -0.990
vn 0.000 0.143 -0.990
vn -0.328 0.944 0.039
vn -0.335 0.941 0.038
vn -0.345 0.938 0.037
vn -0.366 0.930 0.035
vn -0.353 0.935 0.037
vn -0.327 0.944 0.039
vn -0.361 0.932 0.036
vn -0.429 0.903 0.029
vn -0.384 0.923 0.034
vn -0.386 0.922 0.033
vn -0.385 0.922 0.033
vn -0.368 0.929 0.035
vn -0.380 0.924 0.034
vn -0.373 0.927 0.035
vn -0.376 0.926 0.034
vn -0.366 0.930 0.035
vn -0.365 0.930 0.035
vn -0.430 0.902 0.029
vn -0.368 0.929 0.035
vn -0.366 0.930 0.035
vn -0.383 0.923 0.034
vn -0.353 0.935 0.037
vn -0.344 0.938 0.037
vn -0.355 0.934 0.036
vn -0.335 0.941 0.038
vn -0.360 0.932 0.036
vn -0.327 0.944 0.039
vn -0.327 0.944 0.039
vn -0.339 0.940 0.038
vn -0.346 0.937 0.037
vn -0.334 0.942 0.038
vn -0.326 0.945 0.039
vn -0.332 0.942 0.039
vn -0.334 0.942 0.038
vn -0.332 0.942 0.039
vn -0.338 0.940 0.038
vn -0.326 0.945 0.039
vn -0.345 0.938 0.037
vn -0.363 0.931 0.036
vn -0.353 0.935 0.037
vn -0.349 0.936 0.037
vn -0.362 0.931 0.036
vn -0.371 0.928 0.035
vn -0.378 0.925 0.034
vn -0.391 0.920 0.033
vn -0.429 0.903 0.029
vn -0.454 0.891 0.027
vn -0.455 0.890 0.027
vn -0.454 0.890 0.027
vn -0.456 0.890 0.026
vn -0.457 0.889 0.026
vn -0.427 0.904 0.029
vn -0.395 0.918 0.033
vn -0.371 0.928 0.035
vn -0.353 0.935 0.037
vn -0.341 0.939 0.038
vn -0.355 0.934 0.036
vn -0.353 0.935 0.037
vn -0.329 0.943 0.039
vn -0.454 0.890 0.027
vn -0.999 0.053 0.000
vn -0.943 0.022 0.331
vn -0.998 0.049 0.042
vn -0.915 0.016 0.402
vn -0.784 -0.004 0.620
vn -0.707 -0.012 0.707
vn -0.524 -0.025 0.851
vn -0.423 -0.030 0.905
vn -0.209 -0.037 0.977
vn -0.065 -0.039 0.997
vn 0.147 -0.038 0.988
vn 0.626 -0.019 0.780
vn 0.300 -0.035 0.953
vn 0.478 -0.028 0.878
vn 0.482 -0.028 0.876
vn 0.626 -0.019 0.780
vn 0.758 -0.007 0.653
vn 0.865 0.007 0.502
vn 0.865 0.007 0.502
vn 0.937 0.021 0.349
vn 0.999 0.053 0.000
vn 0.999 0.053 0.000
vn 0.987 0.038 0.157
vn -0.999 0.053 0.000
vn 0.065 0.143 -0.988
vn 0.420 0.135 -0.897
vn 0.285 0.139 -0.948
vn -0.297 0.139 -0.945
vn -0.043 0.143 -0.989
vn -0.621 0.123 -0.774
vn -0.373 0.137 -0.918
vn -0.860 0.098 -0.500
vn -0.672 0.119 -0.731
vn -0.985 0.067 -0.156
vn -0.882 0.095 -0.461
vn -0.999 0.053 0.000
vn -0.999 0.053 0.000
vn 0.999 0.053 0.000
vn 0.974 0.072 -0.215
vn 0.998 0.056 -0.042
vn 0.835 0.102 -0.541
vn 0.912 0.089 -0.401
vn 0.600 0.125 -0.790
vn 0.702 0.117 -0.702
vn 0.999 0.053 0.000
vn -0.988 0.065 -0.140
vn 0.000 1.000 0.000
vn 0.000 1.000 0.000
vn 0.000 1.000 0.000
vn 0.000 1.000 0.000
vn 0.000 1.000 0.000
vn 0.000 1.000 0.000
vn 0.000 1.000 0.000
vn 0.000 1.000 0.000
vn 0.000 1.000 0.000
vn 0.000 1.000 0.000
vn 0.000 1.000 0.000
vn 0.000 1.000 0.000
vn 0.000 1.000 0.000
vn 0.000 1.000 0.000
vn 0.000 1.000 0.000
vn 0.000 1.000 0.000
vn 0.000 1.000 0.000
vn 0.000 1.000 0.000
vn 0.000 1.000 0.000
vn 0.000 1.000 0.000
vn -0.956 0.026 0.292
vn -0.998 0.049 0.042
vn -0.999 0.053 0.000
vn -0.915 0.016 0.402
vn -0.834 0.002 0.552
vn -0.706 -0.012 0.708
vn -0.707 -0.012 0.707
vn -0.603 -0.020 0.798
vn -0.302 -0.035 0.953
vn -0.423 -0.030 0.905
vn 0.058 -0.039 0.998
vn -0.065 -0.039 0.997
vn 0.404 -0.031 0.914
vn 0.300 -0.035 0.953
vn 0.678 -0.015 0.735
vn 0.626 -0.019 0.780
vn 0.886 0.010 0.464
vn 0.990 0.040 0.138
vn 0.987 0.038 0.157
vn 0.999 0.053 0.000
vn 0.999 0.053 0.000
vn 0.865 0.007 0.502
vn -0.999 0.053 0.000
vn 0.702 0.117 -0.702
vn 0.912 0.089 -0.401
vn 0.950 0.080 -0.303
vn 0.573 0.127 -0.809
vn 0.420 0.135 -0.897
vn 0.814 0.105 -0.571
vn 0.065 0.143 -0.988
vn 0.419 0.135 -0.898
vn 0.262 0.140 -0.955
vn -0.297 0.139 -0.945
vn -0.070 0.143 -0.987
vn -0.621 0.123 -0.774
vn -0.381 0.136 -0.915
vn -0.860 0.098 -0.500
vn -0.666 0.120 -0.736
vn -0.968 0.075 -0.240
vn -0.985 0.067 -0.156
vn -0.999 0.053 0.000
vn -0.999 0.053 0.000
vn 0.999 0.053 0.000
vn 0.998 0.056 -0.042
vn 0.999 0.053 0.000
vn -0.851 0.100 -0.515
vn 0.000 1.000 0.000
vn 0.000 1.000 0.000
vn 0.000 1.000 0.000
vn 0.000 1.000 0.000
vn 0.000 1.000 0.000
vn 0.000 1.000 0.000
vn 0.000 1.000 0.000
vn 0.000 1.000 0.000
vn 0.000 1.000 0.000
vn 0.000 1.000 0.000
vn 0.000 1.000 0.000
vn 0.000 1.000 0.000
vn 0.000 1.000 0.000
vn 0.000 1.000 0.000
vn 0.000 1.000 0.000
vn 0.000 1.000 0.000
vn 0.000 1.000 0.000
vn 0.000 1.000 0.000
vn 0.000 1.000 0.000
vn 0.000 1.000 0.000
vn -0.206 -0.141 0.968
vn -0.206 -0.141 0.968
vn -0.206 -0.141 0.968
vn -0.206 -0.141 0.968
vn -0.206 -0.141 0.968
vn -0.206 -0.141 0.968
vn -0.206 -0.141 0.968
vn 0.000 -1.000 0.000
vn 0.000 -1.000 0.000
vn 0.000 -1.000 0.000
vn 0.000 -1.000 0.000
vn 0.000 -1.000 0.000
vn 0.000 -1.000 0.000
vn -0.978 0.000 -0.208
vn -0.978 0.000 -0.208
vn -0.978 0.000 -0.208
vn -0.978 0.000 -0.208
vn 0.208 0.037 -0.977
vn 0.208 0.037 -0.977
vn 0.208 0.037 -0.977
vn 0.208 0.037 -0.977
vn 0.208 0.037 -0.977
vn 0.208 0.037 -0.977
vn 0.208 0.037 -0.977
vn 0.516 -0.130 0.847
vn 0.516 -0.130 0.847
vn 0.269 -0.140 0.953
vn -0.206 -0.141 0.968
vn -0.206 -0.141 0.968
vn 0.166 -0.142 0.976
vn 0.516 -0.130 0.847
vn 0.224 -0.141 0.964
vn 0.278 -0.140 0.950
vn 0.224 -0.141 0.964
vn 0.516 -0.130 0.847
vn 0.208 0.037 -0.977
vn 0.208 0.037 -0.977
vn 0.463 0.029 -0.886
vn 0.823 0.000 -0.569
vn 0.823 0.000 -0.569
vn 0.554 0.024 -0.832
vn 0.603 0.020 -0.797
vn 0.823 0.000 -0.569
vn 0.789 0.004 -0.614
vn 0.823 0.000 -0.569
vn 0.603 0.020 -0.797
vn 0.850 -0.004 -0.526
vn 0.603 0.020 -0.797
vn 0.708 0.012 -0.706
vn 0.603 0.020 -0.797
vn 0.850 -0.004 -0.526
vn 0.956 -0.026 -0.291
vn 0.978 -0.071 0.196
vn 0.978 -0.071 0.196
vn 0.976 -0.072 0.207
vn 0.976 -0.072 0.207
vn 0.976 -0.072 0.207
vn 0.982 -0.035 -0.187
vn 0.987 -0.066 0.148
vn 0.976 -0.072 0.207
vn 0.976 -0.072 0.207
vn 0.987 -0.066 0.148
vn 0.971 -0.031 -0.237
vn 0.978 -0.034 -0.204
vn 0.771 0.006 -0.636
vn 0.839 -0.003 -0.545
vn 0.623 0.019 -0.782
vn 0.623 0.019 -0.782
vn 0.417 0.031 -0.908
vn -0.012 0.039 -0.999
vn -0.067 0.039 -0.997
vn 0.296 0.035 -0.955
vn -0.445 0.029 -0.895
vn -0.420 0.031 -0.907
vn -0.791 0.004 -0.612
vn -0.839 -0.003 -0.544
vn -0.584 0.022 -0.812
vn -0.978 -0.034 -0.208
vn -0.978 -0.034 -0.208
vn -0.978 -0.034 -0.208
vn -0.978 -0.034 -0.208
vn -0.978 -0.034 -0.208
vn -0.978 -0.034 -0.208
vn -0.978 -0.034 -0.208
vn -0.978 -0.034 -0.208
vn -0.917 -0.016 -0.398
vn -0.652 0.017 -0.758
vn -0.586 0.022 -0.810
vn -0.837 -0.002 -0.547
vn -0.269 0.036 -0.962
vn -0.269 0.036 -0.962
vn -0.227 0.037 -0.973
vn -0.227 0.037 -0.973
vn -0.227 0.037 -0.973
vn -0.227 0.037 -0.973
vn -0.419 0.031 -0.908
vn -0.522 0.025 -0.852
vn -0.794 0.003 -0.608
vn -0.640 0.018 -0.768
vn -0.522 0.025 -0.852
vn -0.818 0.000 -0.576
vn -0.939 -0.021 -0.343
vn -0.794 0.003 -0.608
vn -0.991 -0.041 -0.125
vn -0.983 -0.036 -0.181
vn -0.958 -0.026 -0.287
vn -0.988 -0.065 0.137
vn -0.980 -0.070 0.188
vn -0.980 -0.070 0.188
vn -0.918 -0.088 0.388
vn -0.845 -0.101 0.525
vn -0.599 -0.125 0.791
vn -0.784 -0.108 0.611
vn -0.845 -0.101 0.525
vn -0.599 -0.125 0.791
vn -0.599 -0.125 0.791
vn -0.599 -0.125 0.791
vn -0.745 -0.113 0.658
vn -0.960 -0.077 0.268
vn -0.980 -0.070 0.187
vn -0.846 -0.100 0.524
vn -0.986 -0.037 -0.164
vn -0.986 -0.037 -0.164
vn -0.978 -0.034 -0.208
vn -0.978 -0.034 -0.208
vn -0.978 -0.034 -0.208
vn -0.978 -0.034 -0.208
vn -0.978 -0.034 -0.208
vn -0.978 -0.034 -0.208
vn 0.000 -1.000 0.000
vn 0.000 -1.000 0.000
vn 0.000 -1.000 0.000
vn 0.000 -1.000 0.000
vn 0.000 -1.000 0.000
vn 0.000 -1.000 0.000
vn 0.000 -1.000 0.000
vn 0.000 -1.000 0.000
vn 0.000 -1.000 0.000
vn 0.000 -1.000 0.000
vn 0.000 -1.000 0.000
vn 0.000 -1.000 0.000
vn 0.000 -1.000 0.000
vn 0.000 -1.000 0.000
vn 0.000 -1.000 0.000
vn 0.000 -1.000 0.000
vn 0.000 -1.000 0.000
vn 0.000 -1.000 0.000
vn 0.000 -1.000 0.000
vn 0.000 -1.000 0.000
vn 0.000 -1.000 0.000
vn 0.000 -1.000 0.000
vn 0.000 -1.000 0.000
vn 0.000 -1.000 0.000
vn 0.000 -1.000 0.000
vn 0.000 -1.000 0.000
vn 0.000 -1.000 0.000
vn 0.000 -1.000 0.000
vn 0.000 -1.000 0.000
vn 0.000 -1.000 0.000
vn 0.000 -1.000 0.000
vn 0.000 -1.000 0.000
vn 0.000 -1.000 0.000
vn 0.000 -1.000 0.000
vn 0.000 -1.000 0.000
vn 0.000 -1.000 0.000
vn 0.000 -1.000 0.000
vn 0.000 -1.000 0.000
vn 0.000 -1.000 0.000
vn 0.000 -1.000 0.000
vn 0.000 -1.000 0.000
vn 0.000 -1.000 0.000
vn 0.000 -1.000 0.000
vn 0.000 -1.000 0.000
vn 0.000 -1.000 0.000
vn 0.000 -1.000 0.000
vn 0.000 -1.000 0.000
vn 0.000 -1.000 0.000
vn 0.000 -1.000 0.000
vn 0.000 -1.000 0.000
vn 0.000 -1.000 0.000
vn 0.000 -1.000 0.000
vn 0.000 -1.000 0.000
vn 0.000 -1.000 0.000
vn 0.000 -1.000 0.000
vn 0.000 -1.000 0.000
vn 0.000 -1.000 0.000
vn 0.000 -1.000 0.000
vn 0.000 -1.000 0.000
vn 0.000 -1.000 0.000
vn 0.000 -1.000 0.000
vn 0.000 -1.000 0.000
vn 0.000 -1.000 0.000
vn 0.000 -1.000 0.000
vn 0.000 -1.000 0.000
vn 0.000 -1.000 0.000
vn 0.000 -1.000 0.000
vn 0.000 -1.000 0.000
vn 0.000 -1.000 0.000
vn 0.000 -1.000 0.000
vn 0.000 -1.000 0.000
vn 0.000 -1.000 0.000
vn 0.000 -1.000 0.000
vn 0.000 -1.000 0.000
vn 0.000 -1.000 0.000
vn 0.000 -1.000 0.000
vn 0.000 -1.000 0.000
vn 0.000 -1.000 0.000
vn 0.000 -1.000 0.000
vn 0.000 -1.000 0.000
vn 0.000 -1.000 0.000
vn 0.000 -1.000 0.000
vn 0.000 -1.000 0.000
vn 0.000 -1.000 0.000
vn 0.000 -1.000 0.000
vn 0.000 -1.000 0.000
vn 0.000 -1.000 0.000
vn 0.000 -1.000 0.000
vn 0.000 -1.000 0.000
vn 0.000 -1.000 0.000
vn 0.000 -1.000 0.000
vn 0.000 -1.000 0.000
vn 0.000 -1.000 0.000
vn 0.000 -1.000 0.000
vn 0.000 -1.000 0.000
vn 0.000 -1.000 0.000
vn 0.000 -1.000 0.000
vn 0.000 -1.000 0.000
vn 0.000 -1.000 0.000
vn 0.000 -1.000 0.000
vn 0.000 -1.000 0.000
vn 0.000 -1.000 0.000
vn 0.000 -1.000 0.000
vn 0.000 -1.000 0.000
vn 0.000 -1.000 0.000
vn 0.000 -1.000 0.000
vn 0.000 -1.000 0.000
vn 0.000 -1.000 0.000
vn 0.000 -1.000 0.000
vn 0.000 -1.000 0.000
vn 0.000 -1.000 0.000
vn 0.000 -1.000 0.000
vn 0.000 -1.000 0.000
vn 0.000 -1.000 0.000
vn 0.000 -1.000 0.000
vn 0.000 -1.000 0.000
vn 0.000 -1.000 0.000
vn 0.000 -1.000 0.000
vn 0.000 -1.000 0.000
vn 0.000 -1.000 0.000
vn 0.000 -1.000 0.000
vn 0.000 -1.000 0.000
vn 0.000 -1.000 0.000
vn 0.000 -1.000 0.000
vn 0.000 -1.000 0.000
vn 0.000 -1.000 0.000
vn 0.000 -1.000 0.000
vn 0.000 -1.000 0.000
vn 0.000 -1.000 0.000
vn 0.000 -1.000 0.000
vn 0.000 -1.000 0.000
vn 0.000 -1.000 0.000
vn 0.000 -1.000 0.000
vn 0.000 -1.000 0.000
vn 0.000 -1.000 0.000
vn 0.000 -1.000 0.000
vn 0.000 -1.000 0.000
vn 0.000 -1.000 0.000
vn 0.000 -1.000 0.000
vn 0.000 -1.000 0.000
vn 0.000 -1.000 0.000
vn -0.978 -0.034 -0.208
vn -0.978 -0.034 -0.208
vn -0.988 -0.039 -0.148
vn -0.969 -0.074 0.237
vn -0.976 -0.071 0.204
vn -0.988 -0.039 -0.148
vn -0.767 -0.110 0.633
vn -0.834 -0.102 0.542
vn -0.618 -0.124 0.776
vn -0.618 -0.124 0.776
vn -0.413 -0.135 0.901
vn 0.012 -0.143 0.990
vn 0.067 -0.143 0.987
vn -0.293 -0.139 0.946
vn 0.442 -0.134 0.887
vn 0.416 -0.135 0.899
vn 0.786 -0.108 0.609
vn 0.835 -0.102 0.541
vn 0.579 -0.126 0.805
vn 0.976 -0.072 0.207
vn 0.976 -0.072 0.207
vn 0.976 -0.072 0.207
vn 0.976 -0.072 0.207
vn 0.976 -0.072 0.207
vn 0.976 -0.072 0.207
vn 0.976 -0.072 0.207
vn 0.976 -0.072 0.207
vn 0.914 -0.089 0.396
vn 0.647 -0.121 0.753
vn 0.581 -0.126 0.804
vn 0.833 -0.102 0.544
vn 0.267 -0.140 0.954
vn 0.267 -0.140 0.954
vn 0.224 -0.141 0.964
vn 0.224 -0.141 0.964
vn -0.590 -0.801 -0.103
vn -0.644 -0.758 -0.104
vn -0.644 -0.758 -0.103
vn -0.737 -0.674 -0.052
vn -0.703 -0.704 -0.097
vn -0.752 -0.645 -0.135
vn -0.641 -0.760 -0.104
vn -0.586 -0.804 -0.103
vn -0.587 -0.804 -0.097
vn -0.588 -0.802 -0.107
vn -0.655 -0.753 -0.069
vn -0.606 -0.792 -0.076
vn -0.620 -0.781 -0.073
vn -0.644 -0.760 -0.089
vn -0.590 -0.803 -0.090
vn -0.596 -0.799 -0.082
vn -0.642 -0.761 -0.098
vn -0.648 -0.758 -0.079
vn -0.681 -0.730 -0.053
vn -0.667 -0.741 -0.078
vn -0.640 -0.765 -0.073
vn -0.666 -0.744 -0.060
vn -0.845 -0.526 -0.094
vn -0.818 -0.550 -0.169
vn -0.888 -0.429 -0.169
vn -0.783 -0.618 -0.072
vn -0.534 -0.840 -0.101
vn -0.590 -0.801 -0.102
vn -0.686 -0.718 -0.119
vn -0.667 -0.731 -0.140
vn -0.785 -0.570 -0.241
vn -0.528 -0.843 -0.101
vn -0.529 -0.843 -0.096
vn -0.531 -0.841 -0.105
vn -0.554 -0.829 -0.082
vn -0.572 -0.816 -0.084
vn -0.533 -0.842 -0.089
vn -0.541 -0.837 -0.084
vn -0.596 -0.798 -0.091
vn -0.627 -0.771 -0.107
vn -0.783 -0.397 0.478
vn -0.773 -0.405 0.489
vn -0.717 -0.428 0.551
vn -0.941 -0.317 -0.117
vn -0.930 -0.336 -0.150
vn -0.951 -0.297 -0.081
vn -0.864 -0.449 -0.229
vn -0.802 -0.561 -0.205
vn -0.900 -0.389 -0.199
vn -0.938 -0.308 0.161
vn -0.929 -0.319 0.186
vn -0.898 -0.347 0.269
vn -0.963 -0.268 -0.001
vn -0.959 -0.283 0.006
vn -0.951 -0.293 0.097
vn -0.958 -0.280 -0.067
vn -0.957 -0.280 0.076
vn -0.872 -0.358 0.333
vn -0.863 -0.368 0.347
vn -0.822 -0.385 0.420
vn -0.908 -0.337 0.250
vn -0.831 -0.376 0.409
vn -0.186 -0.525 0.830
vn -0.257 -0.529 0.809
vn -0.255 -0.535 0.805
vn -0.535 -0.487 0.691
vn -0.525 -0.493 0.694
vn -0.458 -0.510 0.728
vn -0.667 -0.444 0.598
vn -0.656 -0.451 0.605
vn -0.592 -0.472 0.653
vn -0.728 -0.420 0.541
vn -0.602 -0.466 0.648
vn -0.396 -0.519 0.758
vn -0.390 -0.524 0.757
vn -0.322 -0.533 0.783
vn -0.466 -0.505 0.727
vn -0.326 -0.527 0.785
vn -0.114 -0.516 0.849
vn -0.187 -0.531 0.826
vn -0.782 -0.559 0.274
vn -0.841 -0.456 0.291
vn -0.811 -0.483 0.330
vn -0.585 -0.811 -0.004
vn -0.583 -0.812 0.024
vn -0.530 -0.848 0.011
vn -0.587 -0.797 0.144
vn -0.591 -0.787 0.179
vn -0.568 -0.800 0.191
vn -0.613 -0.772 0.168
vn -0.699 -0.668 0.255
vn -0.675 -0.681 0.282
vn -0.741 -0.587 0.325
vn -0.722 -0.653 0.228
vn -0.580 -0.812 0.072
vn -0.579 -0.808 0.112
vn -0.534 -0.839 0.102
vn -0.532 -0.843 0.080
vn -0.544 -0.826 0.147
vn -0.581 -0.812 0.049
vn -0.531 -0.845 0.058
vn -0.530 -0.847 0.035
vn -0.591 -0.800 -0.103
vn -0.534 -0.839 -0.102
vn -0.532 -0.840 -0.105
vn -0.589 -0.801 -0.104
vn -0.588 -0.805 -0.083
vn -0.530 -0.847 -0.044
vn -0.530 -0.845 -0.068
vn -0.588 -0.807 -0.062
vn -0.587 -0.809 -0.035
vn -0.530 -0.848 -0.015
vn -0.531 -0.843 -0.087
vn -0.820 -0.528 0.221
vn -0.869 -0.427 0.249
vn -0.166 -0.216 -0.962
vn -0.170 -0.231 -0.958
vn -0.240 -0.240 -0.940
vn -0.019 -0.197 -0.980
vn -0.025 -0.212 -0.977
vn -0.098 -0.221 -0.970
vn -0.093 -0.206 -0.974
vn -0.440 -0.253 -0.861
vn -0.438 -0.267 -0.858
vn -0.499 -0.275 -0.822
vn -0.308 -0.235 -0.922
vn -0.309 -0.249 -0.918
vn -0.375 -0.258 -0.890
vn -0.238 -0.226 -0.945
vn -0.375 -0.245 -0.894
vn -0.618 -0.276 -0.736
vn -0.562 -0.269 -0.782
vn -0.557 -0.282 -0.781
vn -0.503 -0.261 -0.824
vn -0.670 -0.282 -0.686
vn -0.612 -0.288 -0.736
vn -0.947 -0.311 -0.077
vn -0.935 -0.315 -0.162
vn -0.928 -0.328 -0.179
vn -0.946 -0.294 0.139
vn -0.942 -0.310 0.129
vn -0.925 -0.327 0.193
vn -0.915 -0.336 0.224
vn -0.953 -0.302 0.005
vn -0.949 -0.314 -0.019
vn -0.950 -0.308 0.058
vn -0.941 -0.323 -0.099
vn -0.900 -0.361 0.244
vn -0.871 -0.405 0.276
vn -0.638 -0.770 0.008
vn -0.634 -0.772 0.038
vn -0.629 -0.765 0.140
vn -0.634 -0.757 0.156
vn -0.656 -0.741 0.144
vn -0.744 -0.637 0.200
vn -0.706 -0.694 0.144
vn -0.626 -0.775 0.087
vn -0.622 -0.774 0.121
vn -0.644 -0.758 -0.104
vn -0.644 -0.759 -0.102
vn -0.643 -0.762 -0.078
vn -0.642 -0.765 -0.056
vn -0.641 -0.767 -0.026
vn -0.883 -0.411 0.228
vn -0.785 -0.603 0.142
vn -0.105 -0.520 0.848
vn -0.100 -0.513 0.853
vn -0.093 -0.504 0.859
vn -0.134 -0.510 0.850
vn -0.226 -0.519 0.825
vn -0.315 -0.519 0.795
vn -0.405 -0.509 0.759
vn -0.491 -0.492 0.719
vn -0.577 -0.468 0.669
vn -0.658 -0.442 0.610
vn -0.735 -0.413 0.538
vn -0.802 -0.383 0.459
vn -0.855 -0.356 0.376
vn -0.900 -0.333 0.280
vn -0.938 -0.305 0.166
vn -0.961 -0.271 0.059
vn -0.968 -0.251 0.005
vn -0.963 -0.263 -0.053
vn -0.970 -0.243 -0.030
vn -0.970 -0.243 -0.023
vn -0.946 -0.316 -0.066
vn -0.908 -0.406 -0.106
vn -0.957 -0.283 -0.061
vn -0.885 -0.462 -0.046
vn -0.765 -0.643 -0.020
vn -0.716 -0.697 -0.033
vn -0.693 -0.719 -0.056
vn -0.710 -0.703 -0.038
vn -0.683 -0.726 -0.079
vn -0.688 -0.723 -0.064
vn -0.680 -0.727 -0.100
vn -0.681 -0.727 -0.088
vn -0.679 -0.726 -0.105
vn -0.680 -0.725 -0.109
vn -0.681 -0.724 -0.104
vn -0.681 -0.727 -0.092
vn -0.682 -0.724 -0.104
vn -0.680 -0.732 -0.047
vn -0.680 -0.730 -0.064
vn -0.680 -0.729 -0.074
vn -0.672 -0.740 0.028
vn -0.676 -0.737 -0.004
vn -0.678 -0.735 -0.019
vn -0.668 -0.742 0.053
vn -0.658 -0.747 0.100
vn -0.652 -0.748 0.126
vn -0.680 -0.723 0.127
vn -0.652 -0.748 0.127
vn -0.733 -0.671 0.110
vn -0.836 -0.522 0.168
vn -0.902 -0.369 0.226
vn -0.937 -0.294 0.188
vn -0.942 -0.288 0.171
vn -0.923 -0.321 0.212
vn -0.949 -0.285 0.135
vn -0.954 -0.290 0.082
vn -0.954 -0.300 -0.011
vn -0.945 -0.306 -0.117
vn -0.943 -0.311 -0.122
vn -0.922 -0.316 -0.226
vn -0.891 -0.316 -0.325
vn -0.889 -0.323 -0.324
vn -0.910 -0.327 -0.253
vn -0.864 -0.317 -0.392
vn -0.887 -0.316 -0.337
vn -0.889 -0.312 -0.336
vn -0.883 -0.306 -0.356
vn -0.799 -0.305 -0.519
vn -0.797 -0.307 -0.520
vn -0.833 -0.312 -0.457
vn -0.701 -0.285 -0.654
vn -0.664 -0.294 -0.688
vn -0.711 -0.279 -0.646
vn -0.644 -0.274 -0.714
vn -0.580 -0.271 -0.768
vn -0.553 -0.258 -0.792
vn -0.530 -0.255 -0.809
vn -0.453 -0.245 -0.857
vn -0.371 -0.234 -0.899
vn -0.282 -0.222 -0.933
vn -0.190 -0.209 -0.959
vn -0.156 -0.205 -0.966
vn -0.014 -0.186 -0.982
vn 0.000 -0.184 -0.983
vn -0.010 -0.208 -0.978
vn -0.035 -0.233 -0.972
vn -0.016 -0.219 -0.976
vn -0.115 -0.243 -0.963
vn -0.206 -0.254 -0.945
vn -0.292 -0.266 -0.919
vn -0.376 -0.277 -0.884
vn -0.453 -0.287 -0.844
vn -0.528 -0.296 -0.796
vn -0.599 -0.305 -0.741
vn -0.654 -0.311 -0.689
vn -0.725 -0.318 -0.610
vn -0.734 -0.305 -0.606
vn -0.669 -0.304 -0.679
vn -0.664 -0.312 -0.680
vn -0.778 -0.323 -0.539
vn -0.794 -0.305 -0.526
vn -0.825 -0.329 -0.459
vn -0.863 -0.336 -0.376
vn -0.893 -0.342 -0.292
vn -0.917 -0.344 -0.204
vn -0.935 -0.337 -0.110
vn -0.945 -0.328 -0.012
vn -0.939 -0.331 0.094
vn -0.917 -0.352 0.190
vn -0.877 -0.395 0.274
vn -0.826 -0.457 0.329
vn -0.766 -0.539 0.350
vn -0.691 -0.647 0.322
vn -0.659 -0.689 0.300
vn -0.603 -0.756 0.254
vn -0.533 -0.831 0.158
vn -0.530 -0.835 0.147
vn -0.519 -0.849 0.100
vn -0.516 -0.853 0.075
vn -0.514 -0.857 0.047
vn -0.512 -0.859 0.023
vn -0.511 -0.860 -0.001
vn -0.510 -0.860 -0.027
vn -0.510 -0.859 -0.054
vn -0.510 -0.857 -0.078
vn -0.510 -0.856 -0.087
vn -0.512 -0.853 -0.105
vn -0.514 -0.852 -0.102
vn -0.514 -0.852 -0.102
vn -0.513 -0.853 -0.100
vn -0.533 -0.840 -0.101
vn -0.514 -0.852 -0.100
vn -0.512 -0.853 -0.104
vn -0.512 -0.853 -0.102
vn -0.513 -0.853 -0.096
vn -0.513 -0.854 -0.089
vn -0.513 -0.854 -0.089
vn -0.518 -0.851 -0.086
vn -0.525 -0.847 -0.086
vn -0.524 -0.848 -0.086
vn -0.546 -0.833 -0.089
vn -0.534 -0.841 -0.087
vn -0.572 -0.815 -0.097
vn -0.560 -0.823 -0.094
vn -0.580 -0.809 -0.100
vn -0.613 -0.782 -0.117
vn -0.654 -0.741 -0.154
vn -0.667 -0.725 -0.170
vn -0.788 -0.554 -0.268
vn -0.850 -0.462 -0.252
vn -0.899 -0.385 -0.208
vn -0.936 -0.324 -0.135
vn -0.956 -0.292 -0.034
vn -0.952 -0.295 0.083
vn -0.928 -0.322 0.188
vn -0.888 -0.355 0.292
vn -0.847 -0.376 0.375
vn -0.792 -0.399 0.463
vn -0.726 -0.425 0.540
vn -0.657 -0.451 0.604
vn -0.584 -0.476 0.658
vn -0.500 -0.501 0.707
vn -0.424 -0.519 0.742
vn -0.344 -0.532 0.774
vn -0.269 -0.537 0.800
vn -0.188 -0.533 0.825
vn -0.119 -0.524 0.844
vn -0.117 -0.522 0.845
vn -0.106 -0.522 0.847
vn -0.512 -0.853 -0.101
vn -0.513 -0.853 -0.100
vn -0.510 -0.856 -0.088
vn -0.022 -0.231 -0.973
vn -0.094 -0.196 -0.976
vn -0.713 -0.277 -0.644
vn -0.844 -0.305 -0.441
vn -0.891 -0.307 -0.336
vn -0.765 -0.621 0.171
vn 0.810 -0.585 0.035
vn 0.815 -0.579 0.033
vn 0.840 -0.542 0.039
vn 0.835 -0.463 -0.299
vn 0.826 -0.499 -0.264
vn 0.896 -0.377 -0.233
vn 0.826 -0.563 0.026
vn 0.812 -0.583 0.023
vn 0.807 -0.576 -0.128
vn 0.781 -0.609 -0.137
vn 0.777 -0.592 -0.212
vn 0.802 -0.597 -0.003
vn 0.791 -0.610 -0.056
vn 0.816 -0.577 -0.031
vn 0.801 -0.532 -0.273
vn 0.783 -0.568 -0.255
vn 0.801 -0.558 -0.219
vn 0.942 -0.205 -0.265
vn 0.897 -0.341 -0.281
vn 0.927 -0.298 -0.228
vn 0.763 -0.602 -0.236
vn 0.815 -0.533 -0.229
vn 0.892 -0.412 -0.185
vn 0.877 -0.477 0.054
vn 0.928 -0.371 0.036
vn 0.917 -0.398 0.000
vn 0.875 -0.477 0.083
vn 0.892 -0.445 0.083
vn 0.764 -0.293 0.575
vn 0.703 -0.309 0.641
vn 0.691 -0.321 0.648
vn 0.158 -0.449 0.879
vn 0.076 -0.471 0.879
vn 0.068 -0.477 0.876
vn -0.004 -0.490 0.872
vn -0.083 -0.506 0.859
vn -0.087 -0.511 0.855
vn -0.010 -0.495 0.869
vn 0.487 -0.364 0.794
vn 0.407 -0.384 0.828
vn 0.396 -0.393 0.830
vn 0.325 -0.405 0.854
vn 0.242 -0.427 0.871
vn 0.232 -0.434 0.870
vn 0.149 -0.456 0.877
vn 0.314 -0.413 0.855
vn 0.636 -0.326 0.699
vn 0.564 -0.345 0.750
vn 0.551 -0.355 0.755
vn 0.475 -0.373 0.797
vn 0.624 -0.337 0.705
vn 0.965 -0.250 0.078
vn 0.960 -0.272 0.067
vn 0.949 -0.313 0.033
vn 0.936 -0.344 0.072
vn 0.937 -0.236 0.259
vn 0.906 -0.246 0.345
vn 0.895 -0.262 0.360
vn 0.866 -0.262 0.427
vn 0.818 -0.278 0.504
vn 0.806 -0.292 0.515
vn 0.752 -0.306 0.584
vn 0.854 -0.277 0.441
vn 0.956 -0.234 0.179
vn 0.950 -0.253 0.182
vn 0.959 -0.259 0.115
vn 0.929 -0.253 0.269
vn 0.833 -0.552 0.041
vn 0.807 -0.589 0.035
vn 0.810 -0.585 0.033
vn 0.845 -0.530 0.069
vn 0.822 -0.566 0.055
vn 0.815 -0.577 0.050
vn 0.835 -0.547 0.054
vn 0.853 -0.517 0.075
vn 0.863 -0.499 0.081
vn 0.843 -0.534 0.063
vn 0.858 -0.510 0.062
vn 0.831 -0.553 0.060
vn 0.811 -0.584 0.044
vn 0.835 -0.548 0.040
vn 0.835 -0.548 0.037
vn 0.968 -0.239 0.083
vn 0.898 -0.429 0.097
vn 0.961 -0.219 0.168
vn 0.947 -0.220 0.233
vn 0.916 -0.232 0.328
vn 0.872 -0.251 0.420
vn 0.813 -0.271 0.515
vn 0.747 -0.290 0.599
vn 0.670 -0.310 0.674
vn 0.588 -0.333 0.738
vn 0.495 -0.357 0.792
vn 0.398 -0.382 0.834
vn 0.298 -0.409 0.863
vn 0.201 -0.435 0.878
vn 0.098 -0.462 0.882
vn 0.001 -0.485 0.874
vn -0.079 -0.501 0.862
vn -0.093 -0.504 0.859
vn -0.100 -0.513 0.853
vn -0.105 -0.520 0.848
vn -0.017 -0.503 0.864
vn 0.069 -0.483 0.873
vn 0.159 -0.460 0.874
vn 0.258 -0.434 0.863
vn 0.346 -0.413 0.842
vn 0.435 -0.392 0.810
vn 0.531 -0.370 0.762
vn 0.619 -0.350 0.703
vn 0.696 -0.334 0.636
vn 0.824 -0.303 0.479
vn 0.877 -0.287 0.384
vn 0.917 -0.280 0.282
vn 0.942 -0.284 0.177
vn 0.951 -0.296 0.088
vn 0.946 -0.324 0.016
vn 0.922 -0.387 -0.019
vn 0.841 -0.541 0.018
vn 0.861 -0.508 0.026
vn 0.827 -0.561 0.028
vn 0.798 -0.602 0.035
vn 0.787 -0.616 0.033
vn 0.778 -0.627 0.032
vn 0.770 -0.638 0.029
vn 0.772 -0.635 0.030
vn 0.767 -0.640 0.028
vn 0.764 -0.645 0.026
vn 0.767 -0.642 0.027
vn 0.767 -0.641 0.026
vn 0.767 -0.640 0.036
vn 0.772 -0.636 0.014
vn 0.765 -0.643 -0.030
vn 0.772 -0.636 0.024
vn 0.760 -0.648 -0.049
vn 0.748 -0.658 -0.089
vn 0.736 -0.660 -0.152
vn 0.736 -0.649 -0.193
vn 0.742 -0.635 -0.214
vn 0.795 -0.567 -0.214
vn 0.857 -0.485 -0.173
vn 0.860 -0.480 -0.171
vn 0.920 -0.356 -0.161
vn 0.936 -0.287 -0.204
vn 0.941 -0.233 -0.246
vn 0.936 -0.278 -0.215
vn 0.931 -0.247 -0.269
vn 0.910 -0.221 -0.351
vn 0.910 -0.179 -0.374
vn 0.929 -0.193 -0.317
vn 0.874 -0.204 -0.441
vn 0.879 -0.169 -0.445
vn 0.823 -0.193 -0.534
vn 0.839 -0.163 -0.520
vn 0.761 -0.189 -0.620
vn 0.794 -0.161 -0.586
vn 0.694 -0.188 -0.695
vn 0.746 -0.160 -0.646
vn 0.625 -0.187 -0.758
vn 0.636 -0.160 -0.755
vn 0.693 -0.160 -0.703
vn 0.548 -0.187 -0.815
vn 0.574 -0.161 -0.803
vn 0.466 -0.190 -0.864
vn 0.509 -0.163 -0.845
vn 0.376 -0.195 -0.906
vn 0.371 -0.172 -0.913
vn 0.441 -0.167 -0.882
vn 0.289 -0.201 -0.936
vn 0.299 -0.177 -0.938
vn 0.202 -0.208 -0.957
vn 0.226 -0.184 -0.957
vn 0.115 -0.216 -0.970
vn 0.151 -0.191 -0.970
vn 0.032 -0.225 -0.974
vn 0.077 -0.199 -0.977
vn -0.016 -0.219 -0.976
vn -0.010 -0.208 -0.978
vn 0.002 -0.208 -0.978
vn -0.022 -0.231 -0.973
vn 0.025 -0.181 -0.983
vn 0.071 -0.175 -0.982
vn 0.116 -0.170 -0.979
vn 0.209 -0.160 -0.965
vn 0.302 -0.151 -0.941
vn 0.400 -0.142 -0.905
vn 0.486 -0.136 -0.863
vn 0.575 -0.131 -0.808
vn 0.515 -0.134 -0.847
vn 0.613 -0.129 -0.779
vn 0.723 -0.127 -0.679
vn 0.783 -0.127 -0.609
vn 0.839 -0.127 -0.529
vn 0.889 -0.131 -0.440
vn 0.921 -0.140 -0.363
vn 0.934 -0.151 -0.325
vn 0.941 -0.163 -0.296
vn 0.944 -0.175 -0.281
vn 0.936 -0.154 -0.317
vn 0.933 -0.208 -0.292
vn 0.916 -0.254 -0.311
vn 0.875 -0.355 -0.329
vn 0.818 -0.488 -0.304
vn 0.818 -0.491 -0.301
vn 0.833 -0.448 -0.323
vn 0.816 -0.510 -0.270
vn 0.816 -0.501 -0.288
vn 0.824 -0.538 -0.180
vn 0.821 -0.531 -0.212
vn 0.827 -0.545 -0.135
vn 0.828 -0.547 -0.119
vn 0.833 -0.551 -0.050
vn 0.840 -0.543 0.021
vn 0.836 -0.548 -0.010
vn 0.853 -0.518 0.059
vn 0.842 -0.538 0.038
vn 0.856 -0.516 0.044
vn 0.860 -0.509 0.041
vn 0.856 -0.516 0.044
vn 0.855 -0.517 0.039
vn 0.853 -0.520 0.046
vn 0.855 -0.515 0.062
vn 0.862 -0.501 0.079
vn 0.863 -0.498 0.081
vn 0.875 -0.475 0.094
vn 0.878 -0.468 0.096
vn 0.898 -0.427 0.105
vn 0.959 -0.269 0.083
vn 0.944 -0.312 0.103
vn 0.968 -0.230 0.103
vn 0.966 -0.223 0.134
vn 0.968 -0.240 0.078
vn 0.895 -0.132 -0.427
vn 0.653 -0.128 -0.747
vn 0.000 -0.184 -0.983
vn 0.766 -0.642 0.026
vn 0.812 -0.583 0.034
vn 0.763 -0.319 0.562
vn -0.106 -0.522 0.847
vn 1.000 0.000 0.000
vn 1.000 0.000 0.000
vn 1.000 0.000 0.000
vn 1.000 0.000 0.000
vn 1.000 0.000 0.000
vn 1.000 0.000 0.000
vn 1.000 0.000 0.000
vn 1.000 0.000 0.000
vn 1.000 0.000 0.000
vn 1.000 0.000 0.000
vn 1.000 0.000 0.000
vn 1.000 0.000 0.000
vn 1.000 0.000 0.000
vn 1.000 0.000 0.000
vn 1.000 0.000 0.000
vn 1.000 0.000 0.000
vn 1.000 0.000 0.000
vn 1.000 0.000 0.000
vn 1.000 0.000 0.000
vn 1.000 0.000 0.000
vn 1.000 0.000 0.000
vn 1.000 0.000 0.000
vn 1.000 0.000 0.000
vn 1.000 0.000 0.000
vn 1.000 0.000 0.000
vn 1.000 0.000 0.000
vn 1.000 0.000 0.000
vn 1.000 0.000 0.000
vn 1.000 0.000 0.000
vn 1.000 0.000 0.000
vn 1.000 0.000 0.000
vn 1.000 0.000 0.000
vn 1.000 0.000 0.000
vn 1.000 0.000 0.000
vn 1.000 0.000 0.000
vn 1.000 0.000 0.000
vn 1.000 0.000 0.000
vn 1.000 0.000 0.000
vn 1.000 0.000 0.000
vn 1.000 0.000 0.000
vn 1.000 0.000 0.000
vn 1.000 0.000 0.000
vn 1.000 0.000 0.000
vn 1.000 0.000 0.000
vn 0.000 0.866 -0.500
vn 0.000 1.000 0.000
vn 0.000 1.000 0.000
vn 0.000 0.500 -0.866
vn 0.000 0.866 -0.500
vn 0.000 0.000 -1.000
vn 0.000 0.500 -0.866
vn 0.000 -0.500 -0.866
vn 0.000 0.000 -1.000
vn 0.000 -0.866 -0.500
vn 0.000 -0.500 -0.866
vn 0.000 -1.000 0.000
vn 0.000 -0.866 -0.500
vn 0.000 -1.000 0.000
vn 0.500 -0.866 0.000
vn 0.500 -0.750 -0.433
vn 0.500 -0.750 -0.433
vn 0.500 -0.433 -0.750
vn 0.500 -0.433 -0.750
vn 0.500 0.000 -0.866
vn 0.500 0.000 -0.866
vn 0.500 0.433 -0.750
vn 0.500 0.433 -0.750
vn 0.500 0.750 -0.433
vn 0.500 0.750 -0.433
vn 0.500 0.866 0.000
vn 0.500 0.866 0.000
vn 0.500 -0.866 0.000
vn 0.500 -0.866 0.000
vn 0.500 -0.750 -0.433
vn 0.500 -0.750 -0.433
vn 0.500 -0.433 -0.750
vn 0.500 -0.433 -0.750
vn 0.500 0.000 -0.866
vn 0.500 0.000 -0.866
vn 0.500 0.433 -0.750
vn 0.500 0.433 -0.750
vn 0.500 0.750 -0.433
vn 0.500 0.750 -0.433
vn 0.500 0.866 0.000
vn 0.500 0.866 0.000
vn 0.500 -0.866 0.000
vn 0.000 -0.866 0.500
vn 0.000 -1.000 0.000
vn 0.000 -1.000 0.000
vn 0.000 -0.500 0.866
vn 0.000 -0.866 0.500
vn 0.000 0.000 1.000
vn 0.000 -0.500 0.866
vn 0.000 0.500 0.866
vn 0.000 0.000 1.000
vn 0.000 0.866 0.500
vn 0.000 0.500 0.866
vn 0.000 1.000 0.000
vn 0.000 0.866 0.500
vn 0.000 1.000 0.000
vn 0.857 0.515 0.000
vn 0.857 0.446 -0.258
vn 0.857 0.515 0.000
vn 0.857 0.446 -0.258
vn 0.857 0.258 -0.446
vn 0.857 0.258 -0.446
vn 0.857 0.000 -0.515
vn 0.857 0.000 -0.515
vn 0.857 -0.258 -0.446
vn 0.857 -0.258 -0.446
vn 0.857 -0.446 -0.258
vn 0.857 -0.446 -0.258
vn 0.857 -0.515 0.000
vn 0.857 -0.515 0.000
vn 0.857 -0.446 0.258
vn 0.857 -0.515 0.000
vn 0.857 -0.446 0.258
vn 0.857 -0.258 0.446
vn 0.857 -0.258 0.446
vn 0.857 0.000 0.515
vn 0.857 0.000 0.515
vn 0.857 0.258 0.446
vn 0.857 0.258 0.446
vn 0.857 0.446 0.258
vn 0.857 0.446 0.258
vn 0.857 0.515 0.000
vn 0.500 0.866 0.000
vn 0.500 0.750 0.433
vn 0.500 0.750 0.433
vn 0.500 0.433 0.750
vn 0.500 0.433 0.750
vn 0.500 0.000 0.866
vn 0.500 0.000 0.866
vn 0.500 -0.433 0.750
vn 0.500 -0.433 0.750
vn 0.500 -0.750 0.433
vn 0.500 -0.750 0.433
vn 0.500 -0.866 0.000
vn 0.500 -0.866 0.000
vn 0.500 0.866 0.000
vn 0.000 0.866 -0.500
vn 0.000 1.000 0.000
vn 0.000 1.000 0.000
vn 0.000 0.500 -0.866
vn 0.000 0.866 -0.500
vn 0.000 0.000 -1.000
vn 0.000 0.500 -0.866
vn 0.000 -0.500 -0.866
vn 0.000 0.000 -1.000
vn 0.000 -0.866 -0.500
vn 0.000 -0.500 -0.866
vn 0.000 -1.000 0.000
vn 0.000 -0.866 -0.500
vn 0.000 -1.000 0.000
vn 0.000 -0.866 0.500
vn 0.000 -1.000 0.000
vn 0.000 -1.000 0.000
vn 0.000 -0.500 0.866
vn 0.000 -0.866 0.500
vn 0.000 0.000 1.000
vn 0.000 -0.500 0.866
vn 0.000 0.500 0.866
vn 0.000 0.000 1.000
vn 0.000 0.866 0.500
vn 0.000 0.500 0.866
vn 0.000 1.000 0.000
vn 0.000 0.866 0.500
vn 0.000 1.000 0.000
vn 0.857 0.515 0.000
vn 0.857 0.446 -0.258
vn 0.857 0.515 0.000
vn 0.857 0.446 -0.258
vn 0.857 0.258 -0.446
vn 0.857 0.258 -0.446
vn 0.857 0.000 -0.515
vn 0.857 0.000 -0.515
vn 0.857 -0.258 -0.446
vn 0.857 -0.258 -0.446
vn 0.857 -0.446 -0.258
vn 0.857 -0.446 -0.258
vn 0.857 -0.515 0.000
vn 0.857 -0.515 0.000
vn 0.857 -0.446 0.258
vn 0.857 -0.515 0.000
vn 0.857 -0.446 0.258
vn 0.857 -0.258 0.446
vn 0.857 -0.258 0.446
vn 0.857 0.000 0.515
vn 0.857 0.000 0.515
vn 0.857 0.258 0.446
vn 0.857 0.258 0.446
vn 0.857 0.446 0.258
vn 0.857 0.446 0.258
vn 0.857 0.515 0.000
vn 0.500 0.866 0.000
vn 0.500 0.750 0.433
vn 0.500 0.750 0.433
vn 0.500 0.433 0.750
vn 0.500 0.433 0.750
vn 0.500 0.000 0.866
vn 0.500 0.000 0.866
vn 0.500 -0.433 0.750
vn 0.500 -0.433 0.750
vn 0.500 -0.750 0.433
vn 0.500 -0.750 0.433
vn 0.500 -0.866 0.000
vn 0.500 -0.866 0.000
vn 0.500 0.866 0.000
vn 0.000 0.866 -0.500
vn 0.000 1.000 0.000
vn 0.000 1.000 0.000
vn 0.000 0.500 -0.866
vn 0.000 0.866 -0.500
vn 0.000 0.000 -1.000
vn 0.000 0.500 -0.866
vn 0.000 -0.500 -0.866
vn 0.000 0.000 -1.000
vn 0.000 -0.866 -0.500
vn 0.000 -0.500 -0.866
vn 0.000 -1.000 0.000
vn 0.000 -0.866 -0.500
vn 0.000 -1.000 0.000
vn 0.000 -0.866 0.500
vn 0.000 -1.000 0.000
vn 0.000 -1.000 0.000
vn 0.000 -0.500 0.866
vn 0.000 -0.866 0.500
vn 0.000 0.000 1.000
vn 0.000 -0.500 0.866
vn 0.000 0.500 0.866
vn 0.000 0.000 1.000
vn 0.000 0.866 0.500
vn 0.000 0.500 0.866
vn 0.000 1.000 0.000
vn 0.000 0.866 0.500
vn 0.000 1.000 0.000
vn 0.857 0.515 0.000
vn 0.857 0.446 -0.258
vn 0.857 0.515 0.000
vn 0.857 0.446 -0.258
vn 0.857 0.258 -0.446
vn 0.857 0.258 -0.446
vn 0.857 0.000 -0.515
vn 0.857 0.000 -0.515
vn 0.857 -0.258 -0.446
vn 0.857 -0.258 -0.446
vn 0.857 -0.446 -0.258
vn 0.857 -0.446 -0.258
vn 0.857 -0.515 0.000
vn 0.857 -0.515 0.000
vn 0.857 -0.446 0.258
vn 0.857 -0.515 0.000
vn 0.857 -0.446 0.258
vn 0.857 -0.258 0.446
vn 0.857 -0.258 0.446
vn 0.857 0.000 0.515
vn 0.857 0.000 0.515
vn 0.857 0.258 0.446
vn 0.857 0.258 0.446
vn 0.857 0.446 0.258
vn 0.857 0.446 0.258
vn 0.857 0.515 0.000
vn 0.000 -0.997 -0.072
vn 0.000 -0.997 -0.072
vn 0.000 -0.997 -0.072
vn 0.000 -0.997 -0.072
vn 0.000 -0.997 -0.072
vn 0.000 -0.997 -0.072
vn 0.000 -0.997 -0.072
vn 0.000 -0.997 -0.072
vn 0.000 -0.997 -0.072
vn 0.000 -0.997 -0.072
vn 0.000 -0.997 -0.072
vn 0.000 -0.997 -0.072
vn 0.000 -0.997 -0.072
vn 0.000 -0.997 -0.072
vn 0.000 -0.997 -0.072
vn 0.000 -0.997 -0.072
vn 0.000 -0.997 -0.072
vn 0.000 -0.997 -0.072
vn 0.000 -0.997 -0.072
vn 0.000 -0.997 -0.072
vn 0.000 -0.997 -0.072
vn 0.000 -0.997 -0.072
vn 0.000 -0.997 -0.072
vn 0.000 -0.997 -0.072
vn 0.000 -0.997 -0.072
vn 0.000 -0.997 -0.072
vn 0.000 -0.997 -0.072
vn 0.000 -0.997 -0.072
vn 0.000 -0.997 -0.072
vn 0.000 -0.997 -0.072
vn 0.000 -0.997 -0.072
vn 0.000 -0.997 -0.072
vn 0.000 -0.997 -0.072
vn 0.000 -0.997 -0.072
vn 0.000 -0.997 -0.072
vn 0.000 -0.997 -0.072
vn 0.000 -0.997 -0.072
vn 0.000 -0.997 -0.072
vn 0.000 -0.997 -0.072
vn 0.000 -0.997 -0.072
vn 0.000 -0.997 -0.072
vn 0.000 -0.997 -0.072
vn 0.000 -0.997 -0.072
vn 0.000 -0.997 -0.072
vn 0.000 -0.997 -0.072
vn 0.000 -0.997 -0.072
vn 0.000 -0.997 -0.072
vn 0.000 -0.997 -0.072
vn 0.000 -0.997 -0.072
vn 0.000 -0.997 -0.072
vn 0.000 -0.997 -0.072
vn 0.000 -0.997 -0.072
vn 0.000 -0.997 -0.072
vn 0.000 -0.997 -0.072
vn 0.000 -0.997 -0.072
vn 0.000 -0.997 -0.072
vn 0.000 -0.997 -0.072
vn 0.000 -0.997 -0.072
vn 0.000 -0.997 -0.072
vn 0.000 -0.997 -0.072
vn 0.000 -0.997 -0.072
vn 0.000 -0.997 -0.072
vn 0.000 -0.997 -0.072
vn 0.000 0.039 -0.999
vn -0.364 0.033 -0.931
vn -0.323 0.034 -0.946
vn -0.680 0.015 -0.733
vn -0.643 0.018 -0.766
vn -0.903 -0.013 -0.429
vn -0.866 -0.007 -0.500
vn -0.987 -0.038 -0.154
vn -0.993 -0.043 -0.107
vn -0.964 -0.076 0.255
vn -0.975 -0.072 0.211
vn -0.824 -0.103 0.556
vn -0.829 -0.103 0.549
vn -0.571 -0.127 0.811
vn -0.575 -0.127 0.808
vn -0.233 -0.141 0.962
vn -0.239 -0.141 0.961
vn 0.000 -0.143 0.990
vn 0.000 -0.143 0.990
vn 0.000 0.039 -0.999
vn 0.000 0.039 -0.999
vn 0.000 0.039 -0.999
vn 0.000 0.039 -0.999
vn 0.000 0.039 -0.999
vn 0.000 -0.143 0.990
vn 0.361 -0.137 0.922
vn 0.323 -0.138 0.936
vn 0.642 -0.122 0.757
vn 0.865 -0.098 0.492
vn 0.676 -0.119 0.728
vn 0.987 -0.066 0.146
vn 0.900 -0.092 0.427
vn 0.975 -0.033 -0.219
vn 0.996 -0.059 0.066
vn 0.830 -0.002 -0.558
vn 0.959 -0.027 -0.283
vn 0.576 0.022 -0.817
vn 0.791 0.003 -0.612
vn 0.240 0.036 -0.970
vn 0.556 0.024 -0.831
vn 0.000 0.039 -0.999
vn 0.214 0.037 -0.976
vn 0.000 0.039 -0.999
vn 0.000 -0.143 0.990
vn 0.000 -0.143 0.990
vn 0.000 -0.143 0.990
vn 0.000 -0.143 0.990
vn 0.000 -0.143 0.990
vn 0.000 0.039 -0.999
vn -0.220 0.037 -0.975
vn -0.157 0.038 -0.987
vn -0.560 0.023 -0.828
vn -0.503 0.027 -0.864
vn -0.779 0.005 -0.627
vn -0.799 0.003 -0.601
vn -0.962 -0.028 -0.272
vn -0.953 -0.025 -0.303
vn -0.994 -0.061 0.093
vn -0.997 -0.058 0.060
vn -0.892 -0.093 0.443
vn -0.670 -0.120 0.732
vn -0.707 -0.116 0.698
vn -0.360 -0.137 0.923
vn -0.402 -0.135 0.905
vn 0.000 -0.143 0.990
vn 0.000 -0.143 0.990
vn -0.042 -0.143 0.989
vn -0.905 -0.091 0.416
vn 0.000 0.039 -0.999
vn 0.000 -0.143 0.990
vn 0.217 -0.141 0.966
vn 0.156 -0.142 0.977
vn 0.502 -0.131 0.855
vn 0.778 -0.109 0.618
vn 0.555 -0.128 0.822
vn 0.952 -0.080 0.295
vn 0.794 -0.107 0.599
vn 0.997 -0.046 -0.068
vn 0.959 -0.077 0.272
vn 0.905 -0.014 -0.424
vn 0.995 -0.044 -0.091
vn 0.707 0.012 -0.707
vn 0.896 -0.012 -0.443
vn 0.403 0.031 -0.915
vn 0.676 0.015 -0.737
vn 0.000 0.039 -0.999
vn 0.000 0.039 -0.999
vn 0.042 0.039 -0.998
vn 0.363 0.033 -0.931
vn 0.000 -0.143 0.990
vn 0.000 -1.000 0.000
vn 0.000 -1.000 0.000
vn 0.000 -1.000 0.000
vn 0.000 -1.000 0.000
vn 0.000 -1.000 0.000
vn 0.000 -1.000 0.000
vn 0.000 -1.000 0.000
vn 0.000 -1.000 0.000
vn 0.000 -1.000 0.000
vn 0.000 -1.000 0.000
vn 0.000 -1.000 0.000
vn 0.000 -1.000 0.000
vn 0.000 -1.000 0.000
vn 0.000 -1.000 0.000
vn 0.000 -1.000 0.000
vn 0.000 -1.000 0.000
vn 0.000 -1.000 0.000
vn 0.000 -1.000 0.000
vn 0.000 -1.000 0.000
vn 0.000 -1.000 0.000
vn 0.000 -1.000 0.000
vn 0.000 -1.000 0.000
vn 0.000 -1.000 0.000
vn 0.000 -1.000 0.000
vn 0.000 -1.000 0.000
vn 0.000 -1.000 0.000
vn 0.000 -1.000 0.000
vn 0.000 -1.000 0.000
vn 0.000 -1.000 0.000
vn 0.000 -1.000 0.000
vn 0.866 0.000 -0.500
vn 1.000 0.000 0.000
vn 1.000 0.000 0.000
vn 0.500 0.000 -0.866
vn 0.866 0.000 -0.500
vn 0.000 0.000 -1.000
vn 0.500 0.000 -0.866
vn -0.500 0.000 -0.866
vn 0.000 0.000 -1.000
vn -0.866 0.000 -0.500
vn -0.500 0.000 -0.866
vn -1.000 0.000 0.000
vn -0.866 0.000 -0.500
vn -1.000 0.000 0.000
vn -0.866 0.000 0.500
vn -1.000 0.000 0.000
vn -1.000 0.000 0.000
vn -0.500 0.000 0.866
vn -0.866 0.000 0.500
vn 0.000 0.000 1.000
vn -0.500 0.000 0.866
vn 0.500 0.000 0.866
vn 0.000 0.000 1.000
vn 0.866 0.000 0.500
vn 0.500 0.000 0.866
vn 1.000 0.000 0.000
vn 0.866 0.000 0.500
vn 1.000 0.000 0.000
vn 0.000 -1.000 0.000
vn 0.000 -1.000 0.000
vn 0.000 -1.000 0.000
vn 0.000 -1.000 0.000
vn 0.000 -1.000 0.000
vn 0.000 -1.000 0.000
vn 0.000 -1.000 0.000
vn 0.000 -1.000 0.000
vn 0.000 -1.000 0.000
vn 0.000 -1.000 0.000
vn 0.000 -1.000 0.000
vn 0.000 -1.000 0.000
vn 0.000 -1.000 0.000
vn 0.000 -1.000 0.000
vn 0.000 -1.000 0.000
vn 0.000 -1.000 0.000
vn 0.000 -1.000 0.000
vn 0.000 -1.000 0.000
vn 0.000 -1.000 0.000
vn 0.000 -1.000 0.000
vn 0.000 -1.000 0.000
vn 0.000 -1.000 0.000
vn 0.000 -1.000 0.000
vn 0.000 -1.000 0.000
vn 0.000 -1.000 0.000
vn 0.000 -1.000 0.000
vn 0.000 -1.000 0.000
vn 0.000 -1.000 0.000
vn 0.000 -1.000 0.000
vn 0.000 -1.000 0.000
vn 0.000 -1.000 0.000
vn 0.000 -1.000 0.000
vn 0.000 -1.000 0.000
vn 0.000 -1.000 0.000
vn 0.000 -1.000 0.000
vn 0.000 -1.000 0.000
vn 0.000 -1.000 0.000
vn 0.000 -1.000 0.000
vn 0.000 -1.000 0.000
vn 0.000 -1.000 0.000
vn 0.000 -1.000 0.000
vn 0.000 -1.000 0.000
vn 0.000 -1.000 0.000
vn 0.000 -1.000 0.000
vn 0.000 -1.000 0.000
vn 0.000 -1.000 0.000
vn 0.000 -1.000 0.000
vn 0.000 -1.000 0.000
vn 0.000 -1.000 0.000
vn 0.000 -1.000 0.000
vn 0.000 -1.000 0.000
vn 0.000 -1.000 0.000
vn 0.000 -1.000 0.000
vn 0.000 -1.000 0.000
vn 0.000 -1.000 0.000
vn 0.000 -1.000 0.000
vn 0.866 0.000 -0.500
vn 1.000 0.000 0.000
vn 1.000 0.000 0.000
vn 0.500 0.000 -0.866
vn 0.866 0.000 -0.500
vn 0.000 0.000 -1.000
vn 0.500 0.000 -0.866
vn -0.500 0.000 -0.866
vn 0.000 0.000 -1.000
vn -0.866 0.000 -0.500
vn -0.500 0.000 -0.866
vn -1.000 0.000 0.000
vn -0.866 0.000 -0.500
vn -1.000 0.000 0.000
vn -0.866 0.000 0.500
vn -1.000 0.000 0.000
vn -1.000 0.000 0.000
vn -0.500 0.000 0.866
vn -0.866 0.000 0.500
vn 0.000 0.000 1.000
vn -0.500 0.000 0.866
vn 0.500 0.000 0.866
vn 0.000 0.000 1.000
vn 0.866 0.000 0.500
vn 0.500 0.000 0.866
vn 1.000 0.000 0.000
vn 0.866 0.000 0.500
vn 1.000 0.000 0.000
vn 0.000 -1.000 0.000
vn 0.000 -1.000 0.000
vn 0.000 -1.000 0.000
vn 0.000 -1.000 0.000
vn 0.000 -1.000 0.000
vn 0.000 -1.000 0.000
vn 0.000 -1.000 0.000
vn 0.000 -1.000 0.000
vn 0.000 -1.000 0.000
vn 0.000 -1.000 0.000
vn 0.000 -1.000 0.000
vn 0.000 -1.000 0.000
vn 0.866 0.000 -0.500
vn 1.000 0.000 0.000
vn 1.000 0.000 0.000
vn 0.500 0.000 -0.866
vn 0.866 0.000 -0.500
vn 0.000 0.000 -1.000
vn 0.500 0.000 -0.866
vn -0.500 0.000 -0.866
vn 0.000 0.000 -1.000
vn -0.866 0.000 -0.500
vn -0.500 0.000 -0.866
vn -1.000 0.000 0.000
vn -0.866 0.000 -0.500
vn -1.000 0.000 0.000
vn -0.866 0.000 0.500
vn -1.000 0.000 0.000
vn -1.000 0.000 0.000
vn -0.500 0.000 0.866
vn -0.866 0.000 0.500
vn 0.000 0.000 1.000
vn -0.500 0.000 0.866
vn 0.500 0.000 0.866
vn 0.000 0.000 1.000
vn 0.866 0.000 0.500
vn 0.500 0.000 0.866
vn 1.000 0.000 0.000
vn 0.866 0.000 0.500
vn 1.000 0.000 0.000
vn 0.000 -1.000 0.000
vn 0.000 -1.000 0.000
vn 0.000 -1.000 0.000
vn 0.000 -1.000 0.000
vn 0.000 -1.000 0.000
vn 0.000 -1.000 0.000
vn 0.000 -1.000 0.000
vn 0.000 -1.000 0.000
vn 0.000 -1.000 0.000
vn 0.000 -1.000 0.000
vn 0.000 -1.000 0.000
vn 0.000 -1.000 0.000
vn -0.058 -0.972 0.227
vn -0.058 -0.972 0.227
vn -0.058 -0.972 0.227
vn -0.058 -0.972 0.227
vn -0.058 -0.972 0.227
vn -0.058 -0.972 0.227
vn -0.058 -0.972 0.227
vn -0.058 -0.972 0.227
vn -0.058 -0.972 0.227
vn -0.058 -0.972 0.227
vn -0.058 -0.972 0.227
vn -0.058 -0.972 0.227
vn -0.058 -0.972 0.227
vn -0.058 -0.972 0.227
vn -0.058 -0.972 0.227
vn -0.058 -0.972 0.227
vn -0.058 -0.972 0.227
vn -0.058 -0.972 0.227
vn -0.058 -0.972 0.227
vn -0.058 -0.972 0.227
vn -0.058 -0.972 0.227
vn -0.058 -0.972 0.227
vn -0.058 -0.972 0.227
vn -0.058 -0.972 0.227
vn -0.058 -0.972 0.227
vn -0.058 -0.972 0.227
vn -0.058 -0.972 0.227
vn -0.058 -0.972 0.227
vn -0.058 -0.972 0.227
vn -0.058 -0.972 0.227
vn -0.058 -0.972 0.227
vn -0.058 -0.972 0.227
vn -0.058 -0.972 0.227
vn -0.058 -0.972 0.227
vn -0.058 -0.972 0.227
vn -0.058 -0.972 0.227
vn -0.058 -0.972 0.227
vn -0.058 -0.972 0.227
vn -0.058 -0.972 0.227
vn -0.058 -0.972 0.227
vn -0.058 -0.972 0.227
vn -0.058 -0.972 0.227
vn -0.058 -0.972 0.227
vn -0.058 -0.972 0.227
vn -0.058 -0.972 0.227
vn -0.058 -0.972 0.227
vn -0.058 -0.972 0.227
vn -0.058 -0.972 0.227
vn -0.058 -0.972 0.227
vn -0.058 -0.972 0.227
vn -0.058 -0.972 0.227
vn -0.058 -0.972 0.227
vn -0.058 -0.972 0.227
vn -0.058 -0.972 0.227
vn -0.058 -0.972 0.227
vn -0.058 -0.972 0.227
vn -0.058 -0.972 0.227
vn -0.058 -0.972 0.227
vn -0.058 -0.972 0.227
vn -0.058 -0.972 0.227
vn -0.058 -0.972 0.227
vn -0.058 -0.972 0.227
vn -0.058 -0.972 0.227
vn -0.058 -0.972 0.227
vn -0.058 -0.972 0.227
vn -0.058 -0.972 0.227
vn -0.058 -0.972 0.227
vn -0.058 -0.972 0.227
vn -0.058 -0.972 0.227
vn -0.058 -0.972 0.227
vn -0.058 -0.972 0.227
vn -0.058 -0.972 0.227
vn -0.058 -0.972 0.227
vn -0.058 -0.972 0.227
vn -0.058 -0.972 0.227
vn -0.058 -0.972 0.227
vn -0.058 -0.972 0.227
vn -0.058 -0.972 0.227
vn -0.058 -0.972 0.227
vn -0.058 -0.972 0.227
vn -0.058 -0.972 0.227
vn -0.058 -0.972 0.227
vn -0.058 -0.972 0.227
vn -0.058 -0.972 0.227
vn -0.058 -0.972 0.227
vn -0.058 -0.972 0.227
vn -0.058 -0.972 0.227
vn -0.058 -0.972 0.227
vn -0.058 -0.972 0.227
vn -0.058 -0.972 0.227
vn -0.058 -0.972 0.227
vn -0.058 -0.972 0.227
vn -0.058 -0.972 0.227
vn -0.058 -0.972 0.227
vn -0.058 -0.972 0.227
vn -0.058 -0.972 0.227
vn -0.058 -0.972 0.227
vn -0.058 -0.972 0.227
vn -0.058 -0.972 0.227
vn -0.058 -0.972 0.227
vn -0.058 -0.972 0.227
vn -0.058 -0.972 0.227
vn -0.058 -0.972 0.227
vn -0.058 -0.972 0.227
vn -0.058 -0.972 0.227
vn -0.058 -0.972 0.227
vn -0.058 -0.972 0.227
vn -0.058 -0.972 0.227
vn -0.058 -0.972 0.227
vn -0.058 -0.972 0.227
vn -0.058 -0.972 0.227
vn -0.058 -0.972 0.227
vn -0.983 0.068 -0.169
vn -0.991 0.063 -0.116
vn -0.970 0.074 -0.230
vn -0.962 0.076 -0.261
vn -0.935 0.084 -0.345
vn -0.932 0.085 -0.352
vn -0.899 0.092 -0.429
vn -0.894 0.093 -0.439
vn -0.883 0.095 -0.460
vn -0.847 0.100 -0.522
vn -0.823 0.104 -0.558
vn -0.995 0.059 -0.075
vn -0.995 0.059 -0.075
vn -0.995 0.059 -0.075
vn -0.995 0.059 -0.075
vn -0.995 0.059 -0.075
vn -0.746 0.113 -0.656
vn -0.793 0.107 -0.600
vn 0.969 0.074 -0.235
vn 0.969 0.074 -0.234
vn 0.960 0.077 -0.269
vn 0.991 0.064 -0.120
vn 0.982 0.069 -0.176
vn 0.995 0.060 -0.082
vn 0.999 0.052 0.006
vn 0.999 0.051 0.013
vn 0.999 0.051 0.013
vn 0.999 0.051 0.013
vn 0.999 0.051 0.013
vn 0.932 0.085 -0.352
vn 0.867 0.007 0.498
vn 0.867 0.007 0.498
vn 0.867 0.007 0.498
vn 0.867 0.007 0.498
vn 0.779 -0.005 0.627
vn 0.867 0.007 0.498
vn 0.867 0.007 0.498
vn 0.798 -0.003 0.603
vn 0.779 -0.005 0.627
vn 0.718 -0.011 0.696
vn 0.672 -0.015 0.740
vn 0.550 -0.024 0.835
vn 0.628 -0.019 0.778
vn 0.672 -0.015 0.740
vn 0.414 -0.031 0.910
vn 0.529 -0.025 0.848
vn 0.422 -0.030 0.906
vn 0.310 -0.034 0.950
vn 0.269 -0.036 0.962
vn 0.269 -0.036 0.962
vn 0.195 -0.037 0.980
vn 0.117 -0.038 0.992
vn -0.037 -0.039 0.999
vn 0.077 -0.039 0.996
vn 0.117 -0.038 0.992
vn -0.041 -0.039 0.998
vn -0.158 -0.038 0.987
vn -0.191 -0.037 0.981
vn -0.191 -0.037 0.981
vn -0.191 -0.037 0.981
vn -0.191 -0.037 0.981
vn -0.191 -0.037 0.981
vn -0.191 -0.037 0.981
vn -0.191 -0.037 0.981
vn -0.191 -0.037 0.981
vn -0.309 -0.034 0.951
vn -0.346 -0.033 0.938
vn -0.346 -0.033 0.938
vn -0.425 -0.030 0.905
vn -0.492 -0.027 0.870
vn -0.624 -0.019 0.781
vn -0.534 -0.025 0.845
vn -0.492 -0.027 0.870
vn -0.635 -0.018 0.772
vn -0.728 -0.010 0.686
vn -0.742 -0.009 0.670
vn -0.808 -0.001 0.589
vn -0.840 0.003 0.543
vn -0.916 0.016 0.400
vn -0.876 0.008 0.482
vn -0.840 0.003 0.543
vn -0.968 0.030 0.248
vn -0.931 0.019 0.366
vn -0.916 0.016 0.400
vn -0.969 0.030 0.245
vn -0.991 0.041 0.131
vn -0.991 0.041 0.131
vn -0.991 0.041 0.131
vn -0.991 0.041 0.131
vn -0.991 0.041 0.131
vn -0.995 0.059 -0.075
vn -0.991 0.041 0.131
vn -0.998 0.055 -0.028
vn -0.991 0.041 0.131
vn -0.996 0.059 -0.074
vn -0.997 0.057 -0.046
vn -0.993 0.042 0.112
vn -0.995 0.059 -0.075
vn -0.991 0.041 0.131
vn -0.995 0.059 -0.075
vn 0.938 0.023 0.345
vn 0.983 0.038 0.181
vn 0.983 0.038 0.178
vn 0.879 0.009 0.478
vn 0.867 0.007 0.498
vn 0.904 0.014 0.427
vn 0.944 0.024 0.329
vn 0.948 0.025 0.316
vn 0.999 0.051 0.013
vn 0.985 0.039 0.168
vn 0.999 0.051 0.013
vn 0.867 0.007 0.498
vn 0.459 0.868 -0.192
vn 0.459 0.868 -0.192
vn 0.459 0.868 -0.192
vn 0.459 0.868 -0.192
vn 0.459 0.868 -0.192
vn 0.459 0.868 -0.192
vn 0.459 0.868 -0.192
vn 0.999 0.051 0.013
vn 0.999 0.051 0.013
vn 0.999 0.051 0.013
vn 0.999 0.051 0.013
vn 0.999 0.051 0.013
vn 0.995 -0.044 -0.092
vn 0.999 -0.053 0.003
vn 0.999 -0.053 0.003
vn 0.982 -0.036 -0.186
vn 0.992 -0.042 -0.120
vn 0.970 -0.031 -0.240
vn 0.960 -0.027 -0.278
vn 0.969 -0.030 -0.244
vn -0.793 0.003 -0.610
vn -0.776 0.005 -0.631
vn -0.846 -0.004 -0.533
vn -0.905 -0.014 -0.424
vn -0.894 -0.012 -0.448
vn -0.950 -0.024 -0.312
vn -0.932 -0.019 -0.361
vn -0.962 -0.028 -0.271
vn -0.980 -0.034 -0.198
vn -0.983 -0.036 -0.178
vn -0.995 -0.045 -0.084
vn -0.746 0.008 -0.666
vn -0.692 0.014 -0.722
vn -0.661 0.016 -0.750
vn -0.565 0.023 -0.825
vn -0.457 0.029 -0.889
vn -0.496 0.027 -0.868
vn -0.349 0.033 -0.937
vn -0.230 0.036 -0.973
vn -0.268 0.036 -0.963
vn -0.111 0.038 -0.993
vn -0.148 0.038 -0.988
vn 0.010 0.039 -0.999
vn -0.025 0.039 -0.999
vn 0.131 0.038 -0.991
vn 0.099 0.038 -0.994
vn 0.339 0.034 -0.940
vn 0.221 0.037 -0.975
vn 0.249 0.036 -0.968
vn 0.452 0.029 -0.891
vn 0.364 0.033 -0.931
vn 0.574 0.022 -0.818
vn 0.582 0.022 -0.813
vn 0.560 0.023 -0.828
vn 0.669 0.016 -0.743
vn 0.657 0.016 -0.754
vn 0.745 0.009 -0.668
vn 0.822 0.000 -0.570
vn 0.752 0.008 -0.660
vn 0.886 -0.010 -0.464
vn 0.890 -0.011 -0.455
vn 0.884 -0.010 -0.467
vn 0.936 -0.020 -0.353
vn 0.932 -0.019 -0.361
vn 0.826 -0.001 -0.563
vn 0.472 0.028 -0.881
vn -0.385 0.032 -0.922
vn -0.598 0.021 -0.802
vn -0.995 -0.045 -0.084
vn -0.847 -0.004 -0.531
vn -0.995 0.059 -0.075
vn -0.995 0.059 -0.075
vn -0.995 0.059 -0.075
vn -0.995 0.059 -0.075
vn -0.995 0.059 -0.075
vn -0.995 0.059 -0.075
vn 0.999 -0.053 0.003
vn 0.999 -0.053 0.003
vn 0.999 -0.053 0.003
vn 0.999 -0.053 0.003
vn 0.963 0.030 0.267
vn 0.999 0.051 0.013
vn 0.999 0.051 0.013
vn 0.864 0.006 0.503
vn 0.974 0.034 0.225
vn 0.904 0.014 0.427
vn 0.864 0.006 0.503
vn -0.995 -0.045 -0.084
vn -0.995 -0.045 -0.084
vn -0.995 -0.045 -0.084
vn -0.995 -0.045 -0.084
vn -0.995 0.059 -0.075
vn -0.995 0.059 -0.075
vn -0.995 0.045 0.093
vn -0.988 0.040 0.148
vn -0.998 0.050 0.042
vn -0.995 0.059 -0.075
vn -0.988 0.040 0.148
vn -0.988 0.040 0.152
vn -0.930 0.019 0.368
vn -0.928 0.019 0.371
vn -0.976 0.034 0.213
vn -0.966 0.030 0.256
vn -0.931 0.019 0.364
vn 0.058 0.972 -0.227
vn 0.058 0.972 -0.227
vn 0.058 0.972 -0.227
vn 0.058 0.972 -0.227
vn 0.058 0.972 -0.227
vn 0.058 0.972 -0.227
vn 0.058 0.972 -0.227
vn 0.058 0.972 -0.227
vn 0.058 0.972 -0.227
vn 0.058 0.972 -0.227
vn 0.058 0.972 -0.227
vn 0.058 0.972 -0.227
vn 0.058 0.972 -0.227
vn 0.058 0.972 -0.227
vn 0.058 0.972 -0.227
vn 0.058 0.972 -0.227
vn 0.058 0.972 -0.227
vn 0.058 0.972 -0.227
vn 0.058 0.972 -0.227
vn 0.058 0.972 -0.227
vn 0.058 0.972 -0.227
vn 0.058 0.972 -0.227
vn 0.058 0.972 -0.227
vn 0.058 0.972 -0.227
vn 0.058 0.972 -0.227
vn 0.058 0.972 -0.227
vn 0.058 0.972 -0.227
vn 0.058 0.972 -0.227
vn 0.058 0.972 -0.227
vn 0.058 0.972 -0.227
vn 0.058 0.972 -0.227
vn 0.058 0.972 -0.227
vn 0.058 0.972 -0.227
vn 0.058 0.972 -0.227
vn 0.058 0.972 -0.227
vn 0.058 0.972 -0.227
vn 0.058 0.972 -0.227
vn 0.058 0.972 -0.227
vn 0.058 0.972 -0.227
vn 0.058 0.972 -0.227
vn 0.058 0.972 -0.227
vn 0.058 0.972 -0.227
vn 0.058 0.972 -0.227
vn 0.058 0.972 -0.227
vn 0.058 0.972 -0.227
vn 0.058 0.972 -0.227
vn 0.058 0.972 -0.227
vn 0.058 0.972 -0.227
vn 0.058 0.972 -0.227
vn 0.058 0.972 -0.227
vn 0.058 0.972 -0.227
vn 0.058 0.972 -0.227
vn 0.058 0.972 -0.227
vn 0.058 0.972 -0.227
vn 0.058 0.972 -0.227
vn 0.058 0.972 -0.227
vn 0.058 0.972 -0.227
vn 0.058 0.972 -0.227
vn 0.058 0.972 -0.227
vn -0.189 -0.037 0.981
vn -0.189 -0.037 0.981
vn -0.189 -0.037 0.981
vn -0.189 -0.037 0.981
vn -0.966 -0.076 0.246
vn -0.966 -0.076 0.247
vn -0.930 -0.085 0.357
vn -0.929 -0.086 0.360
vn -0.988 -0.067 0.139
vn -0.988 -0.067 0.142
vn -0.988 -0.067 0.139
vn -0.995 -0.061 0.083
vn -0.995 -0.061 0.081
vn -0.995 -0.045 -0.084
vn -0.995 -0.045 -0.084
vn -0.931 -0.085 0.354
vn 0.963 -0.078 0.257
vn 0.864 -0.098 0.494
vn 0.864 -0.098 0.494
vn 0.999 -0.053 0.003
vn 0.963 -0.078 0.257
vn 0.999 -0.053 0.003
vn 0.864 0.006 0.503
vn 0.864 0.006 0.503
vn 0.864 0.006 0.503
vn 0.805 -0.002 0.593
vn 0.864 0.006 0.503
vn 0.797 -0.003 0.603
vn 0.755 -0.007 0.656
vn 0.699 -0.013 0.715
vn 0.719 -0.011 0.695
vn 0.699 -0.013 0.715
vn 0.603 -0.020 0.797
vn 0.629 -0.019 0.777
vn 0.576 -0.022 0.817
vn 0.581 -0.022 0.813
vn 0.437 -0.030 0.899
vn 0.531 -0.025 0.847
vn 0.400 -0.031 0.916
vn 0.401 -0.031 0.916
vn 0.437 -0.030 0.899
vn 0.390 -0.032 0.920
vn 0.425 -0.030 0.905
vn 0.312 -0.034 0.949
vn 0.283 -0.035 0.958
vn 0.333 -0.034 0.942
vn 0.287 -0.035 0.957
vn 0.369 -0.032 0.929
vn 0.225 -0.037 0.974
vn 0.197 -0.037 0.980
vn 0.130 -0.038 0.991
vn 0.130 -0.038 0.991
vn 0.163 -0.038 0.986
vn 0.078 -0.039 0.996
vn 0.051 -0.039 0.998
vn 0.097 -0.038 0.995
vn -0.042 -0.039 0.998
vn -0.030 -0.039 0.999
vn -0.070 -0.039 0.997
vn -0.154 -0.038 0.987
vn -0.189 -0.037 0.981
vn -0.189 -0.037 0.981
vn 0.402 -0.031 0.915
vn 0.978 0.069 0.199
vn 0.978 0.069 0.199
vn 0.946 0.261 0.192
vn 0.881 0.437 0.179
vn 0.882 0.435 0.179
vn 0.944 0.270 0.192
vn 0.769 0.620 0.156
vn 0.777 0.609 0.158
vn 0.634 0.762 0.129
vn 0.615 0.778 0.125
vn 0.435 0.896 0.088
vn 0.457 0.885 0.093
vn 0.029 1.000 0.006
vn 0.029 1.000 0.006
vn 0.052 0.999 0.010
vn 0.253 0.966 0.051
vn 0.239 0.970 0.048
vn 0.135 0.990 0.027
vn 0.029 1.000 0.006
vn 0.029 1.000 0.006
vn 0.029 1.000 0.006
vn 0.029 1.000 0.006
vn 0.029 1.000 0.006
vn 0.029 1.000 0.006
vn 0.029 1.000 0.006
vn 0.029 1.000 0.006
vn 0.029 1.000 0.006
vn 0.029 1.000 0.006
vn 0.029 1.000 0.006
vn 0.029 1.000 0.006
vn 0.029 1.000 0.006
vn 0.029 1.000 0.006
vn 0.029 1.000 0.006
vn 0.029 1.000 0.006
vn -0.226 -0.037 0.974
vn -0.189 -0.037 0.981
vn -0.304 -0.035 0.952
vn -0.341 -0.033 0.939
vn -0.415 -0.031 0.909
vn -0.520 -0.026 0.854
vn -0.463 -0.029 0.886
vn -0.518 -0.026 0.855
vn -0.617 -0.019 0.787
vn -0.541 -0.024 0.841
vn -0.574 -0.022 0.819
vn -0.642 -0.018 0.767
vn -0.621 -0.019 0.783
vn -0.659 -0.016 0.752
vn -0.705 -0.012 0.709
vn -0.686 -0.014 0.728
vn -0.734 -0.010 0.679
vn -0.702 -0.013 0.712
vn -0.734 -0.010 0.679
vn -0.710 -0.012 0.704
vn -0.712 -0.012 0.702
vn -0.711 -0.012 0.703
vn -0.786 -0.004 0.619
vn -0.813 -0.001 0.582
vn -0.853 0.005 0.522
vn -0.881 0.009 0.474
vn -0.930 0.019 0.368
vn -0.909 0.014 0.417
vn -0.928 0.019 0.371
vn -0.931 0.019 0.364
vn -0.452 -0.029 0.892
vn -0.189 -0.037 0.981
vn -0.184 0.982 -0.034
vn -0.212 0.976 -0.039
vn -0.298 0.953 -0.055
vn 0.029 1.000 0.006
vn -0.011 1.000 -0.002
vn 0.029 1.000 0.006
vn -0.575 0.811 -0.107
vn -0.387 0.919 -0.072
vn -0.420 0.904 -0.078
vn -0.604 0.789 -0.113
vn -0.647 0.753 -0.121
vn -0.755 0.641 -0.141
vn -0.737 0.662 -0.138
vn -0.864 0.477 -0.161
vn -0.867 0.472 -0.162
vn -0.889 0.427 -0.166
vn -0.937 0.303 -0.175
vn -0.942 0.287 -0.176
vn -0.978 0.104 -0.183
vn -0.978 0.104 -0.183
vn -0.978 0.104 -0.183
vn -0.978 0.104 -0.183
vn -0.978 0.104 -0.183
vn -0.978 0.104 -0.183
vn -0.978 0.104 -0.183
vn -0.978 0.104 -0.183
vn -0.978 0.104 -0.183
vn -0.978 0.104 -0.183
vn 0.978 0.069 0.199
vn 0.978 0.069 0.199
vn 0.978 0.069 0.199
vn 0.978 0.069 0.199
vn 0.978 0.069 0.199
vn 0.978 0.069 0.199
vn 0.978 -0.104 0.183
vn 0.978 -0.104 0.183
vn 0.978 -0.104 0.183
vn 0.978 -0.104 0.183
vn 0.978 -0.104 0.183
vn 0.978 -0.104 0.183
vn 0.241 0.000 0.971
vn 0.348 0.000 0.937
vn 0.316 0.000 0.949
vn 0.377 0.000 0.926
vn 0.367 0.000 0.930
vn 0.273 0.000 0.962
vn 0.379 0.000 0.925
vn 0.380 0.000 0.925
vn 0.380 0.000 0.925
vn 0.311 0.000 0.950
vn 0.286 0.000 0.958
vn 0.316 0.000 0.949
vn 0.328 0.000 0.945
vn 0.357 0.000 0.934
vn 0.375 0.000 0.927
vn 0.379 0.000 0.925
vn 0.191 0.000 0.982
vn 0.220 0.000 0.976
vn 0.028 0.000 1.000
vn 0.160 0.000 0.987
vn 0.101 0.000 0.995
vn 0.094 0.000 0.996
vn -0.211 0.000 0.977
vn -0.009 0.000 1.000
vn -0.046 0.000 0.999
vn 0.028 0.000 1.000
vn -0.402 0.000 0.916
vn -0.246 0.000 0.969
vn -0.184 0.000 0.983
vn -0.688 0.000 0.726
vn -0.643 0.000 0.766
vn -0.611 0.000 0.792
vn -0.690 0.000 0.724
vn -0.682 0.000 0.731
vn -0.667 0.000 0.745
vn -0.572 0.000 0.820
vn -0.664 0.000 0.747
vn -0.677 0.000 0.736
vn -0.605 0.000 0.796
vn -0.627 0.000 0.779
vn -0.658 0.000 0.753
vn -0.686 0.000 0.728
vn -0.587 0.000 0.809
vn -0.489 0.000 0.872
vn -0.541 0.000 0.841
vn -0.435 0.000 0.901
vn -0.389 0.000 0.921
vn -0.545 0.000 0.839
vn 0.243 -0.969 0.045
vn -0.029 -1.000 -0.006
vn -0.029 -1.000 -0.006
vn 0.148 -0.989 0.027
vn 0.403 -0.912 0.075
vn 0.623 -0.774 0.116
vn 0.647 -0.753 0.121
vn 0.487 -0.869 0.091
vn 0.707 -0.695 0.132
vn 0.802 -0.578 0.150
vn 0.864 -0.477 0.161
vn 0.920 -0.352 0.172
vn 0.978 -0.104 0.183
vn 0.978 -0.104 0.183
vn 0.957 -0.227 0.179
vn -0.979 -0.051 -0.199
vn -0.979 -0.041 -0.199
vn -0.956 -0.219 -0.194
vn -0.882 -0.436 -0.179
vn -0.930 -0.316 -0.189
vn -0.978 -0.061 -0.199
vn -0.737 -0.659 -0.150
vn -0.824 -0.541 -0.167
vn -0.669 -0.730 -0.136
vn -0.454 -0.886 -0.092
vn -0.531 -0.840 -0.108
vn -0.300 -0.952 -0.061
vn -0.029 -1.000 -0.006
vn -0.205 -0.978 -0.041
vn -0.029 -1.000 -0.006
vn -0.305 -0.139 0.942
vn -0.350 -0.137 0.927
vn -0.235 -0.141 0.962
vn -0.189 -0.142 0.972
vn -0.416 -0.135 0.899
vn -0.460 -0.133 0.878
vn -0.522 -0.130 0.843
vn -0.540 -0.129 0.832
vn -0.564 -0.127 0.816
vn -0.559 -0.128 0.819
vn -0.604 -0.125 0.787
vn -0.656 -0.121 0.745
vn -0.709 -0.116 0.696
vn -0.712 -0.116 0.693
vn -0.712 -0.116 0.693
vn -0.743 -0.113 0.660
vn -0.697 -0.117 0.707
vn -0.642 -0.122 0.757
vn -0.675 -0.119 0.728
vn -0.734 -0.114 0.670
vn -0.813 -0.105 0.572
vn -0.818 -0.104 0.565
vn -0.881 -0.095 0.464
vn -0.881 -0.095 0.464
vn -0.930 -0.085 0.357
vn -0.931 -0.085 0.354
vn -0.929 -0.086 0.360
vn -0.189 -0.142 0.972
vn -0.148 -0.142 0.979
vn -0.189 -0.142 0.972
vn -0.071 -0.143 0.987
vn -0.029 -0.143 0.989
vn -0.189 -0.142 0.972
vn 0.130 -0.142 0.981
vn 0.130 -0.142 0.981
vn 0.091 -0.143 0.986
vn -0.030 -0.143 0.989
vn 0.049 -0.143 0.989
vn 0.167 -0.142 0.976
vn 0.284 -0.139 0.948
vn 0.242 -0.140 0.960
vn 0.207 -0.141 0.968
vn 0.292 -0.139 0.946
vn 0.864 -0.098 0.494
vn 0.864 -0.098 0.494
vn 0.864 -0.098 0.494
vn 0.846 -0.100 0.524
vn 0.805 -0.106 0.583
vn 0.805 -0.106 0.583
vn 0.694 -0.118 0.710
vn 0.776 -0.109 0.621
vn 0.755 -0.112 0.646
vn 0.699 -0.117 0.705
vn 0.603 -0.125 0.788
vn 0.604 -0.125 0.787
vn 0.581 -0.126 0.804
vn 0.575 -0.127 0.808
vn 0.437 -0.134 0.890
vn 0.437 -0.134 0.890
vn 0.503 -0.131 0.855
vn 0.396 -0.136 0.908
vn 0.335 -0.138 0.932
vn 0.370 -0.137 0.919
vn 0.392 -0.136 0.910
vn 0.401 -0.136 0.906
vn 0.402 -0.135 0.906
vn 0.401 -0.135 0.906
vn 0.864 -0.098 0.494
vn -0.029 -1.000 -0.006
vn -0.029 -1.000 -0.006
vn -0.029 -1.000 -0.006
vn -0.029 -1.000 -0.006
vn -0.029 -1.000 -0.006
vn -0.029 -1.000 -0.006
vn -0.029 -1.000 -0.006
vn -0.029 -1.000 -0.006
vn -0.029 -1.000 -0.006
vn -0.029 -1.000 -0.006
vn -0.029 -1.000 -0.006
vn -0.029 -1.000 -0.006
vn -0.029 -1.000 -0.006
vn -0.029 -1.000 -0.006
vn -0.029 -1.000 -0.006
vn -0.029 -1.000 -0.006
vn -0.029 -1.000 -0.006
vn -0.189 -0.142 0.972
vn -0.189 -0.142 0.972
vn -0.189 -0.142 0.972
vn -0.189 -0.142 0.972
vn 0.000 -1.000 0.000
vn 0.000 -1.000 0.000
vn 0.000 -1.000 0.000
vn 0.000 -1.000 0.000
vn 0.000 -1.000 0.000
vn 0.000 -1.000 0.000
vn 0.000 -1.000 0.000
vn 0.000 -1.000 0.000
vn 0.000 -1.000 0.000
vn 0.000 -1.000 0.000
vn 0.000 -1.000 0.000
vn 0.000 -1.000 0.000
vn 0.000 -1.000 0.000
vn 0.000 -1.000 0.000
vn 0.000 -1.000 0.000
vn 0.000 -1.000 0.000
vn 0.000 -1.000 0.000
vn 0.000 -1.000 0.000
vn 0.000 -1.000 0.000
vn 0.000 -1.000 0.000
vn 0.000 -1.000 0.000
vn 0.000 -1.000 0.000
vn 0.000 -1.000 0.000
vn 0.000 -1.000 0.000
vn 0.000 -1.000 0.000
vn 0.000 -1.000 0.000
vn 0.000 -1.000 0.000
vn 0.000 -1.000 0.000
vn 0.000 -1.000 0.000
vn 0.000 -1.000 0.000
vn 0.000 -1.000 0.000
vn 0.000 -1.000 0.000
vn 0.000 -1.000 0.000
vn 0.000 -1.000 0.000
vn 0.000 -1.000 0.000
vn 0.000 -1.000 0.000
vn 0.000 -1.000 0.000
vn 0.000 -1.000 0.000
vn 0.000 -1.000 0.000
vn 0.000 -1.000 0.000
vn 0.000 -1.000 0.000
vn 0.000 -1.000 0.000
vn 0.000 -1.000 0.000
vn 0.000 -1.000 0.000
vn 0.000 -1.000 0.000
vn 0.000 -1.000 0.000
vn 0.000 -1.000 0.000
vn 0.000 -1.000 0.000
vn 0.000 -1.000 0.000
vn 0.000 -1.000 0.000
vn 0.000 -1.000 0.000
vn 0.000 -1.000 0.000
vn 0.000 -1.000 0.000
vn 0.000 -1.000 0.000
vn 0.000 -1.000 0.000
vn 0.000 -1.000 0.000
vn 0.000 -1.000 0.000
vn 0.000 -1.000 0.000
vn 0.000 -1.000 0.000
vn 0.000 -1.000 0.000
vn 0.000 -1.000 0.000
vn 0.000 -1.000 0.000
vn 0.000 -1.000 0.000
vn 0.000 -1.000 0.000
vn 0.000 -1.000 0.000
vn 0.000 -1.000 0.000
vn 0.000 -1.000 0.000
vn 0.000 -1.000 0.000
vn 0.000 -1.000 0.000
vn 0.000 -1.000 0.000
vn 0.000 -1.000 0.000
vn 0.000 -1.000 0.000
vn 0.000 -1.000 0.000
vn 0.000 -1.000 0.000
vn 0.000 -1.000 0.000
vn 0.000 -1.000 0.000
vn 0.000 -1.000 0.000
vn 0.000 -1.000 0.000
vn 0.000 -1.000 0.000
vn 0.000 -1.000 0.000
vn 0.000 -1.000 0.000
vn 0.000 -1.000 0.000
vn 0.000 -1.000 0.000
vn 0.000 -1.000 0.000
vn 0.000 -1.000 0.000
vn 0.000 -1.000 0.000
vn 0.000 -1.000 0.000
vn 0.966 0.000 -0.259
vn 1.000 0.000 0.000
vn 1.000 0.000 0.000
vn 0.866 0.000 -0.500
vn 0.966 0.000 -0.259
vn 0.707 0.000 -0.707
vn 0.866 0.000 -0.500
vn 0.500 0.000 -0.866
vn 0.707 0.000 -0.707
vn 0.259 0.000 -0.966
vn 0.500 0.000 -0.866
vn 0.000 0.000 -1.000
vn 0.259 0.000 -0.966
vn -0.259 0.000 -0.966
vn 0.000 0.000 -1.000
vn -0.500 0.000 -0.866
vn -0.259 0.000 -0.966
vn -0.707 0.000 -0.707
vn -0.500 0.000 -0.866
vn -0.866 0.000 -0.500
vn -0.707 0.000 -0.707
vn -0.966 0.000 -0.259
vn -0.866 0.000 -0.500
vn -1.000 0.000 0.000
vn -0.966 0.000 -0.259
vn -1.000 0.000 0.000
vn -0.966 0.000 0.259
vn -1.000 0.000 0.000
vn -1.000 0.000 0.000
vn -0.866 0.000 0.500
vn -0.966 0.000 0.259
vn -0.707 0.000 0.707
vn -0.866 0.000 0.500
vn -0.500 0.000 0.866
vn -0.707 0.000 0.707
vn -0.259 0.000 0.966
vn -0.500 0.000 0.866
vn 0.000 0.000 1.000
vn -0.259 0.000 0.966
vn 0.259 0.000 0.966
vn 0.000 0.000 1.000
vn 0.500 0.000 0.866
vn 0.259 0.000 0.966
vn 0.707 0.000 0.707
vn 0.500 0.000 0.866
vn 0.866 0.000 0.500
vn 0.707 0.000 0.707
vn 0.966 0.000 0.259
vn 0.866 0.000 0.500
vn 1.000 0.000 0.000
vn 0.966 0.000 0.259
vn 1.000 0.000 0.000
vn 0.000 -1.000 0.000
vn 0.000 -1.000 0.000
vn 0.000 -1.000 0.000
vn 0.000 -1.000 0.000
vn 0.000 -1.000 0.000
vn 0.000 -1.000 0.000
vn 0.000 -1.000 0.000
vn 0.000 -1.000 0.000
vn 0.000 -1.000 0.000
vn 0.000 -1.000 0.000
vn 0.000 -1.000 0.000
vn 0.000 -1.000 0.000
vn 0.000 -1.000 0.000
vn 0.000 -1.000 0.000
vn 0.000 -1.000 0.000
vn 0.000 -1.000 0.000
vn 0.000 -1.000 0.000
vn 0.000 -1.000 0.000
vn 0.000 -1.000 0.000
vn 0.000 -1.000 0.000
vn 0.000 -1.000 0.000
vn 0.000 -1.000 0.000
vn 0.000 -1.000 0.000
vn 0.000 -1.000 0.000
vn -0.044 -0.976 -0.214
vn -0.044 -0.976 -0.215
vn -0.045 -0.975 -0.218
vn -0.042 -0.977 -0.208
vn -0.025 -0.988 -0.152
vn -0.025 -0.988 -0.152
vn -0.032 -0.984 -0.176
vn -0.032 -0.984 -0.176
vn -0.039 -0.979 -0.200
vn -0.039 -0.979 -0.200
vn -0.024 -0.988 -0.149
vn -0.041 -0.978 -0.207
vn -0.022 -0.989 -0.144
vn -0.021 -0.990 -0.141
vn -0.045 -0.975 -0.220
vn -0.045 -0.975 -0.219
vn -0.038 -0.980 -0.197
vn -0.039 -0.979 -0.200
vn -0.032 -0.984 -0.176
vn -0.030 -0.985 -0.169
vn -0.025 -0.988 -0.152
vn -0.021 -0.990 -0.141
vn -0.047 -0.973 -0.226
vn -0.041 -0.978 -0.207
vn -0.043 -0.976 -0.214
vn -0.045 -0.975 -0.219
vn -0.022 -0.989 -0.144
vn -0.057 -0.964 -0.258
vn -0.046 -0.974 -0.221
vn -0.066 -0.956 -0.286
vn -0.046 -0.974 -0.222
vn -0.046 -0.974 -0.222
vn -0.046 -0.974 -0.221
vn -0.046 -0.974 -0.222
vn -0.066 -0.956 -0.286
vn -0.046 -0.974 -0.222
vn -0.058 -0.964 -0.259
vn -0.047 -0.973 -0.225
vn -0.045 -0.975 -0.220
vn -0.044 -0.976 -0.215
vn -0.045 -0.975 -0.218
vn -0.042 -0.977 -0.208
vn -0.039 -0.979 -0.200
vn -0.032 -0.984 -0.177
vn -0.021 -0.990 -0.141
vn -0.025 -0.988 -0.152
vn -0.032 -0.984 -0.176
vn -0.024 -0.988 -0.150
vn -0.015 -0.992 -0.123
vn -0.021 -0.990 -0.142
vn 0.000 -0.997 -0.072
vn -0.019 -0.991 -0.135
vn -0.018 -0.991 -0.130
vn -0.018 -0.991 -0.131
vn -0.018 -0.991 -0.131
vn -0.019 -0.991 -0.135
vn -0.018 -0.991 -0.132
vn -0.018 -0.991 -0.131
vn -0.020 -0.990 -0.137
vn -0.019 -0.991 -0.136
vn 0.000 -0.997 -0.072
vn -0.018 -0.991 -0.130
vn -0.018 -0.991 -0.131
vn -0.018 -0.991 -0.131
vn -0.018 -0.991 -0.132
vn -0.018 -0.991 -0.131
vn -0.013 -0.993 -0.115
vn -0.020 -0.990 -0.137
vn -0.019 -0.991 -0.136
vn -0.004 -0.996 -0.086
vn 1.000 0.000 0.000
vn 1.000 0.000 0.000
vn 0.938 0.000 0.346
vn 0.621 0.000 0.784
vn 0.929 0.000 0.370
vn 0.760 0.000 0.650
vn 0.148 0.000 0.989
vn 0.484 0.000 0.875
vn 0.621 0.000 0.784
vn 0.146 0.000 0.989
vn -0.211 0.000 0.978
vn -0.365 0.000 0.931
vn -0.365 0.000 0.931
vn -0.538 0.000 0.843
vn -0.780 0.000 0.626
vn -0.956 0.000 0.292
vn -0.781 0.000 0.625
vn -0.956 0.000 0.292
vn 0.000 -1.000 0.000
vn 0.000 -1.000 0.000
vn 0.000 -1.000 0.000
vn 0.000 -1.000 0.000
vn 0.000 -1.000 0.000
vn 0.000 -1.000 0.000
vn 0.000 -1.000 0.000
vn 0.000 -1.000 0.000
vn 0.000 -1.000 0.000
vn 0.000 -1.000 0.000
vn 0.000 -1.000 0.000
vn 0.000 -1.000 0.000
vn 0.000 -1.000 0.000
vn 0.000 -1.000 0.000
vn 0.000 -1.000 0.000
vn 0.000 -1.000 0.000
vn -0.956 0.000 0.292
vn -0.956 0.000 0.292
vn -0.956 0.000 0.292
vn -0.956 0.000 0.292
vn -0.956 0.000 0.292
vn -0.999 0.000 -0.040
vn -0.956 0.000 0.292
vn -0.956 0.000 0.292
vn -0.986 0.000 0.166
vn -0.861 0.000 -0.509
vn -0.978 0.000 -0.209
vn -0.517 0.000 -0.856
vn -0.832 0.000 -0.554
vn -0.571 0.000 -0.821
vn -0.517 0.000 -0.856
vn -0.230 0.000 -0.973
vn -0.050 0.000 -0.999
vn 0.429 0.000 -0.903
vn 0.143 0.000 -0.990
vn -0.050 0.000 -0.999
vn 0.497 0.000 -0.868
vn 0.782 0.000 -0.624
vn 0.429 0.000 -0.903
vn 0.806 0.000 -0.592
vn 0.956 0.000 -0.292
vn 0.956 0.000 -0.292
vn 0.956 0.000 -0.292
vn 0.956 0.000 -0.292
vn 0.956 0.000 -0.292
vn 0.956 0.000 -0.292
vn 0.956 0.000 -0.292
vn 0.956 0.000 -0.292
vn 0.956 0.000 -0.292
vn 1.000 0.000 0.000
vn 1.000 0.000 0.000
vn 1.000 0.000 0.000
vn 1.000 0.000 0.000
vn 0.938 0.000 0.346
vn 0.621 0.000 0.784
vn 0.929 0.000 0.370
vn 0.760 0.000 0.650
vn 0.148 0.000 0.989
vn 0.484 0.000 0.875
vn 0.621 0.000 0.784
vn 0.146 0.000 0.989
vn -0.211 0.000 0.978
vn -0.365 0.000 0.931
vn -0.365 0.000 0.931
vn -0.538 0.000 0.843
vn -0.780 0.000 0.626
vn -0.956 0.000 0.292
vn -0.781 0.000 0.625
vn -0.956 0.000 0.292
vn 0.000 -1.000 0.000
vn 0.000 -1.000 0.000
vn 0.000 -1.000 0.000
vn 0.000 -1.000 0.000
vn 0.000 -1.000 0.000
vn 0.000 -1.000 0.000
vn 0.000 -1.000 0.000
vn 0.000 -1.000 0.000
vn 0.000 -1.000 0.000
vn 0.000 -1.000 0.000
vn 0.000 -1.000 0.000
vn 0.000 -1.000 0.000
vn 0.000 -1.000 0.000
vn 0.000 -1.000 0.000
vn 0.000 -1.000 0.000
vn 0.000 -1.000 0.000
vn -0.956 0.000 0.292
vn -0.956 0.000 0.292
vn -0.956 0.000 0.292
vn -0.956 0.000 0.292
vn -0.956 0.000 0.292
vn -0.999 0.000 -0.040
vn -0.956 0.000 0.292
vn -0.956 0.000 0.292
vn -0.986 0.000 0.166
vn -0.861 0.000 -0.509
vn -0.978 0.000 -0.209
vn -0.517 0.000 -0.856
vn -0.832 0.000 -0.554
vn -0.571 0.000 -0.821
vn -0.517 0.000 -0.856
vn -0.230 0.000 -0.973
vn -0.050 0.000 -0.999
vn 0.429 0.000 -0.903
vn 0.143 0.000 -0.990
vn -0.050 0.000 -0.999
vn 0.497 0.000 -0.868
vn 0.782 0.000 -0.624
vn 0.429 0.000 -0.903
vn 0.806 0.000 -0.592
vn 0.956 0.000 -0.292
vn 0.956 0.000 -0.292
vn 0.956 0.000 -0.292
vn 0.956 0.000 -0.292
vn 0.956 0.000 -0.292
vn 0.956 0.000 -0.292
vn 0.956 0.000 -0.292
vn 0.956 0.000 -0.292
vn 0.956 0.000 -0.292
vn 1.000 0.000 0.000
vn 1.000 0.000 0.000
vn 0.000 0.998 0.067
vn 0.000 0.998 0.067
vn 0.000 0.998 0.067
vn 0.000 0.998 0.067
vn 0.000 0.998 0.067
vn 0.000 0.998 0.067
vn 0.000 0.998 0.067
vn 0.000 0.998 0.067
vn 0.000 0.998 0.067
vn 0.000 0.998 0.067
vn 0.000 0.998 0.067
vn 0.000 0.998 0.067
vn 0.000 0.998 0.067
vn 0.000 0.998 0.067
vn 0.000 0.998 0.067
vn 0.000 0.998 0.067
vn 0.000 0.998 0.067
vn 0.000 0.998 0.067
vn 0.000 0.998 0.067
vn 0.000 0.998 0.067
vn 0.000 0.998 0.067
vn 0.000 0.998 0.067
vn 0.000 0.998 0.067
vn 0.000 0.998 0.067
vn 0.000 0.998 0.067
vn 0.000 0.998 0.067
vn 0.000 0.998 0.067
vn 0.000 0.998 0.067
vn 0.000 0.998 0.067
vn 0.000 0.998 0.067
vn 0.000 0.998 0.067
vn 0.000 0.998 0.067
vn 0.000 0.998 0.067
vn 0.000 0.998 0.067
vn 0.000 0.998 0.067
vn 0.000 0.998 0.067
vn 0.000 0.998 0.067
vn 0.000 0.998 0.067
vn 0.000 0.998 0.067
vn 0.000 0.998 0.067
vn 0.000 0.998 0.067
vn 0.000 0.998 0.067
vn 0.000 0.998 0.067
vn 0.000 0.998 0.067
vn 0.000 0.998 0.067
vn 0.000 0.998 0.067
vn 0.000 0.998 0.067
vn 0.000 0.998 0.067
vn 0.000 0.998 0.067
vn 0.000 0.998 0.067
vn 0.000 0.998 0.067
vn 0.000 0.998 0.067
vn 0.000 0.998 0.067
vn 0.000 0.998 0.067
vn 0.000 0.998 0.067
vn 0.000 0.998 0.067
vn 0.000 0.998 0.067
vn 0.000 0.998 0.067
vn 0.000 0.998 0.067
vn 0.000 0.998 0.067
vn 0.000 0.998 0.067
vn 0.000 0.998 0.067
vn 0.000 0.998 0.067
vn 0.000 0.998 0.067
vn 0.000 0.998 0.067
vn 0.000 0.998 0.067
vn 0.000 0.998 0.067
vn 0.000 0.998 0.067
vn 0.000 0.998 0.067
vn 0.000 0.998 0.067
vn 0.000 0.998 0.067
vn 0.000 0.998 0.067
vn 0.000 0.998 0.067
vn 0.000 0.998 0.067
vn 0.000 0.998 0.067
vn 0.000 0.998 0.067
vn 0.000 0.998 0.067
vn 0.000 0.998 0.067
vn 0.000 0.998 0.067
vn 0.000 0.998 0.067
vn 0.000 0.998 0.067
vn 0.000 0.998 0.067
vn 0.000 0.998 0.067
vn 0.000 0.998 0.067
vn 0.000 0.998 0.067
vn 0.000 0.998 0.067
vn 0.000 0.998 0.067
vn 0.000 0.998 0.067
vn 0.000 0.998 0.067
vn 0.000 0.998 0.067
vn 0.000 0.998 0.067
vn 0.000 0.998 0.067
vn 0.000 0.998 0.067
vn 0.000 0.998 0.067
vn 0.000 0.998 0.067
vn 0.000 0.998 0.067
vn 0.000 0.998 0.067
vn 0.000 0.998 0.067
vn 0.000 0.998 0.067
vn 0.000 0.998 0.067
vn 0.000 0.998 0.067
vn 0.000 0.998 0.067
vn 0.000 0.998 0.067
vn 0.000 0.998 0.067
vn 0.000 0.998 0.067
vn 0.000 0.998 0.067
vn 0.000 0.998 0.067
vn 0.000 0.998 0.067
vn 0.000 0.998 0.067
vn 0.000 0.998 0.067
vn 0.000 0.998 0.067
vn 0.000 0.998 0.067
vn 0.000 0.998 0.067
vn 0.000 0.998 0.067
vn 0.000 0.998 0.067
vn 0.000 0.998 0.067
vn 0.000 0.998 0.067
vn 0.000 0.998 0.067
vn 0.000 0.998 0.067
vn 0.000 0.998 0.067
vn 0.000 0.998 0.067
vn 0.000 0.998 0.067
vn 0.000 0.998 0.067
vn 0.000 0.998 0.067
vn 0.000 0.998 0.067
vn 0.000 0.998 0.067
vn 0.000 0.998 0.067
vn 0.000 0.998 0.067
vn 0.000 0.998 0.067
vn 0.000 0.998 0.067
vn 0.000 0.998 0.067
vn 0.000 0.998 0.067
vn 0.000 0.998 0.067
vn 0.000 0.998 0.067
vn 0.000 0.998 0.067
vn 0.000 0.998 0.067
vn 0.000 0.998 0.067
vn 0.000 0.998 0.067
vn 0.000 0.998 0.067
vn 0.000 0.998 0.067
vn 0.000 0.998 0.067
vn 0.000 0.998 0.067
vn 0.000 0.998 0.067
vn 0.000 0.998 0.067
vn 0.000 0.998 0.067
vn 0.000 0.998 0.067
vn 0.000 0.998 0.067
vn 0.000 0.998 0.067
vn 0.000 0.998 0.067
vn 0.000 0.998 0.067
vn 0.000 0.998 0.067
vn 0.000 0.998 0.067
vn 0.000 0.998 0.067
vn 0.000 0.998 0.067
vn 0.000 0.998 0.067
vn 0.000 0.998 0.067
vn 0.000 0.998 0.067
vn 0.000 0.998 0.067
vn 0.000 0.998 0.067
vn 0.000 0.998 0.067
vn 0.000 0.998 0.067
vn 0.000 0.998 0.067
vn 0.000 0.998 0.067
vn 0.000 0.998 0.067
vn 0.000 0.998 0.067
vn 0.000 0.998 0.067
vn 0.000 0.998 0.067
vn 0.000 0.998 0.067
vn 0.000 0.998 0.067
vn 0.000 0.998 0.067
vn 0.000 0.998 0.067
vn 0.000 0.998 0.067
vn 0.000 0.998 0.067
vn 0.000 0.998 0.067
vn 0.000 0.998 0.067
vn 0.000 0.998 0.067
vn 0.000 0.000 1.000
vn 0.000 0.000 1.000
vn 0.000 0.000 1.000
vn 0.000 0.000 1.000
vn 0.707 0.000 0.707
vn 0.707 0.000 0.707
vn 0.707 0.000 0.707
vn 0.707 0.000 0.707
vn 0.707 0.000 -0.707
vn 0.707 0.000 -0.707
vn 0.707 0.000 -0.707
vn 0.707 0.000 -0.707
vn 0.000 0.000 -1.000
vn 0.000 0.000 -1.000
vn 0.000 0.000 -1.000
vn 0.000 0.000 -1.000
vn -0.707 0.000 -0.707
vn -0.707 0.000 -0.707
vn -0.707 0.000 -0.707
vn -0.707 0.000 -0.707
vn -0.707 0.000 0.707
vn -0.707 0.000 0.707
vn -0.707 0.000 0.707
vn -0.707 0.000 0.707
vn 0.993 -0.094 0.067
vn 0.993 -0.094 0.067
vn 0.996 -0.088 0.005
vn 0.970 -0.066 -0.232
vn 0.889 -0.046 -0.457
vn 0.913 -0.051 -0.404
vn 0.756 -0.028 -0.654
vn 0.805 -0.033 -0.593
vn 0.599 -0.014 -0.800
vn 0.669 -0.019 -0.743
vn 0.392 -0.003 -0.920
vn 0.285 0.000 -0.959
vn 0.491 -0.008 -0.871
vn -0.078 0.004 -0.997
vn -0.173 0.003 -0.985
vn 0.045 0.004 -0.999
vn -0.314 -0.001 -0.949
vn -0.384 -0.003 -0.923
vn -0.509 -0.009 -0.861
vn -0.699 -0.022 -0.715
vn -0.731 -0.025 -0.682
vn -0.579 -0.013 -0.815
vn -0.848 -0.039 -0.528
vn -0.857 -0.041 -0.513
vn -0.994 -0.080 -0.078
vn -0.994 -0.080 -0.078
vn -0.950 -0.059 -0.308
vn -0.948 -0.059 -0.312
vn 0.161 0.003 -0.987
vn 0.981 -0.071 -0.181
vn -0.994 -0.080 -0.078
vn -0.994 -0.080 -0.078
vn -0.994 -0.080 -0.078
vn -0.994 -0.080 -0.078
vn -0.980 -0.103 0.169
vn -0.994 -0.080 -0.078
vn -0.996 -0.086 -0.016
vn -0.994 -0.080 -0.078
vn -0.887 -0.128 0.444
vn -0.754 -0.146 0.641
vn -0.803 -0.141 0.580
vn -0.597 -0.159 0.786
vn -0.666 -0.154 0.729
vn -0.390 -0.170 0.905
vn -0.284 -0.174 0.943
vn -0.489 -0.166 0.856
vn 0.078 -0.177 0.981
vn 0.172 -0.176 0.969
vn -0.044 -0.178 0.983
vn 0.313 -0.173 0.934
vn 0.383 -0.171 0.908
vn 0.507 -0.165 0.846
vn 0.492 -0.166 0.855
vn 0.697 -0.152 0.701
vn 0.729 -0.149 0.669
vn 0.577 -0.161 0.800
vn 0.947 -0.115 0.300
vn 0.948 -0.115 0.296
vn 0.855 -0.133 0.500
vn 0.993 -0.094 0.067
vn 0.993 -0.094 0.067
vn 0.846 -0.135 0.515
vn -0.161 -0.176 0.971
vn -0.912 -0.123 0.392
vn -0.969 -0.108 0.220
vn 0.993 -0.094 0.067
vn 0.993 -0.094 0.067
vn 0.993 -0.094 0.067
vn 0.993 -0.094 0.067
vn 0.000 0.998 0.067
vn 0.000 0.998 0.067
vn 0.000 0.998 0.067
vn 0.000 0.998 0.067
vn 0.000 0.998 0.067
vn 0.000 0.998 0.067
vn 0.000 0.998 0.067
vn 0.000 0.998 0.067
vn 0.000 0.998 0.067
vn 0.000 0.998 0.067
vn 0.000 0.998 0.067
vn 0.000 0.998 0.067
vn 0.000 0.998 0.067
vn 0.000 0.998 0.067
vn 0.000 0.998 0.067
vn 0.000 0.998 0.067
vn 0.000 0.998 0.067
vn 0.000 0.998 0.067
vn 0.000 0.998 0.067
vn 0.000 0.998 0.067
vn 0.000 0.998 0.067
vn 0.000 0.998 0.067
vn 0.000 0.998 0.067
vn 0.000 0.998 0.067
vn 0.000 0.998 0.067
vn 0.000 0.998 0.067
vn 0.000 0.998 0.067
vn 0.000 0.998 0.067
vn 0.000 0.998 0.067
vn 0.000 0.998 0.067
vn 0.000 0.998 0.067
vn 0.993 -0.094 0.067
vn 0.993 -0.094 0.067
vn 0.996 -0.088 0.005
vn 0.970 -0.066 -0.232
vn 0.889 -0.046 -0.457
vn 0.913 -0.051 -0.404
vn 0.756 -0.028 -0.654
vn 0.805 -0.033 -0.593
vn 0.599 -0.014 -0.800
vn 0.669 -0.019 -0.743
vn 0.392 -0.003 -0.920
vn 0.285 0.000 -0.959
vn 0.491 -0.008 -0.871
vn -0.078 0.004 -0.997
vn -0.173 0.003 -0.985
vn 0.045 0.004 -0.999
vn -0.314 -0.001 -0.949
vn -0.384 -0.003 -0.923
vn -0.509 -0.009 -0.861
vn -0.699 -0.022 -0.715
vn -0.731 -0.025 -0.682
vn -0.579 -0.013 -0.815
vn -0.848 -0.039 -0.528
vn -0.857 -0.041 -0.513
vn -0.994 -0.080 -0.078
vn -0.994 -0.080 -0.078
vn -0.950 -0.059 -0.308
vn -0.948 -0.059 -0.312
vn 0.161 0.003 -0.987
vn 0.981 -0.071 -0.181
vn -0.994 -0.080 -0.078
vn -0.994 -0.080 -0.078
vn -0.994 -0.080 -0.078
vn -0.994 -0.080 -0.078
vn -0.980 -0.103 0.169
vn -0.994 -0.080 -0.078
vn -0.996 -0.086 -0.016
vn -0.994 -0.080 -0.078
vn -0.887 -0.128 0.444
vn -0.754 -0.146 0.641
vn -0.803 -0.141 0.580
vn -0.597 -0.159 0.786
vn -0.666 -0.154 0.729
vn -0.390 -0.170 0.905
vn -0.284 -0.174 0.943
vn -0.489 -0.166 0.856
vn 0.078 -0.177 0.981
vn 0.172 -0.176 0.969
vn -0.044 -0.178 0.983
vn 0.313 -0.173 0.934
vn 0.383 -0.171 0.908
vn 0.507 -0.165 0.846
vn 0.492 -0.166 0.855
vn 0.697 -0.152 0.701
vn 0.729 -0.149 0.669
vn 0.577 -0.161 0.800
vn 0.947 -0.115 0.300
vn 0.948 -0.115 0.296
vn 0.855 -0.133 0.500
vn 0.993 -0.094 0.067
vn 0.993 -0.094 0.067
vn 0.846 -0.135 0.515
vn -0.161 -0.176 0.971
vn -0.912 -0.123 0.392
vn -0.969 -0.108 0.220
vn 0.993 -0.094 0.067
vn 0.993 -0.094 0.067
vn 0.993 -0.094 0.067
vn 0.993 -0.094 0.067
vn 0.000 0.998 0.067
vn 0.000 0.998 0.067
vn 0.000 0.998 0.067
vn 0.000 0.998 0.067
vn 0.000 0.998 0.067
vn 0.000 0.998 0.067
vn 0.000 0.998 0.067
vn 0.000 0.998 0.067
vn 0.000 0.998 0.067
vn 0.000 0.998 0.067
vn 0.000 0.998 0.067
vn 0.000 0.998 0.067
vn 0.000 0.998 0.067
vn 0.000 0.998 0.067
vn 0.000 0.998 0.067
vn 0.000 0.998 0.067
vn 0.000 0.998 0.067
vn 0.000 0.998 0.067
vn 0.000 0.998 0.067
vn 0.000 0.998 0.067
vn 0.000 0.998 0.067
vn 0.000 0.998 0.067
vn 0.000 0.998 0.067
vn 0.000 0.998 0.067
vn 0.000 0.998 0.067
vn 0.000 0.998 0.067
vn 0.000 0.998 0.067
vn 0.000 0.998 0.067
vn 0.000 0.998 0.067
vn 0.000 0.998 0.067
vn 0.000 0.998 0.067
vn -0.997 0.047 0.055
vn -0.998 0.049 0.042
vn -0.999 0.053 0.000
vn -0.923 0.017 0.383
vn -0.915 0.016 0.402
vn -0.765 -0.006 0.644
vn -0.707 -0.012 0.707
vn -0.493 -0.027 0.870
vn -0.423 -0.030 0.905
vn -0.160 -0.038 0.986
vn -0.065 -0.039 0.997
vn 0.195 -0.037 0.980
vn 0.300 -0.035 0.953
vn 0.483 -0.028 0.875
vn 0.626 -0.019 0.780
vn 0.626 -0.019 0.780
vn 0.758 -0.007 0.653
vn 0.865 0.007 0.502
vn 0.865 0.007 0.502
vn 0.937 0.021 0.348
vn 0.999 0.053 0.000
vn 0.999 0.053 0.000
vn 0.987 0.038 0.157
vn -0.999 0.053 0.000
vn 0.912 0.089 -0.401
vn 0.941 0.083 -0.327
vn 0.765 0.111 -0.634
vn 0.702 0.117 -0.702
vn 0.493 0.131 -0.860
vn 0.420 0.135 -0.897
vn 0.160 0.142 -0.977
vn -0.193 0.141 -0.971
vn -0.297 0.139 -0.945
vn 0.065 0.143 -0.988
vn -0.477 0.132 -0.869
vn -0.621 0.123 -0.774
vn -0.860 0.098 -0.500
vn -0.753 0.112 -0.648
vn -0.621 0.123 -0.774
vn -0.860 0.098 -0.500
vn -0.934 0.084 -0.346
vn -0.999 0.053 0.000
vn -0.999 0.053 0.000
vn -0.985 0.067 -0.156
vn 0.999 0.053 0.000
vn 0.998 0.056 -0.042
vn 0.999 0.053 0.000
vn 0.000 1.000 0.000
vn 0.000 1.000 0.000
vn 0.000 1.000 0.000
vn 0.000 1.000 0.000
vn 0.000 1.000 0.000
vn 0.000 1.000 0.000
vn 0.000 1.000 0.000
vn 0.000 1.000 0.000
vn 0.000 1.000 0.000
vn 0.000 1.000 0.000
vn 0.000 1.000 0.000
vn 0.000 1.000 0.000
vn 0.000 1.000 0.000
vn 0.000 1.000 0.000
vn 0.000 1.000 0.000
vn 0.000 1.000 0.000
vn 0.000 1.000 0.000
vn 0.000 1.000 0.000
vn 0.000 1.000 0.000
vn 0.000 1.000 0.000
vn -0.997 0.048 0.054
vn -0.998 0.049 0.042
vn -0.999 0.053 0.000
vn -0.923 0.017 0.383
vn -0.915 0.016 0.402
vn -0.767 -0.006 0.641
vn -0.495 -0.027 0.869
vn -0.423 -0.030 0.905
vn -0.707 -0.012 0.707
vn -0.161 -0.038 0.986
vn -0.065 -0.039 0.997
vn 0.195 -0.037 0.980
vn 0.299 -0.035 0.953
vn 0.480 -0.028 0.877
vn 0.626 -0.019 0.780
vn 0.626 -0.019 0.780
vn 0.756 -0.007 0.654
vn 0.865 0.007 0.502
vn 0.865 0.007 0.502
vn 0.937 0.021 0.349
vn 0.999 0.053 0.000
vn 0.999 0.053 0.000
vn 0.987 0.038 0.157
vn -0.999 0.053 0.000
vn 0.912 0.089 -0.401
vn 0.953 0.079 -0.291
vn 0.789 0.108 -0.605
vn 0.524 0.130 -0.842
vn 0.420 0.135 -0.898
vn 0.702 0.117 -0.702
vn 0.193 0.141 -0.971
vn 0.065 0.143 -0.988
vn -0.137 0.142 -0.980
vn -0.474 0.132 -0.870
vn -0.621 0.123 -0.774
vn -0.297 0.139 -0.945
vn -0.860 0.098 -0.500
vn -0.752 0.112 -0.650
vn -0.621 0.123 -0.774
vn -0.860 0.098 -0.500
vn -0.934 0.084 -0.347
vn -0.999 0.053 0.000
vn -0.999 0.053 0.000
vn -0.985 0.067 -0.156
vn 0.999 0.053 0.000
vn 0.998 0.056 -0.042
vn 0.999 0.053 0.000
vn 0.000 1.000 0.000
vn 0.000 1.000 0.000
vn 0.000 1.000 0.000
vn 0.000 1.000 0.000
vn 0.000 1.000 0.000
vn 0.000 1.000 0.000
vn 0.000 1.000 0.000
vn 0.000 1.000 0.000
vn 0.000 1.000 0.000
vn 0.000 1.000 0.000
vn 0.000 1.000 0.000
vn 0.000 1.000 0.000
vn 0.000 1.000 0.000
vn 0.000 1.000 0.000
vn 0.000 1.000 0.000
vn 0.000 1.000 0.000
vn 0.000 1.000 0.000
vn 0.000 1.000 0.000
vn 0.000 1.000 0.000
vn 0.000 1.000 0.000
vn -0.021 -0.999 0.036
vn -0.023 -0.999 0.044
vn -0.022 -0.999 0.043
vn -0.020 -0.999 0.028
vn -0.020 -0.999 0.031
vn -0.020 -0.999 0.029
vn -0.018 -1.000 0.023
vn -0.019 -0.999 0.026
vn -0.021 -0.999 0.035
vn -0.022 -0.999 0.038
vn -0.024 -0.998 0.052
vn -0.024 -0.998 0.050
vn -0.025 -0.998 0.056
vn -0.026 -0.998 0.062
vn -0.028 -0.997 0.071
vn -0.033 -0.995 0.096
vn -0.040 -0.990 0.136
vn -0.040 -0.990 0.136
vn -0.032 -0.995 0.091
vn -0.032 -0.995 0.091
vn -0.029 -0.997 0.076
vn -0.032 -0.995 0.091
vn -0.030 -0.996 0.085
vn -0.033 -0.995 0.096
vn -0.026 -0.998 0.060
vn -0.025 -0.998 0.056
vn -0.027 -0.997 0.068
vn -0.029 -0.997 0.076
vn -0.019 -0.999 0.028
vn -0.018 -1.000 0.021
vn -0.018 -1.000 0.021
vn -0.020 -0.999 0.028
vn -0.020 -0.999 0.031
vn -0.020 -0.999 0.029
vn -0.022 -0.999 0.043
vn -0.032 -0.995 0.094
vn -0.045 -0.986 0.161
vn -0.040 -0.990 0.136
vn -0.033 -0.995 0.096
vn -0.025 -0.998 0.056
vn -0.045 -0.986 0.161
vn -0.043 -0.988 0.149
vn -0.058 -0.972 0.227
vn -0.047 -0.984 0.173
vn -0.047 -0.984 0.171
vn -0.058 -0.972 0.227
vn -0.047 -0.984 0.172
vn -0.047 -0.984 0.173
vn -0.047 -0.985 0.169
vn -0.046 -0.985 0.166
vn -0.041 -0.989 0.139
vn -0.043 -0.988 0.149
vn -0.042 -0.989 0.143
vn -0.044 -0.987 0.156
vn -0.045 -0.986 0.161
vn -0.047 -0.984 0.173
vn -0.047 -0.984 0.171
vn -0.047 -0.984 0.172
vn -0.047 -0.984 0.173
vn -0.047 -0.985 0.169
vn -0.046 -0.985 0.166
vn -0.044 -0.987 0.156
vn -0.051 -0.981 0.190
vn -0.041 -0.990 0.137
vn -0.041 -0.989 0.139
vn -0.042 -0.989 0.143
vn -0.040 -0.990 0.136
vn -0.031 -0.996 0.085
vn -0.020 -0.999 0.033
vn -0.025 -0.998 0.056
vn -0.024 -0.998 0.052
vn -0.033 -0.995 0.096
vn -0.021 -0.999 0.038
vn -0.019 -1.000 0.023
vn -0.018 -1.000 0.021
vn -0.019 -0.999 0.028
vn -0.010 -1.000 -0.020
vn -0.018 -1.000 0.020
vn 0.000 -0.997 -0.072
vn -0.018 -1.000 0.019
vn -0.017 -1.000 0.017
vn -0.018 -1.000 0.020
vn 0.000 -0.997 -0.072
vn -0.014 -1.000 -0.003
vn -0.014 -1.000 -0.002
vn -0.017 -1.000 0.013
vn -0.014 -1.000 0.000
vn -0.016 -1.000 0.009
vn -0.018 -1.000 0.020
vn -0.018 -1.000 0.019
vn -0.007 -0.999 -0.038
vn -0.018 -1.000 0.023
vn -0.018 -1.000 0.020
vn 1.000 0.000 0.000
vn 1.000 0.000 0.000
vn 0.995 0.000 0.096
vn 0.982 0.000 0.191
vn 0.982 0.000 0.191
vn 0.000 -1.000 0.000
vn 0.000 -1.000 0.000
vn 0.000 -1.000 0.000
vn 0.000 -1.000 0.000
vn 0.000 -1.000 0.000
vn 0.000 -1.000 0.000
vn 0.000 -1.000 0.000
vn 0.000 -1.000 0.000
vn 0.000 -1.000 0.000
vn 0.000 -1.000 0.000
vn 0.000 -1.000 0.000
vn 0.000 -1.000 0.000
vn 0.000 -1.000 0.000
vn 0.000 -1.000 0.000
vn 0.000 -1.000 0.000
vn 0.000 -1.000 0.000
vn 0.000 -1.000 0.000
vn 0.982 0.000 0.191
vn 0.982 0.000 0.191
vn 0.982 0.000 0.191
vn 0.982 0.000 0.191
vn 0.982 0.000 0.191
vn 0.950 0.000 0.311
vn 0.769 0.000 0.639
vn 0.864 0.000 0.504
vn 0.982 0.000 0.191
vn 0.982 0.000 0.191
vn 0.521 0.000 0.853
vn 0.055 0.000 0.998
vn 0.479 0.000 0.878
vn 0.122 0.000 0.992
vn 0.055 0.000 0.998
vn -0.252 0.000 0.968
vn -0.425 0.000 0.905
vn -0.803 0.000 0.596
vn -0.591 0.000 0.807
vn -0.425 0.000 0.905
vn -0.990 0.000 0.144
vn -0.847 0.000 0.532
vn -0.803 0.000 0.596
vn -0.982 0.000 -0.191
vn -0.982 0.000 -0.191
vn -0.983 0.000 0.183
vn -0.982 0.000 -0.191
vn -0.982 0.000 -0.191
vn -0.982 0.000 -0.191
vn -0.982 0.000 -0.191
vn -0.982 0.000 -0.191
vn -0.874 0.000 -0.486
vn -0.848 0.000 -0.530
vn -0.601 0.000 -0.799
vn -0.564 0.000 -0.826
vn -0.273 0.000 -0.962
vn -0.135 0.000 -0.991
vn 0.322 0.000 -0.947
vn 0.094 0.000 -0.996
vn -0.136 0.000 -0.991
vn 0.711 0.000 -0.703
vn 0.448 0.000 -0.894
vn 0.322 0.000 -0.947
vn 0.950 0.000 -0.311
vn 0.741 0.000 -0.671
vn 1.000 0.000 0.000
vn 1.000 0.000 0.000
vn -0.982 0.000 -0.191
vn -0.982 0.000 -0.191
vn 0.930 0.000 -0.369
vn 0.982 0.000 0.191
vn 1.000 0.000 0.000
vn 1.000 0.000 0.000
vn 0.995 0.000 0.096
vn 0.982 0.000 0.191
vn 0.000 -1.000 0.000
vn 0.000 -1.000 0.000
vn 0.000 -1.000 0.000
vn 0.000 -1.000 0.000
vn 0.000 -1.000 0.000
vn 0.000 -1.000 0.000
vn 0.000 -1.000 0.000
vn 0.000 -1.000 0.000
vn 0.000 -1.000 0.000
vn 0.000 -1.000 0.000
vn 0.000 -1.000 0.000
vn 0.000 -1.000 0.000
vn 0.000 -1.000 0.000
vn 0.000 -1.000 0.000
vn 0.000 -1.000 0.000
vn 0.000 -1.000 0.000
vn 0.000 -1.000 0.000
vn 0.982 0.000 0.191
vn 0.982 0.000 0.191
vn 0.982 0.000 0.191
vn 0.982 0.000 0.191
vn 0.982 0.000 0.191
vn 0.950 0.000 0.311
vn 0.769 0.000 0.639
vn 0.864 0.000 0.504
vn 0.982 0.000 0.191
vn 0.982 0.000 0.191
vn 0.521 0.000 0.853
vn 0.055 0.000 0.998
vn 0.479 0.000 0.878
vn 0.122 0.000 0.992
vn 0.055 0.000 0.998
vn -0.252 0.000 0.968
vn -0.425 0.000 0.905
vn -0.803 0.000 0.596
vn -0.591 0.000 0.807
vn -0.425 0.000 0.905
vn -0.990 0.000 0.144
vn -0.847 0.000 0.532
vn -0.803 0.000 0.596
vn -0.982 0.000 -0.191
vn -0.982 0.000 -0.191
vn -0.983 0.000 0.183
vn -0.982 0.000 -0.191
vn -0.982 0.000 -0.191
vn -0.982 0.000 -0.191
vn -0.982 0.000 -0.191
vn -0.982 0.000 -0.191
vn -0.874 0.000 -0.486
vn -0.848 0.000 -0.530
vn -0.601 0.000 -0.799
vn -0.564 0.000 -0.826
vn -0.273 0.000 -0.962
vn -0.135 0.000 -0.991
vn 0.322 0.000 -0.947
vn 0.094 0.000 -0.996
vn -0.136 0.000 -0.991
vn 0.711 0.000 -0.703
vn 0.448 0.000 -0.894
vn 0.322 0.000 -0.947
vn 0.950 0.000 -0.311
vn 0.741 0.000 -0.671
vn 1.000 0.000 0.000
vn 1.000 0.000 0.000
vn -0.982 0.000 -0.191
vn -0.982 0.000 -0.191
vn 0.930 0.000 -0.369
vn -0.685 -0.118 0.718
vn -0.704 -0.117 0.701
vn -0.894 -0.093 0.439
vn -0.366 -0.137 0.921
vn -0.408 -0.135 0.903
vn -0.010 -0.143 0.990
vn -0.076 -0.143 0.987
vn -0.005 -0.143 0.990
vn -0.005 -0.143 0.990
vn -0.894 -0.093 0.439
vn -0.959 -0.078 0.274
vn -0.989 -0.065 0.133
vn -0.981 -0.035 -0.188
vn -0.894 -0.093 0.439
vn -0.894 -0.093 0.439
vn -0.981 -0.035 -0.188
vn -0.981 -0.035 -0.188
vn -0.981 -0.035 -0.189
vn -0.981 -0.035 -0.189
vn -0.981 -0.035 -0.189
vn -0.981 -0.035 -0.188
vn -0.920 -0.017 -0.391
vn -0.871 -0.008 -0.491
vn -0.670 0.015 -0.742
vn -0.981 -0.035 -0.189
vn -0.981 -0.035 -0.189
vn -0.670 0.015 -0.742
vn -0.344 0.033 -0.938
vn -0.320 0.034 -0.947
vn 0.001 0.039 -0.999
vn -0.657 0.016 -0.753
vn -0.616 0.020 -0.788
vn -0.670 0.015 -0.742
vn -0.670 0.015 -0.742
vn 0.001 0.039 -0.999
vn 0.001 0.039 -0.999
vn 0.001 0.039 -0.999
vn 0.001 0.039 -0.999
vn 0.001 0.039 -0.999
vn 0.001 0.039 -0.999
vn -0.004 -0.143 0.990
vn 0.351 -0.137 0.926
vn 0.312 -0.139 0.940
vn 0.667 -0.120 0.735
vn 0.631 -0.123 0.766
vn 0.894 -0.093 0.439
vn 0.861 -0.098 0.499
vn 0.995 -0.060 0.084
vn 0.986 -0.066 0.150
vn 0.959 -0.027 -0.283
vn 0.975 -0.033 -0.218
vn 0.830 -0.001 -0.558
vn 0.576 0.022 -0.817
vn 0.790 0.004 -0.613
vn 0.239 0.036 -0.970
vn 0.512 0.026 -0.859
vn 0.001 0.039 -0.999
vn 0.218 0.037 -0.975
vn 0.001 0.039 -0.999
vn -0.004 -0.143 0.990
vn -0.004 -0.143 0.990
vn -0.005 -0.143 0.990
vn -0.004 -0.143 0.990
vn -0.005 -0.143 0.990
vn -0.004 -0.143 0.990
vn 0.000 -1.000 0.000
vn 0.000 -1.000 0.000
vn 0.000 -1.000 0.000
vn 0.000 -1.000 0.000
vn 0.000 -1.000 0.000
vn 0.000 -1.000 0.000
vn 0.000 -1.000 0.000
vn 0.000 -1.000 0.000
vn 0.000 -1.000 0.000
vn 0.000 -1.000 0.000
vn 0.000 -1.000 0.000
vn 0.000 -1.000 0.000
vn 0.000 -1.000 0.000
vn 0.000 -1.000 0.000
vn 0.000 -1.000 0.000
vn 0.000 -1.000 0.000
vn 0.000 -1.000 0.000
vn 0.000 -1.000 0.000
vn 0.000 -1.000 0.000
vn 0.000 -1.000 0.000
vn 0.000 -1.000 0.000
vn 0.000 -1.000 0.000
vn 0.000 -1.000 0.000
vn 0.000 -1.000 0.000
vn 0.000 -1.000 0.000
vn 0.000 -1.000 0.000
vn 0.000 -1.000 0.000
vn 0.000 -1.000 0.000
vn 0.000 -1.000 0.000
vn 0.000 -1.000 0.000
vn 0.000 -1.000 0.000
vn 0.000 -1.000 0.000
vn 0.000 -1.000 0.000
vn 0.000 -1.000 0.000
vn 0.000 -1.000 0.000
vn 0.000 -1.000 0.000
vn 0.000 -1.000 0.000
vn 0.000 -1.000 0.000
vn 0.000 -1.000 0.000
vn 0.000 -1.000 0.000
vn 0.000 -1.000 0.000
vn 0.000 -1.000 0.000
vn 0.000 -1.000 0.000
vn 0.000 -1.000 0.000
vn 0.000 -1.000 0.000
vn 0.000 -1.000 0.000
vn 0.000 -1.000 0.000
vn 0.000 -1.000 0.000
vn 0.000 -1.000 0.000
vn 0.000 -1.000 0.000
vn 0.866 0.000 -0.500
vn 1.000 0.000 0.000
vn 1.000 0.000 0.000
vn 0.500 0.000 -0.866
vn 0.866 0.000 -0.500
vn 0.000 0.000 -1.000
vn 0.500 0.000 -0.866
vn -0.500 0.000 -0.866
vn 0.000 0.000 -1.000
vn -0.866 0.000 -0.500
vn -0.500 0.000 -0.866
vn -1.000 0.000 0.000
vn -0.866 0.000 -0.500
vn -1.000 0.000 0.000
vn -0.866 0.000 0.500
vn -1.000 0.000 0.000
vn -1.000 0.000 0.000
vn -0.500 0.000 0.866
vn -0.866 0.000 0.500
vn 0.000 0.000 1.000
vn -0.500 0.000 0.866
vn 0.500 0.000 0.866
vn 0.000 0.000 1.000
vn 0.866 0.000 0.500
vn 0.500 0.000 0.866
vn 1.000 0.000 0.000
vn 0.866 0.000 0.500
vn 1.000 0.000 0.000
vn 0.000 -1.000 0.000
vn 0.000 -1.000 0.000
vn 0.000 -1.000 0.000
vn 0.000 -1.000 0.000
vn 0.000 -1.000 0.000
vn 0.000 -1.000 0.000
vn 0.000 -1.000 0.000
vn 0.000 -1.000 0.000
vn 0.000 -1.000 0.000
vn 0.000 -1.000 0.000
vn 0.000 -1.000 0.000
vn 0.000 -1.000 0.000
vn 0.866 0.000 -0.500
vn 1.000 0.000 0.000
vn 1.000 0.000 0.000
vn 0.500 0.000 -0.866
vn 0.866 0.000 -0.500
vn 0.000 0.000 -1.000
vn 0.500 0.000 -0.866
vn -0.500 0.000 -0.866
vn 0.000 0.000 -1.000
vn -0.866 0.000 -0.500
vn -0.500 0.000 -0.866
vn -1.000 0.000 0.000
vn -0.866 0.000 -0.500
vn -1.000 0.000 0.000
vn -0.866 0.000 0.500
vn -1.000 0.000 0.000
vn -1.000 0.000 0.000
vn -0.500 0.000 0.866
vn -0.866 0.000 0.500
vn 0.000 0.000 1.000
vn -0.500 0.000 0.866
vn 0.500 0.000 0.866
vn 0.000 0.000 1.000
vn 0.866 0.000 0.500
vn 0.500 0.000 0.866
vn 1.000 0.000 0.000
vn 0.866 0.000 0.500
vn 1.000 0.000 0.000
vn 0.000 -1.000 0.000
vn 0.000 -1.000 0.000
vn 0.000 -1.000 0.000
vn 0.000 -1.000 0.000
vn 0.000 -1.000 0.000
vn 0.000 -1.000 0.000
vn 0.000 -1.000 0.000
vn 0.000 -1.000 0.000
vn 0.000 -1.000 0.000
vn 0.000 -1.000 0.000
vn 0.000 -1.000 0.000
vn 0.000 -1.000 0.000
vn -0.066 -0.956 -0.286
vn -0.066 -0.956 -0.286
vn -0.066 -0.956 -0.286
vn -0.066 -0.956 -0.286
vn -0.066 -0.956 -0.286
vn -0.066 -0.956 -0.286
vn -0.066 -0.956 -0.286
vn -0.066 -0.956 -0.286
vn -0.066 -0.956 -0.286
vn -0.066 -0.956 -0.286
vn -0.066 -0.956 -0.286
vn -0.066 -0.956 -0.286
vn -0.066 -0.956 -0.286
vn -0.066 -0.956 -0.286
vn -0.066 -0.956 -0.286
vn -0.066 -0.956 -0.286
vn -0.066 -0.956 -0.286
vn -0.066 -0.956 -0.286
vn -0.066 -0.956 -0.286
vn -0.066 -0.956 -0.286
vn -0.066 -0.956 -0.286
vn -0.066 -0.956 -0.286
vn -0.066 -0.956 -0.286
vn -0.066 -0.956 -0.286
vn -0.066 -0.956 -0.286
vn -0.066 -0.956 -0.286
vn -0.066 -0.956 -0.286
vn -0.066 -0.956 -0.286
vn -0.066 -0.956 -0.286
vn -0.066 -0.956 -0.286
vn -0.066 -0.956 -0.286
vn -0.066 -0.956 -0.286
vn -0.066 -0.956 -0.286
vn -0.066 -0.956 -0.286
vn -0.066 -0.956 -0.286
vn -0.066 -0.956 -0.286
vn -0.066 -0.956 -0.286
vn -0.066 -0.956 -0.286
vn -0.066 -0.956 -0.286
vn -0.066 -0.956 -0.286
vn -0.066 -0.956 -0.286
vn -0.066 -0.956 -0.286
vn -0.066 -0.956 -0.286
vn -0.066 -0.956 -0.286
vn -0.066 -0.956 -0.286
vn -0.066 -0.956 -0.286
vn -0.066 -0.956 -0.286
vn -0.066 -0.956 -0.286
vn -0.066 -0.956 -0.286
vn -0.066 -0.956 -0.286
vn -0.066 -0.956 -0.286
vn -0.066 -0.956 -0.286
vn -0.066 -0.956 -0.286
vn -0.066 -0.956 -0.286
vn -0.066 -0.956 -0.286
vn -0.066 -0.956 -0.286
vn -0.066 -0.956 -0.286
vn -0.066 -0.956 -0.286
vn -0.066 -0.956 -0.286
vn -0.066 -0.956 -0.286
vn -0.066 -0.956 -0.286
vn -0.066 -0.956 -0.286
vn -0.066 -0.956 -0.286
vn -0.066 -0.956 -0.286
vn -0.066 -0.956 -0.286
vn -0.066 -0.956 -0.286
vn -0.066 -0.956 -0.286
vn -0.066 -0.956 -0.286
vn -0.066 -0.956 -0.286
vn -0.066 -0.956 -0.286
vn -0.066 -0.956 -0.286
vn -0.066 -0.956 -0.286
vn -0.066 -0.956 -0.286
vn -0.066 -0.956 -0.286
vn -0.066 -0.956 -0.286
vn -0.066 -0.956 -0.286
vn -0.066 -0.956 -0.286
vn -0.066 -0.956 -0.286
vn -0.066 -0.956 -0.286
vn -0.066 -0.956 -0.286
vn -0.066 -0.956 -0.286
vn -0.066 -0.956 -0.286
vn -0.066 -0.956 -0.286
vn -0.066 -0.956 -0.286
vn -0.066 -0.956 -0.286
vn -0.066 -0.956 -0.286
vn -0.066 -0.956 -0.286
vn -0.066 -0.956 -0.286
vn -0.066 -0.956 -0.286
vn -0.066 -0.956 -0.286
vn -0.066 -0.956 -0.286
vn -0.066 -0.956 -0.286
vn -0.066 -0.956 -0.286
vn -0.066 -0.956 -0.286
vn -0.066 -0.956 -0.286
vn -0.066 -0.956 -0.286
vn -0.066 -0.956 -0.286
vn -0.066 -0.956 -0.286
vn -0.066 -0.956 -0.286
vn -0.066 -0.956 -0.286
vn -0.066 -0.956 -0.286
vn -0.066 -0.956 -0.286
vn -0.066 -0.956 -0.286
vn -0.066 -0.956 -0.286
vn -0.066 -0.956 -0.286
vn -0.066 -0.956 -0.286
vn -0.066 -0.956 -0.286
vn -0.066 -0.956 -0.286
vn -0.066 -0.956 -0.286
vn -0.066 -0.956 -0.286
vn -0.066 -0.956 -0.286
vn -0.066 -0.956 -0.286
vn -0.066 -0.956 -0.286
vn -0.066 -0.956 -0.286
vn -0.066 -0.956 -0.286
vn -0.066 -0.956 -0.286
vn -0.066 -0.956 -0.286
vn -0.066 -0.956 -0.286
vn -0.066 -0.956 -0.286
vn -0.066 -0.956 -0.286
vn -0.066 -0.956 -0.286
vn -0.066 -0.956 -0.286
vn -0.066 -0.956 -0.286
vn -0.066 -0.956 -0.286
vn -0.066 -0.956 -0.286
vn -0.066 -0.956 -0.286
vn -0.066 -0.956 -0.286
vn -0.066 -0.956 -0.286
vn -0.066 -0.956 -0.286
vn -0.066 -0.956 -0.286
vn -0.066 -0.956 -0.286
vn -0.066 -0.956 -0.286
vn -0.066 -0.956 -0.286
vn -0.066 -0.956 -0.286
vn -0.066 -0.956 -0.286
vn -0.066 -0.956 -0.286
vn -0.066 -0.956 -0.286
vn -0.066 -0.956 -0.286
vn -0.066 -0.956 -0.286
vn 0.792 0.108 -0.601
vn 0.792 0.108 -0.601
vn 0.791 0.108 -0.602
vn 0.791 0.108 -0.602
vn 0.792 0.108 -0.601
vn 0.797 0.107 -0.595
vn 0.797 0.107 -0.595
vn 0.792 0.108 -0.601
vn 0.804 0.106 -0.585
vn 0.804 0.106 -0.585
vn 0.792 0.108 -0.601
vn 0.879 0.095 -0.467
vn 0.879 0.095 -0.466
vn 0.867 0.097 -0.488
vn 0.804 0.106 -0.585
vn 0.813 0.105 -0.573
vn 0.879 0.095 -0.467
vn 0.804 0.106 -0.585
vn -0.977 0.034 0.212
vn -0.993 0.042 0.112
vn -0.993 0.042 0.113
vn -0.982 0.036 0.183
vn -0.922 0.017 0.387
vn -0.956 0.026 0.291
vn -0.922 0.017 0.386
vn -0.997 0.047 0.061
vn -0.993 0.042 0.113
vn -0.993 0.042 0.112
vn -0.995 0.045 0.086
vn -0.997 0.047 0.061
vn -0.997 0.047 0.061
vn -0.997 0.047 0.061
vn -0.997 0.047 0.061
vn -0.997 0.047 0.061
vn -0.997 0.047 0.061
vn -0.997 0.047 0.061
vn -0.998 0.056 -0.034
vn -0.993 0.061 -0.096
vn -0.965 0.076 -0.253
vn -0.987 0.066 -0.144
vn -0.993 0.061 -0.096
vn -0.965 0.076 -0.251
vn -0.930 0.085 -0.357
vn -0.910 0.090 -0.405
vn -0.830 0.103 -0.548
vn -0.884 0.094 -0.457
vn -0.910 0.090 -0.405
vn -0.827 0.103 -0.552
vn -0.759 0.111 -0.641
vn -0.781 0.109 -0.615
vn -0.830 0.103 -0.548
vn -0.682 0.119 -0.722
vn -0.665 0.120 -0.737
vn -0.726 0.115 -0.678
vn -0.595 0.125 -0.794
vn -0.600 0.125 -0.790
vn -0.500 0.131 -0.856
vn -0.528 0.129 -0.839
vn -0.399 0.136 -0.907
vn -0.374 0.137 -0.917
vn -0.453 0.133 -0.882
vn -0.292 0.139 -0.946
vn -0.292 0.139 -0.946
vn -0.292 0.139 -0.946
vn -0.292 0.139 -0.946
vn -0.292 0.139 -0.946
vn -0.292 0.139 -0.946
vn -0.140 0.142 -0.980
vn -0.292 0.139 -0.946
vn -0.236 0.141 -0.962
vn -0.292 0.139 -0.946
vn -0.122 0.142 -0.982
vn -0.007 0.143 -0.990
vn 0.014 0.143 -0.990
vn -0.140 0.142 -0.980
vn 0.014 0.143 -0.990
vn 0.107 0.143 -0.984
vn 0.168 0.142 -0.976
vn 0.315 0.139 -0.939
vn 0.221 0.141 -0.965
vn 0.168 0.142 -0.976
vn 0.332 0.138 -0.933
vn 0.437 0.134 -0.890
vn 0.455 0.133 -0.881
vn 0.315 0.139 -0.939
vn 0.455 0.133 -0.881
vn 0.537 0.129 -0.834
vn 0.581 0.126 -0.804
vn 0.694 0.118 -0.710
vn 0.629 0.123 -0.768
vn 0.581 0.126 -0.804
vn 0.787 0.108 -0.608
vn 0.713 0.116 -0.692
vn 0.694 0.118 -0.710
vn 0.787 0.108 -0.608
vn 0.999 -0.053 0.006
vn 0.985 -0.067 0.162
vn 0.997 -0.046 -0.066
vn 0.997 -0.046 -0.066
vn 0.938 -0.083 0.336
vn 0.955 -0.079 0.287
vn 0.867 -0.097 0.488
vn 0.847 -0.100 0.522
vn 0.909 -0.090 0.407
vn 0.770 -0.110 0.628
vn 0.770 -0.110 0.628
vn 0.982 -0.068 0.173
vn 0.997 -0.046 -0.066
vn 0.997 -0.046 -0.066
vn 0.997 -0.046 -0.066
vn 0.997 -0.046 -0.066
vn 0.999 -0.053 0.002
vn 0.997 -0.046 -0.066
vn 0.965 -0.075 0.250
vn 0.972 -0.073 0.225
vn 0.949 -0.081 0.306
vn 0.908 -0.090 0.410
vn 0.888 -0.094 0.450
vn 0.823 -0.104 0.559
vn 0.752 -0.112 0.650
vn 0.752 -0.112 0.650
vn 0.997 -0.046 -0.066
vn 0.752 -0.112 0.650
vn 0.752 -0.112 0.650
vn 0.752 -0.112 0.650
vn 0.752 -0.112 0.650
vn 0.594 -0.125 0.795
vn 0.513 -0.130 0.848
vn 0.523 -0.130 0.842
vn 0.508 -0.130 0.851
vn 0.416 -0.135 0.899
vn 0.430 -0.134 0.893
vn 0.314 -0.139 0.939
vn 0.327 -0.138 0.935
vn 0.109 -0.143 0.984
vn 0.220 -0.141 0.965
vn 0.208 -0.141 0.968
vn -0.002 -0.143 0.990
vn 0.099 -0.143 0.985
vn -0.113 -0.143 0.983
vn -0.011 -0.143 0.990
vn -0.223 -0.141 0.965
vn -0.121 -0.142 0.982
vn -0.431 -0.134 0.892
vn -0.329 -0.138 0.934
vn -0.335 -0.138 0.932
vn -0.527 -0.129 0.840
vn -0.436 -0.134 0.890
vn -0.695 -0.117 0.709
vn -0.617 -0.124 0.777
vn -0.621 -0.123 0.774
vn -0.702 -0.117 0.703
vn -0.532 -0.129 0.837
vn -0.230 -0.141 0.963
vn 0.594 -0.125 0.795
vn 0.594 -0.125 0.795
vn -0.917 -0.088 0.388
vn -0.833 -0.103 0.544
vn -0.905 -0.091 0.417
vn -0.920 -0.088 0.383
vn -0.725 -0.115 0.679
vn -0.695 -0.117 0.709
vn -0.702 -0.117 0.703
vn -0.809 -0.106 0.578
vn -0.920 -0.088 0.382
vn -0.856 -0.099 0.507
vn -0.917 -0.088 0.388
vn -0.920 -0.088 0.382
vn -0.847 -0.100 0.522
vn -0.847 -0.100 0.522
vn 0.901 -0.091 0.424
vn 0.913 -0.089 0.399
vn 0.770 -0.110 0.628
vn 0.976 -0.071 0.206
vn 0.969 -0.074 0.237
vn 0.998 -0.050 -0.026
vn 0.996 -0.059 0.069
vn 0.984 -0.037 -0.175
vn 0.997 -0.046 -0.066
vn 0.984 -0.037 -0.175
vn 0.984 -0.037 -0.175
vn 0.770 -0.110 0.628
vn 0.950 0.080 -0.303
vn 0.944 0.082 -0.318
vn 0.944 0.082 -0.318
vn 0.970 0.074 -0.231
vn 0.970 0.074 -0.231
vn 0.945 0.082 -0.317
vn 0.970 0.074 -0.230
vn 0.970 0.074 -0.231
vn 0.970 0.074 -0.231
vn 0.928 0.086 -0.364
vn 0.928 0.086 -0.364
vn 0.989 -0.039 -0.144
vn 0.972 -0.031 -0.232
vn 0.989 -0.039 -0.145
vn 0.975 -0.033 -0.219
vn 0.989 -0.039 -0.145
vn 0.989 -0.039 -0.144
vn 0.989 -0.039 -0.145
vn 0.972 -0.031 -0.231
vn 0.972 -0.031 -0.232
vn 0.970 0.074 -0.231
vn 0.970 0.074 -0.230
vn 0.928 0.086 -0.364
vn 0.970 0.074 -0.231
vn 0.970 0.074 -0.231
vn 0.928 0.086 -0.364
vn 0.928 0.086 -0.364
vn 0.928 0.086 -0.364
vn 0.928 0.086 -0.364
vn 0.928 0.086 -0.364
vn 0.928 0.086 -0.364
vn 0.928 0.086 -0.364
vn 0.928 0.086 -0.364
vn 0.928 0.086 -0.364
vn 0.928 0.086 -0.364
vn 0.928 0.086 -0.364
vn 0.928 0.086 -0.364
vn 0.959 -0.027 -0.281
vn 0.959 -0.027 -0.281
vn 0.989 -0.039 -0.145
vn 0.959 -0.027 -0.281
vn 0.959 -0.027 -0.281
vn 0.989 -0.039 -0.144
vn 0.989 -0.039 -0.145
vn 0.928 0.086 -0.363
vn 0.928 0.086 -0.364
vn 0.928 0.086 -0.364
vn 0.928 0.086 -0.364
vn 0.928 0.086 -0.364
vn 0.928 0.086 -0.364
vn 0.928 0.086 -0.364
vn 0.928 0.086 -0.364
vn 0.928 0.086 -0.363
vn 0.959 -0.027 -0.281
vn 0.959 -0.027 -0.281
vn 0.959 -0.027 -0.281
vn 0.959 -0.027 -0.281
vn 0.959 -0.027 -0.281
vn 0.959 -0.027 -0.281
vn 0.959 -0.027 -0.281
vn 0.959 -0.027 -0.281
vn 0.956 -0.026 -0.292
vn 0.959 -0.027 -0.281
vn 0.953 -0.025 -0.303
vn 0.956 -0.026 -0.292
vn 0.953 -0.025 -0.303
vn 0.959 -0.027 -0.281
vn 0.959 -0.027 -0.281
vn 0.953 -0.025 -0.303
vn 0.953 -0.025 -0.303
vn 0.959 -0.027 -0.281
vn 0.953 0.079 -0.294
vn 0.937 0.084 -0.340
vn 0.941 0.083 -0.329
vn 0.945 0.082 -0.318
vn 0.928 0.086 -0.363
vn 0.928 0.086 -0.363
vn 0.949 0.081 -0.306
vn 0.953 0.079 -0.294
vn 0.953 -0.025 -0.303
vn 0.953 -0.025 -0.303
vn 0.953 -0.025 -0.303
vn 0.953 -0.025 -0.303
vn 0.953 -0.025 -0.303
vn 0.953 -0.025 -0.303
vn 0.953 -0.025 -0.303
vn 0.953 -0.025 -0.303
vn 0.953 -0.025 -0.303
vn 0.953 0.079 -0.294
vn 0.953 0.079 -0.294
vn 0.953 0.079 -0.294
vn 0.953 0.079 -0.294
vn 0.953 0.079 -0.294
vn 0.725 0.620 -0.299
vn 0.744 0.608 -0.277
vn 0.698 0.676 -0.234
vn 0.641 0.731 -0.235
vn 0.642 0.718 -0.270
vn 0.634 0.737 -0.234
vn 0.593 0.772 -0.231
vn 0.712 0.628 -0.314
vn 0.726 0.607 -0.322
vn 0.727 0.606 -0.322
vn 0.766 0.552 -0.330
vn 0.801 0.514 -0.307
vn 0.808 0.494 -0.321
vn 0.851 0.433 -0.297
vn 0.854 0.429 -0.294
vn 0.846 0.443 -0.296
vn 0.860 0.420 -0.290
vn 0.803 0.538 -0.255
vn 0.789 0.565 -0.242
vn 0.809 0.526 -0.263
vn 0.766 0.598 -0.234
vn 0.736 0.636 -0.233
vn 0.931 0.086 -0.355
vn 0.953 0.079 -0.294
vn 0.953 0.079 -0.294
vn 0.906 0.092 -0.413
vn 0.877 0.097 -0.471
vn 0.816 0.106 -0.569
vn 0.799 0.108 -0.592
vn 0.698 0.117 -0.706
vn 0.695 0.118 -0.710
vn 0.953 0.079 -0.294
vn 0.906 -0.015 -0.422
vn 0.904 -0.015 -0.427
vn 0.850 -0.006 -0.526
vn 0.953 -0.025 -0.303
vn 0.953 -0.025 -0.303
vn 0.888 -0.012 -0.459
vn 0.941 -0.022 -0.338
vn 0.790 0.002 -0.613
vn 0.693 0.013 -0.721
vn 0.698 0.013 -0.716
vn 0.816 -0.001 -0.579
vn 0.691 0.014 -0.723
vn 0.953 -0.025 -0.303
vn -0.847 -0.100 0.522
vn -0.847 -0.100 0.522
vn -0.897 -0.092 0.433
vn -0.892 -0.093 0.443
vn -0.897 -0.092 0.433
vn -0.897 -0.092 0.433
vn -0.897 -0.092 0.433
vn -0.931 0.019 0.363
vn -0.897 0.012 0.443
vn -0.922 0.017 0.386
vn -0.922 0.017 0.387
vn -0.891 0.011 0.454
vn -0.946 0.023 0.323
vn -0.963 0.028 0.267
vn -0.926 0.018 0.378
vn -0.963 0.028 0.267
vn -0.911 -0.089 0.403
vn -0.903 -0.091 0.421
vn -0.942 -0.082 0.327
vn -0.856 -0.099 0.508
vn -0.856 -0.099 0.508
vn -0.862 -0.098 0.497
vn -0.856 -0.099 0.508
vn -0.856 -0.099 0.508
vn -0.942 -0.082 0.327
vn -0.963 0.028 0.268
vn -0.963 0.028 0.268
vn -0.963 0.028 0.268
vn -0.963 0.028 0.267
vn -0.963 0.028 0.268
vn -0.963 0.028 0.267
vn -0.963 0.028 0.267
vn -0.963 0.028 0.268
vn -0.942 -0.082 0.326
vn -0.942 -0.082 0.326
vn -0.942 -0.082 0.326
vn -0.942 -0.082 0.326
vn -0.942 -0.082 0.327
vn -0.942 -0.082 0.327
vn -0.958 0.026 0.285
vn -0.958 0.026 0.285
vn -0.958 0.026 0.285
vn -0.958 0.026 0.285
vn -0.958 0.026 0.285
vn -0.958 -0.078 0.275
vn -0.958 -0.078 0.275
vn -0.958 -0.078 0.275
vn -0.958 -0.078 0.275
vn -0.958 -0.078 0.275
vn -0.958 -0.078 0.275
vn -0.958 -0.078 0.275
vn -0.958 -0.078 0.275
vn -0.993 -0.063 0.098
vn -0.983 -0.069 0.168
vn -0.958 -0.078 0.275
vn -0.997 -0.059 0.056
vn -0.997 -0.059 0.052
vn -0.997 -0.048 -0.056
vn -0.999 -0.054 0.000
vn -0.985 -0.037 -0.167
vn -0.985 -0.037 -0.171
vn -0.984 -0.037 -0.175
vn 0.000 -1.000 0.000
vn 0.000 -1.000 0.000
vn 0.000 -1.000 0.000
vn 0.000 -1.000 0.000
vn 0.000 -1.000 0.000
vn 0.000 -1.000 0.000
vn 0.000 -1.000 0.000
vn 0.000 -1.000 0.000
vn 0.000 -1.000 0.000
vn 0.000 -1.000 0.000
vn 0.000 -1.000 0.000
vn 0.000 -1.000 0.000
vn 0.000 -1.000 0.000
vn 0.000 -1.000 0.000
vn 0.000 -1.000 0.000
vn 0.000 -1.000 0.000
vn 0.000 -1.000 0.000
vn 0.000 -1.000 0.000
vn 0.000 -1.000 0.000
vn 0.000 -1.000 0.000
vn 0.000 -1.000 0.000
vn 0.000 -1.000 0.000
vn 0.000 -1.000 0.000
vn 0.000 -1.000 0.000
vn 0.000 -1.000 0.000
vn 0.000 -1.000 0.000
vn 0.000 -1.000 0.000
vn 0.000 -1.000 0.000
vn 0.000 -1.000 0.000
vn 0.000 -1.000 0.000
vn 0.000 -1.000 0.000
vn 0.000 -1.000 0.000
vn 0.000 -1.000 0.000
vn 0.000 -1.000 0.000
vn 0.000 -1.000 0.000
vn 0.000 -1.000 0.000
vn 0.000 -1.000 0.000
vn 0.000 -1.000 0.000
vn 0.000 -1.000 0.000
vn 0.000 -1.000 0.000
vn 0.000 -1.000 0.000
vn 0.000 -1.000 0.000
vn 0.000 -1.000 0.000
vn 0.000 -1.000 0.000
vn 0.000 -1.000 0.000
vn 0.000 -1.000 0.000
vn 0.000 -1.000 0.000
vn 0.000 -1.000 0.000
vn 0.000 -1.000 0.000
vn 0.000 -1.000 0.000
vn 0.000 -1.000 0.000
vn 0.000 -1.000 0.000
vn 0.000 -1.000 0.000
vn 0.000 -1.000 0.000
vn 0.000 -1.000 0.000
vn 0.000 -1.000 0.000
vn 0.000 -1.000 0.000
vn 0.000 -1.000 0.000
vn 0.000 -1.000 0.000
vn 0.000 -1.000 0.000
vn 0.000 -1.000 0.000
vn 0.000 -1.000 0.000
vn 0.000 -1.000 0.000
vn 0.000 -1.000 0.000
vn 0.000 -1.000 0.000
vn 0.000 -1.000 0.000
vn 0.000 -1.000 0.000
vn 0.000 -1.000 0.000
vn 0.000 -1.000 0.000
vn 0.000 -1.000 0.000
vn 0.000 -1.000 0.000
vn 0.000 -1.000 0.000
vn 0.000 -1.000 0.000
vn 0.000 -1.000 0.000
vn 0.000 -1.000 0.000
vn 0.000 -1.000 0.000
vn 0.000 -1.000 0.000
vn 0.000 -1.000 0.000
vn 0.000 -1.000 0.000
vn 0.000 -1.000 0.000
vn 0.000 -1.000 0.000
vn 0.000 -1.000 0.000
vn -0.998 0.052 0.016
vn -0.984 0.068 -0.164
vn -0.985 0.067 -0.158
vn -0.985 0.067 -0.158
vn -0.997 0.058 -0.046
vn -0.997 0.048 0.065
vn -0.993 0.044 0.108
vn -0.958 0.026 0.285
vn -0.958 0.026 0.285
vn -0.984 0.038 0.175
vn -0.958 0.026 0.285
vn 0.066 0.956 0.286
vn 0.066 0.956 0.286
vn 0.066 0.956 0.286
vn 0.066 0.956 0.286
vn 0.066 0.956 0.286
vn 0.066 0.956 0.286
vn 0.066 0.956 0.286
vn 0.066 0.956 0.286
vn 0.066 0.956 0.286
vn 0.066 0.956 0.286
vn 0.066 0.956 0.286
vn 0.066 0.956 0.286
vn 0.066 0.956 0.286
vn 0.066 0.956 0.286
vn 0.066 0.956 0.286
vn 0.066 0.956 0.286
vn 0.066 0.956 0.286
vn 0.066 0.956 0.286
vn 0.066 0.956 0.286
vn 0.066 0.956 0.286
vn 0.066 0.956 0.286
vn 0.066 0.956 0.286
vn 0.066 0.956 0.286
vn 0.066 0.956 0.286
vn 0.066 0.956 0.286
vn 0.066 0.956 0.286
vn 0.066 0.956 0.286
vn 0.066 0.956 0.286
vn 0.066 0.956 0.286
vn 0.066 0.956 0.286
vn 0.066 0.956 0.286
vn 0.066 0.956 0.286
vn 0.066 0.956 0.286
vn 0.066 0.956 0.286
vn 0.066 0.956 0.286
vn 0.066 0.956 0.286
vn 0.066 0.956 0.286
vn 0.066 0.956 0.286
vn 0.066 0.956 0.286
vn 0.066 0.956 0.286
vn 0.066 0.956 0.286
vn 0.066 0.956 0.286
vn 0.066 0.956 0.286
vn 0.066 0.956 0.286
vn 0.066 0.956 0.286
vn 0.066 0.956 0.286
vn 0.066 0.956 0.286
vn 0.066 0.956 0.286
vn 0.066 0.956 0.286
vn 0.066 0.956 0.286
vn 0.066 0.956 0.286
vn 0.066 0.956 0.286
vn 0.066 0.956 0.286
vn 0.066 0.956 0.286
vn 0.066 0.956 0.286
vn 0.066 0.956 0.286
vn 0.066 0.956 0.286
vn 0.066 0.956 0.286
vn 0.066 0.956 0.286
vn 0.066 0.956 0.286
vn 0.066 0.956 0.286
vn -0.292 0.139 -0.946
vn -0.292 0.139 -0.946
vn -0.292 0.139 -0.946
vn -0.292 0.139 -0.946
vn -0.292 0.035 -0.956
vn -0.292 0.035 -0.956
vn -0.292 0.035 -0.956
vn -0.292 0.035 -0.956
vn -0.292 0.035 -0.956
vn -0.206 0.037 -0.978
vn -0.292 0.035 -0.956
vn -0.270 0.036 -0.962
vn -0.292 0.035 -0.956
vn -0.100 0.038 -0.994
vn -0.187 0.037 -0.982
vn 0.072 0.039 -0.997
vn 0.116 0.038 -0.993
vn 0.008 0.039 -0.999
vn 0.154 0.038 -0.987
vn 0.222 0.037 -0.974
vn 0.240 0.036 -0.970
vn 0.243 0.036 -0.969
vn 0.214 0.037 -0.976
vn 0.325 0.034 -0.945
vn 0.266 0.036 -0.963
vn 0.307 0.035 -0.951
vn 0.337 0.034 -0.941
vn 0.461 0.029 -0.887
vn 0.352 0.033 -0.935
vn 0.360 0.033 -0.932
vn 0.426 0.030 -0.904
vn 0.335 0.034 -0.942
vn 0.347 0.033 -0.937
vn 0.552 0.024 -0.834
vn 0.631 0.018 -0.775
vn 0.609 0.020 -0.793
vn 0.698 0.013 -0.716
vn 0.691 0.014 -0.723
vn 0.520 0.026 -0.854
vn 0.360 0.033 -0.932
vn -0.014 0.039 -0.999
vn -0.101 0.038 -0.994
vn -0.189 0.142 -0.972
vn -0.189 0.142 -0.972
vn -0.292 0.139 -0.946
vn -0.084 0.143 -0.986
vn -0.082 0.143 -0.986
vn 0.024 0.143 -0.989
vn 0.131 0.142 -0.981
vn 0.112 0.143 -0.983
vn 0.186 0.142 -0.972
vn 0.131 0.142 -0.981
vn 0.235 0.141 -0.962
vn 0.236 0.141 -0.962
vn 0.261 0.140 -0.955
vn 0.279 0.140 -0.950
vn 0.338 0.138 -0.931
vn 0.311 0.139 -0.940
vn 0.336 0.138 -0.932
vn 0.631 0.123 -0.766
vn 0.647 0.122 -0.753
vn 0.695 0.118 -0.710
vn 0.552 0.128 -0.824
vn 0.563 0.127 -0.816
vn 0.552 0.128 -0.824
vn 0.461 0.133 -0.878
vn 0.476 0.132 -0.869
vn 0.437 0.134 -0.890
vn 0.352 0.137 -0.926
vn 0.358 0.137 -0.924
vn 0.360 0.137 -0.923
vn 0.360 0.137 -0.923
vn 0.359 0.137 -0.923
vn 0.698 0.117 -0.706
vn 0.023 0.143 -0.989
vn -0.292 0.139 -0.946
vn 0.955 -0.045 -0.293
vn 0.939 -0.187 -0.288
vn 0.946 -0.144 -0.291
vn 0.956 0.005 -0.294
vn 0.956 -0.012 -0.294
vn 0.956 -0.011 -0.294
vn 0.929 -0.235 -0.285
vn 0.929 -0.235 -0.285
vn 0.904 -0.327 -0.277
vn 0.915 -0.290 -0.281
vn 0.847 -0.464 -0.260
vn 0.863 -0.430 -0.265
vn 0.846 -0.466 -0.259
vn 0.763 -0.602 -0.234
vn 0.711 -0.669 -0.217
vn 0.789 -0.564 -0.242
vn 0.718 -0.661 -0.220
vn 0.711 -0.669 -0.217
vn 0.656 -0.727 -0.201
vn 0.532 -0.831 -0.162
vn 0.591 -0.787 -0.180
vn 0.706 -0.675 -0.216
vn 0.532 -0.831 -0.162
vn 0.070 0.997 -0.021
vn 0.280 0.957 -0.083
vn 0.406 0.906 -0.121
vn 0.209 0.976 -0.062
vn 0.000 1.000 0.000
vn 0.000 1.000 0.000
vn 0.588 0.790 -0.175
vn 0.470 0.871 -0.140
vn 0.634 0.750 -0.188
vn 0.650 0.735 -0.193
vn 0.742 0.634 -0.221
vn 0.756 0.615 -0.225
vn 0.854 0.453 -0.254
vn 0.877 0.403 -0.261
vn 0.854 0.454 -0.254
vn 0.922 0.273 -0.274
vn 0.922 0.274 -0.274
vn 0.956 0.079 -0.284
vn 0.956 0.079 -0.284
vn 0.956 0.079 -0.284
vn 0.956 0.079 -0.284
vn 0.956 0.079 -0.284
vn 0.956 0.079 -0.284
vn 0.956 0.079 -0.284
vn 0.956 0.079 -0.284
vn 0.000 1.000 0.000
vn 0.000 1.000 0.000
vn 0.000 1.000 0.000
vn 0.000 1.000 0.000
vn 0.000 1.000 0.000
vn 0.000 1.000 0.000
vn 0.000 1.000 0.000
vn 0.000 1.000 0.000
vn 0.000 1.000 0.000
vn 0.000 1.000 0.000
vn 0.000 1.000 0.000
vn 0.000 1.000 0.000
vn 0.000 1.000 0.000
vn 0.000 1.000 0.000
vn 0.000 1.000 0.000
vn 0.000 1.000 0.000
vn 0.438 -0.889 -0.134
vn 0.336 -0.936 -0.103
vn 0.396 -0.910 -0.121
vn 0.532 -0.831 -0.162
vn 0.491 -0.858 -0.150
vn 0.532 -0.831 -0.162
vn 0.298 -0.950 -0.091
vn 0.232 -0.970 -0.071
vn 0.196 -0.979 -0.060
vn 0.020 -1.000 -0.006
vn -0.002 -1.000 0.000
vn 0.091 -0.995 -0.028
vn 0.126 -0.991 -0.038
vn 0.136 -0.990 -0.041
vn -0.229 -0.971 0.070
vn -0.122 -0.992 0.037
vn -0.129 -0.991 0.039
vn -0.014 -1.000 0.004
vn -0.026 -1.000 0.008
vn -0.009 -1.000 0.003
vn -0.017 -1.000 0.005
vn -0.427 -0.895 0.130
vn -0.439 -0.889 0.134
vn -0.375 -0.920 0.114
vn -0.330 -0.939 0.101
vn -0.336 -0.936 0.102
vn -0.230 -0.971 0.070
vn -0.534 -0.830 0.163
vn -0.519 -0.840 0.158
vn -0.535 -0.829 0.163
vn 0.181 0.000 -0.983
vn 0.308 0.000 -0.952
vn 0.284 0.000 -0.959
vn 0.250 0.000 -0.968
vn 0.314 0.000 -0.949
vn 0.323 0.000 -0.946
vn 0.327 0.000 -0.945
vn 0.322 0.000 -0.947
vn 0.215 0.000 -0.977
vn 0.271 0.000 -0.963
vn 0.300 0.000 -0.954
vn 0.311 0.000 -0.950
vn 0.320 0.000 -0.947
vn 0.242 0.000 -0.970
vn 0.265 0.000 -0.964
vn 0.294 0.000 -0.956
vn 0.226 0.000 -0.974
vn 0.021 0.000 -1.000
vn 0.136 0.000 -0.991
vn 0.103 0.000 -0.995
vn 0.133 0.000 -0.991
vn 0.213 0.000 -0.977
vn 0.162 0.000 -0.987
vn 0.083 0.000 -0.997
vn -0.168 0.000 -0.986
vn 0.029 0.000 -1.000
vn -0.047 0.000 -0.999
vn -0.124 0.000 -0.992
vn -0.351 0.000 -0.936
vn -0.267 0.000 -0.964
vn -0.276 0.000 -0.961
vn -0.200 0.000 -0.980
vn -0.168 0.000 -0.986
vn -0.496 0.000 -0.868
vn -0.522 0.000 -0.853
vn -0.352 0.000 -0.936
vn -0.425 0.000 -0.905
vn -0.714 0.000 -0.700
vn -0.756 0.000 -0.654
vn -0.752 0.000 -0.659
vn -0.741 0.000 -0.671
vn -0.724 0.000 -0.690
vn -0.700 0.000 -0.714
vn -0.669 0.000 -0.743
vn -0.757 0.000 -0.653
vn -0.755 0.000 -0.655
vn -0.758 0.000 -0.652
vn -0.745 0.000 -0.668
vn -0.738 0.000 -0.675
vn -0.672 0.000 -0.740
vn -0.698 0.000 -0.716
vn -0.726 0.000 -0.688
vn -0.664 0.000 -0.748
vn -0.521 0.000 -0.853
vn -0.563 0.000 -0.827
vn -0.633 0.000 -0.774
vn -0.593 0.000 -0.805
vn -0.643 0.000 -0.766
vn -0.623 0.000 -0.782
vn -0.581 0.000 -0.814
vn -0.956 0.026 0.294
vn -0.956 0.026 0.294
vn -0.956 0.026 0.294
vn -0.956 0.026 0.294
vn -0.956 0.026 0.294
vn -0.956 0.026 0.294
vn -0.930 0.229 0.286
vn -0.956 0.026 0.294
vn -0.954 0.061 0.293
vn -0.956 0.026 0.294
vn -0.852 0.454 0.262
vn -0.870 0.414 0.267
vn -0.923 0.261 0.284
vn -0.741 0.632 0.228
vn -0.771 0.591 0.237
vn -0.667 0.717 0.205
vn -0.636 0.746 0.196
vn -0.410 0.903 0.126
vn -0.467 0.872 0.144
vn -0.592 0.785 0.182
vn -0.326 0.940 0.100
vn -0.272 0.959 0.084
vn -0.210 0.975 0.065
vn 0.000 1.000 0.000
vn 0.000 1.000 0.000
vn -0.061 0.998 0.019
vn -0.765 -0.601 0.230
vn -0.763 -0.604 0.230
vn -0.815 -0.524 0.245
vn -0.685 -0.699 0.207
vn -0.659 -0.726 0.199
vn -0.534 -0.830 0.163
vn -0.535 -0.829 0.163
vn -0.624 -0.758 0.189
vn -0.684 -0.699 0.207
vn -0.821 -0.514 0.247
vn -0.892 -0.366 0.267
vn -0.887 -0.377 0.265
vn -0.912 -0.306 0.272
vn -0.932 -0.234 0.278
vn -0.947 -0.154 0.282
vn -0.955 -0.085 0.284
vn -0.956 -0.072 0.284
vn -0.734 -0.642 0.221
vn -0.851 -0.459 0.255
vn -0.292 0.035 -0.956
vn -0.394 0.032 -0.919
vn -0.371 0.032 -0.928
vn -0.490 0.027 -0.871
vn -0.445 0.029 -0.895
vn -0.515 0.026 -0.857
vn -0.665 0.016 -0.747
vn -0.642 0.018 -0.767
vn -0.582 0.022 -0.813
vn -0.652 0.017 -0.758
vn -0.741 0.009 -0.672
vn -0.682 0.014 -0.731
vn -0.718 0.011 -0.696
vn -0.808 0.001 -0.590
vn -0.745 0.009 -0.667
vn -0.764 0.007 -0.645
vn -0.776 0.005 -0.631
vn -0.781 0.005 -0.625
vn -0.781 0.005 -0.625
vn -0.817 0.000 -0.577
vn -0.832 -0.002 -0.554
vn -0.817 0.000 -0.576
vn -0.867 -0.007 -0.498
vn -0.892 -0.011 -0.452
vn -0.892 -0.011 -0.452
vn -0.888 -0.010 -0.460
vn -0.931 -0.019 -0.365
vn -0.930 -0.019 -0.366
vn -0.932 -0.019 -0.362
vn -0.935 -0.020 -0.355
vn -0.941 -0.022 -0.337
vn -0.938 -0.021 -0.345
vn -0.914 -0.016 -0.405
vn -0.949 -0.024 -0.315
vn -0.949 -0.024 -0.313
vn -0.947 -0.023 -0.320
vn -0.977 -0.033 -0.209
vn -0.956 -0.026 -0.293
vn -0.952 -0.025 -0.305
vn -0.957 -0.026 -0.288
vn -0.962 -0.028 -0.271
vn -0.965 -0.029 -0.259
vn -0.967 -0.029 -0.255
vn -0.985 -0.037 -0.171
vn -0.985 -0.037 -0.167
vn -0.985 -0.037 -0.167
vn -0.984 -0.037 -0.175
vn -0.930 -0.019 -0.367
vn -0.581 0.022 -0.814
vn -0.292 0.035 -0.956
vn -0.984 0.068 -0.164
vn -0.967 0.075 -0.245
vn -0.967 0.075 -0.245
vn -0.965 0.076 -0.252
vn -0.961 0.077 -0.266
vn -0.953 0.079 -0.292
vn -0.949 0.080 -0.305
vn -0.946 0.081 -0.315
vn -0.960 0.077 -0.269
vn -0.928 0.086 -0.362
vn -0.944 0.082 -0.319
vn -0.938 0.083 -0.337
vn -0.892 0.093 -0.442
vn -0.932 0.085 -0.352
vn -0.936 0.084 -0.342
vn -0.930 0.085 -0.357
vn -0.884 0.095 -0.458
vn -0.888 0.094 -0.451
vn -0.832 0.102 -0.545
vn -0.827 0.103 -0.552
vn -0.817 0.104 -0.566
vn -0.292 0.139 -0.946
vn -0.292 0.139 -0.946
vn -0.315 0.139 -0.939
vn -0.327 0.138 -0.935
vn -0.409 0.135 -0.902
vn -0.426 0.134 -0.895
vn -0.504 0.131 -0.854
vn -0.521 0.130 -0.843
vn -0.593 0.125 -0.795
vn -0.609 0.124 -0.784
vn -0.636 0.122 -0.762
vn -0.689 0.118 -0.715
vn -0.764 0.111 -0.635
vn -0.676 0.119 -0.727
vn -0.711 0.116 -0.693
vn -0.726 0.115 -0.679
vn -0.739 0.113 -0.664
vn -0.760 0.111 -0.640
vn -0.779 0.109 -0.618
vn -0.779 0.109 -0.618
vn -0.773 0.110 -0.625
vn -0.781 0.109 -0.616
vn -0.967 0.075 -0.245
vn -0.985 0.067 -0.158
vn -0.572 0.001 0.820
vn -0.501 0.421 0.756
vn -0.526 0.330 0.784
vn -0.572 0.000 0.820
vn -0.572 0.000 0.820
vn -0.333 0.768 0.548
vn -0.354 0.737 0.575
vn -0.098 0.968 0.230
vn 0.181 0.968 -0.171
vn -0.098 0.968 0.229
vn 0.140 0.984 -0.110
vn 0.418 0.737 -0.531
vn 0.365 0.816 -0.448
vn 0.181 0.968 -0.171
vn 0.417 0.738 -0.531
vn 0.519 0.491 -0.699
vn 0.574 0.075 -0.816
vn 0.572 0.000 -0.820
vn 0.554 0.330 -0.764
vn 0.572 0.000 -0.820
vn 0.526 -0.330 -0.784
vn 0.572 0.000 -0.820
vn 0.563 -0.121 -0.818
vn 0.572 0.000 -0.820
vn 0.526 -0.331 -0.784
vn 0.460 -0.535 -0.708
vn 0.354 -0.737 -0.575
vn 0.354 -0.738 -0.575
vn 0.267 -0.846 -0.461
vn 0.098 -0.968 -0.229
vn -0.181 -0.968 0.171
vn 0.098 -0.968 -0.229
vn 0.021 -0.992 -0.122
vn -0.418 -0.737 0.531
vn -0.181 -0.968 0.171
vn -0.229 -0.943 0.241
vn -0.554 -0.330 0.764
vn -0.408 -0.753 0.516
vn -0.574 -0.075 0.816
vn -0.572 0.000 0.820
vn -0.530 -0.450 0.719
vn -0.572 0.000 0.820
vn -0.819 0.052 -0.571
vn -0.819 0.052 -0.571
vn -0.819 0.052 -0.571
vn -0.819 0.052 -0.571
vn -0.819 0.052 -0.571
vn -0.819 0.052 -0.571
vn -0.819 0.052 -0.571
vn -0.819 0.052 -0.571
vn -0.819 0.052 -0.571
vn -0.819 0.052 -0.571
vn -0.819 0.052 -0.571
vn -0.819 0.052 -0.571
vn -0.819 0.052 -0.571
vn -0.819 0.052 -0.571
vn 0.000 0.998 0.067
vn 0.000 0.998 0.067
vn 0.000 0.998 0.067
vn 0.000 0.998 0.067
vn 0.000 0.998 0.067
vn 0.000 0.998 0.067
vn 0.000 0.998 0.067
vn 0.000 0.998 0.067
vn 0.000 0.998 0.067
vn 0.000 0.998 0.067
vn 0.000 0.998 0.067
vn 0.000 0.998 0.067
vn 0.000 0.998 0.067
vn 0.000 0.998 0.067
vn 0.000 0.998 0.067
vn 0.000 0.998 0.067
vn 0.000 0.998 0.067
vn 0.000 0.998 0.067
vn 0.000 0.998 0.067
vn 0.000 0.998 0.067
vn 0.000 0.998 0.067
vn 0.000 0.998 0.067
vn 0.000 0.998 0.067
vn 0.000 0.998 0.067
vn 0.000 0.998 0.067
vn 0.000 0.998 0.067
vn 0.000 0.998 0.067
vn 0.000 0.998 0.067
vn 0.000 0.998 0.067
vn 0.000 0.998 0.067
vn 0.000 0.998 0.067
vn 0.000 0.998 0.067
vn 0.000 0.998 0.067
vn 0.000 0.998 0.067
vn 0.000 0.998 0.067
vn 0.000 0.998 0.067
vn 0.000 0.998 0.067
vn 0.000 0.998 0.067
vn 0.000 0.998 0.067
vn 0.000 0.998 0.067
vn 0.000 0.998 0.067
vn 0.000 0.998 0.067
vn 0.000 0.998 0.067
vn 0.000 0.998 0.067
vn 0.000 0.998 0.067
vn 0.000 0.998 0.067
vn 0.000 0.998 0.067
vn 0.000 0.998 0.067
vn 0.000 0.998 0.067
vn 0.000 0.998 0.067
vn 0.000 0.998 0.067
vn -0.783 0.000 -0.622
vn -0.783 0.000 -0.622
vn -0.696 0.000 -0.718
vn -0.694 0.000 -0.720
vn -0.757 0.000 -0.653
vn -0.672 0.000 -0.741
vn -0.853 0.000 -0.522
vn -0.853 0.000 -0.522
vn 0.000 0.998 0.067
vn 0.000 0.998 0.067
vn 0.000 0.998 0.067
vn 0.000 0.998 0.067
vn 0.000 0.998 0.067
vn 0.000 0.998 0.067
vn 0.000 0.998 0.067
vn 0.000 0.998 0.067
vn 0.000 0.998 0.067
vn 0.000 0.998 0.067
vn 0.000 0.998 0.067
vn 0.000 0.998 0.067
vn 0.000 0.998 0.067
vn 0.000 0.998 0.067
vn 0.000 0.998 0.067
vn 0.000 0.998 0.067
vn 0.000 0.998 0.067
vn 0.000 0.998 0.067
vn 0.000 0.998 0.067
vn 0.000 0.998 0.067
vn 0.000 0.998 0.067
vn 0.000 0.998 0.067
vn 0.000 0.998 0.067
vn 0.000 0.998 0.067
vn 0.000 0.998 0.067
vn 0.000 0.998 0.067
vn 0.000 0.998 0.067
vn 0.000 0.998 0.067
vn 0.000 0.998 0.067
vn 0.000 0.998 0.067
vn 0.000 0.998 0.067
vn 0.000 0.998 0.067
vn 0.000 0.998 0.067
vn 0.000 0.998 0.067
vn 0.000 0.998 0.067
vn -1.000 0.000 -0.022
vn -1.000 0.000 -0.022
vn -0.978 0.000 -0.208
vn -0.797 0.000 -0.603
vn -0.797 0.000 -0.603
vn -0.875 0.000 -0.483
vn -0.465 0.000 0.885
vn -0.019 0.000 1.000
vn -0.132 0.000 0.991
vn -0.019 0.000 1.000
vn -0.794 0.000 0.608
vn -0.567 0.000 0.824
vn -0.436 0.000 0.900
vn -0.797 0.000 0.604
vn -0.869 0.000 0.495
vn -1.000 0.000 0.020
vn -1.000 0.000 0.020
vn -0.979 0.000 0.201
vn 0.843 0.000 0.538
vn 0.993 0.000 0.118
vn 0.991 0.000 0.132
vn 0.993 0.000 0.118
vn 0.499 0.000 0.867
vn 0.522 0.000 0.853
vn 0.013 0.000 1.000
vn 0.013 0.000 1.000
vn 0.108 0.000 0.994
vn 0.840 0.000 0.543
vn 0.097 0.000 -0.995
vn 0.097 0.000 -0.995
vn 0.097 0.000 -0.995
vn 0.097 0.000 -0.995
vn -0.535 0.000 -0.845
vn -0.045 0.000 -0.999
vn -0.065 0.000 -0.998
vn -0.045 0.000 -0.999
vn -0.482 0.000 -0.876
vn -0.831 0.000 -0.556
vn -0.998 0.000 -0.066
vn -0.998 0.000 -0.066
vn -0.997 0.000 -0.080
vn -0.860 0.000 -0.510
vn 0.891 0.000 -0.453
vn 0.999 0.000 -0.036
vn 0.985 0.000 -0.171
vn 0.999 0.000 -0.036
vn 0.583 0.000 -0.813
vn 0.830 0.000 -0.558
vn 0.899 0.000 -0.437
vn 0.582 0.000 -0.813
vn 0.477 0.000 -0.879
vn 0.048 0.000 -0.999
vn 0.048 0.000 -0.999
vn 0.156 0.000 -0.988
vn 0.999 0.000 0.052
vn 0.857 0.000 0.516
vn 0.869 0.000 0.495
vn 0.999 0.000 0.052
vn 0.857 0.000 0.516
vn 0.815 0.000 0.580
vn 0.815 0.000 0.580
vn 0.695 0.000 0.719
vn 0.695 0.000 0.719
vn 0.830 0.000 0.558
vn 0.991 0.000 0.133
vn 0.987 0.000 0.161
vn 0.991 0.000 0.133
vn 0.693 0.000 0.721
vn 0.693 0.000 0.721
vn 0.831 0.000 0.557
vn 0.000 0.000 -1.000
vn 0.000 0.000 -1.000
vn 0.000 0.000 -1.000
vn 0.000 0.000 -1.000
vn -1.000 0.000 0.000
vn -1.000 0.000 0.000
vn -1.000 0.000 0.000
vn -1.000 0.000 0.000
vn 0.000 0.000 1.000
vn 0.000 0.000 1.000
vn 0.000 0.000 1.000
vn 0.000 0.000 1.000
vn 0.000 0.000 -1.000
vn 0.000 0.000 -1.000
vn 0.000 0.000 -1.000
vn 0.000 0.000 -1.000
vn -1.000 0.000 0.000
vn -1.000 0.000 0.000
vn -1.000 0.000 0.000
vn -1.000 0.000 0.000
vn 0.000 0.000 1.000
vn 0.000 0.000 1.000
vn 0.000 0.000 1.000
vn 0.000 0.000 1.000
vn 1.000 0.000 0.000
vn 1.000 0.000 0.000
vn 1.000 0.000 0.000
vn 1.000 0.000 0.000
vn 0.000 0.998 0.067
vn 0.000 0.998 0.067
vn 0.000 0.998 0.067
vn 0.000 0.998 0.067
vn 0.000 0.000 -1.000
vn 0.000 0.000 -1.000
vn 0.000 0.000 -1.000
vn 0.000 0.000 -1.000
vn 0.000 0.998 0.067
vn 0.000 0.998 0.067
vn 0.000 0.998 0.067
vn 0.000 0.998 0.067
vn 0.000 0.998 0.067
vn 0.000 0.998 0.067
vn 0.000 0.998 0.067
vn 0.000 0.998 0.067
vn 0.000 0.998 0.067
vn 0.000 0.998 0.067
vn 0.000 0.998 0.067
vn 0.000 0.998 0.067
vn 1.000 0.000 0.000
vn 1.000 0.000 0.000
vn 1.000 0.000 0.000
vn 1.000 0.000 0.000
vn 0.000 0.000 -1.000
vn 0.000 0.000 -1.000
vn 0.000 0.000 -1.000
vn 0.000 0.000 -1.000
vn -1.000 0.000 0.000
vn -1.000 0.000 0.000
vn -1.000 0.000 0.000
vn -1.000 0.000 0.000
vn 0.000 0.000 -1.000
vn 0.000 0.000 -1.000
vn 0.000 0.000 -1.000
vn 0.000 0.000 -1.000
vn -1.000 0.000 0.000
vn -1.000 0.000 0.000
vn -1.000 0.000 0.000
vn -1.000 0.000 0.000
vn 0.000 0.000 1.000
vn 0.000 0.000 1.000
vn 0.000 0.000 1.000
vn 0.000 0.000 1.000
vn -1.000 0.000 0.000
vn -1.000 0.000 0.000
vn -1.000 0.000 0.000
vn -1.000 0.000 0.000
vn 0.000 0.000 1.000
vn 0.000 0.000 1.000
vn 0.000 0.000 1.000
vn 0.000 0.000 1.000
vn 1.000 0.000 0.000
vn 1.000 0.000 0.000
vn 1.000 0.000 0.000
vn 1.000 0.000 0.000
vn 0.000 0.000 1.000
vn 0.000 0.000 1.000
vn 0.000 0.000 1.000
vn 0.000 0.000 1.000
vn 1.000 0.000 0.000
vn 1.000 0.000 0.000
vn 1.000 0.000 0.000
vn 1.000 0.000 0.000
vt -0.0160 0.0056 0
vt -0.0020 0.0169 0
vt -0.0080 0.0150 0
vt 0.0160 -0.0057 0
vt 0.0020 -0.0169 0
vt 0.0080 -0.0150 0
vt 0.0042 0.0165 0
vt -0.0042 -0.0165 0
vt 0.0099 0.0138 0
vt -0.0099 -0.0138 0
vt -0.0166 -0.0036 0
vt -0.0142 -0.0094 0
vt 0.0142 0.0094 0
vt 0.0166 0.0036 0
vt 0.0129 -0.0111 0
vt -0.0129 0.0111 0
vt 0.0170 0.0000 0
vt -0.0170 0.0000 0
vt 0.1595 3.1416 0
vt 0.1553 3.4542 0
vt 1.0000 3.3529 0
vt 1.0000 3.7246 0
vt 1.0000 4.0908 0
vt 0.1514 3.7764 0
vt 0.1485 4.0846 0
vt 0.1467 4.3731 0
vt 1.0000 4.4626 0
vt 0.1459 4.6907 0
vt 1.0000 4.8307 0
vt 1.0000 5.2028 0
vt 0.1466 5.0237 0
vt 0.1460 4.8307 0
vt 1.0000 5.5725 0
vt 0.1486 5.3564 0
vt 0.1475 5.2028 0
vt 0.1518 5.6805 0
vt 0.1560 6.0222 0
vt 1.0000 5.9446 0
vt 0.1595 6.2832 0
vt 1.0000 6.2832 0
vt 1.0000 3.1416 0
vt 1.0000 0.5830 0
vt 1.0000 0.2114 0
vt 0.1636 0.3127 0
vt 0.1675 0.6350 0
vt 0.1705 0.9432 0
vt 1.0000 0.9490 0
vt 0.1723 1.2332 0
vt 1.0000 1.3205 0
vt 0.1730 1.5509 0
vt 1.0000 1.6882 0
vt 0.1729 1.6882 0
vt 0.1724 1.8839 0
vt 1.0000 2.0599 0
vt 1.0000 2.4292 0
vt 0.1703 2.2166 0
vt 0.1714 2.0599 0
vt 0.1671 2.5406 0
vt 0.1629 2.8824 0
vt 1.0000 2.8010 0
vt 1.0000 3.1416 0
vt 0.1595 0.0000 0
vt 1.0000 0.0000 0
vt 0.1595 3.1416 0
vt -0.0056 -0.0167 0
vt -0.0509 -0.1038 0
vt -0.0452 -0.0865 0
vt -0.0086 -0.0154 0
vt -0.0413 -0.0685 0
vt -0.0393 -0.0502 0
vt 0.0205 0.0429 0
vt 0.0086 0.0168 0
vt 0.0056 0.0180 0
vt 0.0286 0.0382 0
vt 0.0109 0.0153 0
vt -0.0586 -0.1204 0
vt -0.0107 0.0154 0
vt -0.0829 0.0722 0
vt -0.0854 0.0750 0
vt 0.0152 0.0450 0
vt 0.0022 0.0188 0
vt -0.0021 -0.0175 0
vt -0.0110 -0.0139 0
vt -0.0736 0.0610 0
vt -0.0147 0.0115 0
vt -0.0633 0.0458 0
vt -0.0004 0.0189 0
vt -0.0061 0.0179 0
vt 0.0360 0.0317 0
vt 0.0150 0.0110 0
vt 0.0004 -0.0176 0
vt 0.0060 -0.0166 0
vt -0.0391 -0.0415 0
vt -0.0397 -0.0269 0
vt -0.0174 0.0063 0
vt -0.0480 0.0126 0
vt 0.0328 -0.0381 0
vt 0.0107 -0.0141 0
vt 0.0147 -0.0102 0
vt -0.0401 -0.0233 0
vt -0.0431 -0.0051 0
vt -0.0176 -0.0040 0
vt -0.0182 0.0007 0
vt -0.0532 0.0262 0
vt -0.0893 0.0789 0
vt 0.0417 0.0242 0
vt 0.0440 -0.0233 0
vt 0.0174 -0.0050 0
vt -0.0150 -0.0097 0
vt -0.0547 0.0296 0
vt 0.0486 0.0053 0
vt 0.0182 0.0007 0
vt 0.0176 0.0054 0
vt 0.0475 -0.0137 0
vt 0.0460 0.0153 0
vt 0.0490 -0.0046 0
vt 0.0396 -0.0306 0
vt 0.8373 2.3038 0
vt 0.8380 2.5108 0
vt 0.0000 2.4540 0
vt 0.8385 2.6834 0
vt 0.0000 2.6041 0
vt 0.8393 2.8930 0
vt 0.0000 2.9046 0
vt 0.0000 2.7544 0
vt 0.8401 3.0821 0
vt 0.0000 3.0549 0
vt 0.8409 3.2833 0
vt 0.0000 3.2052 0
vt 0.0000 3.4968 0
vt 0.8425 3.6963 0
vt 0.0000 3.6472 0
vt 0.8431 3.8898 0
vt 0.0000 3.7976 0
vt 0.8436 4.0899 0
vt 0.0000 4.0976 0
vt 0.0000 3.9476 0
vt 0.8440 4.2805 0
vt 0.0000 4.2479 0
vt 0.0000 4.3982 0
vt 0.8442 4.3982 0
vt 0.8418 3.4951 0
vt 0.0000 2.3038 0
vt 0.0005 0.0182 0
vt -0.1094 0.0126 0
vt -0.1024 0.0000 0
vt -0.1095 0.0070 0
vt -0.1093 0.0182 0
vt 0.0000 0.0000 0
vt 0.0159 -0.1244 0
vt -0.0017 -0.0969 0
vt 0.0060 -0.1120 0
vt -0.0034 -0.0970 0
vt -0.0051 -0.0970 0
vt 0.0180 -0.0014 0
vt 0.0000 0.0000 0
vt 0.0132 -0.1241 0
vt 0.3126 0.5661 0
vt 0.6865 0.0834 0
vt 0.7753 0.1915 0
vt 0.4483 0.3261 0
vt 0.6570 0.0316 0
vt 0.7753 0.7565 0
vt 0.3042 0.7564 0
vt 0.7753 1.0000 0
vt 0.2944 0.9889 0
vt 0.2939 1.0000 0
vt 0.7753 0.5129 0
vt 0.7860 0.0000 0
vt 0.7860 1.0000 0
vt 0.4983 1.0000 0
vt 0.2848 0.0000 0
vt 0.2742 1.0000 0
vt 0.2751 0.9139 0
vt 1.0000 4.8320 0
vt 1.0000 5.0434 0
vt 0.3490 5.0780 0
vt 0.1434 4.7180 0
vt 1.0000 4.6207 0
vt 0.2175 4.7782 0
vt 0.1791 4.7716 0
vt 0.2490 4.8695 0
vt 0.2449 4.4523 0
vt 0.1586 4.4523 0
vt 1.0000 4.4523 0
vt 0.1406 4.7650 0
vt 1.0000 5.2118 0
vt 0.8135 1.0000 0
vt 0.5001 1.0000 0
vt 0.4981 0.4970 0
vt 0.1865 0.7259 0
vt 0.1865 1.0000 0
vt 0.2225 0.2574 0
vt 0.2423 0.1004 0
vt 0.4981 0.0000 0
vt 0.1865 0.4517 0
vt 0.8135 0.4970 0
vt 0.8135 0.0000 0
vt 0.2498 0.0000 0
vt 0.3374 0.0354 0
vt 0.3526 0.0457 0
vt 0.3516 0.0398 0
vt 0.3407 0.0259 0
vt 0.3213 0.0268 0
vt 0.3362 0.0201 0
vt 0.3043 0.0201 0
vt 0.3624 0.0537 0
vt 0.3311 0.5000 0
vt 0.5010 1.0000 0
vt 0.5000 0.0000 0
vt 0.3311 0.0000 0
vt 0.6688 1.0000 0
vt 0.6688 0.0000 0
vt 0.3311 1.0000 0
vt 0.8422 1.0000 0
vt 0.4979 1.0000 0
vt 0.4979 0.0000 0
vt 0.1578 0.4772 0
vt 0.1578 0.0000 0
vt 0.1579 0.5077 0
vt 0.1578 1.0000 0
vt 0.1578 0.8878 0
vt 0.8422 0.0000 0
vt 0.8532 0.0000 0
vt 0.8532 1.0000 0
vt 0.5000 0.5000 0
vt 0.5000 1.0000 0
vt 0.1468 1.0000 0
vt 0.1468 0.5000 0
vt 0.1468 0.0000 0
vt 0.4978 0.0000 0
vt -0.0014 -0.0174 0
vt -0.0170 -0.2146 0
vt 0.0263 -0.1207 0
vt 0.0276 -0.0912 0
vt 0.0281 -0.0621 0
vt 0.0262 -0.1241 0
vt 0.0252 -0.1417 0
vt 0.0260 -0.1276 0
vt 0.0209 -0.2176 0
vt 0.0233 -0.1743 0
vt 0.0280 -0.0506 0
vt 0.0279 -0.0402 0
vt 0.0279 -0.0298 0
vt 0.0278 -0.0158 0
vt 1.0000 1.3107 0
vt 0.0000 1.3107 0
vt 0.9195 1.3125 0
vt 0.5868 1.3220 0
vt 0.2405 1.3431 0
vt -0.0840 1.3746 0
vt -0.1142 1.3107 0
vt 1.0000 1.3118 0
vt 0.9996 1.8309 0
vt 0.0924 1.8309 0
vt 0.1065 1.6683 0
vt 0.1101 1.6281 0
vt 0.1320 1.3797 0
vt 0.9996 1.4511 0
vt 0.9996 1.6625 0
vt 0.1484 1.1866 0
vt 0.9996 1.2398 0
vt 0.9996 1.0714 0
vt 0.1606 4.9725 0
vt 0.7709 4.9685 0
vt 0.3246 4.9562 0
vt 0.9997 4.9714 0
vt 0.9998 4.9699 0
vt 0.9997 4.9725 0
vt 1.0003 4.9684 0
vt 0.1480 4.9465 0
vt 0.2326 0.2500 0
vt 0.2179 0.2500 0
vt 0.2179 0.0000 0
vt 0.2179 0.5000 0
vt 0.2473 0.2500 0
vt 0.2326 0.0000 0
vt 0.2326 0.5000 0
vt 0.2326 0.7500 0
vt 0.2473 0.5000 0
vt 0.2473 0.7500 0
vt 0.2478 1.0000 0
vt 0.2361 1.0000 0
vt 0.2246 1.0000 0
vt 0.2227 0.8755 0
vt 0.2205 0.7493 0
vt 0.2190 0.6681 0
vt 0.2146 0.4545 0
vt 0.2094 0.2333 0
vt 0.2473 0.0000 0
vt 0.2597 0.0000 0
vt 0.2596 0.2091 0
vt 0.2598 0.4133 0
vt 0.2599 0.5000 0
vt 0.2602 0.6150 0
vt 0.2589 1.0000 0
vt 0.2616 0.9882 0
vt 0.2616 0.9941 0
vt 0.2608 0.8164 0
vt 0.2606 0.7500 0
vt 0.2616 1.0000 0
vt 0.2035 0.0000 0
vt 0.2172 0.2500 0
vt 0.2172 0.0000 0
vt 0.2316 0.0000 0
vt 0.2172 0.5000 0
vt 0.2316 0.2500 0
vt 0.2172 0.7500 0
vt 0.2316 0.5000 0
vt 0.2316 1.0000 0
vt 0.2172 1.0000 0
vt 0.2461 0.0000 0
vt 0.2461 0.2500 0
vt 0.2098 1.0000 0
vt 0.2088 0.8255 0
vt 0.2084 0.7583 0
vt 0.2076 0.6218 0
vt 0.2063 0.4180 0
vt 0.2069 0.5055 0
vt 0.2048 0.2116 0
vt 0.2557 0.1708 0
vt 0.2602 0.0000 0
vt 0.2536 0.2498 0
vt 0.2500 0.3883 0
vt 0.2453 0.5840 0
vt 0.2410 0.7907 0
vt 0.2461 0.5000 0
vt 0.2316 0.7500 0
vt 0.2374 1.0000 0
vt 0.2030 0.0000 0
vt 5.9218 0.0000 0
vt 6.1614 0.0000 0
vt 6.1614 -0.1793 0
vt 6.4011 0.0000 0
vt 6.4011 -0.1793 0
vt 6.6407 0.0000 0
vt 6.6407 -0.1793 0
vt 5.9218 -0.1793 0
vt 6.1614 -0.3587 0
vt 6.4011 -0.3587 0
vt 6.6407 -0.3587 0
vt 0.4900 0.0000 0
vt 6.7842 -0.2012 0
vt 0.4175 -0.4598 0
vt 0.2829 -0.5029 0
vt 0.1398 -0.5269 0
vt 6.2796 -0.5316 0
vt 5.9218 -0.3587 0
vt 6.0041 -0.5158 0
vt 6.1523 -0.5335 0
vt 5.7431 -0.4150 0
vt 5.7813 -0.2089 0
vt 5.7932 0.0000 0
vt 5.8644 -0.4758 0
vt 0.5362 -0.4000 0
vt 0.8636 0.0000 0
vt 0.8636 1.0000 0
vt 0.5000 0.5000 0
vt 0.5000 1.0000 0
vt 0.1364 0.7516 0
vt 0.1364 0.2518 0
vt 0.1364 1.0000 0
vt 0.1364 0.1882 0
vt 0.1364 0.0000 0
vt 0.1364 0.2453 0
vt 0.1364 0.2515 0
vt 0.5000 0.0000 0
vt 0.5000 0.0000 0
vt 0.8689 0.0000 0
vt 0.8689 0.2208 0
vt 0.5000 0.2500 0
vt 0.8689 0.4664 0
vt 0.5000 0.7500 0
vt 0.5000 0.5000 0
vt 0.8689 0.5662 0
vt 0.8689 0.9366 0
vt 0.8689 1.0000 0
vt 0.7333 1.0000 0
vt 0.5022 1.0000 0
vt 0.8689 0.8813 0
vt 0.8689 0.7021 0
vt 0.1311 1.0000 0
vt 0.1311 0.8234 0
vt 0.1311 0.6421 0
vt 0.1311 0.7500 0
vt 0.1311 0.4656 0
vt 0.1311 0.2984 0
vt 0.1311 0.5000 0
vt 0.1311 0.1135 0
vt 0.1311 0.2500 0
vt 0.1311 0.0000 0
vt 0.1311 0.5030 0
vt 0.1311 0.0000 0
vt 0.5022 0.0000 0
vt 0.5022 0.5030 0
vt 0.7334 0.0000 0
vt 0.8689 0.0000 0
vt 0.8689 1.0000 0
vt 0.7334 0.5030 0
vt 0.8688 1.0000 0
vt 0.7168 1.0000 0
vt 0.8657 1.0000 0
vt 0.3425 1.0000 0
vt 0.5022 1.0000 0
vt 0.1311 1.0000 0
vt 0.0002 4.8284 0
vt 0.0002 4.7334 0
vt 0.4673 4.7819 0
vt 0.4725 4.7221 0
vt 0.0002 4.9235 0
vt 0.4605 4.8609 0
vt 0.4634 4.8273 0
vt 0.0002 5.0185 0
vt 0.4534 4.9438 0
vt 0.0002 4.6384 0
vt 0.4760 4.6825 0
vt 0.4798 4.6384 0
vt 0.4741 4.7037 0
vt 0.4471 5.0185 0
vt 0.0000 5.0185 0
vt 0.4145 5.0185 0
vt 0.4141 4.9441 0
vt 0.0000 4.9235 0
vt 0.4107 4.8620 0
vt 0.0000 4.8284 0
vt 0.4078 4.7890 0
vt 0.4074 4.7712 0
vt 0.0000 4.7334 0
vt 0.4092 4.8284 0
vt 0.0000 4.6384 0
vt 0.4059 4.6849 0
vt 0.4064 4.7059 0
vt 0.4068 4.7334 0
vt 0.4040 4.6384 0
vt -0.7791 0.0712 0
vt -0.2264 -0.0373 0
vt -0.2169 -0.0370 0
vt -0.2819 -0.0376 0
vt -0.2653 -0.0378 0
vt -0.3382 -0.0358 0
vt -0.3161 -0.0368 0
vt -0.0311 0.0028 0
vt -0.1660 -0.0344 0
vt -0.3741 -0.0337 0
vt -0.0588 -0.0286 0
vt -0.0512 -0.0280 0
vt -0.0371 -0.0257 0
vt -0.3957 -0.0321 0
vt -0.7446 -0.0063 0
vt -0.7146 -0.0085 0
vt -0.0689 -0.0290 0
vt -0.4636 -0.0268 0
vt -0.7859 -0.0035 0
vt -0.1045 -0.0303 0
vt -0.0336 -0.0248 0
vt 3.0870 0.2723 0
vt 3.0870 0.2695 0
vt 3.1076 0.2682 0
vt 3.1291 0.2721 0
vt 3.1281 0.2670 0
vt 3.1341 0.2885 0
vt 3.0987 0.3168 0
vt 3.0809 0.2728 0
vt 3.0747 0.3076 0
vt 3.0747 0.2732 0
vt 3.1416 0.3043 0
vt 3.1321 0.3318 0
vt 3.1315 0.3315 0
vt 3.1416 0.3362 0
vt 3.1239 0.3279 0
vt 3.1216 0.3269 0
vt -500.0000 0.0859 0
vt -499.9979 0.0860 0
vt -499.9977 0.0736 0
vt -500.0000 0.0612 0
vt -499.9971 0.0612 0
vt 0.0195 -0.1907 0
vt -0.0219 -0.1907 0
vt -0.0013 -0.1669 0
vt -0.0189 -0.1659 0
vt 0.0170 -0.1661 0
vt 2.0599 33.2024 0
vt 2.0598 33.2272 0
vt 2.0553 33.2273 0
vt 2.0509 33.2024 0
vt 2.0508 33.2275 0
vt 0.0000 -0.0029 0
vt 0.0500 0.0000 0
vt 0.0090 -0.0446 0
vt 0.0500 -0.0497 0
vt 0.0090 -0.0497 0
vt -0.0029 0.0000 0
vt 0.0000 -0.0442 0
vt -0.0029 -0.0029 0
vt -0.0500 0.0000 0
vt -0.0500 0.0600 0
vt 0.0033 0.0526 0
vt 0.0031 0.0563 0
vt 0.0029 0.0600 0
vt 0.0068 0.0000 0
vt -0.2136 0.0794 0
vt -0.2546 0.0794 0
vt -0.2341 0.0762 0
vt -0.2546 0.0732 0
vt -0.2136 0.0791 0
vt 0.0262 0.2330 0
vt 0.0014 0.2392 0
vt -0.0492 0.1775 0
vt 0.0041 0.0364 0
vt -0.0608 0.1267 0
vt 0.0015 0.2461 0
vt -0.0165 0.2483 0
vt -0.0659 0.0969 0
vt -0.0320 0.2519 0
vt -0.0369 0.2393 0
vt -0.0409 0.2230 0
vt -0.0721 0.0471 0
vt -0.0164 0.2501 0
vt -0.0724 0.0450 0
vt 0.3714 8.1601 0
vt 0.3805 8.0929 0
vt 0.4851 8.1211 0
vt 0.3949 7.9883 0
vt 0.4648 8.0541 0
vt 0.4550 7.9781 0
vt 0.4094 7.8846 0
vt 0.4241 7.7800 0
vt 0.4455 7.7794 0
vt 0.4515 7.8764 0
vt 0.5032 8.1601 0
vt -0.0301 -0.0883 0
vt -0.0122 -0.0916 0
vt 0.0000 0.0000 0
vt -0.0178 0.0035 0
vt 0.0000 4.3982 0
vt 0.8365 4.3982 0
vt 0.8367 4.2664 0
vt 0.8371 4.0760 0
vt 0.0000 4.0977 0
vt 0.0000 4.2480 0
vt 0.8376 3.8740 0
vt 0.0000 3.9477 0
vt 0.8383 3.6829 0
vt 0.0000 3.6473 0
vt 0.0000 3.7976 0
vt 0.8390 3.4816 0
vt 0.0000 3.4969 0
vt 0.8397 3.2901 0
vt 0.8405 3.0893 0
vt 0.0000 3.0549 0
vt 0.0000 3.2052 0
vt 0.8413 2.8972 0
vt 0.0000 2.9046 0
vt 0.8421 2.6967 0
vt 0.0000 2.7543 0
vt 0.8427 2.5046 0
vt 0.0000 2.4540 0
vt 0.0000 2.6041 0
vt 0.8433 2.3038 0
vt 0.0000 2.3038 0
vt -0.0005 -0.0180 0
vt 0.0000 0.0000 0
vt -0.0882 0.0000 0
vt -0.0887 -0.0009 0
vt -0.0916 -0.0053 0
vt -0.1009 -0.0180 0
vt -0.0553 -0.1580 0
vt -0.0505 -0.1863 0
vt -0.0644 -0.1819 0
vt -0.0780 -0.1765 0
vt -0.0891 -0.1712 0
vt -0.0890 -0.1710 0
vt -0.0362 -0.1896 0
vt -0.0724 -0.1510 0
vt -0.0937 -0.1676 0
vt -0.0274 -0.1908 0
vt -0.0817 -0.1462 0
vt -0.0274 -0.1910 0
vt -0.0194 -0.1662 0
vt -0.0222 -0.1907 0
vt -0.0375 -0.1631 0
vt 3.2923 28.9778 0
vt 3.3012 28.9764 0
vt 3.3009 29.0013 0
vt 3.3054 29.0006 0
vt 3.2965 29.0019 0
vt -0.0944 -0.1671 0
vt -0.1280 -0.1427 0
vt -0.0980 -0.1357 0
vt -0.0945 -0.1381 0
vt -0.1119 -0.1248 0
vt -0.0824 -0.1456 0
vt 500.0000 0.0601 0
vt 499.9980 0.0601 0
vt 499.9990 0.0843 0
vt 499.9980 0.0843 0
vt 500.0000 0.0843 0
vt 0.2365 0.0794 0
vt 0.2365 0.0792 0
vt 0.2570 0.0764 0
vt 0.2775 0.0794 0
vt 0.2775 0.0737 0
vt 0.0000 0.2775 0
vt -0.0497 0.2775 0
vt -0.0058 0.2365 0
vt -0.0481 0.2275 0
vt -0.0067 0.2275 0
vt -0.0497 0.2255 0
vt -0.0481 0.2255 0
vt 0.0000 0.2365 0
vt 0.4379 0.1616 0
vt 0.4376 0.0534 0
vt 0.9224 0.0994 0
vt 0.9225 0.2081 0
vt 0.9225 0.3173 0
vt 0.4381 0.2694 0
vt 0.4387 0.4863 0
vt 0.4384 0.3783 0
vt 0.9226 0.4255 0
vt 0.9226 0.5341 0
vt 0.9226 0.6433 0
vt 0.4389 0.5938 0
vt 0.4394 0.8110 0
vt 0.4392 0.7027 0
vt 0.9227 0.7515 0
vt 0.9227 0.8168 0
vt 0.4781 0.8496 0
vt 0.4588 0.8499 0
vt 0.9227 0.8596 0
vt 0.4783 0.9539 0
vt 0.9227 0.9692 0
vt 0.4783 0.9788 0
vt 0.9227 1.0601 0
vt 0.4784 1.0630 0
vt 0.6523 1.0658 0
vt 0.5654 1.0644 0
vt 0.9227 1.0777 0
vt 0.9227 1.1854 0
vt 0.6523 1.1277 0
vt 0.6524 1.2373 0
vt 0.9228 1.2227 0
vt 0.9228 1.2949 0
vt 0.6525 1.4559 0
vt 0.6524 1.3470 0
vt 0.9228 1.4038 0
vt 0.9228 1.4660 0
vt 0.4787 1.4587 0
vt 0.5656 1.4573 0
vt 0.9228 1.5116 0
vt 0.9228 1.6204 0
vt 0.4787 1.6711 0
vt 0.4787 1.5630 0
vt 0.9228 1.7297 0
vt 0.4392 1.7013 0
vt 0.4391 1.6710 0
vt 0.9228 1.8375 0
vt 0.4397 1.8002 0
vt 0.9227 1.9463 0
vt 0.4400 1.8969 0
vt 0.4397 2.1128 0
vt 0.4399 2.0048 0
vt 0.9227 2.0555 0
vt 0.9227 2.2722 0
vt 0.4394 2.2956 0
vt 0.4396 2.2212 0
vt 0.9227 2.1637 0
vt 0.9226 2.4352 0
vt 0.3876 2.4351 0
vt 0.4063 2.3740 0
vt 0.9227 2.3812 0
vt 0.9227 2.2772 0
vt 0.9226 2.4896 0
vt 0.3801 2.4733 0
vt 0.3791 2.4797 0
vt 0.3684 2.5465 0
vt 0.9226 2.5983 0
vt 0.3679 2.5493 0
vt 0.4000 2.6581 0
vt 0.3474 2.6580 0
vt 0.3568 2.6091 0
vt 0.9226 2.7072 0
vt 0.3997 2.7660 0
vt 0.3991 2.9820 0
vt 0.3994 2.8734 0
vt 0.9225 2.9242 0
vt 0.9224 3.1416 0
vt 0.3986 3.1416 0
vt 0.3988 3.0902 0
vt 0.9224 3.0333 0
vt 0.9225 2.8153 0
vt 0.4395 0.8503 0
vt 0.9224 0.0000 0
vt 0.3791 0.0000 0
vt 0.9224 3.2417 0
vt 0.9223 3.3514 0
vt 0.3983 3.2495 0
vt 0.3980 3.3582 0
vt 0.9223 3.4595 0
vt 0.9222 3.5676 0
vt 0.3975 3.5524 0
vt 0.3977 3.4660 0
vt 0.9222 3.6771 0
vt 0.3974 3.5742 0
vt 0.3971 3.6826 0
vt 0.9222 3.7856 0
vt 0.9221 3.8934 0
vt 0.3967 3.8766 0
vt 0.3969 3.7905 0
vt 0.9224 6.1750 0
vt 0.9224 6.2832 0
vt 0.3791 6.2832 0
vt 0.3711 6.2752 0
vt 0.9223 6.0670 0
vt 0.2636 6.1099 0
vt 0.9223 5.9576 0
vt 0.2486 6.0356 0
vt 0.2222 5.8374 0
vt 0.9222 5.8219 0
vt 0.9222 5.8491 0
vt 0.2101 5.7387 0
vt 0.9222 5.7413 0
vt 0.9222 5.6320 0
vt 0.1968 5.6275 0
vt 0.9221 5.5232 0
vt 0.1965 5.6255 0
vt 0.1875 5.5457 0
vt 0.9221 5.4152 0
vt 0.1853 5.5248 0
vt 0.9221 5.3063 0
vt 0.1749 5.4194 0
vt 0.9221 5.0892 0
vt 0.9221 5.1973 0
vt 0.1580 5.1999 0
vt 0.9220 4.9804 0
vt 0.1518 5.0954 0
vt 0.1421 4.7643 0
vt 0.9220 4.7632 0
vt 0.9220 4.8715 0
vt 0.1419 4.7124 0
vt 0.9220 4.5457 0
vt 0.9220 4.6543 0
vt 0.1430 4.6000 0
vt 0.9220 4.4375 0
vt 0.1456 4.4894 0
vt 0.1446 4.5253 0
vt 0.1488 4.3933 0
vt 0.1493 4.3817 0
vt 0.1469 4.4444 0
vt 0.1540 4.2899 0
vt 0.1609 4.1865 0
vt 0.9221 4.2193 0
vt 0.1686 4.0823 0
vt 0.9221 4.1117 0
vt 0.9221 4.0027 0
vt 0.1694 4.0731 0
vt 0.3966 3.9312 0
vt 0.3966 3.8987 0
vt 0.1772 3.9785 0
vt 0.2891 3.9316 0
vt 0.1816 3.9320 0
vt 0.9221 4.3285 0
vt 0.1442 4.8757 0
vt 0.1474 4.9872 0
vt 0.1658 5.3086 0
vt 0.2345 5.9324 0
vt 0.3002 6.1893 0
vt 0.3984 3.2280 0
vt 0.3986 3.1416 0
vt 0.9224 3.1416 0
vt 0.5878 0.0000 0
vt 0.7689 0.0000 0
vt 0.7689 0.0100 0
vt 0.4195 0.0770 0
vt 0.4067 0.0000 0
vt 0.7689 0.0761 0
vt 0.7689 0.1519 0
vt 0.4306 0.1487 0
vt 0.4415 0.2235 0
vt 0.7689 0.1826 0
vt 0.7689 0.2293 0
vt 0.7688 0.3097 0
vt 0.4535 0.3084 0
vt 0.7686 0.3682 0
vt 0.4618 0.3712 0
vt 0.4537 0.3099 0
vt 0.7686 0.3854 0
vt 0.4639 0.3873 0
vt 0.7689 0.4638 0
vt 0.4732 0.4683 0
vt 0.4814 0.5532 0
vt 0.7688 0.5360 0
vt 0.7686 0.6155 0
vt 0.4884 0.6364 0
vt 0.7687 0.6888 0
vt 0.4978 0.7974 0
vt 0.4939 0.7159 0
vt 0.7689 0.7611 0
vt 0.5007 0.8804 0
vt 0.7689 0.8386 0
vt 0.7689 0.8114 0
vt 0.7689 0.9830 0
vt 0.5028 1.0000 0
vt 0.5026 0.9623 0
vt 0.7689 0.9053 0
vt 0.7689 1.0000 0
vt 0.7689 0.0000 0
vt 0.7689 1.0000 0
vt 0.5878 1.0000 0
vt 0.4067 1.0000 0
vt 0.3933 0.0000 0
vt 0.5001 0.0000 0
vt 0.5000 0.5000 0
vt 0.6326 0.7900 0
vt 0.6681 0.7265 0
vt 0.6279 0.7996 0
vt 0.5871 0.9034 0
vt 0.5000 1.0000 0
vt 0.5662 1.0000 0
vt 0.5000 0.0000 0
vt 0.6682 0.3632 0
vt 0.3316 0.0000 0
vt 0.3318 0.5000 0
vt 0.3319 1.0000 0
vt 0.6683 0.0000 0
vt 0.7938 0.4999 0
vt 0.7938 1.0000 0
vt 0.5001 1.0000 0
vt 0.2062 0.0000 0
vt 0.7938 0.0000 0
vt 0.2062 1.0000 0
vt 0.7982 1.0000 0
vt 0.2018 1.0000 0
vt 0.5000 0.0000 0
vt 0.2018 0.0000 0
vt 0.7981 0.0000 0
vt 0.0562 0.0445 0
vt 0.1208 0.0362 0
vt 0.1059 0.0201 0
vt 0.1206 0.0711 0
vt 0.1095 0.0858 0
vt 0.0522 0.0201 0
vt 0.0539 0.0314 0
vt 0.0522 0.0201 0
vt 0.0614 0.0716 0
vt 0.1001 0.1014 0
vt 0.0711 0.1216 0
vt 0.0925 0.1180 0
vt 0.0807 0.1716 0
vt 0.0827 0.1534 0
vt 0.0866 0.1355 0
vt 0.1332 0.0578 0
vt 0.1382 0.0533 0
vt 0.1220 0.0353 0
vt -0.2775 0.0000 0
vt -0.2253 0.0190 0
vt -0.2255 0.0381 0
vt -0.2775 0.0600 0
vt -0.2248 0.0000 0
vt -0.2255 0.0600 0
vt 0.1989 0.0000 0
vt 0.8011 0.0000 0
vt 0.5000 1.0000 0
vt 0.8011 1.0000 0
vt 0.1989 1.0000 0
vt -0.0356 -0.1924 0
vt -0.0599 -0.1479 0
vt -0.0633 -0.1608 0
vt -0.0667 -0.1737 0
vt -0.0008 -0.0043 0
vt -0.0224 -0.0132 0
vt -0.0411 -0.0806 0
vt -0.0190 -0.0010 0
vt -0.0697 -0.1861 0
vt 0.8056 1.0000 0
vt 0.1944 1.0000 0
vt 0.1944 0.9998 0
vt 0.8056 0.0000 0
vt 0.8056 0.2443 0
vt 0.1944 0.0000 0
vt 0.8093 0.0000 0
vt 0.8093 0.9078 0
vt 0.1907 1.0000 0
vt 0.1907 0.0000 0
vt 0.8093 1.0000 0
vt 0.8130 1.0000 0
vt 0.1870 1.0000 0
vt 0.1870 1.0000 0
vt 0.8130 0.4991 0
vt 0.8130 0.7491 0
vt 0.1870 0.5000 0
vt 0.5000 0.0000 0
vt 0.8130 0.0000 0
vt 0.8130 0.0714 0
vt 0.8130 0.4280 0
vt 0.1870 0.0000 0
vt 0.1857 0.0000 0
vt 0.8143 0.0000 0
vt 0.5000 1.0008 0
vt 0.8143 1.0000 0
vt 0.1857 1.0004 0
vt 3.0747 0.0491 0
vt 3.0747 0.0491 0
vt 3.0798 0.0752 0
vt 3.0773 0.0770 0
vt 3.1150 0.0505 0
vt 3.0856 0.0783 0
vt 3.0949 0.0801 0
vt 3.0931 0.0807 0
vt 3.0913 0.0813 0
vt 3.1416 0.0522 0
vt 3.1182 0.0930 0
vt 3.1416 0.1059 0
vt 3.0747 0.0787 0
vt 500.0000 -0.0008 0
vt 500.0000 -0.0100 0
vt 499.9971 -0.0054 0
vt 499.9969 -0.0100 0
vt 499.9972 -0.0008 0
vt -0.1687 -0.1881 0
vt -0.1546 -0.2124 0
vt -0.1748 -0.1950 0
vt 0.0267 500.0000 0
vt 0.0267 499.9959 0
vt 0.0047 499.9967 0
vt 0.0000 500.0000 0
vt 0.0267 499.9957 0
vt 0.0023 499.9968 0
vt 0.0000 499.9969 0
vt -0.2775 0.0330 0
vt -0.2775 -0.0098 0
vt -0.2364 0.0010 0
vt -0.2248 0.0318 0
vt -0.2275 0.0305 0
vt -0.2247 0.0305 0
vt -0.2234 0.0024 0
vt -0.2275 0.0024 0
vt -0.2248 0.0330 0
vt -16.5000 0.5623 0
vt -16.4907 0.6037 0
vt -16.4960 0.6037 0
vt 3.2814 28.9090 0
vt 3.2398 28.9106 0
vt 3.2367 28.8931 0
vt 3.2882 28.8508 0
vt 3.2946 28.9074 0
vt 3.2944 28.9075 0
vt 3.2625 28.8720 0
vt -0.0973 -0.2689 0
vt -0.1485 -0.2230 0
vt -0.0918 -0.1760 0
vt -0.0857 -0.1791 0
vt -0.1699 -0.1859 0
vt -0.1292 -0.1418 0
vt -0.0890 -0.1710 0
vt -0.1617 -0.2359 0
vt -0.1531 -0.2204 0
vt -0.1277 -0.2559 0
vt -0.0676 -0.1868 0
vt 0.0090 0.0866 0
vt 0.0040 0.0859 0
vt 0.0040 0.0058 0
vt 0.0140 0.0000 0
vt 0.0140 0.0873 0
vt 0.6294 1.4350 0
vt 0.6294 1.4437 0
vt 0.7062 1.4424 0
vt 0.7829 1.4410 0
vt 0.7829 1.4116 0
vt 0.6294 1.4264 0
vt 0.0000 1.3821 0
vt 0.3147 1.4273 0
vt 0.0000 1.4283 0
vt 0.7828 1.3161 0
vt 0.0000 1.3063 0
vt 0.7827 1.2305 0
vt 0.0000 1.2305 0
vt 0.6293 1.2171 0
vt 0.6291 1.1162 0
vt 0.0000 1.1547 0
vt 0.7060 1.2163 0
vt 0.7827 1.2155 0
vt 0.6291 1.0811 0
vt 0.3145 1.0859 0
vt 0.0000 1.0908 0
vt 2.1060 33.1951 0
vt 2.1064 33.1116 0
vt 2.1114 33.1145 0
vt 2.1014 33.1087 0
vt 2.1110 33.1944 0
vt 2.1010 33.1958 0
vt 0.0497 -0.0001 0
vt 0.0000 0.0000 0
vt 0.0471 -0.0067 0
vt -0.0071 -0.0596 0
vt 0.0487 -0.0065 0
vt 0.0340 -0.0780 0
vt 0.0272 -0.0953 0
vt 0.0572 -0.0932 0
vt 0.0504 -0.0062 0
vt 0.0253 -0.0790 0
vt -3.7717 0.0870 0
vt -3.7611 0.0429 0
vt -3.7629 0.0870 0
vt 0.0002 4.6173 0
vt 0.4842 4.6365 0
vt 0.4854 4.6234 0
vt 0.0002 4.7102 0
vt 0.4779 4.7014 0
vt 0.4722 4.7598 0
vt 0.4766 4.7144 0
vt 0.0002 4.8032 0
vt 0.4678 4.8053 0
vt 0.0002 4.8962 0
vt 0.4601 4.8854 0
vt 0.4579 4.9072 0
vt 0.4593 4.8935 0
vt 0.0002 4.9891 0
vt 0.4522 4.9494 0
vt 0.4449 4.9891 0
vt 0.4860 4.6173 0
vt 0.4967 0.1351 0
vt 0.3314 1.0000 0
vt 0.6685 0.6431 0
vt 0.6686 1.0000 0
vt 0.6685 0.1508 0
vt 0.3314 0.1175 0
vt 2.0578 33.1324 0
vt 2.0515 33.1326 0
vt 2.0515 33.1322 0
vt 2.0709 33.0921 0
vt 2.1016 33.1100 0
vt 2.0401 33.0742 0
vt 2.1015 33.1264 0
vt 2.0437 33.1324 0
vt -0.0500 0.0330 0
vt 0.0000 0.0130 0
vt -0.0064 0.0002 0
vt 0.0000 0.0005 0
vt 0.0068 0.0330 0
vt 0.0074 0.0130 0
vt -0.0500 -0.0121 0
vt -500.0000 0.0091 0
vt -500.0000 0.0217 0
vt -499.9926 0.0217 0
vt -499.9923 0.0094 0
vt -0.0002 -0.2635 0
vt 0.0112 -0.2584 0
vt -0.0002 -0.2639 0
vt 0.4788 0.3266 0
vt 0.4857 0.2721 0
vt 0.6181 0.2893 0
vt 0.6181 0.3314 0
vt 0.4782 0.3314 0
vt 0.4919 0.2179 0
vt 0.6181 0.2473 0
vt 0.4962 0.1701 0
vt 0.6181 0.1641 0
vt 0.6181 0.2057 0
vt 0.6181 0.1230 0
vt 0.4995 0.1142 0
vt 0.5003 0.0957 0
vt 0.4983 0.1376 0
vt 0.4966 0.1641 0
vt 0.6181 0.0819 0
vt 0.5018 0.0573 0
vt 0.7690 0.0000 0
vt 0.7689 0.0456 0
vt 0.6181 0.0410 0
vt 0.7689 0.0932 0
vt 0.7690 0.1468 0
vt 0.7690 0.1970 0
vt 0.7688 0.2470 0
vt 0.7690 0.2027 0
vt 0.7689 0.2986 0
vt 0.7690 0.3180 0
vt 0.7383 0.3254 0
vt 0.5917 0.4107 0
vt 0.4672 0.4046 0
vt 0.4712 0.3805 0
vt 0.5917 0.3673 0
vt 0.5917 0.4222 0
vt 0.5028 0.0000 0
vt 0.0003 0.5848 0
vt 0.2121 0.5981 0
vt 0.2043 0.5619 0
vt 0.0003 0.4117 0
vt 0.0003 0.5335 0
vt 0.1861 0.4662 0
vt 0.0003 0.2898 0
vt 0.1709 0.3728 0
vt 0.1725 0.3836 0
vt 0.1591 0.2785 0
vt 0.1503 0.1774 0
vt 0.0003 0.2181 0
vt 0.0003 0.1680 0
vt 0.1455 0.0873 0
vt 0.1440 0.0000 0
vt 0.0003 0.0000 0
vt 0.0003 0.0462 0
vt 0.0003 6.2832 0
vt 0.1440 6.2832 0
vt 0.1441 6.2604 0
vt 0.1471 6.1570 0
vt 0.0003 6.2075 0
vt 0.0003 6.1306 0
vt 0.0003 6.0269 0
vt 0.0003 6.0857 0
vt 0.1529 6.0693 0
vt 0.1561 6.0337 0
vt 0.1633 5.9680 0
vt 0.0003 5.9638 0
vt 0.0003 5.9232 0
vt 0.1764 5.8750 0
vt 0.0003 5.7158 0
vt 0.0003 5.8195 0
vt 0.1927 5.7814 0
vt 0.0003 5.6120 0
vt 0.2133 5.6802 0
vt 0.2350 5.5880 0
vt 0.2619 5.4884 0
vt 0.0003 5.5083 0
vt 0.0003 5.5983 0
vt 0.0003 5.4765 0
vt 0.2680 5.4667 0
vt 0.0003 5.4045 0
vt 0.2896 5.3923 0
vt 0.0003 5.3923 0
vt 0.3223 5.2886 0
vt 0.0003 5.3007 0
vt 0.0003 5.3547 0
vt 0.0003 5.2328 0
vt 0.3426 5.2280 0
vt 0.0003 5.1969 0
vt 0.3562 5.1881 0
vt 0.0003 5.0930 0
vt 0.0003 5.1110 0
vt 0.3913 5.0893 0
vt 0.0003 5.0804 0
vt 0.4234 5.0024 0
vt 0.0003 4.9891 0
vt 0.4283 4.9891 0
vt 0.0003 6.2342 0
vt -0.0072 0.0388 0
vt 0.0502 0.0245 0
vt 0.0476 0.0366 0
vt 0.0276 -0.1493 0
vt 0.0717 -0.0557 0
vt 0.0597 -0.0190 0
vt 0.0956 -0.1367 0
vt 0.0865 -0.1029 0
vt 0.0442 0.0457 0
vt 0.0543 0.0008 0
vt 0.0430 0.0481 0
vt 0.3058 6.7972 0
vt 0.3151 6.8963 0
vt 0.0000 6.8680 0
vt 0.0000 6.8167 0
vt 0.0000 6.6949 0
vt 0.2979 6.6956 0
vt 0.0000 6.5730 0
vt 0.2915 6.5919 0
vt 0.2870 6.4889 0
vt 0.0000 6.4512 0
vt 0.2858 6.4512 0
vt 0.0000 6.5013 0
vt 0.0000 6.3294 0
vt 0.2841 6.3841 0
vt 0.2833 6.2979 0
vt 0.0000 6.2832 0
vt 0.2833 6.2832 0
vt 0.0000 6.2342 0
vt 0.2834 6.2570 0
vt 0.2838 6.2075 0
vt 0.0000 6.2075 0
vt 0.0000 6.1306 0
vt 0.2846 6.1600 0
vt 0.2876 6.0615 0
vt 0.0000 6.0857 0
vt 0.2922 5.9613 0
vt 0.0000 6.0269 0
vt 0.2992 5.8535 0
vt 0.0000 5.9232 0
vt 0.0000 5.9638 0
vt 0.3071 5.7550 0
vt 0.0000 5.8195 0
vt 0.0000 5.7158 0
vt 0.3102 5.7202 0
vt 0.0000 5.6120 0
vt 0.3173 5.6475 0
vt 0.3225 5.5983 0
vt 0.0000 5.5983 0
vt 0.0000 5.5083 0
vt 0.3286 5.5455 0
vt 0.3409 5.4463 0
vt 0.0000 5.4765 0
vt 0.3536 5.3520 0
vt 0.0000 5.4045 0
vt 0.0000 5.3923 0
vt 0.0000 5.3547 0
vt 0.0000 5.3007 0
vt 0.3676 5.2527 0
vt 0.0000 5.2328 0
vt 0.0000 5.1969 0
vt 0.3837 5.1486 0
vt 0.0000 5.1110 0
vt 0.3862 5.1336 0
vt 0.4031 5.0518 0
vt 0.0000 5.0930 0
vt 0.0000 5.0804 0
vt 0.0000 4.9891 0
vt 0.4282 4.9891 0
vt 0.3182 6.9269 0
vt 0.0000 4.9891 0
vt 0.0000 4.8962 0
vt 0.3722 4.9476 0
vt 0.3680 4.9802 0
vt 0.3781 4.9136 0
vt 0.3935 4.8360 0
vt 0.0000 4.8032 0
vt 0.3997 4.8032 0
vt 0.0000 4.7102 0
vt 0.4057 4.7646 0
vt 0.4112 4.6971 0
vt 0.4072 4.7529 0
vt 0.0000 4.6173 0
vt 0.4123 4.6568 0
vt 0.4133 4.6173 0
vt 0.3671 4.9891 0
vt -0.0145 0.0011 0
vt -0.0126 0.0120 0
vt -0.0610 0.0158 0
vt -0.0669 0.0051 0
vt -0.0638 0.0140 0
vt -0.0093 0.0240 0
vt -0.0460 0.0240 0
vt -0.0144 0.0011 0
vt -0.0143 0.0011 0
vt 5.8893 2.1727 0
vt 5.8893 1.9591 0
vt 6.0787 1.9591 0
vt 6.0787 1.7455 0
vt 6.1969 1.8527 0
vt 6.1931 1.6964 0
vt 6.0787 2.1727 0
vt 6.2034 2.0121 0
vt 6.2137 2.1773 0
vt 6.2296 2.3474 0
vt 6.0787 2.3474 0
vt 5.8893 2.3474 0
vt 5.6998 2.3474 0
vt 5.6998 2.1727 0
vt 5.5489 2.3474 0
vt 5.6967 2.1664 0
vt 5.7949 2.0006 0
vt 5.8667 1.8395 0
vt 5.9260 1.6639 0
vt 5.9514 1.5708 0
vt 6.0787 1.5708 0
vt 6.1912 1.5708 0
vt -0.0590 -0.0335 0
vt -0.0143 -0.0243 0
vt -0.0152 -0.0109 0
vt -0.0669 0.0051 0
vt -0.0520 -0.0402 0
vt -0.0108 -0.0402 0
vt -0.0145 0.0011 0
vt 6.1614 0.0000 0
vt 5.9218 0.0000 0
vt 5.9802 0.2041 0
vt 6.4011 0.0000 0
vt 6.1862 0.2041 0
vt 6.3921 0.2041 0
vt 6.5980 0.2041 0
vt 0.4900 0.0000 0
vt 6.6407 0.0000 0
vt 5.7804 0.2170 0
vt 5.8689 0.2788 0
vt 5.9928 0.3394 0
vt 6.1284 0.3780 0
vt 6.2416 0.3915 0
vt 6.4674 0.4025 0
vt 6.5925 0.3814 0
vt 0.0797 0.4052 0
vt 6.7107 0.3416 0
vt 0.5147 0.2979 0
vt 5.7932 0.0000 0
vt 6.1388 2.1806 0
vt 6.2832 2.1752 0
vt 0.0000 2.3506 0
vt 6.1491 2.0153 0
vt 6.2832 1.9607 0
vt 6.1555 1.8560 0
vt 6.2832 1.7463 0
vt 0.0000 1.5708 0
vt 6.1613 1.5740 0
vt 6.1613 1.5724 0
vt 6.1594 1.6996 0
vt 6.1613 1.5708 0
vt 6.1229 2.3506 0
vt 0.1368 1.9607 0
vt 0.1368 1.7463 0
vt 0.3040 1.7463 0
vt 0.1368 2.1752 0
vt 0.3040 1.9607 0
vt 6.2832 2.1752 0
vt 6.2832 1.9607 0
vt 6.2832 1.7463 0
vt 0.0000 1.5708 0
vt 6.4200 1.5708 0
vt 0.3024 1.5708 0
vt 0.3434 1.7334 0
vt 0.3940 1.8973 0
vt 0.4571 2.0627 0
vt 0.3040 2.1752 0
vt 0.4712 2.3506 0
vt 0.4712 2.1752 0
vt 0.5357 2.2291 0
vt 0.3040 2.3506 0
vt 0.1368 2.3506 0
vt 0.0000 2.3506 0
vt 0.6043 2.3506 0
vt -0.0246 -0.0019 0
vt -0.0276 0.0098 0
vt -0.0265 0.0143 0
vt -0.0286 0.0040 0
vt -0.0285 0.0052 0
vt -0.0365 0.0600 0
vt -0.0437 0.0716 0
vt -0.0097 0.0853 0
vt -0.0616 0.1619 0
vt -0.0844 0.1963 0
vt -0.0715 0.1856 0
vt -0.0578 0.1719 0
vt -0.0011 0.1174 0
vt -0.0556 0.1512 0
vt -0.0097 0.1088 0
vt -0.0488 0.1271 0
vt 0.0106 0.0736 0
vt -0.0251 0.0243 0
vt -0.0256 0.0346 0
vt -0.0011 0.0767 0
vt -0.0322 0.0536 0
vt -0.0279 0.0440 0
vt -0.0305 0.0503 0
vt -0.0129 0.0971 0
vt -0.0489 0.1048 0
vt -0.0513 0.1395 0
vt 0.0310 0.0853 0
vt 0.0493 0.0653 0
vt 0.0441 0.0599 0
vt -0.0481 0.0846 0
vt -0.0481 0.1142 0
vt 0.0261 0.1446 0
vt 0.0106 0.1206 0
vt 0.0224 0.1174 0
vt 0.0310 0.1088 0
vt 0.0452 0.1332 0
vt 0.0341 0.0971 0
vt 0.0592 0.0853 0
vt 0.0605 0.1003 0
vt 0.0604 0.0928 0
vt 0.0536 0.0715 0
vt 0.0330 0.1418 0
vt 0.0503 0.1276 0
vt 0.0395 0.1379 0
vt 0.0224 0.0767 0
vt 0.0575 0.1145 0
vt 0.0569 0.0782 0
vt 0.0544 0.1213 0
vt -0.0266 -0.0084 0
vt -0.0281 -0.0031 0
vt 3.1416 0.0050 0
vt 3.1416 0.0000 0
vt 3.6652 0.0000 0
vt 3.6652 0.0050 0
vt 4.1888 0.0000 0
vt 4.1888 0.0050 0
vt 4.7124 0.0000 0
vt 4.7124 0.0050 0
vt 5.2360 0.0000 0
vt 5.2360 0.0050 0
vt 5.7596 0.0000 0
vt 5.7596 0.0050 0
vt 0.0000 0.0000 0
vt 0.0000 0.0050 0
vt 0.0000 0.0050 0
vt 0.0000 0.0000 0
vt 0.5236 0.0000 0
vt 0.5236 0.0050 0
vt 1.0472 0.0000 0
vt 1.0472 0.0050 0
vt 1.5708 0.0000 0
vt 1.5708 0.0050 0
vt 2.0944 0.0000 0
vt 2.0944 0.0050 0
vt 2.6180 0.0000 0
vt 2.6180 0.0050 0
vt 3.1416 0.0000 0
vt 3.1416 0.0050 0
vt 0.0204 -0.0118 0
vt 0.0204 0.0118 0
vt 0.0118 0.0204 0
vt 0.0000 -0.0235 0
vt -0.0118 0.0204 0
vt -0.0204 0.0118 0
vt 0.0235 0.0000 0
vt 0.0000 0.0235 0
vt 0.0118 -0.0204 0
vt -0.0235 0.0000 0
vt -0.0204 -0.0118 0
vt -0.0118 -0.0204 0
vt 0.0106 0.0736 0
vt -0.0271 0.0038 0
vt -0.0280 -0.0036 0
vt -0.0359 0.0592 0
vt -0.0011 0.0767 0
vt -0.0097 0.0853 0
vt -0.0246 0.0149 0
vt -0.0240 0.0308 0
vt -0.0435 0.0712 0
vt -0.0238 0.0208 0
vt -0.0237 0.0269 0
vt -0.0643 0.1584 0
vt -0.0011 0.1174 0
vt 0.0106 0.1206 0
vt -0.0481 0.0846 0
vt -0.0302 0.0506 0
vt 0.0441 0.0599 0
vt 0.0224 0.0767 0
vt 0.0310 0.0853 0
vt 0.0341 0.0971 0
vt 0.0592 0.0853 0
vt 0.0604 0.0928 0
vt 0.0569 0.0782 0
vt 0.0310 0.1088 0
vt 0.0503 0.1276 0
vt 0.0452 0.1332 0
vt -0.0713 0.1763 0
vt -0.0740 0.1790 0
vt 0.0261 0.1446 0
vt -0.0496 0.1144 0
vt -0.0493 0.0993 0
vt -0.0129 0.0971 0
vt -0.0261 0.0410 0
vt -0.0280 -0.0049 0
vt 0.0493 0.0653 0
vt 0.0575 0.1145 0
vt 0.0224 0.1174 0
vt 0.0395 0.1379 0
vt 0.0544 0.1213 0
vt 0.0330 0.1418 0
vt -0.0606 0.1524 0
vt -0.0550 0.1400 0
vt -0.0097 0.1088 0
vt -0.0515 0.1277 0
vt 0.0536 0.0715 0
vt 0.0605 0.1003 0
vt -0.0848 0.1889 0
vt 3.1416 0.0050 0
vt 3.1416 0.0000 0
vt 3.6652 0.0000 0
vt 3.6652 0.0050 0
vt 4.1888 0.0000 0
vt 4.1888 0.0050 0
vt 4.7124 0.0000 0
vt 4.7124 0.0050 0
vt 5.2360 0.0000 0
vt 5.2360 0.0050 0
vt 5.7596 0.0000 0
vt 5.7596 0.0050 0
vt 0.0000 0.0000 0
vt 0.0000 0.0050 0
vt 0.0000 0.0050 0
vt 0.0000 0.0000 0
vt 0.5236 0.0000 0
vt 0.5236 0.0050 0
vt 1.0472 0.0000 0
vt 1.0472 0.0050 0
vt 1.5708 0.0000 0
vt 1.5708 0.0050 0
vt 2.0944 0.0000 0
vt 2.0944 0.0050 0
vt 2.6180 0.0000 0
vt 2.6180 0.0050 0
vt 3.1416 0.0000 0
vt 3.1416 0.0050 0
vt 0.0000 0.0235 0
vt 0.0118 -0.0204 0
vt 0.0204 -0.0118 0
vt -0.0204 0.0118 0
vt -0.0204 -0.0118 0
vt -0.0118 -0.0204 0
vt 0.0235 0.0000 0
vt 0.0204 0.0118 0
vt 0.0118 0.0204 0
vt 0.0000 -0.0235 0
vt -0.0235 0.0000 0
vt -0.0118 0.0204 0
vt 0.0000 4.5983 0
vt 0.0000 4.4962 0
vt 0.3712 4.5624 0
vt 0.4132 4.6173 0
vt 0.0000 4.6173 0
vt 0.0000 4.3942 0
vt 0.3280 4.4786 0
vt 0.2874 4.3705 0
vt 0.0000 4.2921 0
vt 0.2537 4.2636 0
vt 0.0000 4.1900 0
vt 0.0000 4.0880 0
vt 0.0000 3.9859 0
vt 0.1855 4.0383 0
vt 0.0000 3.8839 0
vt 0.1545 3.9256 0
vt 0.0000 3.7818 0
vt 0.0000 3.6797 0
vt 0.1050 3.7027 0
vt 0.0687 3.4765 0
vt 0.0849 3.5897 0
vt 0.0000 3.5777 0
vt 0.0581 3.3683 0
vt 0.0000 3.3735 0
vt 0.0000 3.2715 0
vt 0.0514 3.2537 0
vt 0.0000 3.1694 0
vt 0.0490 3.1431 0
vt 0.0000 3.1416 0
vt 0.0000 3.0691 0
vt 0.0000 3.0242 0
vt 0.0509 3.0320 0
vt 0.0502 3.0490 0
vt 0.0000 2.9559 0
vt 0.0533 2.9827 0
vt 0.0623 2.8701 0
vt 0.0754 2.7581 0
vt 0.0000 2.8433 0
vt 0.0930 2.6437 0
vt 0.0000 2.7304 0
vt 0.1140 2.5340 0
vt 0.0000 2.6273 0
vt 0.0000 2.5216 0
vt 0.1395 2.4199 0
vt 0.0000 2.5142 0
vt 0.1998 2.1943 0
vt 0.1678 2.3087 0
vt 0.0000 2.2883 0
vt 0.2338 2.0808 0
vt 0.0000 2.1749 0
vt 0.3107 1.8630 0
vt 0.2712 1.9709 0
vt 0.0000 1.9491 0
vt 0.0000 1.8407 0
vt 0.3400 1.7557 0
vt 0.0000 1.8356 0
vt 0.0000 1.6096 0
vt 0.3768 1.5611 0
vt 0.3550 1.6431 0
vt 0.0000 1.4968 0
vt 0.4174 1.4968 0
vt 0.0000 1.7224 0
vt 0.0000 2.0621 0
vt 0.0000 2.4016 0
vt 0.0000 3.4756 0
vt 0.1283 3.8158 0
vt 0.2189 4.1498 0
vt 0.4998 4.5111 0
vt 0.0019 4.4962 0
vt 0.0019 4.5983 0
vt 0.0019 4.3942 0
vt 0.0019 4.2921 0
vt 0.5137 4.3971 0
vt 0.0019 4.1900 0
vt 0.5271 4.2831 0
vt 0.0019 4.0880 0
vt 0.5399 4.1688 0
vt 0.0019 3.9859 0
vt 0.5517 4.0548 0
vt 0.5723 3.8261 0
vt 0.0019 3.7818 0
vt 0.0019 3.8839 0
vt 0.5807 3.7124 0
vt 0.0019 3.6797 0
vt 0.5878 3.5980 0
vt 0.0019 3.5777 0
vt 0.5933 3.4836 0
vt 0.0019 3.4756 0
vt 0.5974 3.3697 0
vt 0.0019 3.3736 0
vt 0.5998 3.2555 0
vt 0.0019 3.2715 0
vt 0.6006 3.1416 0
vt 0.0019 3.1694 0
vt 0.0019 3.1416 0
vt 0.5626 3.9405 0
vt 0.4865 4.6173 0
vt 0.0019 4.6173 0
vt 0.6005 3.0935 0
vt 0.5990 2.9794 0
vt 0.0019 3.0691 0
vt 0.0019 2.9559 0
vt 0.0019 3.0242 0
vt 0.5958 2.8651 0
vt 0.0019 2.7304 0
vt 0.5911 2.7507 0
vt 0.5849 2.6363 0
vt 0.0019 2.6273 0
vt 0.5772 2.5214 0
vt 0.5686 2.4115 0
vt 0.0019 2.5142 0
vt 0.0019 2.4016 0
vt 0.5584 2.2974 0
vt 0.0019 2.2883 0
vt 0.5471 2.1827 0
vt 0.0019 2.0621 0
vt 0.5348 2.0678 0
vt 0.5218 1.9537 0
vt 0.0019 1.9491 0
vt 0.5081 1.8393 0
vt 0.4939 1.7249 0
vt 0.0019 1.8356 0
vt 0.0019 1.7224 0
vt 0.4795 1.6106 0
vt 0.0019 1.6096 0
vt 0.4655 1.4999 0
vt 0.0019 1.4968 0
vt 0.4651 1.4968 0
vt 0.0019 1.8407 0
vt 0.0019 2.1749 0
vt 0.0019 2.5216 0
vt 0.0019 2.8433 0
vt 0.0019 3.1416 0
vt 0.6006 3.1416 0
vt 5.3368 0.0916 0
vt 5.4669 0.0916 0
vt 5.4668 0.0909 0
vt 5.3779 0.0733 0
vt 5.1832 0.0916 0
vt 5.2873 0.0560 0
vt 5.1689 0.0550 0
vt 5.0744 0.0544 0
vt 5.0506 0.0916 0
vt 5.0506 0.0543 0
vt 5.0506 0.0916 0
vt 5.0506 0.0543 0
vt 4.9408 0.0542 0
vt 4.8309 0.0916 0
vt 4.8309 0.0541 0
vt 0.1212 -0.0754 0
vt 0.1397 -0.1047 0
vt 0.1441 -0.0849 0
vt -0.1511 -0.2065 0
vt -0.1550 -0.1720 0
vt -0.1672 -0.1898 0
vt -0.1397 -0.2393 0
vt -0.1593 -0.2256 0
vt -0.0966 -0.2932 0
vt -0.1212 -0.2686 0
vt -0.1219 -0.2876 0
vt 0.1511 -0.1375 0
vt 0.1594 -0.1178 0
vt 0.1506 -0.0968 0
vt 0.0345 -0.0209 0
vt 0.0673 -0.0323 0
vt 0.0619 -0.0152 0
vt 0.0000 -0.0170 0
vt 0.0267 -0.0056 0
vt -0.1682 -0.1716 0
vt -0.1642 -0.2079 0
vt -0.1440 -0.2586 0
vt -0.1280 -0.2808 0
vt 0.0673 -0.3117 0
vt 0.0822 -0.3184 0
vt 0.0952 -0.3103 0
vt 0.1212 -0.2686 0
vt 0.0966 -0.2932 0
vt 0.1151 -0.2943 0
vt 0.1643 -0.1356 0
vt 0.1526 -0.1009 0
vt 0.0966 -0.0508 0
vt 0.1219 -0.0557 0
vt 0.0941 -0.0322 0
vt 0.0784 -0.0228 0
vt 0.0445 -0.0094 0
vt -0.0098 -0.0037 0
vt -0.0279 -0.0058 0
vt -0.0966 -0.0508 0
vt -0.1096 -0.0440 0
vt -0.1229 -0.0567 0
vt -0.1212 -0.0754 0
vt -0.1345 -0.0706 0
vt -0.1447 -0.0858 0
vt -0.1526 -0.2424 0
vt -0.1092 -0.2996 0
vt 0.0345 -0.3231 0
vt 0.0000 -0.3270 0
vt 0.0176 -0.3389 0
vt 0.1229 -0.2865 0
vt 0.1346 -0.2725 0
vt 0.1448 -0.2573 0
vt 0.1397 -0.2393 0
vt 0.1532 -0.2411 0
vt 0.1598 -0.2241 0
vt 0.1338 -0.0697 0
vt 0.1087 -0.0433 0
vt 0.0085 -0.0036 0
vt -0.0345 -0.0209 0
vt -0.0457 -0.0097 0
vt -0.0630 -0.0157 0
vt -0.0673 -0.0323 0
vt -0.0796 -0.0235 0
vt -0.0951 -0.0329 0
vt -0.1397 -0.1047 0
vt -0.1532 -0.1021 0
vt -0.1598 -0.1191 0
vt -0.1511 -0.1375 0
vt -0.1645 -0.1366 0
vt -0.1674 -0.1548 0
vt -0.1337 -0.2737 0
vt -0.0673 -0.3117 0
vt -0.0940 -0.3111 0
vt -0.0345 -0.3231 0
vt -0.0617 -0.3281 0
vt -0.0266 -0.3377 0
vt 0.0280 -0.3375 0
vt -0.0083 -0.3396 0
vt 0.0100 -0.3395 0
vt 0.0574 -0.3298 0
vt 0.0632 -0.3275 0
vt 0.0458 -0.3335 0
vt 0.0796 -0.3198 0
vt 0.1098 -0.2991 0
vt 0.1511 -0.2065 0
vt -0.1085 -0.3001 0
vt -0.0784 -0.3205 0
vt -0.0443 -0.3339 0
vt 0.1646 -0.2064 0
vt 0.1674 -0.1883 0
vt 0.1550 -0.1720 0
vt 0.1672 -0.1535 0
vt 0.1682 -0.1716 0
vt 2.9172 0.4796 0
vt 3.1416 0.4796 0
vt 3.1416 0.4646 0
vt 2.6928 0.4796 0
vt 2.9172 0.4646 0
vt 2.4684 0.4796 0
vt 2.6928 0.4646 0
vt 2.2440 0.4796 0
vt 2.4684 0.4646 0
vt 2.0196 0.4796 0
vt 2.2440 0.4646 0
vt 1.7952 0.4796 0
vt 2.0196 0.4646 0
vt 1.5708 0.4796 0
vt 1.7952 0.4646 0
vt 1.3464 0.4796 0
vt 1.5708 0.4646 0
vt 1.1220 0.4796 0
vt 1.3464 0.4646 0
vt 0.8976 0.4796 0
vt 1.1220 0.4646 0
vt 0.6732 0.4796 0
vt 0.8976 0.4646 0
vt 0.4488 0.4796 0
vt 0.6732 0.4646 0
vt 0.2244 0.4796 0
vt 0.4488 0.4646 0
vt 0.0000 0.4796 0
vt 0.2244 0.4646 0
vt 0.0000 0.4646 0
vt 6.0588 0.4796 0
vt 0.0000 0.4796 0
vt 0.0000 0.4646 0
vt 5.8344 0.4796 0
vt 6.0588 0.4646 0
vt 5.6100 0.4796 0
vt 5.8344 0.4646 0
vt 5.3856 0.4796 0
vt 5.6100 0.4646 0
vt 5.1612 0.4796 0
vt 5.3856 0.4646 0
vt 4.9368 0.4796 0
vt 5.1612 0.4646 0
vt 4.7124 0.4796 0
vt 4.9368 0.4646 0
vt 4.4880 0.4796 0
vt 4.7124 0.4646 0
vt 4.2636 0.4796 0
vt 4.4880 0.4646 0
vt 4.0392 0.4796 0
vt 4.2636 0.4646 0
vt 3.8148 0.4796 0
vt 4.0392 0.4646 0
vt 3.5904 0.4796 0
vt 3.8148 0.4646 0
vt 3.3660 0.4796 0
vt 3.5904 0.4646 0
vt 3.1416 0.4796 0
vt 3.3660 0.4646 0
vt 3.1416 0.4646 0
vt 0.0357 -0.2960 0
vt 0.0345 -0.3024 0
vt 0.0673 -0.2910 0
vt 0.0966 -0.2725 0
vt 0.0988 -0.2628 0
vt 0.0692 -0.2832 0
vt 0.0000 -0.3003 0
vt 0.0000 -0.3063 0
vt 0.1212 -0.2480 0
vt 0.1226 -0.2360 0
vt 0.1397 -0.2186 0
vt 0.1393 -0.2041 0
vt 0.1550 -0.1513 0
vt 0.1511 -0.1168 0
vt 0.1479 -0.1333 0
vt 0.1511 -0.1858 0
vt 0.1479 -0.1693 0
vt 0.1397 -0.0841 0
vt 0.1393 -0.0985 0
vt 0.1212 -0.0547 0
vt 0.1226 -0.0667 0
vt 0.0966 -0.0301 0
vt 0.0988 -0.0398 0
vt 0.0673 -0.0117 0
vt 0.0692 -0.0194 0
vt -0.0357 -0.0066 0
vt -0.0345 -0.0002 0
vt -0.0673 -0.0117 0
vt -0.0966 -0.0301 0
vt -0.0988 -0.0398 0
vt -0.0692 -0.0194 0
vt -0.1212 -0.0547 0
vt -0.1226 -0.0667 0
vt -0.1397 -0.0841 0
vt -0.1393 -0.0985 0
vt -0.1511 -0.1168 0
vt -0.1479 -0.1333 0
vt -0.1550 -0.1513 0
vt -0.1511 -0.1858 0
vt -0.1479 -0.1693 0
vt -0.1397 -0.2186 0
vt -0.1393 -0.2041 0
vt -0.1212 -0.2480 0
vt -0.1226 -0.2360 0
vt -0.0966 -0.2725 0
vt -0.0988 -0.2628 0
vt -0.0673 -0.2910 0
vt -0.0692 -0.2832 0
vt -0.0357 -0.2960 0
vt -0.0345 -0.3024 0
vt 0.0000 -0.0023 0
vt 0.0000 0.0037 0
vt 0.0357 -0.0066 0
vt 0.0345 -0.0002 0
vt 2.8999 0.0130 0
vt 3.1416 0.0130 0
vt 3.1416 0.0050 0
vt 2.6583 0.0130 0
vt 2.8999 0.0050 0
vt 2.4166 0.0130 0
vt 2.6583 0.0050 0
vt 2.1749 0.0130 0
vt 2.4166 0.0050 0
vt 1.9333 0.0130 0
vt 2.1749 0.0050 0
vt 1.6916 0.0130 0
vt 1.9333 0.0050 0
vt 1.4500 0.0130 0
vt 1.6916 0.0050 0
vt 1.2083 0.0130 0
vt 1.4500 0.0050 0
vt 0.9666 0.0130 0
vt 1.2083 0.0050 0
vt 0.7250 0.0130 0
vt 0.9666 0.0050 0
vt 0.4833 0.0130 0
vt 0.7250 0.0050 0
vt 0.2417 0.0130 0
vt 0.4833 0.0050 0
vt 0.0000 0.0130 0
vt 0.2417 0.0050 0
vt 0.0000 0.0050 0
vt 6.0415 0.0130 0
vt 0.0000 0.0130 0
vt 0.0000 0.0050 0
vt 5.7999 0.0130 0
vt 6.0415 0.0050 0
vt 5.5582 0.0130 0
vt 5.7999 0.0050 0
vt 5.3165 0.0130 0
vt 5.5582 0.0050 0
vt 5.0749 0.0130 0
vt 5.3165 0.0050 0
vt 4.8332 0.0130 0
vt 5.0749 0.0050 0
vt 4.5916 0.0130 0
vt 4.8332 0.0050 0
vt 4.3499 0.0130 0
vt 4.5916 0.0050 0
vt 4.1082 0.0130 0
vt 4.3499 0.0050 0
vt 3.8666 0.0130 0
vt 4.1082 0.0050 0
vt 3.6249 0.0130 0
vt 3.8666 0.0050 0
vt 3.3833 0.0130 0
vt 3.6249 0.0050 0
vt 3.1416 0.0130 0
vt 3.3833 0.0050 0
vt 3.1416 0.0050 0
vt -0.1393 -0.0954 0
vt -0.1393 -0.2010 0
vt -0.1226 -0.2328 0
vt -0.1479 -0.1302 0
vt -0.0988 -0.2597 0
vt -0.0988 -0.0367 0
vt -0.1226 -0.0636 0
vt 0.1226 -0.2328 0
vt 0.0988 -0.0367 0
vt 0.0692 -0.0163 0
vt 0.1393 -0.0954 0
vt 0.1226 -0.0636 0
vt 0.1479 -0.1662 0
vt 0.1479 -0.1302 0
vt 0.0357 -0.0035 0
vt -0.0357 -0.2929 0
vt 0.0000 -0.2972 0
vt -0.1479 -0.1662 0
vt -0.0692 -0.0163 0
vt 0.0000 0.0008 0
vt 0.1393 -0.2010 0
vt 0.0692 -0.2801 0
vt 0.0988 -0.2597 0
vt 0.0357 -0.2929 0
vt -0.0357 -0.0035 0
vt -0.0692 -0.2801 0
vt 1.5522 0.0308 0
vt 1.5508 0.0616 0
vt 1.4966 0.0616 0
vt 1.4487 0.0000 0
vt 1.5537 0.0000 0
vt 1.4075 0.0613 0
vt 1.4075 -0.0100 0
vt 1.4479 -0.0050 0
vt 1.4471 -0.0100 0
vt 1.3943 -0.0070 0
vt 1.3937 -0.0085 0
vt 1.3644 0.0611 0
vt 1.3762 -0.0070 0
vt 1.2921 0.0608 0
vt 1.2578 -0.0100 0
vt 1.3756 -0.0085 0
vt 1.3750 -0.0100 0
vt 1.2578 0.0605 0
vt 1.1080 0.0000 0
vt 1.0959 0.0591 0
vt 0.9656 0.0288 0
vt 0.9618 0.0576 0
vt 1.2237 0.0000 0
vt 1.2308 0.0603 0
vt 1.2237 -0.0100 0
vt 0.9699 0.0000 0
vt 1.3932 -0.0100 0
vt -0.0013 0.0022 0
vt 0.0013 0.0022 0
vt 0.0022 0.0012 0
vt 0.0000 0.0025 0
vt 0.0025 0.0000 0
vt -0.0025 0.0000 0
vt -0.0022 0.0012 0
vt 0.0025 -0.0526 0
vt -0.0025 -0.0516 0
vt 0.0000 0.0000 0
vt 0.0508 0.0015 0
vt 0.0499 0.0030 0
vt 0.0516 0.0000 0
vt 0.0000 0.0030 0
vt 0.0000 0.0000 0
vt -0.0030 0.0000 0
vt -0.0030 -0.0508 0
vt -0.0015 -0.0517 0
vt 0.0000 -0.0526 0
vt 5.7596 0.0030 0
vt 0.0000 0.0030 0
vt 0.0000 0.0000 0
vt 5.2360 0.0030 0
vt 5.7596 0.0000 0
vt 4.7124 0.0030 0
vt 5.2360 0.0000 0
vt 4.1888 0.0030 0
vt 4.7124 0.0000 0
vt 3.6652 0.0030 0
vt 4.1888 0.0000 0
vt 3.1416 0.0030 0
vt 3.6652 0.0000 0
vt 3.1416 0.0000 0
vt -0.0753 -0.0711 0
vt -0.0614 -0.0355 0
vt -0.0714 -0.0595 0
vt -0.0810 -0.0620 0
vt -0.0787 -0.0702 0
vt -0.0775 -0.0699 0
vt -0.0705 -0.0560 0
vt -0.0714 -0.0525 0
vt -0.0642 -0.0365 0
vt -0.0802 -0.0414 0
vt -0.0775 -0.0490 0
vt -0.0985 -0.0453 0
vt -0.0836 -0.0525 0
vt -0.0810 -0.0499 0
vt -0.0845 -0.0560 0
vt -0.0797 -0.0711 0
vt -0.0762 -0.0702 0
vt -0.0740 -0.0499 0
vt -0.1042 -0.0461 0
vt -0.0836 -0.0595 0
vt -0.0740 -0.0620 0
vt -0.0775 -0.0630 0
vt -0.0840 -0.1239 0
vt -0.0800 -0.1232 0
vt -0.0800 -0.0724 0
vt -0.0750 -0.0724 0
vt -0.0750 -0.1222 0
vt -0.0432 -0.1140 0
vt -0.0949 -0.1255 0
vt -0.0342 -0.1109 0
vt 2.6180 0.0000 0
vt 3.1416 0.0000 0
vt 3.1416 -0.0320 0
vt 2.0944 0.0000 0
vt 2.6180 -0.0320 0
vt 1.5708 0.0000 0
vt 2.0944 -0.0320 0
vt 1.0472 0.0000 0
vt 1.5708 -0.0320 0
vt 0.5236 0.0000 0
vt 1.0472 -0.0320 0
vt 0.0000 0.0000 0
vt 0.5236 -0.0320 0
vt 0.0000 -0.0320 0
vt 5.7596 0.0000 0
vt 0.0000 0.0000 0
vt 0.0000 -0.0320 0
vt 5.2360 0.0000 0
vt 5.7596 -0.0320 0
vt 4.7124 0.0000 0
vt 5.2360 -0.0320 0
vt 4.1888 0.0000 0
vt 4.7124 -0.0320 0
vt 3.6652 0.0000 0
vt 4.1888 -0.0320 0
vt 3.1416 0.0000 0
vt 3.6652 -0.0320 0
vt 3.1416 -0.0320 0
vt 3.1416 -0.0042 0
vt 2.6180 0.0000 0
vt 3.1416 0.0000 0
vt 2.6180 -0.0042 0
vt 2.0944 0.0000 0
vt 2.0944 -0.0042 0
vt 1.5708 0.0000 0
vt 1.5708 -0.0042 0
vt 1.0472 0.0000 0
vt 1.0472 -0.0042 0
vt 0.5236 0.0000 0
vt 0.5236 -0.0042 0
vt 0.0000 0.0000 0
vt 6.2832 -0.0042 0
vt 5.7596 0.0000 0
vt 0.0000 0.0000 0
vt 5.7596 -0.0042 0
vt 5.2360 0.0000 0
vt 5.2360 -0.0042 0
vt 4.7124 0.0000 0
vt 4.7124 -0.0042 0
vt 4.1888 0.0000 0
vt 4.1888 -0.0042 0
vt 3.6652 0.0000 0
vt 3.6652 -0.0042 0
vt 3.1416 0.0000 0
vt 0.9294 -0.0330 0
vt 0.9293 -0.0305 0
vt 0.6690 -0.0131 0
vt 1.0460 -0.0425 0
vt 1.0450 -0.0330 0
vt 0.3788 -0.0346 0
vt 1.0472 -0.0520 0
vt 1.1268 -0.1031 0
vt 1.1315 -0.0520 0
vt 0.3924 0.0054 0
vt 0.3825 0.0060 0
vt 4.2516 0.0916 0
vt 4.2200 0.0794 0
vt 4.1312 0.0891 0
vt 4.3091 0.0700 0
vt 4.3742 0.0916 0
vt 4.3742 0.0636 0
vt 4.1305 0.0916 0
vt 4.5938 0.0916 0
vt 4.5731 0.0597 0
vt 4.3742 0.0636 0
vt 4.5938 0.0593 0
vt 4.3742 0.0916 0
vt -0.1074 -0.0952 0
vt -0.1134 -0.1065 0
vt -0.1012 -0.1188 0
vt -0.0815 -0.1181 0
vt -0.0881 -0.1292 0
vt -0.0734 -0.1386 0
vt 0.0815 -0.1181 0
vt 0.0959 -0.1233 0
vt 0.1087 -0.1115 0
vt -0.1074 0.0952 0
vt -0.0815 0.1181 0
vt -0.1101 0.1321 0
vt -0.1271 -0.0667 0
vt -0.1393 -0.0343 0
vt -0.1466 -0.0455 0
vt -0.0509 -0.1342 0
vt -0.0173 -0.1425 0
vt -0.0414 -0.1518 0
vt 0.0509 -0.1342 0
vt 0.0668 -0.1420 0
vt 0.1074 -0.0952 0
vt -0.0509 0.1342 0
vt -0.0173 0.1425 0
vt -0.0396 0.1674 0
vt -0.0657 0.1589 0
vt -0.0877 0.1480 0
vt -0.1203 0.1229 0
vt -0.1435 0.0000 0
vt -0.1521 -0.0109 0
vt -0.1410 -0.0620 0
vt -0.0577 -0.1461 0
vt 0.0173 -0.1425 0
vt 0.0000 -0.1576 0
vt -0.0245 -0.1556 0
vt -0.0073 -0.1574 0
vt 0.0343 -0.1536 0
vt 0.0508 -0.1488 0
vt 0.0819 -0.1334 0
vt 0.0173 0.1425 0
vt 0.0014 0.1720 0
vt -0.0261 0.1700 0
vt -0.0992 0.1405 0
vt -0.1519 0.0061 0
vt -0.1503 -0.0283 0
vt -0.1335 -0.0778 0
vt -0.1243 -0.0927 0
vt 0.0172 -0.1566 0
vt 0.1201 -0.0983 0
vt 0.1300 -0.0840 0
vt 0.1271 -0.0667 0
vt 0.1382 -0.0685 0
vt 0.1445 -0.0523 0
vt 0.1271 0.0667 0
vt 0.1476 0.0883 0
vt 0.1400 0.0999 0
vt 0.1074 0.0952 0
vt 0.1223 0.1209 0
vt 0.1123 0.1303 0
vt 0.0509 0.1342 0
vt 0.0815 0.1181 0
vt 0.0807 0.1519 0
vt 0.0422 0.1667 0
vt 0.0151 0.1713 0
vt -0.0528 0.1637 0
vt -0.1298 0.1128 0
vt -0.1271 0.0667 0
vt -0.1384 0.1021 0
vt 0.1393 -0.0343 0
vt 0.0683 0.1579 0
vt 0.0554 0.1628 0
vt -0.0124 0.1716 0
vt 0.1490 -0.0354 0
vt 0.1515 -0.0193 0
vt 0.1598 0.0637 0
vt 0.1393 0.0343 0
vt 0.1435 0.0000 0
vt 0.1542 0.0763 0
vt 0.1316 0.1107 0
vt 0.0926 0.1450 0
vt 0.0288 0.1696 0
vt -0.1461 0.0907 0
vt -0.1393 0.0343 0
vt -0.1519 0.0066 0
vt 2.8999 -0.1060 0
vt 3.1416 -0.1060 0
vt 3.1416 -0.1220 0
vt 2.6583 -0.1060 0
vt 2.8999 -0.1220 0
vt 2.4166 -0.1060 0
vt 2.6583 -0.1220 0
vt 2.1749 -0.1060 0
vt 2.4166 -0.1220 0
vt 1.9333 -0.1060 0
vt 2.1749 -0.1220 0
vt 1.6916 -0.1060 0
vt 1.9333 -0.1220 0
vt 1.4500 -0.1060 0
vt 1.6916 -0.1220 0
vt 1.2083 -0.1060 0
vt 1.4500 -0.1220 0
vt 0.9666 -0.1060 0
vt 1.2083 -0.1220 0
vt 0.7250 -0.1060 0
vt 0.9666 -0.1220 0
vt 0.4833 -0.1060 0
vt 0.7250 -0.1220 0
vt 0.2417 -0.1060 0
vt 0.4833 -0.1220 0
vt 0.0000 -0.1060 0
vt 0.2417 -0.1220 0
vt 0.0000 -0.1220 0
vt 6.0415 -0.1060 0
vt 0.0000 -0.1060 0
vt 0.0000 -0.1220 0
vt 5.7999 -0.1060 0
vt 6.0415 -0.1220 0
vt 5.5582 -0.1060 0
vt 5.7999 -0.1220 0
vt 5.3165 -0.1060 0
vt 5.5582 -0.1220 0
vt 5.0749 -0.1060 0
vt 5.3165 -0.1220 0
vt 4.8332 -0.1060 0
vt 5.0749 -0.1220 0
vt 4.5916 -0.1060 0
vt 4.8332 -0.1220 0
vt 4.3499 -0.1060 0
vt 4.5916 -0.1220 0
vt 4.1082 -0.1060 0
vt 4.3499 -0.1220 0
vt 3.8666 -0.1060 0
vt 4.1082 -0.1220 0
vt 3.6249 -0.1060 0
vt 3.8666 -0.1220 0
vt 3.3833 -0.1060 0
vt 3.6249 -0.1220 0
vt 3.1416 -0.1060 0
vt 3.3833 -0.1220 0
vt 3.1416 -0.1220 0
vt -0.1074 0.2387 0
vt -0.0866 0.2301 0
vt -0.1061 0.2048 0
vt -0.0815 0.2616 0
vt -0.0613 0.2496 0
vt 0.0509 0.2777 0
vt 0.0815 0.2616 0
vt 0.0613 0.2496 0
vt 0.1074 0.2387 0
vt 0.0866 0.2301 0
vt -0.1393 0.1778 0
vt -0.1183 0.1752 0
vt -0.1225 0.1435 0
vt -0.1271 0.2102 0
vt -0.0509 0.2777 0
vt -0.0317 0.2618 0
vt -0.0173 0.2860 0
vt 0.0000 0.2660 0
vt 0.0173 0.2860 0
vt 0.0317 0.2618 0
vt -0.1271 0.0768 0
vt -0.1393 0.1092 0
vt -0.1183 0.1118 0
vt -0.1435 0.1435 0
vt 0.1271 0.2102 0
vt 0.1061 0.2048 0
vt 0.1393 0.1778 0
vt 0.1183 0.1752 0
vt 0.0173 0.0010 0
vt 0.0000 0.0210 0
vt 0.0317 0.0252 0
vt -0.1074 0.0483 0
vt -0.1061 0.0823 0
vt 0.1435 0.1435 0
vt 0.1225 0.1435 0
vt 0.0509 0.0093 0
vt 0.0613 0.0374 0
vt -0.0173 0.0010 0
vt -0.0509 0.0093 0
vt -0.0317 0.0252 0
vt -0.0815 0.0254 0
vt -0.0612 0.0374 0
vt -0.0866 0.0569 0
vt 0.1393 0.1092 0
vt 0.1183 0.1118 0
vt 0.1271 0.0768 0
vt 0.1061 0.0823 0
vt 0.1074 0.0483 0
vt 0.0866 0.0569 0
vt 0.0815 0.0254 0
vt 2.8798 -0.1220 0
vt 3.1416 -0.1220 0
vt 3.1416 -0.1310 0
vt 2.6180 -0.1220 0
vt 2.8798 -0.1310 0
vt 2.3562 -0.1220 0
vt 2.6180 -0.1310 0
vt 2.0944 -0.1220 0
vt 2.3562 -0.1310 0
vt 1.8326 -0.1220 0
vt 2.0944 -0.1310 0
vt 1.5708 -0.1220 0
vt 1.8326 -0.1310 0
vt 1.3090 -0.1220 0
vt 1.5708 -0.1310 0
vt 1.0472 -0.1220 0
vt 1.3090 -0.1310 0
vt 0.7854 -0.1220 0
vt 1.0472 -0.1310 0
vt 0.5236 -0.1220 0
vt 0.7854 -0.1310 0
vt 0.2618 -0.1220 0
vt 0.5236 -0.1310 0
vt 0.0000 -0.1220 0
vt 0.2618 -0.1310 0
vt 0.0000 -0.1310 0
vt 6.0214 -0.1220 0
vt 0.0000 -0.1220 0
vt 0.0000 -0.1310 0
vt 5.7596 -0.1220 0
vt 6.0214 -0.1310 0
vt 5.4978 -0.1220 0
vt 5.7596 -0.1310 0
vt 5.2360 -0.1220 0
vt 5.4978 -0.1310 0
vt 4.9742 -0.1220 0
vt 5.2360 -0.1310 0
vt 4.7124 -0.1220 0
vt 4.9742 -0.1310 0
vt 4.4506 -0.1220 0
vt 4.7124 -0.1310 0
vt 4.1888 -0.1220 0
vt 4.4506 -0.1310 0
vt 3.9270 -0.1220 0
vt 4.1888 -0.1310 0
vt 3.6652 -0.1220 0
vt 3.9270 -0.1310 0
vt 3.4034 -0.1220 0
vt 3.6652 -0.1310 0
vt 3.1416 -0.1220 0
vt 3.4034 -0.1310 0
vt 3.1416 -0.1310 0
vt -0.1183 0.1542 0
vt -0.0866 0.2091 0
vt -0.0613 0.2286 0
vt 0.1225 0.1225 0
vt 0.0613 0.2286 0
vt 0.0866 0.2091 0
vt -0.0317 0.2408 0
vt 0.0000 0.2450 0
vt -0.1061 0.1838 0
vt -0.1183 0.0908 0
vt -0.1225 0.1225 0
vt -0.0866 0.0359 0
vt -0.1061 0.0612 0
vt -0.0317 0.0042 0
vt -0.0612 0.0164 0
vt 0.1183 0.0908 0
vt 0.1061 0.0612 0
vt 0.1061 0.1838 0
vt 0.0317 0.2408 0
vt 0.0317 0.0042 0
vt 0.0000 0.0000 0
vt 0.0866 0.0359 0
vt 0.0613 0.0164 0
vt 0.1183 0.1542 0
vt 0.0302 0.1973 0
vt 0.0302 0.2473 0
vt 0.0049 0.2296 0
vt 0.0000 0.2473 0
vt 0.0000 0.2301 0
vt 0.0049 0.1973 0
vt -0.2473 0.0422 0
vt -0.2350 0.0282 0
vt -0.2326 0.0352 0
vt -0.2473 0.0000 0
vt -0.2347 0.0000 0
vt -0.2301 0.0422 0
vt 0.0131 0.2473 0
vt 0.0000 0.2473 0
vt 0.0000 0.1973 0
vt 0.0131 0.1973 0
vt -0.2473 0.0518 0
vt -0.2473 0.0357 0
vt -0.2341 0.0434 0
vt -0.2347 0.0518 0
vt 0.2473 -0.0400 0
vt 0.2473 0.0000 0
vt 0.1973 0.0000 0
vt 0.1973 -0.0400 0
vt -0.0709 0.0203 0
vt -0.0264 -0.0434 0
vt -0.0063 -0.0174 0
vt -0.0220 0.0194 0
vt 0.0068 -0.0271 0
vt 0.0245 -0.0217 0
vt -0.0415 -0.0541 0
vt 0.0403 -0.0044 0
vt -0.0553 -0.0663 0
vt -0.0788 -0.0950 0
vt -0.0678 -0.0801 0
vt -0.0101 -0.0343 0
vt -0.0166 0.0472 0
vt -0.0447 0.0353 0
vt -0.0099 0.0246 0
vt -0.0059 0.0496 0
vt 0.0422 -0.0183 0
vt 0.0724 -0.9545 0
vt 0.0238 -0.9410 0
vt 0.0760 -0.9126 0
vt 0.0289 -0.9053 0
vt 0.0295 -0.8893 0
vt 0.0712 -0.8827 0
vt 0.0880 -0.9177 0
vt 0.0273 -0.9053 0
vt -0.2473 -0.0489 0
vt -0.1973 -0.0489 0
vt -0.1973 -0.0006 0
vt -0.2473 0.0014 0
vt -0.0001 0.0132 0
vt 0.0000 -0.0007 0
vt 0.0278 -0.0016 0
vt 0.0500 0.0138 0
vt 0.0553 0.0467 0
vt 0.0498 0.0499 0
vt 0.0556 -0.0026 0
vt -0.0603 0.0000 0
vt -0.0036 0.0000 0
vt -0.0047 0.0152 0
vt -0.0601 0.0216 0
vt -0.0608 0.0152 0
vt -0.0592 0.0152 0
vt -0.0038 0.0216 0
vt -0.0031 0.0152 0
vt -0.0036 0.0127 0
vt -0.0518 -0.0007 0
vt -0.0262 -0.0093 0
vt -0.0661 0.0294 0
vt -0.0527 -0.0179 0
vt 0.0002 -0.0007 0
vt -0.0617 0.0341 0
vt 0.0000 0.2473 0
vt 0.0000 0.2347 0
vt 0.0085 0.2341 0
vt 0.0161 0.2473 0
vt 0.0422 0.2473 0
vt 0.0000 0.2473 0
vt 0.0000 0.2351 0
vt 0.0422 0.2347 0
vt -0.2473 0.0030 0
vt -0.2473 -0.0272 0
vt -0.2348 -0.0019 0
vt -0.1973 -0.0272 0
vt -0.1973 -0.0019 0
vt -0.2351 0.0030 0
vt 0.2367 -0.0063 0
vt 0.2117 0.0143 0
vt 0.1740 -0.0544 0
vt 0.1385 -0.0174 0
vt 0.1428 -0.0346 0
vt 0.1879 -0.0667 0
vt 0.1541 0.0194 0
vt 0.0919 -0.0044 0
vt 0.1081 -0.0218 0
vt 0.2111 -0.0954 0
vt 0.2204 -0.1115 0
vt 0.2003 -0.0804 0
vt 0.1791 0.0342 0
vt 0.0899 -0.0183 0
vt 0.1589 -0.0436 0
vt 0.1258 -0.0272 0
vt 0.1487 0.0472 0
vt 0.1420 0.0246 0
vt 0.2252 -0.1218 0
vt 0.1381 0.0496 0
vt 0.0760 -0.9126 0
vt 0.0712 -0.8827 0
vt 0.0289 -0.9053 0
vt 0.0724 -0.9545 0
vt 0.0880 -0.9177 0
vt 0.0238 -0.9410 0
vt 0.0295 -0.8893 0
vt 0.0273 -0.9053 0
vt -0.2473 0.0131 0
vt -0.2473 0.0000 0
vt -0.1973 0.0000 0
vt -0.1973 0.0131 0
vt -0.2473 0.0400 0
vt -0.2473 0.0000 0
vt -0.1973 0.0000 0
vt -0.1973 0.0400 0
vt 0.2473 -0.0489 0
vt 0.2473 0.0014 0
vt 0.1973 -0.0006 0
vt 0.1973 -0.0489 0
vt 0.0000 4.7043 0
vt 0.0000 4.6243 0
vt 0.7522 4.6896 0
vt 0.7837 4.5907 0
vt 0.7837 4.6896 0
vt 0.7837 4.8341 0
vt 0.0000 4.7844 0
vt 0.7522 4.7352 0
vt 0.7521 4.7124 0
vt 0.4918 4.8423 0
vt 0.1999 4.8506 0
vt 0.1999 4.9552 0
vt 0.0000 4.9446 0
vt 0.1999 5.0618 0
vt 0.0000 5.0246 0
vt 0.2000 5.1683 0
vt 0.0000 5.1046 0
vt 0.2000 5.2764 0
vt 0.0000 5.3272 0
vt 0.0000 5.2471 0
vt 0.2001 5.3832 0
vt 0.0000 5.4072 0
vt 0.2001 5.4896 0
vt 0.0000 5.4874 0
vt 0.2002 5.5976 0
vt 0.0000 5.5675 0
vt 0.2003 5.7047 0
vt 0.1001 5.7159 0
vt 0.0000 5.6475 0
vt 0.2004 3.6100 0
vt 0.0000 3.6011 0
vt 0.1002 3.5328 0
vt 0.0000 3.5211 0
vt 0.2003 3.7177 0
vt 0.0000 3.6810 0
vt 0.2002 3.8246 0
vt 0.0000 3.8412 0
vt 0.0000 3.7611 0
vt 0.2001 3.9313 0
vt 0.0000 3.9212 0
vt 0.2001 4.0390 0
vt 0.0000 4.0012 0
vt 0.0000 4.1442 0
vt 0.2000 4.1458 0
vt 0.2000 4.2528 0
vt 0.0000 4.2242 0
vt 0.1999 4.3598 0
vt 0.0000 4.3844 0
vt 0.0000 4.3042 0
vt 0.1999 4.4670 0
vt 0.0000 4.4646 0
vt 0.1999 4.5742 0
vt 0.0000 4.5444 0
vt 0.4918 4.5825 0
vt 0.2005 3.5442 0
vt 0.0000 5.7275 0
vt 0.0000 4.8645 0
vt 0.7837 4.7351 0
vt 0.0287 0.0128 0
vt 0.0218 0.0615 0
vt 0.0460 0.0450 0
vt 0.0465 0.0470 0
vt 0.0782 0.0615 0
vt 0.0520 0.0485 0
vt 0.0500 0.0490 0
vt 0.0480 0.0485 0
vt 0.0713 0.0128 0
vt 0.0540 0.0140 0
vt 0.0540 0.0450 0
vt 0.0535 0.0470 0
vt 0.0460 0.0141 0
vt 0.0000 0.0040 0
vt 0.0040 0.0000 0
vt 0.0035 0.0020 0
vt 0.0000 -0.0308 0
vt 0.0040 -0.0308 0
vt -0.0040 0.0000 0
vt -0.0020 0.0035 0
vt -0.0035 0.0020 0
vt -0.0040 -0.0308 0
vt 0.0020 0.0035 0
vt -0.0030 0.0000 0
vt 0.0000 0.0000 0
vt 0.0000 -0.0308 0
vt -0.0030 -0.0309 0
vt 0.0000 0.0030 0
vt 0.0310 0.0030 0
vt 0.0308 0.0000 0
vt 0.0000 0.0000 0
vt 5.7596 0.0030 0
vt 0.0000 0.0030 0
vt 0.0000 0.0000 0
vt 5.2360 0.0030 0
vt 5.7596 0.0000 0
vt 4.7124 0.0030 0
vt 5.2360 0.0000 0
vt 4.1888 0.0030 0
vt 4.7124 0.0000 0
vt 3.6652 0.0030 0
vt 4.1888 0.0000 0
vt 3.1416 0.0030 0
vt 3.6652 0.0000 0
vt 3.1416 0.0000 0
vt 0.4555 -0.9417 0
vt 0.3466 -0.6293 0
vt 0.3998 -0.8382 0
vt 0.0775 -0.2193 0
vt 0.2794 -0.5955 0
vt 0.3155 -0.5728 0
vt 0.3992 -0.8385 0
vt 0.3020 -0.6472 0
vt 0.3375 -0.6334 0
vt 0.5451 -0.9896 0
vt 0.4646 -0.9390 0
vt 0.4463 -0.9445 0
vt 0.1107 -0.2010 0
vt 0.4981 -1.0154 0
vt -0.0060 -0.0510 0
vt -0.0060 0.0052 0
vt -0.0141 0.0052 0
vt -0.0197 -0.0510 0
vt -0.0060 0.0057 0
vt -0.0197 0.0057 0
vt -0.0182 -0.0323 0
vt -0.0060 -0.0323 0
vt -0.0060 0.0100 0
vt -0.0182 0.0100 0
vt -0.0178 0.0000 0
vt -0.0060 0.0000 0
vt 0.0060 0.0052 0
vt 0.0060 -0.0069 0
vt 0.0178 -0.0069 0
vt 0.0184 0.0052 0
vt 0.0060 0.0000 0
vt 0.0184 0.0000 0
vt 0.0133 0.0562 0
vt 0.0060 0.0562 0
vt -0.2123 -0.5208 0
vt -0.1843 -0.4747 0
vt -0.2066 -0.4001 0
vt -0.2174 -0.3948 0
vt -0.2403 -0.5635 0
vt -0.2443 -0.5693 0
vt -0.1863 -0.3382 0
vt -0.1780 -0.3439 0
vt -0.0750 -0.2834 0
vt -0.2713 -0.6073 0
vt -0.4159 -0.7550 0
vt -0.3499 -0.7083 0
vt 0.0185 0.0336 0
vt 0.0658 -0.0391 0
vt 0.0824 -0.0119 0
vt -0.0009 -0.1550 0
vt -0.2772 -0.6154 0
vt -0.3072 -0.6549 0
vt 0.0423 -0.0788 0
vt -0.3918 -0.7683 0
vt -0.3848 -0.7611 0
vt -0.1422 -0.4006 0
vt -0.1750 -0.3534 0
vt -0.3638 -0.7274 0
vt -0.3775 -0.7505 0
vt 0.0867 -0.0040 0
vt 0.0029 0.0060 0
vt 0.0029 0.0133 0
vt -0.0070 0.0123 0
vt -0.0070 0.0060 0
vt 0.0100 0.0060 0
vt 0.0100 0.0123 0
vt 0.0000 0.0117 0
vt 0.0000 0.0060 0
vt 0.0060 0.0052 0
vt 0.0060 -0.0374 0
vt 0.0117 -0.0374 0
vt 0.0141 0.0052 0
vt 0.1318 0.4932 0
vt 0.1786 0.3202 0
vt 0.2311 0.3207 0
vt 0.3459 0.4932 0
vt 0.2796 0.3180 0
vt 0.1318 0.3165 0
vt 0.3216 0.3122 0
vt 0.7163 0.0169 0
vt 0.4589 0.0457 0
vt 0.4690 0.0376 0
vt 0.4670 0.0307 0
vt 0.3615 0.2917 0
vt 0.4366 0.0528 0
vt 0.3978 0.0591 0
vt 0.4148 0.0568 0
vt 0.3490 0.2827 0
vt 0.3496 0.0628 0
vt 0.7163 0.4932 0
vt 0.3615 0.2956 0
vt 0.3492 0.3046 0
vt 0.4519 0.0228 0
vt 0.2767 0.2694 0
vt 0.2280 0.2670 0
vt 0.2947 0.0632 0
vt 0.1790 0.2677 0
vt 0.3198 0.2749 0
vt 0.1318 0.2716 0
vt 0.1318 0.2589 0
vt 0.2057 0.0546 0
vt 0.2440 0.0601 0
vt 0.1786 0.0468 0
vt 0.1318 0.0169 0
vt 0.1672 0.0378 0
vt 0.1776 0.0260 0
vt 0.1674 0.0341 0
vt 0.1998 0.0189 0
vt 0.1318 0.0000 0
vt 0.2375 0.0127 0
vt 0.3429 0.0000 0
vt 0.2853 0.0090 0
vt 0.2614 0.0104 0
vt 0.3359 0.0085 0
vt 0.3829 0.0109 0
vt 0.4254 0.0163 0
vt 0.5022 0.0000 0
vt 0.7163 0.0000 0
vt 0.8650 0.0000 0
vt 0.8682 0.0169 0
vt 0.8681 0.0000 0
vt 0.8682 0.4932 0
vt 0.8682 0.9412 0
vt 0.6902 0.9183 0
vt 0.5045 0.8984 0
vt 0.3650 0.8857 0
vt 0.2624 0.8713 0
vt 0.1971 0.8721 0
vt 0.2757 0.8801 0
vt 0.2662 0.8797 0
vt 0.1318 0.8728 0
vt 0.8682 0.0000 0
vt 0.1850 3.1416 0
vt 0.1926 2.8033 0
vt 1.0000 3.0998 0
vt 1.0000 2.7276 0
vt 0.2260 2.4722 0
vt 1.0000 2.3562 0
vt 0.2837 2.1226 0
vt 1.0000 2.0078 0
vt 0.3539 1.7818 0
vt 1.0000 1.6357 0
vt 0.4325 1.4238 0
vt 1.0000 0.8941 0
vt 1.0000 1.2659 0
vt 0.5055 1.0723 0
vt 0.5055 1.0681 0
vt 0.5092 0.8941 0
vt 0.5141 0.7117 0
vt 1.0000 0.5260 0
vt 0.5198 0.5260 0
vt 0.5257 0.3565 0
vt 0.5390 0.0000 0
vt 1.0000 0.0000 0
vt 1.0000 0.1571 0
vt 1.0000 3.1416 0
vt 1.0000 4.7776 0
vt 1.0000 5.1497 0
vt 0.5063 5.0051 0
vt 1.0000 4.4076 0
vt 0.4340 4.6689 0
vt 1.0000 4.0358 0
vt 0.3559 4.3258 0
vt 1.0000 3.6676 0
vt 0.2803 3.9691 0
vt 1.0000 3.2987 0
vt 0.2229 3.6225 0
vt 0.1850 3.1416 0
vt 1.0000 3.1416 0
vt 0.5390 6.2832 0
vt 0.5473 6.0653 0
vt 1.0000 6.2415 0
vt 0.5599 5.7078 0
vt 1.0000 5.8693 0
vt 0.5696 5.3619 0
vt 1.0000 5.4978 0
vt 1.0000 6.2832 0
vt 0.1904 3.2825 0
vt -0.0064 0.0136 0
vt -0.0010 0.0150 0
vt 0.0045 0.0143 0
vt 0.0063 -0.0136 0
vt 0.0010 -0.0150 0
vt -0.0045 -0.0143 0
vt 0.0094 0.0117 0
vt -0.0094 -0.0117 0
vt 0.0130 0.0075 0
vt -0.0130 -0.0075 0
vt 0.0148 0.0023 0
vt -0.0106 0.0106 0
vt -0.0150 0.0006 0
vt -0.0137 0.0060 0
vt -0.0148 -0.0023 0
vt 0.0106 -0.0106 0
vt 0.0150 -0.0006 0
vt 0.0137 -0.0060 0
vt 0.0150 0.0000 0
vt -0.0150 0.0000 0
vt 0.1805 2.8451 0
vt 1.0000 3.0998 0
vt 1.0000 3.1416 0
vt 1.0000 2.7276 0
vt 0.2021 2.5565 0
vt 0.2257 2.3550 0
vt 1.0000 2.3562 0
vt 0.2450 2.2182 0
vt 0.3013 1.8777 0
vt 1.0000 2.0077 0
vt 0.3676 1.5135 0
vt 1.0000 1.6357 0
vt 0.4309 1.1548 0
vt 1.0000 1.2658 0
vt 0.4810 0.8249 0
vt 1.0000 0.8941 0
vt 0.5201 0.4816 0
vt 0.5427 0.1379 0
vt 1.0000 0.1571 0
vt 0.5466 0.0000 0
vt 1.0000 0.0000 0
vt 1.0000 0.5260 0
vt 0.1755 3.1416 0
vt 1.0000 5.4978 0
vt 1.0000 5.8693 0
vt 0.5439 5.9737 0
vt 0.4891 5.3288 0
vt 1.0000 5.1498 0
vt 0.5261 5.6718 0
vt 1.0000 4.7776 0
vt 0.4634 5.1487 0
vt 0.4363 4.9810 0
vt 1.0000 4.4076 0
vt 0.3752 4.6425 0
vt 1.0000 4.0358 0
vt 0.3139 4.3181 0
vt 1.0000 3.6676 0
vt 0.2541 3.9764 0
vt 0.1852 3.3854 0
vt 1.0000 3.2987 0
vt 0.1755 3.1416 0
vt 1.0000 3.1416 0
vt 0.5466 6.2832 0
vt 1.0000 6.2415 0
vt 1.0000 6.2832 0
vt 0.2131 3.6857 0
vt -0.0064 0.0136 0
vt -0.0010 0.0150 0
vt 0.0045 0.0143 0
vt 0.0063 -0.0136 0
vt 0.0010 -0.0150 0
vt -0.0045 -0.0143 0
vt 0.0094 0.0117 0
vt -0.0094 -0.0117 0
vt 0.0130 0.0075 0
vt -0.0130 -0.0075 0
vt 0.0148 0.0023 0
vt -0.0106 0.0106 0
vt -0.0150 0.0006 0
vt -0.0137 0.0060 0
vt -0.0148 -0.0023 0
vt 0.0106 -0.0106 0
vt 0.0150 -0.0006 0
vt 0.0137 -0.0060 0
vt 0.0150 0.0000 0
vt -0.0150 0.0000 0
vt 0.0017 0.0145 0
vt -0.0022 0.0086 0
vt 0.0018 0.0074 0
vt 0.0051 0.0122 0
vt 0.0096 0.0145 0
vt 0.0075 0.0159 0
vt 0.0040 0.0060 0
vt -0.0287 0.0051 0
vt -0.0369 0.0435 0
vt -0.0389 0.0212 0
vt -0.0453 0.0417 0
vt -0.0444 0.0394 0
vt -0.0356 0.0036 0
vt 0.0399 0.0100 0
vt 0.0398 0.0060 0
vt 0.0791 0.0060 0
vt 0.0796 0.0100 0
vt 0.0033 0.0054 0
vt 0.0066 0.0129 0
vt 0.0026 0.0130 0
vt 0.0001 0.0173 0
vt 0.0001 0.0066 0
vt 0.0065 0.0043 0
vt 0.0026 0.0174 0
vt 0.0000 4.1654 0
vt 0.3245 4.1654 0
vt 0.3247 4.4380 0
vt 0.3247 4.9218 0
vt 0.0000 4.9218 0
vt 0.0000 4.5436 0
vt 0.0000 1.0238 0
vt 0.0000 1.3421 0
vt 0.3247 1.2861 0
vt 0.3247 1.3421 0
vt 0.3245 1.0238 0
vt 0.0000 1.7802 0
vt 0.3217 1.7802 0
vt 0.3218 2.0529 0
vt 0.3223 2.5367 0
vt 0.0000 2.5367 0
vt 0.0000 2.1585 0
vt 0.0000 5.3600 0
vt 0.0000 5.6783 0
vt 0.3223 5.6223 0
vt 0.3223 5.6783 0
vt 0.3220 5.3600 0
vt 0.0000 2.5873 0
vt 0.0000 2.2184 0
vt 0.3221 2.3580 0
vt 0.3220 2.2184 0
vt 0.3224 2.5873 0
vt 0.3228 2.8461 0
vt 0.3235 3.3395 0
vt 0.0000 3.3395 0
vt 0.3236 3.3793 0
vt 0.0000 3.3803 0
vt 0.0000 3.3510 0
vt 0.0000 2.9537 0
vt 0.0000 6.4317 0
vt 0.0000 6.4926 0
vt 0.3235 6.4926 0
vt 0.3234 6.4317 0
vt 0.3228 6.0436 0
vt 0.0000 6.0772 0
vt 0.3222 5.5932 0
vt 0.0000 5.7072 0
vt 0.0000 5.3849 0
vt 0.3220 5.3849 0
vt 0.3218 5.1426 0
vt 0.3217 4.7005 0
vt 0.0000 4.6449 0
vt 0.0000 5.0131 0
vt 0.3218 4.2506 0
vt 0.0000 4.2791 0
vt 0.3223 3.8007 0
vt 0.0000 3.7170 0
vt 0.0000 4.0889 0
vt 0.3229 3.3510 0
vt 0.0000 3.3510 0
vt -0.0028 0.0000 0
vt -0.0030 -0.0025 0
vt -0.0029 -0.0025 0
vt -0.0027 0.0000 0
vt 0.0000 0.2094 0
vt 0.3229 0.2094 0
vt 0.3226 0.4091 0
vt 0.3220 0.8605 0
vt 0.0000 0.9445 0
vt 0.0000 0.5784 0
vt 0.3217 1.2981 0
vt 0.0000 1.2981 0
vt 0.3217 1.3421 0
vt 0.0000 1.3421 0
vt 0.0000 4.4837 0
vt 0.3217 4.4837 0
vt 0.3218 4.2802 0
vt 0.0000 4.1628 0
vt 0.0000 3.7958 0
vt 0.3220 4.0171 0
vt 0.3219 4.1628 0
vt 0.3223 3.7548 0
vt 0.3227 3.4917 0
vt 0.3223 3.7958 0
vt 0.3230 3.2669 0
vt 0.0000 3.3239 0
vt 0.0000 3.4325 0
vt 0.3234 3.0041 0
vt 0.0000 2.9518 0
vt 0.3235 2.9518 0
vt 0.3238 2.7419 0
vt 0.0000 2.5856 0
vt 0.0000 2.2184 0
vt 0.3241 2.4802 0
vt 0.3240 2.5856 0
vt 0.3244 2.2184 0
vt 0.0000 5.3600 0
vt 0.3244 5.3600 0
vt 0.3242 5.5598 0
vt 0.3236 6.0110 0
vt 0.0000 6.0951 0
vt 0.0000 5.7289 0
vt 0.3230 6.4487 0
vt 0.0000 6.4487 0
vt 0.3229 6.4926 0
vt 0.0000 6.4926 0
vt -0.0001 0.0000 0
vt -0.0003 -0.0025 0
vt -0.0002 -0.0025 0
vt 0.0000 0.0000 0
vt 0.0394 -0.0275 0
vt 0.0175 -0.0231 0
vt 0.0165 -0.0242 0
vt 0.0292 0.0411 0
vt 0.0036 0.0313 0
vt 0.0041 0.0300 0
vt 0.0160 -0.0256 0
vt 0.0051 0.0289 0
vt 0.0160 -0.0270 0
vt 0.0064 0.0283 0
vt -0.0274 -0.0455 0
vt -0.0036 -0.0313 0
vt -0.0041 -0.0300 0
vt 0.0160 -0.0272 0
vt 0.0035 0.0314 0
vt -0.0151 -0.0248 0
vt -0.0165 -0.0242 0
vt -0.0051 -0.0289 0
vt 0.0020 -0.0384 0
vt 0.0004 -0.0375 0
vt -0.0323 -0.0832 0
vt 0.0246 -0.0153 0
vt 0.0490 -0.0009 0
vt 0.0285 0.0053 0
vt 0.0285 -0.0055 0
vt 0.0485 0.0089 0
vt 0.0462 0.0180 0
vt 0.0278 0.0083 0
vt 0.0230 0.0176 0
vt 0.0151 0.0247 0
vt 0.0365 0.0344 0
vt 0.0066 0.0282 0
vt 0.0212 0.0459 0
vt -0.0146 0.0348 0
vt -0.0548 0.0482 0
vt -0.0461 0.0331 0
vt -0.0384 0.0166 0
vt -0.0263 0.0149 0
vt -0.0249 0.0154 0
vt -0.0180 -0.0243 0
vt -0.0064 -0.0283 0
vt -0.0022 -0.0348 0
vt -0.0355 -0.0951 0
vt -0.0360 -0.0968 0
vt 0.0328 -0.0348 0
vt 0.0125 -0.0372 0
vt 0.0160 -0.0314 0
vt 0.0146 -0.0348 0
vt 0.0161 -0.0279 0
vt 0.0160 -0.0273 0
vt 0.0476 -0.0102 0
vt 0.0420 0.0269 0
vt 0.0022 0.0348 0
vt 0.0152 0.0483 0
vt -0.0056 0.0393 0
vt -0.0020 0.0384 0
vt -0.0558 0.0497 0
vt -0.0369 0.0126 0
vt -0.0160 0.0256 0
vt -0.0160 0.0271 0
vt -0.0066 -0.0282 0
vt -0.0035 -0.0314 0
vt -0.0288 -0.0644 0
vt 0.0056 -0.0393 0
vt 0.0443 -0.0195 0
vt -0.0004 0.0375 0
vt -0.0803 0.0793 0
vt -0.0092 0.0389 0
vt -0.0673 0.0651 0
vt -0.0175 0.0231 0
vt -0.0165 0.0242 0
vt -0.0239 0.0165 0
vt -0.0160 0.0273 0
vt -0.0161 0.0279 0
vt -0.0160 0.0272 0
vt 0.0092 -0.0389 0
vt -0.0160 0.0314 0
vt -0.0125 0.0372 0
vt -0.0279 -0.0264 0
vt 0.0328 -0.0136 0
vt 0.0423 -0.0214 0
vt 0.0404 -0.0175 0
vt 0.0450 -0.0921 0
vt 0.0355 -0.0842 0
vt 0.0373 -0.0882 0
vt 0.0250 -0.0172 0
vt 0.0231 -0.0212 0
vt 0.0370 -0.0147 0
vt 0.0527 -0.0885 0
vt 0.0547 -0.0845 0
vt 0.0407 -0.0910 0
vt 0.0265 -0.0158 0
vt 0.0285 -0.0145 0
vt 0.0513 -0.0899 0
vt 0.0492 -0.0912 0
vt 0.0229 -0.0250 0
vt 0.0423 -0.0216 0
vt 0.0549 -0.0807 0
vt 0.0354 -0.0841 0
vt 0.0166 -0.0779 0
vt 0.0215 -0.0298 0
vt 0.0161 -0.0351 0
vt 0.0219 -0.0294 0
vt 0.0437 -0.0238 0
vt 0.0225 -0.0287 0
vt 0.0230 -0.0256 0
vt 0.0325 -0.0810 0
vt 0.0341 -0.0819 0
vt 0.0660 -0.0429 0
vt 0.0510 -0.0266 0
vt 0.0323 -0.0810 0
vt 0.0308 -0.0806 0
vt 0.0454 -0.0247 0
vt 0.0453 -0.0247 0
vt 0.0672 -0.0583 0
vt 0.0675 -0.0568 0
vt 0.0634 -0.0681 0
vt 0.0655 -0.0641 0
vt 0.0548 -0.0801 0
vt 0.0230 -0.0257 0
vt 0.0426 -0.0223 0
vt 0.0618 -0.0353 0
vt 0.0574 -0.0307 0
vt 0.0625 -0.0362 0
vt 0.0540 -0.0282 0
vt 0.0239 -0.0775 0
vt 0.0563 -0.0759 0
vt 0.0617 -0.0706 0
vt 0.0548 -0.0800 0
vt 0.0151 -0.0364 0
vt 0.0557 -0.0764 0
vt 0.0547 -0.0798 0
vt 0.0352 -0.0833 0
vt 0.0229 -0.0277 0
vt 0.0228 -0.0771 0
vt 0.0137 -0.0377 0
vt 0.0126 -0.0381 0
vt 0.0209 -0.0770 0
vt 0.0548 -0.0781 0
vt 0.0083 -0.0390 0
vt 0.0675 -0.0492 0
vt 0.0000 3.3510 0
vt 0.3229 3.3510 0
vt 0.3230 3.2901 0
vt 0.3236 2.9020 0
vt 0.0000 2.9356 0
vt 0.0000 3.2901 0
vt 0.3242 2.4517 0
vt 0.0000 2.5656 0
vt 0.0000 2.2433 0
vt 0.3244 2.2433 0
vt 0.3246 2.0010 0
vt 0.3247 1.5589 0
vt 0.0000 1.5033 0
vt 0.0000 1.8715 0
vt 0.3246 1.1090 0
vt 0.0000 1.1376 0
vt 0.3241 0.6591 0
vt 0.0000 0.5754 0
vt 0.0000 0.9473 0
vt 0.3235 0.2094 0
vt 0.0000 0.2094 0
vt 0.0024 -0.0006 0
vt 0.0025 -0.0005 0
vt 0.0000 0.0001 0
vt 0.0000 0.0000 0
vt 0.0000 3.3510 0
vt 0.3235 3.3510 0
vt 0.3238 3.5507 0
vt 0.3244 4.0021 0
vt 0.0000 4.0862 0
vt 0.0000 3.7200 0
vt 0.3247 4.4398 0
vt 0.0000 4.4398 0
vt 0.3247 4.4837 0
vt 0.0000 4.4837 0
vt 0.5206 0.7156 0
vt 0.4120 0.7156 0
vt 0.4120 0.7500 0
vt 0.4120 0.6125 0
vt 0.5206 0.6125 0
vt 0.5206 0.6039 0
vt 0.4120 0.6812 0
vt 0.5206 0.6812 0
vt 0.5206 0.6727 0
vt 0.5206 0.6984 0
vt 0.4120 0.6469 0
vt 0.5206 0.6469 0
vt 0.5206 0.6383 0
vt 0.4120 0.6641 0
vt 0.5206 0.6641 0
vt 0.5206 0.6555 0
vt 0.4120 0.6727 0
vt 0.4120 0.6555 0
vt 0.4120 0.6297 0
vt 0.5206 0.6211 0
vt 0.5206 0.6297 0
vt 0.4120 0.6383 0
vt 0.4120 0.5953 0
vt 0.5206 0.5953 0
vt 0.5206 0.5867 0
vt 0.4120 0.6039 0
vt 0.6293 0.7156 0
vt 0.5206 0.7500 0
vt 0.5750 0.6125 0
vt 0.6293 0.6125 0
vt 0.6293 0.5953 0
vt 0.6293 0.6812 0
vt 0.6293 0.6727 0
vt 0.6293 0.6984 0
vt 0.6293 0.6469 0
vt 0.6293 0.6383 0
vt 0.6293 0.6641 0
vt 0.6293 0.6555 0
vt 0.6293 0.6297 0
vt 0.6293 0.6211 0
vt 0.5206 0.5437 0
vt 0.6293 0.5437 0
vt 0.6293 0.5395 0
vt 0.5206 0.5781 0
vt 0.6293 0.5781 0
vt 0.6293 0.5738 0
vt 0.6293 0.5867 0
vt 0.5750 0.5953 0
vt 0.6293 0.5824 0
vt 0.5206 0.5609 0
vt 0.6293 0.5609 0
vt 0.6293 0.5566 0
vt 0.5206 0.5695 0
vt 0.6293 0.5695 0
vt 0.6293 0.5652 0
vt 0.5206 0.5738 0
vt 0.5206 0.5652 0
vt 0.5206 0.5523 0
vt 0.6293 0.5523 0
vt 0.6293 0.5480 0
vt 0.5206 0.5566 0
vt 0.5206 0.5480 0
vt 0.5206 0.5051 0
vt 0.5206 0.5094 0
vt 0.6293 0.5094 0
vt 0.5206 0.5266 0
vt 0.6293 0.5266 0
vt 0.6293 0.5223 0
vt 0.5206 0.5352 0
vt 0.6293 0.5352 0
vt 0.6293 0.5309 0
vt 0.5206 0.5395 0
vt 0.5206 0.5309 0
vt 0.5206 0.5180 0
vt 0.6293 0.5180 0
vt 0.6293 0.5137 0
vt 0.5206 0.5223 0
vt 0.5206 0.5137 0
vt 0.5206 0.5008 0
vt 0.6293 0.5051 0
vt 0.5206 0.8789 0
vt 0.5206 0.8875 0
vt 0.6293 0.8875 0
vt 0.5206 0.8145 0
vt 0.5206 0.8187 0
vt 0.6293 0.8187 0
vt 0.5206 0.8445 0
vt 0.5750 0.8531 0
vt 0.6293 0.8531 0
vt 0.5206 0.8531 0
vt 0.5750 0.8703 0
vt 0.6293 0.8703 0
vt 0.6293 0.8789 0
vt 0.5206 0.8703 0
vt 0.5206 0.8273 0
vt 0.5206 0.8359 0
vt 0.6293 0.8359 0
vt 0.6293 0.8316 0
vt 0.6293 0.8445 0
vt 0.5206 0.8230 0
vt 0.6293 0.8273 0
vt 0.6293 0.8230 0
vt 0.5206 0.7844 0
vt 0.6293 0.7844 0
vt 0.6293 0.7930 0
vt 0.5206 0.7930 0
vt 0.5206 0.8016 0
vt 0.6293 0.8102 0
vt 0.6293 0.8059 0
vt 0.5206 0.8059 0
vt 0.5206 0.8102 0
vt 0.6293 0.8145 0
vt 0.6293 0.8016 0
vt 0.4120 0.8789 0
vt 0.4120 0.8875 0
vt 0.4120 0.9906 0
vt 0.5206 0.9906 0
vt 0.5206 0.9863 0
vt 0.4120 0.9992 0
vt 0.5206 0.9992 0
vt 0.5206 0.9949 0
vt 0.4120 0.9949 0
vt 0.4120 0.9734 0
vt 0.5206 0.9734 0
vt 0.5206 0.9691 0
vt 0.4120 0.9820 0
vt 0.5206 0.9820 0
vt 0.5206 0.9777 0
vt 0.4120 0.9863 0
vt 0.4120 0.9777 0
vt 0.4120 0.9605 0
vt 0.4120 0.9648 0
vt 0.5206 0.9648 0
vt 0.4120 0.9691 0
vt 0.4120 0.9563 0
vt 0.5206 0.9605 0
vt 0.4120 0.9176 0
vt 0.4120 0.9219 0
vt 0.5206 0.9219 0
vt 0.4120 0.9047 0
vt 0.5206 0.9047 0
vt 0.5206 0.9004 0
vt 0.4120 0.8961 0
vt 0.4120 0.9133 0
vt 0.5206 0.9133 0
vt 0.5206 0.9090 0
vt 0.5206 0.9176 0
vt 0.5206 0.8961 0
vt 0.5206 0.8918 0
vt 0.4120 0.8145 0
vt 0.4120 0.8187 0
vt 0.4120 0.8445 0
vt 0.4663 0.8531 0
vt 0.4120 0.8531 0
vt 0.4663 0.8703 0
vt 0.4120 0.8617 0
vt 0.4120 0.8273 0
vt 0.4120 0.8359 0
vt 0.4120 0.7844 0
vt 0.4120 0.7930 0
vt 0.4120 0.8016 0
vt 0.4120 0.8059 0
vt 0.4120 0.8102 0
vt 0.3576 0.8875 0
vt 0.3576 0.8703 0
vt 0.6293 0.5000 0
vt 0.5004 0.5000 0
vt 0.3361 0.5000 0
vt 0.3362 0.5023 0
vt 0.3365 0.5074 0
vt 0.3365 0.5126 0
vt 0.3364 0.5179 0
vt 0.3363 0.5229 0
vt 0.3361 0.5282 0
vt 0.3359 0.5333 0
vt 0.3355 0.5386 0
vt 0.3347 0.5438 0
vt 0.3359 0.5489 0
vt 0.3381 0.5539 0
vt 0.3317 0.5588 0
vt 0.3167 0.5639 0
vt 0.3126 0.5676 0
vt 0.3414 0.5758 0
vt 0.3283 0.5716 0
vt 0.3225 0.5706 0
vt 0.3401 0.5812 0
vt 0.4120 0.5867 0
vt 0.3423 0.5781 0
vt 0.3317 0.5920 0
vt 0.3317 0.6111 0
vt 0.3308 0.6268 0
vt 0.3303 0.6417 0
vt 0.3306 0.6297 0
vt 0.3300 0.6573 0
vt 0.3302 0.6469 0
vt 0.3300 0.6748 0
vt 0.3300 0.6641 0
vt 0.3300 0.6813 0
vt 0.3300 0.7012 0
vt 0.3300 0.7755 0
vt 0.3311 0.7971 0
vt 0.3300 0.7844 0
vt 0.3310 0.8064 0
vt 0.3315 0.8036 0
vt 0.3317 0.8016 0
vt 0.3300 0.8160 0
vt 0.3300 0.8120 0
vt 0.3302 0.8102 0
vt 0.3305 0.8194 0
vt 0.3318 0.8278 0
vt 0.3303 0.8353 0
vt 0.3302 0.8518 0
vt 0.3299 0.8359 0
vt 0.3319 0.8612 0
vt 0.3320 0.8772 0
vt 0.3481 0.8911 0
vt 0.3277 0.9000 0
vt 0.3157 0.9022 0
vt 0.3454 0.8961 0
vt 0.3064 0.9058 0
vt 0.3094 0.9098 0
vt 0.3238 0.9151 0
vt 0.3358 0.9202 0
vt 0.3780 0.9201 0
vt 0.4204 0.9253 0
vt 0.4683 0.9308 0
vt 0.5206 0.9305 0
vt 0.5206 0.9262 0
vt 0.5206 0.9348 0
vt 0.4747 0.9315 0
vt 0.4369 0.9316 0
vt 0.4094 0.9330 0
vt 0.4978 0.9434 0
vt 0.5206 0.9434 0
vt 0.5206 0.9391 0
vt 0.4129 0.9536 0
vt 0.5206 0.9563 0
vt 0.3516 0.9530 0
vt 0.3774 0.9586 0
vt 0.4075 0.9635 0
vt 0.3344 0.9657 0
vt 0.3344 0.9674 0
vt 0.3344 0.9727 0
vt 0.3344 0.9781 0
vt 0.3343 0.9836 0
vt 0.3343 0.9891 0
vt 0.3342 0.9911 0
vt 0.3341 0.9992 0
vt 0.3341 1.0000 0
vt 0.5004 1.0000 0
vt 0.6667 0.9992 0
vt 0.5802 1.0000 0
vt 0.6666 0.9943 0
vt 0.6665 0.9888 0
vt 0.6665 0.9832 0
vt 0.6664 0.9776 0
vt 0.6664 0.9721 0
vt 0.6664 0.9666 0
vt 0.6664 0.9610 0
vt 0.6664 0.9563 0
vt 0.6664 0.9496 0
vt 0.5491 0.9496 0
vt 0.5931 0.9554 0
vt 0.6664 0.9554 0
vt 0.6665 0.9442 0
vt 0.5022 0.9439 0
vt 0.6666 0.9386 0
vt 0.6666 0.9332 0
vt 0.6667 0.9277 0
vt 0.6668 0.9221 0
vt 0.6670 0.9164 0
vt 0.6671 0.9111 0
vt 0.6672 0.9057 0
vt 0.6673 0.9008 0
vt 0.6673 0.8958 0
vt 0.6673 0.8903 0
vt 0.6676 0.8837 0
vt 0.6686 0.8744 0
vt 0.6693 0.8703 0
vt 0.6699 0.8625 0
vt 0.6654 0.8464 0
vt 0.6652 0.8445 0
vt 0.6684 0.8362 0
vt 0.6731 0.8315 0
vt 0.6763 0.8263 0
vt 0.6762 0.8217 0
vt 0.6740 0.8174 0
vt 0.6714 0.8131 0
vt 0.6697 0.8088 0
vt 0.6684 0.8040 0
vt 0.6677 0.8017 0
vt 0.6687 0.7930 0
vt 0.6717 0.7844 0
vt 0.6718 0.7839 0
vt 0.6700 0.7509 0
vt 0.6293 0.7500 0
vt 0.6769 0.7156 0
vt 0.6648 0.6984 0
vt 0.6579 0.6837 0
vt 0.6593 0.6727 0
vt 0.6710 0.6641 0
vt 0.6729 0.6635 0
vt 0.7027 0.6578 0
vt 0.7243 0.6523 0
vt 0.7210 0.6533 0
vt 0.7327 0.6414 0
vt 0.7345 0.6468 0
vt 0.7014 0.6321 0
vt 0.7186 0.6360 0
vt 0.6904 0.6298 0
vt 0.6696 0.6213 0
vt 0.6672 0.6126 0
vt 0.6676 0.6101 0
vt 0.6684 0.5938 0
vt 0.6676 0.5872 0
vt 0.6672 0.5817 0
vt 0.6670 0.5764 0
vt 0.6669 0.5714 0
vt 0.6666 0.5662 0
vt 0.6664 0.5613 0
vt 0.6661 0.5558 0
vt 0.6659 0.5509 0
vt 0.6657 0.5457 0
vt 0.6655 0.5405 0
vt 0.6652 0.5355 0
vt 0.6650 0.5305 0
vt 0.6649 0.5251 0
vt 0.6647 0.5203 0
vt 0.6647 0.5152 0
vt 0.6646 0.5103 0
vt 0.6647 0.5051 0
vt 0.6647 0.5008 0
vt 0.6293 0.5008 0
vt 0.6648 0.5000 0
vt 0.6575 0.6812 0
vt 0.6701 0.7500 0
vt 0.6676 0.8016 0
vt 0.6667 1.0000 0
vt 0.3341 0.9946 0
vt 0.3398 0.9529 0
vt 0.4543 0.9382 0
vt 0.3991 0.9317 0
vt 0.4120 0.8703 0
vt 0.5123 0.2500 0
vt 0.5123 0.1813 0
vt 0.4159 0.1813 0
vt 0.4159 0.1125 0
vt 0.5123 0.1125 0
vt 0.5123 0.0953 0
vt 0.4159 0.1641 0
vt 0.5123 0.1727 0
vt 0.4159 0.1469 0
vt 0.5123 0.1469 0
vt 0.5123 0.1383 0
vt 0.5123 0.1641 0
vt 0.5123 0.1555 0
vt 0.4159 0.1555 0
vt 0.4159 0.1297 0
vt 0.5123 0.1297 0
vt 0.4159 0.1383 0
vt 0.4159 0.0781 0
vt 0.4159 0.0953 0
vt 0.5123 0.0867 0
vt 0.6088 0.1297 0
vt 0.6088 0.1125 0
vt 0.6088 0.0953 0
vt 0.5123 0.3875 0
vt 0.5123 0.4047 0
vt 0.6088 0.4047 0
vt 0.4159 0.3789 0
vt 0.4159 0.3875 0
vt 0.4159 0.4520 0
vt 0.4159 0.4563 0
vt 0.5123 0.4563 0
vt 0.4159 0.4863 0
vt 0.4159 0.4906 0
vt 0.5123 0.4906 0
vt 0.4159 0.4949 0
vt 0.4159 0.4992 0
vt 0.5123 0.4992 0
vt 0.5123 0.4949 0
vt 0.4159 0.4691 0
vt 0.4159 0.4734 0
vt 0.5123 0.4734 0
vt 0.4159 0.4777 0
vt 0.4159 0.4820 0
vt 0.5123 0.4820 0
vt 0.5123 0.4863 0
vt 0.5123 0.4777 0
vt 0.4159 0.4605 0
vt 0.4159 0.4648 0
vt 0.5123 0.4648 0
vt 0.5123 0.4691 0
vt 0.5123 0.4605 0
vt 0.4159 0.4219 0
vt 0.5123 0.4219 0
vt 0.5123 0.4133 0
vt 0.4159 0.4047 0
vt 0.4159 0.4348 0
vt 0.4159 0.4391 0
vt 0.5123 0.4391 0
vt 0.4159 0.4434 0
vt 0.4159 0.4477 0
vt 0.5123 0.4477 0
vt 0.5123 0.4520 0
vt 0.5123 0.4434 0
vt 0.4159 0.4305 0
vt 0.5123 0.4305 0
vt 0.5123 0.4262 0
vt 0.5123 0.4348 0
vt 0.4159 0.3188 0
vt 0.5123 0.3188 0
vt 0.5123 0.2844 0
vt 0.4159 0.3531 0
vt 0.5123 0.3531 0
vt 0.5123 0.3445 0
vt 0.4159 0.3359 0
vt 0.4159 0.3617 0
vt 0.4159 0.3703 0
vt 0.5123 0.3703 0
vt 0.5123 0.3789 0
vt 0.5123 0.3617 0
vt 0.5123 0.3359 0
vt 0.4159 0.2500 0
vt 0.4159 0.2844 0
vt 0.3677 0.4219 0
vt 0.3677 0.3875 0
vt 0.3408 0.4300 0
vt 0.3338 0.4339 0
vt 0.3322 0.4388 0
vt 0.3334 0.4437 0
vt 0.3343 0.4488 0
vt 0.3342 0.4539 0
vt 0.3341 0.4591 0
vt 0.3345 0.4641 0
vt 0.3351 0.4693 0
vt 0.3353 0.4744 0
vt 0.3351 0.4796 0
vt 0.3356 0.4846 0
vt 0.3362 0.4898 0
vt 0.3363 0.4949 0
vt 0.3361 0.4992 0
vt 0.3361 0.5000 0
vt 0.5004 0.5000 0
vt 0.6293 0.5000 0
vt 0.6649 0.4947 0
vt 0.6651 0.4899 0
vt 0.6653 0.4850 0
vt 0.6655 0.4797 0
vt 0.6657 0.4750 0
vt 0.6659 0.4702 0
vt 0.6662 0.4648 0
vt 0.6664 0.4595 0
vt 0.6667 0.4545 0
vt 0.6671 0.4442 0
vt 0.6673 0.4390 0
vt 0.6674 0.4346 0
vt 0.6674 0.4299 0
vt 0.6674 0.4248 0
vt 0.6676 0.4181 0
vt 0.6692 0.4081 0
vt 0.6647 0.3840 0
vt 0.6088 0.3875 0
vt 0.6642 0.3789 0
vt 0.6831 0.3650 0
vt 0.6972 0.3577 0
vt 0.7029 0.3507 0
vt 0.6887 0.3401 0
vt 0.6973 0.3438 0
vt 0.6783 0.3359 0
vt 0.6652 0.3187 0
vt 0.6700 0.2500 0
vt 0.6695 0.2267 0
vt 0.6692 0.1942 0
vt 0.6683 0.1778 0
vt 0.6702 0.1677 0
vt 0.6675 0.1813 0
vt 0.6703 0.1641 0
vt 0.6700 0.1569 0
vt 0.6696 0.1469 0
vt 0.6700 0.1397 0
vt 0.6695 0.1339 0
vt 0.6694 0.1153 0
vt 0.6688 0.1017 0
vt 0.6687 0.1011 0
vt 0.6684 0.0875 0
vt 0.6682 0.0795 0
vt 0.5123 0.0781 0
vt 0.6682 0.0781 0
vt 0.6681 0.0730 0
vt 0.6680 0.0671 0
vt 0.5123 0.0652 0
vt 0.5123 0.0695 0
vt 0.6679 0.0619 0
vt 0.5123 0.0609 0
vt 0.6678 0.0569 0
vt 0.5123 0.0566 0
vt 0.6677 0.0513 0
vt 0.5123 0.0523 0
vt 0.6676 0.0454 0
vt 0.5123 0.0480 0
vt 0.6675 0.0401 0
vt 0.5123 0.0395 0
vt 0.5123 0.0438 0
vt 0.6674 0.0348 0
vt 0.5123 0.0352 0
vt 0.6673 0.0294 0
vt 0.5123 0.0309 0
vt 0.6672 0.0237 0
vt 0.5123 0.0223 0
vt 0.5123 0.0266 0
vt 0.6671 0.0184 0
vt 0.5123 0.0180 0
vt 0.6670 0.0132 0
vt 0.5123 0.0137 0
vt 0.6669 0.0081 0
vt 0.5123 0.0094 0
vt 0.6668 0.0032 0
vt 0.5123 0.0051 0
vt 0.5802 0.0000 0
vt 0.5004 0.0000 0
vt 0.5123 0.0008 0
vt 0.6667 0.0000 0
vt 0.3341 0.0014 0
vt 0.3340 0.0040 0
vt 0.3339 0.0065 0
vt 0.3338 0.0118 0
vt 0.3337 0.0171 0
vt 0.3336 0.0228 0
vt 0.3335 0.0280 0
vt 0.3333 0.0337 0
vt 0.3334 0.0299 0
vt 0.3332 0.0363 0
vt 0.3332 0.0444 0
vt 0.3331 0.0494 0
vt 0.3327 0.0547 0
vt 0.3328 0.0602 0
vt 0.3361 0.0654 0
vt 0.3479 0.0688 0
vt 0.3551 0.0724 0
vt 0.3481 0.0761 0
vt 0.3512 0.0696 0
vt 0.3282 0.0831 0
vt 0.3239 0.0892 0
vt 0.3309 0.1008 0
vt 0.3274 0.1260 0
vt 0.3261 0.1268 0
vt 0.3356 0.1157 0
vt 0.3218 0.1327 0
vt 0.3228 0.1297 0
vt 0.3280 0.1424 0
vt 0.3256 0.1395 0
vt 0.3303 0.1458 0
vt 0.3308 0.1469 0
vt 0.3319 0.1519 0
vt 0.3338 0.1590 0
vt 0.3324 0.1555 0
vt 0.3313 0.1710 0
vt 0.3347 0.1617 0
vt 0.3314 0.2105 0
vt 0.3287 0.1846 0
vt 0.3309 0.2543 0
vt 0.3309 0.2942 0
vt 0.3310 0.3193 0
vt 0.3307 0.3355 0
vt 0.3303 0.3510 0
vt 0.3303 0.3531 0
vt 0.3307 0.3673 0
vt 0.3310 0.3703 0
vt 0.3327 0.3852 0
vt 0.3298 0.4128 0
vt 0.3248 0.4057 0
vt 0.3599 0.4245 0
vt 0.3519 0.4274 0
vt 0.3540 0.4206 0
vt 0.3328 0.0610 0
vt 0.3332 0.0391 0
vt 0.3341 0.0000 0
vt 0.6704 0.2844 0
vt 0.6687 0.3724 0
vt 0.6669 0.4495 0
vt 0.6648 0.5000 0
vt -0.0080 0.0320 0
vt -0.0304 0.0200 0
vt -0.0304 0.0600 0
vt -0.0097 0.0700 0
vt -0.0097 0.0100 0
vt -0.0311 0.0177 0
vt -0.0080 0.0220 0
vt -0.0396 0.0600 0
vt -0.0400 0.0434 0
vt -0.0417 0.0429 0
vt -0.0350 0.0555 0
vt -0.0383 0.0429 0
vt -0.0383 0.0371 0
vt -0.0327 0.0239 0
vt -0.0350 0.0246 0
vt -0.0429 0.0383 0
vt -0.0373 0.0239 0
vt -0.0389 0.0223 0
vt -0.0659 0.0700 0
vt -0.0389 0.0623 0
vt -0.0371 0.0417 0
vt -0.0327 0.0561 0
vt -0.0311 0.0223 0
vt -0.0366 0.0400 0
vt -0.0400 0.0366 0
vt -0.0311 0.0623 0
vt -0.0659 0.0100 0
vt -0.0373 0.0161 0
vt -0.0350 0.0155 0
vt -0.0720 0.0278 0
vt -0.0396 0.0200 0
vt -0.0434 0.0400 0
vt -0.0373 0.0639 0
vt -0.0373 0.0561 0
vt -0.0371 0.0383 0
vt -0.0327 0.0161 0
vt -0.0389 0.0177 0
vt -0.0429 0.0417 0
vt -0.0720 0.0178 0
vt -0.0311 0.0577 0
vt -0.0350 0.0646 0
vt -0.0389 0.0577 0
vt -0.0327 0.0639 0
vt -0.0417 0.0371 0
vt 2.6180 0.0000 0
vt 3.1416 0.0000 0
vt 3.1416 -0.0160 0
vt 2.0944 0.0000 0
vt 2.6180 -0.0160 0
vt 1.5708 0.0000 0
vt 2.0944 -0.0160 0
vt 1.0472 0.0000 0
vt 1.5708 -0.0160 0
vt 0.5236 0.0000 0
vt 1.0472 -0.0160 0
vt 0.0000 0.0000 0
vt 0.5236 -0.0160 0
vt 0.0000 -0.0160 0
vt 0.0000 0.0000 0
vt 0.5236 0.0000 0
vt 0.5236 -0.0017 0
vt 1.0472 0.0000 0
vt 1.0472 -0.0017 0
vt 1.5708 0.0000 0
vt 1.5708 -0.0017 0
vt 2.0944 0.0000 0
vt 2.0944 -0.0017 0
vt 2.6180 0.0000 0
vt 2.6180 -0.0017 0
vt 3.1416 0.0000 0
vt 3.1416 -0.0017 0
vt 0.0000 -0.0017 0
vt 0.0000 0.0000 0
vt 0.5236 0.0000 0
vt 0.5236 -0.0017 0
vt 1.0472 0.0000 0
vt 1.0472 -0.0017 0
vt 1.5708 0.0000 0
vt 1.5708 -0.0017 0
vt 2.0944 0.0000 0
vt 2.0944 -0.0017 0
vt 2.6180 0.0000 0
vt 2.6180 -0.0017 0
vt 3.1416 0.0000 0
vt 3.1416 -0.0017 0
vt 0.0000 -0.0017 0
vt 5.7596 0.0000 0
vt 0.0000 0.0000 0
vt 0.0000 -0.0160 0
vt 5.2360 0.0000 0
vt 5.7596 -0.0160 0
vt 4.7124 0.0000 0
vt 5.2360 -0.0160 0
vt 4.1888 0.0000 0
vt 4.7124 -0.0160 0
vt 3.6652 0.0000 0
vt 4.1888 -0.0160 0
vt 3.1416 0.0000 0
vt 3.6652 -0.0160 0
vt 3.1416 -0.0160 0
vt 3.1416 -0.0020 0
vt 2.6180 0.0000 0
vt 3.1416 0.0000 0
vt 2.6180 -0.0020 0
vt 2.0944 0.0000 0
vt 2.0944 -0.0020 0
vt 1.5708 0.0000 0
vt 1.5708 -0.0020 0
vt 1.0472 0.0000 0
vt 1.0472 -0.0020 0
vt 0.5236 0.0000 0
vt 0.5236 -0.0020 0
vt 0.0000 0.0000 0
vt 6.2832 -0.0020 0
vt 5.7596 0.0000 0
vt 0.0000 0.0000 0
vt 5.7596 -0.0020 0
vt 5.2360 0.0000 0
vt 5.2360 -0.0020 0
vt 4.7124 0.0000 0
vt 4.7124 -0.0020 0
vt 4.1888 0.0000 0
vt 4.1888 -0.0020 0
vt 3.6652 0.0000 0
vt 3.6652 -0.0020 0
vt 3.1416 0.0000 0
vt 3.1416 0.0000 0
vt 3.6652 0.0000 0
vt 3.6652 -0.0017 0
vt 4.1888 0.0000 0
vt 4.1888 -0.0017 0
vt 4.7124 0.0000 0
vt 4.7124 -0.0017 0
vt 5.2360 0.0000 0
vt 5.2360 -0.0017 0
vt 5.7596 0.0000 0
vt 5.7596 -0.0017 0
vt 0.0000 0.0000 0
vt 0.0000 -0.0017 0
vt 3.1416 -0.0017 0
vt 2.6180 -0.0017 0
vt 3.1416 -0.0017 0
vt 3.1416 -0.0070 0
vt 2.0944 -0.0017 0
vt 2.6180 -0.0070 0
vt 1.5708 -0.0017 0
vt 2.0944 -0.0070 0
vt 1.0472 -0.0017 0
vt 1.5708 -0.0070 0
vt 0.5236 -0.0017 0
vt 1.0472 -0.0070 0
vt 0.0000 -0.0017 0
vt 0.5236 -0.0070 0
vt 0.0000 -0.0070 0
vt 5.7596 -0.0017 0
vt 0.0000 -0.0017 0
vt 0.0000 -0.0070 0
vt 5.2360 -0.0017 0
vt 5.7596 -0.0070 0
vt 4.7124 -0.0017 0
vt 5.2360 -0.0070 0
vt 4.1888 -0.0017 0
vt 4.7124 -0.0070 0
vt 3.6652 -0.0017 0
vt 4.1888 -0.0070 0
vt 3.1416 -0.0017 0
vt 3.6652 -0.0070 0
vt 3.1416 -0.0070 0
vt 3.1416 -0.0021 0
vt 2.6180 0.0000 0
vt 3.1416 0.0000 0
vt 2.6180 -0.0021 0
vt 2.0944 0.0000 0
vt 2.0944 -0.0021 0
vt 1.5708 0.0000 0
vt 1.5708 -0.0021 0
vt 1.0472 0.0000 0
vt 1.0472 -0.0021 0
vt 0.5236 0.0000 0
vt 0.5236 -0.0021 0
vt 0.0000 0.0000 0
vt 6.2832 -0.0021 0
vt 5.7596 0.0000 0
vt 0.0000 0.0000 0
vt 5.7596 -0.0021 0
vt 5.2360 0.0000 0
vt 5.2360 -0.0021 0
vt 4.7124 0.0000 0
vt 4.7124 -0.0021 0
vt 4.1888 0.0000 0
vt 4.1888 -0.0021 0
vt 3.6652 0.0000 0
vt 3.6652 -0.0021 0
vt 3.1416 0.0000 0
vt 3.1416 0.0000 0
vt 3.6652 0.0000 0
vt 3.6652 -0.0017 0
vt 4.1888 0.0000 0
vt 4.1888 -0.0017 0
vt 4.7124 0.0000 0
vt 4.7124 -0.0017 0
vt 5.2360 0.0000 0
vt 5.2360 -0.0017 0
vt 5.7596 0.0000 0
vt 5.7596 -0.0017 0
vt 0.0000 0.0000 0
vt 0.0000 -0.0017 0
vt 3.1416 -0.0017 0
vt 2.6180 -0.0017 0
vt 3.1416 -0.0017 0
vt 3.1416 -0.0070 0
vt 2.0944 -0.0017 0
vt 2.6180 -0.0070 0
vt 1.5708 -0.0017 0
vt 2.0944 -0.0070 0
vt 1.0472 -0.0017 0
vt 1.5708 -0.0070 0
vt 0.5236 -0.0017 0
vt 1.0472 -0.0070 0
vt 0.0000 -0.0017 0
vt 0.5236 -0.0070 0
vt 0.0000 -0.0070 0
vt 5.7596 -0.0017 0
vt 0.0000 -0.0017 0
vt 0.0000 -0.0070 0
vt 5.2360 -0.0017 0
vt 5.7596 -0.0070 0
vt 4.7124 -0.0017 0
vt 5.2360 -0.0070 0
vt 4.1888 -0.0017 0
vt 4.7124 -0.0070 0
vt 3.6652 -0.0017 0
vt 4.1888 -0.0070 0
vt 3.1416 -0.0017 0
vt 3.6652 -0.0070 0
vt 3.1416 -0.0070 0
vt 3.1416 -0.0021 0
vt 2.6180 0.0000 0
vt 3.1416 0.0000 0
vt 2.6180 -0.0021 0
vt 2.0944 0.0000 0
vt 2.0944 -0.0021 0
vt 1.5708 0.0000 0
vt 1.5708 -0.0021 0
vt 1.0472 0.0000 0
vt 1.0472 -0.0021 0
vt 0.5236 0.0000 0
vt 0.5236 -0.0021 0
vt 0.0000 0.0000 0
vt 6.2832 -0.0021 0
vt 5.7596 0.0000 0
vt 0.0000 0.0000 0
vt 5.7596 -0.0021 0
vt 5.2360 0.0000 0
vt 5.2360 -0.0021 0
vt 4.7124 0.0000 0
vt 4.7124 -0.0021 0
vt 4.1888 0.0000 0
vt 4.1888 -0.0021 0
vt 3.6652 0.0000 0
vt 3.6652 -0.0021 0
vt 3.1416 0.0000 0
vt -0.1870 0.8747 0
vt -0.1822 0.8755 0
vt -0.1393 0.7040 0
vt -0.1445 0.7022 0
vt -0.2206 0.8751 0
vt -0.2170 0.8747 0
vt -0.1370 0.7042 0
vt -0.2256 0.8774 0
vt -0.1376 0.6742 0
vt -0.1370 0.6741 0
vt -0.1215 0.5287 0
vt -0.1774 0.8782 0
vt -0.1272 0.4690 0
vt -0.1487 0.6986 0
vt -0.2511 0.7771 0
vt -0.1740 0.8822 0
vt -0.2430 0.8879 0
vt -0.2316 0.8865 0
vt -0.2295 0.8813 0
vt -0.1287 0.4542 0
vt -0.1347 0.6743 0
vt -0.2728 0.4822 0
vt -0.1430 0.6754 0
vt -0.2727 0.4840 0
vt -0.2710 0.5135 0
vt -0.1722 0.8874 0
vt -0.2170 0.9048 0
vt -0.2218 0.9039 0
vt -0.2380 0.9528 0
vt -0.2380 0.9534 0
vt -0.0761 1.0029 0
vt -0.1870 0.9048 0
vt -0.1295 0.6762 0
vt -0.1106 0.6437 0
vt -0.2689 0.5427 0
vt -0.2683 0.5510 0
vt -0.1513 0.6937 0
vt -0.2513 0.7742 0
vt -0.2266 0.9012 0
vt -0.2403 0.9202 0
vt -0.1364 0.7042 0
vt -0.0921 0.8381 0
vt -0.0996 0.7596 0
vt -0.1476 0.6786 0
vt -0.2643 0.6003 0
vt -0.1724 0.8930 0
vt -0.0816 0.9474 0
vt -0.1506 0.6828 0
vt -0.2598 0.6579 0
vt -0.1520 0.6882 0
vt -0.2429 0.8895 0
vt -0.2300 0.8972 0
vt -0.1784 0.9020 0
vt -0.0771 0.9912 0
vt -0.1310 0.7030 0
vt -0.1234 0.6956 0
vt -0.1264 0.6998 0
vt -0.1227 0.6847 0
vt -0.1220 0.6902 0
vt -0.1253 0.6798 0
vt -0.2318 0.8920 0
vt -0.1834 0.9043 0
vt -0.1745 0.8981 0
vt 0.6458 3.1416 0
vt 0.6410 3.5137 0
vt 0.0000 3.4702 0
vt 0.6270 3.8892 0
vt 0.0000 3.8395 0
vt 0.6054 4.2694 0
vt 0.0000 4.1893 0
vt 0.0000 4.5605 0
vt 0.5824 4.6077 0
vt 0.5564 4.9761 0
vt 0.0000 4.9308 0
vt 0.5347 5.3122 0
vt 0.0000 5.3037 0
vt 0.5163 5.6756 0
vt 0.0000 5.6697 0
vt 0.5054 6.0480 0
vt 0.0000 6.0416 0
vt 0.5034 6.2832 0
vt 0.0000 6.2832 0
vt 0.0000 3.1416 0
vt 0.0000 0.0000 0
vt -0.0300 0.0000 0
vt -0.0300 -0.0096 0
vt 0.0000 -0.0096 0
vt 0.5034 0.0000 0
vt 0.5082 0.3694 0
vt 0.0000 0.3286 0
vt 0.0000 0.6979 0
vt 0.0000 1.0478 0
vt 0.5223 0.7426 0
vt 0.0000 1.4190 0
vt 0.5440 1.1215 0
vt 0.0000 1.7892 0
vt 0.5700 1.5009 0
vt 0.0000 2.1621 0
vt 0.5949 1.8557 0
vt 0.0000 2.5282 0
vt 0.6184 2.2294 0
vt 0.0000 2.9001 0
vt 0.6339 2.5526 0
vt 0.0000 3.1416 0
vt 0.6442 2.9267 0
vt 0.6458 3.1416 0
vt 0.0000 0.0000 0
vt 0.0000 0.0075 0
vt -0.0300 0.0075 0
vt -0.0300 0.0000 0
vt 0.0000 0.0000 0
vt 0.6528 0.0000 0
vt 0.6511 0.2210 0
vt 0.0000 0.1571 0
vt 0.6411 0.5941 0
vt 0.0000 0.5259 0
vt 0.0000 0.8933 0
vt 0.6257 0.9254 0
vt 0.6031 1.2970 0
vt 0.0000 1.2649 0
vt 0.5780 1.6681 0
vt 0.0000 1.6351 0
vt 0.5537 2.0379 0
vt 0.5337 2.4062 0
vt 0.0000 2.3562 0
vt 0.5205 2.7736 0
vt 0.0000 2.7276 0
vt 0.5158 3.1416 0
vt 0.0000 3.1416 0
vt 0.0000 3.0993 0
vt 0.0000 2.0080 0
vt 0.0000 0.0000 0
vt 0.5158 3.1416 0
vt 0.5175 3.3604 0
vt 0.0000 3.2987 0
vt 0.0000 3.6675 0
vt 0.0000 4.0348 0
vt 0.5275 3.7304 0
vt 0.0000 4.4065 0
vt 0.5430 4.0602 0
vt 0.0000 4.7767 0
vt 0.5655 4.4302 0
vt 0.0000 5.1495 0
vt 0.5906 4.8005 0
vt 0.0000 5.4978 0
vt 0.6149 5.1708 0
vt 0.0000 5.8692 0
vt 0.6349 5.5416 0
vt 0.6528 6.2832 0
vt 0.0000 6.2832 0
vt 0.0000 6.2409 0
vt 0.6482 5.9126 0
vt 0.0000 3.1416 0
vt 0.0098 -0.0101 0
vt 0.0029 -0.0017 0
vt 0.0017 -0.0029 0
vt 0.0032 0.0150 0
vt 0.0000 0.0034 0
vt 0.0017 0.0029 0
vt 0.0052 -0.0129 0
vt 0.0000 -0.0034 0
vt 0.0140 0.0048 0
vt 0.0029 0.0017 0
vt 0.0034 0.0000 0
vt 0.0116 0.0096 0
vt 0.0081 0.0129 0
vt -0.0098 0.0116 0
vt -0.0130 0.0073 0
vt -0.0029 0.0017 0
vt -0.0032 -0.0135 0
vt -0.0017 -0.0029 0
vt 0.0130 -0.0058 0
vt 0.0145 -0.0006 0
vt 0.0000 0.0154 0
vt -0.0052 0.0144 0
vt -0.0017 0.0029 0
vt -0.0140 -0.0033 0
vt -0.0116 -0.0081 0
vt -0.0029 -0.0017 0
vt -0.0081 -0.0114 0
vt -0.0145 0.0021 0
vt -0.0034 0.0000 0
vt 0.0000 -0.0139 0
vt 2.6180 0.0000 0
vt 3.1416 0.0000 0
vt 3.1416 -0.0050 0
vt 2.0944 0.0000 0
vt 2.6180 -0.0050 0
vt 1.5708 0.0000 0
vt 2.0944 -0.0050 0
vt 1.0472 0.0000 0
vt 1.5708 -0.0050 0
vt 0.5236 0.0000 0
vt 1.0472 -0.0050 0
vt 0.0000 0.0000 0
vt 0.5236 -0.0050 0
vt 0.0000 -0.0050 0
vt 5.7596 0.0000 0
vt 0.0000 0.0000 0
vt 0.0000 -0.0050 0
vt 5.2360 0.0000 0
vt 5.7596 -0.0050 0
vt 4.7124 0.0000 0
vt 5.2360 -0.0050 0
vt 4.1888 0.0000 0
vt 4.7124 -0.0050 0
vt 3.6652 0.0000 0
vt 4.1888 -0.0050 0
vt 3.1416 0.0000 0
vt 3.6652 -0.0050 0
vt 3.1416 -0.0050 0
vt -0.0029 0.0017 0
vt -0.0034 0.0000 0
vt -0.0029 -0.0017 0
vt 0.0029 -0.0017 0
vt 0.0034 0.0000 0
vt 0.0029 0.0017 0
vt -0.0017 -0.0029 0
vt -0.0017 0.0029 0
vt 0.0017 0.0029 0
vt 0.0000 0.0034 0
vt 0.0017 -0.0029 0
vt 0.0000 -0.0034 0
vt 0.0781 0.0400 0
vt 0.0831 0.0379 0
vt 0.0767 0.0279 0
vt 0.0721 0.0233 0
vt 0.0450 0.0111 0
vt 0.0467 0.0221 0
vt 0.0750 0.0284 0
vt 0.0484 0.0250 0
vt 0.0479 0.0267 0
vt 0.0750 0.0404 0
vt 0.0849 0.0150 0
vt 0.0803 0.0121 0
vt 0.0767 0.0221 0
vt 0.0750 0.0111 0
vt 0.0733 0.0221 0
vt 0.0479 0.0233 0
vt 0.0450 0.0216 0
vt 0.0450 0.0404 0
vt 0.0467 0.0279 0
vt 0.0865 0.0347 0
vt 0.0779 0.0267 0
vt 0.0779 0.0233 0
vt 0.0881 0.0194 0
vt 0.0750 0.0216 0
vt 0.0733 0.0279 0
vt 0.0351 0.0365 0
vt 0.0433 0.0279 0
vt 0.0421 0.0267 0
vt 0.0890 0.0299 0
vt 0.0895 0.0248 0
vt 0.0784 0.0250 0
vt 0.0716 0.0250 0
vt 0.0721 0.0267 0
vt 0.0416 0.0115 0
vt 0.0367 0.0137 0
vt 0.0433 0.0221 0
vt 0.0309 0.0220 0
vt 0.0416 0.0250 0
vt 0.0421 0.0233 0
vt 0.0319 0.0320 0
vt 0.0397 0.0394 0
vt 0.0450 0.0284 0
vt 0.0330 0.0175 0
vt 0.0305 0.0273 0
vt 2.6180 0.0000 0
vt 3.1416 0.0000 0
vt 3.1416 -0.0050 0
vt 2.0944 0.0000 0
vt 2.6180 -0.0050 0
vt 1.5708 0.0000 0
vt 2.0944 -0.0050 0
vt 1.0472 0.0000 0
vt 1.5708 -0.0050 0
vt 0.5236 0.0000 0
vt 1.0472 -0.0050 0
vt 0.0000 0.0000 0
vt 0.5236 -0.0050 0
vt 0.0000 -0.0050 0
vt 5.7596 0.0000 0
vt 0.0000 0.0000 0
vt 0.0000 -0.0050 0
vt 5.2360 0.0000 0
vt 5.7596 -0.0050 0
vt 4.7124 0.0000 0
vt 5.2360 -0.0050 0
vt 4.1888 0.0000 0
vt 4.7124 -0.0050 0
vt 3.6652 0.0000 0
vt 4.1888 -0.0050 0
vt 3.1416 0.0000 0
vt 3.6652 -0.0050 0
vt 3.1416 -0.0050 0
vt -0.0029 0.0017 0
vt -0.0034 0.0000 0
vt -0.0029 -0.0017 0
vt 0.0029 -0.0017 0
vt 0.0034 0.0000 0
vt 0.0029 0.0017 0
vt -0.0017 -0.0029 0
vt -0.0017 0.0029 0
vt 0.0017 0.0029 0
vt 0.0000 0.0034 0
vt 0.0017 -0.0029 0
vt 0.0000 -0.0034 0
vt 2.6180 0.0000 0
vt 3.1416 0.0000 0
vt 3.1416 -0.0050 0
vt 2.0944 0.0000 0
vt 2.6180 -0.0050 0
vt 1.5708 0.0000 0
vt 2.0944 -0.0050 0
vt 1.0472 0.0000 0
vt 1.5708 -0.0050 0
vt 0.5236 0.0000 0
vt 1.0472 -0.0050 0
vt 0.0000 0.0000 0
vt 0.5236 -0.0050 0
vt 0.0000 -0.0050 0
vt 5.7596 0.0000 0
vt 0.0000 0.0000 0
vt 0.0000 -0.0050 0
vt 5.2360 0.0000 0
vt 5.7596 -0.0050 0
vt 4.7124 0.0000 0
vt 5.2360 -0.0050 0
vt 4.1888 0.0000 0
vt 4.7124 -0.0050 0
vt 3.6652 0.0000 0
vt 4.1888 -0.0050 0
vt 3.1416 0.0000 0
vt 3.6652 -0.0050 0
vt 3.1416 -0.0050 0
vt 0.0017 0.0029 0
vt -0.0017 0.0029 0
vt -0.0029 0.0017 0
vt 0.0034 0.0000 0
vt -0.0017 -0.0029 0
vt 0.0000 -0.0034 0
vt 0.0000 0.0034 0
vt -0.0034 0.0000 0
vt 0.0029 0.0017 0
vt 0.0017 -0.0029 0
vt -0.0029 -0.0017 0
vt 0.0029 -0.0017 0
vt -0.1447 -0.5480 0
vt -0.1368 -0.5331 0
vt -0.1487 -0.5321 0
vt -0.1306 -0.5172 0
vt -0.1424 -0.5177 0
vt -0.3981 -0.4826 0
vt -0.3996 -0.4640 0
vt -0.4104 -0.4703 0
vt -0.1537 -0.5614 0
vt -0.1566 -0.5460 0
vt -0.4101 -0.4474 0
vt -0.3986 -0.4444 0
vt -0.3959 -0.4296 0
vt -0.4091 -0.4874 0
vt -0.3957 -0.5316 0
vt -0.3859 -0.5269 0
vt -0.3907 -0.5150 0
vt -0.1766 -0.5853 0
vt -0.1639 -0.5734 0
vt -0.1775 -0.5709 0
vt -0.1665 -0.5593 0
vt -0.1389 -0.3988 0
vt -0.1460 -0.4123 0
vt -0.1452 -0.4139 0
vt -0.1491 -0.3779 0
vt -0.1555 -0.3960 0
vt -0.4075 -0.4132 0
vt -0.3894 -0.4094 0
vt -0.3843 -0.3987 0
vt -0.3992 -0.4488 0
vt -0.3997 -0.4606 0
vt -0.3996 -0.4639 0
vt -0.3954 -0.4986 0
vt -0.3837 -0.5314 0
vt -0.3874 -0.5466 0
vt -0.3759 -0.5454 0
vt -0.3677 -0.5720 0
vt -0.3551 -0.5837 0
vt -0.3538 -0.5713 0
vt -0.1900 -0.5812 0
vt -0.1891 -0.5945 0
vt -0.1776 -0.3267 0
vt -0.1748 -0.3701 0
vt -0.3939 -0.2905 0
vt -0.2963 -0.3324 0
vt -0.2935 -0.3318 0
vt -0.3980 -0.3306 0
vt -0.3798 -0.3907 0
vt -0.3911 -0.4139 0
vt -0.4063 -0.5024 0
vt -0.4022 -0.5163 0
vt -0.3655 -0.5595 0
vt -0.3782 -0.5599 0
vt -0.3411 -0.5940 0
vt -0.3408 -0.5817 0
vt -0.3263 -0.5906 0
vt -0.3118 -0.5972 0
vt -0.3276 -0.6018 0
vt -0.2034 -0.5898 0
vt -0.1644 -0.3823 0
vt -0.1669 -0.3791 0
vt -0.2158 -0.2551 0
vt -0.3138 -0.6079 0
vt -0.2499 -0.6162 0
vt -0.2483 -0.6048 0
vt -0.2642 -0.6059 0
vt -0.2034 -0.6027 0
vt -0.2177 -0.5967 0
vt -0.1866 -0.3592 0
vt -0.1808 -0.3642 0
vt -0.2429 -0.3321 0
vt -0.2332 -0.3345 0
vt -0.2115 -0.2630 0
vt -0.3117 -0.3365 0
vt -0.3268 -0.3427 0
vt -0.3165 -0.3382 0
vt -0.3409 -0.3506 0
vt -0.3354 -0.3473 0
vt -0.2977 -0.6129 0
vt -0.2959 -0.6022 0
vt -0.2803 -0.6050 0
vt -0.2823 -0.6158 0
vt -0.2668 -0.6170 0
vt -0.2474 -0.6160 0
vt -0.2337 -0.6135 0
vt -0.2178 -0.6089 0
vt -0.2328 -0.6017 0
vt -0.1350 -0.4669 0
vt -0.1355 -0.4847 0
vt -0.1236 -0.4844 0
vt -0.1227 -0.4682 0
vt -0.1237 -0.4509 0
vt -0.2585 -0.3298 0
vt -0.2531 -0.3304 0
vt -0.2892 -0.3310 0
vt -0.3758 -0.3846 0
vt -0.1380 -0.5011 0
vt -0.1265 -0.5021 0
vt -0.1357 -0.4482 0
vt -0.1267 -0.4343 0
vt -0.1371 -0.4360 0
vt -0.1318 -0.4170 0
vt -0.1994 -0.3498 0
vt -0.3962 -0.3130 0
vt -0.3539 -0.3604 0
vt -0.1817 -0.3190 0
vt -0.2133 -0.3421 0
vt -0.2278 -0.3362 0
vt -0.1964 -0.2912 0
vt -0.2738 -0.3295 0
vt -0.3657 -0.3719 0
vt -0.1402 -0.4248 0
vt 0.0000 0.9688 0
vt 0.1477 0.9864 0
vt 0.1183 0.9483 0
vt 0.0000 0.9375 0
vt 0.0875 0.9085 0
vt 0.0000 0.9062 0
vt 0.0648 0.8787 0
vt 0.0000 0.8750 0
vt 0.0560 0.8670 0
vt 0.0000 0.8437 0
vt 0.0286 0.8296 0
vt 0.1708 1.0299 0
vt 0.1106 1.0000 0
vt 0.1336 1.0299 0
vt 0.0000 1.0000 0
vt 0.1812 1.0299 0
vt 0.0000 0.7885 0
vt 0.0000 0.8125 0
vt 0.0280 0.0824 0
vt 0.0000 0.0820 0
vt 0.0000 0.0938 0
vt 0.0564 0.0437 0
vt 0.0000 0.0625 0
vt 0.0000 0.0312 0
vt 0.0878 0.0023 0
vt 0.1214 -0.0415 0
vt 0.0559 -0.0417 0
vt 0.0237 0.0000 0
vt 0.0000 0.0000 0
vt 0.0000 0.1226 0
vt 0.0298 0.0069 0
vt 0.0484 0.0112 0
vt 0.0476 0.0028 0
vt 0.0292 -0.0015 0
vt 0.1827 0.1418 0
vt 0.1827 0.1621 0
vt 0.2246 0.1621 0
vt 0.2245 0.1459 0
vt 0.2245 0.1418 0
vt 0.2245 0.1299 0
vt 0.1827 0.1216 0
vt 0.1827 0.1013 0
vt 0.2244 0.1139 0
vt 0.2244 0.1216 0
vt 0.1827 0.0810 0
vt 0.2243 0.0980 0
vt 0.2243 0.0821 0
vt 0.2242 0.0664 0
vt 0.1827 0.0608 0
vt 0.2242 0.0608 0
vt 0.2242 0.0508 0
vt 0.1827 0.0405 0
vt 0.1827 0.0203 0
vt 0.2242 0.0352 0
vt 0.2242 0.0405 0
vt 0.2241 0.0198 0
vt 0.2241 0.0043 0
vt 0.1827 0.0000 0
vt 0.2241 0.0000 0
vt 0.0000 0.0045 0
vt 0.0083 0.0045 0
vt 0.0083 0.0016 0
vt 0.0000 0.0016 0
vt 0.1561 0.1617 0
vt 0.2015 0.1617 0
vt 0.2015 0.1459 0
vt 0.1561 0.1408 0
vt 0.2015 0.1408 0
vt 0.2015 0.1297 0
vt 0.1561 0.1199 0
vt 0.1561 0.0990 0
vt 0.2015 0.1135 0
vt 0.2015 0.1199 0
vt 0.2016 0.0972 0
vt 0.2016 0.0808 0
vt 0.1561 0.0781 0
vt 0.2017 0.0645 0
vt 0.1561 0.0572 0
vt 0.1561 0.0363 0
vt 0.2017 0.0480 0
vt 0.2017 0.0572 0
vt 0.1561 0.0154 0
vt 0.2018 0.0315 0
vt 0.2018 0.0363 0
vt 0.2019 0.0150 0
vt 0.2020 0.0000 0
vt 0.1561 0.0000 0
vt 0.2020 -0.0044 0
vt 0.1661 -0.0045 0
vt 0.1561 -0.0045 0
vt 0.4836 1.0000 0
vt 0.4836 0.0000 0
vt 0.4807 0.7738 0
vt 0.4770 0.0000 0
vt 0.4818 0.9944 0
vt 0.4895 0.8593 0
vt 0.4859 0.0907 0
vt 0.4902 1.0000 0
vt 0.4855 0.0000 0
vt 0.4818 1.0000 0
vt 0.3694 0.3341 0
vt 0.3694 0.6659 0
vt 0.3731 0.6736 0
vt 0.3806 0.0468 0
vt 0.3727 0.0000 0
vt 0.3708 0.1596 0
vt 0.3768 0.3659 0
vt 0.3665 0.3937 0
vt 0.3693 1.0000 0
vt 0.3617 0.6934 0
vt 0.3577 1.0000 0
vt 0.3811 0.0000 0
vt -0.0020 0.0582 0
vt 0.0019 0.0426 0
vt -0.0022 0.0446 0
vt -0.0068 0.0528 0
vt -0.0095 0.0731 0
vt 0.0021 0.0336 0
vt 0.0045 0.0222 0
vt -0.0130 -0.1431 0
vt -0.0172 -0.1427 0
vt -0.0213 -0.1252 0
vt -0.0097 -0.1065 0
vt -0.0260 -0.1052 0
vt 0.0000 4.6246 0
vt 0.0000 4.7205 0
vt 0.8404 4.7205 0
vt 0.0000 4.5287 0
vt 0.8718 4.5957 0
vt 0.9023 4.4728 0
vt 0.0000 4.4328 0
vt 0.0000 4.4687 0
vt 0.0000 2.2266 0
vt 1.0016 2.2542 0
vt 0.9769 2.1331 0
vt 0.9492 2.0080 0
vt 0.0000 2.0348 0
vt 0.9207 1.8861 0
vt 0.0000 1.9388 0
vt 0.0000 1.8429 0
vt 0.8917 1.7674 0
vt 0.0000 1.7470 0
vt 0.8627 1.6511 0
vt 0.0000 2.3003 0
vt 1.0244 2.3779 0
vt 0.0922 2.4204 0
vt 0.1769 2.5423 0
vt 0.2535 2.6676 0
vt 1.0611 2.6234 0
vt 0.3150 2.7859 0
vt 0.3675 2.9102 0
vt 1.0849 2.8710 0
vt 0.4057 3.0302 0
vt 1.0913 2.9934 0
vt 0.4314 3.1516 0
vt 1.0939 3.1170 0
vt 0.4436 3.2723 0
vt 1.0928 3.2399 0
vt 1.0792 3.4869 0
vt 1.0878 3.3642 0
vt 0.4425 3.3922 0
vt 1.0670 3.6099 0
vt 0.4280 3.5130 0
vt 0.3605 3.7526 0
vt 1.0474 3.7613 0
vt 1.0512 3.7349 0
vt 0.3080 3.8731 0
vt 1.0325 3.8571 0
vt 1.0108 3.9809 0
vt 0.9861 4.1060 0
vt 0.2450 3.9916 0
vt 0.0875 4.2303 0
vt 0.9570 4.2409 0
vt 0.9601 4.2268 0
vt 0.9310 4.3537 0
vt 0.0000 4.3441 0
vt 0.1690 4.1140 0
vt 0.4007 3.6326 0
vt 1.0748 2.7474 0
vt 1.0445 2.5021 0
vt 0.0000 1.6511 0
vt 0.0000 2.1307 0
vt 0.0079 0.0121 0
vt 0.0288 0.0441 0
vt 0.0343 0.0093 0
vt 0.0422 0.0351 0
vt 0.0556 0.0261 0
vt 0.0243 0.0014 0
vt 0.1431 -0.0131 0
vt 0.1065 -0.0098 0
vt 0.1103 0.0268 0
vt 0.1467 0.0268 0
vt 4.4455 0.0002 0
vt 4.7035 0.0001 0
vt 4.7035 -0.0163 0
vt 4.1875 0.0001 0
vt 4.4889 -0.0220 0
vt 4.2742 -0.0294 0
vt 4.1875 -0.0315 0
vt -0.0079 0.0121 0
vt -0.0423 -0.0104 0
vt -0.0601 0.0231 0
vt -0.0288 0.0441 0
vt 0.1947 1.0000 0
vt 0.2108 1.0000 0
vt 0.2109 0.6254 0
vt 0.2109 0.5000 0
vt 0.1759 0.7413 0
vt 0.1786 1.0000 0
vt 0.2109 0.5000 0
vt 0.1735 0.5001 0
vt 0.1897 0.0000 0
vt 0.1685 0.0000 0
vt 0.1721 0.3634 0
vt 0.2109 0.2553 0
vt 0.2108 0.0000 0
vt 0.3479 0.4191 0
vt 0.3539 0.4228 0
vt 0.3575 0.4219 0
vt 0.3415 0.4274 0
vt 0.3408 0.4193 0
vt 0.3587 0.4216 0
vt 0.3682 0.4206 0
vt 0.3255 0.4374 0
vt 0.3343 0.4206 0
vt 0.3306 0.4220 0
vt 0.3212 0.4272 0
vt 0.3105 0.4516 0
vt 0.3160 0.4312 0
vt 0.3041 0.4425 0
vt 0.2971 0.4697 0
vt 0.2932 0.4557 0
vt 0.2855 0.4913 0
vt 0.2864 0.4659 0
vt 0.2831 0.4715 0
vt 0.2767 0.4838 0
vt 0.2762 0.5158 0
vt 0.2745 0.4886 0
vt 0.2672 0.5073 0
vt 0.2612 0.5274 0
vt 0.2692 0.5428 0
vt 0.2650 0.5714 0
vt 0.2567 0.5486 0
vt 0.2538 0.5705 0
vt 0.2534 0.5745 0
vt 0.2646 0.5754 0
vt 0.2632 0.6038 0
vt 0.2528 0.5813 0
vt 0.2520 0.6026 0
vt 0.2527 0.6253 0
vt 0.2644 0.6321 0
vt 0.2683 0.6599 0
vt 0.2550 0.6478 0
vt 0.2535 0.6352 0
vt 0.2589 0.6698 0
vt 0.2645 0.6911 0
vt 0.2579 0.6650 0
vt 0.2746 0.6862 0
vt 0.2652 0.6933 0
vt 0.2715 0.7111 0
vt 0.2832 0.7106 0
vt 0.2939 0.7323 0
vt 0.2799 0.7297 0
vt 0.2751 0.7196 0
vt 0.3064 0.7511 0
vt 0.2897 0.7467 0
vt 0.2874 0.7430 0
vt 0.3006 0.7616 0
vt 0.3125 0.7743 0
vt 0.3204 0.7665 0
vt 0.3171 0.7786 0
vt 0.3218 0.7825 0
vt 0.3385 0.7827 0
vt 0.3341 0.7790 0
vt 0.3699 0.4207 0
vt 0.0634 0.0035 0
vt 0.0634 0.0006 0
vt 0.0441 0.0004 0
vt 0.0440 0.0033 0
vt 0.1467 0.2553 0
vt 0.1822 0.2634 0
vt 0.1642 0.0000 0
vt 0.1816 0.0000 0
vt 0.1467 0.5000 0
vt 0.1829 0.5000 0
vt 0.1467 0.5000 0
vt 0.1467 0.6254 0
vt 0.1833 0.6347 0
vt 0.1468 1.0000 0
vt 0.1844 1.0000 0
vt 0.1468 0.0000 0
vt 4.4455 -0.0002 0
vt 4.1875 -0.0001 0
vt 4.1875 0.0335 0
vt 4.7035 -0.0001 0
vt 4.4455 0.0349 0
vt 4.7035 0.0367 0
vt 0.0000 1.0000 0
vt 0.0000 1.0380 0
vt 0.3975 1.0359 0
vt 0.0000 0.9137 0
vt 0.4219 1.0000 0
vt 0.4856 0.9031 0
vt 0.0000 0.8486 0
vt 0.0000 0.7831 0
vt 0.5455 0.8059 0
vt 0.5588 0.7832 0
vt 0.0000 0.6807 0
vt 0.6010 0.7073 0
vt 0.6293 0.6527 0
vt 0.0000 0.6586 0
vt 0.0000 0.5221 0
vt 0.6507 0.6089 0
vt 0.0610 0.4890 0
vt 0.0305 0.4900 0
vt 0.6895 0.5221 0
vt 0.1584 0.4805 0
vt 0.6938 0.5119 0
vt 0.7305 0.4131 0
vt 0.4255 0.3881 0
vt 0.3432 0.4306 0
vt 0.7375 0.3916 0
vt 0.2487 0.4623 0
vt 0.4873 0.3394 0
vt 0.7594 0.3156 0
vt 0.7724 0.2611 0
vt 0.5377 0.2612 0
vt 0.5265 0.2879 0
vt 0.7807 0.2187 0
vt 0.5457 0.1962 0
vt 0.5429 0.2342 0
vt 0.7942 0.1208 0
vt 0.5498 0.1305 0
vt 0.5515 0.0978 0
vt 0.7995 0.0292 0
vt 0.5551 0.0000 0
vt 0.7997 0.0000 0
vt 0.0000 0.4910 0
vt 3.0722 0.0243 0
vt 3.0722 0.0199 0
vt 2.8776 0.0211 0
vt 2.6892 0.0231 0
vt 2.6912 0.0268 0
vt 2.8680 0.0252 0
vt 2.4725 0.0263 0
vt 2.4870 0.0293 0
vt 2.2744 0.0325 0
vt 2.2496 0.0301 0
vt 2.0310 0.0339 0
vt 2.0555 0.0360 0
vt 1.6001 0.0404 0
vt 1.6001 0.0426 0
vt 1.6236 0.0423 0
vt 1.8318 0.0395 0
vt 1.8169 0.0374 0
vt 1.7090 0.0389 0
vt 0.0506 -0.0811 0
vt 0.0481 -0.0821 0
vt 0.0480 -0.0872 0
vt 0.0481 -0.0792 0
vt 0.0490 -0.0607 0
vt 0.0471 -0.0628 0
vt 0.0471 -0.0500 0
vt 0.0441 -0.0466 0
vt 0.0463 -0.0574 0
vt 0.0504 -0.0903 0
vt 0.0465 -0.1035 0
vt 0.0446 -0.0405 0
vt 0.0424 -0.0405 0
vt 0.0430 -0.1195 0
vt 0.0457 -0.1195 0
vt 0.0474 -0.1123 0
vt 0.5959 0.9676 0
vt 0.8566 1.0000 0
vt 0.8516 0.8964 0
vt 0.5966 0.8621 0
vt 0.8382 0.7929 0
vt 0.8165 0.6885 0
vt 0.5942 0.7462 0
vt 0.5763 0.6907 0
vt 0.7870 0.5848 0
vt 0.5612 0.6667 0
vt 0.5310 0.6321 0
vt 0.7776 0.5567 0
vt 0.4626 0.5798 0
vt 0.3773 0.5368 0
vt 0.7500 0.4821 0
vt 0.2819 0.5051 0
vt 0.7352 0.4459 0
vt 0.1878 0.4858 0
vt 0.0000 0.4459 0
vt 0.0789 0.4760 0
vt 0.0000 0.4734 0
vt 0.0394 0.4747 0
vt 0.7046 0.3759 0
vt 0.0000 0.3351 0
vt 0.6540 0.2728 0
vt 0.0000 0.2243 0
vt 0.2857 0.1221 0
vt 0.5968 0.1690 0
vt 0.5713 0.1255 0
vt 0.0000 0.1188 0
vt 0.5949 0.7570 0
vt 0.5952 1.0000 0
vt 1.3821 0.0423 0
vt 1.3536 0.0389 0
vt 1.2631 0.0375 0
vt 1.6001 0.0449 0
vt 1.5598 0.0417 0
vt 1.6001 0.0422 0
vt 0.9464 0.0358 0
vt 1.1659 0.0392 0
vt 1.1288 0.0353 0
vt 0.9085 0.0315 0
vt 0.8525 0.0344 0
vt 0.6954 0.0279 0
vt 0.7235 0.0325 0
vt 0.4977 0.0296 0
vt 0.4916 0.0250 0
vt 0.4414 0.0290 0
vt 0.3078 0.0230 0
vt 0.2912 0.0277 0
vt 0.1044 0.0218 0
vt 0.1044 0.0267 0
vt 0.0109 0.0172 0
vt 0.0082 0.0184 0
vt 0.0083 0.0184 0
vt 0.0160 0.0204 0
vt 0.0136 0.0160 0
vt 0.0131 0.0217 0
vt 0.0092 0.0207 0
vt 0.0103 0.0231 0
vt -0.0241 -0.0005 0
vt -0.0197 -0.0007 0
vt -0.0199 -0.0031 0
vt -0.0240 0.0022 0
vt -0.0195 0.0018 0
vt -0.0243 -0.0031 0
vt -0.0194 0.0028 0
vt -0.0195 0.0018 0
vt -0.0240 0.0022 0
vt -0.0193 0.0038 0
vt -0.0241 0.0030 0
vt -0.0241 0.0038 0
vt 4.9559 0.0760 0
vt 5.0679 0.0329 0
vt 5.0339 0.0260 0
vt 5.0994 0.0475 0
vt 5.0880 0.0395 0
vt 4.9886 0.0198 0
vt 5.1008 0.0502 0
vt 5.1016 0.0536 0
vt 5.1023 0.0528 0
vt 5.0284 0.0652 0
vt 5.0028 0.0735 0
vt 5.0342 0.0706 0
vt 5.0462 0.0691 0
vt 5.0777 0.0637 0
vt 5.0968 0.0574 0
vt 5.1010 0.0544 0
vt 4.9048 0.0768 0
vt 4.9339 0.0149 0
vt 4.7404 0.0761 0
vt 4.8727 0.0117 0
vt 4.8136 0.0104 0
vt 4.8069 0.0103 0
vt 4.4996 0.0751 0
vt 4.7034 0.0759 0
vt 4.6662 0.0097 0
vt 4.7404 0.0101 0
vt 4.2989 0.0742 0
vt 4.4641 0.0089 0
vt 4.5269 0.0091 0
vt 3.9541 0.0470 0
vt 4.0136 0.0668 0
vt 4.0556 0.0707 0
vt 3.9515 0.0501 0
vt 3.9613 0.0564 0
vt 3.9827 0.0621 0
vt 4.1032 0.0730 0
vt 3.9858 0.0309 0
vt 3.9686 0.0365 0
vt 4.0622 0.0179 0
vt 4.0342 0.0215 0
vt 3.9938 0.0289 0
vt 3.9568 0.0438 0
vt 4.0845 0.0155 0
vt 4.2011 0.0087 0
vt 4.1412 0.0112 0
vt 4.2628 0.0080 0
vt 4.3134 0.0082 0
vt 4.1364 0.0735 0
vt 4.4631 0.0368 0
vt 4.7417 0.0397 0
vt 4.7417 0.0321 0
vt 4.5614 0.0302 0
vt 4.2900 0.0273 0
vt 4.0264 0.0247 0
vt 3.9945 0.0316 0
vt 4.1943 0.0338 0
vt 3.9096 0.0307 0
vt 3.7583 0.0227 0
vt 3.6386 0.0284 0
vt 3.5014 0.0217 0
vt 3.2460 0.0217 0
vt 3.2460 0.0265 0
vt 3.3707 0.0269 0
vt 6.2319 0.0226 0
vt 6.2420 0.0201 0
vt 6.0628 0.0199 0
vt 5.8323 0.0204 0
vt 5.9622 0.0259 0
vt 6.2218 0.0252 0
vt 5.5637 0.0219 0
vt 5.7118 0.0275 0
vt 5.4642 0.0298 0
vt 5.1945 0.0326 0
vt 5.2852 0.0243 0
vt 5.0234 0.0270 0
vt 4.7417 0.0300 0
vt 4.9234 0.0355 0
vt 4.7417 0.0374 0
vt 0.6997 0.9034 0
vt 0.8780 0.8647 0
vt 0.8639 0.9621 0
vt 0.7032 1.0000 0
vt 0.7018 0.8066 0
vt 0.8976 0.7676 0
vt 0.7097 0.7093 0
vt 0.9161 0.6922 0
vt 0.9223 0.6692 0
vt 0.7139 0.6738 0
vt 0.6888 0.6288 0
vt 0.9510 0.5740 0
vt 0.1388 0.5163 0
vt -0.0018 0.5125 0
vt 0.0000 0.5124 0
vt 0.9850 0.4758 0
vt 0.3080 0.5291 0
vt 0.6115 0.5896 0
vt 0.4780 0.5543 0
vt 0.0000 0.4870 0
vt 0.0000 0.3844 0
vt 1.0226 0.3776 0
vt 0.0000 0.2819 0
vt 1.0627 0.2817 0
vt 0.5520 0.1867 0
vt 0.0000 0.1842 0
vt 1.1040 0.1892 0
vt 0.8599 1.0000 0
vt 0.7109 0.0342 0
vt 0.8631 0.0000 0
vt 0.8568 0.0970 0
vt 0.7220 0.1313 0
vt 0.7083 0.0000 0
vt 0.8593 0.2610 0
vt 0.7454 0.2611 0
vt 0.7387 0.2290 0
vt 0.8560 0.1305 0
vt 0.8563 0.1945 0
vt 0.8615 0.2913 0
vt 0.8725 0.3892 0
vt 0.7546 0.3531 0
vt 0.7602 0.3242 0
vt 0.6986 0.3955 0
vt 0.0000 1.0380 0
vt 0.0000 1.0000 0
vt 1.0553 1.0000 0
vt 1.0433 0.9719 0
vt 0.0000 0.9137 0
vt 1.0194 0.9137 0
vt 0.9686 0.7779 0
vt 1.0043 0.8752 0
vt 0.0000 0.8486 0
vt 0.0000 0.7831 0
vt 0.0000 0.6807 0
vt 0.9377 0.6817 0
vt 0.0000 0.6586 0
vt 0.9292 0.6526 0
vt 0.0000 0.5221 0
vt 0.8963 0.5221 0
vt 0.9104 0.5822 0
vt 0.8888 0.4861 0
vt 0.5929 0.4324 0
vt 0.4408 0.4625 0
vt 0.2622 0.4819 0
vt 0.0643 0.4902 0
vt 0.0000 0.4910 0
vt 0.0322 0.4906 0
vt 1.0707 1.0357 0
vt -0.0321 0.0344 0
vt -0.0561 0.0371 0
vt -0.0467 0.0294 0
vt -0.0913 0.0338 0
vt -0.0881 0.0271 0
vt -0.0852 0.0276 0
vt -0.1193 0.0247 0
vt -0.1040 0.0231 0
vt -0.0413 0.0288 0
vt -0.0632 0.0300 0
vt -0.0615 0.0371 0
vt -0.0795 0.0286 0
vt -0.1403 0.0134 0
vt -0.1338 0.0094 0
vt -0.1193 0.0171 0
vt -0.1388 0.0061 0
vt -0.0307 0.0269 0
vt -0.0222 0.0002 0
vt -0.0271 0.0003 0
vt -0.0270 0.0032 0
vt -0.0222 0.0031 0
vt 0.1071 -0.0586 0
vt 0.1194 -0.0289 0
vt 0.1243 -0.0445 0
vt 0.0875 -0.0840 0
vt 0.1105 -0.0739 0
vt -0.1182 -0.0289 0
vt -0.1060 -0.0586 0
vt -0.1224 -0.0499 0
vt -0.0864 0.0899 0
vt -0.1060 0.0644 0
vt -0.1106 0.0861 0
vt 0.1304 -0.0142 0
vt 0.1236 0.0029 0
vt 0.1283 -0.0294 0
vt 0.1183 -0.0594 0
vt 0.0902 -0.0987 0
vt 0.0778 -0.1092 0
vt -0.0609 -0.1036 0
vt -0.0757 -0.1107 0
vt -0.0856 -0.1029 0
vt -0.1164 -0.0635 0
vt -0.1224 0.0029 0
vt -0.1299 -0.0190 0
vt -0.1182 0.0348 0
vt -0.1284 0.0517 0
vt -0.1066 0.0913 0
vt 0.1336 0.0235 0
vt 0.1012 -0.0868 0
vt 0.0621 -0.1036 0
vt 0.0646 -0.1179 0
vt 0.0500 -0.1250 0
vt 0.0006 -0.1201 0
vt 0.0324 -0.1159 0
vt 0.0192 -0.1336 0
vt -0.0313 -0.1159 0
vt -0.0441 -0.1273 0
vt -0.0588 -0.1209 0
vt -0.0864 -0.0840 0
vt -0.1073 -0.0787 0
vt -0.1155 -0.0651 0
vt -0.1270 -0.0349 0
vt -0.1308 0.0338 0
vt -0.1161 0.0779 0
vt -0.0955 0.1035 0
vt -0.0833 0.1141 0
vt 0.0006 0.1259 0
vt 0.0093 0.1419 0
vt 0.0255 0.1398 0
vt 0.0348 -0.1303 0
vt -0.0128 -0.1344 0
vt -0.0729 -0.1127 0
vt -0.0971 -0.0916 0
vt -0.1309 -0.0026 0
vt -0.1215 0.0684 0
vt -0.1185 0.0737 0
vt -0.0609 0.1095 0
vt -0.0313 0.1218 0
vt -0.0548 0.1309 0
vt -0.0184 0.1411 0
vt 0.0036 0.1422 0
vt 0.0875 0.0899 0
vt 0.0621 0.1095 0
vt 0.0796 0.1176 0
vt 0.1071 0.0644 0
vt 0.1226 0.0692 0
vt 0.1291 0.0549 0
vt 0.0032 -0.1350 0
vt -0.0288 -0.1318 0
vt -0.0793 0.1170 0
vt -0.0604 0.1284 0
vt -0.0071 0.1421 0
vt -0.0395 0.1365 0
vt -0.0234 0.1403 0
vt 0.0324 0.1218 0
vt 0.0504 0.1329 0
vt 0.0923 0.1078 0
vt 0.1040 0.0960 0
vt 0.1142 0.0830 0
vt 0.1194 0.0348 0
vt -0.0694 0.1235 0
vt 0.0284 0.1392 0
vt 0.0347 0.1378 0
vt 0.0764 0.1198 0
vt 0.1317 0.0469 0
vt 0.0654 0.1262 0
vt 0.1332 0.0395 0
vt 0.1336 0.0352 0
vt 2.8798 0.0055 0
vt 3.1416 0.0055 0
vt 3.1416 0.0000 0
vt 2.6180 0.0055 0
vt 2.8798 0.0000 0
vt 2.3562 0.0055 0
vt 2.6180 0.0000 0
vt 2.0944 0.0055 0
vt 2.3562 0.0000 0
vt 1.8326 0.0055 0
vt 2.0944 0.0000 0
vt 1.5708 0.0055 0
vt 1.8326 0.0000 0
vt 1.3090 0.0055 0
vt 1.5708 0.0000 0
vt 1.0472 0.0055 0
vt 1.3090 0.0000 0
vt 0.7854 0.0055 0
vt 1.0472 0.0000 0
vt 0.5236 0.0055 0
vt 0.7854 0.0000 0
vt 0.2618 0.0055 0
vt 0.5236 0.0000 0
vt 0.0000 0.0055 0
vt 0.2618 0.0000 0
vt 0.0000 0.0000 0
vt 6.0214 0.0055 0
vt 0.0000 0.0055 0
vt 0.0000 0.0000 0
vt 5.7596 0.0055 0
vt 6.0214 0.0000 0
vt 5.4978 0.0055 0
vt 5.7596 0.0000 0
vt 5.2360 0.0055 0
vt 5.4978 0.0000 0
vt 4.9742 0.0055 0
vt 5.2360 0.0000 0
vt 4.7124 0.0055 0
vt 4.9742 0.0000 0
vt 4.4506 0.0055 0
vt 4.7124 0.0000 0
vt 4.1888 0.0055 0
vt 4.4506 0.0000 0
vt 3.9270 0.0055 0
vt 4.1888 0.0000 0
vt 3.6652 0.0055 0
vt 3.9270 0.0000 0
vt 3.4034 0.0055 0
vt 3.6652 0.0000 0
vt 3.1416 0.0055 0
vt 3.4034 0.0000 0
vt 3.1416 0.0000 0
vt -0.1065 0.0615 0
vt -0.0870 -0.0870 0
vt -0.0615 -0.1065 0
vt -0.1188 -0.0318 0
vt -0.1188 0.0318 0
vt 0.0870 -0.0870 0
vt 0.0870 0.0870 0
vt 0.0615 0.1065 0
vt 0.1065 0.0615 0
vt 0.1188 -0.0318 0
vt 0.1230 0.0000 0
vt 0.1065 -0.0615 0
vt -0.1065 -0.0615 0
vt -0.1230 0.0000 0
vt -0.0318 -0.1188 0
vt -0.0318 0.1188 0
vt -0.0615 0.1065 0
vt -0.0870 0.0870 0
vt 0.1188 0.0318 0
vt 0.0318 0.1188 0
vt 0.0318 -0.1188 0
vt 0.0615 -0.1065 0
vt 0.0000 -0.1230 0
vt 0.0000 0.1230 0
vt 1.7896 0.3526 0
vt 1.7905 0.2843 0
vt 1.7937 0.2824 0
vt 1.7838 0.2867 0
vt 1.7243 0.3496 0
vt 1.7242 0.2876 0
vt 1.7496 0.2876 0
vt 1.7497 0.3496 0
vt 1.7750 0.2876 0
vt 1.7751 0.3497 0
vt 1.7212 0.2874 0
vt 1.7821 0.3503 0
vt 1.7156 0.3505 0
vt 1.7128 0.2858 0
vt 1.7959 0.2805 0
vt 1.7953 0.3562 0
vt 1.7713 0.2407 0
vt 1.7750 0.2596 0
vt 1.7496 0.2596 0
vt 1.7417 0.2414 0
vt 1.7242 0.2595 0
vt 1.7127 0.2404 0
vt 1.8024 0.2382 0
vt 1.7820 0.2603 0
vt 1.7895 0.2625 0
vt 1.7952 0.2662 0
vt 1.7155 0.2605 0
vt 1.8375 0.2335 0
vt 1.7973 0.2686 0
vt 1.8680 0.2278 0
vt 1.7984 0.2708 0
vt 1.7986 0.2758 0
vt 1.7974 0.3586 0
vt 1.7985 0.3608 0
vt 1.8680 0.4452 0
vt 1.7988 0.3658 0
vt 1.8388 0.4405 0
vt 1.8021 0.4342 0
vt 1.7960 0.3705 0
vt 1.7906 0.3744 0
vt 1.7939 0.3724 0
vt 1.7840 0.3767 0
vt 1.7752 0.3777 0
vt 1.7502 0.4240 0
vt 1.7125 0.4160 0
vt 1.7243 0.3776 0
vt 1.7497 0.3776 0
vt 1.7213 0.3775 0
vt 1.6932 0.4117 0
vt 1.7129 0.3758 0
vt 1.6402 0.3994 0
vt 1.7061 0.3724 0
vt 1.7008 0.3626 0
vt 1.7015 0.3670 0
vt 1.7019 0.3678 0
vt 1.7060 0.2824 0
vt 1.7030 0.3576 0
vt 1.7015 0.3601 0
vt 1.7082 0.3533 0
vt 1.7069 0.3541 0
vt 1.6402 0.2301 0
vt 1.7007 0.2726 0
vt 1.7014 0.2769 0
vt 1.7018 0.2778 0
vt 1.7029 0.2676 0
vt 1.7013 0.2701 0
vt 1.6847 0.2378 0
vt 1.7081 0.2633 0
vt 1.7068 0.2641 0
vt 1.6544 0.2330 0
vt 0.0000 0.0768 0
vt 0.0000 0.0704 0
vt 5.9297 0.0714 0
vt 5.3823 0.0768 0
vt 5.9039 0.0768 0
vt 5.5753 0.0722 0
vt 4.8607 0.0768 0
vt 5.2180 0.0727 0
vt 5.3826 0.0725 0
vt 4.8589 0.0729 0
vt 4.5003 0.0726 0
vt 4.3392 0.0768 0
vt 4.3388 0.0724 0
vt 4.1440 0.0720 0
vt 3.8176 0.0768 0
vt 3.4383 0.0768 0
vt 3.8164 0.0712 0
vt 3.4383 0.0701 0
vt -0.0109 0.0088 0
vt 0.0130 0.0052 0
vt 0.0087 0.0110 0
vt -0.0228 -0.0292 0
vt -0.0095 -0.0427 0
vt -0.0028 -0.0413 0
vt -0.0208 -0.0358 0
vt -0.0160 -0.0407 0
vt 0.0021 0.0138 0
vt 0.0140 0.0000 0
vt 0.0025 -0.0370 0
vt -0.0051 0.0130 0
vt 0.0134 -0.0041 0
vt -0.0134 0.0041 0
vt -0.0222 -0.0246 0
vt 0.0046 -0.0328 0
vt 0.0768 0.0000 0
vt 0.0701 0.0000 0
vt 0.0672 -0.0150 0
vt 0.0768 -0.0300 0
vt 0.0647 -0.0300 0
vt 3.1017 0.0768 0
vt 3.4383 0.0768 0
vt 3.4383 0.0647 0
vt 3.3089 0.0644 0
vt 2.6080 0.0768 0
vt 2.9311 0.0636 0
vt 2.1143 0.0768 0
vt 2.5543 0.0630 0
vt 2.1785 0.0626 0
vt 2.1144 0.0625 0
vt 1.8031 0.0624 0
vt 1.6207 0.0768 0
vt 1.1270 0.0768 0
vt 1.4270 0.0624 0
vt 1.6206 0.0624 0
vt 1.0503 0.0628 0
vt 0.6733 0.0633 0
vt 1.1269 0.0627 0
vt 0.6333 0.0768 0
vt 0.2967 0.0641 0
vt 0.2967 0.0768 0
vt -0.0768 0.0000 0
vt -0.0768 -0.0300 0
vt -0.0666 -0.0150 0
vt -0.0641 -0.0300 0
vt -0.0695 0.0000 0
vt 0.2967 0.0768 0
vt 0.2967 0.0695 0
vt 0.0000 0.0704 0
vt 0.0000 0.0768 0
vt 0.0000 0.0768 0
vt 0.0000 0.0723 0
vt 5.9297 0.0733 0
vt 5.3823 0.0768 0
vt 5.9039 0.0768 0
vt 5.5753 0.0741 0
vt 4.8607 0.0768 0
vt 5.2180 0.0747 0
vt 5.3826 0.0745 0
vt 4.8589 0.0748 0
vt 4.5003 0.0745 0
vt 4.3392 0.0768 0
vt 4.3388 0.0743 0
vt 4.1440 0.0739 0
vt 3.8176 0.0768 0
vt 3.4383 0.0768 0
vt 3.8164 0.0731 0
vt 3.4383 0.0720 0
vt -0.0051 0.0130 0
vt 0.0130 0.0052 0
vt 0.0087 0.0110 0
vt -0.0160 -0.0407 0
vt -0.0095 -0.0427 0
vt -0.0028 -0.0413 0
vt 0.0025 -0.0370 0
vt -0.0228 -0.0292 0
vt -0.0208 -0.0358 0
vt 0.0021 0.0138 0
vt -0.0109 0.0088 0
vt -0.0134 0.0041 0
vt 0.0140 0.0000 0
vt -0.0222 -0.0246 0
vt 0.0046 -0.0328 0
vt 0.0134 -0.0041 0
vt 0.0768 0.0000 0
vt 0.0720 0.0000 0
vt 0.0691 -0.0150 0
vt 0.0768 -0.0300 0
vt 0.0666 -0.0300 0
vt 3.1017 0.0768 0
vt 3.4383 0.0768 0
vt 3.4383 0.0666 0
vt 3.3089 0.0663 0
vt 2.6080 0.0768 0
vt 2.9311 0.0655 0
vt 2.1143 0.0768 0
vt 2.5543 0.0649 0
vt 2.1785 0.0645 0
vt 2.1144 0.0644 0
vt 1.8031 0.0643 0
vt 1.6207 0.0768 0
vt 1.1270 0.0768 0
vt 1.4270 0.0643 0
vt 1.6206 0.0643 0
vt 1.0503 0.0647 0
vt 0.6733 0.0652 0
vt 1.1269 0.0646 0
vt 0.6333 0.0768 0
vt 0.2967 0.0660 0
vt 0.2967 0.0768 0
vt -0.0768 0.0000 0
vt -0.0768 -0.0300 0
vt -0.0685 -0.0150 0
vt -0.0660 -0.0300 0
vt -0.0714 0.0000 0
vt 0.2967 0.0768 0
vt 0.2967 0.0714 0
vt 0.0000 0.0723 0
vt 0.0000 0.0768 0
vt 0.7805 -0.1619 0
vt 0.6289 -0.1967 0
vt 0.6267 -0.1968 0
vt 0.4263 -0.1788 0
vt 0.5967 -0.1990 0
vt 0.6619 -0.2418 0
vt 0.7471 -0.2835 0
vt 0.7471 -0.2835 0
vt 0.6445 -0.2911 0
vt 0.5996 -0.2675 0
vt 0.6018 -0.2674 0
vt 0.7486 -0.2812 0
vt 0.6317 -0.2652 0
vt 0.4241 -0.3074 0
vt 0.5914 -0.2666 0
vt 0.6371 -0.1976 0
vt 0.6567 -0.2104 0
vt 0.6517 -0.2050 0
vt 0.7506 -0.2791 0
vt 0.7553 -0.2763 0
vt 0.7530 -0.2775 0
vt 0.5717 -0.2538 0
vt 0.5768 -0.2592 0
vt 0.5886 -0.2006 0
vt 0.6609 -0.2176 0
vt 0.6473 -0.2602 0
vt 0.6398 -0.2636 0
vt 0.5676 -0.2467 0
vt 0.5666 -0.2224 0
vt 0.5650 -0.2305 0
vt 0.5747 -0.2092 0
vt 0.5696 -0.2158 0
vt 0.5811 -0.2041 0
vt 0.6449 -0.2005 0
vt 0.6538 -0.2550 0
vt 0.6588 -0.2485 0
vt 0.5836 -0.2638 0
vt 0.6635 -0.2337 0
vt 0.4196 -0.2795 0
vt 0.5653 -0.2387 0
vt 0.6632 -0.2255 0
vt 0.7608 -0.2754 0
vt 0.7692 -0.2779 0
vt 0.7641 -0.2758 0
vt 0.4196 -0.2205 0
vt 0.4112 -0.2784 0
vt 0.7805 -0.2810 0
vt 0.7731 -0.2816 0
vt 0.4205 -0.1726 0
vt 0.4190 -0.1673 0
vt 0.4112 -0.2216 0
vt 0.4214 -0.1780 0
vt 0.4169 -0.1618 0
vt 0.7548 -0.1554 0
vt 0.7599 -0.1566 0
vt 0.7710 -0.1528 0
vt 0.7729 -0.1508 0
vt 0.7662 -0.1556 0
vt 0.7686 -0.1545 0
vt 0.7608 -0.1566 0
vt 0.7805 -0.0776 0
vt 0.7553 -0.1263 0
vt 0.7530 -0.1275 0
vt 0.3930 -0.1145 0
vt 0.7506 -0.1292 0
vt 0.7486 -0.1312 0
vt 0.7744 -0.1484 0
vt 0.7508 -0.1530 0
vt 0.7471 -0.1335 0
vt 0.7761 -0.1432 0
vt 0.7760 -0.1380 0
vt 0.7472 -0.1488 0
vt 0.7608 -0.1254 0
vt 0.7455 -0.1379 0
vt 0.7454 -0.1435 0
vt 0.7653 -0.1261 0
vt 0.4075 -0.1402 0
vt 0.7703 -0.1286 0
vt 0.7740 -0.1328 0
vt 1.0016 -0.1617 0
vt 0.9215 -0.1529 0
vt 0.9235 -0.1508 0
vt 0.9167 -0.1557 0
vt 0.9192 -0.1546 0
vt 0.9104 -0.1567 0
vt 0.9113 -0.1567 0
vt 0.9053 -0.1555 0
vt 1.0049 -0.1512 0
vt 0.9266 -0.1441 0
vt 0.9250 -0.1485 0
vt 0.9010 -0.1291 0
vt 0.8991 -0.1311 0
vt 0.9058 -0.1262 0
vt 0.9034 -0.1274 0
vt 0.9267 -0.1385 0
vt 1.0078 -0.1430 0
vt 1.0256 -0.1036 0
vt 0.9012 -0.1531 0
vt 0.8975 -0.1334 0
vt 1.0614 -0.0509 0
vt 0.9113 -0.1253 0
vt 0.9249 -0.1332 0
vt 1.0485 -0.0674 0
vt 0.8959 -0.1379 0
vt 0.8976 -0.1488 0
vt 0.9164 -0.1262 0
vt 0.8958 -0.1435 0
vt 1.0877 -0.0491 0
vt 1.1125 -0.0491 0
vt 1.1125 -0.0787 0
vt 0.9213 -0.1289 0
vt 1.0981 -0.0954 0
vt 1.0631 -0.0507 0
vt 0.8488 -0.1806 0
vt 0.8466 -0.1807 0
vt 0.8516 -0.2491 0
vt 0.8597 -0.2475 0
vt 0.8195 -0.2514 0
vt 0.8217 -0.2513 0
vt 0.8166 -0.1829 0
vt 0.9401 -0.1820 0
vt 0.8570 -0.1815 0
vt 1.0466 -0.2501 0
vt 1.0156 -0.2719 0
vt 1.0112 -0.2712 0
vt 1.0427 -0.2779 0
vt 1.0519 -0.2612 0
vt 1.0601 -0.2795 0
vt 0.8766 -0.1943 0
vt 0.8716 -0.1889 0
vt 0.8113 -0.2505 0
vt 0.7916 -0.2377 0
vt 0.7967 -0.2431 0
vt 1.1125 -0.2732 0
vt 1.1032 -0.3023 0
vt 1.1029 -0.3022 0
vt 0.9887 -0.2436 0
vt 0.8085 -0.1845 0
vt 0.8808 -0.2015 0
vt 0.9401 -0.2320 0
vt 0.7875 -0.2305 0
vt 1.1054 -0.3035 0
vt 1.0367 -0.2763 0
vt 1.0595 -0.2831 0
vt 0.9702 -0.2320 0
vt 0.9702 -0.1820 0
vt 0.9931 -0.1978 0
vt 0.9957 -0.1841 0
vt 0.7946 -0.1931 0
vt 0.7895 -0.1996 0
vt 0.8010 -0.1879 0
vt 0.8648 -0.1844 0
vt 0.8737 -0.2389 0
vt 0.8787 -0.2324 0
vt 0.8672 -0.2441 0
vt 0.8035 -0.2476 0
vt 1.0731 -0.2882 0
vt 1.1125 -0.3076 0
vt 0.9931 -0.2690 0
vt 0.9793 -0.2681 0
vt 0.7865 -0.2063 0
vt 0.8834 -0.2176 0
vt 0.8831 -0.2094 0
vt 0.8818 -0.2257 0
vt 0.7849 -0.2144 0
vt 1.0833 -0.2925 0
vt 1.1029 -0.3022 0
vt 0.9896 -0.2262 0
vt 0.9476 -0.2687 0
vt 0.9551 -0.2470 0
vt 0.9392 -0.2693 0
vt 0.9309 -0.2699 0
vt 0.7852 -0.2226 0
vt 0.9700 -0.2679 0
vt 0.9210 -0.2706 0
vt 0.9551 -0.1670 0
vt 0.0000 0.0885 0
vt 0.0000 0.0905 0
vt -0.0500 0.0905 0
vt -0.0500 0.0885 0
vt -0.0885 0.0000 0
vt -0.0905 0.0000 0
vt -0.0895 -0.0212 0
vt -0.0875 -0.0212 0
vt -0.0885 -0.0212 0
vt -0.0865 -0.0212 0
vt -0.0875 0.0000 0
vt -0.0895 0.0000 0
vt 0.0500 0.0865 0
vt 0.0500 0.0885 0
vt 0.0000 0.0885 0
vt 0.0000 0.0865 0
vt 0.0000 0.0885 0
vt -0.0212 0.0895 0
vt -0.0212 0.0875 0
vt 0.0000 0.0865 0
vt 0.0885 0.0212 0
vt 0.0875 0.0000 0
vt 0.0895 0.0000 0
vt 0.0905 0.0212 0
vt 0.6868 7.9273 0
vt 0.1647 7.9273 0
vt 0.1648 7.8648 0
vt 0.1652 7.6234 0
vt 0.1656 7.3820 0
vt 0.6871 7.4406 0
vt 0.1660 7.1421 0
vt 0.6872 7.2207 0
vt 0.1662 6.9266 0
vt 0.6873 7.0165 0
vt 0.1664 6.6861 0
vt 0.6874 6.5718 0
vt 0.6874 6.7968 0
vt 0.1666 6.2050 0
vt 0.6875 6.1098 0
vt 0.6875 6.3279 0
vt 0.1665 5.9633 0
vt 0.6874 5.8886 0
vt 0.1663 5.7491 0
vt 0.1661 5.5078 0
vt 0.6872 5.4624 0
vt 0.6873 5.6645 0
vt 0.1657 5.2672 0
vt 0.6871 5.2494 0
vt 0.1649 4.7857 0
vt 0.6868 4.7857 0
vt 0.6870 5.0220 0
vt 0.1654 5.0264 0
vt 0.1666 6.4451 0
vt 0.6869 7.6761 0
vt 0.0408 0.6232 0
vt 0.0458 0.6228 0
vt 0.0476 0.6528 0
vt 0.0426 0.6532 0
vt 0.6867 4.5345 0
vt 0.6868 4.7857 0
vt 0.1648 4.7232 0
vt 0.1649 4.7857 0
vt 0.1640 4.2404 0
vt 0.1637 4.0006 0
vt 0.6864 4.0791 0
vt 0.1634 3.7850 0
vt 0.6863 3.8749 0
vt 0.1632 3.5445 0
vt 0.6862 3.4302 0
vt 0.6862 3.6552 0
vt 0.1630 3.0634 0
vt 0.6861 2.9682 0
vt 0.6861 3.1863 0
vt 0.1631 2.8217 0
vt 0.6862 2.7470 0
vt 0.1633 2.6075 0
vt 0.6862 2.6250 0
vt 0.1636 2.3662 0
vt 0.6864 2.3208 0
vt 0.6863 2.5229 0
vt 0.1643 1.8848 0
vt 0.6866 1.8804 0
vt 0.6865 2.1078 0
vt 0.1647 1.6441 0
vt 0.6868 1.6441 0
vt 0.1639 2.1256 0
vt 0.1630 3.3035 0
vt 0.6865 4.2990 0
vt 0.1644 4.4818 0
vt 0.5001 0.4223 0
vt 0.4769 0.4032 0
vt 0.4802 0.3994 0
vt 0.5034 0.4185 0
vt -0.0003 -0.7412 0
vt 0.0069 -0.7443 0
vt 0.0152 -0.7457 0
vt -0.0065 -0.7368 0
vt 0.0228 -0.7452 0
vt 0.0301 -0.7430 0
vt 0.0361 -0.6506 0
vt 0.0289 -0.6475 0
vt 0.0205 -0.6461 0
vt 0.0130 -0.6466 0
vt 0.0422 -0.6551 0
vt 0.0369 -0.7393 0
vt 0.0422 -0.7346 0
vt -0.0179 -0.7084 0
vt -0.0174 -0.7171 0
vt 0.0056 -0.6488 0
vt 0.0536 -0.6835 0
vt 0.0532 -0.6748 0
vt -0.0112 -0.7315 0
vt -0.0150 -0.7249 0
vt 0.0466 -0.7287 0
vt -0.0109 -0.6631 0
vt -0.0141 -0.6703 0
vt 0.0470 -0.6603 0
vt 0.0508 -0.6669 0
vt -0.0064 -0.6572 0
vt -0.0012 -0.6526 0
vt -0.0157 -0.6784 0
vt 0.0018 -0.6506 0
vt 0.0514 -0.7135 0
vt 0.0499 -0.7215 0
vt 0.6868 7.9273 0
vt 0.1647 7.9273 0
vt 0.1648 7.8648 0
vt 0.1652 7.6234 0
vt 0.1656 7.3820 0
vt 0.6871 7.4406 0
vt 0.1660 7.1421 0
vt 0.6872 7.2207 0
vt 0.1662 6.9266 0
vt 0.6873 7.0165 0
vt 0.1664 6.6861 0
vt 0.6874 6.5718 0
vt 0.6874 6.7968 0
vt 0.1666 6.2050 0
vt 0.6875 6.1098 0
vt 0.6875 6.3279 0
vt 0.1665 5.9633 0
vt 0.6874 5.8886 0
vt 0.1663 5.7491 0
vt 0.1661 5.5078 0
vt 0.6872 5.4624 0
vt 0.6873 5.6645 0
vt 0.1657 5.2672 0
vt 0.6871 5.2494 0
vt 0.1649 4.7857 0
vt 0.6868 4.7857 0
vt 0.6870 5.0220 0
vt 0.1654 5.0264 0
vt 0.1666 6.4451 0
vt 0.6869 7.6761 0
vt 0.0610 0.8729 0
vt 0.0560 0.8733 0
vt 0.0542 0.8433 0
vt 0.0592 0.8429 0
vt 0.6867 4.5345 0
vt 0.6868 4.7857 0
vt 0.1648 4.7232 0
vt 0.1649 4.7857 0
vt 0.1640 4.2404 0
vt 0.1637 4.0006 0
vt 0.6864 4.0791 0
vt 0.1634 3.7850 0
vt 0.6863 3.8749 0
vt 0.1632 3.5445 0
vt 0.6862 3.4302 0
vt 0.6862 3.6552 0
vt 0.1630 3.0634 0
vt 0.6861 2.9682 0
vt 0.6861 3.1863 0
vt 0.1631 2.8217 0
vt 0.6862 2.7470 0
vt 0.1633 2.6075 0
vt 0.6862 2.6250 0
vt 0.1636 2.3662 0
vt 0.6864 2.3208 0
vt 0.6863 2.5229 0
vt 0.1643 1.8848 0
vt 0.6866 1.8804 0
vt 0.6865 2.1078 0
vt 0.1647 1.6441 0
vt 0.6868 1.6441 0
vt 0.1639 2.1256 0
vt 0.1630 3.3035 0
vt 0.6865 4.2990 0
vt 0.1644 4.4818 0
vt 0.6504 0.5396 0
vt 0.6736 0.5587 0
vt 0.6703 0.5625 0
vt 0.6471 0.5434 0
vt 0.0158 -0.5213 0
vt 0.0230 -0.5244 0
vt 0.0313 -0.5258 0
vt 0.0097 -0.5169 0
vt 0.0389 -0.5253 0
vt 0.0463 -0.5231 0
vt 0.0522 -0.4307 0
vt 0.0450 -0.4276 0
vt 0.0367 -0.4262 0
vt 0.0291 -0.4267 0
vt 0.0583 -0.4352 0
vt 0.0530 -0.5194 0
vt 0.0583 -0.5147 0
vt -0.0017 -0.4885 0
vt -0.0013 -0.4972 0
vt 0.0217 -0.4289 0
vt 0.0697 -0.4636 0
vt 0.0693 -0.4549 0
vt 0.0049 -0.5116 0
vt 0.0011 -0.5050 0
vt 0.0627 -0.5088 0
vt 0.0053 -0.4432 0
vt 0.0020 -0.4504 0
vt 0.0631 -0.4404 0
vt 0.0669 -0.4470 0
vt 0.0097 -0.4373 0
vt 0.0150 -0.4327 0
vt 0.0005 -0.4585 0
vt 0.0179 -0.4307 0
vt 0.0675 -0.4936 0
vt 0.0660 -0.5016 0
vt 0.2182 3.0866 0
vt 1.0000 3.0998 0
vt 1.0000 3.1416 0
vt 0.2000 2.7481 0
vt 1.0000 2.7276 0
vt 0.1856 2.4417 0
vt 1.0000 2.3562 0
vt 0.1731 2.0861 0
vt 1.0000 2.0078 0
vt 0.1666 1.7311 0
vt 1.0000 1.6358 0
vt 0.1669 1.3749 0
vt 1.0000 1.2659 0
vt 0.1727 1.0672 0
vt 1.0000 0.8942 0
vt 0.1781 0.8942 0
vt 0.1851 0.7114 0
vt 1.0000 0.5261 0
vt 0.1934 0.5261 0
vt 0.2019 0.3555 0
vt 0.2212 0.0000 0
vt 1.0000 0.0000 0
vt 1.0000 0.1571 0
vt 0.2212 3.1416 0
vt 1.0000 5.8692 0
vt 0.2394 5.9482 0
vt 0.2566 5.5906 0
vt 1.0000 5.4978 0
vt 0.2694 5.2325 0
vt 1.0000 5.1497 0
vt 0.2760 4.8746 0
vt 0.2756 4.5162 0
vt 1.0000 4.4076 0
vt 1.0000 4.7776 0
vt 0.2699 4.2105 0
vt 1.0000 4.0358 0
vt 1.0000 3.6677 0
vt 0.2574 3.8528 0
vt 0.2645 4.0358 0
vt 0.2491 3.6677 0
vt 0.2405 3.4964 0
vt 0.2212 3.1416 0
vt 1.0000 3.1416 0
vt 1.0000 3.2987 0
vt 0.2212 6.2832 0
vt 1.0000 6.2415 0
vt 1.0000 6.2832 0
vt -0.0064 0.0136 0
vt -0.0010 0.0150 0
vt 0.0045 0.0143 0
vt 0.0063 -0.0136 0
vt 0.0010 -0.0150 0
vt -0.0045 -0.0143 0
vt 0.0094 0.0117 0
vt -0.0094 -0.0117 0
vt 0.0130 0.0075 0
vt -0.0130 -0.0075 0
vt 0.0148 0.0023 0
vt -0.0106 0.0106 0
vt -0.0150 0.0006 0
vt -0.0137 0.0060 0
vt -0.0148 -0.0023 0
vt 0.0106 -0.0106 0
vt 0.0150 -0.0006 0
vt 0.0137 -0.0060 0
vt 0.0150 0.0000 0
vt -0.0150 0.0000 0
vt 0.2263 3.0877 0
vt 1.0000 3.0998 0
vt 1.0000 3.1416 0
vt 0.2052 2.7481 0
vt 1.0000 2.7276 0
vt 0.1888 2.4451 0
vt 0.1742 2.0883 0
vt 1.0000 2.0078 0
vt 1.0000 2.3562 0
vt 0.1667 1.7323 0
vt 1.0000 1.6358 0
vt 0.1671 1.3749 0
vt 1.0000 1.2660 0
vt 0.1737 1.0707 0
vt 1.0000 0.8942 0
vt 0.1799 0.8942 0
vt 0.1879 0.7138 0
vt 1.0000 0.5261 0
vt 0.1977 0.5261 0
vt 0.2074 0.3567 0
vt 0.2297 0.0000 0
vt 1.0000 0.0000 0
vt 1.0000 0.1571 0
vt 0.2297 3.1416 0
vt 1.0000 5.8692 0
vt 0.2484 5.9867 0
vt 0.2687 5.6280 0
vt 0.2841 5.2689 0
vt 1.0000 5.1496 0
vt 1.0000 5.4978 0
vt 0.2926 4.9087 0
vt 1.0000 4.7775 0
vt 0.2932 4.5736 0
vt 0.2860 4.2140 0
vt 1.0000 4.0358 0
vt 1.0000 4.4077 0
vt 1.0000 3.6677 0
vt 0.2716 3.8551 0
vt 0.2797 4.0358 0
vt 0.2619 3.6677 0
vt 0.2520 3.4976 0
vt 0.2297 3.1416 0
vt 1.0000 3.1416 0
vt 1.0000 3.2987 0
vt 0.2297 6.2832 0
vt 1.0000 6.2415 0
vt 1.0000 6.2832 0
vt -0.0064 0.0136 0
vt -0.0010 0.0150 0
vt 0.0045 0.0143 0
vt 0.0063 -0.0136 0
vt 0.0010 -0.0150 0
vt -0.0045 -0.0143 0
vt 0.0094 0.0117 0
vt -0.0094 -0.0117 0
vt 0.0130 0.0075 0
vt -0.0130 -0.0075 0
vt 0.0148 0.0023 0
vt -0.0106 0.0106 0
vt -0.0150 0.0006 0
vt -0.0137 0.0060 0
vt -0.0148 -0.0023 0
vt 0.0106 -0.0106 0
vt 0.0150 -0.0006 0
vt 0.0137 -0.0060 0
vt 0.0150 0.0000 0
vt -0.0150 0.0000 0
vt 1.6097 -0.3250 0
vt 1.6182 -0.3244 0
vt 1.6168 -0.3227 0
vt 1.6020 -0.3264 0
vt 1.6048 -0.3199 0
vt 1.6028 -0.3191 0
vt 1.5965 -0.3157 0
vt 1.5998 -0.3271 0
vt 1.6092 -0.3829 0
vt 1.6126 -0.3874 0
vt 1.6261 -0.3858 0
vt 1.6240 -0.3821 0
vt 1.6308 -0.3857 0
vt 1.6366 -0.3795 0
vt 1.6462 -0.3753 0
vt 1.6716 -0.3857 0
vt 1.7123 -0.3856 0
vt 1.7122 -0.3236 0
vt 1.6663 -0.3413 0
vt 1.6668 -0.3402 0
vt 1.6508 -0.3707 0
vt 1.6659 -0.3349 0
vt 1.6599 -0.3299 0
vt 1.6715 -0.3237 0
vt 1.6345 -0.3244 0
vt 1.6307 -0.3237 0
vt 1.6430 -0.3249 0
vt 1.6507 -0.3264 0
vt 1.6016 -0.3908 0
vt 1.5947 -0.3816 0
vt 1.5948 -0.3954 0
vt 1.6022 -0.4245 0
vt 1.6049 -0.4099 0
vt 1.6029 -0.4092 0
vt 1.6169 -0.4127 0
vt 1.6691 -0.4294 0
vt 1.7384 -0.4357 0
vt 1.7124 -0.4136 0
vt 1.6716 -0.4137 0
vt 1.6308 -0.4137 0
vt 1.7380 -0.4100 0
vt 1.7261 -0.4127 0
vt 1.8066 -0.4430 0
vt 1.7505 -0.4010 0
vt 1.7486 -0.4041 0
vt 1.8066 -0.2615 0
vt 1.7493 -0.3958 0
vt 1.7503 -0.3977 0
vt 1.7465 -0.4059 0
vt 1.7430 -0.3912 0
vt 1.7160 -0.3857 0
vt 1.7260 -0.3227 0
vt 1.7196 -0.3859 0
vt 1.7330 -0.3878 0
vt 1.7379 -0.3200 0
vt 1.7504 -0.3110 0
vt 1.7485 -0.3141 0
vt 1.7491 -0.3058 0
vt 1.7502 -0.3077 0
vt 1.7464 -0.3159 0
vt 1.7429 -0.3012 0
vt 1.7328 -0.2978 0
vt 1.7679 -0.2657 0
vt 1.7138 -0.2703 0
vt 1.7159 -0.2957 0
vt 1.7195 -0.2959 0
vt 1.7122 -0.2956 0
vt 1.6606 -0.2733 0
vt 1.6069 -0.2747 0
vt 1.6307 -0.2957 0
vt 1.6260 -0.2958 0
vt 1.6714 -0.2957 0
vt 1.6125 -0.2974 0
vt 1.5968 -0.2748 0
vt 1.5947 -0.3054 0
vt 1.6015 -0.3008 0
vt 1.5535 -0.2744 0
vt 1.5940 -0.3063 0
vt 1.4996 -0.2725 0
vt 1.5929 -0.3106 0
vt 1.5911 -0.3310 0
vt 1.5940 -0.3131 0
vt 1.4996 -0.4193 0
vt 1.5704 -0.3686 0
vt 1.5711 -0.3650 0
vt 1.5866 -0.3356 0
vt 1.5739 -0.3740 0
vt 1.5823 -0.3785 0
vt 1.5941 -0.3963 0
vt 1.5930 -0.4006 0
vt 1.5351 -0.4208 0
vt 1.5966 -0.4057 0
vt 1.5941 -0.4031 0
vt 0.0000 0.0298 0
vt 0.0000 0.0265 0
vt 6.1871 0.0263 0
vt 6.0912 0.0298 0
vt 6.0912 0.0261 0
vt -0.0050 0.0434 0
vt -0.0117 0.0421 0
vt -0.0170 0.0378 0
vt -0.0196 0.0315 0
vt 0.0064 0.0365 0
vt 0.0016 0.0414 0
vt -0.0122 -0.0068 0
vt 0.0045 -0.0133 0
vt 0.0100 -0.0098 0
vt -0.0079 -0.0116 0
vt -0.0019 -0.0139 0
vt 0.0080 0.0321 0
vt 0.0133 -0.0044 0
vt 0.0137 0.0027 0
vt -0.0195 0.0268 0
vt 0.0140 0.0000 0
vt -0.0137 -0.0027 0
vt -0.0298 0.0000 0
vt -0.0261 0.0000 0
vt -0.0243 0.0150 0
vt -0.0298 0.0300 0
vt -0.0231 0.0300 0
vt 5.9672 0.0230 0
vt 5.5894 0.0227 0
vt 5.7546 0.0298 0
vt 6.0912 0.0298 0
vt 6.0912 0.0231 0
vt 5.2609 0.0298 0
vt 4.7672 0.0298 0
vt 5.2122 0.0225 0
vt 4.8351 0.0224 0
vt 4.7672 0.0224 0
vt 4.4577 0.0223 0
vt 4.2736 0.0298 0
vt 3.7799 0.0298 0
vt 4.0798 0.0223 0
vt 4.2736 0.0223 0
vt 3.2862 0.0298 0
vt 3.7022 0.0223 0
vt 3.7799 0.0223 0
vt 2.9496 0.0227 0
vt 2.9496 0.0298 0
vt 3.3254 0.0225 0
vt 0.0000 0.0298 0
vt -0.0300 0.0298 0
vt -0.0150 0.0239 0
vt -0.0300 0.0227 0
vt 0.0000 0.0258 0
vt 2.6336 0.0298 0
vt 2.5827 0.0265 0
vt 2.2157 0.0273 0
vt 2.1701 0.0298 0
vt 1.8472 0.0279 0
vt 1.7066 0.0298 0
vt 1.2430 0.0298 0
vt 1.4771 0.0282 0
vt 1.7067 0.0280 0
vt 0.7795 0.0298 0
vt 1.1063 0.0282 0
vt 1.2430 0.0282 0
vt 0.3160 0.0298 0
vt 0.7362 0.0278 0
vt 0.0000 0.0265 0
vt 0.0000 0.0298 0
vt 2.9496 0.0258 0
vt 2.9496 0.0298 0
vt 0.3774 0.0273 0
vt 6.0912 0.0298 0
vt 0.0000 0.0298 0
vt 0.0000 0.0253 0
vt 6.1871 0.0251 0
vt 6.0912 0.0249 0
vt -0.0196 0.0315 0
vt -0.0050 0.0434 0
vt -0.0117 0.0421 0
vt 0.0064 0.0365 0
vt 0.0016 0.0414 0
vt -0.0019 -0.0139 0
vt 0.0045 -0.0133 0
vt 0.0100 -0.0098 0
vt 0.0133 -0.0044 0
vt -0.0122 -0.0068 0
vt -0.0079 -0.0116 0
vt -0.0170 0.0378 0
vt -0.0137 -0.0027 0
vt -0.0195 0.0268 0
vt 0.0080 0.0321 0
vt 0.0137 0.0027 0
vt 0.0140 0.0000 0
vt -0.0298 0.0000 0
vt -0.0249 0.0000 0
vt -0.0231 0.0150 0
vt -0.0298 0.0300 0
vt -0.0219 0.0300 0
vt 5.9672 0.0218 0
vt 5.5894 0.0215 0
vt 5.7546 0.0298 0
vt 6.0912 0.0298 0
vt 6.0912 0.0219 0
vt 5.2609 0.0298 0
vt 4.7672 0.0298 0
vt 5.2122 0.0213 0
vt 4.8351 0.0212 0
vt 4.7672 0.0212 0
vt 4.4577 0.0211 0
vt 4.2736 0.0298 0
vt 3.7799 0.0298 0
vt 4.0798 0.0210 0
vt 4.2736 0.0211 0
vt 3.2862 0.0298 0
vt 3.7022 0.0211 0
vt 3.7799 0.0211 0
vt 2.9496 0.0215 0
vt 2.9496 0.0298 0
vt 3.3254 0.0212 0
vt 0.0000 0.0298 0
vt -0.0300 0.0298 0
vt -0.0150 0.0227 0
vt -0.0300 0.0215 0
vt 0.0000 0.0245 0
vt 2.6336 0.0298 0
vt 2.5828 0.0253 0
vt 2.2157 0.0260 0
vt 2.1701 0.0298 0
vt 1.8472 0.0266 0
vt 1.7066 0.0298 0
vt 1.2430 0.0298 0
vt 1.4771 0.0269 0
vt 1.7067 0.0268 0
vt 0.7795 0.0298 0
vt 1.1063 0.0269 0
vt 1.2430 0.0270 0
vt 0.3160 0.0298 0
vt 0.7362 0.0266 0
vt 0.0000 0.0253 0
vt 0.0000 0.0298 0
vt 2.9496 0.0245 0
vt 2.9496 0.0298 0
vt 0.3774 0.0260 0
vt 0.5688 0.0053 0
vt 0.0809 0.0049 0
vt 0.0809 0.0000 0
vt 0.5764 0.0111 0
vt 0.0809 0.0104 0
vt 0.5723 0.0166 0
vt 0.0809 0.0156 0
vt 0.0809 0.0167 0
vt 0.5721 0.0167 0
vt 0.5541 0.0000 0
vt 0.5541 0.0046 0
vt 0.0668 0.0032 0
vt 0.0668 0.0000 0
vt 0.0668 0.0064 0
vt 0.5606 0.0064 0
vt 0.5356 0.0000 0
vt 0.0000 3.2409 0
vt 0.0000 3.2246 0
vt 0.5193 3.2328 0
vt 0.5091 3.2246 0
vt 0.5312 3.2409 0
vt 0.5324 0.0043 0
vt 0.0651 0.0032 0
vt 0.0651 0.0000 0
vt 0.5388 0.0064 0
vt 0.0651 0.0064 0
vt 0.5214 0.0000 0
vt 0.5295 0.0053 0
vt 0.1058 0.0049 0
vt 0.1058 0.0000 0
vt 0.5387 0.0107 0
vt 0.1058 0.0099 0
vt 0.5392 0.0110 0
vt 0.1058 0.0110 0
vt 0.5235 0.0000 0
vt 0.0359 4.7100 0
vt 0.4811 4.7100 0
vt 0.4954 4.7178 0
vt 0.0359 4.7255 0
vt 0.5112 4.7255 0
vt 0.6124 0.0000 0
vt 0.5950 0.0055 0
vt 0.0196 0.0049 0
vt 0.5702 0.0111 0
vt 0.0196 0.0104 0
vt 0.5450 0.0167 0
vt 0.0196 0.0157 0
vt 0.5258 0.0223 0
vt 0.0196 0.0213 0
vt 0.5153 0.0278 0
vt 0.0196 0.0268 0
vt 0.0196 0.0323 0
vt 0.0196 0.0378 0
vt 0.5129 0.0333 0
vt 0.0196 0.0433 0
vt 0.5161 0.0389 0
vt 0.0196 0.0469 0
vt 0.5206 0.0437 0
vt 0.5239 0.0469 0
vt 0.0196 0.0000 0
vt 0.0621 1.4935 0
vt 0.0621 1.4780 0
vt 0.5390 1.4857 0
vt 0.5658 1.4780 0
vt 0.5134 1.4935 0
vt 0.0732 0.0449 0
vt 0.0775 0.0432 0
vt 0.0717 0.0329 0
vt 0.0671 0.0283 0
vt 0.0400 0.0163 0
vt 0.0417 0.0271 0
vt 0.0700 0.0334 0
vt 0.0434 0.0300 0
vt 0.0429 0.0317 0
vt 0.0700 0.0453 0
vt 0.0799 0.0199 0
vt 0.0753 0.0171 0
vt 0.0717 0.0271 0
vt 0.0700 0.0161 0
vt 0.0550 0.0162 0
vt 0.0683 0.0271 0
vt 0.0429 0.0283 0
vt 0.0400 0.0266 0
vt 0.0400 0.0453 0
vt 0.0550 0.0453 0
vt 0.0417 0.0329 0
vt 0.0816 0.0396 0
vt 0.0729 0.0317 0
vt 0.0729 0.0283 0
vt 0.0832 0.0243 0
vt 0.0700 0.0266 0
vt 0.0683 0.0329 0
vt 0.0302 0.0415 0
vt 0.0383 0.0329 0
vt 0.0371 0.0317 0
vt 0.0350 0.0444 0
vt 0.0400 0.0334 0
vt 0.0841 0.0348 0
vt 0.0846 0.0294 0
vt 0.0734 0.0300 0
vt 0.0666 0.0300 0
vt 0.0671 0.0317 0
vt 0.0346 0.0173 0
vt 0.0383 0.0271 0
vt 0.0299 0.0203 0
vt 0.0371 0.0283 0
vt 0.0263 0.0260 0
vt 0.0261 0.0304 0
vt 0.0366 0.0300 0
vt 0.0267 0.0333 0
vt 0.0272 0.0362 0
vt 0.0278 0.0382 0
vt 0.0304 0.0417 0
vt 0.0399 0.0163 0
vt 0.0269 0.0244 0
vt 2.6180 0.0000 0
vt 3.1416 0.0000 0
vt 3.1416 -0.0050 0
vt 2.0944 0.0000 0
vt 2.6180 -0.0050 0
vt 1.5708 0.0000 0
vt 2.0944 -0.0050 0
vt 1.0472 0.0000 0
vt 1.5708 -0.0050 0
vt 0.5236 0.0000 0
vt 1.0472 -0.0050 0
vt 0.0000 0.0000 0
vt 0.5236 -0.0050 0
vt 0.0000 -0.0050 0
vt 5.7596 0.0000 0
vt 0.0000 0.0000 0
vt 0.0000 -0.0050 0
vt 5.2360 0.0000 0
vt 5.7596 -0.0050 0
vt 4.7124 0.0000 0
vt 5.2360 -0.0050 0
vt 4.1888 0.0000 0
vt 4.7124 -0.0050 0
vt 3.6652 0.0000 0
vt 4.1888 -0.0050 0
vt 3.1416 0.0000 0
vt 3.6652 -0.0050 0
vt 3.1416 -0.0050 0
vt -0.0029 0.0017 0
vt -0.0034 0.0000 0
vt -0.0029 -0.0017 0
vt 0.0029 -0.0017 0
vt 0.0034 0.0000 0
vt 0.0029 0.0017 0
vt -0.0017 -0.0029 0
vt -0.0017 0.0029 0
vt 0.0017 0.0029 0
vt 0.0000 0.0034 0
vt 0.0017 -0.0029 0
vt 0.0000 -0.0034 0
vt 2.6180 0.0000 0
vt 3.1416 0.0000 0
vt 3.1416 -0.0050 0
vt 2.0944 0.0000 0
vt 2.6180 -0.0050 0
vt 1.5708 0.0000 0
vt 2.0944 -0.0050 0
vt 1.0472 0.0000 0
vt 1.5708 -0.0050 0
vt 0.5236 0.0000 0
vt 1.0472 -0.0050 0
vt 0.0000 0.0000 0
vt 0.5236 -0.0050 0
vt 0.0000 -0.0050 0
vt 5.7596 0.0000 0
vt 0.0000 0.0000 0
vt 0.0000 -0.0050 0
vt 5.2360 0.0000 0
vt 5.7596 -0.0050 0
vt 4.7124 0.0000 0
vt 5.2360 -0.0050 0
vt 4.1888 0.0000 0
vt 4.7124 -0.0050 0
vt 3.6652 0.0000 0
vt 4.1888 -0.0050 0
vt 3.1416 0.0000 0
vt 3.6652 -0.0050 0
vt 3.1416 -0.0050 0
vt 0.0017 0.0029 0
vt -0.0017 0.0029 0
vt -0.0029 0.0017 0
vt 0.0034 0.0000 0
vt -0.0017 -0.0029 0
vt 0.0000 -0.0034 0
vt 0.0000 0.0034 0
vt -0.0034 0.0000 0
vt 0.0029 0.0017 0
vt 0.0017 -0.0029 0
vt -0.0029 -0.0017 0
vt 0.0029 -0.0017 0
vt -0.3462 0.5941 0
vt -0.3205 0.6069 0
vt -0.3250 0.6075 0
vt -0.2995 0.5920 0
vt -0.3033 0.6041 0
vt -0.4621 0.3200 0
vt -0.4513 0.3173 0
vt -0.4514 0.3174 0
vt -0.4355 0.3010 0
vt -0.4396 0.3084 0
vt -0.2965 0.5918 0
vt -0.2935 0.5916 0
vt -0.3523 0.6098 0
vt -0.4279 0.2997 0
vt -0.3992 0.6114 0
vt -0.3722 0.5933 0
vt -0.4450 0.5668 0
vt -0.4307 0.5754 0
vt -0.4486 0.6134 0
vt -0.4737 0.3289 0
vt -0.4681 0.3322 0
vt -0.4773 0.3425 0
vt -0.4651 0.3293 0
vt -0.4263 0.2986 0
vt -0.3620 0.5941 0
vt -0.3801 0.5922 0
vt -0.3975 0.5885 0
vt -0.4014 0.6114 0
vt -0.4146 0.5828 0
vt -0.4223 0.5795 0
vt -0.5099 0.6164 0
vt -0.4457 0.5664 0
vt -0.5087 0.4054 0
vt -0.5461 0.3883 0
vt -0.5405 0.3838 0
vt -0.4515 0.3175 0
vt -0.2512 0.5746 0
vt -0.2363 0.5669 0
vt -0.2379 0.5774 0
vt -0.2844 0.5995 0
vt -0.4596 0.5557 0
vt -0.5037 0.3885 0
vt -0.5045 0.3910 0
vt -0.4955 0.3464 0
vt -0.4879 0.3570 0
vt -0.4953 0.3697 0
vt -0.4158 0.2889 0
vt -0.4126 0.2901 0
vt -0.1933 0.5247 0
vt -0.1891 0.5270 0
vt -0.1992 0.5413 0
vt -0.2042 0.5397 0
vt -0.2105 0.5542 0
vt -0.2534 0.5869 0
vt -0.4967 0.3724 0
vt -0.4831 0.3500 0
vt -0.1843 0.5087 0
vt -0.1801 0.5112 0
vt -0.2166 0.5536 0
vt -0.2647 0.5822 0
vt -0.5719 0.4080 0
vt -0.5118 0.4569 0
vt -0.5115 0.4596 0
vt -0.5104 0.4134 0
vt -0.1770 0.4920 0
vt -0.1733 0.4956 0
vt -0.2363 0.5669 0
vt -0.2682 0.5939 0
vt -0.2664 0.5831 0
vt -0.4721 0.5437 0
vt -0.5128 0.4397 0
vt -0.5118 0.4225 0
vt -0.5128 0.4365 0
vt -0.1717 0.4747 0
vt -0.1681 0.4797 0
vt -0.4831 0.5304 0
vt -0.5060 0.4846 0
vt -0.5089 0.4739 0
vt -0.5066 0.4823 0
vt -0.3151 0.2686 0
vt -0.3231 0.2950 0
vt -0.3303 0.2911 0
vt -0.1684 0.4570 0
vt -0.1670 0.4391 0
vt -0.1627 0.4481 0
vt -0.1646 0.4637 0
vt -0.2229 0.5658 0
vt -0.2342 0.5660 0
vt -0.2765 0.5875 0
vt -0.4925 0.5160 0
vt -0.2926 0.3008 0
vt -0.2799 0.2759 0
vt -0.2634 0.2821 0
vt -0.2972 0.2714 0
vt -0.3154 0.2979 0
vt -0.3074 0.2999 0
vt -0.2323 0.3095 0
vt -0.2162 0.3129 0
vt -0.2055 0.3237 0
vt -0.1942 0.3375 0
vt -0.1845 0.3525 0
vt -0.1894 0.3540 0
vt -0.1623 0.4379 0
vt -0.2874 0.5907 0
vt -0.5002 0.5007 0
vt -0.3792 0.2801 0
vt -0.4044 0.2874 0
vt -0.3991 0.2805 0
vt -0.3835 0.2746 0
vt -0.3680 0.2706 0
vt -0.3715 0.2775 0
vt -0.2474 0.2901 0
vt -0.2327 0.2995 0
vt -0.2421 0.3031 0
vt -0.2007 0.3373 0
vt -0.2182 0.3111 0
vt -0.1982 0.3408 0
vt -0.1812 0.3698 0
vt -0.2243 0.5601 0
vt -0.3507 0.2681 0
vt -0.3601 0.2769 0
vt -0.3368 0.2863 0
vt -0.3462 0.2805 0
vt -0.3334 0.2675 0
vt -0.2465 0.3014 0
vt -0.1765 0.3681 0
vt -0.1702 0.3848 0
vt -0.1747 0.3864 0
vt -0.1676 0.4213 0
vt -0.1630 0.4198 0
vt -0.1622 0.4354 0
vt -0.3659 0.2769 0
vt -0.2622 0.2993 0
vt -0.2360 0.3066 0
vt -0.1657 0.4021 0
vt -0.1702 0.4037 0
vt -0.4126 0.2901 0
vt -0.3530 0.2781 0
vt -0.2488 0.3007 0
vt 0.1972 0.0238 0
vt 0.1091 0.0238 0
vt 0.1091 0.0235 0
vt 0.1970 0.0235 0
vt 0.1971 0.0236 0
vt 0.1902 0.0151 0
vt 0.1048 0.0152 0
vt 0.1048 0.0000 0
vt 0.2134 0.0304 0
vt 0.1048 0.0304 0
vt 0.1775 0.0000 0
vt 0.1863 0.0191 0
vt 0.1249 0.0191 0
vt 0.1249 0.0158 0
vt 0.1249 0.0000 0
vt 0.2242 0.0021 0
vt 0.2477 0.0191 0
vt 0.2207 0.0000 0
vt 0.5713 0.6457 0
vt 0.5700 1.0000 0
vt 0.5782 1.0000 0
vt 0.5791 0.7498 0
vt 0.5736 0.0000 0
vt 0.5805 0.3580 0
vt 0.5818 0.0000 0
vt 0.0326 0.0754 0
vt 0.0326 0.0694 0
vt 0.1036 0.0695 0
vt 0.1036 0.0725 0
vt 0.1036 0.0754 0
vt -0.0472 0.0341 0
vt -0.0851 0.0615 0
vt -0.0791 0.0670 0
vt -0.0412 0.0396 0
vt 0.3489 0.0000 0
vt 0.4028 0.0000 0
vt 0.4028 0.0158 0
vt 0.3489 0.0260 0
vt 0.3489 0.0521 0
vt 0.4027 0.0339 0
vt 0.4027 0.0260 0
vt 0.4027 0.0518 0
vt 0.4026 0.0696 0
vt 0.3489 0.0781 0
vt 0.3489 0.1041 0
vt 0.4026 0.0874 0
vt 0.4026 0.0781 0
vt 0.4025 0.1049 0
vt 0.4025 0.1223 0
vt 0.3489 0.1171 0
vt 0.4025 0.1041 0
vt 0.4024 0.1398 0
vt 0.3489 0.1431 0
vt 0.3489 0.1301 0
vt 0.4024 0.1570 0
vt 0.3489 0.1562 0
vt 0.4024 0.1741 0
vt 0.3489 0.1692 0
vt 0.4024 0.1912 0
vt 0.3489 0.1952 0
vt 0.3489 0.1822 0
vt 0.4024 0.2082 0
vt 0.3489 0.2082 0
vt -0.0113 0.0237 0
vt -0.0041 0.0273 0
vt -0.0030 0.0252 0
vt -0.0103 0.0216 0
vt 0.3316 0.0232 0
vt 0.3316 0.0000 0
vt 0.3905 0.0086 0
vt 0.3905 0.0000 0
vt 0.3905 0.0259 0
vt 0.3905 0.0432 0
vt 0.3316 0.0463 0
vt 0.3905 0.0232 0
vt 0.3906 0.0463 0
vt 0.3906 0.0603 0
vt 0.3316 0.0695 0
vt 0.3316 0.0927 0
vt 0.3906 0.0777 0
vt 0.3906 0.0695 0
vt 0.3907 0.0953 0
vt 0.3907 0.1127 0
vt 0.3316 0.1158 0
vt 0.3906 0.0927 0
vt 0.3907 0.1158 0
vt 0.3908 0.1306 0
vt 0.3316 0.1390 0
vt 0.3316 0.1622 0
vt 0.3908 0.1485 0
vt 0.3908 0.1390 0
vt 0.3316 0.1842 0
vt 0.3909 0.1663 0
vt 0.3909 0.1622 0
vt 0.3910 0.1842 0
vt 0.8046 0.9026 0
vt 0.0667 0.6905 0
vt 0.0667 1.0000 0
vt 0.7947 1.0000 0
vt 0.8475 0.4484 0
vt 0.0667 0.5177 0
vt 0.8657 0.2248 0
vt 0.0667 0.1725 0
vt 0.0667 0.3449 0
vt 0.8813 0.0000 0
vt 0.0667 0.0000 0
vt 0.8269 0.6746 0
vt 0.1153 0.0342 0
vt 0.0129 0.0432 0
vt 0.0217 0.0723 0
vt 0.1152 0.0641 0
vt 0.8634 0.0894 0
vt 0.0569 0.0000 0
vt 0.0569 0.4154 0
vt 0.8412 0.3822 0
vt 0.0569 0.4906 0
vt 0.0569 0.6346 0
vt 0.8206 0.6914 0
vt 0.0569 0.8537 0
vt 0.0569 1.0000 0
vt 0.8040 1.0000 0
vt 0.8704 0.0000 0
vt -0.0242 0.0914 0
vt -0.0301 0.0053 0
vt -0.0716 0.0127 0
vt -0.0657 0.0914 0
vt 0.1844 1.0000 0
vt 0.1844 0.9359 0
vt 0.7358 0.9434 0
vt 0.7340 0.9321 0
vt 0.1844 0.8629 0
vt 0.7260 0.8731 0
vt 0.1844 0.7903 0
vt 0.7197 0.7993 0
vt 0.7201 0.6516 0
vt 0.7178 0.7253 0
vt 0.1844 0.7175 0
vt 0.7267 0.5776 0
vt 0.1844 0.6448 0
vt 0.7375 0.5043 0
vt 0.1844 0.5717 0
vt 0.7524 0.4304 0
vt 0.1844 0.4991 0
vt 0.7937 0.2825 0
vt 0.7712 0.3565 0
vt 0.1844 0.3524 0
vt 0.8195 0.2086 0
vt 0.1844 0.2789 0
vt 0.8789 0.0634 0
vt 0.8487 0.1347 0
vt 0.1844 0.1319 0
vt 0.1844 0.0569 0
vt 0.1844 0.2050 0
vt 0.1844 0.4256 0
vt 0.7499 1.0157 0
vt 0.1844 1.0171 0
vt 0.2201 0.0000 0
vt 0.2210 0.4519 0
vt 0.3234 0.0969 0
vt 0.3239 0.0006 0
vt 0.2217 0.8899 0
vt 0.2218 1.0000 0
vt 0.3191 1.0000 0
vt 0.3211 0.5788 0
vt 0.3239 0.0000 0
vt 0.8574 0.9318 0
vt 0.8266 0.3867 0
vt 0.0548 0.3604 0
vt 0.0548 1.0000 0
vt 0.8611 1.0000 0
vt 0.8221 0.7204 0
vt 0.0459 0.6883 0
vt 0.0459 1.0000 0
vt 0.8374 0.4516 0
vt 0.0459 0.4886 0
vt 0.8550 0.1763 0
vt 0.0459 0.2888 0
vt 0.8733 -0.0953 0
vt 0.0459 0.1290 0
vt 0.0695 -0.0861 0
vt 0.0459 -0.0283 0
vt 0.8092 1.0000 0
vt 0.2379 0.8439 0
vt 0.1856 1.0729 0
vt 0.1790 1.0137 0
vt 0.3253 0.1162 0
vt 0.4051 0.1174 0
vt 0.1790 0.9844 0
vt 0.1790 0.1139 0
vt 0.3779 0.0000 0
vt 0.3637 0.0000 0
vt 0.3779 1.0000 0
vt 0.3797 1.0000 0
vt 0.1849 0.1135 0
vt 0.8904 1.0081 0
vt 0.4602 0.1172 0
vt 0.8643 0.8582 0
vt 0.7354 0.1213 0
vt 0.1849 0.1131 0
vt 0.1849 0.1139 0
vt 0.1849 0.9844 0
vt 0.1849 1.0137 0
vt 0.2351 0.0000 0
vt 0.2092 0.0000 0
vt 0.2182 1.0000 0
vt 0.2091 0.0016 0
vt 0.2091 0.0033 0
vt 0.2013 1.0000 0
vt 0.2351 1.0000 0
vt 0.2422 1.0000 0
vt 0.2493 1.0000 0
vt 0.0585 0.1351 0
vt 0.1208 0.1351 0
vt 0.1143 0.1354 0
vt 0.0585 0.1354 0
vt 0.0585 0.1352 0
vt 0.1831 0.1352 0
vt 0.1702 0.1353 0
vt 0.1839 0.1353 0
vt 0.2613 1.0000 0
vt 0.3482 1.0000 0
vt 0.3091 0.0000 0
vt 0.3483 0.9983 0
vt 0.3483 0.9965 0
vt 0.3561 0.0000 0
vt 0.2621 0.0000 0
vt 1.0747 0.5648 0
vt 0.2043 0.3271 0
vt 0.2043 0.3282 0
vt 0.6015 0.3306 0
vt 1.0038 0.3420 0
vt 0.9986 0.3352 0
vt 0.2043 0.3260 0
vt 1.0090 0.3488 0
vt 0.2043 0.5594 0
vt 0.0354 0.5594 0
vt 0.8170 0.3520 0
vt 0.4091 0.6714 0
vt 0.8007 0.5108 0
vt 0.5893 0.6705 0
vt 0.0337 0.6732 0
vt 0.7844 0.6695 0
vt 0.0354 0.3282 0
vt 0.2521 0.5201 0
vt 0.2933 1.0000 0
vt 0.2738 0.0000 0
vt 0.3349 0.5000 0
vt 0.2937 0.0000 0
vt 0.3132 1.0000 0
vt 0.3348 1.0000 0
vt 0.2524 0.0000 0
vt 0.3350 0.0000 0
vt 0.2517 1.0000 0
vt 0.2384 0.0000 0
vt 0.2003 0.6557 0
vt 0.2000 0.5061 0
vt 0.1997 0.3440 0
vt 0.2387 1.0000 0
vt 0.2016 1.0000 0
vt 0.1996 0.1733 0
vt 0.1995 0.0000 0
vt 0.0387 -0.0498 0
vt -0.0037 -0.0470 0
vt -0.0014 -0.0179 0
vt 0.0397 -0.0196 0
vt 0.0809 -0.0229 0
vt -0.0014 -0.0171 0
vt 0.0199 -0.0180 0
vt 0.0811 -0.0526 0
vt -0.0015 -0.0163 0
vt -0.0406 -0.0134 0
vt -0.0020 -0.0178 0
vt -0.0223 -0.0447 0
vt -0.0053 -0.0469 0
vt -0.0393 -0.0426 0
vt 0.6065 0.8756 0
vt 0.5614 0.8756 0
vt 0.5493 0.8687 0
vt 0.6023 0.8640 0
vt 0.6468 0.8668 0
vt 0.6089 0.8634 0
vt 0.6506 0.8598 0
vt 0.6395 0.8756 0
vt 0.6377 0.8774 0
vt 0.6375 0.8775 0
vt 0.6220 0.8817 0
vt 0.5614 0.8836 0
vt 0.5963 0.8859 0
vt 0.5657 0.8904 0
vt 0.5572 0.8905 0
vt 0.5483 0.8892 0
vt 0.5602 0.8914 0
vt 0.4736 0.8796 0
vt 0.4740 0.8773 0
vt 0.4790 0.8808 0
vt 0.4878 0.8747 0
vt 0.5142 0.8719 0
vt 0.2021 0.8688 0
vt 0.2019 1.0000 0
vt 0.2190 1.0000 0
vt 0.2363 0.7391 0
vt 0.2011 0.6082 0
vt 0.2363 0.3697 0
vt 0.1981 0.3169 0
vt 0.2362 0.0000 0
vt 0.1933 0.0000 0
vt 0.2362 1.0000 0
vt 0.1737 0.7391 0
vt 0.2174 0.7310 0
vt 0.2174 0.5030 0
vt 0.1738 1.0000 0
vt 0.2163 1.0000 0
vt 0.2595 0.6629 0
vt 0.2174 0.9270 0
vt 0.2604 0.2955 0
vt 0.2611 0.0061 0
vt 0.1738 0.0000 0
vt 0.1737 0.3698 0
vt 0.2611 0.0000 0
vt 0.2588 1.0000 0
vt 0.8158 0.0000 0
vt 0.0103 0.0000 0
vt 0.4315 1.0076 0
vt 0.0103 0.8903 0
vt 0.0103 1.0000 0
vt 0.6337 1.0113 0
vt 0.8527 1.0154 0
vt 0.1059 0.5036 0
vt 0.1059 0.0698 0
vt 0.1169 0.3708 0
vt 0.1684 0.3670 0
vt 0.1059 0.0132 0
vt 0.1742 0.7063 0
vt 0.1059 1.0000 0
vt 0.1250 0.4211 0
vt 0.2232 1.0000 0
vt 0.8163 0.5917 0
vt 0.1232 0.5036 0
vt 0.1232 1.0000 0
vt 0.5065 0.0092 0
vt 0.1232 0.0132 0
vt 0.1232 0.0698 0
vt 0.6904 0.0073 0
vt 0.8898 0.0051 0
vt 0.7665 1.0000 0
vt 1.0264 0.9637 0
vt 0.3085 0.9630 0
vt 0.3056 0.9198 0
vt 0.6892 0.2513 0
vt 0.7990 0.4828 0
vt 0.3056 0.0000 0
vt 0.5699 0.0000 0
vt 0.3056 0.9630 0
vt 0.8071 0.4810 0
vt 0.1449 0.9198 0
vt 0.1449 0.9630 0
vt 0.7246 0.9602 0
vt 0.8905 0.0000 0
vt 0.1449 0.0000 0
vt 0.0077 -0.0435 0
vt 0.0039 -0.0208 0
vt 0.0533 -0.0119 0
vt 0.0037 -0.0208 0
vt 0.0619 -0.0332 0
vt -0.0767 -0.0079 0
vt -0.0037 -0.0208 0
vt -0.0451 -0.0364 0
vt -0.0077 -0.0435 0
vt -0.0825 -0.0292 0
vt -0.0077 -0.0435 0
vt 0.2249 1.0000 0
vt 0.2629 1.0000 0
vt 0.2630 0.5956 0
vt 0.1863 0.7563 0
vt 0.1868 1.0000 0
vt 0.2630 0.5000 0
vt 0.1857 0.5000 0
vt 0.2630 0.2508 0
vt 0.1854 0.3873 0
vt 0.2629 0.0000 0
vt 0.2236 0.0000 0
vt 0.1844 0.0000 0
vt 0.0521 0.1549 0
vt 0.0352 0.1598 0
vt 0.0178 0.1627 0
vt 0.0002 0.1637 0
vt 0.0685 0.1481 0
vt -0.0173 0.1626 0
vt -0.0346 0.1596 0
vt -0.0516 0.1547 0
vt -0.0680 0.1479 0
vt -0.1240 0.0983 0
vt 0.1326 0.0832 0
vt 0.1296 0.0914 0
vt -0.0834 0.1393 0
vt 0.1335 0.0749 0
vt 0.0809 0.1415 0
vt -0.1125 0.1159 0
vt -0.1189 0.1077 0
vt -0.0980 0.1290 0
vt 0.1247 0.0986 0
vt 0.0975 0.1301 0
vt 0.1334 0.0723 0
vt 0.1439 -0.0814 0
vt 0.0022 -0.1825 0
vt 0.0205 -0.1814 0
vt -0.0345 -0.1789 0
vt -0.0162 -0.1817 0
vt -0.1107 0.1178 0
vt 0.1349 -0.1097 0
vt 0.1192 -0.1349 0
vt 0.1251 -0.1284 0
vt 0.0897 -0.1575 0
vt 0.1050 -0.1470 0
vt 0.0832 0.1400 0
vt 0.1310 -0.1190 0
vt 0.0736 -0.1662 0
vt 0.0387 -0.1783 0
vt 0.1191 -0.1350 0
vt 0.0583 -0.1725 0
vt -0.0492 -0.1751 0
vt -0.0852 -0.1599 0
vt -0.0688 -0.1680 0
vt -0.1153 -0.1384 0
vt -0.1008 -0.1500 0
vt 0.1313 0.0375 0
vt -0.1396 0.0688 0
vt -0.1474 0.0538 0
vt 0.1315 0.0425 0
vt 0.1324 0.0258 0
vt -0.1694 -0.0117 0
vt -0.1709 -0.0183 0
vt -0.1717 -0.0284 0
vt -0.1708 -0.0390 0
vt 0.1353 0.0146 0
vt -0.1284 -0.1255 0
vt 0.1536 -0.0202 0
vt 0.1510 -0.0125 0
vt 0.0563 -0.1733 0
vt -0.1517 0.0430 0
vt -0.1306 0.0851 0
vt -0.1316 0.0835 0
vt -0.1716 -0.0253 0
vt -0.1586 -0.0791 0
vt -0.1547 -0.0873 0
vt -0.1696 -0.0450 0
vt -0.1400 -0.1112 0
vt 0.1544 -0.0284 0
vt 0.1441 -0.0807 0
vt -0.0514 -0.1744 0
vt -0.1633 0.0095 0
vt -0.1575 0.0262 0
vt -0.1646 -0.0634 0
vt -0.1652 -0.0616 0
vt -0.1416 -0.1090 0
vt -0.1503 -0.0953 0
vt 0.1533 -0.0366 0
vt 0.1449 -0.0780 0
vt 0.1455 -0.0759 0
vt 0.1443 -0.0800 0
vt 0.1521 -0.0417 0
vt 0.1473 -0.0677 0
vt 0.1401 0.0041 0
vt 0.1466 -0.0054 0
vt 0.3120 0.3984 0
vt 0.3142 0.0000 0
vt 0.2535 0.0000 0
vt 0.2535 0.0001 0
vt 0.2535 0.2508 0
vt 0.2534 0.5000 0
vt 0.2534 0.5956 0
vt 0.2535 1.0000 0
vt 0.3087 1.0000 0
vt 0.3100 0.7484 0
vt 0.2535 1.0000 0
vt 0.6929 0.5474 0
vt 0.6870 0.5163 0
vt 0.7069 0.5171 0
vt 0.7044 0.5087 0
vt 0.7000 0.4964 0
vt 0.7123 0.5644 0
vt 0.7106 0.5727 0
vt 0.7120 0.5391 0
vt 0.7132 0.5525 0
vt 0.6917 0.6359 0
vt 0.6940 0.5791 0
vt 0.6984 0.6208 0
vt 0.7036 0.5995 0
vt 0.6932 0.6421 0
vt 0.6912 0.6432 0
vt 0.6959 0.6311 0
vt 0.6906 0.6485 0
vt 0.6904 0.6522 0
vt 0.6888 0.6566 0
vt 0.6871 0.6622 0
vt 0.6865 0.6638 0
vt 0.3860 0.4319 0
vt 0.3687 0.4521 0
vt 0.3730 0.4458 0
vt 0.4068 0.4135 0
vt 0.3945 0.4156 0
vt 0.4129 0.3914 0
vt 0.4298 0.3986 0
vt 0.4209 0.3870 0
vt 0.4409 0.3779 0
vt 0.4549 0.3872 0
vt 0.4563 0.3726 0
vt 0.4811 0.3800 0
vt 0.4616 0.3712 0
vt 0.4826 0.3668 0
vt 0.5041 0.3647 0
vt 0.5083 0.3770 0
vt 0.5255 0.3651 0
vt 0.5354 0.3785 0
vt 0.5469 0.3678 0
vt 0.5621 0.3843 0
vt 0.5647 0.3851 0
vt 0.5704 0.3738 0
vt 0.5774 0.3761 0
vt 0.5678 0.3730 0
vt 0.5792 0.3903 0
vt 0.5973 0.3842 0
vt 0.5932 0.3967 0
vt 0.6166 0.3948 0
vt 0.6066 0.4044 0
vt 0.6343 0.4073 0
vt 0.6194 0.4133 0
vt 0.6508 0.4217 0
vt 0.6423 0.4342 0
vt 0.6313 0.4233 0
vt 0.6661 0.4384 0
vt 0.6524 0.4461 0
vt 0.6790 0.4559 0
vt 0.6615 0.4590 0
vt 0.6765 0.4865 0
vt 0.6907 0.4759 0
vt 0.0011 -0.0800 0
vt 0.0018 -0.0517 0
vt -0.0005 -0.0517 0
vt -0.0013 -0.0800 0
vt 0.0057 0.0909 0
vt 0.0033 0.0909 0
vt 0.0042 0.0808 0
vt 0.0031 0.0808 0
vt 0.0054 0.0808 0
vt 0.3403 0.0750 0
vt 0.3428 0.0000 0
vt 0.4146 0.0199 0
vt 0.4152 0.0000 0
vt 0.3384 0.1664 0
vt 0.4205 0.0920 0
vt 0.5164 0.3119 0
vt 0.3386 0.3487 0
vt 0.3379 0.2577 0
vt 0.5729 0.3816 0
vt 0.3407 0.4402 0
vt 0.6582 0.4558 0
vt 0.6623 0.4586 0
vt 0.6275 0.4329 0
vt 0.3440 0.5307 0
vt 0.6930 0.4780 0
vt 0.7658 0.5144 0
vt 0.3445 0.5414 0
vt 1.0000 0.6558 0
vt 0.9097 0.5552 0
vt 0.9832 0.5620 0
vt 0.3486 0.6227 0
vt 0.8372 0.5394 0
vt 0.8849 0.5508 0
vt 1.0000 0.7452 0
vt 1.0000 0.8293 0
vt 0.3613 0.8054 0
vt 1.0000 0.9052 0
vt 0.3692 0.8965 0
vt 0.3544 0.7136 0
vt 1.0000 0.5624 0
vt 0.4711 0.2386 0
vt 0.4391 0.1650 0
vt 0.2716 6.0940 0
vt 0.5317 6.0935 0
vt 0.5280 5.9872 0
vt 0.5338 6.1993 0
vt 0.2782 6.2009 0
vt 0.2884 6.3073 0
vt 0.3022 6.4141 0
vt 0.5334 6.3956 0
vt 0.5479 6.4695 0
vt 0.5341 6.4141 0
vt 0.3192 6.5198 0
vt 0.5777 6.5206 0
vt 0.3241 6.5469 0
vt 0.6208 6.5650 0
vt 0.3397 6.6269 0
vt 0.6694 6.5982 0
vt 0.7278 6.6246 0
vt 1.0000 6.9655 0
vt 0.5497 6.9855 0
vt 0.6076 7.0502 0
vt 1.0000 6.8668 0
vt 0.4593 6.8805 0
vt 0.4477 6.8668 0
vt 1.0000 6.7610 0
vt 0.3740 6.7786 0
vt 0.3634 6.7342 0
vt 0.7936 6.6418 0
vt 0.8650 6.6486 0
vt 1.0000 6.6508 0
vt 0.9993 6.6508 0
vt 0.9322 6.6497 0
vt 1.0000 7.0551 0
vt 0.5343 6.3061 0
vt 0.2688 5.9872 0
vt 0.6621 0.9802 0
vt 0.6621 0.8299 0
vt 0.6620 0.8751 0
vt 0.6620 1.0324 0
vt 0.6621 1.0145 0
vt 0.6621 1.0156 0
vt 0.6621 0.7786 0
vt 0.6620 0.7787 0
vt 0.6621 0.6783 0
vt 0.6620 0.7188 0
vt 0.6621 0.5219 0
vt 0.6620 0.5608 0
vt 0.6620 0.5193 0
vt 0.6620 0.3496 0
vt 0.6619 0.2596 0
vt 0.6619 0.3989 0
vt 0.6620 0.2706 0
vt 0.6620 0.2595 0
vt 0.6619 0.1743 0
vt 0.6619 0.0000 0
vt 0.6618 0.0791 0
vt 0.6619 0.2510 0
vt 0.6618 0.0000 0
vt 1.4973 0.0541 0
vt 1.2748 0.0501 0
vt 1.1331 0.0642 0
vt 1.3512 0.0681 0
vt 1.5708 0.0718 0
vt 1.5708 0.0553 0
vt 0.9110 0.0601 0
vt 1.0582 0.0463 0
vt 0.8484 0.0429 0
vt 0.8252 0.0586 0
vt 0.6861 0.0563 0
vt 0.6620 0.0404 0
vt 0.4706 0.0385 0
vt 0.4149 0.0526 0
vt 0.4714 0.0532 0
vt 0.2764 0.0377 0
vt 0.2778 0.0513 0
vt 0.0787 0.0379 0
vt 0.0787 0.0503 0
vt -0.0118 -0.0390 0
vt -0.0045 -0.0400 0
vt -0.0059 -0.0499 0
vt -0.0191 -0.0380 0
vt -0.0126 -0.0501 0
vt -0.0194 -0.0503 0
vt 0.1070 -0.0550 0
vt 0.1412 -0.0458 0
vt 0.1253 -0.0347 0
vt 0.1315 -0.0328 0
vt 0.1276 -0.0340 0
vt 0.1478 -0.0264 0
vt 0.1730 -0.0303 0
vt 0.1642 -0.0178 0
vt 0.0708 -0.0423 0
vt 0.0554 -0.0413 0
vt 0.0601 -0.0570 0
vt 0.0717 -0.0576 0
vt 0.0893 -0.0417 0
vt 0.1075 -0.0392 0
vt 0.1843 -0.0228 0
vt 0.1796 -0.0076 0
vt 5.1881 0.0677 0
vt 5.0716 0.0727 0
vt 5.1396 0.0756 0
vt 5.3025 0.0618 0
vt 5.2513 0.0706 0
vt 5.3022 0.0681 0
vt 5.0291 0.0796 0
vt 4.9569 0.0764 0
vt 4.9182 0.0826 0
vt 4.7337 0.0797 0
vt 4.7107 0.0853 0
vt 4.8081 0.0845 0
vt 4.8445 0.0788 0
vt 4.8548 0.0838 0
vt 4.4702 0.0834 0
vt 4.5844 0.0850 0
vt 4.5766 0.0791 0
vt 4.6974 0.0853 0
vt 4.6853 0.0798 0
vt 4.7030 0.0798 0
vt 4.6941 0.0798 0
vt 4.2494 0.0702 0
vt 4.2359 0.0769 0
vt 4.3095 0.0794 0
vt 4.3602 0.0743 0
vt 4.3539 0.0807 0
vt 4.4691 0.0773 0
vt 4.1200 0.0723 0
vt 4.1395 0.0653 0
vt 4.1188 0.0643 0
vt 1.3883 0.0118 0
vt 1.2581 0.0793 0
vt 1.2831 0.0892 0
vt 1.3179 0.0987 0
vt 1.2511 0.0753 0
vt 1.2415 0.0516 0
vt 1.2381 0.0583 0
vt 1.2430 0.0689 0
vt 1.3541 0.1062 0
vt 1.2962 0.0252 0
vt 1.2663 0.0319 0
vt 1.2542 0.0370 0
vt 1.2450 0.0449 0
vt 1.3262 0.0186 0
vt 1.3023 0.0227 0
vt 1.2725 0.0298 0
vt 1.3424 0.0164 0
vt 1.5499 0.0080 0
vt 1.4340 0.1177 0
vt 1.4672 0.1213 0
vt 1.4372 0.0090 0
vt 1.3565 0.1066 0
vt 1.4082 0.1145 0
vt 1.4877 0.0080 0
vt 1.7396 0.0080 0
vt 1.5418 0.1281 0
vt 1.6176 0.1334 0
vt 1.6949 0.1372 0
vt 1.9293 0.0080 0
vt 1.8412 0.1400 0
vt 1.8506 0.1400 0
vt 1.7724 0.1394 0
vt 1.7395 0.1387 0
vt 2.0895 0.1316 0
vt 2.1195 0.1294 0
vt 1.9302 0.1389 0
vt 2.0098 0.1361 0
vt 2.3661 0.0300 0
vt 2.4283 0.0470 0
vt 2.4217 0.0388 0
vt 2.4059 0.0314 0
vt 2.3804 0.0244 0
vt 2.3460 0.0181 0
vt 2.3039 0.0131 0
vt 2.4296 0.0553 0
vt 2.4268 0.0694 0
vt 2.4310 0.0636 0
vt 2.4106 0.0803 0
vt 2.4011 0.0845 0
vt 2.3079 0.1082 0
vt 2.3437 0.1013 0
vt 2.3826 0.0911 0
vt 2.2968 0.1101 0
vt 2.1191 0.0080 0
vt 2.1683 0.1253 0
vt 2.2563 0.0097 0
vt 2.2056 0.0081 0
vt 2.2693 0.0104 0
vt 2.2430 0.1175 0
vt 2.1913 0.0080 0
vt 0.0070 -0.0406 0
vt 0.0243 -0.0371 0
vt 0.0170 -0.0500 0
vt 0.0253 -0.0494 0
vt 0.0087 -0.0505 0
vt 0.0070 -0.0406 0
vt 2.9103 0.0520 0
vt 3.1159 0.0514 0
vt 3.0807 0.0389 0
vt 3.1159 0.0390 0
vt 2.6706 0.0396 0
vt 2.7144 0.0536 0
vt 2.8775 0.0387 0
vt 2.4573 0.0416 0
vt 2.5098 0.0559 0
vt 2.3428 0.0429 0
vt 2.2990 0.0590 0
vt 2.0146 0.0476 0
vt 2.0816 0.0625 0
vt 2.2388 0.0443 0
vt 1.9186 0.0651 0
vt 1.8596 0.0660 0
vt 1.7927 0.0510 0
vt 1.5708 0.0543 0
vt 1.5708 0.0702 0
vt 1.6343 0.0694 0
vt 0.6813 0.6306 0
vt 0.6816 0.6345 0
vt 0.6816 0.5271 0
vt 0.6816 0.7740 0
vt 0.6812 0.8153 0
vt 0.6810 1.0000 0
vt 0.6813 1.0000 0
vt 0.6815 0.8699 0
vt 0.6812 0.7741 0
vt 0.6818 0.5144 0
vt 0.6816 0.3296 0
vt 0.6820 0.3437 0
vt 0.6816 0.2589 0
vt 0.6821 0.1760 0
vt 0.6817 0.0844 0
vt 0.6821 0.0070 0
vt 0.6817 -0.0077 0
vt 0.6817 0.6891 0
vt 0.6815 0.4430 0
vt 0.2740 1.0000 0
vt 0.2786 0.9182 0
vt 0.3671 0.9369 0
vt 0.2846 0.8369 0
vt 0.3926 0.8758 0
vt 0.4312 0.8146 0
vt 0.3003 0.6737 0
vt 0.5463 0.6969 0
vt 0.4830 0.7548 0
vt 0.5595 0.6865 0
vt 0.3097 0.5927 0
vt 0.6034 0.6562 0
vt 0.6739 0.6182 0
vt 0.3201 0.5126 0
vt 0.7504 0.5878 0
vt 0.8311 0.5657 0
vt 0.9144 0.5518 0
vt 1.0000 0.5461 0
vt 1.0001 0.5461 0
vt 0.3217 0.5000 0
vt 1.0000 0.4790 0
vt 1.0000 0.4993 0
vt 0.3316 0.4287 0
vt 0.3375 0.3891 0
vt 1.0000 0.3891 0
vt 1.0000 0.3970 0
vt 0.9843 0.3158 0
vt 0.9940 0.3166 0
vt 0.9679 0.3129 0
vt 0.9522 0.3079 0
vt 0.9292 0.2933 0
vt 0.9370 0.2998 0
vt 0.3435 0.3481 0
vt 0.3549 0.2764 0
vt 0.9201 0.2748 0
vt 0.9212 0.2807 0
vt 0.3684 0.1904 0
vt 0.9241 0.2573 0
vt 0.3562 0.2674 0
vt 0.9266 0.2533 0
vt 0.9437 0.2385 0
vt 0.9694 0.2288 0
vt 1.0000 0.2256 0
vt 0.6863 0.1626 0
vt 0.9999 0.1599 0
vt 1.0000 0.1599 0
vt 0.3727 0.1655 0
vt 1.0000 0.3167 0
vt 0.2918 0.7559 0
vt 0.3543 1.0000 0
vt 0.4497 4.8833 0
vt 0.9931 4.9677 0
vt 0.9932 4.9677 0
vt 0.9557 4.9748 0
vt 0.4195 4.9894 0
vt 0.9106 5.0163 0
vt 0.4084 5.0305 0
vt 0.9119 5.0409 0
vt 0.9261 4.9920 0
vt 0.3923 5.0920 0
vt 0.9139 5.0452 0
vt 0.9299 5.0642 0
vt 1.0000 5.1802 0
vt 0.9614 5.0802 0
vt 0.9377 5.0697 0
vt 1.0000 5.0861 0
vt 0.3665 5.1985 0
vt 1.0000 5.1900 0
vt 1.0000 5.2999 0
vt 0.3427 5.3091 0
vt 1.0000 5.3262 0
vt 0.2748 5.9872 0
vt 0.5313 5.9872 0
vt 0.5302 5.9632 0
vt 0.2747 5.9506 0
vt 0.5249 5.8623 0
vt 0.2770 5.8443 0
vt 0.5179 5.7557 0
vt 0.2831 5.7359 0
vt 0.5094 5.6492 0
vt 0.2927 5.6297 0
vt 0.5135 5.5947 0
vt 0.3060 5.5232 0
vt 0.3232 5.4134 0
vt 0.5350 5.5418 0
vt 0.5732 5.4926 0
vt 0.5962 5.4721 0
vt 0.6248 5.4515 0
vt 0.6867 5.4202 0
vt 0.8271 5.3911 0
vt 0.8399 5.3907 0
vt 0.7549 5.4000 0
vt 1.0000 5.3880 0
vt 1.0000 4.9676 0
vt 1.0000 4.8770 0
vt 3.1408 -0.2276 0
vt 2.7062 -0.2274 0
vt 2.8050 -0.2187 0
vt 3.1416 -0.2187 0
vt 3.1416 -0.2276 0
vt 2.2646 -0.2265 0
vt 2.3113 -0.2187 0
vt 1.8178 -0.2253 0
vt 1.3240 -0.2187 0
vt 1.8176 -0.2187 0
vt 1.3996 -0.2240 0
vt 0.8303 -0.2187 0
vt 0.9563 -0.2228 0
vt 1.3244 -0.2238 0
vt 0.8310 -0.2225 0
vt 0.5145 -0.2219 0
vt 0.0749 -0.2215 0
vt 6.2832 -0.2187 0
vt 0.3366 -0.2187 0
vt 0.0000 -0.2215 0
vt 5.9466 -0.2187 0
vt 6.2832 -0.2187 0
vt 6.1615 -0.2216 0
vt 0.0000 -0.2215 0
vt 5.9458 -0.2219 0
vt 5.7174 -0.2223 0
vt 5.4529 -0.2187 0
vt 5.4520 -0.2229 0
vt 5.2719 -0.2233 0
vt 4.9592 -0.2187 0
vt 4.4655 -0.2187 0
vt 4.9588 -0.2242 0
vt 4.8247 -0.2246 0
vt 3.9719 -0.2187 0
vt 4.4658 -0.2257 0
vt 4.3773 -0.2260 0
vt 3.4782 -0.2187 0
vt 3.9965 -0.2269 0
vt 3.2165 -0.2276 0
vt 3.1416 -0.2187 0
vt 3.6086 -0.2275 0
vt 3.1416 -0.2276 0
vt 0.0167 -0.0081 0
vt 0.0032 -0.0081 0
vt 0.0075 -0.0104 0
vt 0.0032 0.0066 0
vt 0.0167 0.0066 0
vt 0.0124 0.0089 0
vt 0.0005 -0.0041 0
vt 0.0194 0.0026 0
vt 0.0124 -0.0104 0
vt 0.0075 0.0089 0
vt 0.0194 -0.0041 0
vt 0.0000 -0.0007 0
vt 0.0005 0.0026 0
vt 0.0200 -0.0007 0
vt 0.9535 -0.1770 0
vt 0.9535 -0.1835 0
vt 0.9470 -0.1835 0
vt 0.9400 -0.1820 0
vt 0.9550 -0.1670 0
vt 0.9565 -0.1770 0
vt 0.9700 -0.1820 0
vt 0.9630 -0.1835 0
vt 0.9612 -0.2146 0
vt 0.9583 -0.2099 0
vt 0.9602 -0.2079 0
vt 0.9565 -0.1835 0
vt 0.9555 -0.2127 0
vt 0.9535 -0.2210 0
vt 0.9539 -0.2137 0
vt 0.9650 -0.2015 0
vt 0.9630 -0.1865 0
vt 0.9565 -0.2069 0
vt 0.9533 -0.2100 0
vt 0.9514 -0.2059 0
vt 0.9608 -0.2031 0
vt 0.9510 -0.2020 0
vt 0.9400 -0.2320 0
vt 0.9470 -0.1865 0
vt 0.9450 -0.2076 0
vt 0.9565 -0.1930 0
vt 0.9535 -0.1930 0
vt 0.9483 -0.2084 0
vt 0.9487 -0.2071 0
vt 0.9494 -0.2064 0
vt 0.9512 -0.2059 0
vt 0.9509 -0.2108 0
vt 0.9495 -0.2105 0
vt 0.9504 -0.2146 0
vt 0.9472 -0.2136 0
vt 0.9493 -0.2145 0
vt 0.9700 -0.2320 0
vt 0.9565 -0.2370 0
vt 0.9565 -0.2210 0
vt 0.9459 -0.2048 0
vt 0.9565 -0.1865 0
vt 0.9484 -0.2089 0
vt 0.9487 -0.2098 0
vt 0.9650 -0.2146 0
vt 0.9550 -0.2470 0
vt 0.9475 -0.2031 0
vt 0.9535 -0.1865 0
vt 0.9612 -0.2072 0
vt 0.9457 -0.2118 0
vt 0.9535 -0.2370 0
vt 0.9450 -0.2085 0
vt 0.0000 0.0059 0
vt 0.0000 0.8361 0
vt 0.2685 0.8789 0
vt 0.7401 0.9497 0
vt 0.8450 0.1369 0
vt 0.5000 0.0836 0
vt 1.0000 0.9941 0
vt 1.0000 0.1639 0
vt 0.9566 -0.2069 0
vt 0.9597 -0.2085 0
vt 0.9572 -0.2112 0
vt 0.9609 -0.2031 0
vt 0.9613 -0.2072 0
vt 0.9479 -0.2139 0
vt 0.9497 -0.2105 0
vt 0.9504 -0.2107 0
vt 0.9474 -0.2136 0
vt 0.9494 -0.2103 0
vt 0.9534 -0.2100 0
vt 0.9506 -0.2146 0
vt 0.9511 -0.2108 0
vt 0.9461 -0.2123 0
vt 0.9489 -0.2098 0
vt 0.9458 -0.2116 0
vt 0.9487 -0.2096 0
vt 0.9452 -0.2097 0
vt 0.9451 -0.2085 0
vt 0.9485 -0.2084 0
vt 0.9460 -0.2049 0
vt 0.9487 -0.2072 0
vt 0.9645 -0.2016 0
vt 0.9485 -0.2082 0
vt 0.9556 -0.2127 0
vt 0.9531 -0.2102 0
vt 0.9520 -0.2144 0
vt 0.9476 -0.2031 0
vt 0.9494 -0.2065 0
vt 0.9507 -0.2021 0
vt 0.9515 -0.2059 0
vt 0.9652 -0.2146 0
vt 0.9512 -0.2020 0
vt 0.9613 -0.2146 0
vt 0.9652 -0.2015 0
vt 0.0000 0.0059 0
vt 0.0000 0.8522 0
vt 0.2716 0.8940 0
vt 1.0000 0.9941 0
vt 1.0000 0.1478 0
vt 0.6583 0.1036 0
vt 0.3743 0.0263 0
vt 0.0000 0.0059 0
vt 0.1301 0.8441 0
vt 0.0000 0.8421 0
vt 0.6259 0.0680 0
vt 0.4370 0.8707 0
vt 0.3551 0.8601 0
vt 0.6283 0.9046 0
vt 0.7006 0.9201 0
vt 1.0000 0.9941 0
vt 1.0000 0.1579 0
vt 0.8744 0.1259 0
vt 0.3725 0.0760 0
vt 0.0000 0.1717 0
vt 0.0439 0.9823 0
vt 0.0000 0.9941 0
vt 0.6255 0.8519 0
vt 0.6092 0.0318 0
vt 1.0000 0.8283 0
vt 1.0000 0.0059 0
vt 0.9082 0.0073 0
vt 0.3755 0.8975 0
vt 0.0893 -0.0039 0
vt 0.0873 -0.0039 0
vt 0.0873 0.0000 0
vt 0.0893 0.0000 0
vt 0.3074 0.0162 0
vt 0.0000 0.0059 0
vt 0.0478 0.9023 0
vt 0.0000 0.9020 0
vt 0.2783 0.9103 0
vt 0.5009 0.9302 0
vt 1.0000 0.9941 0
vt 1.0000 0.0980 0
vt 0.9486 0.0912 0
vt 0.5288 0.0374 0
vt 0.3737 0.0414 0
vt 0.0000 0.0856 0
vt 0.1823 0.9720 0
vt 0.0000 0.9941 0
vt 0.6235 0.0184 0
vt 0.4415 0.9427 0
vt 0.3631 0.9510 0
vt 0.6240 0.9268 0
vt 0.6889 0.9226 0
vt 1.0000 0.9144 0
vt 1.0000 0.0059 0
vt 0.8679 0.0073 0
vt 1.0000 0.0059 0
vt 0.0000 0.0768 0
vt 0.1541 0.9840 0
vt 1.0000 0.9232 0
vt 0.0000 0.9941 0
vt 1.0000 0.8978 0
vt 1.0000 0.0059 0
vt 0.0000 0.1022 0
vt 0.0000 0.9941 0
vt 0.4400 0.1160 0
vt 0.0000 0.2245 0
vt 0.0598 0.9784 0
vt 0.0000 0.9941 0
vt 1.0000 0.7755 0
vt 1.0000 0.0059 0
vt 0.4381 0.8859 0
vt 0.0000 0.0902 0
vt 0.0131 0.0902 0
vt 0.0131 0.0882 0
vt 0.0000 0.0882 0
vt -0.0900 0.0000 0
vt -0.0902 0.0038 0
vt -0.0882 0.0038 0
vt -0.0879 0.0000 0
vt 0.0000 0.0900 0
vt 0.0074 0.0900 0
vt 0.0074 0.0879 0
vt 0.0000 0.0879 0
vt -0.0160 0.0896 0
vt 0.0000 0.0896 0
vt 0.0000 0.0876 0
vt -0.0160 0.0876 0
vt -0.0894 0.0000 0
vt -0.0896 0.0030 0
vt -0.0876 0.0030 0
vt -0.0874 0.0000 0
vt 0.0000 0.0894 0
vt 0.0160 0.0894 0
vt 0.0160 0.0874 0
vt 0.0000 0.0874 0
vt 0.0894 0.0000 0
vt 0.0874 0.0000 0
vt 0.0876 0.0030 0
vt 0.0896 0.0030 0
vt 0.9536 -0.2370 0
vt 0.9536 -0.2210 0
vt 0.9566 -0.2210 0
vt 0.9566 -0.2370 0
vt -0.0065 0.0896 0
vt 0.0000 0.0896 0
vt 0.0000 0.0876 0
vt -0.0065 0.0876 0
vt 0.9536 -0.1930 0
vt 0.9536 -0.1865 0
vt 0.9566 -0.1865 0
vt 0.9566 -0.1770 0
vt 0.9566 -0.1835 0
vt 0.9536 -0.1835 0
vt 0.9632 -0.1865 0
vt 0.9471 -0.1835 0
vt 0.9632 -0.1835 0
vt 0.9471 -0.1865 0
vt 0.9536 -0.1770 0
vt 0.9566 -0.1930 0
vt -0.0065 0.0881 0
vt -0.0065 0.0901 0
vt 0.0000 0.0896 0
vt 0.0000 0.0876 0
vt -0.0030 0.0901 0
vt 0.0000 0.0901 0
vt 0.0000 0.0881 0
vt -0.0030 0.0881 0
vt -0.0881 0.0065 0
vt -0.0876 0.0000 0
vt -0.0896 0.0000 0
vt -0.0901 0.0065 0
vt -0.0065 0.0896 0
vt 0.0000 0.0896 0
vt 0.0000 0.0876 0
vt -0.0065 0.0876 0
vt -0.0894 0.0000 0
vt -0.0896 0.0030 0
vt -0.0876 0.0030 0
vt -0.0874 0.0000 0
vt 0.0000 0.0894 0
vt 0.0065 0.0894 0
vt 0.0065 0.0874 0
vt 0.0000 0.0874 0
vt -0.0874 0.0065 0
vt -0.0870 0.0000 0
vt -0.0890 0.0000 0
vt -0.0894 0.0065 0
vt 0.0000 0.0890 0
vt 0.0030 0.0890 0
vt 0.0030 0.0870 0
vt 0.0000 0.0870 0
vt -0.0065 0.0874 0
vt -0.0065 0.0894 0
vt 0.0000 0.0890 0
vt 0.0000 0.0870 0
vt 0.0000 0.0894 0
vt 0.0065 0.0894 0
vt 0.0065 0.0874 0
vt 0.0000 0.0874 0
vt 0.0000 0.0894 0
vt 0.0000 0.0874 0
vt -0.0030 0.0876 0
vt -0.0030 0.0896 0
f 6869/6869/6869 6872/6872/6872 6874/6874/6874
f 6868/6868/6868 6867/6867/6867 6873/6873/6873
f 6867/6867/6867 6871/6871/6871 6873/6873/6873
f 6871/6871/6871 6879/6879/6879 6873/6873/6873
f 6872/6872/6872 6873/6873/6873 6879/6879/6879
f 6872/6872/6872 6869/6869/6869 6868/6868/6868
f 6876/6876/6876 6875/6875/6875 6878/6878/6878
f 6869/6869/6869 6867/6867/6867 6868/6868/6868
f 6871/6871/6871 6867/6867/6867 6870/6870/6870
f 6873/6873/6873 6872/6872/6872 6868/6868/6868
f 6867/6867/6867 6869/6869/6869 6877/6877/6877
f 6869/6869/6869 6875/6875/6875 6876/6876/6876
f 6875/6875/6875 6869/6869/6869 6874/6874/6874
f 6869/6869/6869 6876/6876/6876 6877/6877/6877
f 6860/6860/6860 6857/6857/6857 6866/6866/6866
f 6862/6862/6862 6861/6861/6861 6860/6860/6860
f 6864/6864/6864 6863/6863/6863 6862/6862/6862
f 6863/6863/6863 6864/6864/6864 6865/6865/6865
f 6861/6861/6861 6862/6862/6862 6863/6863/6863
f 6859/6859/6859 6857/6857/6857 6858/6858/6858
f 6857/6857/6857 6859/6859/6859 6866/6866/6866
f 6857/6857/6857 6860/6860/6860 6861/6861/6861
f 6989/6989/6989 7002/7002/7002 6992/6992/6992
f 6970/6970/6970 6969/6969/6969 6963/6963/6963
f 6983/6983/6983 7018/7018/7018 7021/7021/7021
f 7016/7016/7016 6983/6983/6983 7020/7020/7020
f 6994/6994/6994 7015/7015/7015 7014/7014/7014
f 6989/6989/6989 7013/7013/7013 7012/7012/7012
f 6989/6989/6989 7011/7011/7011 7010/7010/7010
f 6988/6988/6988 6951/6951/6951 7000/7000/7000
f 6963/6963/6963 7009/7009/7009 6980/6980/6980
f 6983/6983/6983 7008/7008/7008 7019/7019/7019
f 7018/7018/7018 6983/6983/6983 7017/7017/7017
f 7007/7007/7007 6983/6983/6983 7016/7016/7016
f 7015/7015/7015 6994/6994/6994 7004/7004/7004
f 7006/7006/7006 6994/6994/6994 7014/7014/7014
f 6989/6989/6989 7005/7005/7005 7013/7013/7013
f 7003/7003/7003 6989/6989/6989 7012/7012/7012
f 7011/7011/7011 6989/6989/6989 6985/6985/6985
f 6990/6990/6990 6989/6989/6989 7010/7010/7010
f 6988/6988/6988 7000/7000/7000 6985/6985/6985
f 6985/6985/6985 7001/7001/7001 6986/6986/6986
f 6963/6963/6963 6982/6982/6982 7009/7009/7009
f 6963/6963/6963 6998/6998/6998 6979/6979/6979
f 7008/7008/7008 6983/6983/6983 6963/6963/6963
f 6996/6996/6996 6983/6983/6983 7007/7007/7007
f 6995/6995/6995 6994/6994/6994 7006/7006/7006
f 6989/6989/6989 6993/6993/6993 7005/7005/7005
f 7004/7004/7004 6989/6989/6989 7003/7003/7003
f 6989/6989/6989 6991/6991/6991 7002/7002/7002
f 6956/6956/6956 6958/6958/6958 6951/6951/6951
f 7001/7001/7001 6985/6985/6985 7000/7000/7000
f 6985/6985/6985 6987/6987/6987 6999/6999/6999
f 6963/6963/6963 6984/6984/6984 6981/6981/6981
f 6963/6963/6963 6977/6977/6977 6998/6998/6998
f 6963/6963/6963 6973/6973/6973 6978/6978/6978
f 6997/6997/6997 6983/6983/6983 6996/6996/6996
f 6983/6983/6983 6994/6994/6994 6995/6995/6995
f 6994/6994/6994 6983/6983/6983 7022/7022/7022
f 6991/6991/6991 6989/6989/6989 6990/6990/6990
f 6962/6962/6962 6951/6951/6951 6988/6988/6988
f 6987/6987/6987 6985/6985/6985 6986/6986/6986
f 6984/6984/6984 6963/6963/6963 6983/6983/6983
f 6982/6982/6982 6963/6963/6963 6981/6981/6981
f 6966/6966/6966 6963/6963/6963 6980/6980/6980
f 6976/6976/6976 6963/6963/6963 6979/6979/6979
f 6970/6970/6970 6963/6963/6963 6978/6978/6978
f 6951/6951/6951 6974/6974/6974 6956/6956/6956
f 6963/6963/6963 6965/6965/6965 6977/6977/6977
f 6972/6972/6972 6963/6963/6963 6976/6976/6976
f 6969/6969/6969 6971/6971/6971 6975/6975/6975
f 6951/6951/6951 6961/6961/6961 6974/6974/6974
f 6946/6946/6946 6959/6959/6959 6968/6968/6968
f 6963/6963/6963 6967/6967/6967 6964/6964/6964
f 6973/6973/6973 6963/6963/6963 6972/6972/6972
f 6971/6971/6971 6969/6969/6969 6970/6970/6970
f 6951/6951/6951 6953/6953/6953 6960/6960/6960
f 6946/6946/6946 6968/6968/6968 6956/6956/6956
f 6957/6957/6957 6956/6956/6956 6968/6968/6968
f 6967/6967/6967 6963/6963/6963 6966/6966/6966
f 6965/6965/6965 6963/6963/6963 6964/6964/6964
f 6955/6955/6955 6951/6951/6951 6962/6962/6962
f 6961/6961/6961 6951/6951/6951 6960/6960/6960
f 6946/6946/6946 6954/6954/6954 6959/6959/6959
f 6958/6958/6958 6956/6956/6956 6957/6957/6957
f 6952/6952/6952 6951/6951/6951 6955/6955/6955
f 6946/6946/6946 6950/6950/6950 6954/6954/6954
f 6953/6953/6953 6951/6951/6951 6952/6952/6952
f 6946/6946/6946 6949/6949/6949 6950/6950/6950
f 6946/6946/6946 6948/6948/6948 6949/6949/6949
f 6946/6946/6946 6947/6947/6947 6948/6948/6948
f 6946/6946/6946 6945/6945/6945 6947/6947/6947
f 6942/6942/6942 6944/6944/6944 6945/6945/6945
f 6942/6942/6942 6945/6945/6945 6946/6946/6946
f 6944/6944/6944 6942/6942/6942 6943/6943/6943
f 6985/6985/6985 6999/6999/6999 7011/7011/7011
f 6983/6983/6983 6997/6997/6997 7023/7023/7023
f 6983/6983/6983 7019/7019/7019 7017/7017/7017
f 6989/6989/6989 7004/7004/7004 6994/6994/6994
f 6983/6983/6983 7021/7021/7021 7020/7020/7020
f 6993/6993/6993 6989/6989/6989 6992/6992/6992
f 6983/6983/6983 7023/7023/7023 7022/7022/7022
f 7078/7078/7078 7076/7076/7076 7077/7077/7077
f 7047/7047/7047 7045/7045/7045 7041/7041/7041
f 7044/7044/7044 7048/7048/7048 7049/7049/7049
f 7048/7048/7048 7044/7044/7044 7050/7050/7050
f 7049/7049/7049 7048/7048/7048 7051/7051/7051
f 7044/7044/7044 7046/7046/7046 7050/7050/7050
f 7052/7052/7052 7051/7051/7051 7048/7048/7048
f 7051/7051/7051 7052/7052/7052 7053/7053/7053
f 7054/7054/7054 7053/7053/7053 7052/7052/7052
f 7053/7053/7053 7054/7054/7054 7055/7055/7055
f 7035/7035/7035 7041/7041/7041 7045/7045/7045
f 7058/7058/7058 7056/7056/7056 7057/7057/7057
f 7060/7060/7060 7059/7059/7059 7056/7056/7056
f 7059/7059/7059 7060/7060/7060 7061/7061/7061
f 7061/7061/7061 7062/7062/7062 7059/7059/7059
f 7062/7062/7062 7061/7061/7061 7063/7063/7063
f 7064/7064/7064 7062/7062/7062 7063/7063/7063
f 7062/7062/7062 7064/7064/7064 7065/7065/7065
f 7065/7065/7065 7064/7064/7064 7066/7066/7066
f 7068/7068/7068 7067/7067/7067 7065/7065/7065
f 7068/7068/7068 7065/7065/7065 7066/7066/7066
f 7067/7067/7067 7068/7068/7068 7069/7069/7069
f 7070/7070/7070 7067/7067/7067 7069/7069/7069
f 7067/7067/7067 7070/7070/7070 7071/7071/7071
f 7072/7072/7072 7071/7071/7071 7070/7070/7070
f 7071/7071/7071 7072/7072/7072 7073/7073/7073
f 7073/7073/7073 7072/7072/7072 7074/7074/7074
f 7074/7074/7074 7075/7075/7075 7073/7073/7073
f 7046/7046/7046 7045/7045/7045 7047/7047/7047
f 7077/7077/7077 7076/7076/7076 7079/7079/7079
f 7046/7046/7046 7044/7044/7044 7045/7045/7045
f 7035/7035/7035 7043/7043/7043 7040/7040/7040
f 7043/7043/7043 7035/7035/7035 7042/7042/7042
f 7041/7041/7041 7035/7035/7035 7040/7040/7040
f 7038/7038/7038 7036/7036/7036 7039/7039/7039
f 7037/7037/7037 7036/7036/7036 7038/7038/7038
f 7037/7037/7037 7035/7035/7035 7036/7036/7036
f 7076/7076/7076 7078/7078/7078 7080/7080/7080
f 7079/7079/7079 7076/7076/7076 7075/7075/7075
f 7035/7035/7035 7037/7037/7037 7042/7042/7042
f 7056/7056/7056 7058/7058/7058 7060/7060/7060
f 7094/7094/7094 7039/7039/7039 7036/7036/7036
f 7039/7039/7039 7094/7094/7094 7095/7095/7095
f 7075/7075/7075 7074/7074/7074 7079/7079/7079
f 7094/7094/7094 7092/7092/7092 7095/7095/7095
f 7092/7092/7092 7094/7094/7094 7093/7093/7093
f 7081/7081/7081 7080/7080/7080 7078/7078/7078
f 7081/7081/7081 7084/7084/7084 7082/7082/7082
f 7083/7083/7083 7086/7086/7086 7084/7084/7084
f 7085/7085/7085 7089/7089/7089 7086/7086/7086
f 7087/7087/7087 7089/7089/7089 7085/7085/7085
f 7080/7080/7080 7081/7081/7081 7082/7082/7082
f 7084/7084/7084 7081/7081/7081 7083/7083/7083
f 7086/7086/7086 7083/7083/7083 7085/7085/7085
f 7089/7089/7089 7087/7087/7087 7088/7088/7088
f 7088/7088/7088 7090/7090/7090 7091/7091/7091
f 7093/7093/7093 7090/7090/7090 7092/7092/7092
f 7090/7090/7090 7093/7093/7093 7091/7091/7091
f 7090/7090/7090 7088/7088/7088 7087/7087/7087
f 6836/6836/6836 6853/6853/6853 6855/6855/6855
f 6837/6837/6837 6835/6835/6835 6836/6836/6836
f 6839/6839/6839 6835/6835/6835 6838/6838/6838
f 6840/6840/6840 6839/6839/6839 6838/6838/6838
f 6839/6839/6839 6840/6840/6840 6841/6841/6841
f 6843/6843/6843 6835/6835/6835 6842/6842/6842
f 6835/6835/6835 6843/6843/6843 6844/6844/6844
f 6845/6845/6845 6836/6836/6836 6835/6835/6835
f 6836/6836/6836 6845/6845/6845 6846/6846/6846
f 6847/6847/6847 6846/6846/6846 6845/6845/6845
f 6846/6846/6846 6847/6847/6847 6848/6848/6848
f 6850/6850/6850 6846/6846/6846 6849/6849/6849
f 6849/6849/6849 6846/6846/6846 6851/6851/6851
f 6853/6853/6853 6836/6836/6836 6852/6852/6852
f 6854/6854/6854 6836/6836/6836 6846/6846/6846
f 6836/6836/6836 6854/6854/6854 6852/6852/6852
f 6856/6856/6856 6836/6836/6836 6855/6855/6855
f 6836/6836/6836 6856/6856/6856 6837/6837/6837
f 6835/6835/6835 6839/6839/6839 6842/6842/6842
f 6846/6846/6846 6850/6850/6850 6854/6854/6854
f 6846/6846/6846 6848/6848/6848 6851/6851/6851
f 6835/6835/6835 6844/6844/6844 6845/6845/6845
f 6835/6835/6835 6837/6837/6837 6838/6838/6838
f 6830/6830/6830 6832/6832/6832 6834/6834/6834
f 6832/6832/6832 6830/6830/6830 6831/6831/6831
f 6832/6832/6832 6831/6831/6831 6833/6833/6833
f 6823/6823/6823 6827/6827/6827 6824/6824/6824
f 6821/6821/6821 6823/6823/6823 6824/6824/6824
f 6821/6821/6821 6825/6825/6825 6828/6828/6828
f 6827/6827/6827 6823/6823/6823 6826/6826/6826
f 6825/6825/6825 6821/6821/6821 6824/6824/6824
f 6823/6823/6823 6821/6821/6821 6822/6822/6822
f 6827/6827/6827 6826/6826/6826 6829/6829/6829
f 7096/7096/7096 7098/7098/7098 7099/7099/7099
f 7098/7098/7098 7096/7096/7096 7097/7097/7097
f 7105/7105/7105 7107/7107/7107 7110/7110/7110
f 7126/7126/7126 7123/7123/7123 7134/7134/7134
f 7123/7123/7123 7129/7129/7129 7134/7134/7134
f 7111/7111/7111 7113/7113/7113 7136/7136/7136
f 7114/7114/7114 7112/7112/7112 7111/7111/7111
f 7137/7137/7137 7136/7136/7136 7109/7109/7109
f 7130/7130/7130 7133/7133/7133 7131/7131/7131
f 7133/7133/7133 7130/7130/7130 7132/7132/7132
f 7131/7131/7131 7129/7129/7129 7130/7130/7130
f 7123/7123/7123 7128/7128/7128 7124/7124/7124
f 7123/7123/7123 7127/7127/7127 7128/7128/7128
f 7126/7126/7126 7127/7127/7127 7123/7123/7123
f 7123/7123/7123 7125/7125/7125 7135/7135/7135
f 7127/7127/7127 7126/7126/7126 7122/7122/7122
f 7125/7125/7125 7123/7123/7123 7124/7124/7124
f 7119/7119/7119 7120/7120/7120 7121/7121/7121
f 7119/7119/7119 7121/7121/7121 7122/7122/7122
f 7129/7129/7129 7131/7131/7131 7134/7134/7134
f 7109/7109/7109 7136/7136/7136 7113/7113/7113
f 7120/7120/7120 7119/7119/7119 7115/7115/7115
f 7118/7118/7118 7115/7115/7115 7114/7114/7114
f 7116/7116/7116 7115/7115/7115 7118/7118/7118
f 7109/7109/7109 7110/7110/7110 7137/7137/7137
f 7115/7115/7115 7117/7117/7117 7120/7120/7120
f 7122/7122/7122 7121/7121/7121 7127/7127/7127
f 7117/7117/7117 7115/7115/7115 7116/7116/7116
f 7107/7107/7107 7105/7105/7105 7106/7106/7106
f 7107/7107/7107 7106/7106/7106 7108/7108/7108
f 7110/7110/7110 7109/7109/7109 7105/7105/7105
f 7113/7113/7113 7111/7111/7111 7112/7112/7112
f 7112/7112/7112 7114/7114/7114 7115/7115/7115
f 7206/7206/7206 7205/7205/7205 7203/7203/7203
f 7207/7207/7207 7209/7209/7209 7206/7206/7206
f 7201/7201/7201 7196/7196/7196 7202/7202/7202
f 7195/7195/7195 7197/7197/7197 7198/7198/7198
f 7205/7205/7205 7206/7206/7206 7209/7209/7209
f 7207/7207/7207 7211/7211/7211 7208/7208/7208
f 7209/7209/7209 7207/7207/7207 7208/7208/7208
f 7203/7203/7203 7205/7205/7205 7204/7204/7204
f 7210/7210/7210 7213/7213/7213 7211/7211/7211
f 7213/7213/7213 7210/7210/7210 7212/7212/7212
f 7211/7211/7211 7207/7207/7207 7210/7210/7210
f 7196/7196/7196 7201/7201/7201 7197/7197/7197
f 7200/7200/7200 7198/7198/7198 7199/7199/7199
f 7202/7202/7202 7204/7204/7204 7201/7201/7201
f 7204/7204/7204 7202/7202/7202 7203/7203/7203
f 7197/7197/7197 7195/7195/7195 7196/7196/7196
f 7198/7198/7198 7200/7200/7200 7195/7195/7195
f 7232/7232/7232 7231/7231/7231 7220/7220/7220
f 7228/7228/7228 7230/7230/7230 7231/7231/7231
f 7222/7222/7222 7220/7220/7220 7221/7221/7221
f 7224/7224/7224 7221/7221/7221 7223/7223/7223
f 7221/7221/7221 7224/7224/7224 7222/7222/7222
f 7223/7223/7223 7221/7221/7221 7225/7225/7225
f 7225/7225/7225 7226/7226/7226 7227/7227/7227
f 7226/7226/7226 7225/7225/7225 7221/7221/7221
f 7230/7230/7230 7228/7228/7228 7229/7229/7229
f 7220/7220/7220 7233/7233/7233 7232/7232/7232
f 7220/7220/7220 7222/7222/7222 7233/7233/7233
f 7227/7227/7227 7234/7234/7234 7235/7235/7235
f 7231/7231/7231 7232/7232/7232 7228/7228/7228
f 7234/7234/7234 7227/7227/7227 7226/7226/7226
f 7217/7217/7217 7218/7218/7218 7219/7219/7219
f 7216/7216/7216 7214/7214/7214 7215/7215/7215
f 7218/7218/7218 7217/7217/7217 7214/7214/7214
f 7214/7214/7214 7216/7216/7216 7218/7218/7218
f 7179/7179/7179 7180/7180/7180 7181/7181/7181
f 7174/7174/7174 7178/7178/7178 7179/7179/7179
f 7183/7183/7183 7182/7182/7182 7184/7184/7184
f 7180/7180/7180 7183/7183/7183 7181/7181/7181
f 7185/7185/7185 7184/7184/7184 7182/7182/7182
f 7188/7188/7188 7186/7186/7186 7187/7187/7187
f 7186/7186/7186 7188/7188/7188 7189/7189/7189
f 7192/7192/7192 7190/7190/7190 7191/7191/7191
f 7190/7190/7190 7193/7193/7193 7189/7189/7189
f 7192/7192/7192 7191/7191/7191 7194/7194/7194
f 7187/7187/7187 7183/7183/7183 7184/7184/7184
f 7172/7172/7172 7174/7174/7174 7175/7175/7175
f 7180/7180/7180 7179/7179/7179 7178/7178/7178
f 7184/7184/7184 7185/7185/7185 7188/7188/7188
f 7190/7190/7190 7192/7192/7192 7193/7193/7193
f 7189/7189/7189 7193/7193/7193 7186/7186/7186
f 7178/7178/7178 7174/7174/7174 7173/7173/7173
f 7188/7188/7188 7187/7187/7187 7184/7184/7184
f 7176/7176/7176 7175/7175/7175 7177/7177/7177
f 7172/7172/7172 7175/7175/7175 7176/7176/7176
f 7174/7174/7174 7172/7172/7172 7173/7173/7173
f 7183/7183/7183 7180/7180/7180 7182/7182/7182
f 7311/7311/7311 7309/7309/7309 7313/7313/7313
f 7313/7313/7313 7309/7309/7309 7314/7314/7314
f 7316/7316/7316 7309/7309/7309 7315/7315/7315
f 7309/7309/7309 7316/7316/7316 7317/7317/7317
f 7309/7309/7309 7317/7317/7317 7314/7314/7314
f 7315/7315/7315 7309/7309/7309 7318/7318/7318
f 7309/7309/7309 7312/7312/7312 7310/7310/7310
f 7320/7320/7320 7319/7319/7319 7300/7300/7300
f 7322/7322/7322 7320/7320/7320 7321/7321/7321
f 7321/7321/7321 7320/7320/7320 7323/7323/7323
f 7318/7318/7318 7323/7323/7323 7324/7324/7324
f 7324/7324/7324 7323/7323/7323 7320/7320/7320
f 7323/7323/7323 7318/7318/7318 7309/7309/7309
f 7320/7320/7320 7322/7322/7322 7325/7325/7325
f 7319/7319/7319 7320/7320/7320 7325/7325/7325
f 7303/7303/7303 7306/7306/7306 7307/7307/7307
f 7294/7294/7294 7300/7300/7300 7319/7319/7319
f 7294/7294/7294 7296/7296/7296 7301/7301/7301
f 7290/7290/7290 7293/7293/7293 7298/7298/7298
f 7283/7283/7283 7285/7285/7285 7291/7291/7291
f 7310/7310/7310 7303/7303/7303 7309/7309/7309
f 7303/7303/7303 7310/7310/7310 7304/7304/7304
f 7303/7303/7303 7308/7308/7308 7309/7309/7309
f 7308/7308/7308 7303/7303/7303 7307/7307/7307
f 7303/7303/7303 7305/7305/7305 7306/7306/7306
f 7305/7305/7305 7303/7303/7303 7304/7304/7304
f 7294/7294/7294 7302/7302/7302 7299/7299/7299
f 7302/7302/7302 7294/7294/7294 7301/7301/7301
f 7300/7300/7300 7294/7294/7294 7299/7299/7299
f 7294/7294/7294 7297/7297/7297 7295/7295/7295
f 7297/7297/7297 7290/7290/7290 7298/7298/7298
f 7297/7297/7297 7294/7294/7294 7290/7290/7290
f 7296/7296/7296 7294/7294/7294 7295/7295/7295
f 7290/7290/7290 7292/7292/7292 7293/7293/7293
f 7290/7290/7290 7291/7291/7291 7292/7292/7292
f 7266/7266/7266 7274/7274/7274 7287/7287/7287
f 7268/7268/7268 7266/7266/7266 7267/7267/7267
f 7266/7266/7266 7268/7268/7268 7269/7269/7269
f 7312/7312/7312 7309/7309/7309 7311/7311/7311
f 7267/7267/7267 7266/7266/7266 7270/7270/7270
f 7272/7272/7272 7266/7266/7266 7271/7271/7271
f 7266/7266/7266 7272/7272/7272 7273/7273/7273
f 7266/7266/7266 7273/7273/7273 7270/7270/7270
f 7266/7266/7266 7269/7269/7269 7274/7274/7274
f 7277/7277/7277 7275/7275/7275 7276/7276/7276
f 7275/7275/7275 7277/7277/7277 7278/7278/7278
f 7275/7275/7275 7271/7271/7271 7279/7279/7279
f 7281/7281/7281 7275/7275/7275 7280/7280/7280
f 7275/7275/7275 7281/7281/7281 7276/7276/7276
f 7280/7280/7280 7275/7275/7275 7279/7279/7279
f 7282/7282/7282 7271/7271/7271 7266/7266/7266
f 7271/7271/7271 7282/7282/7282 7279/7279/7279
f 7275/7275/7275 7278/7278/7278 7271/7271/7271
f 7285/7285/7285 7283/7283/7283 7284/7284/7284
f 7291/7291/7291 7290/7290/7290 7283/7283/7283
f 7289/7289/7289 7288/7288/7288 7284/7284/7284
f 7289/7289/7289 7284/7284/7284 7283/7283/7283
f 7286/7286/7286 7287/7287/7287 7288/7288/7288
f 7286/7286/7286 7288/7288/7288 7289/7289/7289
f 7287/7287/7287 7286/7286/7286 7266/7266/7266
f 7332/7332/7332 7334/7334/7334 7338/7338/7338
f 7340/7340/7340 7339/7339/7339 7341/7341/7341
f 7343/7343/7343 7342/7342/7342 7345/7345/7345
f 7348/7348/7348 7347/7347/7347 7346/7346/7346
f 7348/7348/7348 7346/7346/7346 7343/7343/7343
f 7347/7347/7347 7349/7349/7349 7351/7351/7351
f 7351/7351/7351 7349/7349/7349 7350/7350/7350
f 7349/7349/7349 7347/7347/7347 7348/7348/7348
f 7344/7344/7344 7343/7343/7343 7346/7346/7346
f 7345/7345/7345 7342/7342/7342 7341/7341/7341
f 7342/7342/7342 7343/7343/7343 7344/7344/7344
f 7340/7340/7340 7341/7341/7341 7342/7342/7342
f 7339/7339/7339 7337/7337/7337 7336/7336/7336
f 7337/7337/7337 7339/7339/7339 7340/7340/7340
f 7336/7336/7336 7332/7332/7332 7338/7338/7338
f 7334/7334/7334 7333/7333/7333 7335/7335/7335
f 7334/7334/7334 7332/7332/7332 7333/7333/7333
f 7332/7332/7332 7336/7336/7336 7337/7337/7337
f 7448/7448/7448 7447/7447/7447 7446/7446/7446
f 7452/7452/7452 7451/7451/7451 7450/7450/7450
f 7451/7451/7451 7452/7452/7452 7453/7453/7453
f 7446/7446/7446 7445/7445/7445 7444/7444/7444
f 7444/7444/7444 7442/7442/7442 7443/7443/7443
f 7439/7439/7439 7440/7440/7440 7441/7441/7441
f 7437/7437/7437 7439/7439/7439 7438/7438/7438
f 7433/7433/7433 7437/7437/7437 7438/7438/7438
f 7434/7434/7434 7433/7433/7433 7436/7436/7436
f 7430/7430/7430 7435/7435/7435 7432/7432/7432
f 7433/7433/7433 7435/7435/7435 7430/7430/7430
f 7435/7435/7435 7433/7433/7433 7434/7434/7434
f 7431/7431/7431 7430/7430/7430 7432/7432/7432
f 7428/7428/7428 7430/7430/7430 7431/7431/7431
f 7465/7465/7465 7421/7421/7421 7464/7464/7464
f 7421/7421/7421 7423/7423/7423 7464/7464/7464
f 7430/7430/7430 7428/7428/7428 7427/7427/7427
f 7437/7437/7437 7433/7433/7433 7430/7430/7430
f 7439/7439/7439 7437/7437/7437 7440/7440/7440
f 7442/7442/7442 7444/7444/7444 7445/7445/7445
f 7445/7445/7445 7446/7446/7446 7447/7447/7447
f 7447/7447/7447 7448/7448/7448 7449/7449/7449
f 7449/7449/7449 7450/7450/7450 7451/7451/7451
f 7453/7453/7453 7452/7452/7452 7455/7455/7455
f 7454/7454/7454 7455/7455/7455 7456/7456/7456
f 7454/7454/7454 7459/7459/7459 7462/7462/7462
f 7441/7441/7441 7461/7461/7461 7463/7463/7463
f 7440/7440/7440 7460/7460/7460 7441/7441/7441
f 7462/7462/7462 7440/7440/7440 7454/7454/7454
f 7421/7421/7421 7429/7429/7429 7424/7424/7424
f 7421/7421/7421 7426/7426/7426 7429/7429/7429
f 7427/7427/7427 7426/7426/7426 7425/7425/7425
f 7426/7426/7426 7427/7427/7427 7428/7428/7428
f 7426/7426/7426 7421/7421/7421 7425/7425/7425
f 7422/7422/7422 7421/7421/7421 7424/7424/7424
f 7460/7460/7460 7440/7440/7440 7462/7462/7462
f 7461/7461/7461 7441/7441/7441 7460/7460/7460
f 7454/7454/7454 7458/7458/7458 7459/7459/7459
f 7454/7454/7454 7457/7457/7457 7458/7458/7458
f 7457/7457/7457 7454/7454/7454 7456/7456/7456
f 7455/7455/7455 7454/7454/7454 7453/7453/7453
f 7423/7423/7423 7421/7421/7421 7422/7422/7422
f 7450/7450/7450 7449/7449/7449 7448/7448/7448
f 7102/7102/7102 7100/7100/7100 7101/7101/7101
f 7100/7100/7100 7102/7102/7102 7104/7104/7104
f 7102/7102/7102 7101/7101/7101 7103/7103/7103
f 7255/7255/7255 7253/7253/7253 7246/7246/7246
f 7237/7237/7237 7242/7242/7242 7238/7238/7238
f 7246/7246/7246 7245/7245/7245 7255/7255/7255
f 7250/7250/7250 7252/7252/7252 7262/7262/7262
f 7260/7260/7260 7259/7259/7259 7261/7261/7261
f 7263/7263/7263 7264/7264/7264 7265/7265/7265
f 7263/7263/7263 7257/7257/7257 7264/7264/7264
f 7257/7257/7257 7263/7263/7263 7258/7258/7258
f 7261/7261/7261 7262/7262/7262 7260/7260/7260
f 7262/7262/7262 7261/7261/7261 7250/7250/7250
f 7257/7257/7257 7259/7259/7259 7260/7260/7260
f 7259/7259/7259 7257/7257/7257 7258/7258/7258
f 7251/7251/7251 7254/7254/7254 7252/7252/7252
f 7253/7253/7253 7256/7256/7256 7254/7254/7254
f 7253/7253/7253 7255/7255/7255 7256/7256/7256
f 7254/7254/7254 7251/7251/7251 7253/7253/7253
f 7252/7252/7252 7250/7250/7250 7251/7251/7251
f 7248/7248/7248 7244/7244/7244 7243/7243/7243
f 7244/7244/7244 7248/7248/7248 7249/7249/7249
f 7248/7248/7248 7247/7247/7247 7249/7249/7249
f 7245/7245/7245 7247/7247/7247 7248/7248/7248
f 7247/7247/7247 7245/7245/7245 7246/7246/7246
f 7242/7242/7242 7243/7243/7243 7244/7244/7244
f 7243/7243/7243 7242/7242/7242 7237/7237/7237
f 7239/7239/7239 7240/7240/7240 7241/7241/7241
f 7240/7240/7240 7239/7239/7239 7236/7236/7236
f 7238/7238/7238 7236/7236/7236 7237/7237/7237
f 7236/7236/7236 7238/7238/7238 7240/7240/7240
f 6813/6813/6813 6819/6819/6819 6820/6820/6820
f 6813/6813/6813 6816/6816/6816 6819/6819/6819
f 6813/6813/6813 6818/6818/6818 6814/6814/6814
f 6818/6818/6818 6813/6813/6813 6817/6817/6817
f 6815/6815/6815 6813/6813/6813 6814/6814/6814
f 6813/6813/6813 6815/6815/6815 6816/6816/6816
f 6806/6806/6806 6808/6808/6808 6809/6809/6809
f 6803/6803/6803 6805/6805/6805 6810/6810/6810
f 6804/6804/6804 6803/6803/6803 6812/6812/6812
f 6805/6805/6805 6803/6803/6803 6804/6804/6804
f 6808/6808/6808 6806/6806/6806 6807/6807/6807
f 6807/6807/6807 6806/6806/6806 6811/6811/6811
f 6804/6804/6804 6807/6807/6807 6805/6805/6805
f 6807/6807/6807 6804/6804/6804 6808/6808/6808
f 6564/6564/6564 6562/6562/6562 6563/6563/6563
f 6562/6562/6562 6560/6560/6560 6561/6561/6561
f 6560/6560/6560 6562/6562/6562 6564/6564/6564
f 6565/6565/6565 6567/6567/6567 6570/6570/6570
f 6566/6566/6566 6568/6568/6568 6569/6569/6569
f 6567/6567/6567 6565/6565/6565 6566/6566/6566
f 6568/6568/6568 6566/6566/6566 6565/6565/6565
f 6573/6573/6573 6571/6571/6571 6572/6572/6572
f 6576/6576/6576 6574/6574/6574 6575/6575/6575
f 6571/6571/6571 6573/6573/6573 6574/6574/6574
f 6575/6575/6575 6574/6574/6574 6577/6577/6577
f 6574/6574/6574 6576/6576/6576 6571/6571/6571
f 6788/6788/6788 6786/6786/6786 6787/6787/6787
f 6791/6791/6791 6786/6786/6786 6790/6790/6790
f 6786/6786/6786 6791/6791/6791 6789/6789/6789
f 6787/6787/6787 6789/6789/6789 6792/6792/6792
f 6790/6790/6790 6786/6786/6786 6793/6793/6793
f 6786/6786/6786 6788/6788/6788 6794/6794/6794
f 6789/6789/6789 6787/6787/6787 6786/6786/6786
f 7030/7030/7030 7032/7032/7032 7033/7033/7033
f 7032/7032/7032 7031/7031/7031 7034/7034/7034
f 7024/7024/7024 7030/7030/7030 7033/7033/7033
f 7024/7024/7024 7029/7029/7029 7030/7030/7030
f 7024/7024/7024 7028/7028/7028 7029/7029/7029
f 7024/7024/7024 7027/7027/7027 7028/7028/7028
f 7024/7024/7024 7026/7026/7026 7027/7027/7027
f 7026/7026/7026 7024/7024/7024 7025/7025/7025
f 7032/7032/7032 7030/7030/7030 7031/7031/7031
f 6919/6919/6919 6921/6921/6921 6923/6923/6923
f 6920/6920/6920 6919/6919/6919 6922/6922/6922
f 6921/6921/6921 6919/6919/6919 6920/6920/6920
f 6905/6905/6905 6907/6907/6907 6909/6909/6909
f 6910/6910/6910 6908/6908/6908 6907/6907/6907
f 6909/6909/6909 6907/6907/6907 6908/6908/6908
f 6908/6908/6908 6910/6910/6910 6911/6911/6911
f 6907/6907/6907 6906/6906/6906 6912/6912/6912
f 6907/6907/6907 6905/6905/6905 6906/6906/6906
f 6889/6889/6889 6887/6887/6887 6888/6888/6888
f 6888/6888/6888 6890/6890/6890 6889/6889/6889
f 6890/6890/6890 6888/6888/6888 6891/6891/6891
f 6887/6887/6887 6892/6892/6892 6893/6893/6893
f 6892/6892/6892 6887/6887/6887 6894/6894/6894
f 6893/6893/6893 6892/6892/6892 6895/6895/6895
f 6887/6887/6887 6889/6889/6889 6894/6894/6894
f 6580/6580/6580 6578/6578/6578 6579/6579/6579
f 6583/6583/6583 6582/6582/6582 6578/6578/6578
f 6582/6582/6582 6583/6583/6583 6584/6584/6584
f 6578/6578/6578 6581/6581/6581 6583/6583/6583
f 6578/6578/6578 6580/6580/6580 6581/6581/6581
f 6587/6587/6587 6585/6585/6585 6586/6586/6586
f 6585/6585/6585 6587/6587/6587 6588/6588/6588
f 6585/6585/6585 6588/6588/6588 6589/6589/6589
f 6590/6590/6590 6592/6592/6592 6593/6593/6593
f 6592/6592/6592 6590/6590/6590 6591/6591/6591
f 6605/6605/6605 6603/6603/6603 6606/6606/6606
f 6596/6596/6596 6594/6594/6594 6595/6595/6595
f 6607/6607/6607 6604/6604/6604 6610/6610/6610
f 6594/6594/6594 6596/6596/6596 6597/6597/6597
f 6612/6612/6612 6614/6614/6614 6615/6615/6615
f 6617/6617/6617 6614/6614/6614 6616/6616/6616
f 6620/6620/6620 6618/6618/6618 6619/6619/6619
f 6619/6619/6619 6621/6621/6621 6622/6622/6622
f 6621/6621/6621 6619/6619/6619 6618/6618/6618
f 6618/6618/6618 6620/6620/6620 6616/6616/6616
f 6617/6617/6617 6616/6616/6616 6620/6620/6620
f 6614/6614/6614 6617/6617/6617 6615/6615/6615
f 6614/6614/6614 6612/6612/6612 6611/6611/6611
f 6611/6611/6611 6613/6613/6613 6608/6608/6608
f 6609/6609/6609 6608/6608/6608 6613/6613/6613
f 6607/6607/6607 6609/6609/6609 6604/6604/6604
f 6604/6604/6604 6605/6605/6605 6610/6610/6610
f 6603/6603/6603 6602/6602/6602 6606/6606/6606
f 6609/6609/6609 6607/6607/6607 6608/6608/6608
f 6605/6605/6605 6604/6604/6604 6603/6603/6603
f 6598/6598/6598 6602/6602/6602 6603/6603/6603
f 6602/6602/6602 6598/6598/6598 6601/6601/6601
f 6598/6598/6598 6599/6599/6599 6601/6601/6601
f 6597/6597/6597 6596/6596/6596 6600/6600/6600
f 6599/6599/6599 6597/6597/6597 6600/6600/6600
f 6613/6613/6613 6611/6611/6611 6612/6612/6612
f 6599/6599/6599 6598/6598/6598 6597/6597/6597
f 6623/6623/6623 6625/6625/6625 6626/6626/6626
f 6625/6625/6625 6623/6623/6623 6624/6624/6624
f 6652/6652/6652 6648/6648/6648 6653/6653/6653
f 6629/6629/6629 6628/6628/6628 6630/6630/6630
f 6632/6632/6632 6627/6627/6627 6631/6631/6631
f 6627/6627/6627 6632/6632/6632 6633/6633/6633
f 6631/6631/6631 6627/6627/6627 6634/6634/6634
f 6636/6636/6636 6633/6633/6633 6635/6635/6635
f 6633/6633/6633 6636/6636/6636 6637/6637/6637
f 6639/6639/6639 6638/6638/6638 6637/6637/6637
f 6639/6639/6639 6637/6637/6637 6640/6640/6640
f 6642/6642/6642 6638/6638/6638 6641/6641/6641
f 6638/6638/6638 6642/6642/6642 6643/6643/6643
f 6641/6641/6641 6638/6638/6638 6644/6644/6644
f 6646/6646/6646 6643/6643/6643 6645/6645/6645
f 6643/6643/6643 6646/6646/6646 6647/6647/6647
f 6627/6627/6627 6629/6629/6629 6634/6634/6634
f 6633/6633/6633 6632/6632/6632 6635/6635/6635
f 6637/6637/6637 6636/6636/6636 6640/6640/6640
f 6638/6638/6638 6639/6639/6639 6644/6644/6644
f 6643/6643/6643 6642/6642/6642 6645/6645/6645
f 6647/6647/6647 6646/6646/6646 6650/6650/6650
f 6648/6648/6648 6649/6649/6649 6653/6653/6653
f 6651/6651/6651 6652/6652/6652 6654/6654/6654
f 6629/6629/6629 6627/6627/6627 6628/6628/6628
f 6652/6652/6652 6651/6651/6651 6648/6648/6648
f 6649/6649/6649 6647/6647/6647 6650/6650/6650
f 6649/6649/6649 6648/6648/6648 6647/6647/6647
f 6732/6732/6732 6730/6730/6730 6731/6731/6731
f 6731/6731/6731 6733/6733/6733 6734/6734/6734
f 6739/6739/6739 6738/6738/6738 6737/6737/6737
f 6730/6730/6730 6732/6732/6732 6741/6741/6741
f 6733/6733/6733 6731/6731/6731 6730/6730/6730
f 6735/6735/6735 6734/6734/6734 6733/6733/6733
f 6737/6737/6737 6736/6736/6736 6735/6735/6735
f 6738/6738/6738 6739/6739/6739 6740/6740/6740
f 6736/6736/6736 6737/6737/6737 6738/6738/6738
f 6734/6734/6734 6735/6735/6735 6736/6736/6736
f 6656/6656/6656 6655/6655/6655 6666/6666/6666
f 6659/6659/6659 6656/6656/6656 6666/6666/6666
f 6660/6660/6660 6659/6659/6659 6663/6663/6663
f 6661/6661/6661 6663/6663/6663 6659/6659/6659
f 6664/6664/6664 6662/6662/6662 6661/6661/6661
f 6662/6662/6662 6664/6664/6664 6665/6665/6665
f 6663/6663/6663 6661/6661/6661 6662/6662/6662
f 6656/6656/6656 6659/6659/6659 6660/6660/6660
f 6657/6657/6657 6655/6655/6655 6656/6656/6656
f 6655/6655/6655 6657/6657/6657 6658/6658/6658
f 6669/6669/6669 6667/6667/6667 6668/6668/6668
f 6667/6667/6667 6669/6669/6669 6670/6670/6670
f 6672/6672/6672 6671/6671/6671 6681/6681/6681
f 6673/6673/6673 6671/6671/6671 6672/6672/6672
f 6671/6671/6671 6673/6673/6673 6674/6674/6674
f 6676/6676/6676 6674/6674/6674 6675/6675/6675
f 6675/6675/6675 6674/6674/6674 6673/6673/6673
f 6678/6678/6678 6677/6677/6677 6676/6676/6676
f 6678/6678/6678 6679/6679/6679 6680/6680/6680
f 6677/6677/6677 6678/6678/6678 6680/6680/6680
f 6674/6674/6674 6676/6676/6676 6677/6677/6677
f 6684/6684/6684 6682/6682/6682 6683/6683/6683
f 6682/6682/6682 6684/6684/6684 6685/6685/6685
f 6693/6693/6693 6690/6690/6690 6692/6692/6692
f 6696/6696/6696 6694/6694/6694 6695/6695/6695
f 6698/6698/6698 6697/6697/6697 6694/6694/6694
f 6691/6691/6691 6687/6687/6687 6690/6690/6690
f 6702/6702/6702 6701/6701/6701 6699/6699/6699
f 6697/6697/6697 6698/6698/6698 6700/6700/6700
f 6699/6699/6699 6700/6700/6700 6702/6702/6702
f 6701/6701/6701 6702/6702/6702 6713/6713/6713
f 6700/6700/6700 6699/6699/6699 6697/6697/6697
f 6688/6688/6688 6686/6686/6686 6687/6687/6687
f 6694/6694/6694 6696/6696/6696 6698/6698/6698
f 6692/6692/6692 6696/6696/6696 6695/6695/6695
f 6693/6693/6693 6692/6692/6692 6695/6695/6695
f 6690/6690/6690 6693/6693/6693 6691/6691/6691
f 6687/6687/6687 6691/6691/6691 6689/6689/6689
f 6686/6686/6686 6688/6688/6688 6714/6714/6714
f 6715/6715/6715 6686/6686/6686 6714/6714/6714
f 6688/6688/6688 6687/6687/6687 6689/6689/6689
f 6701/6701/6701 6713/6713/6713 6704/6704/6704
f 6713/6713/6713 6705/6705/6705 6704/6704/6704
f 6703/6703/6703 6705/6705/6705 6707/6707/6707
f 6706/6706/6706 6707/6707/6707 6712/6712/6712
f 6706/6706/6706 6712/6712/6712 6709/6709/6709
f 6712/6712/6712 6710/6710/6710 6709/6709/6709
f 6708/6708/6708 6710/6710/6710 6711/6711/6711
f 6710/6710/6710 6708/6708/6708 6709/6709/6709
f 6707/6707/6707 6706/6706/6706 6703/6703/6703
f 6705/6705/6705 6703/6703/6703 6704/6704/6704
f 6716/6716/6716 6718/6718/6718 6719/6719/6719
f 6716/6716/6716 6719/6719/6719 6724/6724/6724
f 6720/6720/6720 6722/6722/6722 6723/6723/6723
f 6718/6718/6718 6717/6717/6717 6723/6723/6723
f 6718/6718/6718 6716/6716/6716 6717/6717/6717
f 6720/6720/6720 6723/6723/6723 6717/6717/6717
f 6722/6722/6722 6720/6720/6720 6721/6721/6721
f 6725/6725/6725 6727/6727/6727 6728/6728/6728
f 6725/6725/6725 6728/6728/6728 6729/6729/6729
f 6727/6727/6727 6725/6725/6725 6726/6726/6726
f 6880/6880/6880 6885/6885/6885 6886/6886/6886
f 6882/6882/6882 6880/6880/6880 6881/6881/6881
f 6882/6882/6882 6883/6883/6883 6884/6884/6884
f 6880/6880/6880 6882/6882/6882 6885/6885/6885
f 6883/6883/6883 6882/6882/6882 6881/6881/6881
f 6901/6901/6901 6899/6899/6899 6900/6900/6900
f 6899/6899/6899 6896/6896/6896 6902/6902/6902
f 6902/6902/6902 6896/6896/6896 6903/6903/6903
f 6898/6898/6898 6896/6896/6896 6897/6897/6897
f 6896/6896/6896 6899/6899/6899 6897/6897/6897
f 6899/6899/6899 6901/6901/6901 6897/6897/6897
f 6896/6896/6896 6898/6898/6898 6904/6904/6904
f 6915/6915/6915 6913/6913/6913 6914/6914/6914
f 6914/6914/6914 6917/6917/6917 6918/6918/6918
f 6913/6913/6913 6915/6915/6915 6916/6916/6916
f 6914/6914/6914 6913/6913/6913 6917/6917/6917
f 6924/6924/6924 6926/6926/6926 6928/6928/6928
f 6926/6926/6926 6927/6927/6927 6929/6929/6929
f 6926/6926/6926 6925/6925/6925 6927/6927/6927
f 6926/6926/6926 6924/6924/6924 6925/6925/6925
f 6933/6933/6933 6930/6930/6930 6935/6935/6935
f 6930/6930/6930 6933/6933/6933 6934/6934/6934
f 6933/6933/6933 6935/6935/6935 6936/6936/6936
f 6937/6937/6937 6936/6936/6936 6935/6935/6935
f 6940/6940/6940 6938/6938/6938 6939/6939/6939
f 6936/6936/6936 6937/6937/6937 6938/6938/6938
f 6938/6938/6938 6940/6940/6940 6941/6941/6941
f 6938/6938/6938 6937/6937/6937 6939/6939/6939
f 6930/6930/6930 6932/6932/6932 6935/6935/6935
f 6932/6932/6932 6930/6930/6930 6931/6931/6931
f 7387/7387/7387 7388/7388/7388 7389/7389/7389
f 7390/7390/7390 7388/7388/7388 7384/7384/7384
f 7392/7392/7392 7390/7390/7390 7391/7391/7391
f 7388/7388/7388 7390/7390/7390 7392/7392/7392
f 7394/7394/7394 7391/7391/7391 7393/7393/7393
f 7396/7396/7396 7394/7394/7394 7395/7395/7395
f 7393/7393/7393 7391/7391/7391 7390/7390/7390
f 7398/7398/7398 7395/7395/7395 7397/7397/7397
f 7397/7397/7397 7395/7395/7395 7399/7399/7399
f 7400/7400/7400 7395/7395/7395 7394/7394/7394
f 7395/7395/7395 7400/7400/7400 7399/7399/7399
f 7402/7402/7402 7394/7394/7394 7401/7401/7401
f 7403/7403/7403 7401/7401/7401 7394/7394/7394
f 7406/7406/7406 7404/7404/7404 7405/7405/7405
f 7404/7404/7404 7406/7406/7406 7403/7403/7403
f 7401/7401/7401 7403/7403/7403 7406/7406/7406
f 7394/7394/7394 7402/7402/7402 7400/7400/7400
f 7405/7405/7405 7407/7407/7407 7408/7408/7408
f 7388/7388/7388 7387/7387/7387 7384/7384/7384
f 7408/7408/7408 7407/7407/7407 7410/7410/7410
f 7410/7410/7410 7407/7407/7407 7411/7411/7411
f 7411/7411/7411 7407/7407/7407 7412/7412/7412
f 7412/7412/7412 7407/7407/7407 7413/7413/7413
f 7416/7416/7416 7414/7414/7414 7415/7415/7415
f 7414/7414/7414 7407/7407/7407 7417/7417/7417
f 7407/7407/7407 7414/7414/7414 7413/7413/7413
f 7414/7414/7414 7416/7416/7416 7413/7413/7413
f 7385/7385/7385 7384/7384/7384 7386/7386/7386
f 7383/7383/7383 7384/7384/7384 7385/7385/7385
f 7382/7382/7382 7381/7381/7381 7383/7383/7383
f 7380/7380/7380 7381/7381/7381 7382/7382/7382
f 7378/7378/7378 7377/7377/7377 7380/7380/7380
f 7407/7407/7407 7405/7405/7405 7409/7409/7409
f 7395/7395/7395 7398/7398/7398 7418/7418/7418
f 7391/7391/7391 7394/7394/7394 7396/7396/7396
f 7384/7384/7384 7387/7387/7387 7386/7386/7386
f 7384/7384/7384 7383/7383/7383 7381/7381/7381
f 7381/7381/7381 7380/7380/7380 7377/7377/7377
f 7377/7377/7377 7379/7379/7379 7419/7419/7419
f 7376/7376/7376 7419/7419/7419 7379/7379/7379
f 7376/7376/7376 7374/7374/7374 7419/7419/7419
f 7372/7372/7372 7375/7375/7375 7373/7373/7373
f 7371/7371/7371 7373/7373/7373 7420/7420/7420
f 7379/7379/7379 7377/7377/7377 7378/7378/7378
f 7374/7374/7374 7376/7376/7376 7375/7375/7375
f 7375/7375/7375 7372/7372/7372 7374/7374/7374
f 7409/7409/7409 7405/7405/7405 7404/7404/7404
f 7373/7373/7373 7371/7371/7371 7372/7372/7372
f 6797/6797/6797 6795/6795/6795 6796/6796/6796
f 6796/6796/6796 6799/6799/6799 6797/6797/6797
f 6795/6795/6795 6797/6797/6797 6800/6800/6800
f 6799/6799/6799 6798/6798/6798 6801/6801/6801
f 6799/6799/6799 6796/6796/6796 6798/6798/6798
f 6796/6796/6796 6795/6795/6795 6802/6802/6802
f 6783/6783/6783 6781/6781/6781 6782/6782/6782
f 6782/6782/6782 6781/6781/6781 6780/6780/6780
f 6781/6781/6781 6783/6783/6783 6784/6784/6784
f 6779/6779/6779 6781/6781/6781 6785/6785/6785
f 6781/6781/6781 6779/6779/6779 6780/6780/6780
f 6753/6753/6753 6755/6755/6755 6758/6758/6758
f 6754/6754/6754 6759/6759/6759 6760/6760/6760
f 6754/6754/6754 6760/6760/6760 6761/6761/6761
f 6756/6756/6756 6755/6755/6755 6754/6754/6754
f 6754/6754/6754 6753/6753/6753 6759/6759/6759
f 6755/6755/6755 6756/6756/6756 6757/6757/6757
f 6755/6755/6755 6753/6753/6753 6754/6754/6754
f 474/474/474 472/472/472 473/473/473
f 472/472/472 474/474/474 475/475/475
f 475/475/475 474/474/474 476/476/476
f 1027/1027/1027 1029/1029/1029 1030/1030/1030
f 1027/1027/1027 1031/1031/1031 1033/1033/1033
f 1029/1029/1029 1032/1032/1032 1030/1030/1030
f 1031/1031/1031 1027/1027/1027 1030/1030/1030
f 1029/1029/1029 1027/1027/1027 1028/1028/1028
f 1032/1032/1032 1029/1029/1029 1034/1034/1034
f 1044/1044/1044 1042/1042/1042 1043/1043/1043
f 1042/1042/1042 1044/1044/1044 1045/1045/1045
f 479/479/479 478/478/478 480/480/480
f 477/477/477 479/479/479 481/481/481
f 479/479/479 477/477/477 478/478/478
f 1048/1048/1048 1046/1046/1046 1047/1047/1047
f 5476/5476/5476 5468/5468/5468 5482/5482/5482
f 5463/5463/5463 5467/5467/5467 5481/5481/5481
f 5480/5480/5480 5462/5462/5462 5463/5463/5463
f 5591/5591/5591 5579/5579/5579 5613/5613/5613
f 5599/5599/5599 5601/5601/5601 5622/5622/5622
f 5624/5624/5624 5591/5591/5591 5623/5623/5623
f 5626/5626/5626 5594/5594/5594 5625/5625/5625
f 5624/5624/5624 5625/5625/5625 5594/5594/5594
f 5455/5455/5455 5605/5605/5605 5603/5603/5603
f 5594/5594/5594 5617/5617/5617 5575/5575/5575
f 5594/5594/5594 5609/5609/5609 5607/5607/5607
f 5501/5501/5501 5619/5619/5619 5627/5627/5627
f 5460/5460/5460 5475/5475/5475 5473/5473/5473
f 5471/5471/5471 5455/5455/5455 5479/5479/5479
f 5455/5455/5455 5492/5492/5492 5495/5495/5495
f 5462/5462/5462 5480/5480/5480 5489/5489/5489
f 5494/5494/5494 5493/5493/5493 5484/5484/5484
f 5455/5455/5455 5495/5495/5495 5479/5479/5479
f 5493/5493/5493 5482/5482/5482 5468/5468/5468
f 5588/5588/5588 5621/5621/5621 5620/5620/5620
f 5591/5591/5591 5614/5614/5614 5628/5628/5628
f 5591/5591/5591 5624/5624/5624 5599/5599/5599
f 5625/5625/5625 5624/5624/5624 5623/5623/5623
f 5458/5458/5458 5459/5459/5459 5478/5478/5478
f 5477/5477/5477 5468/5468/5468 5476/5476/5476
f 5463/5463/5463 5469/5469/5469 5464/5464/5464
f 5484/5484/5484 5458/5458/5458 5483/5483/5483
f 5486/5486/5486 5458/5458/5458 5485/5485/5485
f 5458/5458/5458 5478/5478/5478 5487/5487/5487
f 5455/5455/5455 5472/5472/5472 5488/5488/5488
f 5490/5490/5490 5462/5462/5462 5489/5489/5489
f 5463/5463/5463 5481/5481/5481 5480/5480/5480
f 5468/5468/5468 5477/5477/5477 5491/5491/5491
f 5458/5458/5458 5486/5486/5486 5483/5483/5483
f 5455/5455/5455 5488/5488/5488 5470/5470/5470
f 5492/5492/5492 5455/5455/5455 5474/5474/5474
f 5460/5460/5460 5462/5462/5462 5490/5490/5490
f 5468/5468/5468 5491/5491/5491 5469/5469/5469
f 5474/5474/5474 5460/5460/5460 5492/5492/5492
f 5474/5474/5474 5455/5455/5455 5496/5496/5496
f 5498/5498/5498 5455/5455/5455 5497/5497/5497
f 5500/5500/5500 5499/5499/5499 5493/5493/5493
f 5455/5455/5455 5498/5498/5498 5496/5496/5496
f 5482/5482/5482 5493/5493/5493 5494/5494/5494
f 5458/5458/5458 5487/5487/5487 5485/5485/5485
f 5588/5588/5588 5590/5590/5590 5621/5621/5621
f 5611/5611/5611 5588/5588/5588 5620/5620/5620
f 5619/5619/5619 5501/5501/5501 5455/5455/5455
f 5501/5501/5501 5610/5610/5610 5585/5585/5585
f 5594/5594/5594 5608/5608/5608 5618/5618/5618
f 5617/5617/5617 5594/5594/5594 5616/5616/5616
f 5575/5575/5575 5606/5606/5606 5576/5576/5576
f 5455/5455/5455 5604/5604/5604 5615/5615/5615
f 5502/5502/5502 5455/5455/5455 5501/5501/5501
f 5504/5504/5504 5455/5455/5455 5503/5503/5503
f 5458/5458/5458 5503/5503/5503 5455/5455/5455
f 5499/5499/5499 5500/5500/5500 5505/5505/5505
f 5455/5455/5455 5502/5502/5502 5497/5497/5497
f 5503/5503/5503 5458/5458/5458 5506/5506/5506
f 5458/5458/5458 5484/5484/5484 5499/5499/5499
f 5493/5493/5493 5499/5499/5499 5484/5484/5484
f 5509/5509/5509 5507/5507/5507 5508/5508/5508
f 5511/5511/5511 5455/5455/5455 5510/5510/5510
f 5513/5513/5513 5455/5455/5455 5512/5512/5512
f 5475/5475/5475 5460/5460/5460 5474/5474/5474
f 5466/5466/5466 5460/5460/5460 5473/5473/5473
f 5472/5472/5472 5455/5455/5455 5471/5471/5471
f 5456/5456/5456 5455/5455/5455 5470/5470/5470
f 5507/5507/5507 5509/5509/5509 5455/5455/5455
f 5455/5455/5455 5509/5509/5509 5514/5514/5514
f 5469/5469/5469 5463/5463/5463 5468/5468/5468
f 5463/5463/5463 5465/5465/5465 5467/5467/5467
f 5575/5575/5575 5617/5617/5617 5593/5593/5593
f 5501/5501/5501 5627/5627/5627 5595/5595/5595
f 5591/5591/5591 5628/5628/5628 5623/5623/5623
f 5599/5599/5599 5622/5622/5622 5591/5591/5591
f 5594/5594/5594 5626/5626/5626 5629/5629/5629
f 5594/5594/5594 5618/5618/5618 5616/5616/5616
f 5534/5534/5534 5600/5600/5600 5630/5630/5630
f 5455/5455/5455 5615/5615/5615 5619/5619/5619
f 5630/5630/5630 5455/5455/5455 5534/5534/5534
f 5594/5594/5594 5629/5629/5629 5501/5501/5501
f 5582/5582/5582 5611/5611/5611 5598/5598/5598
f 5455/5455/5455 5630/5630/5630 5575/5575/5575
f 5455/5455/5455 5558/5558/5558 5561/5561/5561
f 5528/5528/5528 5531/5531/5531 5518/5518/5518
f 5455/5455/5455 5504/5504/5504 5507/5507/5507
f 5455/5455/5455 5513/5513/5513 5510/5510/5510
f 5517/5517/5517 5515/5515/5515 5516/5516/5516
f 5455/5455/5455 5514/5514/5514 5512/5512/5512
f 5520/5520/5520 5518/5518/5518 5519/5519/5519
f 5515/5515/5515 5517/5517/5517 5518/5518/5518
f 5461/5461/5461 5460/5460/5460 5466/5466/5466
f 5465/5465/5465 5463/5463/5463 5464/5464/5464
f 5462/5462/5462 5460/5460/5460 5461/5461/5461
f 5458/5458/5458 5457/5457/5457 5459/5459/5459
f 5455/5455/5455 5457/5457/5457 5458/5458/5458
f 5457/5457/5457 5455/5455/5455 5456/5456/5456
f 5455/5455/5455 5511/5511/5511 5521/5521/5521
f 5518/5518/5518 5517/5517/5517 5519/5519/5519
f 5508/5508/5508 5507/5507/5507 5522/5522/5522
f 5518/5518/5518 5520/5520/5520 5523/5523/5523
f 5525/5525/5525 5455/5455/5455 5524/5524/5524
f 5522/5522/5522 5507/5507/5507 5526/5526/5526
f 5516/5516/5516 5515/5515/5515 5527/5527/5527
f 5455/5455/5455 5521/5521/5521 5524/5524/5524
f 5507/5507/5507 5528/5528/5528 5529/5529/5529
f 5527/5527/5527 5515/5515/5515 5530/5530/5530
f 5455/5455/5455 5525/5525/5525 5515/5515/5515
f 5528/5528/5528 5507/5507/5507 5531/5531/5531
f 5530/5530/5530 5515/5515/5515 5532/5532/5532
f 5526/5526/5526 5507/5507/5507 5529/5529/5529
f 5600/5600/5600 5602/5602/5602 5601/5601/5601
f 5577/5577/5577 5580/5580/5580 5597/5597/5597
f 5614/5614/5614 5591/5591/5591 5613/5613/5613
f 5596/5596/5596 5588/5588/5588 5612/5612/5612
f 5611/5611/5611 5582/5582/5582 5588/5588/5588
f 5594/5594/5594 5571/5571/5571 5609/5609/5609
f 5608/5608/5608 5594/5594/5594 5607/5607/5607
f 5575/5575/5575 5584/5584/5584 5606/5606/5606
f 5455/5455/5455 5592/5592/5592 5605/5605/5605
f 5604/5604/5604 5455/5455/5455 5603/5603/5603
f 5602/5602/5602 5600/5600/5600 5534/5534/5534
f 5601/5601/5601 5599/5599/5599 5600/5600/5600
f 5580/5580/5580 5582/5582/5582 5598/5598/5598
f 5578/5578/5578 5577/5577/5577 5597/5597/5597
f 5589/5589/5589 5588/5588/5588 5596/5596/5596
f 5586/5586/5586 5501/5501/5501 5595/5595/5595
f 5501/5501/5501 5571/5571/5571 5594/5594/5594
f 5583/5583/5583 5575/5575/5575 5593/5593/5593
f 5455/5455/5455 5574/5574/5574 5592/5592/5592
f 5581/5581/5581 5580/5580/5580 5577/5577/5577
f 5577/5577/5577 5579/5579/5579 5591/5591/5591
f 5590/5590/5590 5588/5588/5588 5589/5589/5589
f 5587/5587/5587 5501/5501/5501 5586/5586/5586
f 5572/5572/5572 5501/5501/5501 5585/5585/5585
f 5584/5584/5584 5575/5575/5575 5583/5583/5583
f 5455/5455/5455 5576/5576/5576 5568/5568/5568
f 5582/5582/5582 5580/5580/5580 5581/5581/5581
f 5518/5518/5518 5523/5523/5523 5528/5528/5528
f 5515/5515/5515 5525/5525/5525 5533/5533/5533
f 5515/5515/5515 5533/5533/5533 5532/5532/5532
f 5536/5536/5536 5534/5534/5534 5535/5535/5535
f 5538/5538/5538 5534/5534/5534 5537/5537/5537
f 5540/5540/5540 5455/5455/5455 5539/5539/5539
f 5534/5534/5534 5538/5538/5538 5535/5535/5535
f 5539/5539/5539 5455/5455/5455 5541/5541/5541
f 5543/5543/5543 5542/5542/5542 5534/5534/5534
f 5534/5534/5534 5536/5536/5536 5544/5544/5544
f 5455/5455/5455 5540/5540/5540 5534/5534/5534
f 5546/5546/5546 5515/5515/5515 5545/5545/5545
f 5548/5548/5548 5515/5515/5515 5547/5547/5547
f 5542/5542/5542 5549/5549/5549 5550/5550/5550
f 5534/5534/5534 5540/5540/5540 5537/5537/5537
f 5515/5515/5515 5548/5548/5548 5545/5545/5545
f 5550/5550/5550 5549/5549/5549 5551/5551/5551
f 5541/5541/5541 5455/5455/5455 5552/5552/5552
f 5579/5579/5579 5577/5577/5577 5578/5578/5578
f 5501/5501/5501 5573/5573/5573 5570/5570/5570
f 5515/5515/5515 5546/5546/5546 5553/5553/5553
f 5555/5555/5555 5515/5515/5515 5554/5554/5554
f 5551/5551/5551 5556/5556/5556 5557/5557/5557
f 5534/5534/5534 5544/5544/5544 5543/5543/5543
f 5558/5558/5558 5455/5455/5455 5515/5515/5515
f 5515/5515/5515 5555/5555/5555 5547/5547/5547
f 5557/5557/5557 5556/5556/5556 5554/5554/5554
f 5552/5552/5552 5455/5455/5455 5559/5559/5559
f 5515/5515/5515 5553/5553/5553 5558/5558/5558
f 5542/5542/5542 5543/5543/5543 5549/5549/5549
f 5555/5555/5555 5554/5554/5554 5560/5560/5560
f 5559/5559/5559 5455/5455/5455 5561/5561/5561
f 5564/5564/5564 5562/5562/5562 5563/5563/5563
f 5560/5560/5560 5554/5554/5554 5565/5565/5565
f 5556/5556/5556 5551/5551/5551 5549/5549/5549
f 5562/5562/5562 5566/5566/5566 5567/5567/5567
f 5554/5554/5554 5566/5566/5566 5557/5557/5557
f 5554/5554/5554 5556/5556/5556 5565/5565/5565
f 5566/5566/5566 5554/5554/5554 5567/5567/5567
f 5576/5576/5576 5455/5455/5455 5575/5575/5575
f 5455/5455/5455 5569/5569/5569 5574/5574/5574
f 5573/5573/5573 5501/5501/5501 5572/5572/5572
f 5571/5571/5571 5501/5501/5501 5570/5570/5570
f 5569/5569/5569 5455/5455/5455 5568/5568/5568
f 5562/5562/5562 5564/5564/5564 5566/5566/5566
f 5501/5501/5501 5587/5587/5587 5610/5610/5610
f 467/467/467 466/466/466 469/469/469
f 463/463/463 464/464/464 465/465/465
f 464/464/464 463/463/463 462/462/462
f 456/456/456 462/462/462 463/463/463
f 456/456/456 459/459/459 461/461/461
f 456/456/456 461/461/461 466/466/466
f 462/462/462 456/456/456 466/466/466
f 466/466/466 471/471/471 462/462/462
f 466/466/466 470/470/470 471/471/471
f 468/468/468 466/466/466 467/467/467
f 466/466/466 468/468/468 470/470/470
f 459/459/459 458/458/458 460/460/460
f 456/456/456 458/458/458 459/459/459
f 458/458/458 456/456/456 457/457/457
f 484/484/484 482/482/482 483/483/483
f 485/485/485 484/484/484 486/486/486
f 482/482/482 484/484/484 485/485/485
f 1003/1003/1003 1001/1001/1001 1002/1002/1002
f 595/595/595 593/593/593 594/594/594
f 593/593/593 595/595/595 597/597/597
f 595/595/595 594/594/594 596/596/596
f 589/589/589 587/587/587 588/588/588
f 587/587/587 589/589/589 590/590/590
f 589/589/589 588/588/588 591/591/591
f 587/587/587 590/590/590 592/592/592
f 1367/1367/1367 1356/1356/1356 1369/1369/1369
f 1348/1348/1348 1350/1350/1350 1366/1366/1366
f 1367/1367/1367 1358/1358/1358 1356/1356/1356
f 1371/1371/1371 1322/1322/1322 1370/1370/1370
f 1329/1329/1329 1327/1327/1327 1328/1328/1328
f 1322/1322/1322 1326/1326/1326 1323/1323/1323
f 1326/1326/1326 1322/1322/1322 1325/1325/1325
f 1338/1338/1338 1324/1324/1324 1339/1339/1339
f 1355/1355/1355 1353/1353/1353 1363/1363/1363
f 1330/1330/1330 1332/1332/1332 1333/1333/1333
f 1351/1351/1351 1329/1329/1329 1328/1328/1328
f 1336/1336/1336 1346/1346/1346 1352/1352/1352
f 1343/1343/1343 1341/1341/1341 1340/1340/1340
f 1338/1338/1338 1340/1340/1340 1341/1341/1341
f 1356/1356/1356 1364/1364/1364 1369/1369/1369
f 1361/1361/1361 1358/1358/1358 1360/1360/1360
f 1359/1359/1359 1348/1348/1348 1358/1358/1358
f 1335/1335/1335 1333/1333/1333 1334/1334/1334
f 1332/1332/1332 1330/1330/1330 1331/1331/1331
f 1341/1341/1341 1344/1344/1344 1342/1342/1342
f 1334/1334/1334 1337/1337/1337 1347/1347/1347
f 1357/1357/1357 1356/1356/1356 1355/1355/1355
f 1324/1324/1324 1322/1322/1322 1323/1323/1323
f 1327/1327/1327 1329/1329/1329 1341/1341/1341
f 1348/1348/1348 1359/1359/1359 1368/1368/1368
f 1329/1329/1329 1351/1351/1351 1345/1345/1345
f 1355/1355/1355 1365/1365/1365 1357/1357/1357
f 1333/1333/1333 1354/1354/1354 1334/1334/1334
f 1345/1345/1345 1351/1351/1351 1346/1346/1346
f 1350/1350/1350 1338/1338/1338 1366/1366/1366
f 1336/1336/1336 1352/1352/1352 1337/1337/1337
f 1348/1348/1348 1368/1368/1368 1362/1362/1362
f 1322/1322/1322 1371/1371/1371 1325/1325/1325
f 1337/1337/1337 1334/1334/1334 1336/1336/1336
f 1340/1340/1340 1338/1338/1338 1339/1339/1339
f 1322/1322/1322 1324/1324/1324 1338/1338/1338
f 1327/1327/1327 1341/1341/1341 1342/1342/1342
f 1344/1344/1344 1341/1341/1341 1343/1343/1343
f 1346/1346/1346 1336/1336/1336 1345/1345/1345
f 1358/1358/1358 1361/1361/1361 1359/1359/1359
f 1365/1365/1365 1355/1355/1355 1363/1363/1363
f 1349/1349/1349 1348/1348/1348 1362/1362/1362
f 1353/1353/1353 1355/1355/1355 1354/1354/1354
f 1354/1354/1354 1333/1333/1333 1353/1353/1353
f 1334/1334/1334 1347/1347/1347 1335/1335/1335
f 1356/1356/1356 1357/1357/1357 1364/1364/1364
f 1338/1338/1338 1350/1350/1350 1322/1322/1322
f 1350/1350/1350 1348/1348/1348 1349/1349/1349
f 1333/1333/1333 1335/1335/1335 1330/1330/1330
f 1358/1358/1358 1367/1367/1367 1360/1360/1360
f 4899/4899/4899 4897/4897/4897 4898/4898/4898
f 4897/4897/4897 4900/4900/4900 4901/4901/4901
f 4900/4900/4900 4899/4899/4899 4902/4902/4902
f 4902/4902/4902 4903/4903/4903 4904/4904/4904
f 4897/4897/4897 4899/4899/4899 4900/4900/4900
f 4903/4903/4903 4902/4902/4902 4899/4899/4899
f 4907/4907/4907 4905/4905/4905 4906/4906/4906
f 4908/4908/4908 4906/4906/4906 4905/4905/4905
f 4905/4905/4905 4907/4907/4907 4910/4910/4910
f 4906/4906/4906 4908/4908/4908 4909/4909/4909
f 4911/4911/4911 4913/4913/4913 4915/4915/4915
f 4914/4914/4914 4915/4915/4915 4916/4916/4916
f 4913/4913/4913 4911/4911/4911 4912/4912/4912
f 4915/4915/4915 4914/4914/4914 4911/4911/4911
f 4842/4842/4842 4844/4844/4844 4839/4839/4839
f 4833/4833/4833 4837/4837/4837 4834/4834/4834
f 4844/4844/4844 4842/4842/4842 4843/4843/4843
f 4840/4840/4840 4836/4836/4836 4835/4835/4835
f 4829/4829/4829 4831/4831/4831 4838/4838/4838
f 4836/4836/4836 4840/4840/4840 4841/4841/4841
f 4835/4835/4835 4837/4837/4837 4833/4833/4833
f 4829/4829/4829 4834/4834/4834 4832/4832/4832
f 4839/4839/4839 4838/4838/4838 4831/4831/4831
f 4837/4837/4837 4835/4835/4835 4836/4836/4836
f 4834/4834/4834 4829/4829/4829 4833/4833/4833
f 4830/4830/4830 4829/4829/4829 4832/4832/4832
f 4831/4831/4831 4829/4829/4829 4830/4830/4830
f 4838/4838/4838 4839/4839/4839 4844/4844/4844
f 5068/5068/5068 5066/5066/5066 5067/5067/5067
f 5070/5070/5070 5066/5066/5066 5069/5069/5069
f 5063/5063/5063 5065/5065/5065 5071/5071/5071
f 5064/5064/5064 5072/5072/5072 5065/5065/5065
f 5074/5074/5074 5073/5073/5073 5066/5066/5066
f 5066/5066/5066 5070/5070/5070 5067/5067/5067
f 5072/5072/5072 5064/5064/5064 5073/5073/5073
f 5066/5066/5066 5068/5068/5068 5074/5074/5074
f 5073/5073/5073 5074/5074/5074 5072/5072/5072
f 5076/5076/5076 5069/5069/5069 5075/5075/5075
f 5070/5070/5070 5069/5069/5069 5077/5077/5077
f 5076/5076/5076 5075/5075/5075 5078/5078/5078
f 5063/5063/5063 5071/5071/5071 5079/5079/5079
f 5069/5069/5069 5076/5076/5076 5077/5077/5077
f 5065/5065/5065 5063/5063/5063 5064/5064/5064
f 4970/4970/4970 4973/4973/4973 4971/4971/4971
f 4965/4965/4965 4968/4968/4968 4969/4969/4969
f 4967/4967/4967 4965/4965/4965 4966/4966/4966
f 4965/4965/4965 4967/4967/4967 4968/4968/4968
f 4971/4971/4971 4969/4969/4969 4970/4970/4970
f 4969/4969/4969 4971/4971/4971 4972/4972/4972
f 4969/4969/4969 4972/4972/4972 4965/4965/4965
f 4976/4976/4976 4979/4979/4979 4975/4975/4975
f 4974/4974/4974 4973/4973/4973 4970/4970/4970
f 4973/4973/4973 4974/4974/4974 4975/4975/4975
f 4975/4975/4975 4974/4974/4974 4976/4976/4976
f 4979/4979/4979 4977/4977/4977 4978/4978/4978
f 4977/4977/4977 4979/4979/4979 4976/4976/4976
f 4984/4984/4984 4980/4980/4980 4983/4983/4983
f 4982/4982/4982 4980/4980/4980 4981/4981/4981
f 4987/4987/4987 4983/4983/4983 4986/4986/4986
f 4987/4987/4987 4986/4986/4986 4988/4988/4988
f 4990/4990/4990 4989/4989/4989 4988/4988/4988
f 4990/4990/4990 4988/4988/4988 4986/4986/4986
f 4993/4993/4993 4991/4991/4991 4992/4992/4992
f 4993/4993/4993 4992/4992/4992 4994/4994/4994
f 4991/4991/4991 4993/4993/4993 4989/4989/4989
f 4989/4989/4989 4990/4990/4990 4991/4991/4991
f 4983/4983/4983 4987/4987/4987 4984/4984/4984
f 4980/4980/4980 4984/4984/4984 4985/4985/4985
f 4980/4980/4980 4982/4982/4982 4983/4983/4983
f 4892/4892/4892 4893/4893/4893 4894/4894/4894
f 4879/4879/4879 4877/4877/4877 4878/4878/4878
f 4881/4881/4881 4877/4877/4877 4880/4880/4880
f 4896/4896/4896 4893/4893/4893 4895/4895/4895
f 4893/4893/4893 4896/4896/4896 4894/4894/4894
f 4893/4893/4893 4892/4892/4892 4891/4891/4891
f 4881/4881/4881 4880/4880/4880 4882/4882/4882
f 4888/4888/4888 4890/4890/4890 4889/4889/4889
f 4890/4890/4890 4888/4888/4888 4891/4891/4891
f 4890/4890/4890 4891/4891/4891 4892/4892/4892
f 4886/4886/4886 4889/4889/4889 4887/4887/4887
f 4883/4883/4883 4885/4885/4885 4886/4886/4886
f 4877/4877/4877 4879/4879/4879 4884/4884/4884
f 4877/4877/4877 4881/4881/4881 4878/4878/4878
f 4885/4885/4885 4883/4883/4883 4884/4884/4884
f 4883/4883/4883 4886/4886/4886 4887/4887/4887
f 4885/4885/4885 4884/4884/4884 4879/4879/4879
f 4889/4889/4889 4886/4886/4886 4888/4888/4888
f 4813/4813/4813 4811/4811/4811 4812/4812/4812
f 4816/4816/4816 4814/4814/4814 4815/4815/4815
f 4815/4815/4815 4817/4817/4817 4818/4818/4818
f 4818/4818/4818 4817/4817/4817 4819/4819/4819
f 4822/4822/4822 4820/4820/4820 4821/4821/4821
f 4820/4820/4820 4819/4819/4819 4817/4817/4817
f 4825/4825/4825 4823/4823/4823 4824/4824/4824
f 4828/4828/4828 4826/4826/4826 4827/4827/4827
f 4826/4826/4826 4828/4828/4828 4825/4825/4825
f 4827/4827/4827 4822/4822/4822 4821/4821/4821
f 4822/4822/4822 4827/4827/4827 4826/4826/4826
f 4823/4823/4823 4825/4825/4825 4828/4828/4828
f 4820/4820/4820 4822/4822/4822 4819/4819/4819
f 4817/4817/4817 4815/4815/4815 4814/4814/4814
f 4811/4811/4811 4813/4813/4813 4816/4816/4816
f 4814/4814/4814 4816/4816/4816 4813/4813/4813
f 7326/7326/7326 7328/7328/7328 7330/7330/7330
f 7328/7328/7328 7327/7327/7327 7329/7329/7329
f 7328/7328/7328 7326/7326/7326 7327/7327/7327
f 7327/7327/7327 7326/7326/7326 7331/7331/7331
f 7354/7354/7354 7352/7352/7352 7353/7353/7353
f 7352/7352/7352 7355/7355/7355 7353/7353/7353
f 7358/7358/7358 7356/7356/7356 7357/7357/7357
f 7360/7360/7360 7359/7359/7359 7355/7355/7355
f 7353/7353/7353 7361/7361/7361 7354/7354/7354
f 7361/7361/7361 7362/7362/7362 7354/7354/7354
f 7362/7362/7362 7363/7363/7363 7364/7364/7364
f 7364/7364/7364 7365/7365/7365 7366/7366/7366
f 7366/7366/7366 7367/7367/7367 7368/7368/7368
f 7367/7367/7367 7366/7366/7366 7365/7365/7365
f 7365/7365/7365 7364/7364/7364 7363/7363/7363
f 7362/7362/7362 7361/7361/7361 7363/7363/7363
f 7361/7361/7361 7353/7353/7353 7369/7369/7369
f 7355/7355/7355 7369/7369/7369 7353/7353/7353
f 7359/7359/7359 7369/7369/7369 7355/7355/7355
f 7359/7359/7359 7360/7360/7360 7356/7356/7356
f 7356/7356/7356 7358/7358/7358 7359/7359/7359
f 7355/7355/7355 7352/7352/7352 7360/7360/7360
f 7352/7352/7352 7354/7354/7354 7370/7370/7370
f 7362/7362/7362 7370/7370/7370 7354/7354/7354
f 2874/2874/2874 2872/2872/2872 2873/2873/2873
f 2876/2876/2876 2873/2873/2873 2875/2875/2875
f 2872/2872/2872 2874/2874/2874 2877/2877/2877
f 2873/2873/2873 2876/2876/2876 2874/2874/2874
f 2884/2884/2884 2885/2885/2885 2886/2886/2886
f 2882/2882/2882 2884/2884/2884 2886/2886/2886
f 2883/2883/2883 2882/2882/2882 2887/2887/2887
f 2885/2885/2885 2884/2884/2884 2888/2888/2888
f 2884/2884/2884 2882/2882/2882 2883/2883/2883
f 2868/2868/2868 2867/2867/2867 2871/2871/2871
f 2868/2868/2868 2869/2869/2869 2870/2870/2870
f 2865/2865/2865 2867/2867/2867 2868/2868/2868
f 2869/2869/2869 2868/2868/2868 2871/2871/2871
f 2867/2867/2867 2865/2865/2865 2866/2866/2866
f 3135/3135/3135 3137/3137/3137 3140/3140/3140
f 3138/3138/3138 3140/3140/3140 3137/3137/3137
f 3138/3138/3138 3142/3142/3142 3139/3139/3139
f 3143/3143/3143 3141/3141/3141 3144/3144/3144
f 3143/3143/3143 3145/3145/3145 3148/3148/3148
f 3137/3137/3137 3135/3135/3135 3136/3136/3136
f 3140/3140/3140 3138/3138/3138 3139/3139/3139
f 3142/3142/3142 3138/3138/3138 3141/3141/3141
f 3141/3141/3141 3143/3143/3143 3142/3142/3142
f 3148/3148/3148 3146/3146/3146 3147/3147/3147
f 3146/3146/3146 3148/3148/3148 3145/3145/3145
f 3149/3149/3149 3147/3147/3147 3146/3146/3146
f 3150/3150/3150 3149/3149/3149 3153/3153/3153
f 3147/3147/3147 3149/3149/3149 3150/3150/3150
f 3151/3151/3151 3153/3153/3153 3149/3149/3149
f 3154/3154/3154 3152/3152/3152 3151/3151/3151
f 3152/3152/3152 3154/3154/3154 3155/3155/3155
f 3153/3153/3153 3151/3151/3151 3152/3152/3152
f 3145/3145/3145 3143/3143/3143 3144/3144/3144
f 2992/2992/2992 2990/2990/2990 2991/2991/2991
f 2990/2990/2990 2992/2992/2992 2993/2993/2993
f 2961/2961/2961 2960/2960/2960 2964/2964/2964
f 2962/2962/2962 2963/2963/2963 2967/2967/2967
f 2972/2972/2972 2971/2971/2971 2973/2973/2973
f 2968/2968/2968 2970/2970/2970 2966/2966/2966
f 2962/2962/2962 2966/2966/2966 2970/2970/2970
f 2975/2975/2975 2974/2974/2974 2978/2978/2978
f 2976/2976/2976 2977/2977/2977 2979/2979/2979
f 2977/2977/2977 2975/2975/2975 2978/2978/2978
f 2977/2977/2977 2976/2976/2976 2975/2975/2975
f 2972/2972/2972 2974/2974/2974 2975/2975/2975
f 2974/2974/2974 2972/2972/2972 2973/2973/2973
f 2969/2969/2969 2971/2971/2971 2972/2972/2972
f 2971/2971/2971 2969/2969/2969 2968/2968/2968
f 2970/2970/2970 2968/2968/2968 2969/2969/2969
f 2965/2965/2965 2962/2962/2962 2967/2967/2967
f 2966/2966/2966 2962/2962/2962 2965/2965/2965
f 2963/2963/2963 2961/2961/2961 2964/2964/2964
f 2963/2963/2963 2962/2962/2962 2961/2961/2961
f 2958/2958/2958 2960/2960/2960 2961/2961/2961
f 2960/2960/2960 2958/2958/2958 2959/2959/2959
f 2944/2944/2944 2946/2946/2946 2947/2947/2947
f 2946/2946/2946 2944/2944/2944 2945/2945/2945
f 2935/2935/2935 2937/2937/2937 2938/2938/2938
f 2923/2923/2923 2925/2925/2925 2926/2926/2926
f 2926/2926/2926 2928/2928/2928 2923/2923/2923
f 2927/2927/2927 2930/2930/2930 2928/2928/2928
f 2931/2931/2931 2929/2929/2929 2932/2932/2932
f 2931/2931/2931 2933/2933/2933 2936/2936/2936
f 2934/2934/2934 2936/2936/2936 2933/2933/2933
f 2937/2937/2937 2935/2935/2935 2934/2934/2934
f 2938/2938/2938 2937/2937/2937 2941/2941/2941
f 2939/2939/2939 2941/2941/2941 2937/2937/2937
f 2942/2942/2942 2940/2940/2940 2939/2939/2939
f 2940/2940/2940 2942/2942/2942 2943/2943/2943
f 2941/2941/2941 2939/2939/2939 2940/2940/2940
f 2925/2925/2925 2923/2923/2923 2924/2924/2924
f 2936/2936/2936 2934/2934/2934 2935/2935/2935
f 2933/2933/2933 2931/2931/2931 2932/2932/2932
f 2928/2928/2928 2926/2926/2926 2927/2927/2927
f 2930/2930/2930 2927/2927/2927 2929/2929/2929
f 2929/2929/2929 2931/2931/2931 2930/2930/2930
f 2908/2908/2908 2906/2906/2906 2907/2907/2907
f 2908/2908/2908 2907/2907/2907 2909/2909/2909
f 2906/2906/2906 2908/2908/2908 2910/2910/2910
f 2895/2895/2895 2897/2897/2897 2899/2899/2899
f 2897/2897/2897 2896/2896/2896 2898/2898/2898
f 2897/2897/2897 2895/2895/2895 2896/2896/2896
f 3156/3156/3156 3158/3158/3158 3159/3159/3159
f 3158/3158/3158 3156/3156/3156 3157/3157/3157
f 2889/2889/2889 2891/2891/2891 2894/2894/2894
f 2894/2894/2894 2892/2892/2892 2893/2893/2893
f 2891/2891/2891 2889/2889/2889 2890/2890/2890
f 2892/2892/2892 2894/2894/2894 2891/2891/2891
f 2905/2905/2905 2903/2903/2903 2904/2904/2904
f 2903/2903/2903 2905/2905/2905 2902/2902/2902
f 2900/2900/2900 2902/2902/2902 2905/2905/2905
f 2902/2902/2902 2900/2900/2900 2901/2901/2901
f 2913/2913/2913 2911/2911/2911 2912/2912/2912
f 2917/2917/2917 2920/2920/2920 2921/2921/2921
f 2916/2916/2916 2911/2911/2911 2915/2915/2915
f 2916/2916/2916 2918/2918/2918 2922/2922/2922
f 2911/2911/2911 2916/2916/2916 2922/2922/2922
f 2911/2911/2911 2913/2913/2913 2915/2915/2915
f 2917/2917/2917 2921/2921/2921 2918/2918/2918
f 2913/2913/2913 2912/2912/2912 2914/2914/2914
f 2918/2918/2918 2916/2916/2916 2917/2917/2917
f 2920/2920/2920 2917/2917/2917 2919/2919/2919
f 2982/2982/2982 2980/2980/2980 2981/2981/2981
f 2983/2983/2983 2985/2985/2985 2982/2982/2982
f 2985/2985/2985 2983/2983/2983 2984/2984/2984
f 2984/2984/2984 2986/2986/2986 2987/2987/2987
f 2987/2987/2987 2988/2988/2988 2989/2989/2989
f 2988/2988/2988 2987/2987/2987 2986/2986/2986
f 2986/2986/2986 2984/2984/2984 2983/2983/2983
f 2980/2980/2980 2982/2982/2982 2985/2985/2985
f 2948/2948/2948 2950/2950/2950 2953/2953/2953
f 2956/2956/2956 2955/2955/2955 2954/2954/2954
f 2955/2955/2955 2956/2956/2956 2957/2957/2957
f 2952/2952/2952 2954/2954/2954 2955/2955/2955
f 2953/2953/2953 2951/2951/2951 2952/2952/2952
f 2951/2951/2951 2953/2953/2953 2950/2950/2950
f 2950/2950/2950 2948/2948/2948 2949/2949/2949
f 2954/2954/2954 2952/2952/2952 2951/2951/2951
f 3162/3162/3162 3160/3160/3160 3161/3161/3161
f 3165/3165/3165 3163/3163/3163 3164/3164/3164
f 3164/3164/3164 3166/3166/3166 3167/3167/3167
f 3160/3160/3160 3162/3162/3162 3165/3165/3165
f 3163/3163/3163 3165/3165/3165 3162/3162/3162
f 3166/3166/3166 3164/3164/3164 3163/3163/3163
f 3166/3166/3166 3169/3169/3169 3167/3167/3167
f 3169/3169/3169 3166/3166/3166 3168/3168/3168
f 1955/1955/1955 1960/1960/1960 1956/1956/1956
f 1959/1959/1959 1951/1951/1951 1954/1954/1954
f 1957/1957/1957 1956/1956/1956 1958/1958/1958
f 1957/1957/1957 1955/1955/1955 1956/1956/1956
f 1949/1949/1949 1950/1950/1950 1954/1954/1954
f 1951/1951/1951 1949/1949/1949 1954/1954/1954
f 1952/1952/1952 1951/1951/1951 1953/1953/1953
f 1949/1949/1949 1951/1951/1951 1952/1952/1952
f 1949/1949/1949 1948/1948/1948 1950/1950/1950
f 1948/1948/1948 1946/1946/1946 1942/1942/1942
f 1960/1960/1960 1959/1959/1959 1954/1954/1954
f 1946/1946/1946 1943/1943/1943 1942/1942/1942
f 1947/1947/1947 1943/1943/1943 1946/1946/1946
f 1943/1943/1943 1940/1940/1940 1942/1942/1942
f 1944/1944/1944 1943/1943/1943 1945/1945/1945
f 1943/1943/1943 1947/1947/1947 1963/1963/1963
f 1937/1937/1937 1939/1939/1939 1942/1942/1942
f 1940/1940/1940 1943/1943/1943 1944/1944/1944
f 1940/1940/1940 1937/1937/1937 1942/1942/1942
f 1937/1937/1937 1940/1940/1940 1941/1941/1941
f 1960/1960/1960 1955/1955/1955 1959/1959/1959
f 1939/1939/1939 1937/1937/1937 1938/1938/1938
f 1951/1951/1951 1959/1959/1959 1961/1961/1961
f 1946/1946/1946 1948/1948/1948 1949/1949/1949
f 1955/1955/1955 1957/1957/1957 1962/1962/1962
f 2005/2005/2005 2007/2007/2007 2014/2014/2014
f 2000/2000/2000 2002/2002/2002 2018/2018/2018
f 1998/1998/1998 2022/2022/2022 2026/2026/2026
f 2019/2019/2019 2015/2015/2015 2025/2025/2025
f 2017/2017/2017 2002/2002/2002 1999/1999/1999
f 1997/1997/1997 1999/1999/1999 2013/2013/2013
f 2015/2015/2015 2021/2021/2021 2012/2012/2012
f 2015/2015/2015 2016/2016/2016 2011/2011/2011
f 2022/2022/2022 2024/2024/2024 2026/2026/2026
f 2012/2012/2012 2016/2016/2016 2015/2015/2015
f 1999/1999/1999 1998/1998/1998 2003/2003/2003
f 2002/2002/2002 2000/2000/2000 2001/2001/2001
f 1999/1999/1999 1997/1997/1997 1998/1998/1998
f 2008/2008/2008 2010/2010/2010 2006/2006/2006
f 1998/1998/1998 2004/2004/2004 2003/2003/2003
f 2022/2022/2022 1998/1998/1998 1997/1997/1997
f 2021/2021/2021 2019/2019/2019 2020/2020/2020
f 2018/2018/2018 2002/2002/2002 2017/2017/2017
f 2016/2016/2016 2012/2012/2012 2000/2000/2000
f 2005/2005/2005 2004/2004/2004 1998/1998/1998
f 2007/2007/2007 2005/2005/2005 2006/2006/2006
f 2010/2010/2010 2008/2008/2008 2009/2009/2009
f 2008/2008/2008 2011/2011/2011 2009/2009/2009
f 2011/2011/2011 2008/2008/2008 2015/2015/2015
f 2007/2007/2007 2006/2006/2006 2010/2010/2010
f 2024/2024/2024 2022/2022/2022 2023/2023/2023
f 2001/2001/2001 2000/2000/2000 2012/2012/2012
f 2004/2004/2004 2005/2005/2005 2014/2014/2014
f 2019/2019/2019 2021/2021/2021 2015/2015/2015
f 2013/2013/2013 1999/1999/1999 2002/2002/2002
f 985/985/985 987/987/987 989/989/989
f 988/988/988 985/985/985 990/990/990
f 987/987/987 985/985/985 986/986/986
f 986/986/986 985/985/985 988/988/988
f 964/964/964 966/966/966 967/967/967
f 975/975/975 977/977/977 976/976/976
f 980/980/980 975/975/975 981/981/981
f 977/977/977 979/979/979 976/976/976
f 973/973/973 970/970/970 968/968/968
f 966/966/966 964/964/964 965/965/965
f 969/969/969 967/967/967 968/968/968
f 967/967/967 969/969/969 964/964/964
f 969/969/969 970/970/970 971/971/971
f 971/971/971 970/970/970 972/972/972
f 970/970/970 969/969/969 968/968/968
f 970/970/970 973/973/973 974/974/974
f 974/974/974 975/975/975 976/976/976
f 979/979/979 977/977/977 978/978/978
f 975/975/975 974/974/974 973/973/973
f 983/983/983 978/978/978 982/982/982
f 979/979/979 983/983/983 984/984/984
f 977/977/977 975/975/975 980/980/980
f 978/978/978 983/983/983 979/979/979
f 959/959/959 962/962/962 963/963/963
f 959/959/959 961/961/961 962/962/962
f 961/961/961 959/959/959 960/960/960
f 1447/1447/1447 1431/1431/1431 1457/1457/1457
f 1434/1434/1434 1430/1430/1430 1456/1456/1456
f 1430/1430/1430 1446/1446/1446 1456/1456/1456
f 1416/1416/1416 1444/1444/1444 1419/1419/1419
f 1441/1441/1441 1454/1454/1454 1455/1455/1455
f 1453/1453/1453 1424/1424/1424 1452/1452/1452
f 1423/1423/1423 1425/1425/1425 1440/1440/1440
f 1440/1440/1440 1448/1448/1448 1451/1451/1451
f 1436/1436/1436 1435/1435/1435 1450/1450/1450
f 1449/1449/1449 1448/1448/1448 1437/1437/1437
f 1431/1431/1431 1447/1447/1447 1435/1435/1435
f 1430/1430/1430 1432/1432/1432 1431/1431/1431
f 1430/1430/1430 1428/1428/1428 1446/1446/1446
f 1428/1428/1428 1412/1412/1412 1445/1445/1445
f 1416/1416/1416 1427/1427/1427 1444/1444/1444
f 1426/1426/1426 1443/1443/1443 1442/1442/1442
f 1443/1443/1443 1441/1441/1441 1442/1442/1442
f 1423/1423/1423 1440/1440/1440 1438/1438/1438
f 1435/1435/1435 1437/1437/1437 1448/1448/1448
f 1437/1437/1437 1435/1435/1435 1436/1436/1436
f 1431/1431/1431 1433/1433/1433 1457/1457/1457
f 1424/1424/1424 1453/1453/1453 1454/1454/1454
f 1448/1448/1448 1449/1449/1449 1451/1451/1451
f 1426/1426/1426 1417/1417/1417 1443/1443/1443
f 1423/1423/1423 1439/1439/1439 1458/1458/1458
f 1432/1432/1432 1430/1430/1430 1434/1434/1434
f 1433/1433/1433 1431/1431/1431 1432/1432/1432
f 1428/1428/1428 1430/1430/1430 1429/1429/1429
f 1412/1412/1412 1428/1428/1428 1429/1429/1429
f 1414/1414/1414 1412/1412/1412 1413/1413/1413
f 1417/1417/1417 1415/1415/1415 1416/1416/1416
f 1413/1413/1413 1412/1412/1412 1418/1418/1418
f 1419/1419/1419 1412/1412/1412 1416/1416/1416
f 1415/1415/1415 1417/1417/1417 1420/1420/1420
f 1418/1418/1418 1412/1412/1412 1421/1421/1421
f 1412/1412/1412 1419/1419/1419 1422/1422/1422
f 1425/1425/1425 1423/1423/1423 1424/1424/1424
f 1417/1417/1417 1426/1426/1426 1420/1420/1420
f 1416/1416/1416 1415/1415/1415 1427/1427/1427
f 1452/1452/1452 1424/1424/1424 1423/1423/1423
f 1455/1455/1455 1454/1454/1454 1453/1453/1453
f 1441/1441/1441 1443/1443/1443 1454/1454/1454
f 1448/1448/1448 1440/1440/1440 1425/1425/1425
f 1435/1435/1435 1447/1447/1447 1450/1450/1450
f 1439/1439/1439 1423/1423/1423 1438/1438/1438
f 1412/1412/1412 1414/1414/1414 1445/1445/1445
f 1412/1412/1412 1422/1422/1422 1421/1421/1421
f 4141/4141/4141 4143/4143/4143 4139/4139/4139
f 4130/4130/4130 4128/4128/4128 4131/4131/4131
f 4140/4140/4140 4139/4139/4139 4143/4143/4143
f 4137/4137/4137 4140/4140/4140 4138/4138/4138
f 4126/4126/4126 4129/4129/4129 4127/4127/4127
f 4125/4125/4125 4127/4127/4127 4145/4145/4145
f 4138/4138/4138 4136/4136/4136 4137/4137/4137
f 4127/4127/4127 4125/4125/4125 4126/4126/4126
f 4129/4129/4129 4126/4126/4126 4128/4128/4128
f 4136/4136/4136 4138/4138/4138 4144/4144/4144
f 4135/4135/4135 4136/4136/4136 4144/4144/4144
f 4133/4133/4133 4134/4134/4134 4135/4135/4135
f 4130/4130/4130 4132/4132/4132 4133/4133/4133
f 4134/4134/4134 4133/4133/4133 4132/4132/4132
f 4136/4136/4136 4135/4135/4135 4134/4134/4134
f 4128/4128/4128 4130/4130/4130 4129/4129/4129
f 4140/4140/4140 4137/4137/4137 4139/4139/4139
f 4143/4143/4143 4141/4141/4141 4142/4142/4142
f 4132/4132/4132 4130/4130/4130 4131/4131/4131
f 613/613/613 611/611/611 612/612/612
f 616/616/616 614/614/614 615/615/615
f 619/619/619 617/617/617 618/618/618
f 622/622/622 620/620/620 621/621/621
f 625/625/625 623/623/623 624/624/624
f 627/627/627 623/623/623 626/626/626
f 623/623/623 627/627/627 628/628/628
f 629/629/629 627/627/627 626/626/626
f 627/627/627 629/629/629 630/630/630
f 622/622/622 621/621/621 624/624/624
f 630/630/630 631/631/631 632/632/632
f 634/634/634 631/631/631 633/633/633
f 636/636/636 633/633/633 635/635/635
f 639/639/639 637/637/637 638/638/638
f 637/637/637 635/635/635 633/633/633
f 637/637/637 639/639/639 635/635/635
f 638/638/638 640/640/640 639/639/639
f 642/642/642 640/640/640 641/641/641
f 645/645/645 643/643/643 644/644/644
f 648/648/648 646/646/646 647/647/647
f 646/646/646 648/648/648 643/643/643
f 649/649/649 647/647/647 646/646/646
f 652/652/652 650/650/650 651/651/651
f 651/651/651 653/653/653 654/654/654
f 651/651/651 654/654/654 655/655/655
f 657/657/657 653/653/653 656/656/656
f 659/659/659 656/656/656 658/658/658
f 662/662/662 660/660/660 661/661/661
f 665/665/665 663/663/663 664/664/664
f 693/693/693 692/692/692 612/612/612
f 692/692/692 613/613/613 612/612/612
f 611/611/611 613/613/613 614/614/614
f 614/614/614 616/616/616 611/611/611
f 663/663/663 665/665/665 666/666/666
f 669/669/669 667/667/667 668/668/668
f 664/664/664 670/670/670 669/669/669
f 616/616/616 615/615/615 618/618/618
f 615/615/615 619/619/619 618/618/618
f 617/617/617 619/619/619 620/620/620
f 620/620/620 622/622/622 617/617/617
f 621/621/621 625/625/625 624/624/624
f 623/623/623 625/625/625 626/626/626
f 623/623/623 628/628/628 691/691/691
f 631/631/631 630/630/630 629/629/629
f 631/631/631 634/634/634 632/632/632
f 633/633/633 636/636/636 634/634/634
f 640/640/640 638/638/638 641/641/641
f 640/640/640 642/642/642 644/644/644
f 642/642/642 645/645/645 644/644/644
f 643/643/643 645/645/645 646/646/646
f 647/647/647 649/649/649 652/652/652
f 650/650/650 652/652/652 649/649/649
f 653/653/653 651/651/651 650/650/650
f 653/653/653 657/657/657 654/654/654
f 656/656/656 659/659/659 657/657/657
f 659/659/659 658/658/658 661/661/661
f 658/658/658 662/662/662 661/661/661
f 660/660/660 662/662/662 666/666/666
f 660/660/660 666/666/666 665/665/665
f 664/664/664 663/663/663 671/671/671
f 667/667/667 669/669/669 670/670/670
f 672/672/672 668/668/668 667/667/667
f 676/676/676 675/675/675 672/672/672
f 678/678/678 680/680/680 677/677/677
f 682/682/682 681/681/681 690/690/690
f 682/682/682 690/690/690 684/684/684
f 690/690/690 685/685/685 684/684/684
f 683/683/683 685/685/685 689/689/689
f 683/683/683 689/689/689 688/688/688
f 686/686/686 688/688/688 689/689/689
f 688/688/688 686/686/686 687/687/687
f 685/685/685 683/683/683 684/684/684
f 681/681/681 682/682/682 678/678/678
f 676/676/676 678/678/678 677/677/677
f 678/678/678 676/676/676 681/681/681
f 680/680/680 678/678/678 679/679/679
f 675/675/675 676/676/676 677/677/677
f 674/674/674 672/672/672 675/675/675
f 673/673/673 672/672/672 674/674/674
f 668/668/668 672/672/672 673/673/673
f 670/670/670 664/664/664 671/671/671
f 1242/1242/1242 1240/1240/1240 1241/1241/1241
f 1242/1242/1242 1241/1241/1241 1243/1243/1243
f 1245/1245/1245 1244/1244/1244 1240/1240/1240
f 1238/1238/1238 1240/1240/1240 1244/1244/1244
f 1240/1240/1240 1242/1242/1242 1245/1245/1245
f 1244/1244/1244 1245/1245/1245 1246/1246/1246
f 1246/1246/1246 1248/1248/1248 1244/1244/1244
f 1249/1249/1249 1244/1244/1244 1248/1248/1248
f 1248/1248/1248 1246/1246/1246 1247/1247/1247
f 1244/1244/1244 1249/1249/1249 1238/1238/1238
f 1238/1238/1238 1250/1250/1250 1251/1251/1251
f 1251/1251/1251 1252/1252/1252 1253/1253/1253
f 1254/1254/1254 1238/1238/1238 1251/1251/1251
f 1239/1239/1239 1241/1241/1241 1240/1240/1240
f 1240/1240/1240 1238/1238/1238 1239/1239/1239
f 1257/1257/1257 1241/1241/1241 1256/1256/1256
f 1243/1243/1243 1258/1258/1258 1259/1259/1259
f 1250/1250/1250 1238/1238/1238 1249/1249/1249
f 1252/1252/1252 1251/1251/1251 1250/1250/1250
f 1253/1253/1253 1254/1254/1254 1251/1251/1251
f 1258/1258/1258 1243/1243/1243 1241/1241/1241
f 1241/1241/1241 1257/1257/1257 1258/1258/1258
f 1241/1241/1241 1255/1255/1255 1256/1256/1256
f 1254/1254/1254 1255/1255/1255 1239/1239/1239
f 1238/1238/1238 1254/1254/1254 1239/1239/1239
f 1241/1241/1241 1239/1239/1239 1255/1255/1255
f 1306/1306/1306 1301/1301/1301 1300/1300/1300
f 1318/1318/1318 1316/1316/1316 1315/1315/1315
f 1319/1319/1319 1314/1314/1314 1318/1318/1318
f 1305/1305/1305 1300/1300/1300 1303/1303/1303
f 1315/1315/1315 1317/1317/1317 1321/1321/1321
f 1313/1313/1313 1317/1317/1317 1316/1316/1316
f 1307/1307/1307 1309/1309/1309 1301/1301/1301
f 1310/1310/1310 1301/1301/1301 1309/1309/1309
f 1320/1320/1320 1303/1303/1303 1319/1319/1319
f 1303/1303/1303 1320/1320/1320 1305/1305/1305
f 1314/1314/1314 1319/1319/1319 1303/1303/1303
f 1316/1316/1316 1318/1318/1318 1314/1314/1314
f 1310/1310/1310 1311/1311/1311 1302/1302/1302
f 1302/1302/1302 1312/1312/1312 1304/1304/1304
f 1314/1314/1314 1313/1313/1313 1316/1316/1316
f 1302/1302/1302 1300/1300/1300 1301/1301/1301
f 1304/1304/1304 1303/1303/1303 1300/1300/1300
f 1300/1300/1300 1305/1305/1305 1306/1306/1306
f 1301/1301/1301 1306/1306/1306 1307/1307/1307
f 1309/1309/1309 1307/1307/1307 1308/1308/1308
f 1301/1301/1301 1310/1310/1310 1302/1302/1302
f 1312/1312/1312 1302/1302/1302 1311/1311/1311
f 1303/1303/1303 1304/1304/1304 1314/1314/1314
f 1300/1300/1300 1302/1302/1302 1304/1304/1304
f 1313/1313/1313 1304/1304/1304 1312/1312/1312
f 1304/1304/1304 1313/1313/1313 1314/1314/1314
f 1317/1317/1317 1315/1315/1315 1316/1316/1316
f 911/911/911 910/910/910 912/912/912
f 906/906/906 907/907/907 908/908/908
f 907/907/907 906/906/906 905/905/905
f 910/910/910 907/907/907 905/905/905
f 905/905/905 903/903/903 902/902/902
f 906/906/906 908/908/908 909/909/909
f 907/907/907 910/910/910 911/911/911
f 903/903/903 905/905/905 906/906/906
f 901/901/901 903/903/903 904/904/904
f 901/901/901 904/904/904 913/913/913
f 903/903/903 901/901/901 902/902/902
f 851/851/851 837/837/837 839/839/839
f 846/846/846 850/850/850 847/847/847
f 853/853/853 851/851/851 852/852/852
f 846/846/846 849/849/849 850/850/850
f 844/844/844 847/847/847 845/845/845
f 849/849/849 846/846/846 848/848/848
f 851/851/851 853/853/853 837/837/837
f 840/840/840 844/844/844 845/845/845
f 844/844/844 840/840/840 836/836/836
f 841/841/841 838/838/838 843/843/843
f 842/842/842 838/838/838 841/841/841
f 839/839/839 836/836/836 840/840/840
f 837/837/837 836/836/836 839/839/839
f 836/836/836 838/838/838 842/842/842
f 838/838/838 836/836/836 837/837/837
f 847/847/847 844/844/844 846/846/846
f 584/584/584 582/582/582 583/583/583
f 584/584/584 583/583/583 585/585/585
f 582/582/582 584/584/584 586/586/586
f 940/940/940 938/938/938 939/939/939
f 941/941/941 947/947/947 946/946/946
f 941/941/941 943/943/943 947/947/947
f 944/944/944 946/946/946 947/947/947
f 946/946/946 944/944/944 945/945/945
f 943/943/943 941/941/941 942/942/942
f 4020/4020/4020 4015/4015/4015 4025/4025/4025
f 4044/4044/4044 4075/4075/4075 4045/4045/4045
f 4056/4056/4056 4070/4070/4070 4068/4068/4068
f 4036/4036/4036 4049/4049/4049 4057/4057/4057
f 4066/4066/4066 4060/4060/4060 4076/4076/4076
f 4031/4031/4031 4064/4064/4064 4074/4074/4074
f 4047/4047/4047 4072/4072/4072 4056/4056/4056
f 4060/4060/4060 4059/4059/4059 4076/4076/4076
f 4075/4075/4075 4044/4044/4044 4066/4066/4066
f 4064/4064/4064 4065/4065/4065 4074/4074/4074
f 4062/4062/4062 4050/4050/4050 4063/4063/4063
f 4047/4047/4047 4073/4073/4073 4071/4071/4071
f 4069/4069/4069 4056/4056/4056 4072/4072/4072
f 4024/4024/4024 4022/4022/4022 4023/4023/4023
f 4067/4067/4067 4066/4066/4066 4044/4044/4044
f 4022/4022/4022 4024/4024/4024 4026/4026/4026
f 4028/4028/4028 4017/4017/4017 4027/4027/4027
f 4053/4053/4053 4052/4052/4052 4065/4065/4065
f 4064/4064/4064 4031/4031/4031 4030/4030/4030
f 4020/4020/4020 4039/4039/4039 4059/4059/4059
f 4062/4062/4062 4061/4061/4061 4058/4058/4058
f 4047/4047/4047 4046/4046/4046 4073/4073/4073
f 4020/4020/4020 4025/4025/4025 4029/4029/4029
f 4032/4032/4032 4030/4030/4030 4031/4031/4031
f 4024/4024/4024 4023/4023/4023 4034/4034/4034
f 4036/4036/4036 4033/4033/4033 4035/4035/4035
f 4038/4038/4038 4036/4036/4036 4037/4037/4037
f 4020/4020/4020 4029/4029/4029 4039/4039/4039
f 4014/4014/4014 4016/4016/4016 4017/4017/4017
f 4054/4054/4054 4059/4059/4059 4060/4060/4060
f 4022/4022/4022 4026/4026/4026 4033/4033/4033
f 4016/4016/4016 4014/4014/4014 4015/4015/4015
f 4019/4019/4019 4017/4017/4017 4018/4018/4018
f 4017/4017/4017 4019/4019/4019 4014/4014/4014
f 4016/4016/4016 4015/4015/4015 4020/4020/4020
f 4072/4072/4072 4047/4047/4047 4071/4071/4071
f 4070/4070/4070 4056/4056/4056 4069/4069/4069
f 4054/4054/4054 4056/4056/4056 4068/4068/4068
f 4060/4060/4060 4066/4066/4066 4067/4067/4067
f 4041/4041/4041 4053/4053/4053 4042/4042/4042
f 4065/4065/4065 4064/4064/4064 4053/4053/4053
f 4027/4027/4027 4051/4051/4051 4028/4028/4028
f 4050/4050/4050 4062/4062/4062 4051/4051/4051
f 4061/4061/4061 4062/4062/4062 4063/4063/4063
f 4057/4057/4057 4058/4058/4058 4061/4061/4061
f 4034/4034/4034 4047/4047/4047 4024/4024/4024
f 4055/4055/4055 4054/4054/4054 4060/4060/4060
f 4059/4059/4059 4054/4054/4054 4020/4020/4020
f 4040/4040/4040 4042/4042/4042 4043/4043/4043
f 4017/4017/4017 4028/4028/4028 4021/4021/4021
f 4058/4058/4058 4057/4057/4057 4049/4049/4049
f 4036/4036/4036 4038/4038/4038 4048/4048/4048
f 4056/4056/4056 4054/4054/4054 4055/4055/4055
f 4043/4043/4043 4045/4045/4045 4040/4040/4040
f 4053/4053/4053 4041/4041/4041 4052/4052/4052
f 4028/4028/4028 4032/4032/4032 4021/4021/4021
f 4051/4051/4051 4027/4027/4027 4050/4050/4050
f 4037/4037/4037 4036/4036/4036 4035/4035/4035
f 4049/4049/4049 4036/4036/4036 4048/4048/4048
f 4033/4033/4033 4036/4036/4036 4022/4022/4022
f 4047/4047/4047 4034/4034/4034 4046/4046/4046
f 4045/4045/4045 4043/4043/4043 4044/4044/4044
f 4042/4042/4042 4040/4040/4040 4041/4041/4041
f 4030/4030/4030 4032/4032/4032 4028/4028/4028
f 4018/4018/4018 4017/4017/4017 4021/4021/4021
f 6053/6053/6053 6052/6052/6052 6055/6055/6055
f 6052/6052/6052 6054/6054/6054 6051/6051/6051
f 6050/6050/6050 6051/6051/6051 6054/6054/6054
f 6034/6034/6034 6050/6050/6050 6049/6049/6049
f 6034/6034/6034 6042/6042/6042 6038/6038/6038
f 6058/6058/6058 6056/6056/6056 6057/6057/6057
f 6058/6058/6058 6057/6057/6057 6059/6059/6059
f 5991/5991/5991 5989/5989/5989 5990/5990/5990
f 5993/5993/5993 5992/5992/5992 5989/5989/5989
f 5992/5992/5992 5993/5993/5993 5994/5994/5994
f 5992/5992/5992 5995/5995/5995 5996/5996/5996
f 5992/5992/5992 5994/5994/5994 5995/5995/5995
f 5999/5999/5999 5997/5997/5997 5998/5998/5998
f 6001/6001/6001 6000/6000/6000 5999/5999/5999
f 6000/6000/6000 6001/6001/6001 6002/6002/6002
f 6004/6004/6004 6003/6003/6003 6002/6002/6002
f 6060/6060/6060 6052/6052/6052 6056/6056/6056
f 6052/6052/6052 6060/6060/6060 6055/6055/6055
f 6007/6007/6007 6005/6005/6005 6006/6006/6006
f 6007/6007/6007 6006/6006/6006 6008/6008/6008
f 6005/6005/6005 6007/6007/6007 6009/6009/6009
f 6008/6008/6008 6006/6006/6006 6010/6010/6010
f 6005/6005/6005 6009/6009/6009 6003/6003/6003
f 6012/6012/6012 6011/6011/6011 6006/6006/6006
f 6014/6014/6014 5990/5990/5990 6013/6013/6013
f 6015/6015/6015 6014/6014/6014 6013/6013/6013
f 6014/6014/6014 6015/6015/6015 6012/6012/6012
f 5990/5990/5990 6014/6014/6014 5991/5991/5991
f 6057/6057/6057 6061/6061/6061 6059/6059/6059
f 6054/6054/6054 6052/6052/6052 6053/6053/6053
f 6064/6064/6064 6062/6062/6062 6063/6063/6063
f 6062/6062/6062 6064/6064/6064 6061/6061/6061
f 6063/6063/6063 6065/6065/6065 6066/6066/6066
f 6065/6065/6065 6063/6063/6063 6062/6062/6062
f 6066/6066/6066 6067/6067/6067 6068/6068/6068
f 5995/5995/5995 6069/6069/6069 5996/5996/5996
f 6067/6067/6067 5995/5995/5995 6070/6070/6070
f 6067/6067/6067 6070/6070/6070 6068/6068/6068
f 6073/6073/6073 6071/6071/6071 6072/6072/6072
f 6012/6012/6012 6015/6015/6015 6016/6016/6016
f 6011/6011/6011 6012/6012/6012 6016/6016/6016
f 6071/6071/6071 6073/6073/6073 6067/6067/6067
f 6067/6067/6067 6073/6073/6073 6074/6074/6074
f 6072/6072/6072 6071/6071/6071 6075/6075/6075
f 6067/6067/6067 6074/6074/6074 6069/6069/6069
f 6075/6075/6075 6071/6071/6071 6076/6076/6076
f 6018/6018/6018 6071/6071/6071 6019/6019/6019
f 6019/6019/6019 6071/6071/6071 6077/6077/6077
f 6077/6077/6077 6071/6071/6071 6078/6078/6078
f 6080/6080/6080 6079/6079/6079 6020/6020/6020
f 6079/6079/6079 6081/6081/6081 6071/6071/6071
f 6079/6079/6079 6080/6080/6080 6081/6081/6081
f 6071/6071/6071 6081/6081/6081 6078/6078/6078
f 6071/6071/6071 6018/6018/6018 6076/6076/6076
f 6066/6066/6066 6065/6065/6065 6067/6067/6067
f 6056/6056/6056 6058/6058/6058 6060/6060/6060
f 6025/6025/6025 6030/6030/6030 6026/6026/6026
f 6020/6020/6020 6022/6022/6022 6080/6080/6080
f 5989/5989/5989 5991/5991/5991 5993/5993/5993
f 6051/6051/6051 6050/6050/6050 6034/6034/6034
f 6040/6040/6040 6041/6041/6041 6042/6042/6042
f 6042/6042/6042 6048/6048/6048 6043/6043/6043
f 6046/6046/6046 6034/6034/6034 6049/6049/6049
f 6042/6042/6042 6045/6045/6045 6048/6048/6048
f 6034/6034/6034 6047/6047/6047 6044/6044/6044
f 6047/6047/6047 6034/6034/6034 6046/6046/6046
f 6034/6034/6034 6045/6045/6045 6042/6042/6042
f 6045/6045/6045 6034/6034/6034 6044/6044/6044
f 6040/6040/6040 6042/6042/6042 6043/6043/6043
f 6040/6040/6040 6039/6039/6039 6041/6041/6041
f 6039/6039/6039 6006/6006/6006 6005/6005/6005
f 6006/6006/6006 6039/6039/6039 6040/6040/6040
f 6031/6031/6031 6037/6037/6037 6029/6029/6029
f 6035/6035/6035 6034/6034/6034 6038/6038/6038
f 6031/6031/6031 6033/6033/6033 6037/6037/6037
f 6031/6031/6031 6036/6036/6036 6032/6032/6032
f 6034/6034/6034 6036/6036/6036 6031/6031/6031
f 6036/6036/6036 6034/6034/6034 6035/6035/6035
f 6033/6033/6033 6031/6031/6031 6032/6032/6032
f 6025/6025/6025 6029/6029/6029 6030/6030/6030
f 6029/6029/6029 6025/6025/6025 6031/6031/6031
f 6020/6020/6020 6028/6028/6028 6023/6023/6023
f 6024/6024/6024 6026/6026/6026 6027/6027/6027
f 6024/6024/6024 6028/6028/6028 6020/6020/6020
f 6026/6026/6026 6024/6024/6024 6025/6025/6025
f 6028/6028/6028 6024/6024/6024 6027/6027/6027
f 6021/6021/6021 6020/6020/6020 6023/6023/6023
f 6022/6022/6022 6020/6020/6020 6021/6021/6021
f 6017/6017/6017 5997/5997/5997 6018/6018/6018
f 6017/6017/6017 6018/6018/6018 6019/6019/6019
f 5997/5997/5997 6017/6017/6017 5998/5998/5998
f 5997/5997/5997 5999/5999/5999 6000/6000/6000
f 6002/6002/6002 6001/6001/6001 6004/6004/6004
f 6003/6003/6003 6004/6004/6004 6005/6005/6005
f 6061/6061/6061 6057/6057/6057 6062/6062/6062
f 6006/6006/6006 6011/6011/6011 6010/6010/6010
f 6069/6069/6069 5995/5995/5995 6067/6067/6067
f 5268/5268/5268 5273/5273/5273 5314/5314/5314
f 5258/5258/5258 5250/5250/5250 5247/5247/5247
f 5257/5257/5257 5251/5251/5251 5259/5259/5259
f 5258/5258/5258 5255/5255/5255 5250/5250/5250
f 5275/5275/5275 5274/5274/5274 5276/5276/5276
f 5260/5260/5260 5259/5259/5259 5305/5305/5305
f 5249/5249/5249 5247/5247/5247 5248/5248/5248
f 5248/5248/5248 5247/5247/5247 5250/5250/5250
f 5247/5247/5247 5261/5261/5261 5262/5262/5262
f 5247/5247/5247 5249/5249/5249 5261/5261/5261
f 5265/5265/5265 5263/5263/5263 5264/5264/5264
f 5267/5267/5267 5266/5266/5266 5265/5265/5265
f 5266/5266/5266 5267/5267/5267 5268/5268/5268
f 5270/5270/5270 5263/5263/5263 5269/5269/5269
f 5263/5263/5263 5270/5270/5270 5264/5264/5264
f 5263/5263/5263 5265/5265/5265 5266/5266/5266
f 5270/5270/5270 5269/5269/5269 5271/5271/5271
f 5271/5271/5271 5269/5269/5269 5272/5272/5272
f 5268/5268/5268 5267/5267/5267 5273/5273/5273
f 5272/5272/5272 5274/5274/5274 5275/5275/5275
f 5274/5274/5274 5272/5272/5272 5269/5269/5269
f 5275/5275/5275 5276/5276/5276 5277/5277/5277
f 5277/5277/5277 5276/5276/5276 5278/5278/5278
f 5262/5262/5262 5276/5276/5276 5279/5279/5279
f 5253/5253/5253 5251/5251/5251 5252/5252/5252
f 5255/5255/5255 5254/5254/5254 5253/5253/5253
f 5254/5254/5254 5255/5255/5255 5256/5256/5256
f 5252/5252/5252 5251/5251/5251 5257/5257/5257
f 5256/5256/5256 5255/5255/5255 5258/5258/5258
f 5276/5276/5276 5262/5262/5262 5261/5261/5261
f 5279/5279/5279 5276/5276/5276 5280/5280/5280
f 5280/5280/5280 5281/5281/5281 5282/5282/5282
f 5281/5281/5281 5280/5280/5280 5276/5276/5276
f 5276/5276/5276 5261/5261/5261 5278/5278/5278
f 5285/5285/5285 5283/5283/5283 5284/5284/5284
f 5283/5283/5283 5282/5282/5282 5281/5281/5281
f 5283/5283/5283 5285/5285/5285 5282/5282/5282
f 5287/5287/5287 5284/5284/5284 5286/5286/5286
f 5286/5286/5286 5284/5284/5284 5288/5288/5288
f 5290/5290/5290 5289/5289/5289 5284/5284/5284
f 5292/5292/5292 5290/5290/5290 5291/5291/5291
f 5290/5290/5290 5292/5292/5292 5293/5293/5293
f 5292/5292/5292 5291/5291/5291 5294/5294/5294
f 5289/5289/5289 5290/5290/5290 5293/5293/5293
f 5294/5294/5294 5295/5295/5295 5296/5296/5296
f 5295/5295/5295 5294/5294/5294 5291/5291/5291
f 5284/5284/5284 5289/5289/5289 5288/5288/5288
f 5296/5296/5296 5297/5297/5297 5298/5298/5298
f 5300/5300/5300 5297/5297/5297 5299/5299/5299
f 5297/5297/5297 5300/5300/5300 5301/5301/5301
f 5303/5303/5303 5297/5297/5297 5302/5302/5302
f 5297/5297/5297 5303/5303/5303 5304/5304/5304
f 5305/5305/5305 5302/5302/5302 5260/5260/5260
f 5302/5302/5302 5305/5305/5305 5306/5306/5306
f 5302/5302/5302 5306/5306/5306 5303/5303/5303
f 5297/5297/5297 5304/5304/5304 5299/5299/5299
f 5297/5297/5297 5301/5301/5301 5298/5298/5298
f 5309/5309/5309 5307/5307/5307 5308/5308/5308
f 5307/5307/5307 5309/5309/5309 5297/5297/5297
f 5297/5297/5297 5309/5309/5309 5310/5310/5310
f 5312/5312/5312 5307/5307/5307 5311/5311/5311
f 5314/5314/5314 5313/5313/5313 5268/5268/5268
f 5316/5316/5316 5315/5315/5315 5307/5307/5307
f 5315/5315/5315 5316/5316/5316 5313/5313/5313
f 5313/5313/5313 5314/5314/5314 5315/5315/5315
f 5307/5307/5307 5315/5315/5315 5311/5311/5311
f 5307/5307/5307 5312/5312/5312 5308/5308/5308
f 5297/5297/5297 5310/5310/5310 5302/5302/5302
f 5297/5297/5297 5296/5296/5296 5295/5295/5295
f 5284/5284/5284 5287/5287/5287 5285/5285/5285
f 5251/5251/5251 5253/5253/5253 5254/5254/5254
f 5257/5257/5257 5259/5259/5259 5260/5260/5260
f 76/76/76 92/92/92 97/97/97
f 101/101/101 103/103/103 102/102/102
f 77/77/77 79/79/79 105/105/105
f 113/113/113 106/106/106 115/115/115
f 68/68/68 70/70/70 83/83/83
f 108/108/108 116/116/116 114/114/114
f 97/97/97 99/99/99 117/117/117
f 67/67/67 65/65/65 66/66/66
f 112/112/112 111/111/111 116/116/116
f 99/99/99 107/107/107 117/117/117
f 106/106/106 113/113/113 90/90/90
f 100/100/100 102/102/102 109/109/109
f 116/116/116 108/108/108 112/112/112
f 70/70/70 68/68/68 69/69/69
f 82/82/82 76/76/76 65/65/65
f 73/73/73 71/71/71 72/72/72
f 107/107/107 108/108/108 114/114/114
f 113/113/113 111/111/111 112/112/112
f 80/80/80 88/88/88 105/105/105
f 85/85/85 104/104/104 110/110/110
f 96/96/96 103/103/103 101/101/101
f 100/100/100 109/109/109 94/94/94
f 83/83/83 94/94/94 109/109/109
f 98/98/98 97/97/97 92/92/92
f 108/108/108 107/107/107 99/99/99
f 72/72/72 74/74/74 75/75/75
f 90/90/90 89/89/89 106/106/106
f 66/66/66 65/65/65 76/76/76
f 69/69/69 68/68/68 67/67/67
f 79/79/79 77/77/77 78/78/78
f 81/81/81 80/80/80 73/73/73
f 78/78/78 77/77/77 84/84/84
f 86/86/86 77/77/77 85/85/85
f 88/88/88 80/80/80 87/87/87
f 71/71/71 73/73/73 80/80/80
f 75/75/75 89/89/89 90/90/90
f 92/92/92 76/76/76 91/91/91
f 74/74/74 72/72/72 71/71/71
f 85/85/85 110/110/110 86/86/86
f 65/65/65 67/67/67 68/68/68
f 94/94/94 83/83/83 93/93/93
f 96/96/96 85/85/85 95/95/95
f 77/77/77 105/105/105 88/88/88
f 77/77/77 86/86/86 84/84/84
f 80/80/80 81/81/81 87/87/87
f 89/89/89 75/75/75 74/74/74
f 99/99/99 97/97/97 98/98/98
f 76/76/76 82/82/82 91/91/91
f 93/93/93 83/83/83 70/70/70
f 102/102/102 100/100/100 101/101/101
f 103/103/103 96/96/96 95/95/95
f 85/85/85 96/96/96 104/104/104
f 111/111/111 113/113/113 115/115/115
f 146/146/146 145/145/145 147/147/147
f 145/145/145 144/144/144 148/148/148
f 144/144/144 146/146/146 149/149/149
f 146/146/146 144/144/144 145/145/145
f 152/152/152 153/153/153 154/154/154
f 153/153/153 152/152/152 151/151/151
f 151/151/151 155/155/155 156/156/156
f 155/155/155 151/151/151 150/150/150
f 150/150/150 152/152/152 157/157/157
f 152/152/152 150/150/150 151/151/151
f 1059/1059/1059 1070/1070/1070 1057/1057/1057
f 1069/1069/1069 1059/1059/1059 1064/1064/1064
f 1067/1067/1067 1064/1064/1064 1068/1068/1068
f 1066/1066/1066 1068/1068/1068 1082/1082/1082
f 1065/1065/1065 1082/1082/1082 1068/1068/1068
f 1064/1064/1064 1065/1065/1065 1068/1068/1068
f 1075/1075/1075 1051/1051/1051 1074/1074/1074
f 1057/1057/1057 1056/1056/1056 1063/1063/1063
f 1050/1050/1050 1055/1055/1055 1051/1051/1051
f 1049/1049/1049 1051/1051/1051 1052/1052/1052
f 1071/1071/1071 1057/1057/1057 1070/1070/1070
f 1073/1073/1073 1058/1058/1058 1071/1071/1071
f 1072/1072/1072 1058/1058/1058 1073/1073/1073
f 1058/1058/1058 1072/1072/1072 1055/1055/1055
f 1057/1057/1057 1071/1071/1071 1058/1058/1058
f 1072/1072/1072 1051/1051/1051 1055/1055/1055
f 1059/1059/1059 1069/1069/1069 1070/1070/1070
f 1064/1064/1064 1067/1067/1067 1069/1069/1069
f 1068/1068/1068 1066/1066/1066 1067/1067/1067
f 1065/1065/1065 1064/1064/1064 1061/1061/1061
f 1057/1057/1057 1062/1062/1062 1059/1059/1059
f 1051/1051/1051 1076/1076/1076 1052/1052/1052
f 1076/1076/1076 1080/1080/1080 1052/1052/1052
f 1077/1077/1077 1079/1079/1079 1080/1080/1080
f 1077/1077/1077 1081/1081/1081 1078/1078/1078
f 1062/1062/1062 1057/1057/1057 1063/1063/1063
f 1060/1060/1060 1059/1059/1059 1062/1062/1062
f 1053/1053/1053 1080/1080/1080 1079/1079/1079
f 1080/1080/1080 1053/1053/1053 1052/1052/1052
f 1079/1079/1079 1077/1077/1077 1078/1078/1078
f 1051/1051/1051 1072/1072/1072 1074/1074/1074
f 1051/1051/1051 1075/1075/1075 1076/1076/1076
f 1055/1055/1055 1050/1050/1050 1054/1054/1054
f 1049/1049/1049 1052/1052/1052 1053/1053/1053
f 1051/1051/1051 1049/1049/1049 1050/1050/1050
f 1059/1059/1059 1061/1061/1061 1064/1064/1064
f 1061/1061/1061 1059/1059/1059 1060/1060/1060
f 1054/1054/1054 1058/1058/1058 1055/1055/1055
f 1058/1058/1058 1056/1056/1056 1057/1057/1057
f 1056/1056/1056 1058/1058/1058 1054/1054/1054
f 159/159/159 161/161/161 162/162/162
f 158/158/158 163/163/163 164/164/164
f 165/165/165 164/164/164 163/163/163
f 164/164/164 165/165/165 166/166/166
f 163/163/163 158/158/158 168/168/168
f 158/158/158 160/160/160 168/168/168
f 161/161/161 159/159/159 158/158/158
f 160/160/160 158/158/158 159/159/159
f 166/166/166 165/165/165 167/167/167
f 203/203/203 204/204/204 200/200/200
f 200/200/200 202/202/202 203/203/203
f 202/202/202 200/200/200 201/201/201
f 202/202/202 201/201/201 207/207/207
f 204/204/204 205/205/205 206/206/206
f 204/204/204 203/203/203 205/205/205
f 801/801/801 803/803/803 804/804/804
f 782/782/782 780/780/780 781/781/781
f 788/788/788 791/791/791 789/789/789
f 790/790/790 792/792/792 793/793/793
f 794/794/794 797/797/797 796/796/796
f 795/795/795 797/797/797 800/800/800
f 798/798/798 799/799/799 804/804/804
f 798/798/798 804/804/804 803/803/803
f 802/802/802 801/801/801 805/805/805
f 772/772/772 770/770/770 771/771/771
f 789/789/789 791/791/791 790/790/790
f 803/803/803 801/801/801 802/802/802
f 799/799/799 795/795/795 800/800/800
f 770/770/770 773/773/773 774/774/774
f 784/784/784 781/781/781 783/783/783
f 781/781/781 784/784/784 785/785/785
f 773/773/773 770/770/770 775/775/775
f 777/777/777 775/775/775 776/776/776
f 787/787/787 783/783/783 786/786/786
f 788/788/788 787/787/787 786/786/786
f 787/787/787 788/788/788 789/789/789
f 792/792/792 790/790/790 791/791/791
f 794/794/794 793/793/793 792/792/792
f 797/797/797 795/795/795 796/796/796
f 793/793/793 794/794/794 796/796/796
f 799/799/799 798/798/798 795/795/795
f 783/783/783 787/787/787 784/784/784
f 781/781/781 785/785/785 782/782/782
f 779/779/779 778/778/778 777/777/777
f 780/780/780 782/782/782 778/778/778
f 778/778/778 779/779/779 780/780/780
f 776/776/776 779/779/779 777/777/777
f 775/775/775 777/777/777 773/773/773
f 770/770/770 772/772/772 775/775/775
f 171/171/171 169/169/169 170/170/170
f 172/172/172 171/171/171 174/174/174
f 169/169/169 171/171/171 172/172/172
f 174/174/174 171/171/171 173/173/173
f 809/809/809 811/811/811 808/808/808
f 811/811/811 809/809/809 810/810/810
f 808/808/808 806/806/806 807/807/807
f 806/806/806 808/808/808 811/811/811
f 194/194/194 190/190/190 193/193/193
f 190/190/190 194/194/194 195/195/195
f 193/193/193 190/190/190 196/196/196
f 195/195/195 197/197/197 190/190/190
f 197/197/197 195/195/195 198/198/198
f 190/190/190 188/188/188 189/189/189
f 191/191/191 189/189/189 192/192/192
f 191/191/191 190/190/190 189/189/189
f 195/195/195 194/194/194 199/199/199
f 190/190/190 191/191/191 196/196/196
f 188/188/188 190/190/190 197/197/197
f 812/812/812 814/814/814 820/820/820
f 819/819/819 820/820/820 824/824/824
f 821/821/821 812/812/812 819/819/819
f 822/822/822 817/817/817 812/812/812
f 817/817/817 822/822/822 823/823/823
f 812/812/812 821/821/821 822/822/822
f 814/814/814 812/812/812 813/813/813
f 813/813/813 812/812/812 815/815/815
f 815/815/815 812/812/812 816/816/816
f 816/816/816 817/817/817 818/818/818
f 817/817/817 816/816/816 812/812/812
f 820/820/820 819/819/819 812/812/812
f 3038/3038/3038 3041/3041/3041 3039/3039/3039
f 2994/2994/2994 3043/3043/3043 3042/3042/3042
f 3058/3058/3058 3018/3018/3018 3015/3015/3015
f 3019/3019/3019 3021/3021/3021 3017/3017/3017
f 2997/2997/2997 3025/3025/3025 3023/3023/3023
f 3047/3047/3047 3049/3049/3049 3059/3059/3059
f 3048/3048/3048 3060/3060/3060 3061/3061/3061
f 3050/3050/3050 3027/3027/3027 3062/3062/3062
f 3064/3064/3064 3030/3030/3030 3063/3063/3063
f 3053/3053/3053 3030/3030/3030 3052/3052/3052
f 3031/3031/3031 3030/3030/3030 3051/3051/3051
f 3028/3028/3028 3027/3027/3027 3050/3050/3050
f 3049/3049/3049 3047/3047/3047 3048/3048/3048
f 3047/3047/3047 3046/3046/3046 3026/3026/3026
f 3030/3030/3030 3032/3032/3032 3065/3065/3065
f 3067/3067/3067 3030/3030/3030 3066/3066/3066
f 3030/3030/3030 3053/3053/3053 3068/3068/3068
f 3004/3004/3004 3034/3034/3034 3054/3054/3054
f 3012/3012/3012 3036/3036/3036 3037/3037/3037
f 3042/3042/3042 3038/3038/3038 2994/2994/2994
f 3058/3058/3058 3015/3015/3015 2994/2994/2994
f 3023/3023/3023 3024/3024/3024 2997/2997/2997
f 3060/3060/3060 3048/3048/3048 3047/3047/3047
f 3012/3012/3012 3037/3037/3037 3057/3057/3057
f 3030/3030/3030 3065/3065/3065 3063/3063/3063
f 3030/3030/3030 3068/3068/3068 3066/3066/3066
f 3055/3055/3055 3004/3004/3004 3035/3035/3035
f 3008/3008/3008 3026/3026/3026 3046/3046/3046
f 3024/3024/3024 3022/3022/3022 3045/3045/3045
f 3057/3057/3057 3037/3037/3037 3069/3069/3069
f 3018/3018/3018 3058/3058/3058 3044/3044/3044
f 3046/3046/3046 3047/3047/3047 3059/3059/3059
f 3027/3027/3027 3029/3029/3029 3070/3070/3070
f 3030/3030/3030 3067/3067/3067 3029/3029/3029
f 3013/3013/3013 3056/3056/3056 3014/3014/3014
f 3017/3017/3017 3016/3016/3016 3019/3019/3019
f 3060/3060/3060 3027/3027/3027 3071/3071/3071
f 3030/3030/3030 3064/3064/3064 3052/3052/3052
f 3037/3037/3037 3039/3039/3039 3069/3069/3069
f 3029/3029/3029 3067/3067/3067 3070/3070/3070
f 3060/3060/3060 3071/3071/3071 3061/3061/3061
f 3004/3004/3004 3033/3033/3033 3072/3072/3072
f 3022/3022/3022 3020/3020/3020 3045/3045/3045
f 3016/3016/3016 3018/3018/3018 3044/3044/3044
f 2994/2994/2994 3007/3007/3007 3043/3043/3043
f 3020/3020/3020 3022/3022/3022 3021/3021/3021
f 3021/3021/3021 3019/3019/3019 3020/3020/3020
f 3013/3013/3013 3004/3004/3004 3056/3056/3056
f 3005/3005/3005 3004/3004/3004 3055/3055/3055
f 3024/3024/3024 3023/3023/3023 3022/3022/3022
f 3062/3062/3062 3027/3027/3027 3060/3060/3060
f 3009/3009/3009 3004/3004/3004 3054/3054/3054
f 3018/3018/3018 3016/3016/3016 3017/3017/3017
f 2995/2995/2995 2994/2994/2994 3015/3015/3015
f 3014/3014/3014 3012/3012/3012 3013/3013/3013
f 3004/3004/3004 3006/3006/3006 3011/3011/3011
f 3010/3010/3010 3004/3004/3004 3009/3009/3009
f 2998/2998/2998 2997/2997/2997 3008/3008/3008
f 2994/2994/2994 3002/3002/3002 3007/3007/3007
f 3006/3006/3006 3004/3004/3004 3005/3005/3005
f 2997/2997/2997 3001/3001/3001 3003/3003/3003
f 3038/3038/3038 3042/3042/3042 3040/3040/3040
f 3041/3041/3041 3038/3038/3038 3040/3040/3040
f 3039/3039/3039 3037/3037/3037 3038/3038/3038
f 3012/3012/3012 3014/3014/3014 3036/3036/3036
f 3004/3004/3004 3013/3013/3013 3035/3035/3035
f 3004/3004/3004 3011/3011/3011 3034/3034/3034
f 3004/3004/3004 3010/3010/3010 3033/3033/3033
f 3032/3032/3032 3030/3030/3030 3031/3031/3031
f 2994/2994/2994 3000/3000/3000 3002/3002/3002
f 2997/2997/2997 2999/2999/2999 3001/3001/3001
f 2994/2994/2994 2996/2996/2996 3000/3000/3000
f 3029/3029/3029 3027/3027/3027 3028/3028/3028
f 3026/3026/3026 3008/3008/3008 2997/2997/2997
f 2997/2997/2997 3003/3003/3003 3025/3025/3025
f 2996/2996/2996 2994/2994/2994 2995/2995/2995
f 2999/2999/2999 2997/2997/2997 2998/2998/2998
f 3295/3295/3295 3413/3413/3413 3414/3414/3414
f 3259/3259/3259 3260/3260/3260 3257/3257/3257
f 3298/3298/3298 3415/3415/3415 3285/3285/3285
f 3416/3416/3416 3291/3291/3291 3285/3285/3285
f 3416/3416/3416 3285/3285/3285 3415/3415/3415
f 3291/3291/3291 3417/3417/3417 3288/3288/3288
f 3288/3288/3288 3418/3418/3418 3419/3419/3419
f 3421/3421/3421 3420/3420/3420 3289/3289/3289
f 3421/3421/3421 3289/3289/3289 3419/3419/3419
f 3262/3262/3262 3263/3263/3263 3250/3250/3250
f 3257/3257/3257 3261/3261/3261 3258/3258/3258
f 3256/3256/3256 3258/3258/3258 3268/3268/3268
f 3253/3253/3253 3255/3255/3255 3281/3281/3281
f 3250/3250/3250 3252/3252/3252 3262/3262/3262
f 3248/3248/3248 3249/3249/3249 3502/3502/3502
f 3247/3247/3247 3234/3234/3234 3233/3233/3233
f 3246/3246/3246 3244/3244/3244 3243/3243/3243
f 3413/3413/3413 3292/3292/3292 3412/3412/3412
f 3413/3413/3413 3295/3295/3295 3299/3299/3299
f 3243/3243/3243 3245/3245/3245 3247/3247/3247
f 3242/3242/3242 3236/3236/3236 3235/3235/3235
f 3241/3241/3241 3239/3239/3239 3238/3238/3238
f 3238/3238/3238 3240/3240/3240 3242/3242/3242
f 3235/3235/3235 3237/3237/3237 3246/3246/3246
f 3232/3232/3232 3234/3234/3234 3249/3249/3249
f 3231/3231/3231 3211/3211/3211 3210/3210/3210
f 3230/3230/3230 3228/3228/3228 3227/3227/3227
f 3227/3227/3227 3229/3229/3229 3231/3231/3231
f 3226/3226/3226 3220/3220/3220 3219/3219/3219
f 3225/3225/3225 3223/3223/3223 3222/3222/3222
f 3222/3222/3222 3224/3224/3224 3226/3226/3226
f 3290/3290/3290 3420/3420/3420 3422/3422/3422
f 3286/3286/3286 3422/3422/3422 3423/3423/3423
f 3287/3287/3287 3424/3424/3424 3296/3296/3296
f 3296/3296/3296 3425/3425/3425 3297/3297/3297
f 3293/3293/3293 3425/3425/3425 3426/3426/3426
f 3294/3294/3294 3426/3426/3426 3427/3427/3427
f 3302/3302/3302 3428/3428/3428 3305/3305/3305
f 3305/3305/3305 3429/3429/3429 3406/3406/3406
f 3432/3432/3432 3430/3430/3430 3431/3431/3431
f 3433/3433/3433 3432/3432/3432 3429/3429/3429
f 3430/3430/3430 3432/3432/3432 3433/3433/3433
f 3435/3435/3435 3434/3434/3434 3403/3403/3403
f 3403/3403/3403 3436/3436/3436 3404/3404/3404
f 3398/3398/3398 3436/3436/3436 3437/3437/3437
f 3396/3396/3396 3438/3438/3438 3397/3397/3397
f 3397/3397/3397 3439/3439/3439 3308/3308/3308
f 3316/3316/3316 3439/3439/3439 3440/3440/3440
f 3314/3314/3314 3440/3440/3440 3441/3441/3441
f 3315/3315/3315 3442/3442/3442 3310/3310/3310
f 3219/3219/3219 3221/3221/3221 3230/3230/3230
f 3213/3213/3213 3218/3218/3218 3214/3214/3214
f 3198/3198/3198 3175/3175/3175 3174/3174/3174
f 3399/3399/3399 3396/3396/3396 3395/3395/3395
f 3213/3213/3213 3215/3215/3215 3225/3225/3225
f 3210/3210/3210 3212/3212/3212 3241/3241/3241
f 3189/3189/3189 3198/3198/3198 3174/3174/3174
f 3182/3182/3182 3208/3208/3208 3190/3190/3190
f 3190/3190/3190 3209/3209/3209 3189/3189/3189
f 3185/3185/3185 3204/3204/3204 3181/3181/3181
f 3178/3178/3178 3206/3206/3206 3184/3184/3184
f 3184/3184/3184 3207/3207/3207 3185/3185/3185
f 3398/3398/3398 3400/3400/3400 3401/3401/3401
f 3400/3400/3400 3398/3398/3398 3399/3399/3399
f 3397/3397/3397 3395/3395/3395 3396/3396/3396
f 3394/3394/3394 3308/3308/3308 3307/3307/3307
f 3391/3391/3391 3393/3393/3393 3306/3306/3306
f 3393/3393/3393 3391/3391/3391 3392/3392/3392
f 3181/3181/3181 3205/3205/3205 3182/3182/3182
f 3310/3310/3310 3443/3443/3443 3311/3311/3311
f 3317/3317/3317 3443/3443/3443 3444/3444/3444
f 3318/3318/3318 3444/3444/3444 3445/3445/3445
f 3252/3252/3252 3318/3318/3318 3445/3445/3445
f 3252/3252/3252 3445/3445/3445 3446/3446/3446
f 3262/3262/3262 3447/3447/3447 3261/3261/3261
f 3447/3447/3447 3262/3262/3262 3446/3446/3446
f 3449/3449/3449 3261/3261/3261 3448/3448/3448
f 3258/3258/3258 3450/3450/3450 3268/3268/3268
f 3450/3450/3450 3258/3258/3258 3449/3449/3449
f 3451/3451/3451 3266/3266/3266 3268/3268/3268
f 3267/3267/3267 3452/3452/3452 3453/3453/3453
f 3270/3270/3270 3453/3453/3453 3454/3454/3454
f 3271/3271/3271 3454/3454/3454 3455/3455/3455
f 3255/3255/3255 3455/3455/3455 3456/3456/3456
f 3281/3281/3281 3456/3456/3456 3457/3457/3457
f 3277/3277/3277 3457/3457/3457 3458/3458/3458
f 3278/3278/3278 3458/3458/3458 3459/3459/3459
f 3459/3459/3459 3282/3282/3282 3278/3278/3278
f 3282/3282/3282 3459/3459/3459 3460/3460/3460
f 3313/3313/3313 3391/3391/3391 3306/3306/3306
f 3390/3390/3390 3309/3309/3309 3389/3389/3389
f 3312/3312/3312 3386/3386/3386 3309/3309/3309
f 3386/3386/3386 3312/3312/3312 3388/3388/3388
f 3387/3387/3387 3309/3309/3309 3386/3386/3386
f 3385/3385/3385 3284/3284/3284 3333/3333/3333
f 3385/3385/3385 3312/3312/3312 3284/3284/3284
f 3333/3333/3333 3384/3384/3384 3385/3385/3385
f 3334/3334/3334 3383/3383/3383 3384/3384/3384
f 3334/3334/3334 3325/3325/3325 3383/3383/3383
f 3383/3383/3383 3323/3323/3323 3381/3381/3381
f 3381/3381/3381 3321/3321/3321 3382/3382/3382
f 3321/3321/3321 3381/3381/3381 3323/3323/3323
f 3326/3326/3326 3380/3380/3380 3327/3327/3327
f 3380/3380/3380 3326/3326/3326 3379/3379/3379
f 3326/3326/3326 3378/3378/3378 3379/3379/3379
f 3304/3304/3304 3305/3305/3305 3406/3406/3406
f 3306/3306/3306 3308/3308/3308 3316/3316/3316
f 3312/3312/3312 3311/3311/3311 3317/3317/3317
f 3319/3319/3319 3376/3376/3376 3375/3375/3375
f 3376/3376/3376 3332/3332/3332 3377/3377/3377
f 3376/3376/3376 3319/3319/3319 3332/3332/3332
f 3375/3375/3375 3320/3320/3320 3319/3319/3319
f 3331/3331/3331 3373/3373/3373 3372/3372/3372
f 3373/3373/3373 3330/3330/3330 3374/3374/3374
f 3373/3373/3373 3331/3331/3331 3330/3330/3330
f 3372/3372/3372 3332/3332/3332 3331/3331/3331
f 3371/3371/3371 3329/3329/3329 3328/3328/3328
f 3329/3329/3329 3371/3371/3371 3370/3370/3370
f 3370/3370/3370 3330/3330/3330 3329/3329/3329
f 3369/3369/3369 3328/3328/3328 3172/3172/3172
f 3309/3309/3309 3315/3315/3315 3310/3310/3310
f 3368/3368/3368 3172/3172/3172 3171/3171/3171
f 3172/3172/3172 3368/3368/3368 3369/3369/3369
f 3368/3368/3368 3176/3176/3176 3367/3367/3367
f 3366/3366/3366 3186/3186/3186 3183/3183/3183
f 3186/3186/3186 3366/3366/3366 3365/3365/3365
f 3365/3365/3365 3176/3176/3176 3186/3186/3186
f 3364/3364/3364 3187/3187/3187 3180/3180/3180
f 3187/3187/3187 3364/3364/3364 3363/3363/3363
f 3363/3363/3363 3183/3183/3183 3187/3187/3187
f 3362/3362/3362 3191/3191/3191 3188/3188/3188
f 3191/3191/3191 3362/3362/3362 3361/3361/3361
f 3361/3361/3361 3180/3180/3180 3191/3191/3191
f 3173/3173/3173 3360/3360/3360 3188/3188/3188
f 3360/3360/3360 3173/3173/3173 3359/3359/3359
f 3195/3195/3195 3358/3358/3358 3359/3359/3359
f 3177/3177/3177 3203/3203/3203 3201/3201/3201
f 3179/3179/3179 3196/3196/3196 3203/3203/3203
f 3177/3177/3177 3202/3202/3202 3178/3178/3178
f 3198/3198/3198 3200/3200/3200 3217/3217/3217
f 3196/3196/3196 3197/3197/3197 3465/3465/3465
f 3195/3195/3195 3193/3193/3193 3192/3192/3192
f 3192/3192/3192 3194/3194/3194 3356/3356/3356
f 3191/3191/3191 3190/3190/3190 3188/3188/3188
f 3173/3173/3173 3189/3189/3189 3174/3174/3174
f 3187/3187/3187 3181/3181/3181 3180/3180/3180
f 3186/3186/3186 3184/3184/3184 3183/3183/3183
f 3183/3183/3183 3185/3185/3185 3187/3187/3187
f 3356/3356/3356 3358/3358/3358 3192/3192/3192
f 3355/3355/3355 3213/3213/3213 3357/3357/3357
f 3356/3356/3356 3213/3213/3213 3355/3355/3355
f 3225/3225/3225 3353/3353/3353 3352/3352/3352
f 3353/3353/3353 3222/3222/3222 3354/3354/3354
f 3353/3353/3353 3225/3225/3225 3222/3222/3222
f 3352/3352/3352 3213/3213/3213 3225/3225/3225
f 3351/3351/3351 3226/3226/3226 3350/3350/3350
f 3226/3226/3226 3351/3351/3351 3222/3222/3222
f 3219/3219/3219 3350/3350/3350 3226/3226/3226
f 3230/3230/3230 3348/3348/3348 3349/3349/3349
f 3172/3172/3172 3170/3170/3170 3171/3171/3171
f 3175/3175/3175 3173/3173/3173 3174/3174/3174
f 3178/3178/3178 3176/3176/3176 3177/3177/3177
f 3179/3179/3179 3171/3171/3171 3170/3170/3170
f 3171/3171/3171 3179/3179/3179 3176/3176/3176
f 3182/3182/3182 3180/3180/3180 3181/3181/3181
f 3185/3185/3185 3183/3183/3183 3184/3184/3184
f 3184/3184/3184 3186/3186/3186 3178/3178/3178
f 3181/3181/3181 3187/3187/3187 3185/3185/3185
f 3189/3189/3189 3173/3173/3173 3188/3188/3188
f 3189/3189/3189 3188/3188/3188 3190/3190/3190
f 3190/3190/3190 3191/3191/3191 3182/3182/3182
f 3194/3194/3194 3192/3192/3192 3193/3193/3193
f 3193/3193/3193 3195/3195/3195 3175/3175/3175
f 3197/3197/3197 3196/3196/3196 3170/3170/3170
f 3200/3200/3200 3198/3198/3198 3199/3199/3199
f 3202/3202/3202 3177/3177/3177 3201/3201/3201
f 3196/3196/3196 3179/3179/3179 3170/3170/3170
f 3203/3203/3203 3177/3177/3177 3179/3179/3179
f 3205/3205/3205 3181/3181/3181 3204/3204/3204
f 3207/3207/3207 3184/3184/3184 3206/3206/3206
f 3206/3206/3206 3178/3178/3178 3202/3202/3202
f 3204/3204/3204 3185/3185/3185 3207/3207/3207
f 3209/3209/3209 3190/3190/3190 3208/3208/3208
f 3208/3208/3208 3182/3182/3182 3205/3205/3205
f 3199/3199/3199 3189/3189/3189 3209/3209/3209
f 3189/3189/3189 3199/3199/3199 3198/3198/3198
f 3227/3227/3227 3347/3347/3347 3348/3348/3348
f 3212/3212/3212 3210/3210/3210 3211/3211/3211
f 3215/3215/3215 3213/3213/3213 3214/3214/3214
f 3193/3193/3193 3216/3216/3216 3194/3194/3194
f 3216/3216/3216 3193/3193/3193 3217/3217/3217
f 3175/3175/3175 3217/3217/3217 3193/3193/3193
f 3217/3217/3217 3175/3175/3175 3198/3198/3198
f 3218/3218/3218 3213/3213/3213 3194/3194/3194
f 3218/3218/3218 3194/3194/3194 3216/3216/3216
f 3221/3221/3221 3219/3219/3219 3220/3220/3220
f 3224/3224/3224 3222/3222/3222 3223/3223/3223
f 3223/3223/3223 3225/3225/3225 3215/3215/3215
f 3220/3220/3220 3226/3226/3226 3224/3224/3224
f 3229/3229/3229 3227/3227/3227 3228/3228/3228
f 3228/3228/3228 3230/3230/3230 3221/3221/3221
f 3211/3211/3211 3231/3231/3231 3229/3229/3229
f 3234/3234/3234 3232/3232/3232 3233/3233/3233
f 3237/3237/3237 3235/3235/3235 3236/3236/3236
f 3240/3240/3240 3238/3238/3238 3239/3239/3239
f 3239/3239/3239 3241/3241/3241 3212/3212/3212
f 3236/3236/3236 3242/3242/3242 3240/3240/3240
f 3245/3245/3245 3243/3243/3243 3244/3244/3244
f 3244/3244/3244 3246/3246/3246 3237/3237/3237
f 3234/3234/3234 3247/3247/3247 3245/3245/3245
f 3249/3249/3249 3248/3248/3248 3232/3232/3232
f 3252/3252/3252 3250/3250/3250 3251/3251/3251
f 3255/3255/3255 3253/3253/3253 3254/3254/3254
f 3258/3258/3258 3256/3256/3256 3257/3257/3257
f 3257/3257/3257 3256/3256/3256 3259/3259/3259
f 3261/3261/3261 3257/3257/3257 3260/3260/3260
f 3263/3263/3263 3262/3262/3262 3260/3260/3260
f 3260/3260/3260 3262/3262/3262 3261/3261/3261
f 3260/3260/3260 3259/3259/3259 3263/3263/3263
f 3398/3398/3398 3510/3510/3510 3404/3404/3404
f 3264/3264/3264 3266/3266/3266 3267/3267/3267
f 3268/3268/3268 3265/3265/3265 3256/3256/3256
f 3270/3270/3270 3269/3269/3269 3264/3264/3264
f 3271/3271/3271 3254/3254/3254 3269/3269/3269
f 3273/3273/3273 3197/3197/3197 3272/3272/3272
f 3276/3276/3276 3274/3274/3274 3275/3275/3275
f 3282/3282/3282 3461/3461/3461 3274/3274/3274
f 3274/3274/3274 3462/3462/3462 3273/3273/3273
f 3464/3464/3464 3273/3273/3273 3463/3463/3463
f 3273/3273/3273 3464/3464/3464 3465/3465/3465
f 3463/3463/3463 3273/3273/3273 3462/3462/3462
f 3465/3465/3465 3466/3466/3466 3196/3196/3196
f 3203/3203/3203 3466/3466/3466 3467/3467/3467
f 3468/3468/3468 3203/3203/3203 3467/3467/3467
f 3203/3203/3203 3468/3468/3468 3201/3201/3201
f 3201/3201/3201 3469/3469/3469 3202/3202/3202
f 3202/3202/3202 3470/3470/3470 3206/3206/3206
f 3472/3472/3472 3206/3206/3206 3471/3471/3471
f 3292/3292/3292 3413/3413/3413 3299/3299/3299
f 3473/3473/3473 3204/3204/3204 3207/3207/3207
f 3473/3473/3473 3207/3207/3207 3474/3474/3474
f 3474/3474/3474 3207/3207/3207 3472/3472/3472
f 3475/3475/3475 3205/3205/3205 3204/3204/3204
f 3475/3475/3475 3204/3204/3204 3476/3476/3476
f 3477/3477/3477 3208/3208/3208 3205/3205/3205
f 3477/3477/3477 3205/3205/3205 3478/3478/3478
f 3180/3180/3180 3182/3182/3182 3191/3191/3191
f 3176/3176/3176 3179/3179/3179 3177/3177/3177
f 3176/3176/3176 3178/3178/3178 3186/3186/3186
f 3279/3279/3279 3277/3277/3277 3278/3278/3278
f 3281/3281/3281 3280/3280/3280 3253/3253/3253
f 3279/3279/3279 3282/3282/3282 3276/3276/3276
f 3173/3173/3173 3175/3175/3175 3195/3195/3195
f 3170/3170/3170 3172/3172/3172 3197/3197/3197
f 3295/3295/3295 3414/3414/3414 3298/3298/3298
f 3415/3415/3415 3298/3298/3298 3414/3414/3414
f 3291/3291/3291 3416/3416/3416 3508/3508/3508
f 3417/3417/3417 3291/3291/3291 3508/3508/3508
f 3418/3418/3418 3288/3288/3288 3417/3417/3417
f 3275/3275/3275 3273/3273/3273 3272/3272/3272
f 3251/3251/3251 3283/3283/3283 3284/3284/3284
f 3287/3287/3287 3285/3285/3285 3286/3286/3286
f 3290/3290/3290 3288/3288/3288 3289/3289/3289
f 3286/3286/3286 3291/3291/3291 3290/3290/3290
f 3294/3294/3294 3292/3292/3292 3293/3293/3293
f 3297/3297/3297 3295/3295/3295 3296/3296/3296
f 3296/3296/3296 3298/3298/3298 3287/3287/3287
f 3293/3293/3293 3299/3299/3299 3297/3297/3297
f 3302/3302/3302 3300/3300/3300 3301/3301/3301
f 3302/3302/3302 3303/3303/3303 3294/3294/3294
f 3305/3305/3305 3304/3304/3304 3300/3300/3300
f 3308/3308/3308 3306/3306/3306 3307/3307/3307
f 3311/3311/3311 3309/3309/3309 3310/3310/3310
f 3309/3309/3309 3311/3311/3311 3312/3312/3312
f 3315/3315/3315 3313/3313/3313 3314/3314/3314
f 3313/3313/3313 3315/3315/3315 3309/3309/3309
f 3316/3316/3316 3313/3313/3313 3306/3306/3306
f 3318/3318/3318 3312/3312/3312 3317/3317/3317
f 3312/3312/3312 3318/3318/3318 3284/3284/3284
f 3254/3254/3254 3319/3319/3319 3320/3320/3320
f 3322/3322/3322 3256/3256/3256 3321/3321/3321
f 3322/3322/3322 3321/3321/3321 3323/3323/3323
f 3263/3263/3263 3322/3322/3322 3324/3324/3324
f 3324/3324/3324 3283/3283/3283 3250/3250/3250
f 3324/3324/3324 3250/3250/3250 3263/3263/3263
f 3325/3325/3325 3324/3324/3324 3322/3322/3322
f 3325/3325/3325 3322/3322/3322 3323/3323/3323
f 3313/3313/3313 3316/3316/3316 3314/3314/3314
f 3284/3284/3284 3318/3318/3318 3251/3251/3251
f 3288/3288/3288 3419/3419/3419 3289/3289/3289
f 3420/3420/3420 3421/3421/3421 3507/3507/3507
f 3420/3420/3420 3290/3290/3290 3289/3289/3289
f 3422/3422/3422 3286/3286/3286 3290/3290/3290
f 3286/3286/3286 3423/3423/3423 3287/3287/3287
f 3424/3424/3424 3287/3287/3287 3423/3423/3423
f 3425/3425/3425 3296/3296/3296 3424/3424/3424
f 3425/3425/3425 3293/3293/3293 3297/3297/3297
f 3426/3426/3426 3294/3294/3294 3293/3293/3293
f 3319/3319/3319 3254/3254/3254 3253/3253/3253
f 3256/3256/3256 3322/3322/3322 3259/3259/3259
f 3322/3322/3322 3263/3263/3263 3259/3259/3259
f 3480/3480/3480 3208/3208/3208 3479/3479/3479
f 3481/3481/3481 3209/3209/3209 3480/3480/3480
f 3482/3482/3482 3200/3200/3200 3199/3199/3199
f 3482/3482/3482 3199/3199/3199 3481/3481/3481
f 3484/3484/3484 3200/3200/3200 3483/3483/3483
f 3216/3216/3216 3485/3485/3485 3218/3218/3218
f 3214/3214/3214 3485/3485/3485 3486/3486/3486
f 3398/3398/3398 3401/3401/3401 3510/3510/3510
f 3511/3511/3511 3401/3401/3401 3400/3400/3400
f 3395/3395/3395 3397/3397/3397 3394/3394/3394
f 3308/3308/3308 3394/3394/3394 3397/3397/3397
f 3393/3393/3393 3394/3394/3394 3307/3307/3307
f 3306/3306/3306 3393/3393/3393 3307/3307/3307
f 3391/3391/3391 3313/3313/3313 3390/3390/3390
f 3309/3309/3309 3390/3390/3390 3313/3313/3313
f 3309/3309/3309 3387/3387/3387 3389/3389/3389
f 3312/3312/3312 3385/3385/3385 3388/3388/3388
f 3384/3384/3384 3333/3333/3333 3334/3334/3334
f 3325/3325/3325 3334/3334/3334 3512/3512/3512
f 3323/3323/3323 3383/3383/3383 3325/3325/3325
f 3215/3215/3215 3486/3486/3486 3487/3487/3487
f 3223/3223/3223 3488/3488/3488 3224/3224/3224
f 3224/3224/3224 3489/3489/3489 3220/3220/3220
f 3221/3221/3221 3489/3489/3489 3490/3490/3490
f 3283/3283/3283 3324/3324/3324 3512/3512/3512
f 3324/3324/3324 3325/3325/3325 3512/3512/3512
f 3326/3326/3326 3265/3265/3265 3264/3264/3264
f 3327/3327/3327 3256/3256/3256 3265/3265/3265
f 3320/3320/3320 3269/3269/3269 3254/3254/3254
f 3172/3172/3172 3272/3272/3272 3197/3197/3197
f 3275/3275/3275 3330/3330/3330 3276/3276/3276
f 3280/3280/3280 3331/3331/3331 3332/3332/3332
f 3332/3332/3332 3253/3253/3253 3280/3280/3280
f 3276/3276/3276 3331/3331/3331 3279/3279/3279
f 3272/3272/3272 3329/3329/3329 3275/3275/3275
f 3334/3334/3334 3283/3283/3283 3512/3512/3512
f 3335/3335/3335 3248/3248/3248 3502/3502/3502
f 3337/3337/3337 3248/3248/3248 3336/3336/3336
f 3338/3338/3338 3232/3232/3232 3248/3248/3248
f 3228/3228/3228 3490/3490/3490 3491/3491/3491
f 3229/3229/3229 3491/3491/3491 3492/3492/3492
f 3211/3211/3211 3493/3493/3493 3212/3212/3212
f 3212/3212/3212 3494/3494/3494 3239/3239/3239
f 3239/3239/3239 3495/3495/3495 3240/3240/3240
f 3236/3236/3236 3495/3495/3495 3496/3496/3496
f 3237/3237/3237 3496/3496/3496 3497/3497/3497
f 3498/3498/3498 3244/3244/3244 3497/3497/3497
f 3245/3245/3245 3499/3499/3499 3234/3234/3234
f 3234/3234/3234 3500/3500/3500 3249/3249/3249
f 3249/3249/3249 3501/3501/3501 3502/3502/3502
f 3232/3232/3232 3339/3339/3339 3233/3233/3233
f 3340/3340/3340 3233/3233/3233 3339/3339/3339
f 3501/3501/3501 3335/3335/3335 3502/3502/3502
f 3335/3335/3335 3501/3501/3501 3503/3503/3503
f 3501/3501/3501 3249/3249/3249 3500/3500/3500
f 3500/3500/3500 3234/3234/3234 3499/3499/3499
f 3499/3499/3499 3245/3245/3245 3498/3498/3498
f 3244/3244/3244 3498/3498/3498 3245/3245/3245
f 3237/3237/3237 3497/3497/3497 3244/3244/3244
f 3496/3496/3496 3237/3237/3237 3236/3236/3236
f 3495/3495/3495 3236/3236/3236 3240/3240/3240
f 3495/3495/3495 3239/3239/3239 3494/3494/3494
f 3494/3494/3494 3212/3212/3212 3493/3493/3493
f 3493/3493/3493 3211/3211/3211 3492/3492/3492
f 3341/3341/3341 3247/3247/3247 3340/3340/3340
f 3341/3341/3341 3246/3246/3246 3243/3243/3243
f 3294/3294/3294 3427/3427/3427 3302/3302/3302
f 3229/3229/3229 3492/3492/3492 3211/3211/3211
f 3491/3491/3491 3229/3229/3229 3228/3228/3228
f 3490/3490/3490 3228/3228/3228 3221/3221/3221
f 3489/3489/3489 3221/3221/3221 3220/3220/3220
f 3428/3428/3428 3302/3302/3302 3427/3427/3427
f 3429/3429/3429 3305/3305/3305 3428/3428/3428
f 3429/3429/3429 3432/3432/3432 3406/3406/3406
f 3489/3489/3489 3224/3224/3224 3488/3488/3488
f 3488/3488/3488 3223/3223/3223 3487/3487/3487
f 3215/3215/3215 3487/3487/3487 3223/3223/3223
f 3486/3486/3486 3215/3215/3215 3214/3214/3214
f 3485/3485/3485 3214/3214/3214 3218/3218/3218
f 3485/3485/3485 3216/3216/3216 3484/3484/3484
f 3200/3200/3200 3484/3484/3484 3216/3216/3216
f 3200/3200/3200 3482/3482/3482 3483/3483/3483
f 3209/3209/3209 3481/3481/3481 3199/3199/3199
f 3208/3208/3208 3480/3480/3480 3209/3209/3209
f 3208/3208/3208 3477/3477/3477 3479/3479/3479
f 3205/3205/3205 3475/3475/3475 3478/3478/3478
f 3204/3204/3204 3473/3473/3473 3476/3476/3476
f 3342/3342/3342 3235/3235/3235 3246/3246/3246
f 3206/3206/3206 3472/3472/3472 3207/3207/3207
f 3470/3470/3470 3202/3202/3202 3469/3469/3469
f 3469/3469/3469 3201/3201/3201 3504/3504/3504
f 3201/3201/3201 3468/3468/3468 3504/3504/3504
f 3466/3466/3466 3203/3203/3203 3196/3196/3196
f 3466/3466/3466 3465/3465/3465 3505/3505/3505
f 3465/3465/3465 3464/3464/3464 3505/3505/3505
f 3462/3462/3462 3274/3274/3274 3461/3461/3461
f 3461/3461/3461 3282/3282/3282 3506/3506/3506
f 3282/3282/3282 3460/3460/3460 3506/3506/3506
f 3458/3458/3458 3278/3278/3278 3277/3277/3277
f 3457/3457/3457 3277/3277/3277 3281/3281/3281
f 3456/3456/3456 3281/3281/3281 3255/3255/3255
f 3455/3455/3455 3255/3255/3255 3271/3271/3271
f 3454/3454/3454 3271/3271/3271 3270/3270/3270
f 3453/3453/3453 3270/3270/3270 3267/3267/3267
f 3452/3452/3452 3267/3267/3267 3266/3266/3266
f 3266/3266/3266 3451/3451/3451 3452/3452/3452
f 3268/3268/3268 3450/3450/3450 3451/3451/3451
f 3261/3261/3261 3449/3449/3449 3258/3258/3258
f 3261/3261/3261 3447/3447/3447 3448/3448/3448
f 3265/3265/3265 3326/3326/3326 3327/3327/3327
f 3256/3256/3256 3327/3327/3327 3321/3321/3321
f 3430/3430/3430 3434/3434/3434 3431/3431/3431
f 3434/3434/3434 3435/3435/3435 3431/3431/3431
f 3436/3436/3436 3403/3403/3403 3434/3434/3434
f 3436/3436/3436 3398/3398/3398 3404/3404/3404
f 3398/3398/3398 3437/3437/3437 3396/3396/3396
f 3438/3438/3438 3396/3396/3396 3437/3437/3437
f 3439/3439/3439 3397/3397/3397 3438/3438/3438
f 3439/3439/3439 3316/3316/3316 3308/3308/3308
f 3440/3440/3440 3314/3314/3314 3316/3316/3316
f 3314/3314/3314 3441/3441/3441 3315/3315/3315
f 3442/3442/3442 3315/3315/3315 3441/3441/3441
f 3443/3443/3443 3310/3310/3310 3442/3442/3442
f 3443/3443/3443 3317/3317/3317 3311/3311/3311
f 3444/3444/3444 3318/3318/3318 3317/3317/3317
f 3318/3318/3318 3252/3252/3252 3251/3251/3251
f 3252/3252/3252 3446/3446/3446 3262/3262/3262
f 3264/3264/3264 3320/3320/3320 3326/3326/3326
f 3320/3320/3320 3264/3264/3264 3269/3269/3269
f 3272/3272/3272 3172/3172/3172 3328/3328/3328
f 3330/3330/3330 3275/3275/3275 3329/3329/3329
f 3331/3331/3331 3280/3280/3280 3279/3279/3279
f 3253/3253/3253 3332/3332/3332 3319/3319/3319
f 3331/3331/3331 3276/3276/3276 3330/3330/3330
f 3329/3329/3329 3272/3272/3272 3328/3328/3328
f 3283/3283/3283 3333/3333/3333 3284/3284/3284
f 3382/3382/3382 3321/3321/3321 3327/3327/3327
f 3327/3327/3327 3380/3380/3380 3382/3382/3382
f 3378/3378/3378 3326/3326/3326 3320/3320/3320
f 3320/3320/3320 3375/3375/3375 3378/3378/3378
f 3265/3265/3265 3268/3268/3268 3266/3266/3266
f 3269/3269/3269 3270/3270/3270 3271/3271/3271
f 3254/3254/3254 3271/3271/3271 3255/3255/3255
f 3197/3197/3197 3273/3273/3273 3465/3465/3465
f 3274/3274/3274 3276/3276/3276 3282/3282/3282
f 3277/3277/3277 3279/3279/3279 3280/3280/3280
f 3280/3280/3280 3281/3281/3281 3277/3277/3277
f 3282/3282/3282 3279/3279/3279 3278/3278/3278
f 3273/3273/3273 3275/3275/3275 3274/3274/3274
f 3283/3283/3283 3251/3251/3251 3250/3250/3250
f 3285/3285/3285 3287/3287/3287 3298/3298/3298
f 3396/3396/3396 3399/3399/3399 3398/3398/3398
f 3404/3404/3404 3402/3402/3402 3403/3403/3403
f 3406/3406/3406 3405/3405/3405 3304/3304/3304
f 3303/3303/3303 3302/3302/3302 3301/3301/3301
f 3180/3180/3180 3361/3361/3361 3364/3364/3364
f 3183/3183/3183 3363/3363/3363 3366/3366/3366
f 3176/3176/3176 3365/3365/3365 3367/3367/3367
f 3176/3176/3176 3368/3368/3368 3171/3171/3171
f 3328/3328/3328 3369/3369/3369 3371/3371/3371
f 3304/3304/3304 3407/3407/3407 3408/3408/3408
f 3333/3333/3333 3283/3283/3283 3334/3334/3334
f 3248/3248/3248 3335/3335/3335 3336/3336/3336
f 3248/3248/3248 3337/3337/3337 3338/3338/3338
f 3232/3232/3232 3338/3338/3338 3339/3339/3339
f 3233/3233/3233 3340/3340/3340 3247/3247/3247
f 3343/3343/3343 3242/3242/3242 3235/3235/3235
f 3242/3242/3242 3344/3344/3344 3238/3238/3238
f 3345/3345/3345 3238/3238/3238 3344/3344/3344
f 3346/3346/3346 3241/3241/3241 3345/3345/3345
f 3346/3346/3346 3231/3231/3231 3210/3210/3210
f 3347/3347/3347 3227/3227/3227 3231/3231/3231
f 3348/3348/3348 3230/3230/3230 3227/3227/3227
f 3230/3230/3230 3349/3349/3349 3219/3219/3219
f 3350/3350/3350 3219/3219/3219 3349/3349/3349
f 3222/3222/3222 3351/3351/3351 3354/3354/3354
f 3303/3303/3303 3412/3412/3412 3292/3292/3292
f 3411/3411/3411 3301/3301/3301 3410/3410/3410
f 3300/3300/3300 3409/3409/3409 3301/3301/3301
f 3264/3264/3264 3267/3267/3267 3270/3270/3270
f 3412/3412/3412 3303/3303/3303 3411/3411/3411
f 3301/3301/3301 3411/3411/3411 3303/3303/3303
f 3301/3301/3301 3409/3409/3409 3410/3410/3410
f 3304/3304/3304 3408/3408/3408 3300/3300/3300
f 3408/3408/3408 3407/3407/3407 3509/3509/3509
f 3405/3405/3405 3406/3406/3406 3432/3432/3432
f 3402/3402/3402 3435/3435/3435 3403/3403/3403
f 3471/3471/3471 3206/3206/3206 3470/3470/3470
f 3402/3402/3402 3404/3404/3404 3510/3510/3510
f 3407/3407/3407 3304/3304/3304 3405/3405/3405
f 3409/3409/3409 3300/3300/3300 3408/3408/3408
f 3330/3330/3330 3370/3370/3370 3374/3374/3374
f 3332/3332/3332 3372/3372/3372 3377/3377/3377
f 3300/3300/3300 3302/3302/3302 3305/3305/3305
f 3299/3299/3299 3293/3293/3293 3292/3292/3292
f 3298/3298/3298 3296/3296/3296 3295/3295/3295
f 3295/3295/3295 3297/3297/3297 3299/3299/3299
f 3292/3292/3292 3294/3294/3294 3303/3303/3303
f 3291/3291/3291 3286/3286/3286 3285/3285/3285
f 3266/3266/3266 3264/3264/3264 3265/3265/3265
f 3288/3288/3288 3290/3290/3290 3291/3291/3291
f 3213/3213/3213 3352/3352/3352 3357/3357/3357
f 3213/3213/3213 3356/3356/3356 3194/3194/3194
f 3358/3358/3358 3356/3356/3356 3355/3355/3355
f 3247/3247/3247 3341/3341/3341 3243/3243/3243
f 3246/3246/3246 3341/3341/3341 3342/3342/3342
f 3235/3235/3235 3342/3342/3342 3343/3343/3343
f 3242/3242/3242 3343/3343/3343 3344/3344/3344
f 3238/3238/3238 3345/3345/3345 3241/3241/3241
f 3241/3241/3241 3346/3346/3346 3210/3210/3210
f 3231/3231/3231 3346/3346/3346 3347/3347/3347
f 3358/3358/3358 3195/3195/3195 3192/3192/3192
f 3195/3195/3195 3359/3359/3359 3173/3173/3173
f 3216/3216/3216 3217/3217/3217 3200/3200/3200
f 3188/3188/3188 3360/3360/3360 3362/3362/3362
f 522/522/522 520/520/520 521/521/521
f 526/526/526 525/525/525 523/523/523
f 524/524/524 523/523/523 525/525/525
f 521/521/521 524/524/524 522/522/522
f 520/520/520 522/522/522 530/530/530
f 525/525/525 526/526/526 529/529/529
f 524/524/524 521/521/521 523/523/523
f 527/527/527 529/529/529 526/526/526
f 529/529/529 527/527/527 528/528/528
f 248/248/248 246/246/246 247/247/247
f 248/248/248 247/247/247 249/249/249
f 249/249/249 247/247/247 250/250/250
f 247/247/247 251/251/251 250/250/250
f 251/251/251 247/247/247 252/252/252
f 246/246/246 248/248/248 253/253/253
f 1230/1230/1230 1235/1235/1235 1231/1231/1231
f 1230/1230/1230 1236/1236/1236 1237/1237/1237
f 1230/1230/1230 1229/1229/1229 1236/1236/1236
f 1232/1232/1232 1231/1231/1231 1233/1233/1233
f 1235/1235/1235 1230/1230/1230 1234/1234/1234
f 1229/1229/1229 1231/1231/1231 1232/1232/1232
f 1231/1231/1231 1229/1229/1229 1230/1230/1230
f 1263/1263/1263 1262/1262/1262 1266/1266/1266
f 1264/1264/1264 1261/1261/1261 1260/1260/1260
f 1260/1260/1260 1262/1262/1262 1263/1263/1263
f 1261/1261/1261 1264/1264/1264 1265/1265/1265
f 1262/1262/1262 1260/1260/1260 1261/1261/1261
f 265/265/265 268/268/268 270/270/270
f 265/265/265 267/267/267 268/268/268
f 267/267/267 264/264/264 269/269/269
f 267/267/267 265/265/265 264/264/264
f 264/264/264 266/266/266 271/271/271
f 266/266/266 264/264/264 265/265/265
f 187/187/187 177/177/177 176/176/176
f 178/178/178 181/181/181 186/186/186
f 177/177/177 175/175/175 176/176/176
f 180/180/180 178/178/178 179/179/179
f 178/178/178 180/180/180 181/181/181
f 182/182/182 179/179/179 175/175/175
f 179/179/179 182/182/182 180/180/180
f 175/175/175 177/177/177 182/182/182
f 179/179/179 183/183/183 185/185/185
f 183/183/183 178/178/178 184/184/184
f 183/183/183 179/179/179 178/178/178
f 122/122/122 119/119/119 121/121/121
f 136/136/136 138/138/138 139/139/139
f 138/138/138 140/140/140 139/139/139
f 134/134/134 133/133/133 137/137/137
f 131/131/131 134/134/134 132/132/132
f 140/140/140 138/138/138 141/141/141
f 138/138/138 136/136/136 135/135/135
f 131/131/131 130/130/130 142/142/142
f 130/130/130 128/128/128 142/142/142
f 126/126/126 129/129/129 127/127/127
f 126/126/126 124/124/124 123/123/123
f 123/123/123 125/125/125 121/121/121
f 122/122/122 121/121/121 125/125/125
f 119/119/119 122/122/122 120/120/120
f 118/118/118 120/120/120 143/143/143
f 137/137/137 135/135/135 136/136/136
f 134/134/134 131/131/131 133/133/133
f 130/130/130 131/131/131 132/132/132
f 128/128/128 130/130/130 129/129/129
f 129/129/129 126/126/126 128/128/128
f 124/124/124 126/126/126 127/127/127
f 125/125/125 123/123/123 124/124/124
f 120/120/120 118/118/118 119/119/119
f 135/135/135 137/137/137 133/133/133
f 561/561/561 564/564/564 565/565/565
f 561/561/561 563/563/563 564/564/564
f 563/563/563 561/561/561 562/562/562
f 561/561/561 565/565/565 566/566/566
f 531/531/531 533/533/533 534/534/534
f 533/533/533 531/531/531 532/532/532
f 557/557/557 559/559/559 560/560/560
f 559/559/559 557/557/557 556/556/556
f 556/556/556 558/558/558 554/554/554
f 555/555/555 554/554/554 558/558/558
f 552/552/552 555/555/555 553/553/553
f 552/552/552 550/550/550 549/549/549
f 558/558/558 556/556/556 557/557/557
f 540/540/540 538/538/538 539/539/539
f 542/542/542 538/538/538 541/541/541
f 545/545/545 543/543/543 544/544/544
f 544/544/544 546/546/546 547/547/547
f 548/548/548 547/547/547 546/546/546
f 551/551/551 549/549/549 550/550/550
f 546/546/546 544/544/544 543/543/543
f 549/549/549 551/551/551 548/548/548
f 537/537/537 535/535/535 536/536/536
f 555/555/555 552/552/552 554/554/554
f 550/550/550 552/552/552 553/553/553
f 535/535/535 537/537/537 540/540/540
f 538/538/538 540/540/540 537/537/537
f 538/538/538 542/542/542 539/539/539
f 542/542/542 541/541/541 545/545/545
f 543/543/543 545/545/545 541/541/541
f 547/547/547 548/548/548 551/551/551
f 1094/1094/1094 1092/1092/1092 1093/1093/1093
f 1096/1096/1096 1095/1095/1095 1093/1093/1093
f 1099/1099/1099 1097/1097/1097 1098/1098/1098
f 1090/1090/1090 1086/1086/1086 1091/1091/1091
f 1090/1090/1090 1089/1089/1089 1086/1086/1086
f 1092/1092/1092 1094/1094/1094 1089/1089/1089
f 1095/1095/1095 1096/1096/1096 1099/1099/1099
f 1085/1085/1085 1083/1083/1083 1084/1084/1084
f 1088/1088/1088 1086/1086/1086 1087/1087/1087
f 1086/1086/1086 1088/1088/1088 1091/1091/1091
f 1085/1085/1085 1088/1088/1088 1087/1087/1087
f 1083/1083/1083 1085/1085/1085 1087/1087/1087
f 1097/1097/1097 1099/1099/1099 1096/1096/1096
f 1094/1094/1094 1093/1093/1093 1095/1095/1095
f 1089/1089/1089 1090/1090/1090 1092/1092/1092
f 1169/1169/1169 1168/1168/1168 1166/1166/1166
f 1174/1174/1174 1176/1176/1176 1173/1173/1173
f 1179/1179/1179 1180/1180/1180 1183/1183/1183
f 1181/1181/1181 1182/1182/1182 1185/1185/1185
f 1184/1184/1184 1185/1185/1185 1186/1186/1186
f 1156/1156/1156 1155/1155/1155 1212/1212/1212
f 1157/1157/1157 1159/1159/1159 1154/1154/1154
f 1158/1158/1158 1161/1161/1161 1159/1159/1159
f 1186/1186/1186 1189/1189/1189 1187/1187/1187
f 1191/1191/1191 1193/1193/1193 1190/1190/1190
f 1196/1196/1196 1198/1198/1198 1199/1199/1199
f 1201/1201/1201 1200/1200/1200 1202/1202/1202
f 1204/1204/1204 1203/1203/1203 1205/1205/1205
f 1207/1207/1207 1209/1209/1209 1210/1210/1210
f 1207/1207/1207 1210/1210/1210 1211/1211/1211
f 1206/1206/1206 1208/1208/1208 1207/1207/1207
f 1208/1208/1208 1206/1206/1206 1205/1205/1205
f 1209/1209/1209 1207/1207/1207 1208/1208/1208
f 1204/1204/1204 1205/1205/1205 1206/1206/1206
f 1201/1201/1201 1203/1203/1203 1204/1204/1204
f 1203/1203/1203 1201/1201/1201 1202/1202/1202
f 1196/1196/1196 1200/1200/1200 1201/1201/1201
f 1200/1200/1200 1196/1196/1196 1199/1199/1199
f 1196/1196/1196 1197/1197/1197 1198/1198/1198
f 1197/1197/1197 1194/1194/1194 1195/1195/1195
f 1197/1197/1197 1196/1196/1196 1194/1194/1194
f 1194/1194/1194 1192/1192/1192 1195/1195/1195
f 1192/1192/1192 1194/1194/1194 1193/1193/1193
f 1193/1193/1193 1191/1191/1191 1192/1192/1192
f 1190/1190/1190 1188/1188/1188 1191/1191/1191
f 1188/1188/1188 1190/1190/1190 1189/1189/1189
f 1189/1189/1189 1186/1186/1186 1188/1188/1188
f 1184/1184/1184 1186/1186/1186 1187/1187/1187
f 1185/1185/1185 1184/1184/1184 1181/1181/1181
f 1182/1182/1182 1179/1179/1179 1183/1183/1183
f 1182/1182/1182 1181/1181/1181 1179/1179/1179
f 1180/1180/1180 1177/1177/1177 1178/1178/1178
f 1180/1180/1180 1179/1179/1179 1177/1177/1177
f 1177/1177/1177 1175/1175/1175 1178/1178/1178
f 1175/1175/1175 1177/1177/1177 1176/1176/1176
f 1176/1176/1176 1174/1174/1174 1175/1175/1175
f 1173/1173/1173 1171/1171/1171 1174/1174/1174
f 1171/1171/1171 1173/1173/1173 1172/1172/1172
f 1169/1169/1169 1172/1172/1172 1170/1170/1170
f 1172/1172/1172 1169/1169/1169 1171/1171/1171
f 1168/1168/1168 1169/1169/1169 1170/1170/1170
f 1167/1167/1167 1166/1166/1166 1168/1168/1168
f 1162/1162/1162 1160/1160/1160 1165/1165/1165
f 1167/1167/1167 1163/1163/1163 1166/1166/1166
f 1163/1163/1163 1162/1162/1162 1165/1165/1165
f 1162/1162/1162 1163/1163/1163 1164/1164/1164
f 1160/1160/1160 1162/1162/1162 1161/1161/1161
f 1161/1161/1161 1158/1158/1158 1160/1160/1160
f 1159/1159/1159 1157/1157/1157 1158/1158/1158
f 1154/1154/1154 1156/1156/1156 1157/1157/1157
f 1156/1156/1156 1154/1154/1154 1155/1155/1155
f 1163/1163/1163 1167/1167/1167 1164/1164/1164
f 509/509/509 508/508/508 510/510/510
f 512/512/512 507/507/507 511/511/511
f 509/509/509 510/510/510 513/513/513
f 508/508/508 506/506/506 507/507/507
f 512/512/512 514/514/514 515/515/515
f 507/507/507 512/512/512 516/516/516
f 509/509/509 513/513/513 517/517/517
f 514/514/514 512/512/512 518/518/518
f 509/509/509 517/517/517 519/519/519
f 507/507/507 516/516/516 508/508/508
f 512/512/512 515/515/515 516/516/516
f 506/506/506 508/508/508 509/509/509
f 2081/2081/2081 2083/2083/2083 2086/2086/2086
f 2086/2086/2086 2090/2090/2090 2091/2091/2091
f 2084/2084/2084 2081/2081/2081 2086/2086/2086
f 2083/2083/2083 2081/2081/2081 2082/2082/2082
f 2088/2088/2088 2087/2087/2087 2086/2086/2086
f 2086/2086/2086 2083/2083/2083 2090/2090/2090
f 2087/2087/2087 2088/2088/2088 2089/2089/2089
f 2084/2084/2084 2086/2086/2086 2087/2087/2087
f 2081/2081/2081 2084/2084/2084 2085/2085/2085
f 232/232/232 235/235/235 236/236/236
f 234/234/234 233/233/233 237/237/237
f 239/239/239 233/233/233 238/238/238
f 241/241/241 233/233/233 240/240/240
f 232/232/232 234/234/234 235/235/235
f 244/244/244 232/232/232 243/243/243
f 233/233/233 239/239/239 237/237/237
f 232/232/232 242/242/242 243/243/243
f 232/232/232 244/244/244 245/245/245
f 232/232/232 236/236/236 242/242/242
f 233/233/233 241/241/241 238/238/238
f 234/234/234 232/232/232 233/233/233
f 406/406/406 408/408/408 412/412/412
f 410/410/410 411/411/411 414/414/414
f 413/413/413 414/414/414 419/419/419
f 407/407/407 418/418/418 409/409/409
f 407/407/407 416/416/416 418/418/418
f 416/416/416 415/415/415 417/417/417
f 416/416/416 407/407/407 415/415/415
f 414/414/414 413/413/413 410/410/410
f 411/411/411 406/406/406 412/412/412
f 411/411/411 410/410/410 406/406/406
f 408/408/408 406/406/406 407/407/407
f 408/408/408 407/407/407 409/409/409
f 1009/1009/1009 1011/1011/1011 1012/1012/1012
f 1010/1010/1010 1007/1007/1007 1009/1009/1009
f 1005/1005/1005 1007/1007/1007 1008/1008/1008
f 1006/1006/1006 1004/1004/1004 1005/1005/1005
f 1007/1007/1007 1010/1010/1010 1008/1008/1008
f 1011/1011/1011 1014/1014/1014 1012/1012/1012
f 1013/1013/1013 1018/1018/1018 1015/1015/1015
f 1018/1018/1018 1017/1017/1017 1019/1019/1019
f 1018/1018/1018 1013/1013/1013 1017/1017/1017
f 1011/1011/1011 1009/1009/1009 1007/1007/1007
f 1016/1016/1016 1013/1013/1013 1015/1015/1015
f 1004/1004/1004 1006/1006/1006 1020/1020/1020
f 1007/1007/1007 1005/1005/1005 1004/1004/1004
f 1014/1014/1014 1011/1011/1011 1013/1013/1013
f 1013/1013/1013 1016/1016/1016 1014/1014/1014
f 869/869/869 871/871/871 865/865/865
f 870/870/870 869/869/869 872/872/872
f 871/871/871 869/869/869 870/870/870
f 865/865/865 868/868/868 873/873/873
f 865/865/865 867/867/867 868/868/868
f 867/867/867 865/865/865 866/866/866
f 866/866/866 865/865/865 871/871/871
f 2099/2099/2099 2101/2101/2101 2103/2103/2103
f 2101/2101/2101 2099/2099/2099 2100/2100/2100
f 2100/2100/2100 2099/2099/2099 2102/2102/2102
f 2092/2092/2092 2094/2094/2094 2098/2098/2098
f 2095/2095/2095 2092/2092/2092 2096/2096/2096
f 2095/2095/2095 2096/2096/2096 2097/2097/2097
f 2092/2092/2092 2095/2095/2095 2093/2093/2093
f 2094/2094/2094 2092/2092/2092 2093/2093/2093
f 1572/1572/1572 1573/1573/1573 1575/1575/1575
f 1576/1576/1576 1577/1577/1577 1594/1594/1594
f 1576/1576/1576 1594/1594/1594 1580/1580/1580
f 1578/1578/1578 1580/1580/1580 1594/1594/1594
f 1581/1581/1581 1579/1579/1579 1578/1578/1578
f 1583/1583/1583 1582/1582/1582 1581/1581/1581
f 1585/1585/1585 1584/1584/1584 1583/1583/1583
f 1587/1587/1587 1586/1586/1586 1585/1585/1585
f 1587/1587/1587 1590/1590/1590 1588/1588/1588
f 1589/1589/1589 1592/1592/1592 1590/1590/1590
f 1592/1592/1592 1591/1591/1591 1593/1593/1593
f 1592/1592/1592 1589/1589/1589 1591/1591/1591
f 1590/1590/1590 1587/1587/1587 1589/1589/1589
f 1586/1586/1586 1587/1587/1587 1588/1588/1588
f 1584/1584/1584 1585/1585/1585 1586/1586/1586
f 1582/1582/1582 1583/1583/1583 1584/1584/1584
f 1579/1579/1579 1581/1581/1581 1582/1582/1582
f 1580/1580/1580 1578/1578/1578 1579/1579/1579
f 1577/1577/1577 1576/1576/1576 1574/1574/1574
f 1575/1575/1575 1574/1574/1574 1572/1572/1572
f 1573/1573/1573 1572/1572/1572 1570/1570/1570
f 1571/1571/1571 1570/1570/1570 1569/1569/1569
f 1566/1566/1566 1569/1569/1569 1567/1567/1567
f 1568/1568/1568 1566/1566/1566 1567/1567/1567
f 1570/1570/1570 1571/1571/1571 1573/1573/1573
f 1569/1569/1569 1566/1566/1566 1571/1571/1571
f 1566/1566/1566 1568/1568/1568 1595/1595/1595
f 1596/1596/1596 1595/1595/1595 1568/1568/1568
f 1574/1574/1574 1575/1575/1575 1577/1577/1577
f 2610/2610/2610 2611/2611/2611 2614/2614/2614
f 2604/2604/2604 2606/2606/2606 2613/2613/2613
f 2609/2609/2609 2607/2607/2607 2603/2603/2603
f 2602/2602/2602 2601/2601/2601 2611/2611/2611
f 2609/2609/2609 2603/2603/2603 2602/2602/2602
f 2601/2601/2601 2603/2603/2603 2612/2612/2612
f 2611/2611/2611 2610/2610/2610 2602/2602/2602
f 2607/2607/2607 2609/2609/2609 2608/2608/2608
f 2608/2608/2608 2604/2604/2604 2607/2607/2607
f 2603/2603/2603 2601/2601/2601 2602/2602/2602
f 2604/2604/2604 2608/2608/2608 2605/2605/2605
f 2606/2606/2606 2604/2604/2604 2605/2605/2605
f 2399/2399/2399 2393/2393/2393 2401/2401/2401
f 2395/2395/2395 2398/2398/2398 2400/2400/2400
f 2397/2397/2397 2395/2395/2395 2404/2404/2404
f 2396/2396/2396 2405/2405/2405 2406/2406/2406
f 2393/2393/2393 2403/2403/2403 2401/2401/2401
f 2404/2404/2404 2395/2395/2395 2394/2394/2394
f 2405/2405/2405 2407/2407/2407 2408/2408/2408
f 2393/2393/2393 2396/2396/2396 2406/2406/2406
f 2394/2394/2394 2393/2393/2393 2399/2399/2399
f 2398/2398/2398 2395/2395/2395 2397/2397/2397
f 2405/2405/2405 2396/2396/2396 2407/2407/2407
f 2393/2393/2393 2395/2395/2395 2396/2396/2396
f 2403/2403/2403 2393/2393/2393 2402/2402/2402
f 2400/2400/2400 2398/2398/2398 2409/2409/2409
f 2395/2395/2395 2393/2393/2393 2394/2394/2394
f 2460/2460/2460 2458/2458/2458 2459/2459/2459
f 2458/2458/2458 2469/2469/2469 2467/2467/2467
f 2458/2458/2458 2460/2460/2460 2463/2463/2463
f 2461/2461/2461 2459/2459/2459 2464/2464/2464
f 2466/2466/2466 2461/2461/2461 2465/2465/2465
f 2468/2468/2468 2458/2458/2458 2467/2467/2467
f 2459/2459/2459 2472/2472/2472 2460/2460/2460
f 2458/2458/2458 2468/2468/2468 2476/2476/2476
f 2466/2466/2466 2465/2465/2465 2471/2471/2471
f 2474/2474/2474 2464/2464/2464 2470/2470/2470
f 2475/2475/2475 2474/2474/2474 2477/2477/2477
f 2458/2458/2458 2463/2463/2463 2469/2469/2469
f 2464/2464/2464 2459/2459/2459 2470/2470/2470
f 2461/2461/2461 2466/2466/2466 2473/2473/2473
f 2464/2464/2464 2474/2474/2474 2475/2475/2475
f 2459/2459/2459 2462/2462/2462 2472/2472/2472
f 2461/2461/2461 2473/2473/2473 2462/2462/2462
f 2462/2462/2462 2459/2459/2459 2461/2461/2461
f 1146/1146/1146 1148/1148/1148 1143/1143/1143
f 1144/1144/1144 1143/1143/1143 1152/1152/1152
f 1146/1146/1146 1150/1150/1150 1147/1147/1147
f 1143/1143/1143 1145/1145/1145 1151/1151/1151
f 1150/1150/1150 1146/1146/1146 1149/1149/1149
f 1148/1148/1148 1146/1146/1146 1147/1147/1147
f 1145/1145/1145 1143/1143/1143 1144/1144/1144
f 1143/1143/1143 1148/1148/1148 1152/1152/1152
f 1143/1143/1143 1151/1151/1151 1153/1153/1153
f 1218/1218/1218 1219/1219/1219 1220/1220/1220
f 1214/1214/1214 1218/1218/1218 1217/1217/1217
f 1215/1215/1215 1214/1214/1214 1217/1217/1217
f 1213/1213/1213 1215/1215/1215 1216/1216/1216
f 1222/1222/1222 1219/1219/1219 1221/1221/1221
f 1224/1224/1224 1221/1221/1221 1223/1223/1223
f 1221/1221/1221 1224/1224/1224 1222/1222/1222
f 1218/1218/1218 1214/1214/1214 1219/1219/1219
f 1219/1219/1219 1222/1222/1222 1220/1220/1220
f 1221/1221/1221 1226/1226/1226 1223/1223/1223
f 1226/1226/1226 1221/1221/1221 1225/1225/1225
f 1215/1215/1215 1213/1213/1213 1214/1214/1214
f 1226/1226/1226 1225/1225/1225 1227/1227/1227
f 1213/1213/1213 1216/1216/1216 1228/1228/1228
f 422/422/422 420/420/420 421/421/421
f 423/423/423 424/424/424 425/425/425
f 427/427/427 425/425/425 426/426/426
f 425/425/425 427/427/427 428/428/428
f 426/426/426 425/425/425 429/429/429
f 431/431/431 430/430/430 428/428/428
f 431/431/431 428/428/428 432/432/432
f 432/432/432 428/428/428 433/433/433
f 430/430/430 431/431/431 434/434/434
f 428/428/428 427/427/427 433/433/433
f 425/425/425 424/424/424 429/429/429
f 420/420/420 422/422/422 423/423/423
f 424/424/424 423/423/423 422/422/422
f 2657/2657/2657 2656/2656/2656 2643/2643/2643
f 2643/2643/2643 2642/2642/2642 2657/2657/2657
f 2645/2645/2645 2659/2659/2659 2658/2658/2658
f 2639/2639/2639 2638/2638/2638 2640/2640/2640
f 2635/2635/2635 2637/2637/2637 2638/2638/2638
f 2637/2637/2637 2635/2635/2635 2636/2636/2636
f 2635/2635/2635 2638/2638/2638 2639/2639/2639
f 2647/2647/2647 2649/2649/2649 2660/2660/2660
f 2656/2656/2656 2637/2637/2637 2636/2636/2636
f 2645/2645/2645 2655/2655/2655 2659/2659/2659
f 2646/2646/2646 2645/2645/2645 2658/2658/2658
f 2647/2647/2647 2650/2650/2650 2653/2653/2653
f 2637/2637/2637 2656/2656/2656 2657/2657/2657
f 2655/2655/2655 2645/2645/2645 2654/2654/2654
f 2643/2643/2643 2641/2641/2641 2642/2642/2642
f 2646/2646/2646 2638/2638/2638 2645/2645/2645
f 2640/2640/2640 2638/2638/2638 2644/2644/2644
f 2641/2641/2641 2643/2643/2643 2650/2650/2650
f 2644/2644/2644 2638/2638/2638 2651/2651/2651
f 2638/2638/2638 2646/2646/2646 2652/2652/2652
f 2648/2648/2648 2647/2647/2647 2653/2653/2653
f 2641/2641/2641 2650/2650/2650 2647/2647/2647
f 2638/2638/2638 2652/2652/2652 2651/2651/2651
f 2649/2649/2649 2647/2647/2647 2648/2648/2648
f 1501/1501/1501 1499/1499/1499 1500/1500/1500
f 1499/1499/1499 1502/1502/1502 1503/1503/1503
f 1505/1505/1505 1500/1500/1500 1504/1504/1504
f 1507/1507/1507 1506/1506/1506 1504/1504/1504
f 1509/1509/1509 1508/1508/1508 1507/1507/1507
f 1512/1512/1512 1510/1510/1510 1511/1511/1511
f 1514/1514/1514 1511/1511/1511 1513/1513/1513
f 1517/1517/1517 1515/1515/1515 1516/1516/1516
f 1520/1520/1520 1518/1518/1518 1519/1519/1519
f 1523/1523/1523 1521/1521/1521 1522/1522/1522
f 1525/1525/1525 1524/1524/1524 1523/1523/1523
f 1528/1528/1528 1526/1526/1526 1527/1527/1527
f 1527/1527/1527 1526/1526/1526 1525/1525/1525
f 1531/1531/1531 1529/1529/1529 1530/1530/1530
f 1529/1529/1529 1531/1531/1531 1528/1528/1528
f 1533/1533/1533 1529/1529/1529 1532/1532/1532
f 1533/1533/1533 1532/1532/1532 1534/1534/1534
f 1536/1536/1536 1535/1535/1535 1534/1534/1534
f 1538/1538/1538 1537/1537/1537 1535/1535/1535
f 1541/1541/1541 1539/1539/1539 1540/1540/1540
f 1500/1500/1500 1505/1505/1505 1501/1501/1501
f 1505/1505/1505 1504/1504/1504 1506/1506/1506
f 1506/1506/1506 1507/1507/1507 1508/1508/1508
f 1543/1543/1543 1542/1542/1542 1539/1539/1539
f 1508/1508/1508 1509/1509/1509 1565/1565/1565
f 1509/1509/1509 1510/1510/1510 1565/1565/1565
f 1510/1510/1510 1512/1512/1512 1565/1565/1565
f 1511/1511/1511 1514/1514/1514 1512/1512/1512
f 1514/1514/1514 1513/1513/1513 1564/1564/1564
f 1513/1513/1513 1515/1515/1515 1564/1564/1564
f 1515/1515/1515 1517/1517/1517 1564/1564/1564
f 1517/1517/1517 1516/1516/1516 1519/1519/1519
f 1516/1516/1516 1520/1520/1520 1519/1519/1519
f 1518/1518/1518 1520/1520/1520 1563/1563/1563
f 1546/1546/1546 1544/1544/1544 1545/1545/1545
f 1548/1548/1548 1547/1547/1547 1544/1544/1544
f 1551/1551/1551 1549/1549/1549 1550/1550/1550
f 1549/1549/1549 1551/1551/1551 1552/1552/1552
f 1554/1554/1554 1553/1553/1553 1549/1549/1549
f 1557/1557/1557 1555/1555/1555 1556/1556/1556
f 1556/1556/1556 1558/1558/1558 1559/1559/1559
f 1558/1558/1558 1556/1556/1556 1555/1555/1555
f 1555/1555/1555 1557/1557/1557 1560/1560/1560
f 1553/1553/1553 1560/1560/1560 1557/1557/1557
f 1553/1553/1553 1554/1554/1554 1560/1560/1560
f 1549/1549/1549 1552/1552/1552 1554/1554/1554
f 1518/1518/1518 1563/1563/1563 1521/1521/1521
f 1563/1563/1563 1522/1522/1522 1521/1521/1521
f 1521/1521/1521 1523/1523/1523 1524/1524/1524
f 1524/1524/1524 1525/1525/1525 1526/1526/1526
f 1526/1526/1526 1528/1528/1528 1531/1531/1531
f 1529/1529/1529 1533/1533/1533 1530/1530/1530
f 1532/1532/1532 1536/1536/1536 1534/1534/1534
f 1535/1535/1535 1536/1536/1536 1538/1538/1538
f 1537/1537/1537 1538/1538/1538 1540/1540/1540
f 1499/1499/1499 1501/1501/1501 1502/1502/1502
f 1537/1537/1537 1540/1540/1540 1539/1539/1539
f 1539/1539/1539 1541/1541/1541 1543/1543/1543
f 1542/1542/1542 1543/1543/1543 1562/1562/1562
f 1561/1561/1561 1551/1551/1551 1550/1550/1550
f 1547/1547/1547 1561/1561/1561 1550/1550/1550
f 1547/1547/1547 1548/1548/1548 1561/1561/1561
f 1544/1544/1544 1546/1546/1546 1548/1548/1548
f 1562/1562/1562 1546/1546/1546 1545/1545/1545
f 1542/1542/1542 1562/1562/1562 1545/1545/1545
f 442/442/442 447/447/447 455/455/455
f 442/442/442 443/443/443 454/454/454
f 435/435/435 450/450/450 452/452/452
f 451/451/451 442/442/442 454/454/454
f 439/439/439 435/435/435 438/438/438
f 448/448/448 435/435/435 452/452/452
f 445/445/445 442/442/442 451/451/451
f 450/450/450 435/435/435 449/449/449
f 444/444/444 435/435/435 448/448/448
f 442/442/442 446/446/446 447/447/447
f 435/435/435 437/437/437 443/443/443
f 446/446/446 442/442/442 445/445/445
f 440/440/440 435/435/435 444/444/444
f 443/443/443 442/442/442 435/435/435
f 435/435/435 441/441/441 438/438/438
f 435/435/435 439/439/439 436/436/436
f 449/449/449 435/435/435 453/453/453
f 437/437/437 435/435/435 436/436/436
f 441/441/441 435/435/435 440/440/440
f 6541/6541/6541 6540/6540/6540 6558/6558/6558
f 6467/6467/6467 6527/6527/6527 6557/6557/6557
f 6507/6507/6507 6508/6508/6508 6539/6539/6539
f 6549/6549/6549 6551/6551/6551 6504/6504/6504
f 6556/6556/6556 6550/6550/6550 6549/6549/6549
f 6548/6548/6548 6555/6555/6555 6556/6556/6556
f 6546/6546/6546 6548/6548/6548 6538/6538/6538
f 6507/6507/6507 6479/6479/6479 6473/6473/6473
f 6551/6551/6551 6549/6549/6549 6550/6550/6550
f 6548/6548/6548 6546/6546/6546 6547/6547/6547
f 6535/6535/6535 6519/6519/6519 6520/6520/6520
f 6538/6538/6538 6521/6521/6521 6546/6546/6546
f 6517/6517/6517 6536/6536/6536 6518/6518/6518
f 6460/6460/6460 6432/6432/6432 6524/6524/6524
f 6526/6526/6526 6528/6528/6528 6529/6529/6529
f 6530/6530/6530 6541/6541/6541 6552/6552/6552
f 6511/6511/6511 6513/6513/6513 6553/6553/6553
f 6532/6532/6532 6553/6553/6553 6513/6513/6513
f 6534/6534/6534 6533/6533/6533 6554/6554/6554
f 6503/6503/6503 6505/6505/6505 6506/6506/6506
f 6532/6532/6532 6534/6534/6534 6545/6545/6545
f 6500/6500/6500 6502/6502/6502 6542/6542/6542
f 6544/6544/6544 6542/6542/6542 6543/6543/6543
f 6541/6541/6541 6530/6530/6530 6540/6540/6540
f 6529/6529/6529 6531/6531/6531 6526/6526/6526
f 6527/6527/6527 6467/6467/6467 6528/6528/6528
f 6451/6451/6451 6497/6497/6497 6525/6525/6525
f 6542/6542/6542 6544/6544/6544 6500/6500/6500
f 6520/6520/6520 6537/6537/6537 6535/6535/6535
f 6530/6530/6530 6552/6552/6552 6531/6531/6531
f 6550/6550/6550 6556/6556/6556 6555/6555/6555
f 6532/6532/6532 6545/6545/6545 6559/6559/6559
f 6540/6540/6540 6543/6543/6543 6558/6558/6558
f 6467/6467/6467 6557/6557/6557 6468/6468/6468
f 6504/6504/6504 6551/6551/6551 6523/6523/6523
f 6555/6555/6555 6548/6548/6548 6547/6547/6547
f 6460/6460/6460 6509/6509/6509 6488/6488/6488
f 6479/6479/6479 6507/6507/6507 6539/6539/6539
f 6494/6494/6494 6506/6506/6506 6495/6495/6495
f 6423/6423/6423 6421/6421/6421 6422/6422/6422
f 6422/6422/6422 6424/6424/6424 6425/6425/6425
f 6428/6428/6428 6426/6426/6426 6427/6427/6427
f 6427/6427/6427 6429/6429/6429 6430/6430/6430
f 6424/6424/6424 6422/6422/6422 6421/6421/6421
f 6429/6429/6429 6427/6427/6427 6426/6426/6426
f 6432/6432/6432 6425/6425/6425 6431/6431/6431
f 6421/6421/6421 6423/6423/6423 6433/6433/6433
f 6430/6430/6430 6429/6429/6429 6434/6434/6434
f 6425/6425/6425 6424/6424/6424 6431/6431/6431
f 6436/6436/6436 6433/6433/6433 6435/6435/6435
f 6439/6439/6439 6437/6437/6437 6438/6438/6438
f 6442/6442/6442 6440/6440/6440 6441/6441/6441
f 6426/6426/6426 6443/6443/6443 6440/6440/6440
f 6434/6434/6434 6429/6429/6429 6444/6444/6444
f 6421/6421/6421 6433/6433/6433 6445/6445/6445
f 6436/6436/6436 6435/6435/6435 6446/6446/6446
f 6435/6435/6435 6447/6447/6447 6446/6446/6446
f 6449/6449/6449 6448/6448/6448 6439/6439/6439
f 6450/6450/6450 6439/6439/6439 6438/6438/6438
f 6437/6437/6437 6451/6451/6451 6452/6452/6452
f 6455/6455/6455 6453/6453/6453 6454/6454/6454
f 6441/6441/6441 6440/6440/6440 6443/6443/6443
f 6426/6426/6426 6428/6428/6428 6456/6456/6456
f 6459/6459/6459 6457/6457/6457 6458/6458/6458
f 6425/6425/6425 6432/6432/6432 6460/6460/6460
f 6447/6447/6447 6435/6435/6435 6448/6448/6448
f 6439/6439/6439 6450/6450/6450 6449/6449/6449
f 6452/6452/6452 6451/6451/6451 6461/6461/6461
f 6533/6533/6533 6517/6517/6517 6554/6554/6554
f 6553/6553/6553 6532/6532/6532 6559/6559/6559
f 6463/6463/6463 6455/6455/6455 6462/6462/6462
f 6466/6466/6466 6464/6464/6464 6465/6465/6465
f 6443/6443/6443 6426/6426/6426 6456/6456/6456
f 6444/6444/6444 6467/6467/6467 6468/6468/6468
f 6471/6471/6471 6469/6469/6469 6470/6470/6470
f 6473/6473/6473 6472/6472/6472 6471/6471/6471
f 6457/6457/6457 6459/6459/6459 6474/6474/6474
f 6433/6433/6433 6436/6436/6436 6445/6445/6445
f 6437/6437/6437 6439/6439/6439 6451/6451/6451
f 6462/6462/6462 6455/6455/6455 6475/6475/6475
f 6543/6543/6543 6540/6540/6540 6544/6544/6544
f 6528/6528/6528 6526/6526/6526 6527/6527/6527
f 6481/6481/6481 6483/6483/6483 6498/6498/6498
f 6510/6510/6510 6451/6451/6451 6525/6525/6525
f 6509/6509/6509 6460/6460/6460 6524/6524/6524
f 6459/6459/6459 6487/6487/6487 6508/6508/6508
f 6485/6485/6485 6495/6495/6495 6486/6486/6486
f 6505/6505/6505 6504/6504/6504 6523/6523/6523
f 6522/6522/6522 6520/6520/6520 6521/6521/6521
f 6464/6464/6464 6466/6466/6466 6455/6455/6455
f 6476/6476/6476 6464/6464/6464 6442/6442/6442
f 6467/6467/6467 6444/6444/6444 6429/6429/6429
f 6470/6470/6470 6477/6477/6477 6478/6478/6478
f 6472/6472/6472 6473/6473/6473 6479/6479/6479
f 6457/6457/6457 6474/6474/6474 6480/6480/6480
f 6448/6448/6448 6449/6449/6449 6447/6447/6447
f 6483/6483/6483 6481/6481/6481 6482/6482/6482
f 6454/6454/6454 6484/6484/6484 6481/6481/6481
f 6455/6455/6455 6466/6466/6466 6475/6475/6475
f 6440/6440/6440 6442/6442/6442 6464/6464/6464
f 6486/6486/6486 6477/6477/6477 6485/6485/6485
f 6521/6521/6521 6538/6538/6538 6522/6522/6522
f 6520/6520/6520 6522/6522/6522 6537/6537/6537
f 6519/6519/6519 6517/6517/6517 6518/6518/6518
f 6515/6515/6515 6514/6514/6514 6516/6516/6516
f 6501/6501/6501 6500/6500/6500 6515/6515/6515
f 6511/6511/6511 6514/6514/6514 6512/6512/6512
f 6513/6513/6513 6511/6511/6511 6512/6512/6512
f 6481/6481/6481 6484/6484/6484 6492/6492/6492
f 6481/6481/6481 6499/6499/6499 6497/6497/6497
f 6496/6496/6496 6451/6451/6451 6510/6510/6510
f 6489/6489/6489 6488/6488/6488 6509/6509/6509
f 6508/6508/6508 6507/6507/6507 6459/6459/6459
f 6477/6477/6477 6486/6486/6486 6478/6478/6478
f 6506/6506/6506 6494/6494/6494 6503/6503/6503
f 6505/6505/6505 6503/6503/6503 6504/6504/6504
f 6502/6502/6502 6500/6500/6500 6501/6501/6501
f 6531/6531/6531 6529/6529/6529 6530/6530/6530
f 6453/6453/6453 6455/6455/6455 6463/6463/6463
f 6481/6481/6481 6493/6493/6493 6491/6491/6491
f 6499/6499/6499 6481/6481/6481 6498/6498/6498
f 6497/6497/6497 6451/6451/6451 6481/6481/6481
f 6490/6490/6490 6451/6451/6451 6496/6496/6496
f 6488/6488/6488 6480/6480/6480 6474/6474/6474
f 6477/6477/6477 6470/6470/6470 6469/6469/6469
f 6495/6495/6495 6485/6485/6485 6494/6494/6494
f 6464/6464/6464 6476/6476/6476 6465/6465/6465
f 6484/6484/6484 6454/6454/6454 6453/6453/6453
f 6493/6493/6493 6481/6481/6481 6492/6492/6492
f 6482/6482/6482 6481/6481/6481 6491/6491/6491
f 6461/6461/6461 6451/6451/6451 6490/6490/6490
f 6536/6536/6536 6517/6517/6517 6533/6533/6533
f 6517/6517/6517 6519/6519/6519 6535/6535/6535
f 6534/6534/6534 6532/6532/6532 6533/6533/6533
f 6514/6514/6514 6515/6515/6515 6500/6500/6500
f 6480/6480/6480 6488/6488/6488 6489/6489/6489
f 6459/6459/6459 6458/6458/6458 6487/6487/6487
f 6469/6469/6469 6471/6471/6471 6472/6472/6472
f 6514/6514/6514 6511/6511/6511 6516/6516/6516
f 4425/4425/4425 4424/4424/4424 4444/4444/4444
f 4407/4407/4407 4456/4456/4456 4471/4471/4471
f 4437/4437/4437 4464/4464/4464 4465/4465/4465
f 4453/4453/4453 4422/4422/4422 4470/4470/4470
f 4469/4469/4469 4468/4468/4468 4467/4467/4467
f 4466/4466/4466 4467/4467/4467 4463/4463/4463
f 4463/4463/4463 4402/4402/4402 4466/4466/4466
f 4460/4460/4460 4459/4459/4459 4452/4452/4452
f 4458/4458/4458 4449/4449/4449 4457/4457/4457
f 4446/4446/4446 4447/4447/4447 4445/4445/4445
f 4441/4441/4441 4439/4439/4439 4442/4442/4442
f 4371/4371/4371 4373/4373/4373 4387/4387/4387
f 4407/4407/4407 4465/4465/4465 4464/4464/4464
f 4464/4464/4464 4437/4437/4437 4404/4404/4404
f 4404/4404/4404 4436/4436/4436 4434/4434/4434
f 4422/4422/4422 4454/4454/4454 4431/4431/4431
f 4402/4402/4402 4463/4463/4463 4429/4429/4429
f 4382/4382/4382 4384/4384/4384 4462/4462/4462
f 4459/4459/4459 4460/4460/4460 4461/4461/4461
f 4465/4465/4465 4407/4407/4407 4471/4471/4471
f 4457/4457/4457 4364/4364/4364 4458/4458/4458
f 4472/4472/4472 4460/4460/4460 4462/4462/4462
f 4468/4468/4468 4469/4469/4469 4433/4433/4433
f 4397/4397/4397 4399/4399/4399 4412/4412/4412
f 4448/4448/4448 4452/4452/4452 4459/4459/4459
f 4449/4449/4449 4458/4458/4458 4450/4450/4450
f 4364/4364/4364 4457/4457/4457 4365/4365/4365
f 4427/4427/4427 4428/4428/4428 4446/4446/4446
f 4425/4425/4425 4445/4445/4445 4447/4447/4447
f 4441/4441/4441 4443/4443/4443 4426/4426/4426
f 4423/4423/4423 4440/4440/4440 4417/4417/4417
f 4396/4396/4396 4413/4413/4413 4412/4412/4412
f 4407/4407/4407 4408/4408/4408 4456/4456/4456
f 4404/4404/4404 4438/4438/4438 4435/4435/4435
f 4422/4422/4422 4406/4406/4406 4455/4455/4455
f 4454/4454/4454 4422/4422/4422 4453/4453/4453
f 4431/4431/4431 4433/4433/4433 4422/4422/4422
f 4402/4402/4402 4430/4430/4430 4403/4403/4403
f 4452/4452/4452 4448/4448/4448 4451/4451/4451
f 4450/4450/4450 4448/4448/4448 4449/4449/4449
f 4401/4401/4401 4419/4419/4419 4427/4427/4427
f 4447/4447/4447 4446/4446/4446 4428/4428/4428
f 4445/4445/4445 4425/4425/4425 4444/4444/4444
f 4424/4424/4424 4426/4426/4426 4443/4443/4443
f 4443/4443/4443 4441/4441/4441 4442/4442/4442
f 4439/4439/4439 4441/4441/4441 4440/4440/4440
f 4440/4440/4440 4423/4423/4423 4439/4439/4439
f 4416/4416/4416 4414/4414/4414 4418/4418/4418
f 4413/4413/4413 4396/4396/4396 4395/4395/4395
f 4393/4393/4393 4411/4411/4411 4377/4377/4377
f 4409/4409/4409 4387/4387/4387 4373/4373/4373
f 4438/4438/4438 4404/4404/4404 4437/4437/4437
f 4436/4436/4436 4404/4404/4404 4435/4435/4435
f 4405/4405/4405 4404/4404/4404 4434/4434/4434
f 4433/4433/4433 4431/4431/4431 4432/4432/4432
f 4430/4430/4430 4402/4402/4402 4429/4429/4429
f 4385/4385/4385 4421/4421/4421 4420/4420/4420
f 4378/4378/4378 4380/4380/4380 4400/4400/4400
f 4428/4428/4428 4427/4427/4427 4419/4419/4419
f 4426/4426/4426 4424/4424/4424 4425/4425/4425
f 4417/4417/4417 4418/4418/4418 4423/4423/4423
f 4398/4398/4398 4415/4415/4415 4399/4399/4399
f 4375/4375/4375 4377/4377/4377 4411/4411/4411
f 4368/4368/4368 4392/4392/4392 4391/4391/4391
f 4387/4387/4387 4389/4389/4389 4407/4407/4407
f 4404/4404/4404 4406/4406/4406 4422/4422/4422
f 4385/4385/4385 4403/4403/4403 4421/4421/4421
f 4386/4386/4386 4385/4385/4385 4420/4420/4420
f 4379/4379/4379 4381/4381/4381 4380/4380/4380
f 4419/4419/4419 4401/4401/4401 4400/4400/4400
f 4418/4418/4418 4417/4417/4417 4416/4416/4416
f 4414/4414/4414 4416/4416/4416 4415/4415/4415
f 4415/4415/4415 4398/4398/4398 4414/4414/4414
f 4397/4397/4397 4412/4412/4412 4413/4413/4413
f 4395/4395/4395 4394/4394/4394 4375/4375/4375
f 4411/4411/4411 4393/4393/4393 4410/4410/4410
f 4393/4393/4393 4374/4374/4374 4410/4410/4410
f 4371/4371/4371 4391/4391/4391 4390/4390/4390
f 4388/4388/4388 4387/4387/4387 4409/4409/4409
f 4408/4408/4408 4407/4407/4407 4389/4389/4389
f 4406/4406/4406 4404/4404/4404 4405/4405/4405
f 4403/4403/4403 4385/4385/4385 4402/4402/4402
f 4382/4382/4382 4386/4386/4386 4383/4383/4383
f 4369/4369/4369 4370/4370/4370 4381/4381/4381
f 4378/4378/4378 4400/4400/4400 4401/4401/4401
f 4399/4399/4399 4397/4397/4397 4398/4398/4398
f 4394/4394/4394 4395/4395/4395 4396/4396/4396
f 4376/4376/4376 4375/4375/4375 4394/4394/4394
f 4374/4374/4374 4393/4393/4393 4366/4366/4366
f 4368/4368/4368 4367/4367/4367 4392/4392/4392
f 4391/4391/4391 4371/4371/4371 4368/4368/4368
f 4372/4372/4372 4371/4371/4371 4390/4390/4390
f 4389/4389/4389 4387/4387/4387 4388/4388/4388
f 4386/4386/4386 4382/4382/4382 4385/4385/4385
f 4384/4384/4384 4382/4382/4382 4383/4383/4383
f 4361/4361/4361 4363/4363/4363 4370/4370/4370
f 4381/4381/4381 4379/4379/4379 4369/4369/4369
f 4380/4380/4380 4378/4378/4378 4379/4379/4379
f 4377/4377/4377 4375/4375/4375 4376/4376/4376
f 4366/4366/4366 4368/4368/4368 4374/4374/4374
f 4373/4373/4373 4371/4371/4371 4372/4372/4372
f 4362/4362/4362 4365/4365/4365 4363/4363/4363
f 4370/4370/4370 4369/4369/4369 4361/4361/4361
f 4368/4368/4368 4366/4366/4366 4367/4367/4367
f 4365/4365/4365 4362/4362/4362 4364/4364/4364
f 4363/4363/4363 4361/4361/4361 4362/4362/4362
f 4448/4448/4448 4450/4450/4450 4451/4451/4451
f 4467/4467/4467 4466/4466/4466 4469/4469/4469
f 4422/4422/4422 4455/4455/4455 4470/4470/4470
f 4460/4460/4460 4472/4472/4472 4461/4461/4461
f 4462/4462/4462 4384/4384/4384 4472/4472/4472
f 4433/4433/4433 4432/4432/4432 4468/4468/4468
f 1638/1638/1638 1637/1637/1637 1633/1633/1633
f 1641/1641/1641 1640/1640/1640 1642/1642/1642
f 1633/1633/1633 1636/1636/1636 1638/1638/1638
f 1635/1635/1635 1633/1633/1633 1634/1634/1634
f 1633/1633/1633 1635/1635/1635 1636/1636/1636
f 1640/1640/1640 1637/1637/1637 1639/1639/1639
f 1637/1637/1637 1640/1640/1640 1641/1641/1641
f 1637/1637/1637 1638/1638/1638 1639/1639/1639
f 1643/1643/1643 1645/1645/1645 1646/1646/1646
f 1646/1646/1646 1645/1645/1645 1647/1647/1647
f 1645/1645/1645 1643/1643/1643 1644/1644/1644
f 2440/2440/2440 2438/2438/2438 2443/2443/2443
f 2438/2438/2438 2440/2440/2440 2441/2441/2441
f 2439/2439/2439 2438/2438/2438 2441/2441/2441
f 2437/2437/2437 2439/2439/2439 2442/2442/2442
f 2439/2439/2439 2437/2437/2437 2438/2438/2438
f 2504/2504/2504 2507/2507/2507 2508/2508/2508
f 2543/2543/2543 2542/2542/2542 2546/2546/2546
f 2547/2547/2547 2545/2545/2545 2544/2544/2544
f 2547/2547/2547 2550/2550/2550 2548/2548/2548
f 2499/2499/2499 2551/2551/2551 2501/2501/2501
f 2549/2549/2549 2499/2499/2499 2550/2550/2550
f 2551/2551/2551 2499/2499/2499 2549/2549/2549
f 2550/2550/2550 2547/2547/2547 2549/2549/2549
f 2536/2536/2536 2539/2539/2539 2537/2537/2537
f 2536/2536/2536 2534/2534/2534 2533/2533/2533
f 2533/2533/2533 2535/2535/2535 2531/2531/2531
f 2532/2532/2532 2531/2531/2531 2535/2535/2535
f 2527/2527/2527 2532/2532/2532 2528/2528/2528
f 2527/2527/2527 2529/2529/2529 2552/2552/2552
f 2526/2526/2526 2525/2525/2525 2553/2553/2553
f 2523/2523/2523 2522/2522/2522 2526/2526/2526
f 2520/2520/2520 2523/2523/2523 2521/2521/2521
f 2520/2520/2520 2519/2519/2519 2518/2518/2518
f 2518/2518/2518 2516/2516/2516 2515/2515/2515
f 2515/2515/2515 2517/2517/2517 2513/2513/2513
f 2514/2514/2514 2513/2513/2513 2517/2517/2517
f 2511/2511/2511 2514/2514/2514 2512/2512/2512
f 2509/2509/2509 2512/2512/2512 2510/2510/2510
f 2508/2508/2508 2510/2510/2510 2554/2554/2554
f 2540/2540/2540 2538/2538/2538 2541/2541/2541
f 2541/2541/2541 2543/2543/2543 2540/2540/2540
f 2500/2500/2500 2498/2498/2498 2499/2499/2499
f 2500/2500/2500 2501/2501/2501 2502/2502/2502
f 2501/2501/2501 2500/2500/2500 2499/2499/2499
f 2504/2504/2504 2508/2508/2508 2554/2554/2554
f 2503/2503/2503 2505/2505/2505 2555/2555/2555
f 2498/2498/2498 2500/2500/2500 2506/2506/2506
f 2545/2545/2545 2547/2547/2547 2548/2548/2548
f 2505/2505/2505 2503/2503/2503 2504/2504/2504
f 2505/2505/2505 2498/2498/2498 2506/2506/2506
f 2498/2498/2498 2505/2505/2505 2504/2504/2504
f 2507/2507/2507 2504/2504/2504 2503/2503/2503
f 2544/2544/2544 2546/2546/2546 2542/2542/2542
f 2510/2510/2510 2508/2508/2508 2509/2509/2509
f 2512/2512/2512 2509/2509/2509 2511/2511/2511
f 2514/2514/2514 2511/2511/2511 2513/2513/2513
f 2517/2517/2517 2515/2515/2515 2516/2516/2516
f 2516/2516/2516 2518/2518/2518 2519/2519/2519
f 2519/2519/2519 2520/2520/2520 2521/2521/2521
f 2523/2523/2523 2520/2520/2520 2522/2522/2522
f 2525/2525/2525 2522/2522/2522 2524/2524/2524
f 2522/2522/2522 2525/2525/2525 2526/2526/2526
f 2529/2529/2529 2527/2527/2527 2528/2528/2528
f 2529/2529/2529 2528/2528/2528 2530/2530/2530
f 2532/2532/2532 2527/2527/2527 2531/2531/2531
f 2535/2535/2535 2533/2533/2533 2534/2534/2534
f 2534/2534/2534 2536/2536/2536 2537/2537/2537
f 2539/2539/2539 2536/2536/2536 2538/2538/2538
f 2538/2538/2538 2540/2540/2540 2539/2539/2539
f 2543/2543/2543 2541/2541/2541 2542/2542/2542
f 2546/2546/2546 2544/2544/2544 2545/2545/2545
f 2426/2426/2426 2425/2425/2425 2428/2428/2428
f 2425/2425/2425 2426/2426/2426 2427/2427/2427
f 2422/2422/2422 2424/2424/2424 2425/2425/2425
f 2424/2424/2424 2422/2422/2422 2423/2423/2423
f 2425/2425/2425 2424/2424/2424 2428/2428/2428
f 2160/2160/2160 2159/2159/2159 2181/2181/2181
f 2131/2131/2131 2186/2186/2186 2146/2146/2146
f 2177/2177/2177 2156/2156/2156 2178/2178/2178
f 2179/2179/2179 2177/2177/2177 2178/2178/2178
f 2176/2176/2176 2171/2171/2171 2175/2175/2175
f 2171/2171/2171 2155/2155/2155 2175/2175/2175
f 2122/2122/2122 2139/2139/2139 2140/2140/2140
f 2104/2104/2104 2149/2149/2149 2105/2105/2105
f 2170/2170/2170 2113/2113/2113 2168/2168/2168
f 2114/2114/2114 2129/2129/2129 2145/2145/2145
f 2126/2126/2126 2143/2143/2143 2174/2174/2174
f 2165/2165/2165 2162/2162/2162 2173/2173/2173
f 2162/2162/2162 2164/2164/2164 2172/2172/2172
f 2159/2159/2159 2161/2161/2161 2163/2163/2163
f 2156/2156/2156 2158/2158/2158 2159/2159/2159
f 2153/2153/2153 2155/2155/2155 2171/2171/2171
f 2124/2124/2124 2152/2152/2152 2153/2153/2153
f 2110/2110/2110 2123/2123/2123 2141/2141/2141
f 2135/2135/2135 2136/2136/2136 2150/2150/2150
f 2164/2164/2164 2163/2163/2163 2182/2182/2182
f 2142/2142/2142 2165/2165/2165 2183/2183/2183
f 2125/2125/2125 2167/2167/2167 2128/2128/2128
f 2169/2169/2169 2184/2184/2184 2185/2185/2185
f 2107/2107/2107 2106/2106/2106 2108/2108/2108
f 2171/2171/2171 2176/2176/2176 2179/2179/2179
f 2116/2116/2116 2149/2149/2149 2104/2104/2104
f 2116/2116/2116 2133/2133/2133 2148/2148/2148
f 2170/2170/2170 2169/2169/2169 2113/2113/2113
f 2113/2113/2113 2130/2130/2130 2168/2168/2168
f 2125/2125/2125 2127/2127/2127 2167/2167/2167
f 2143/2143/2143 2142/2142/2142 2166/2166/2166
f 2165/2165/2165 2142/2142/2142 2162/2162/2162
f 2164/2164/2164 2162/2162/2162 2163/2163/2163
f 2161/2161/2161 2159/2159/2159 2160/2160/2160
f 2158/2158/2158 2156/2156/2156 2157/2157/2157
f 2155/2155/2155 2153/2153/2153 2154/2154/2154
f 2152/2152/2152 2124/2124/2124 2151/2151/2151
f 2124/2124/2124 2112/2112/2112 2151/2151/2151
f 2139/2139/2139 2135/2135/2135 2150/2150/2150
f 2120/2120/2120 2138/2138/2138 2136/2136/2136
f 2120/2120/2120 2121/2121/2121 2137/2137/2137
f 2149/2149/2149 2116/2116/2116 2148/2148/2148
f 2118/2118/2118 2117/2117/2117 2147/2147/2147
f 2132/2132/2132 2131/2131/2131 2146/2146/2146
f 2115/2115/2115 2114/2114/2114 2145/2145/2145
f 2125/2125/2125 2129/2129/2129 2114/2114/2114
f 2127/2127/2127 2126/2126/2126 2144/2144/2144
f 2143/2143/2143 2126/2126/2126 2142/2142/2142
f 2156/2156/2156 2177/2177/2177 2180/2180/2180
f 2163/2163/2163 2161/2161/2161 2182/2182/2182
f 2142/2142/2142 2183/2183/2183 2166/2166/2166
f 2169/2169/2169 2170/2170/2170 2184/2184/2184
f 2185/2185/2185 2186/2186/2186 2131/2131/2131
f 2153/2153/2153 2152/2152/2152 2154/2154/2154
f 2159/2159/2159 2158/2158/2158 2181/2181/2181
f 2126/2126/2126 2174/2174/2174 2144/2144/2144
f 2186/2186/2186 2185/2185/2185 2184/2184/2184
f 2177/2177/2177 2179/2179/2179 2176/2176/2176
f 2111/2111/2111 2110/2110/2110 2141/2141/2141
f 2123/2123/2123 2122/2122/2122 2140/2140/2140
f 2139/2139/2139 2122/2122/2122 2135/2135/2135
f 2138/2138/2138 2120/2120/2120 2137/2137/2137
f 2136/2136/2136 2135/2135/2135 2120/2120/2120
f 2121/2121/2121 2119/2119/2119 2134/2134/2134
f 2119/2119/2119 2109/2109/2109 2134/2134/2134
f 2116/2116/2116 2118/2118/2118 2133/2133/2133
f 2132/2132/2132 2117/2117/2117 2131/2131/2131
f 2113/2113/2113 2115/2115/2115 2130/2130/2130
f 2129/2129/2129 2125/2125/2125 2128/2128/2128
f 2127/2127/2127 2125/2125/2125 2126/2126/2126
f 2110/2110/2110 2112/2112/2112 2124/2124/2124
f 2123/2123/2123 2110/2110/2110 2122/2122/2122
f 2121/2121/2121 2120/2120/2120 2119/2119/2119
f 2107/2107/2107 2109/2109/2109 2119/2119/2119
f 2118/2118/2118 2116/2116/2116 2117/2117/2117
f 2115/2115/2115 2113/2113/2113 2114/2114/2114
f 2112/2112/2112 2110/2110/2110 2111/2111/2111
f 2109/2109/2109 2107/2107/2107 2108/2108/2108
f 2106/2106/2106 2104/2104/2104 2105/2105/2105
f 2162/2162/2162 2172/2172/2172 2173/2173/2173
f 2117/2117/2117 2132/2132/2132 2147/2147/2147
f 2104/2104/2104 2106/2106/2106 2107/2107/2107
f 2157/2157/2157 2156/2156/2156 2180/2180/2180
f 365/365/365 358/358/358 366/366/366
f 366/366/366 358/358/358 361/361/361
f 360/360/360 358/358/358 359/359/359
f 356/356/356 358/358/358 367/367/367
f 358/358/358 364/364/364 367/367/367
f 363/363/363 358/358/358 365/365/365
f 358/358/358 357/357/357 359/359/359
f 358/358/358 360/360/360 361/361/361
f 358/358/358 356/356/356 357/357/357
f 364/364/364 358/358/358 363/363/363
f 360/360/360 359/359/359 362/362/362
f 373/373/373 375/375/375 381/381/381
f 376/376/376 378/378/378 379/379/379
f 373/373/373 383/383/383 385/385/385
f 374/374/374 384/384/384 388/388/388
f 371/371/371 387/387/387 390/390/390
f 368/368/368 389/389/389 391/391/391
f 371/371/371 372/372/372 374/374/374
f 389/389/389 368/368/368 371/371/371
f 386/386/386 374/374/374 388/388/388
f 374/374/374 387/387/387 371/371/371
f 387/387/387 374/374/374 386/386/386
f 384/384/384 373/373/373 385/385/385
f 384/384/384 374/374/374 373/373/373
f 379/379/379 383/383/383 373/373/373
f 383/383/383 379/379/379 382/382/382
f 373/373/373 380/380/380 379/379/379
f 380/380/380 373/373/373 381/381/381
f 376/376/376 379/379/379 380/380/380
f 378/378/378 376/376/376 377/377/377
f 375/375/375 374/374/374 372/372/372
f 375/375/375 373/373/373 374/374/374
f 372/372/372 371/371/371 370/370/370
f 370/370/370 368/368/368 369/369/369
f 368/368/368 370/370/370 371/371/371
f 389/389/389 371/371/371 390/390/390
f 395/395/395 401/401/401 404/404/404
f 403/403/403 395/395/395 404/404/404
f 403/403/403 392/392/392 395/395/395
f 401/401/401 399/399/399 402/402/402
f 401/401/401 395/395/395 399/399/399
f 400/400/400 399/399/399 398/398/398
f 399/399/399 397/397/397 398/398/398
f 396/396/396 395/395/395 394/394/394
f 394/394/394 392/392/392 393/393/393
f 399/399/399 400/400/400 402/402/402
f 397/397/397 399/399/399 396/396/396
f 395/395/395 396/396/396 399/399/399
f 392/392/392 394/394/394 395/395/395
f 392/392/392 403/403/403 405/405/405
f 896/896/896 898/898/898 900/900/900
f 898/898/898 897/897/897 899/899/899
f 898/898/898 896/896/896 897/897/897
f 825/825/825 828/828/828 829/829/829
f 825/825/825 827/827/827 828/828/828
f 827/827/827 825/825/825 826/826/826
f 828/828/828 827/827/827 830/830/830
f 833/833/833 831/831/831 832/832/832
f 831/831/831 833/833/833 835/835/835
f 833/833/833 832/832/832 834/834/834
f 862/862/862 861/861/861 863/863/863
f 862/862/862 860/860/860 861/861/861
f 860/860/860 862/862/862 864/864/864
f 209/209/209 208/208/208 214/214/214
f 209/209/209 213/213/213 210/210/210
f 213/213/213 209/209/209 212/212/212
f 208/208/208 210/210/210 211/211/211
f 210/210/210 208/208/208 209/209/209
f 222/222/222 216/216/216 221/221/221
f 218/218/218 216/216/216 220/220/220
f 219/219/219 216/216/216 218/218/218
f 217/217/217 215/215/215 216/216/216
f 216/216/216 219/219/219 217/217/217
f 215/215/215 217/217/217 223/223/223
f 216/216/216 222/222/222 220/220/220
f 226/226/226 224/224/224 225/225/225
f 226/226/226 225/225/225 227/227/227
f 229/229/229 227/227/227 228/228/228
f 230/230/230 226/226/226 229/229/229
f 226/226/226 230/230/230 231/231/231
f 227/227/227 229/229/229 226/226/226
f 224/224/224 226/226/226 231/231/231
f 874/874/874 876/876/876 878/878/878
f 877/877/877 876/876/876 879/879/879
f 876/876/876 874/874/874 875/875/875
f 878/878/878 876/876/876 877/877/877
f 882/882/882 881/881/881 884/884/884
f 880/880/880 882/882/882 883/883/883
f 882/882/882 880/880/880 881/881/881
f 891/891/891 894/894/894 888/888/888
f 891/891/891 890/890/890 895/895/895
f 891/891/891 893/893/893 894/894/894
f 893/893/893 891/891/891 892/892/892
f 888/888/888 887/887/887 890/890/890
f 885/885/885 887/887/887 889/889/889
f 889/889/889 887/887/887 888/888/888
f 887/887/887 885/885/885 886/886/886
f 890/890/890 891/891/891 888/888/888
f 1022/1022/1022 1021/1021/1021 1026/1026/1026
f 1021/1021/1021 1023/1023/1023 1025/1025/1025
f 1023/1023/1023 1022/1022/1022 1024/1024/1024
f 1023/1023/1023 1021/1021/1021 1022/1022/1022
f 2729/2729/2729 2676/2676/2676 2726/2726/2726
f 2729/2729/2729 2727/2727/2727 2676/2676/2676
f 2720/2720/2720 2719/2719/2719 2721/2721/2721
f 2680/2680/2680 2719/2719/2719 2720/2720/2720
f 2719/2719/2719 2680/2680/2680 2718/2718/2718
f 2717/2717/2717 2715/2715/2715 2711/2711/2711
f 2715/2715/2715 2717/2717/2717 2716/2716/2716
f 2675/2675/2675 2673/2673/2673 2674/2674/2674
f 2673/2673/2673 2675/2675/2675 2676/2676/2676
f 2676/2676/2676 2675/2675/2675 2677/2677/2677
f 2717/2717/2717 2680/2680/2680 2716/2716/2716
f 2714/2714/2714 2711/2711/2711 2715/2715/2715
f 2709/2709/2709 2713/2713/2713 2710/2710/2710
f 2712/2712/2712 2711/2711/2711 2714/2714/2714
f 2727/2727/2727 2729/2729/2729 2730/2730/2730
f 2712/2712/2712 2709/2709/2709 2711/2711/2711
f 2673/2673/2673 2728/2728/2728 2731/2731/2731
f 2690/2690/2690 2726/2726/2726 2676/2676/2676
f 2722/2722/2722 2724/2724/2724 2690/2690/2690
f 2720/2720/2720 2690/2690/2690 2680/2680/2680
f 2708/2708/2708 2709/2709/2709 2710/2710/2710
f 2720/2720/2720 2721/2721/2721 2732/2732/2732
f 2680/2680/2680 2717/2717/2717 2718/2718/2718
f 2709/2709/2709 2708/2708/2708 2704/2704/2704
f 2696/2696/2696 2697/2697/2697 2699/2699/2699
f 2680/2680/2680 2693/2693/2693 2716/2716/2716
f 2676/2676/2676 2679/2679/2679 2692/2692/2692
f 2698/2698/2698 2689/2689/2689 2688/2688/2688
f 2700/2700/2700 2696/2696/2696 2699/2699/2699
f 2673/2673/2673 2727/2727/2727 2728/2728/2728
f 2727/2727/2727 2673/2673/2673 2676/2676/2676
f 2725/2725/2725 2690/2690/2690 2724/2724/2724
f 2726/2726/2726 2690/2690/2690 2725/2725/2725
f 2724/2724/2724 2722/2722/2722 2723/2723/2723
f 2709/2709/2709 2712/2712/2712 2713/2713/2713
f 2690/2690/2690 2720/2720/2720 2722/2722/2722
f 2694/2694/2694 2689/2689/2689 2698/2698/2698
f 2696/2696/2696 2695/2695/2695 2697/2697/2697
f 2689/2689/2689 2695/2695/2695 2696/2696/2696
f 2700/2700/2700 2705/2705/2705 2703/2703/2703
f 2706/2706/2706 2704/2704/2704 2708/2708/2708
f 2704/2704/2704 2707/2707/2707 2705/2705/2705
f 2707/2707/2707 2704/2704/2704 2706/2706/2706
f 2705/2705/2705 2700/2700/2700 2704/2704/2704
f 2696/2696/2696 2700/2700/2700 2702/2702/2702
f 2702/2702/2702 2700/2700/2700 2701/2701/2701
f 2701/2701/2701 2700/2700/2700 2703/2703/2703
f 2674/2674/2674 2673/2673/2673 2678/2678/2678
f 2676/2676/2676 2677/2677/2677 2679/2679/2679
f 2682/2682/2682 2680/2680/2680 2681/2681/2681
f 2680/2680/2680 2682/2682/2682 2683/2683/2683
f 2695/2695/2695 2689/2689/2689 2694/2694/2694
f 2680/2680/2680 2683/2683/2683 2693/2693/2693
f 2680/2680/2680 2685/2685/2685 2681/2681/2681
f 2685/2685/2685 2680/2680/2680 2684/2684/2684
f 2690/2690/2690 2684/2684/2684 2680/2680/2680
f 2690/2690/2690 2692/2692/2692 2691/2691/2691
f 2692/2692/2692 2690/2690/2690 2676/2676/2676
f 2684/2684/2684 2690/2690/2690 2691/2691/2691
f 2684/2684/2684 2687/2687/2687 2685/2685/2685
f 2686/2686/2686 2688/2688/2688 2689/2689/2689
f 2688/2688/2688 2686/2686/2686 2684/2684/2684
f 2687/2687/2687 2684/2684/2684 2686/2686/2686
f 4473/4473/4473 4475/4475/4475 4476/4476/4476
f 4483/4483/4483 4482/4482/4482 4481/4481/4481
f 4485/4485/4485 4473/4473/4473 4487/4487/4487
f 4476/4476/4476 4477/4477/4477 4478/4478/4478
f 4484/4484/4484 4485/4485/4485 4486/4486/4486
f 4480/4480/4480 4481/4481/4481 4482/4482/4482
f 4482/4482/4482 4483/4483/4483 4490/4490/4490
f 4474/4474/4474 4484/4484/4484 4488/4488/4488
f 4473/4473/4473 4485/4485/4485 4474/4474/4474
f 4485/4485/4485 4484/4484/4484 4474/4474/4474
f 4481/4481/4481 4480/4480/4480 4479/4479/4479
f 4479/4479/4479 4478/4478/4478 4477/4477/4477
f 4477/4477/4477 4476/4476/4476 4475/4475/4475
f 4478/4478/4478 4479/4479/4479 4480/4480/4480
f 4475/4475/4475 4473/4473/4473 4474/4474/4474
f 4483/4483/4483 4489/4489/4489 4490/4490/4490
f 4790/4790/4790 4792/4792/4792 4793/4793/4793
f 4790/4790/4790 4793/4793/4793 4788/4788/4788
f 4792/4792/4792 4791/4791/4791 4794/4794/4794
f 4788/4788/4788 4793/4793/4793 4795/4795/4795
f 4806/4806/4806 4807/4807/4807 4808/4808/4808
f 4808/4808/4808 4807/4807/4807 4809/4809/4809
f 4788/4788/4788 4795/4795/4795 4789/4789/4789
f 4789/4789/4789 4784/4784/4784 4788/4788/4788
f 4807/4807/4807 4806/4806/4806 4804/4804/4804
f 4801/4801/4801 4803/4803/4803 4798/4798/4798
f 4804/4804/4804 4802/4802/4802 4801/4801/4801
f 4802/4802/4802 4804/4804/4804 4805/4805/4805
f 4803/4803/4803 4801/4801/4801 4802/4802/4802
f 4796/4796/4796 4797/4797/4797 4800/4800/4800
f 4797/4797/4797 4799/4799/4799 4800/4800/4800
f 4787/4787/4787 4784/4784/4784 4786/4786/4786
f 4784/4784/4784 4782/4782/4782 4785/4785/4785
f 4782/4782/4782 4784/4784/4784 4783/4783/4783
f 4797/4797/4797 4796/4796/4796 4794/4794/4794
f 4799/4799/4799 4797/4797/4797 4798/4798/4798
f 4780/4780/4780 4782/4782/4782 4783/4783/4783
f 4780/4780/4780 4779/4779/4779 4781/4781/4781
f 4779/4779/4779 4780/4780/4780 4777/4777/4777
f 4777/4777/4777 4778/4778/4778 4779/4779/4779
f 4778/4778/4778 4777/4777/4777 4776/4776/4776
f 4775/4775/4775 4776/4776/4776 4773/4773/4773
f 4773/4773/4773 4774/4774/4774 4775/4775/4775
f 4774/4774/4774 4773/4773/4773 4770/4770/4770
f 4772/4772/4772 4770/4770/4770 4771/4771/4771
f 4792/4792/4792 4790/4790/4790 4791/4791/4791
f 4770/4770/4770 4772/4772/4772 4774/4774/4774
f 4776/4776/4776 4775/4775/4775 4778/4778/4778
f 4780/4780/4780 4781/4781/4781 4782/4782/4782
f 4784/4784/4784 4785/4785/4785 4788/4788/4788
f 4784/4784/4784 4787/4787/4787 4810/4810/4810
f 4794/4794/4794 4796/4796/4796 4792/4792/4792
f 4804/4804/4804 4806/4806/4806 4805/4805/4805
f 4798/4798/4798 4803/4803/4803 4799/4799/4799
f 4784/4784/4784 4789/4789/4789 4786/4786/4786
f 4748/4748/4748 4750/4750/4750 4751/4751/4751
f 4750/4750/4750 4748/4748/4748 4749/4749/4749
f 4858/4858/4858 4859/4859/4859 4860/4860/4860
f 4849/4849/4849 4851/4851/4851 4875/4875/4875
f 4860/4860/4860 4859/4859/4859 4861/4861/4861
f 4863/4863/4863 4867/4867/4867 4868/4868/4868
f 4868/4868/4868 4869/4869/4869 4870/4870/4870
f 4870/4870/4870 4871/4871/4871 4874/4874/4874
f 4871/4871/4871 4872/4872/4872 4873/4873/4873
f 4848/4848/4848 4849/4849/4849 4875/4875/4875
f 4846/4846/4846 4845/4845/4845 4876/4876/4876
f 4847/4847/4847 4845/4845/4845 4846/4846/4846
f 4845/4845/4845 4847/4847/4847 4848/4848/4848
f 4849/4849/4849 4848/4848/4848 4847/4847/4847
f 4851/4851/4851 4849/4849/4849 4850/4850/4850
f 4851/4851/4851 4850/4850/4850 4852/4852/4852
f 4854/4854/4854 4850/4850/4850 4853/4853/4853
f 4853/4853/4853 4855/4855/4855 4854/4854/4854
f 4855/4855/4855 4853/4853/4853 4856/4856/4856
f 4855/4855/4855 4856/4856/4856 4857/4857/4857
f 4857/4857/4857 4856/4856/4856 4858/4858/4858
f 4850/4850/4850 4854/4854/4854 4852/4852/4852
f 4859/4859/4859 4858/4858/4858 4856/4856/4856
f 4860/4860/4860 4861/4861/4861 4862/4862/4862
f 4862/4862/4862 4863/4863/4863 4864/4864/4864
f 4866/4866/4866 4863/4863/4863 4865/4865/4865
f 4863/4863/4863 4866/4866/4866 4864/4864/4864
f 4863/4863/4863 4862/4862/4862 4861/4861/4861
f 4867/4867/4867 4863/4863/4863 4861/4861/4861
f 4869/4869/4869 4868/4868/4868 4867/4867/4867
f 4871/4871/4871 4870/4870/4870 4869/4869/4869
f 4872/4872/4872 4871/4871/4871 4869/4869/4869
f 5001/5001/5001 5000/5000/5000 4999/4999/4999
f 5019/5019/5019 5017/5017/5017 5020/5020/5020
f 5019/5019/5019 5018/5018/5018 5017/5017/5017
f 5016/5016/5016 5017/5017/5017 5018/5018/5018
f 4998/4998/4998 4997/4997/4997 5022/5022/5022
f 4999/4999/4999 4996/4996/4996 4995/4995/4995
f 5015/5015/5015 5010/5010/5010 5014/5014/5014
f 5018/5018/5018 5019/5019/5019 5021/5021/5021
f 5010/5010/5010 5015/5015/5015 5016/5016/5016
f 5010/5010/5010 5009/5009/5009 5014/5014/5014
f 5007/5007/5007 5009/5009/5009 5010/5010/5010
f 5010/5010/5010 5013/5013/5013 5011/5011/5011
f 5010/5010/5010 5012/5012/5012 5013/5013/5013
f 5012/5012/5012 5010/5010/5010 5006/5006/5006
f 5007/5007/5007 5010/5010/5010 5011/5011/5011
f 5009/5009/5009 5007/5007/5007 5008/5008/5008
f 5003/5003/5003 5005/5005/5005 5006/5006/5006
f 5004/5004/5004 5002/5002/5002 5001/5001/5001
f 5002/5002/5002 5004/5004/5004 5003/5003/5003
f 5005/5005/5005 5003/5003/5003 5004/5004/5004
f 5000/5000/5000 5001/5001/5001 5002/5002/5002
f 4996/4996/4996 4999/4999/4999 5000/5000/5000
f 4995/4995/4995 4997/4997/4997 4998/4998/4998
f 4997/4997/4997 4995/4995/4995 4996/4996/4996
f 5006/5006/5006 5005/5005/5005 5012/5012/5012
f 5017/5017/5017 5016/5016/5016 5015/5015/5015
f 5080/5080/5080 5082/5082/5082 5083/5083/5083
f 5082/5082/5082 5080/5080/5080 5081/5081/5081
f 5043/5043/5043 5039/5039/5039 5042/5042/5042
f 5039/5039/5039 5043/5043/5043 5041/5041/5041
f 5046/5046/5046 5044/5044/5044 5045/5045/5045
f 5052/5052/5052 5058/5058/5058 5053/5053/5053
f 5055/5055/5055 5037/5037/5037 5034/5034/5034
f 5044/5044/5044 5046/5046/5046 5047/5047/5047
f 5049/5049/5049 5047/5047/5047 5048/5048/5048
f 5050/5050/5050 5049/5049/5049 5048/5048/5048
f 5050/5050/5050 5054/5054/5054 5051/5051/5051
f 5047/5047/5047 5049/5049/5049 5044/5044/5044
f 5029/5029/5029 5033/5033/5033 5036/5036/5036
f 5038/5038/5038 5040/5040/5040 5062/5062/5062
f 5042/5042/5042 5045/5045/5045 5043/5043/5043
f 5049/5049/5049 5050/5050/5050 5051/5051/5051
f 5054/5054/5054 5052/5052/5052 5053/5053/5053
f 5052/5052/5052 5054/5054/5054 5050/5050/5050
f 5026/5026/5026 5032/5032/5032 5030/5030/5030
f 5032/5032/5032 5026/5026/5026 5031/5031/5031
f 5026/5026/5026 5025/5025/5025 5031/5031/5031
f 5057/5057/5057 5055/5055/5055 5053/5053/5053
f 5057/5057/5057 5053/5053/5053 5058/5058/5058
f 5058/5058/5058 5052/5052/5052 5059/5059/5059
f 5061/5061/5061 5052/5052/5052 5060/5060/5060
f 5037/5037/5037 5055/5055/5055 5056/5056/5056
f 5040/5040/5040 5039/5039/5039 5041/5041/5041
f 5040/5040/5040 5038/5038/5038 5039/5039/5039
f 5035/5035/5035 5034/5034/5034 5037/5037/5037
f 5052/5052/5052 5061/5061/5061 5059/5059/5059
f 5030/5030/5030 5028/5028/5028 5029/5029/5029
f 5024/5024/5024 5023/5023/5023 5027/5027/5027
f 5034/5034/5034 5036/5036/5036 5033/5033/5033
f 5036/5036/5036 5034/5034/5034 5035/5035/5035
f 5033/5033/5033 5029/5029/5029 5028/5028/5028
f 5023/5023/5023 5025/5025/5025 5026/5026/5026
f 5055/5055/5055 5057/5057/5057 5056/5056/5056
f 5046/5046/5046 5045/5045/5045 5042/5042/5042
f 5028/5028/5028 5030/5030/5030 5032/5032/5032
f 5025/5025/5025 5023/5023/5023 5024/5024/5024
f 4617/4617/4617 4619/4619/4619 4652/4652/4652
f 4619/4619/4619 4621/4621/4621 4652/4652/4652
f 4621/4621/4621 4620/4620/4620 4651/4651/4651
f 4620/4620/4620 4622/4622/4622 4651/4651/4651
f 4622/4622/4622 4624/4624/4624 4651/4651/4651
f 4623/4623/4623 4626/4626/4626 4624/4624/4624
f 4625/4625/4625 4628/4628/4628 4626/4626/4626
f 4627/4627/4627 4630/4630/4630 4628/4628/4628
f 4630/4630/4630 4629/4629/4629 4632/4632/4632
f 4629/4629/4629 4633/4633/4633 4632/4632/4632
f 4631/4631/4631 4633/4633/4633 4635/4635/4635
f 4634/4634/4634 4635/4635/4635 4650/4650/4650
f 4634/4634/4634 4650/4650/4650 4638/4638/4638
f 4636/4636/4636 4638/4638/4638 4650/4650/4650
f 4636/4636/4636 4640/4640/4640 4637/4637/4637
f 4641/4641/4641 4639/4639/4639 4643/4643/4643
f 4642/4642/4642 4643/4643/4643 4649/4649/4649
f 4642/4642/4642 4649/4649/4649 4646/4646/4646
f 4644/4644/4644 4646/4646/4646 4649/4649/4649
f 4647/4647/4647 4644/4644/4644 4648/4648/4648
f 4647/4647/4647 4603/4603/4603 4602/4602/4602
f 4603/4603/4603 4647/4647/4647 4648/4648/4648
f 4616/4616/4616 4618/4618/4618 4617/4617/4617
f 4646/4646/4646 4644/4644/4644 4645/4645/4645
f 4643/4643/4643 4642/4642/4642 4641/4641/4641
f 4639/4639/4639 4641/4641/4641 4640/4640/4640
f 4640/4640/4640 4636/4636/4636 4639/4639/4639
f 4638/4638/4638 4636/4636/4636 4637/4637/4637
f 4635/4635/4635 4634/4634/4634 4631/4631/4631
f 4633/4633/4633 4631/4631/4631 4632/4632/4632
f 4630/4630/4630 4627/4627/4627 4629/4629/4629
f 4628/4628/4628 4625/4625/4625 4627/4627/4627
f 4626/4626/4626 4623/4623/4623 4625/4625/4625
f 4624/4624/4624 4622/4622/4622 4623/4623/4623
f 4621/4621/4621 4619/4619/4619 4620/4620/4620
f 4619/4619/4619 4617/4617/4617 4618/4618/4618
f 4616/4616/4616 4606/4606/4606 4605/4605/4605
f 4615/4615/4615 4614/4614/4614 4613/4613/4613
f 4613/4613/4613 4612/4612/4612 4610/4610/4610
f 4611/4611/4611 4608/4608/4608 4610/4610/4610
f 4609/4609/4609 4607/4607/4607 4608/4608/4608
f 4607/4607/4607 4605/4605/4605 4606/4606/4606
f 4604/4604/4604 4602/4602/4602 4603/4603/4603
f 4601/4601/4601 4600/4600/4600 4597/4597/4597
f 4599/4599/4599 4597/4597/4597 4598/4598/4598
f 4606/4606/4606 4616/4616/4616 4617/4617/4617
f 4614/4614/4614 4615/4615/4615 4653/4653/4653
f 4612/4612/4612 4613/4613/4613 4614/4614/4614
f 4611/4611/4611 4610/4610/4610 4612/4612/4612
f 4608/4608/4608 4611/4611/4611 4609/4609/4609
f 4607/4607/4607 4609/4609/4609 4654/4654/4654
f 4644/4644/4644 4647/4647/4647 4645/4645/4645
f 4605/4605/4605 4607/4607/4607 4654/4654/4654
f 4600/4600/4600 4601/4601/4601 4602/4602/4602
f 4602/4602/4602 4604/4604/4604 4600/4600/4600
f 4597/4597/4597 4599/4599/4599 4601/4601/4601
f 4655/4655/4655 4657/4657/4657 4660/4660/4660
f 4658/4658/4658 4657/4657/4657 4656/4656/4656
f 4657/4657/4657 4658/4658/4658 4659/4659/4659
f 4657/4657/4657 4655/4655/4655 4656/4656/4656
f 4592/4592/4592 4594/4594/4594 4595/4595/4595
f 4594/4594/4594 4592/4592/4592 4593/4593/4593
f 4595/4595/4595 4594/4594/4594 4596/4596/4596
f 5112/5112/5112 5100/5100/5100 5113/5113/5113
f 5149/5149/5149 5147/5147/5147 5148/5148/5148
f 5146/5146/5146 5144/5144/5144 5145/5145/5145
f 5130/5130/5130 5129/5129/5129 5143/5143/5143
f 5108/5108/5108 5093/5093/5093 5107/5107/5107
f 5092/5092/5092 5094/5094/5094 5109/5109/5109
f 5095/5095/5095 5096/5096/5096 5110/5110/5110
f 5087/5087/5087 5088/5088/5088 5111/5111/5111
f 5099/5099/5099 5087/5087/5087 5111/5111/5111
f 5114/5114/5114 5112/5112/5112 5113/5113/5113
f 5117/5117/5117 5115/5115/5115 5116/5116/5116
f 5120/5120/5120 5118/5118/5118 5119/5119/5119
f 5101/5101/5101 5103/5103/5103 5121/5121/5121
f 5122/5122/5122 5090/5090/5090 5121/5121/5121
f 5115/5115/5115 5117/5117/5117 5150/5150/5150
f 5106/5106/5106 5089/5089/5089 5124/5124/5124
f 5133/5133/5133 5115/5115/5115 5150/5150/5150
f 5119/5119/5119 5118/5118/5118 5151/5151/5151
f 5142/5142/5142 5129/5129/5129 5140/5140/5140
f 5141/5141/5141 5140/5140/5140 5139/5139/5139
f 5092/5092/5092 5128/5128/5128 5139/5139/5139
f 5090/5090/5090 5122/5122/5122 5123/5123/5123
f 5125/5125/5125 5105/5105/5105 5136/5136/5136
f 5126/5126/5126 5093/5093/5093 5138/5138/5138
f 5093/5093/5093 5108/5108/5108 5137/5137/5137
f 5105/5105/5105 5125/5125/5125 5107/5107/5107
f 5092/5092/5092 5109/5109/5109 5127/5127/5127
f 5139/5139/5139 5128/5128/5128 5152/5152/5152
f 5141/5141/5141 5139/5139/5139 5153/5153/5153
f 5129/5129/5129 5142/5142/5142 5154/5154/5154
f 5156/5156/5156 5140/5140/5140 5155/5155/5155
f 5129/5129/5129 5131/5131/5131 5157/5157/5157
f 5158/5158/5158 5145/5145/5145 5157/5157/5157
f 5106/5106/5106 5105/5105/5105 5089/5089/5089
f 5091/5091/5091 5090/5090/5090 5104/5104/5104
f 5103/5103/5103 5101/5101/5101 5102/5102/5102
f 5100/5100/5100 5087/5087/5087 5099/5099/5099
f 5088/5088/5088 5084/5084/5084 5098/5098/5098
f 5105/5105/5105 5106/5106/5106 5136/5136/5136
f 5122/5122/5122 5121/5121/5121 5135/5135/5135
f 5102/5102/5102 5101/5101/5101 5134/5134/5134
f 5158/5158/5158 5157/5157/5157 5165/5165/5165
f 5118/5118/5118 5120/5120/5120 5101/5101/5101
f 5133/5133/5133 5118/5118/5118 5115/5115/5115
f 5086/5086/5086 5085/5085/5085 5097/5097/5097
f 5096/5096/5096 5095/5095/5095 5085/5085/5085
f 5094/5094/5094 5092/5092/5092 5093/5093/5093
f 5144/5144/5144 5146/5146/5146 5159/5159/5159
f 5161/5161/5161 5144/5144/5144 5160/5160/5160
f 5091/5091/5091 5089/5089/5089 5090/5090/5090
f 5088/5088/5088 5087/5087/5087 5084/5084/5084
f 5086/5086/5086 5084/5084/5084 5085/5085/5085
f 5157/5157/5157 5164/5164/5164 5165/5165/5165
f 5147/5147/5147 5161/5161/5161 5148/5148/5148
f 5170/5170/5170 5162/5162/5162 5169/5169/5169
f 5140/5140/5140 5141/5141/5141 5155/5155/5155
f 5162/5162/5162 5110/5110/5110 5096/5096/5096
f 5147/5147/5147 5149/5149/5149 5162/5162/5162
f 5116/5116/5116 5114/5114/5114 5132/5132/5132
f 5101/5101/5101 5120/5120/5120 5134/5134/5134
f 5089/5089/5089 5091/5091/5091 5124/5124/5124
f 5139/5139/5139 5152/5152/5152 5163/5163/5163
f 5144/5144/5144 5159/5159/5159 5160/5160/5160
f 5085/5085/5085 5095/5095/5095 5097/5097/5097
f 5153/5153/5153 5139/5139/5139 5163/5163/5163
f 5140/5140/5140 5156/5156/5156 5142/5142/5142
f 5157/5157/5157 5131/5131/5131 5164/5164/5164
f 5121/5121/5121 5103/5103/5103 5135/5135/5135
f 5110/5110/5110 5162/5162/5162 5170/5170/5170
f 5117/5117/5117 5116/5116/5116 5132/5132/5132
f 5162/5162/5162 5167/5167/5167 5169/5169/5169
f 5104/5104/5104 5090/5090/5090 5123/5123/5123
f 5166/5166/5166 5145/5145/5145 5168/5168/5168
f 5145/5145/5145 5158/5158/5158 5168/5168/5168
f 5129/5129/5129 5154/5154/5154 5143/5143/5143
f 5093/5093/5093 5137/5137/5137 5138/5138/5138
f 5118/5118/5118 5133/5133/5133 5151/5151/5151
f 5162/5162/5162 5149/5149/5149 5167/5167/5167
f 5144/5144/5144 5161/5161/5161 5147/5147/5147
f 5146/5146/5146 5145/5145/5145 5166/5166/5166
f 5108/5108/5108 5107/5107/5107 5125/5125/5125
f 5094/5094/5094 5093/5093/5093 5126/5126/5126
f 5128/5128/5128 5092/5092/5092 5127/5127/5127
f 5131/5131/5131 5129/5129/5129 5130/5130/5130
f 5084/5084/5084 5086/5086/5086 5098/5098/5098
f 5087/5087/5087 5100/5100/5100 5112/5112/5112
f 5112/5112/5112 5114/5114/5114 5116/5116/5116
f 4661/4661/4661 4663/4663/4663 4664/4664/4664
f 4663/4663/4663 4661/4661/4661 4662/4662/4662
f 4674/4674/4674 4672/4672/4672 4673/4673/4673
f 4672/4672/4672 4674/4674/4674 4675/4675/4675
f 4689/4689/4689 4695/4695/4695 4747/4747/4747
f 4691/4691/4691 4689/4689/4689 4690/4690/4690
f 4689/4689/4689 4692/4692/4692 4690/4690/4690
f 4692/4692/4692 4689/4689/4689 4693/4693/4693
f 4689/4689/4689 4691/4691/4691 4694/4694/4694
f 4689/4689/4689 4694/4694/4694 4695/4695/4695
f 4723/4723/4723 4722/4722/4722 4726/4726/4726
f 4697/4697/4697 4692/4692/4692 4693/4693/4693
f 4692/4692/4692 4697/4697/4697 4696/4696/4696
f 4696/4696/4696 4698/4698/4698 4699/4699/4699
f 4701/4701/4701 4700/4700/4700 4696/4696/4696
f 4701/4701/4701 4696/4696/4696 4699/4699/4699
f 4700/4700/4700 4701/4701/4701 4702/4702/4702
f 4698/4698/4698 4696/4696/4696 4697/4697/4697
f 4714/4714/4714 4715/4715/4715 4716/4716/4716
f 4724/4724/4724 4725/4725/4725 4729/4729/4729
f 4730/4730/4730 4728/4728/4728 4731/4731/4731
f 4733/4733/4733 4732/4732/4732 4736/4736/4736
f 4734/4734/4734 4735/4735/4735 4739/4739/4739
f 4722/4722/4722 4719/4719/4719 4721/4721/4721
f 4719/4719/4719 4722/4722/4722 4723/4723/4723
f 4725/4725/4725 4724/4724/4724 4723/4723/4723
f 4725/4725/4725 4723/4723/4723 4726/4726/4726
f 4728/4728/4728 4724/4724/4724 4727/4727/4727
f 4727/4727/4727 4724/4724/4724 4729/4729/4729
f 4724/4724/4724 4728/4728/4728 4730/4730/4730
f 4732/4732/4732 4730/4730/4730 4731/4731/4731
f 4737/4737/4737 4738/4738/4738 4740/4740/4740
f 4742/4742/4742 4741/4741/4741 4743/4743/4743
f 4742/4742/4742 4744/4744/4744 4746/4746/4746
f 4746/4746/4746 4744/4744/4744 4745/4745/4745
f 4744/4744/4744 4742/4742/4742 4743/4743/4743
f 4737/4737/4737 4741/4741/4741 4742/4742/4742
f 4741/4741/4741 4737/4737/4737 4740/4740/4740
f 4738/4738/4738 4734/4734/4734 4739/4739/4739
f 4738/4738/4738 4737/4737/4737 4734/4734/4734
f 4735/4735/4735 4733/4733/4733 4736/4736/4736
f 4735/4735/4735 4734/4734/4734 4733/4733/4733
f 4702/4702/4702 4703/4703/4703 4700/4700/4700
f 4703/4703/4703 4702/4702/4702 4704/4704/4704
f 4706/4706/4706 4705/4705/4705 4703/4703/4703
f 4705/4705/4705 4706/4706/4706 4707/4707/4707
f 4706/4706/4706 4703/4703/4703 4704/4704/4704
f 4705/4705/4705 4707/4707/4707 4708/4708/4708
f 4710/4710/4710 4709/4709/4709 4705/4705/4705
f 4716/4716/4716 4718/4718/4718 4714/4714/4714
f 4719/4719/4719 4720/4720/4720 4721/4721/4721
f 4720/4720/4720 4718/4718/4718 4717/4717/4717
f 4720/4720/4720 4719/4719/4719 4718/4718/4718
f 4718/4718/4718 4716/4716/4716 4717/4717/4717
f 4715/4715/4715 4713/4713/4713 4712/4712/4712
f 4715/4715/4715 4714/4714/4714 4713/4713/4713
f 4709/4709/4709 4712/4712/4712 4713/4713/4713
f 4712/4712/4712 4709/4709/4709 4711/4711/4711
f 4709/4709/4709 4710/4710/4710 4711/4711/4711
f 4710/4710/4710 4705/4705/4705 4708/4708/4708
f 4730/4730/4730 4732/4732/4732 4733/4733/4733
f 4494/4494/4494 4500/4500/4500 4496/4496/4496
f 4497/4497/4497 4499/4499/4499 4500/4500/4500
f 4491/4491/4491 4495/4495/4495 4492/4492/4492
f 4491/4491/4491 4493/4493/4493 4502/4502/4502
f 4500/4500/4500 4494/4494/4494 4497/4497/4497
f 4499/4499/4499 4497/4497/4497 4498/4498/4498
f 4495/4495/4495 4494/4494/4494 4496/4496/4496
f 4495/4495/4495 4491/4491/4491 4494/4494/4494
f 4493/4493/4493 4491/4491/4491 4492/4492/4492
f 4496/4496/4496 4500/4500/4500 4501/4501/4501
f 4505/4505/4505 4503/4503/4503 4504/4504/4504
f 4503/4503/4503 4505/4505/4505 4506/4506/4506
f 4509/4509/4509 4507/4507/4507 4508/4508/4508
f 4507/4507/4507 4509/4509/4509 4510/4510/4510
f 4512/4512/4512 4507/4507/4507 4511/4511/4511
f 4507/4507/4507 4512/4512/4512 4513/4513/4513
f 4515/4515/4515 4514/4514/4514 4513/4513/4513
f 4515/4515/4515 4513/4513/4513 4516/4516/4516
f 4518/4518/4518 4517/4517/4517 4514/4514/4514
f 4520/4520/4520 4517/4517/4517 4519/4519/4519
f 4517/4517/4517 4520/4520/4520 4521/4521/4521
f 4507/4507/4507 4510/4510/4510 4511/4511/4511
f 4513/4513/4513 4512/4512/4512 4516/4516/4516
f 4514/4514/4514 4515/4515/4515 4518/4518/4518
f 4523/4523/4523 4521/4521/4521 4522/4522/4522
f 4517/4517/4517 4518/4518/4518 4519/4519/4519
f 4521/4521/4521 4520/4520/4520 4522/4522/4522
f 4524/4524/4524 4523/4523/4523 4527/4527/4527
f 4525/4525/4525 4526/4526/4526 4528/4528/4528
f 4530/4530/4530 4529/4529/4529 4531/4531/4531
f 4525/4525/4525 4529/4529/4529 4530/4530/4530
f 4529/4529/4529 4525/4525/4525 4528/4528/4528
f 4526/4526/4526 4524/4524/4524 4527/4527/4527
f 4526/4526/4526 4525/4525/4525 4524/4524/4524
f 4521/4521/4521 4523/4523/4523 4524/4524/4524
f 4534/4534/4534 4532/4532/4532 4533/4533/4533
f 4532/4532/4532 4534/4534/4534 4535/4535/4535
f 4554/4554/4554 4558/4558/4558 4559/4559/4559
f 4561/4561/4561 4559/4559/4559 4560/4560/4560
f 4559/4559/4559 4561/4561/4561 4562/4562/4562
f 4559/4559/4559 4558/4558/4558 4560/4560/4560
f 4554/4554/4554 4555/4555/4555 4557/4557/4557
f 4552/4552/4552 4551/4551/4551 4550/4550/4550
f 4552/4552/4552 4550/4550/4550 4553/4553/4553
f 4555/4555/4555 4554/4554/4554 4551/4551/4551
f 4548/4548/4548 4549/4549/4549 4550/4550/4550
f 4555/4555/4555 4551/4551/4551 4556/4556/4556
f 4558/4558/4558 4554/4554/4554 4557/4557/4557
f 4549/4549/4549 4548/4548/4548 4547/4547/4547
f 4547/4547/4547 4543/4543/4543 4546/4546/4546
f 4544/4544/4544 4542/4542/4542 4545/4545/4545
f 4544/4544/4544 4543/4543/4543 4542/4542/4542
f 4539/4539/4539 4541/4541/4541 4542/4542/4542
f 4541/4541/4541 4539/4539/4539 4540/4540/4540
f 4536/4536/4536 4538/4538/4538 4539/4539/4539
f 4539/4539/4539 4538/4538/4538 4540/4540/4540
f 4538/4538/4538 4536/4536/4536 4537/4537/4537
f 4550/4550/4550 4549/4549/4549 4553/4553/4553
f 4543/4543/4543 4547/4547/4547 4548/4548/4548
f 4542/4542/4542 4541/4541/4541 4545/4545/4545
f 4543/4543/4543 4544/4544/4544 4546/4546/4546
f 4551/4551/4551 4552/4552/4552 4556/4556/4556
f 6744/6744/6744 6742/6742/6742 6743/6743/6743
f 6742/6742/6742 6745/6745/6745 6746/6746/6746
f 6742/6742/6742 6744/6744/6744 6747/6747/6747
f 6745/6745/6745 6747/6747/6747 6748/6748/6748
f 6745/6745/6745 6742/6742/6742 6747/6747/6747
f 6773/6773/6773 6771/6771/6771 6772/6772/6772
f 6775/6775/6775 6773/6773/6773 6774/6774/6774
f 6777/6777/6777 6772/6772/6772 6776/6776/6776
f 6771/6771/6771 6773/6773/6773 6775/6775/6775
f 6772/6772/6772 6777/6777/6777 6773/6773/6773
f 6777/6777/6777 6776/6776/6776 6778/6778/6778
f 4680/4680/4680 4676/4676/4676 4682/4682/4682
f 4686/4686/4686 4684/4684/4684 4685/4685/4685
f 4676/4676/4676 4679/4679/4679 4682/4682/4682
f 4684/4684/4684 4686/4686/4686 4683/4683/4683
f 4687/4687/4687 4684/4684/4684 4683/4683/4683
f 4687/4687/4687 4683/4683/4683 4682/4682/4682
f 4678/4678/4678 4676/4676/4676 4677/4677/4677
f 4676/4676/4676 4678/4678/4678 4679/4679/4679
f 4676/4676/4676 4680/4680/4680 4681/4681/4681
f 4684/4684/4684 4687/4687/4687 4688/4688/4688
f 4680/4680/4680 4682/4682/4682 4683/4683/4683
f 4754/4754/4754 4752/4752/4752 4753/4753/4753
f 4759/4759/4759 4757/4757/4757 4758/4758/4758
f 4753/4753/4753 4756/4756/4756 4757/4757/4757
f 4756/4756/4756 4753/4753/4753 4752/4752/4752
f 4757/4757/4757 4756/4756/4756 4758/4758/4758
f 4757/4757/4757 4759/4759/4759 4760/4760/4760
f 4760/4760/4760 4761/4761/4761 4762/4762/4762
f 4761/4761/4761 4760/4760/4760 4759/4759/4759
f 4752/4752/4752 4754/4754/4754 4763/4763/4763
f 4754/4754/4754 4753/4753/4753 4755/4755/4755
f 4668/4668/4668 4670/4670/4670 4671/4671/4671
f 4669/4669/4669 4668/4668/4668 4665/4665/4665
f 4665/4665/4665 4667/4667/4667 4669/4669/4669
f 4668/4668/4668 4669/4669/4669 4670/4670/4670
f 4667/4667/4667 4665/4665/4665 4666/4666/4666
f 4768/4768/4768 4767/4767/4767 4764/4764/4764
f 4766/4766/4766 4764/4764/4764 4765/4765/4765
f 4764/4764/4764 4766/4766/4766 4768/4768/4768
f 4767/4767/4767 4768/4768/4768 4769/4769/4769
f 4580/4580/4580 4574/4574/4574 4573/4573/4573
f 4575/4575/4575 4573/4573/4573 4574/4574/4574
f 4578/4578/4578 4576/4576/4576 4577/4577/4577
f 4576/4576/4576 4578/4578/4578 4579/4579/4579
f 4579/4579/4579 4578/4578/4578 4573/4573/4573
f 4573/4573/4573 4575/4575/4575 4579/4579/4579
f 4582/4582/4582 4581/4581/4581 4574/4574/4574
f 4581/4581/4581 4582/4582/4582 4583/4583/4583
f 4574/4574/4574 4580/4580/4580 4582/4582/4582
f 4577/4577/4577 4576/4576/4576 4584/4584/4584
f 4578/4578/4578 4580/4580/4580 4573/4573/4573
f 4581/4581/4581 4575/4575/4575 4574/4574/4574
f 4565/4565/4565 4563/4563/4563 4564/4564/4564
f 4563/4563/4563 4565/4565/4565 4567/4567/4567
f 4569/4569/4569 4563/4563/4563 4568/4568/4568
f 4563/4563/4563 4569/4569/4569 4564/4564/4564
f 4568/4568/4568 4563/4563/4563 4570/4570/4570
f 4564/4564/4564 4569/4569/4569 4571/4571/4571
f 4563/4563/4563 4567/4567/4567 4572/4572/4572
f 4565/4565/4565 4564/4564/4564 4566/4566/4566
f 6762/6762/6762 6769/6769/6769 6770/6770/6770
f 6765/6765/6765 6764/6764/6764 6763/6763/6763
f 6764/6764/6764 6765/6765/6765 6766/6766/6766
f 6764/6764/6764 6766/6766/6766 6767/6767/6767
f 6762/6762/6762 6764/6764/6764 6768/6768/6768
f 6762/6762/6762 6768/6768/6768 6769/6769/6769
f 6764/6764/6764 6762/6762/6762 6763/6763/6763
f 6751/6751/6751 6749/6749/6749 6750/6750/6750
f 6749/6749/6749 6751/6751/6751 6752/6752/6752
f 4590/4590/4590 4586/4586/4586 4591/4591/4591
f 4585/4585/4585 4587/4587/4587 4588/4588/4588
f 4585/4585/4585 4588/4588/4588 4589/4589/4589
f 4587/4587/4587 4586/4586/4586 4590/4590/4590
f 4587/4587/4587 4585/4585/4585 4586/4586/4586
f 262/262/262 258/258/258 261/261/261
f 257/257/257 259/259/259 260/260/260
f 259/259/259 257/257/257 258/258/258
f 256/256/256 254/254/254 255/255/255
f 254/254/254 256/256/256 260/260/260
f 257/257/257 260/260/260 256/256/256
f 261/261/261 263/263/263 262/262/262
f 258/258/258 262/262/262 259/259/259
f 341/341/341 345/345/345 340/340/340
f 347/347/347 340/340/340 346/346/346
f 332/332/332 335/335/335 333/333/333
f 345/345/345 341/341/341 344/344/344
f 338/338/338 339/339/339 348/348/348
f 333/333/333 340/340/340 339/339/339
f 335/335/335 341/341/341 340/340/340
f 342/342/342 337/337/337 336/336/336
f 341/341/341 343/343/343 355/355/355
f 355/355/355 344/344/344 341/341/341
f 340/340/340 345/345/345 346/346/346
f 333/333/333 331/331/331 332/332/332
f 335/335/335 332/332/332 334/334/334
f 340/340/340 347/347/347 339/339/339
f 337/337/337 334/334/334 336/336/336
f 339/339/339 338/338/338 333/333/333
f 340/340/340 333/333/333 335/335/335
f 341/341/341 335/335/335 337/337/337
f 331/331/331 333/333/333 338/338/338
f 337/337/337 342/342/342 343/343/343
f 343/343/343 341/341/341 337/337/337
f 339/339/339 347/347/347 350/350/350
f 348/348/348 349/349/349 354/354/354
f 354/354/354 351/351/351 348/348/348
f 348/348/348 352/352/352 338/338/338
f 353/353/353 338/338/338 352/352/352
f 338/338/338 353/353/353 331/331/331
f 352/352/352 348/348/348 351/351/351
f 349/349/349 339/339/339 350/350/350
f 349/349/349 348/348/348 339/339/339
f 334/334/334 337/337/337 335/335/335
f 23/23/23 24/24/24 25/25/25
f 23/23/23 26/26/26 27/27/27
f 30/30/30 31/31/31 35/35/35
f 36/36/36 38/38/38 33/33/33
f 38/38/38 39/39/39 40/40/40
f 22/22/22 20/20/20 24/24/24
f 19/19/19 21/21/21 41/41/41
f 34/34/34 33/33/33 30/30/30
f 31/31/31 29/29/29 32/32/32
f 31/31/31 30/30/30 29/29/29
f 27/27/27 28/28/28 29/29/29
f 28/28/28 27/27/27 26/26/26
f 39/39/39 38/38/38 37/37/37
f 38/38/38 36/36/36 37/37/37
f 26/26/26 23/23/23 25/25/25
f 24/24/24 23/23/23 22/22/22
f 20/20/20 22/22/22 21/21/21
f 21/21/21 19/19/19 20/20/20
f 34/34/34 30/30/30 35/35/35
f 33/33/33 34/34/34 36/36/36
f 29/29/29 28/28/28 32/32/32
f 1/1/1 3/3/3 16/16/16
f 4/4/4 6/6/6 15/15/15
f 13/13/13 1/1/1 14/14/14
f 4/4/4 12/12/12 10/10/10
f 9/9/9 1/1/1 13/13/13
f 11/11/11 17/17/17 18/18/18
f 8/8/8 4/4/4 10/10/10
f 7/7/7 1/1/1 9/9/9
f 5/5/5 4/4/4 8/8/8
f 2/2/2 1/1/1 7/7/7
f 6/6/6 4/4/4 5/5/5
f 14/14/14 18/18/18 17/17/17
f 14/14/14 1/1/1 18/18/18
f 12/12/12 4/4/4 11/11/11
f 11/11/11 4/4/4 17/17/17
f 3/3/3 1/1/1 2/2/2
f 6084/6084/6084 6082/6082/6082 6083/6083/6083
f 6082/6082/6082 6084/6084/6084 6085/6085/6085
f 6085/6085/6085 6084/6084/6084 6086/6086/6086
f 6107/6107/6107 6106/6106/6106 6108/6108/6108
f 6106/6106/6106 6104/6104/6104 6105/6105/6105
f 6104/6104/6104 6106/6106/6106 6107/6107/6107
f 6109/6109/6109 6111/6111/6111 6112/6112/6112
f 6114/6114/6114 6110/6110/6110 6116/6116/6116
f 6115/6115/6115 6117/6117/6117 6118/6118/6118
f 6120/6120/6120 6119/6119/6119 6123/6123/6123
f 6121/6121/6121 6122/6122/6122 6126/6126/6126
f 6124/6124/6124 6125/6125/6125 6129/6129/6129
f 6127/6127/6127 6124/6124/6124 6129/6129/6129
f 6124/6124/6124 6127/6127/6127 6128/6128/6128
f 6125/6125/6125 6121/6121/6121 6126/6126/6126
f 6125/6125/6125 6124/6124/6124 6121/6121/6121
f 6122/6122/6122 6120/6120/6120 6123/6123/6123
f 6122/6122/6122 6121/6121/6121 6120/6120/6120
f 6115/6115/6115 6119/6119/6119 6120/6120/6120
f 6119/6119/6119 6115/6115/6115 6118/6118/6118
f 6115/6115/6115 6116/6116/6116 6117/6117/6117
f 6116/6116/6116 6115/6115/6115 6114/6114/6114
f 6110/6110/6110 6114/6114/6114 6111/6111/6111
f 6109/6109/6109 6112/6112/6112 6113/6113/6113
f 6111/6111/6111 6109/6109/6109 6110/6110/6110
f 6132/6132/6132 6130/6130/6130 6131/6131/6131
f 6132/6132/6132 6131/6131/6131 6133/6133/6133
f 6130/6130/6130 6132/6132/6132 6134/6134/6134
f 6093/6093/6093 6095/6095/6095 6099/6099/6099
f 6087/6087/6087 6089/6089/6089 6090/6090/6090
f 6101/6101/6101 6100/6100/6100 6098/6098/6098
f 6090/6090/6090 6092/6092/6092 6087/6087/6087
f 6096/6096/6096 6094/6094/6094 6093/6093/6093
f 6095/6095/6095 6093/6093/6093 6094/6094/6094
f 6091/6091/6091 6090/6090/6090 6098/6098/6098
f 6089/6089/6089 6087/6087/6087 6088/6088/6088
f 6098/6098/6098 6090/6090/6090 6101/6101/6101
f 6103/6103/6103 6102/6102/6102 6100/6100/6100
f 6093/6093/6093 6099/6099/6099 6102/6102/6102
f 6092/6092/6092 6090/6090/6090 6091/6091/6091
f 6093/6093/6093 6102/6102/6102 6103/6103/6103
f 6100/6100/6100 6101/6101/6101 6103/6103/6103
f 6094/6094/6094 6096/6096/6096 6097/6097/6097
f 6154/6154/6154 6156/6156/6156 6157/6157/6157
f 6156/6156/6156 6154/6154/6154 6155/6155/6155
f 6154/6154/6154 6157/6157/6157 6158/6158/6158
f 6178/6178/6178 6176/6176/6176 6177/6177/6177
f 6179/6179/6179 6178/6178/6178 6180/6180/6180
f 6176/6176/6176 6178/6178/6178 6179/6179/6179
f 6186/6186/6186 6182/6182/6182 6188/6188/6188
f 6187/6187/6187 6189/6189/6189 6190/6190/6190
f 6192/6192/6192 6191/6191/6191 6195/6195/6195
f 6193/6193/6193 6194/6194/6194 6198/6198/6198
f 6196/6196/6196 6197/6197/6197 6201/6201/6201
f 6199/6199/6199 6196/6196/6196 6201/6201/6201
f 6196/6196/6196 6199/6199/6199 6200/6200/6200
f 6197/6197/6197 6193/6193/6193 6198/6198/6198
f 6197/6197/6197 6196/6196/6196 6193/6193/6193
f 6183/6183/6183 6181/6181/6181 6182/6182/6182
f 6194/6194/6194 6192/6192/6192 6195/6195/6195
f 6194/6194/6194 6193/6193/6193 6192/6192/6192
f 6187/6187/6187 6191/6191/6191 6192/6192/6192
f 6191/6191/6191 6187/6187/6187 6190/6190/6190
f 6187/6187/6187 6188/6188/6188 6189/6189/6189
f 6188/6188/6188 6187/6187/6187 6186/6186/6186
f 6181/6181/6181 6184/6184/6184 6185/6185/6185
f 6181/6181/6181 6183/6183/6183 6184/6184/6184
f 6182/6182/6182 6186/6186/6186 6183/6183/6183
f 6204/6204/6204 6203/6203/6203 6205/6205/6205
f 6202/6202/6202 6204/6204/6204 6206/6206/6206
f 6204/6204/6204 6202/6202/6202 6203/6203/6203
f 6166/6166/6166 6164/6164/6164 6165/6165/6165
f 6163/6163/6163 6159/6159/6159 6162/6162/6162
f 6169/6169/6169 6167/6167/6167 6168/6168/6168
f 6159/6159/6159 6163/6163/6163 6160/6160/6160
f 6167/6167/6167 6169/6169/6169 6164/6164/6164
f 6159/6159/6159 6161/6161/6161 6170/6170/6170
f 6162/6162/6162 6159/6159/6159 6172/6172/6172
f 6168/6168/6168 6167/6167/6167 6171/6171/6171
f 6162/6162/6162 6172/6172/6172 6173/6173/6173
f 6173/6173/6173 6171/6171/6171 6174/6174/6174
f 6164/6164/6164 6166/6166/6166 6167/6167/6167
f 6171/6171/6171 6173/6173/6173 6172/6172/6172
f 6171/6171/6171 6167/6167/6167 6175/6175/6175
f 6171/6171/6171 6175/6175/6175 6174/6174/6174
f 6161/6161/6161 6159/6159/6159 6160/6160/6160
f 5319/5319/5319 5317/5317/5317 5318/5318/5318
f 5328/5328/5328 5330/5330/5330 5331/5331/5331
f 5322/5322/5322 5320/5320/5320 5321/5321/5321
f 5322/5322/5322 5321/5321/5321 5319/5319/5319
f 5324/5324/5324 5323/5323/5323 5320/5320/5320
f 5324/5324/5324 5320/5320/5320 5325/5325/5325
f 5327/5327/5327 5323/5323/5323 5326/5326/5326
f 5323/5323/5323 5327/5327/5327 5328/5328/5328
f 5330/5330/5330 5328/5328/5328 5329/5329/5329
f 5317/5317/5317 5319/5319/5319 5321/5321/5321
f 5320/5320/5320 5322/5322/5322 5325/5325/5325
f 5323/5323/5323 5324/5324/5324 5326/5326/5326
f 5331/5331/5331 5330/5330/5330 5333/5333/5333
f 5332/5332/5332 5333/5333/5333 5334/5334/5334
f 5333/5333/5333 5332/5332/5332 5331/5331/5331
f 5328/5328/5328 5327/5327/5327 5329/5329/5329
f 5353/5353/5353 5351/5351/5351 5352/5352/5352
f 5354/5354/5354 5353/5353/5353 5355/5355/5355
f 5351/5351/5351 5353/5353/5353 5354/5354/5354
f 5368/5368/5368 5369/5369/5369 5373/5373/5373
f 5367/5367/5367 5366/5366/5366 5370/5370/5370
f 5368/5368/5368 5372/5372/5372 5374/5374/5374
f 5375/5375/5375 5374/5374/5374 5372/5372/5372
f 5371/5371/5371 5368/5368/5368 5373/5373/5373
f 5372/5372/5372 5368/5368/5368 5371/5371/5371
f 5362/5362/5362 5364/5364/5364 5365/5365/5365
f 5369/5369/5369 5367/5367/5367 5370/5370/5370
f 5369/5369/5369 5368/5368/5368 5367/5367/5367
f 5362/5362/5362 5366/5366/5366 5367/5367/5367
f 5360/5360/5360 5361/5361/5361 5363/5363/5363
f 5358/5358/5358 5356/5356/5356 5357/5357/5357
f 5356/5356/5356 5359/5359/5359 5361/5361/5361
f 5366/5366/5366 5362/5362/5362 5365/5365/5365
f 5362/5362/5362 5363/5363/5363 5364/5364/5364
f 5363/5363/5363 5362/5362/5362 5360/5360/5360
f 5361/5361/5361 5360/5360/5360 5356/5356/5356
f 5356/5356/5356 5358/5358/5358 5359/5359/5359
f 5374/5374/5374 5375/5375/5375 5376/5376/5376
f 5379/5379/5379 5378/5378/5378 5380/5380/5380
f 5379/5379/5379 5377/5377/5377 5378/5378/5378
f 5377/5377/5377 5379/5379/5379 5381/5381/5381
f 5342/5342/5342 5338/5338/5338 5341/5341/5341
f 5337/5337/5337 5335/5335/5335 5336/5336/5336
f 5344/5344/5344 5335/5335/5335 5348/5348/5348
f 5335/5335/5335 5337/5337/5337 5343/5343/5343
f 5338/5338/5338 5342/5342/5342 5339/5339/5339
f 5336/5336/5336 5335/5335/5335 5344/5344/5344
f 5338/5338/5338 5340/5340/5340 5345/5345/5345
f 5335/5335/5335 5343/5343/5343 5346/5346/5346
f 5349/5349/5349 5347/5347/5347 5348/5348/5348
f 5338/5338/5338 5350/5350/5350 5349/5349/5349
f 5338/5338/5338 5345/5345/5345 5350/5350/5350
f 5347/5347/5347 5349/5349/5349 5350/5350/5350
f 5340/5340/5340 5338/5338/5338 5339/5339/5339
f 5344/5344/5344 5348/5348/5348 5347/5347/5347
f 5389/5389/5389 5391/5391/5391 5394/5394/5394
f 5401/5401/5401 5402/5402/5402 5403/5403/5403
f 5400/5400/5400 5399/5399/5399 5402/5402/5402
f 5397/5397/5397 5396/5396/5396 5398/5398/5398
f 5386/5386/5386 5388/5388/5388 5390/5390/5390
f 5388/5388/5388 5386/5386/5386 5387/5387/5387
f 5391/5391/5391 5389/5389/5389 5390/5390/5390
f 5391/5391/5391 5390/5390/5390 5388/5388/5388
f 5393/5393/5393 5392/5392/5392 5389/5389/5389
f 5393/5393/5393 5389/5389/5389 5394/5394/5394
f 5396/5396/5396 5392/5392/5392 5395/5395/5395
f 5392/5392/5392 5396/5396/5396 5397/5397/5397
f 5399/5399/5399 5397/5397/5397 5398/5398/5398
f 5397/5397/5397 5399/5399/5399 5400/5400/5400
f 5402/5402/5402 5401/5401/5401 5400/5400/5400
f 5392/5392/5392 5393/5393/5393 5395/5395/5395
f 5420/5420/5420 5422/5422/5422 5423/5423/5423
f 5422/5422/5422 5420/5420/5420 5421/5421/5421
f 5423/5423/5423 5422/5422/5422 5424/5424/5424
f 5438/5438/5438 5436/5436/5436 5439/5439/5439
f 5425/5425/5425 5427/5427/5427 5428/5428/5428
f 5441/5441/5441 5437/5437/5437 5440/5440/5440
f 5444/5444/5444 5443/5443/5443 5441/5441/5441
f 5438/5438/5438 5437/5437/5437 5436/5436/5436
f 5440/5440/5440 5437/5437/5437 5442/5442/5442
f 5425/5425/5425 5428/5428/5428 5430/5430/5430
f 5429/5429/5429 5430/5430/5430 5432/5432/5432
f 5431/5431/5431 5433/5433/5433 5434/5434/5434
f 5436/5436/5436 5435/5435/5435 5439/5439/5439
f 5437/5437/5437 5438/5438/5438 5442/5442/5442
f 5427/5427/5427 5425/5425/5425 5426/5426/5426
f 5431/5431/5431 5435/5435/5435 5436/5436/5436
f 5435/5435/5435 5431/5431/5431 5434/5434/5434
f 5431/5431/5431 5432/5432/5432 5433/5433/5433
f 5432/5432/5432 5431/5431/5431 5429/5429/5429
f 5437/5437/5437 5441/5441/5441 5443/5443/5443
f 5443/5443/5443 5444/5444/5444 5445/5445/5445
f 5430/5430/5430 5429/5429/5429 5425/5425/5425
f 5446/5446/5446 5448/5448/5448 5450/5450/5450
f 5448/5448/5448 5447/5447/5447 5449/5449/5449
f 5448/5448/5448 5446/5446/5446 5447/5447/5447
f 5415/5415/5415 5418/5418/5418 5419/5419/5419
f 5411/5411/5411 5410/5410/5410 5418/5418/5418
f 5416/5416/5416 5415/5415/5415 5419/5419/5419
f 5411/5411/5411 5418/5418/5418 5417/5417/5417
f 5405/5405/5405 5414/5414/5414 5415/5415/5415
f 5418/5418/5418 5415/5415/5415 5417/5417/5417
f 5405/5405/5405 5415/5415/5415 5416/5416/5416
f 5407/5407/5407 5409/5409/5409 5410/5410/5410
f 5406/5406/5406 5404/5404/5404 5405/5405/5405
f 5409/5409/5409 5407/5407/5407 5408/5408/5408
f 5412/5412/5412 5410/5410/5410 5411/5411/5411
f 5404/5404/5404 5406/5406/5406 5413/5413/5413
f 5410/5410/5410 5412/5412/5412 5407/5407/5407
f 5405/5405/5405 5404/5404/5404 5414/5414/5414
f 4087/4087/4087 4088/4088/4088 4089/4089/4089
f 4084/4084/4084 4082/4082/4082 4085/4085/4085
f 4080/4080/4080 4083/4083/4083 4081/4081/4081
f 4078/4078/4078 4081/4081/4081 4079/4079/4079
f 4081/4081/4081 4078/4078/4078 4080/4080/4080
f 4079/4079/4079 4077/4077/4077 4078/4078/4078
f 4089/4089/4089 4090/4090/4090 4091/4091/4091
f 4091/4091/4091 4092/4092/4092 4093/4093/4093
f 4093/4093/4093 4094/4094/4094 4095/4095/4095
f 4094/4094/4094 4093/4093/4093 4092/4092/4092
f 4092/4092/4092 4091/4091/4091 4090/4090/4090
f 4090/4090/4090 4089/4089/4089 4088/4088/4088
f 4088/4088/4088 4087/4087/4087 4086/4086/4086
f 4087/4087/4087 4085/4085/4085 4086/4086/4086
f 4085/4085/4085 4087/4087/4087 4084/4084/4084
f 4082/4082/4082 4084/4084/4084 4083/4083/4083
f 4083/4083/4083 4080/4080/4080 4082/4082/4082
f 4077/4077/4077 4079/4079/4079 4096/4096/4096
f 4099/4099/4099 4097/4097/4097 4098/4098/4098
f 4097/4097/4097 4099/4099/4099 4100/4100/4100
f 4101/4101/4101 4103/4103/4103 4120/4120/4120
f 4104/4104/4104 4102/4102/4102 4106/4106/4106
f 4105/4105/4105 4106/4106/4106 4108/4108/4108
f 4107/4107/4107 4108/4108/4108 4110/4110/4110
f 4109/4109/4109 4110/4110/4110 4112/4112/4112
f 4111/4111/4111 4112/4112/4112 4114/4114/4114
f 4113/4113/4113 4114/4114/4114 4116/4116/4116
f 4115/4115/4115 4116/4116/4116 4118/4118/4118
f 4118/4118/4118 4117/4117/4117 4115/4115/4115
f 4116/4116/4116 4115/4115/4115 4113/4113/4113
f 4114/4114/4114 4113/4113/4113 4111/4111/4111
f 4112/4112/4112 4111/4111/4111 4109/4109/4109
f 4110/4110/4110 4109/4109/4109 4107/4107/4107
f 4108/4108/4108 4107/4107/4107 4105/4105/4105
f 4106/4106/4106 4105/4105/4105 4104/4104/4104
f 4102/4102/4102 4104/4104/4104 4103/4103/4103
f 4103/4103/4103 4101/4101/4101 4102/4102/4102
f 4117/4117/4117 4118/4118/4118 4119/4119/4119
f 4121/4121/4121 4123/4123/4123 4124/4124/4124
f 4123/4123/4123 4121/4121/4121 4122/4122/4122
f 6231/6231/6231 6233/6233/6233 6232/6232/6232
f 6227/6227/6227 6229/6229/6229 6230/6230/6230
f 6229/6229/6229 6232/6232/6232 6230/6230/6230
f 6229/6229/6229 6227/6227/6227 6226/6226/6226
f 6226/6226/6226 6228/6228/6228 6235/6235/6235
f 6233/6233/6233 6231/6231/6231 6234/6234/6234
f 6232/6232/6232 6229/6229/6229 6231/6231/6231
f 6228/6228/6228 6226/6226/6226 6227/6227/6227
f 6236/6236/6236 6239/6239/6239 6237/6237/6237
f 6236/6236/6236 6238/6238/6238 6241/6241/6241
f 6239/6239/6239 6236/6236/6236 6240/6240/6240
f 6238/6238/6238 6236/6236/6236 6237/6237/6237
f 6244/6244/6244 6242/6242/6242 6243/6243/6243
f 6242/6242/6242 6244/6244/6244 6246/6246/6246
f 6244/6244/6244 6243/6243/6243 6245/6245/6245
f 6247/6247/6247 6249/6249/6249 6252/6252/6252
f 6250/6250/6250 6248/6248/6248 6247/6247/6247
f 6249/6249/6249 6247/6247/6247 6248/6248/6248
f 6248/6248/6248 6250/6250/6250 6251/6251/6251
f 6253/6253/6253 6255/6255/6255 6260/6260/6260
f 6253/6253/6253 6257/6257/6257 6254/6254/6254
f 6257/6257/6257 6258/6258/6258 6259/6259/6259
f 6257/6257/6257 6253/6253/6253 6256/6256/6256
f 6258/6258/6258 6257/6257/6257 6256/6256/6256
f 6255/6255/6255 6253/6253/6253 6254/6254/6254
f 6261/6261/6261 6263/6263/6263 6264/6264/6264
f 6264/6264/6264 6263/6263/6263 6265/6265/6265
f 6263/6263/6263 6261/6261/6261 6262/6262/6262
f 6268/6268/6268 6266/6266/6266 6267/6267/6267
f 6272/6272/6272 6269/6269/6269 6271/6271/6271
f 6274/6274/6274 6271/6271/6271 6273/6273/6273
f 6276/6276/6276 6273/6273/6273 6275/6275/6275
f 6275/6275/6275 6277/6277/6277 6276/6276/6276
f 6279/6279/6279 6278/6278/6278 6277/6277/6277
f 6281/6281/6281 6280/6280/6280 6278/6278/6278
f 6283/6283/6283 6282/6282/6282 6280/6280/6280
f 6282/6282/6282 6283/6283/6283 6284/6284/6284
f 6280/6280/6280 6281/6281/6281 6283/6283/6283
f 6278/6278/6278 6279/6279/6279 6281/6281/6281
f 6277/6277/6277 6275/6275/6275 6279/6279/6279
f 6273/6273/6273 6276/6276/6276 6274/6274/6274
f 6271/6271/6271 6274/6274/6274 6272/6272/6272
f 6269/6269/6269 6272/6272/6272 6270/6270/6270
f 6267/6267/6267 6270/6270/6270 6268/6268/6268
f 6266/6266/6266 6268/6268/6268 6285/6285/6285
f 6270/6270/6270 6267/6267/6267 6269/6269/6269
f 6288/6288/6288 6287/6287/6287 6289/6289/6289
f 6288/6288/6288 6286/6286/6286 6287/6287/6287
f 6286/6286/6286 6288/6288/6288 6290/6290/6290
f 2623/2623/2623 2625/2625/2625 2626/2626/2626
f 2625/2625/2625 2623/2623/2623 2624/2624/2624
f 2629/2629/2629 2627/2627/2627 2628/2628/2628
f 2627/2627/2627 2629/2629/2629 2630/2630/2630
f 2631/2631/2631 2633/2633/2633 2634/2634/2634
f 2633/2633/2633 2631/2631/2631 2632/2632/2632
f 2663/2663/2663 2661/2661/2661 2662/2662/2662
f 2661/2661/2661 2663/2663/2663 2664/2664/2664
f 2665/2665/2665 2667/2667/2667 2668/2668/2668
f 2667/2667/2667 2665/2665/2665 2666/2666/2666
f 2669/2669/2669 2671/2671/2671 2672/2672/2672
f 2671/2671/2671 2669/2669/2669 2670/2670/2670
f 2617/2617/2617 2615/2615/2615 2616/2616/2616
f 2615/2615/2615 2617/2617/2617 2618/2618/2618
f 2619/2619/2619 2621/2621/2621 2622/2622/2622
f 2621/2621/2621 2619/2619/2619 2620/2620/2620
f 5874/5874/5874 5872/5872/5872 5873/5873/5873
f 5858/5858/5858 5856/5856/5856 5855/5855/5855
f 5869/5869/5869 5871/5871/5871 5872/5872/5872
f 5855/5855/5855 5857/5857/5857 5878/5878/5878
f 5871/5871/5871 5869/5869/5869 5870/5870/5870
f 5862/5862/5862 5861/5861/5861 5860/5860/5860
f 5877/5877/5877 5875/5875/5875 5876/5876/5876
f 5875/5875/5875 5877/5877/5877 5874/5874/5874
f 5872/5872/5872 5874/5874/5874 5877/5877/5877
f 5872/5872/5872 5871/5871/5871 5873/5873/5873
f 5869/5869/5869 5868/5868/5868 5870/5870/5870
f 5865/5865/5865 5866/5866/5866 5867/5867/5867
f 5857/5857/5857 5855/5855/5855 5856/5856/5856
f 5856/5856/5856 5858/5858/5858 5859/5859/5859
f 5859/5859/5859 5860/5860/5860 5861/5861/5861
f 5861/5861/5861 5862/5862/5862 5863/5863/5863
f 5863/5863/5863 5864/5864/5864 5865/5865/5865
f 5866/5866/5866 5865/5865/5865 5864/5864/5864
f 5868/5868/5868 5867/5867/5867 5866/5866/5866
f 5860/5860/5860 5859/5859/5859 5858/5858/5858
f 5864/5864/5864 5863/5863/5863 5862/5862/5862
f 5867/5867/5867 5868/5868/5868 5869/5869/5869
f 5914/5914/5914 5912/5912/5912 5920/5920/5920
f 5918/5918/5918 5916/5916/5916 5921/5921/5921
f 5918/5918/5918 5921/5921/5921 5920/5920/5920
f 5914/5914/5914 5920/5920/5920 5921/5921/5921
f 5905/5905/5905 5911/5911/5911 5916/5916/5916
f 5902/5902/5902 5910/5910/5910 5912/5912/5912
f 5916/5916/5916 5919/5919/5919 5917/5917/5917
f 5912/5912/5912 5915/5915/5915 5913/5913/5913
f 5919/5919/5919 5916/5916/5916 5918/5918/5918
f 5905/5905/5905 5916/5916/5916 5917/5917/5917
f 5915/5915/5915 5912/5912/5912 5914/5914/5914
f 5902/5902/5902 5912/5912/5912 5913/5913/5913
f 5905/5905/5905 5909/5909/5909 5911/5911/5911
f 5902/5902/5902 5908/5908/5908 5910/5910/5910
f 5905/5905/5905 5907/5907/5907 5909/5909/5909
f 5902/5902/5902 5904/5904/5904 5908/5908/5908
f 5907/5907/5907 5905/5905/5905 5906/5906/5906
f 5904/5904/5904 5902/5902/5902 5903/5903/5903
f 2805/2805/2805 2807/2807/2807 2808/2808/2808
f 2808/2808/2808 2809/2809/2809 2810/2810/2810
f 2810/2810/2810 2811/2811/2811 2812/2812/2812
f 2799/2799/2799 2801/2801/2801 2821/2821/2821
f 2812/2812/2812 2813/2813/2813 2814/2814/2814
f 2814/2814/2814 2815/2815/2815 2820/2820/2820
f 2815/2815/2815 2817/2817/2817 2820/2820/2820
f 2816/2816/2816 2819/2819/2819 2817/2817/2817
f 2819/2819/2819 2816/2816/2816 2818/2818/2818
f 2802/2802/2802 2804/2804/2804 2805/2805/2805
f 2815/2815/2815 2814/2814/2814 2813/2813/2813
f 2813/2813/2813 2812/2812/2812 2811/2811/2811
f 2811/2811/2811 2810/2810/2810 2809/2809/2809
f 2809/2809/2809 2808/2808/2808 2807/2807/2807
f 2806/2806/2806 2805/2805/2805 2804/2804/2804
f 2807/2807/2807 2805/2805/2805 2806/2806/2806
f 2803/2803/2803 2802/2802/2802 2799/2799/2799
f 2804/2804/2804 2802/2802/2802 2803/2803/2803
f 2801/2801/2801 2799/2799/2799 2800/2800/2800
f 2817/2817/2817 2815/2815/2815 2816/2816/2816
f 2800/2800/2800 2799/2799/2799 2802/2802/2802
f 2848/2848/2848 2854/2854/2854 2859/2859/2859
f 2857/2857/2857 2863/2863/2863 2864/2864/2864
f 2861/2861/2861 2864/2864/2864 2863/2863/2863
f 2861/2861/2861 2859/2859/2859 2864/2864/2864
f 2845/2845/2845 2853/2853/2853 2855/2855/2855
f 2848/2848/2848 2850/2850/2850 2852/2852/2852
f 2845/2845/2845 2851/2851/2851 2853/2853/2853
f 2848/2848/2848 2852/2852/2852 2854/2854/2854
f 2850/2850/2850 2848/2848/2848 2849/2849/2849
f 2859/2859/2859 2862/2862/2862 2860/2860/2860
f 2855/2855/2855 2858/2858/2858 2856/2856/2856
f 2862/2862/2862 2859/2859/2859 2861/2861/2861
f 2848/2848/2848 2859/2859/2859 2860/2860/2860
f 2857/2857/2857 2855/2855/2855 2863/2863/2863
f 2858/2858/2858 2855/2855/2855 2857/2857/2857
f 2847/2847/2847 2845/2845/2845 2846/2846/2846
f 2845/2845/2845 2847/2847/2847 2851/2851/2851
f 2845/2845/2845 2855/2855/2855 2856/2856/2856
f 5936/5936/5936 5935/5935/5935 5937/5937/5937
f 5934/5934/5934 5935/5935/5935 5936/5936/5936
f 5935/5935/5935 5934/5934/5934 5933/5933/5933
f 5933/5933/5933 5932/5932/5932 5931/5931/5931
f 5939/5939/5939 5938/5938/5938 5940/5940/5940
f 5928/5928/5928 5930/5930/5930 5927/5927/5927
f 5930/5930/5930 5928/5928/5928 5929/5929/5929
f 5924/5924/5924 5922/5922/5922 5923/5923/5923
f 5936/5936/5936 5938/5938/5938 5939/5939/5939
f 5941/5941/5941 5939/5939/5939 5940/5940/5940
f 5938/5938/5938 5936/5936/5936 5937/5937/5937
f 5932/5932/5932 5933/5933/5933 5934/5934/5934
f 5923/5923/5923 5925/5925/5925 5926/5926/5926
f 5927/5927/5927 5926/5926/5926 5925/5925/5925
f 5922/5922/5922 5924/5924/5924 5945/5945/5945
f 5925/5925/5925 5923/5923/5923 5922/5922/5922
f 5926/5926/5926 5927/5927/5927 5930/5930/5930
f 5929/5929/5929 5931/5931/5931 5932/5932/5932
f 5939/5939/5939 5941/5941/5941 5944/5944/5944
f 5942/5942/5942 5944/5944/5944 5941/5941/5941
f 5944/5944/5944 5942/5942/5942 5943/5943/5943
f 5931/5931/5931 5929/5929/5929 5928/5928/5928
f 5969/5969/5969 5979/5979/5979 5980/5980/5980
f 5979/5979/5979 5982/5982/5982 5980/5980/5980
f 5983/5983/5983 5986/5986/5986 5984/5984/5984
f 5985/5985/5985 5988/5988/5988 5987/5987/5987
f 5985/5985/5985 5983/5983/5983 5988/5988/5988
f 5981/5981/5981 5979/5979/5979 5987/5987/5987
f 5969/5969/5969 5977/5977/5977 5979/5979/5979
f 5972/5972/5972 5978/5978/5978 5983/5983/5983
f 5971/5971/5971 5969/5969/5969 5970/5970/5970
f 5974/5974/5974 5972/5972/5972 5973/5973/5973
f 5981/5981/5981 5987/5987/5987 5988/5988/5988
f 5972/5972/5972 5983/5983/5983 5984/5984/5984
f 5982/5982/5982 5979/5979/5979 5981/5981/5981
f 5986/5986/5986 5983/5983/5983 5985/5985/5985
f 5972/5972/5972 5976/5976/5976 5978/5978/5978
f 5969/5969/5969 5971/5971/5971 5975/5975/5975
f 5972/5972/5972 5974/5974/5974 5976/5976/5976
f 5969/5969/5969 5975/5975/5975 5977/5977/5977
f 2746/2746/2746 2744/2744/2744 2745/2745/2745
f 2744/2744/2744 2746/2746/2746 2747/2747/2747
f 2746/2746/2746 2745/2745/2745 2743/2743/2743
f 2749/2749/2749 2744/2744/2744 2748/2748/2748
f 2744/2744/2744 2749/2749/2749 2750/2750/2750
f 2752/2752/2752 2750/2750/2750 2751/2751/2751
f 2755/2755/2755 2753/2753/2753 2754/2754/2754
f 2753/2753/2753 2755/2755/2755 2752/2752/2752
f 2743/2743/2743 2742/2742/2742 2741/2741/2741
f 2736/2736/2736 2737/2737/2737 2738/2738/2738
f 2735/2735/2735 2734/2734/2734 2736/2736/2736
f 2733/2733/2733 2735/2735/2735 2756/2756/2756
f 2735/2735/2735 2733/2733/2733 2734/2734/2734
f 2738/2738/2738 2739/2739/2739 2740/2740/2740
f 2741/2741/2741 2740/2740/2740 2739/2739/2739
f 2744/2744/2744 2747/2747/2747 2748/2748/2748
f 2739/2739/2739 2738/2738/2738 2737/2737/2737
f 2737/2737/2737 2736/2736/2736 2734/2734/2734
f 2742/2742/2742 2743/2743/2743 2745/2745/2745
f 2740/2740/2740 2741/2741/2741 2742/2742/2742
f 2750/2750/2750 2752/2752/2752 2755/2755/2755
f 2750/2750/2750 2749/2749/2749 2751/2751/2751
f 2795/2795/2795 2793/2793/2793 2798/2798/2798
f 2795/2795/2795 2798/2798/2798 2797/2797/2797
f 2791/2791/2791 2797/2797/2797 2798/2798/2798
f 2791/2791/2791 2789/2789/2789 2797/2797/2797
f 2781/2781/2781 2779/2779/2779 2780/2780/2780
f 2782/2782/2782 2788/2788/2788 2793/2793/2793
f 2779/2779/2779 2787/2787/2787 2789/2789/2789
f 2793/2793/2793 2796/2796/2796 2794/2794/2794
f 2789/2789/2789 2792/2792/2792 2790/2790/2790
f 2796/2796/2796 2793/2793/2793 2795/2795/2795
f 2782/2782/2782 2793/2793/2793 2794/2794/2794
f 2784/2784/2784 2782/2782/2782 2783/2783/2783
f 2779/2779/2779 2781/2781/2781 2785/2785/2785
f 2782/2782/2782 2784/2784/2784 2786/2786/2786
f 2779/2779/2779 2785/2785/2785 2787/2787/2787
f 2782/2782/2782 2786/2786/2786 2788/2788/2788
f 2779/2779/2779 2789/2789/2789 2790/2790/2790
f 2792/2792/2792 2789/2789/2789 2791/2791/2791
f 2434/2434/2434 2432/2432/2432 2433/2433/2433
f 2429/2429/2429 2431/2431/2431 2434/2434/2434
f 2432/2432/2432 2434/2434/2434 2431/2431/2431
f 2431/2431/2431 2435/2435/2435 2432/2432/2432
f 2431/2431/2431 2429/2429/2429 2430/2430/2430
f 2435/2435/2435 2431/2431/2431 2436/2436/2436
f 950/950/950 948/948/948 949/949/949
f 948/948/948 950/950/950 951/951/951
f 950/950/950 949/949/949 952/952/952
f 950/950/950 953/953/953 954/954/954
f 949/949/949 955/955/955 956/956/956
f 953/953/953 950/950/950 952/952/952
f 957/957/957 949/949/949 948/948/948
f 955/955/955 949/949/949 957/957/957
f 948/948/948 951/951/951 958/958/958
f 572/572/572 574/574/574 567/567/567
f 579/579/579 576/576/576 581/581/581
f 581/581/581 576/576/576 567/567/567
f 570/570/570 572/572/572 567/567/567
f 576/576/576 579/579/579 580/580/580
f 573/573/573 576/576/576 578/578/578
f 574/574/574 575/575/575 577/577/577
f 576/576/576 573/573/573 567/567/567
f 567/567/567 569/569/569 570/570/570
f 575/575/575 574/574/574 572/572/572
f 568/568/568 567/567/567 573/573/573
f 569/569/569 567/567/567 568/568/568
f 572/572/572 570/570/570 571/571/571
f 916/916/916 915/915/915 917/917/917
f 916/916/916 914/914/914 915/915/915
f 914/914/914 916/916/916 918/918/918
f 924/924/924 923/923/923 926/926/926
f 925/925/925 924/924/924 927/927/927
f 925/925/925 927/927/927 928/928/928
f 922/922/922 924/924/924 925/925/925
f 924/924/924 922/922/922 923/923/923
f 921/921/921 919/919/919 920/920/920
f 7575/7575/7575 7573/7573/7573 7574/7574/7574
f 7577/7577/7577 7579/7579/7579 7580/7580/7580
f 7578/7578/7578 7576/7576/7576 7577/7577/7577
f 7576/7576/7576 7578/7578/7578 7575/7575/7575
f 7573/7573/7573 7575/7575/7575 7578/7578/7578
f 7579/7579/7579 7577/7577/7577 7576/7576/7576
f 7616/7616/7616 7618/7618/7618 7621/7621/7621
f 7621/7621/7621 7619/7619/7619 7620/7620/7620
f 7618/7618/7618 7616/7616/7616 7617/7617/7617
f 7619/7619/7619 7621/7621/7621 7618/7618/7618
f 7622/7622/7622 7624/7624/7624 7628/7628/7628
f 7624/7624/7624 7622/7622/7622 7623/7623/7623
f 7624/7624/7624 7623/7623/7623 7625/7625/7625
f 7627/7627/7627 7626/7626/7626 7622/7622/7622
f 7627/7627/7627 7622/7622/7622 7628/7628/7628
f 7630/7630/7630 7626/7626/7626 7629/7629/7629
f 7626/7626/7626 7627/7627/7627 7629/7629/7629
f 7626/7626/7626 7630/7630/7630 7633/7633/7633
f 7631/7631/7631 7633/7633/7633 7630/7630/7630
f 7633/7633/7633 7631/7631/7631 7632/7632/7632
f 7640/7640/7640 7642/7642/7642 7638/7638/7638
f 7639/7639/7639 7638/7638/7638 7642/7642/7642
f 7638/7638/7638 7634/7634/7634 7643/7643/7643
f 7634/7634/7634 7636/7636/7636 7643/7643/7643
f 7642/7642/7642 7640/7640/7640 7641/7641/7641
f 7634/7634/7634 7638/7638/7638 7639/7639/7639
f 7636/7636/7636 7634/7634/7634 7635/7635/7635
f 7636/7636/7636 7635/7635/7635 7637/7637/7637
f 7646/7646/7646 7644/7644/7644 7645/7645/7645
f 7644/7644/7644 7646/7646/7646 7647/7647/7647
f 7648/7648/7648 7653/7653/7653 7657/7657/7657
f 7657/7657/7657 7653/7653/7653 7656/7656/7656
f 7654/7654/7654 7656/7656/7656 7653/7653/7653
f 7656/7656/7656 7654/7654/7654 7655/7655/7655
f 7653/7653/7653 7648/7648/7648 7652/7652/7652
f 7650/7650/7650 7649/7649/7649 7651/7651/7651
f 7650/7650/7650 7648/7648/7648 7649/7649/7649
f 7648/7648/7648 7650/7650/7650 7652/7652/7652
f 7667/7667/7667 7669/7669/7669 7666/7666/7666
f 7663/7663/7663 7658/7658/7658 7664/7664/7664
f 7662/7662/7662 7663/7663/7663 7665/7665/7665
f 7658/7658/7658 7660/7660/7660 7664/7664/7664
f 7669/7669/7669 7667/7667/7667 7668/7668/7668
f 7666/7666/7666 7662/7662/7662 7665/7665/7665
f 7663/7663/7663 7662/7662/7662 7658/7658/7658
f 7660/7660/7660 7659/7659/7659 7661/7661/7661
f 7660/7660/7660 7658/7658/7658 7659/7659/7659
f 7662/7662/7662 7666/7666/7666 7669/7669/7669
f 7674/7674/7674 7672/7672/7672 7671/7671/7671
f 7670/7670/7670 7672/7672/7672 7673/7673/7673
f 7672/7672/7672 7670/7670/7670 7671/7671/7671
f 7677/7677/7677 7675/7675/7675 7676/7676/7676
f 7678/7678/7678 7675/7675/7675 7677/7677/7677
f 7681/7681/7681 7679/7679/7679 7680/7680/7680
f 7679/7679/7679 7683/7683/7683 7684/7684/7684
f 7685/7685/7685 7683/7683/7683 7679/7679/7679
f 7679/7679/7679 7681/7681/7681 7685/7685/7685
f 7681/7681/7681 7680/7680/7680 7682/7682/7682
f 7686/7686/7686 7688/7688/7688 7689/7689/7689
f 7688/7688/7688 7686/7686/7686 7687/7687/7687
f 7690/7690/7690 7692/7692/7692 7693/7693/7693
f 7692/7692/7692 7690/7690/7690 7691/7691/7691
f 7694/7694/7694 7696/7696/7696 7697/7697/7697
f 7696/7696/7696 7694/7694/7694 7695/7695/7695
f 5633/5633/5633 5631/5631/5631 5632/5632/5632
f 5631/5631/5631 5633/5633/5633 5634/5634/5634
f 5637/5637/5637 5635/5635/5635 5636/5636/5636
f 5635/5635/5635 5637/5637/5637 5638/5638/5638
f 5641/5641/5641 5639/5639/5639 5640/5640/5640
f 5639/5639/5639 5641/5641/5641 5642/5642/5642
f 5643/5643/5643 5645/5645/5645 5646/5646/5646
f 5645/5645/5645 5643/5643/5643 5644/5644/5644
f 5647/5647/5647 5649/5649/5649 5650/5650/5650
f 5649/5649/5649 5647/5647/5647 5648/5648/5648
f 5653/5653/5653 5651/5651/5651 5652/5652/5652
f 5651/5651/5651 5653/5653/5653 5654/5654/5654
f 7700/7700/7700 7698/7698/7698 7699/7699/7699
f 7698/7698/7698 7700/7700/7700 7701/7701/7701
f 7702/7702/7702 7704/7704/7704 7705/7705/7705
f 7704/7704/7704 7702/7702/7702 7703/7703/7703
f 7706/7706/7706 7708/7708/7708 7709/7709/7709
f 7708/7708/7708 7706/7706/7706 7707/7707/7707
f 7710/7710/7710 7712/7712/7712 7713/7713/7713
f 7712/7712/7712 7710/7710/7710 7711/7711/7711
f 7718/7718/7718 7720/7720/7720 7721/7721/7721
f 7720/7720/7720 7718/7718/7718 7719/7719/7719
f 7736/7736/7736 7734/7734/7734 7735/7735/7735
f 7734/7734/7734 7736/7736/7736 7737/7737/7737
f 7738/7738/7738 7740/7740/7740 7741/7741/7741
f 7740/7740/7740 7738/7738/7738 7739/7739/7739
f 7742/7742/7742 7744/7744/7744 7745/7745/7745
f 7744/7744/7744 7742/7742/7742 7743/7743/7743
f 7748/7748/7748 7746/7746/7746 7747/7747/7747
f 7746/7746/7746 7748/7748/7748 7749/7749/7749
f 7750/7750/7750 7752/7752/7752 7753/7753/7753
f 7752/7752/7752 7750/7750/7750 7751/7751/7751
f 7754/7754/7754 7756/7756/7756 7757/7757/7757
f 7756/7756/7756 7754/7754/7754 7755/7755/7755
f 7760/7760/7760 7758/7758/7758 7759/7759/7759
f 7758/7758/7758 7760/7760/7760 7761/7761/7761
f 7764/7764/7764 7762/7762/7762 7763/7763/7763
f 7762/7762/7762 7764/7764/7764 7765/7765/7765
f 7768/7768/7768 7766/7766/7766 7767/7767/7767
f 7766/7766/7766 7768/7768/7768 7769/7769/7769
f 7772/7772/7772 7770/7770/7770 7771/7771/7771
f 7770/7770/7770 7772/7772/7772 7773/7773/7773
f 7774/7774/7774 7776/7776/7776 7777/7777/7777
f 7776/7776/7776 7774/7774/7774 7775/7775/7775
f 7547/7547/7547 7542/7542/7542 7548/7548/7548
f 7542/7542/7542 7543/7543/7543 7548/7548/7548
f 7547/7547/7547 7538/7538/7538 7537/7537/7537
f 7528/7528/7528 7538/7538/7538 7529/7529/7529
f 7546/7546/7546 7544/7544/7544 7545/7545/7545
f 7551/7551/7551 7549/7549/7549 7550/7550/7550
f 7554/7554/7554 7552/7552/7552 7553/7553/7553
f 7524/7524/7524 7522/7522/7522 7523/7523/7523
f 7536/7536/7536 7535/7535/7535 7555/7555/7555
f 7557/7557/7557 7535/7535/7535 7556/7556/7556
f 7560/7560/7560 7558/7558/7558 7559/7559/7559
f 7546/7546/7546 7545/7545/7545 7561/7561/7561
f 7538/7538/7538 7547/7547/7547 7562/7562/7562
f 7542/7542/7542 7547/7547/7547 7537/7537/7537
f 7549/7549/7549 7552/7552/7552 7563/7563/7563
f 7552/7552/7552 7554/7554/7554 7564/7564/7564
f 7560/7560/7560 7530/7530/7530 7565/7565/7565
f 7535/7535/7535 7557/7557/7557 7555/7555/7555
f 7537/7537/7537 7558/7558/7558 7565/7565/7565
f 7559/7559/7559 7558/7558/7558 7566/7566/7566
f 7535/7535/7535 7544/7544/7544 7556/7556/7556
f 7561/7561/7561 7545/7545/7545 7567/7567/7567
f 7535/7535/7535 7534/7534/7534 7530/7530/7530
f 7539/7539/7539 7541/7541/7541 7543/7543/7543
f 7541/7541/7541 7553/7553/7553 7552/7552/7552
f 7552/7552/7552 7564/7564/7564 7563/7563/7563
f 7530/7530/7530 7532/7532/7532 7569/7569/7569
f 7558/7558/7558 7560/7560/7560 7565/7565/7565
f 7556/7556/7556 7544/7544/7544 7570/7570/7570
f 7545/7545/7545 7543/7543/7543 7567/7567/7567
f 7545/7545/7545 7525/7525/7525 7524/7524/7524
f 7548/7548/7548 7543/7543/7543 7568/7568/7568
f 7549/7549/7549 7551/7551/7551 7552/7552/7552
f 7558/7558/7558 7537/7537/7537 7528/7528/7528
f 7544/7544/7544 7535/7535/7535 7571/7571/7571
f 7525/7525/7525 7545/7545/7545 7544/7544/7544
f 7553/7553/7553 7541/7541/7541 7540/7540/7540
f 7559/7559/7559 7566/7566/7566 7571/7571/7571
f 7570/7570/7570 7544/7544/7544 7572/7572/7572
f 7522/7522/7522 7524/7524/7524 7525/7525/7525
f 7543/7543/7543 7542/7542/7542 7539/7539/7539
f 7541/7541/7541 7539/7539/7539 7540/7540/7540
f 7538/7538/7538 7528/7528/7528 7537/7537/7537
f 7528/7528/7528 7527/7527/7527 7526/7526/7526
f 7534/7534/7534 7535/7535/7535 7536/7536/7536
f 7531/7531/7531 7530/7530/7530 7534/7534/7534
f 7544/7544/7544 7571/7571/7571 7566/7566/7566
f 7530/7530/7530 7560/7560/7560 7535/7535/7535
f 7544/7544/7544 7546/7546/7546 7572/7572/7572
f 7527/7527/7527 7529/7529/7529 7533/7533/7533
f 7522/7522/7522 7526/7526/7526 7527/7527/7527
f 7532/7532/7532 7530/7530/7530 7531/7531/7531
f 7529/7529/7529 7527/7527/7527 7528/7528/7528
f 7522/7522/7522 7525/7525/7525 7526/7526/7526
f 7543/7543/7543 7545/7545/7545 7568/7568/7568
f 7716/7716/7716 7714/7714/7714 7715/7715/7715
f 7714/7714/7714 7716/7716/7716 7717/7717/7717
f 7585/7585/7585 7584/7584/7584 7603/7603/7603
f 7586/7586/7586 7588/7588/7588 7592/7592/7592
f 7609/7609/7609 7610/7610/7610 7611/7611/7611
f 7601/7601/7601 7609/7609/7609 7602/7602/7602
f 7602/7602/7602 7599/7599/7599 7601/7601/7601
f 7603/7603/7603 7612/7612/7612 7585/7585/7585
f 7611/7611/7611 7610/7610/7610 7613/7613/7613
f 7585/7585/7585 7612/7612/7612 7614/7614/7614
f 7612/7612/7612 7603/7603/7603 7615/7615/7615
f 7591/7591/7591 7583/7583/7583 7605/7605/7605
f 7600/7600/7600 7598/7598/7598 7599/7599/7599
f 7595/7595/7595 7596/7596/7596 7597/7597/7597
f 7610/7610/7610 7609/7609/7609 7608/7608/7608
f 7589/7589/7589 7587/7587/7587 7586/7586/7586
f 7593/7593/7593 7592/7592/7592 7588/7588/7588
f 7581/7581/7581 7585/7585/7585 7582/7582/7582
f 7581/7581/7581 7583/7583/7583 7591/7591/7591
f 7587/7587/7587 7589/7589/7589 7590/7590/7590
f 7588/7588/7588 7586/7586/7586 7587/7587/7587
f 7596/7596/7596 7595/7595/7595 7594/7594/7594
f 7598/7598/7598 7597/7597/7597 7596/7596/7596
f 7599/7599/7599 7602/7602/7602 7604/7604/7604
f 7591/7591/7591 7605/7605/7605 7606/7606/7606
f 7606/7606/7606 7607/7607/7607 7593/7593/7593
f 7585/7585/7585 7581/7581/7581 7584/7584/7584
f 7583/7583/7583 7581/7581/7581 7582/7582/7582
f 7609/7609/7609 7601/7601/7601 7608/7608/7608
f 7592/7592/7592 7593/7593/7593 7607/7607/7607
f 7598/7598/7598 7600/7600/7600 7597/7597/7597
f 7607/7607/7607 7606/7606/7606 7605/7605/7605
f 7594/7594/7594 7590/7590/7590 7589/7589/7589
f 7590/7590/7590 7594/7594/7594 7595/7595/7595
f 7599/7599/7599 7604/7604/7604 7600/7600/7600
f 7726/7726/7726 7728/7728/7728 7724/7724/7724
f 7724/7724/7724 7723/7723/7723 7726/7726/7726
f 7727/7727/7727 7725/7725/7725 7726/7726/7726
f 7727/7727/7727 7726/7726/7726 7723/7723/7723
f 7723/7723/7723 7729/7729/7729 7727/7727/7727
f 7728/7728/7728 7726/7726/7726 7730/7730/7730
f 7729/7729/7729 7723/7723/7723 7731/7731/7731
f 7725/7725/7725 7727/7727/7727 7732/7732/7732
f 7722/7722/7722 7724/7724/7724 7733/7733/7733
f 7724/7724/7724 7722/7722/7722 7723/7723/7723
f 5665/5665/5665 5667/5667/5667 5663/5663/5663
f 5657/5657/5657 5655/5655/5655 5656/5656/5656
f 5660/5660/5660 5658/5658/5658 5659/5659/5659
f 5662/5662/5662 5659/5659/5659 5661/5661/5661
f 5664/5664/5664 5661/5661/5661 5663/5663/5663
f 5659/5659/5659 5662/5662/5662 5660/5660/5660
f 5665/5665/5665 5683/5683/5683 5666/5666/5666
f 5661/5661/5661 5664/5664/5664 5662/5662/5662
f 5668/5668/5668 5670/5670/5670 5683/5683/5683
f 5671/5671/5671 5669/5669/5669 5668/5668/5668
f 5672/5672/5672 5673/5673/5673 5676/5676/5676
f 5658/5658/5658 5660/5660/5660 5684/5684/5684
f 5677/5677/5677 5675/5675/5675 5674/5674/5674
f 5677/5677/5677 5682/5682/5682 5678/5678/5678
f 5678/5678/5678 5682/5682/5682 5681/5681/5681
f 5679/5679/5679 5681/5681/5681 5682/5682/5682
f 5681/5681/5681 5679/5679/5679 5680/5680/5680
f 5675/5675/5675 5677/5677/5677 5678/5678/5678
f 5676/5676/5676 5674/5674/5674 5675/5675/5675
f 5673/5673/5673 5672/5672/5672 5671/5671/5671
f 5669/5669/5669 5671/5671/5671 5672/5672/5672
f 5670/5670/5670 5668/5668/5668 5669/5669/5669
f 5667/5667/5667 5665/5665/5665 5666/5666/5666
f 5657/5657/5657 5658/5658/5658 5684/5684/5684
f 5674/5674/5674 5676/5676/5676 5673/5673/5673
f 5655/5655/5655 5657/5657/5657 5684/5684/5684
f 5666/5666/5666 5683/5683/5683 5670/5670/5670
f 5664/5664/5664 5663/5663/5663 5667/5667/5667
f 5687/5687/5687 5685/5685/5685 5686/5686/5686
f 5685/5685/5685 5687/5687/5687 5688/5688/5688
f 5689/5689/5689 5691/5691/5691 5719/5719/5719
f 5689/5689/5689 5719/5719/5719 5718/5718/5718
f 5719/5719/5719 5693/5693/5693 5718/5718/5718
f 5693/5693/5693 5695/5695/5695 5718/5718/5718
f 5694/5694/5694 5697/5697/5697 5695/5695/5695
f 5697/5697/5697 5696/5696/5696 5700/5700/5700
f 5698/5698/5698 5700/5700/5700 5696/5696/5696
f 5698/5698/5698 5717/5717/5717 5699/5699/5699
f 5699/5699/5699 5717/5717/5717 5703/5703/5703
f 5701/5701/5701 5703/5703/5703 5717/5717/5717
f 5704/5704/5704 5702/5702/5702 5701/5701/5701
f 5706/5706/5706 5705/5705/5705 5704/5704/5704
f 5706/5706/5706 5710/5710/5710 5707/5707/5707
f 5708/5708/5708 5716/5716/5716 5709/5709/5709
f 5709/5709/5709 5716/5716/5716 5713/5713/5713
f 5711/5711/5711 5713/5713/5713 5716/5716/5716
f 5711/5711/5711 5715/5715/5715 5712/5712/5712
f 5715/5715/5715 5711/5711/5711 5714/5714/5714
f 5713/5713/5713 5711/5711/5711 5712/5712/5712
f 5708/5708/5708 5710/5710/5710 5706/5706/5706
f 5710/5710/5710 5708/5708/5708 5709/5709/5709
f 5705/5705/5705 5706/5706/5706 5707/5707/5707
f 5702/5702/5702 5704/5704/5704 5705/5705/5705
f 5703/5703/5703 5701/5701/5701 5702/5702/5702
f 5700/5700/5700 5698/5698/5698 5699/5699/5699
f 5697/5697/5697 5694/5694/5694 5696/5696/5696
f 5695/5695/5695 5693/5693/5693 5694/5694/5694
f 5691/5691/5691 5690/5690/5690 5692/5692/5692
f 5691/5691/5691 5689/5689/5689 5690/5690/5690
f 5722/5722/5722 5720/5720/5720 5721/5721/5721
f 5720/5720/5720 5722/5722/5722 5723/5723/5723
f 5757/5757/5757 5755/5755/5755 5756/5756/5756
f 5760/5760/5760 5758/5758/5758 5759/5759/5759
f 5762/5762/5762 5759/5759/5759 5761/5761/5761
f 5764/5764/5764 5761/5761/5761 5763/5763/5763
f 5767/5767/5767 5765/5765/5765 5766/5766/5766
f 5770/5770/5770 5768/5768/5768 5769/5769/5769
f 5769/5769/5769 5771/5771/5771 5772/5772/5772
f 5773/5773/5773 5772/5772/5772 5771/5771/5771
f 5765/5765/5765 5767/5767/5767 5763/5763/5763
f 5765/5765/5765 5783/5783/5783 5766/5766/5766
f 5766/5766/5766 5783/5783/5783 5770/5770/5770
f 5764/5764/5764 5763/5763/5763 5767/5767/5767
f 5776/5776/5776 5774/5774/5774 5775/5775/5775
f 5775/5775/5775 5777/5777/5777 5778/5778/5778
f 5781/5781/5781 5779/5779/5779 5780/5780/5780
f 5779/5779/5779 5781/5781/5781 5782/5782/5782
f 5778/5778/5778 5782/5782/5782 5781/5781/5781
f 5777/5777/5777 5782/5782/5782 5778/5778/5778
f 5777/5777/5777 5775/5775/5775 5774/5774/5774
f 5757/5757/5757 5758/5758/5758 5784/5784/5784
f 5755/5755/5755 5757/5757/5757 5784/5784/5784
f 5768/5768/5768 5770/5770/5770 5783/5783/5783
f 5771/5771/5771 5769/5769/5769 5768/5768/5768
f 5761/5761/5761 5764/5764/5764 5762/5762/5762
f 5758/5758/5758 5760/5760/5760 5784/5784/5784
f 5759/5759/5759 5762/5762/5762 5760/5760/5760
f 5772/5772/5772 5773/5773/5773 5776/5776/5776
f 5774/5774/5774 5776/5776/5776 5773/5773/5773
f 5785/5785/5785 5787/5787/5787 5788/5788/5788
f 5787/5787/5787 5785/5785/5785 5786/5786/5786
f 5810/5810/5810 5808/5808/5808 5809/5809/5809
f 5805/5805/5805 5806/5806/5806 5807/5807/5807
f 5802/5802/5802 5804/5804/5804 5805/5805/5805
f 5793/5793/5793 5795/5795/5795 5818/5818/5818
f 5819/5819/5819 5793/5793/5793 5818/5818/5818
f 5808/5808/5808 5810/5810/5810 5806/5806/5806
f 5789/5789/5789 5791/5791/5791 5819/5819/5819
f 5803/5803/5803 5801/5801/5801 5802/5802/5802
f 5800/5800/5800 5798/5798/5798 5799/5799/5799
f 5797/5797/5797 5794/5794/5794 5796/5796/5796
f 5811/5811/5811 5813/5813/5813 5816/5816/5816
f 5809/5809/5809 5816/5816/5816 5813/5813/5813
f 5808/5808/5808 5816/5816/5816 5809/5809/5809
f 5806/5806/5806 5810/5810/5810 5807/5807/5807
f 5806/5806/5806 5805/5805/5805 5804/5804/5804
f 5804/5804/5804 5802/5802/5802 5801/5801/5801
f 5801/5801/5801 5803/5803/5803 5817/5817/5817
f 5799/5799/5799 5817/5817/5817 5803/5803/5803
f 5798/5798/5798 5817/5817/5817 5799/5799/5799
f 5798/5798/5798 5800/5800/5800 5796/5796/5796
f 5797/5797/5797 5796/5796/5796 5800/5800/5800
f 5794/5794/5794 5797/5797/5797 5795/5795/5795
f 5791/5791/5791 5790/5790/5790 5792/5792/5792
f 5791/5791/5791 5789/5789/5789 5790/5790/5790
f 5813/5813/5813 5811/5811/5811 5812/5812/5812
f 5815/5815/5815 5811/5811/5811 5814/5814/5814
f 5811/5811/5811 5815/5815/5815 5812/5812/5812
f 5789/5789/5789 5819/5819/5819 5818/5818/5818
f 5795/5795/5795 5793/5793/5793 5794/5794/5794
f 5820/5820/5820 5822/5822/5822 5823/5823/5823
f 5822/5822/5822 5820/5820/5820 5821/5821/5821
f 328/328/328 329/329/329 310/310/310
f 309/309/309 326/326/326 328/328/328
f 324/324/324 325/325/325 327/327/327
f 313/313/313 324/324/324 327/327/327
f 313/313/313 321/321/321 323/323/323
f 304/304/304 320/320/320 330/330/330
f 303/303/303 318/318/318 320/320/320
f 306/306/306 317/317/317 319/319/319
f 308/308/308 315/315/315 316/316/316
f 309/309/309 313/313/313 327/327/327
f 307/307/307 312/312/312 313/313/313
f 310/310/310 308/308/308 328/328/328
f 308/308/308 309/309/309 328/328/328
f 329/329/329 328/328/328 326/326/326
f 303/303/303 305/305/305 307/307/307
f 326/326/326 309/309/309 325/325/325
f 324/324/324 313/313/313 323/323/323
f 321/321/321 312/312/312 322/322/322
f 321/321/321 313/313/313 312/312/312
f 320/320/320 304/304/304 303/303/303
f 318/318/318 306/306/306 319/319/319
f 318/318/318 303/303/303 306/306/306
f 308/308/308 317/317/317 306/306/306
f 307/307/307 306/306/306 303/303/303
f 309/309/309 308/308/308 306/306/306
f 308/308/308 310/310/310 311/311/311
f 312/312/312 307/307/307 305/305/305
f 306/306/306 307/307/307 309/309/309
f 325/325/325 309/309/309 327/327/327
f 313/313/313 309/309/309 307/307/307
f 315/315/315 311/311/311 314/314/314
f 311/311/311 315/315/315 308/308/308
f 317/317/317 308/308/308 316/316/316
f 305/305/305 303/303/303 304/304/304
f 279/279/279 280/280/280 281/281/281
f 281/281/281 283/283/283 279/279/279
f 298/298/298 296/296/296 297/297/297
f 295/295/295 280/280/280 294/294/294
f 276/276/276 293/293/293 280/280/280
f 293/293/293 276/276/276 292/292/292
f 292/292/292 290/290/290 291/291/291
f 289/289/289 274/274/274 273/273/273
f 288/288/288 273/273/273 275/275/275
f 278/278/278 286/286/286 287/287/287
f 286/286/286 278/278/278 279/279/279
f 279/279/279 284/284/284 285/285/285
f 284/284/284 279/279/279 283/283/283
f 283/283/283 281/281/281 282/282/282
f 280/280/280 279/279/279 278/278/278
f 279/279/279 285/285/285 286/286/286
f 278/278/278 287/287/287 275/275/275
f 287/287/287 288/288/288 275/275/275
f 273/273/273 288/288/288 289/289/289
f 274/274/274 289/289/289 302/302/302
f 276/276/276 278/278/278 272/272/272
f 277/277/277 276/276/276 272/272/272
f 272/272/272 275/275/275 273/273/273
f 274/274/274 272/272/272 273/273/273
f 280/280/280 295/295/295 281/281/281
f 290/290/290 292/292/292 276/276/276
f 272/272/272 274/274/274 277/277/277
f 280/280/280 293/293/293 294/294/294
f 281/281/281 295/295/295 300/300/300
f 296/296/296 298/298/298 301/301/301
f 281/281/281 299/299/299 282/282/282
f 299/299/299 281/281/281 300/300/300
f 299/299/299 296/296/296 282/282/282
f 296/296/296 299/299/299 297/297/297
f 278/278/278 276/276/276 280/280/280
f 276/276/276 277/277/277 290/290/290
f 275/275/275 272/272/272 278/278/278
f 7468/7468/7468 7466/7466/7466 7467/7467/7467
f 7466/7466/7466 7469/7469/7469 7470/7470/7470
f 7471/7471/7471 7468/7468/7468 7467/7467/7467
f 7473/7473/7473 7472/7472/7472 7471/7471/7471
f 7476/7476/7476 7474/7474/7474 7475/7475/7475
f 7481/7481/7481 7477/7477/7477 7480/7480/7480
f 7484/7484/7484 7482/7482/7482 7483/7483/7483
f 7476/7476/7476 7475/7475/7475 7473/7473/7473
f 7478/7478/7478 7474/7474/7474 7479/7479/7479
f 7482/7482/7482 7484/7484/7484 7481/7481/7481
f 7483/7483/7483 7482/7482/7482 7485/7485/7485
f 7477/7477/7477 7481/7481/7481 7484/7484/7484
f 7477/7477/7477 7478/7478/7478 7480/7480/7480
f 7466/7466/7466 7468/7468/7468 7469/7469/7469
f 7468/7468/7468 7471/7471/7471 7472/7472/7472
f 7472/7472/7472 7473/7473/7473 7475/7475/7475
f 7474/7474/7474 7476/7476/7476 7479/7479/7479
f 7478/7478/7478 7477/7477/7477 7474/7474/7474
f 7519/7519/7519 7518/7518/7518 7521/7521/7521
f 7513/7513/7513 7511/7511/7511 7512/7512/7512
f 7510/7510/7510 7508/7508/7508 7509/7509/7509
f 7509/7509/7509 7508/7508/7508 7514/7514/7514
f 7512/7512/7512 7511/7511/7511 7515/7515/7515
f 7508/7508/7508 7510/7510/7510 7516/7516/7516
f 7511/7511/7511 7513/7513/7513 7517/7517/7517
f 7514/7514/7514 7518/7518/7518 7519/7519/7519
f 7515/7515/7515 7511/7511/7511 7520/7520/7520
f 7514/7514/7514 7508/7508/7508 7518/7518/7518
f 7515/7515/7515 7519/7519/7519 7521/7521/7521
f 7515/7515/7515 7520/7520/7520 7519/7519/7519
f 2347/2347/2347 2345/2345/2345 2346/2346/2346
f 2350/2350/2350 2348/2348/2348 2349/2349/2349
f 2352/2352/2352 2348/2348/2348 2351/2351/2351
f 2346/2346/2346 2345/2345/2345 2353/2353/2353
f 2351/2351/2351 2357/2357/2357 2354/2354/2354
f 2365/2365/2365 2351/2351/2351 2364/2364/2364
f 2367/2367/2367 2351/2351/2351 2366/2366/2366
f 2348/2348/2348 2362/2362/2362 2368/2368/2368
f 2351/2351/2351 2365/2365/2365 2358/2358/2358
f 2355/2355/2355 2351/2351/2351 2354/2354/2354
f 2357/2357/2357 2351/2351/2351 2356/2356/2356
f 2351/2351/2351 2355/2355/2355 2345/2345/2345
f 2348/2348/2348 2350/2350/2350 2362/2362/2362
f 2351/2351/2351 2361/2361/2361 2366/2366/2366
f 2351/2351/2351 2367/2367/2367 2364/2364/2364
f 2345/2345/2345 2347/2347/2347 2351/2351/2351
f 2361/2361/2361 2351/2351/2351 2360/2360/2360
f 2359/2359/2359 2351/2351/2351 2358/2358/2358
f 2351/2351/2351 2359/2359/2359 2356/2356/2356
f 2360/2360/2360 2351/2351/2351 2348/2348/2348
f 2348/2348/2348 2352/2352/2352 2363/2363/2363
f 2348/2348/2348 2363/2363/2363 2349/2349/2349
f 2293/2293/2293 2295/2295/2295 2297/2297/2297
f 2296/2296/2296 2297/2297/2297 2299/2299/2299
f 2298/2298/2298 2299/2299/2299 2301/2301/2301
f 2300/2300/2300 2301/2301/2301 2303/2303/2303
f 2302/2302/2302 2303/2303/2303 2305/2305/2305
f 2304/2304/2304 2305/2305/2305 2307/2307/2307
f 2306/2306/2306 2307/2307/2307 2309/2309/2309
f 2308/2308/2308 2309/2309/2309 2311/2311/2311
f 2310/2310/2310 2311/2311/2311 2313/2313/2313
f 2312/2312/2312 2313/2313/2313 2315/2315/2315
f 2314/2314/2314 2315/2315/2315 2317/2317/2317
f 2316/2316/2316 2317/2317/2317 2318/2318/2318
f 2295/2295/2295 2293/2293/2293 2294/2294/2294
f 2297/2297/2297 2296/2296/2296 2293/2293/2293
f 2299/2299/2299 2298/2298/2298 2296/2296/2296
f 2301/2301/2301 2300/2300/2300 2298/2298/2298
f 2303/2303/2303 2302/2302/2302 2300/2300/2300
f 2305/2305/2305 2304/2304/2304 2302/2302/2302
f 2307/2307/2307 2306/2306/2306 2304/2304/2304
f 2309/2309/2309 2308/2308/2308 2306/2306/2306
f 2317/2317/2317 2316/2316/2316 2314/2314/2314
f 2315/2315/2315 2314/2314/2314 2312/2312/2312
f 2313/2313/2313 2312/2312/2312 2310/2310/2310
f 2311/2311/2311 2310/2310/2310 2308/2308/2308
f 2287/2287/2287 2288/2288/2288 2289/2289/2289
f 2255/2255/2255 2264/2264/2264 2266/2266/2266
f 2289/2289/2289 2290/2290/2290 2291/2291/2291
f 2291/2291/2291 2292/2292/2292 2279/2279/2279
f 2256/2256/2256 2254/2254/2254 2253/2253/2253
f 2270/2270/2270 2267/2267/2267 2269/2269/2269
f 2268/2268/2268 2251/2251/2251 2267/2267/2267
f 2248/2248/2248 2250/2250/2250 2262/2262/2262
f 2281/2281/2281 2284/2284/2284 2282/2282/2282
f 2274/2274/2274 2275/2275/2275 2285/2285/2285
f 2251/2251/2251 2268/2268/2268 2252/2252/2252
f 2259/2259/2259 2258/2258/2258 2257/2257/2257
f 2273/2273/2273 2271/2271/2271 2272/2272/2272
f 2257/2257/2257 2247/2247/2247 2246/2246/2246
f 2264/2264/2264 2255/2255/2255 2265/2265/2265
f 2243/2243/2243 2245/2245/2245 2256/2256/2256
f 2261/2261/2261 2262/2262/2262 2260/2260/2260
f 2267/2267/2267 2270/2270/2270 2268/2268/2268
f 2277/2277/2277 2269/2269/2269 2276/2276/2276
f 2279/2279/2279 2278/2278/2278 2273/2273/2273
f 2271/2271/2271 2273/2273/2273 2278/2278/2278
f 2282/2282/2282 2280/2280/2280 2281/2281/2281
f 2284/2284/2284 2281/2281/2281 2283/2283/2283
f 2285/2285/2285 2283/2283/2283 2274/2274/2274
f 2263/2263/2263 2265/2265/2265 2275/2275/2275
f 2260/2260/2260 2259/2259/2259 2261/2261/2261
f 2269/2269/2269 2277/2277/2277 2270/2270/2270
f 2288/2288/2288 2287/2287/2287 2286/2286/2286
f 2292/2292/2292 2291/2291/2291 2290/2290/2290
f 2280/2280/2280 2282/2282/2282 2272/2272/2272
f 2253/2253/2253 2255/2255/2255 2266/2266/2266
f 2290/2290/2290 2289/2289/2289 2288/2288/2288
f 2283/2283/2283 2285/2285/2285 2284/2284/2284
f 2265/2265/2265 2263/2263/2263 2264/2264/2264
f 2249/2249/2249 2252/2252/2252 2250/2250/2250
f 2278/2278/2278 2279/2279/2279 2292/2292/2292
f 2262/2262/2262 2261/2261/2261 2248/2248/2248
f 2286/2286/2286 2277/2277/2277 2276/2276/2276
f 2258/2258/2258 2259/2259/2259 2260/2260/2260
f 2247/2247/2247 2257/2257/2257 2258/2258/2258
f 2246/2246/2246 2244/2244/2244 2243/2243/2243
f 2245/2245/2245 2243/2243/2243 2244/2244/2244
f 2244/2244/2244 2246/2246/2246 2247/2247/2247
f 2250/2250/2250 2248/2248/2248 2249/2249/2249
f 2277/2277/2277 2286/2286/2286 2287/2287/2287
f 2252/2252/2252 2249/2249/2249 2251/2251/2251
f 2255/2255/2255 2253/2253/2253 2254/2254/2254
f 2272/2272/2272 2271/2271/2271 2280/2280/2280
f 2254/2254/2254 2256/2256/2256 2245/2245/2245
f 2275/2275/2275 2274/2274/2274 2263/2263/2263
f 2201/2201/2201 2200/2200/2200 2198/2198/2198
f 2199/2199/2199 2198/2198/2198 2196/2196/2196
f 2197/2197/2197 2196/2196/2196 2194/2194/2194
f 2212/2212/2212 2213/2213/2213 2214/2214/2214
f 2193/2193/2193 2192/2192/2192 2190/2190/2190
f 2203/2203/2203 2202/2202/2202 2200/2200/2200
f 2189/2189/2189 2187/2187/2187 2188/2188/2188
f 2210/2210/2210 2211/2211/2211 2213/2213/2213
f 2208/2208/2208 2209/2209/2209 2211/2211/2211
f 2205/2205/2205 2204/2204/2204 2202/2202/2202
f 2213/2213/2213 2212/2212/2212 2210/2210/2210
f 2207/2207/2207 2206/2206/2206 2204/2204/2204
f 2209/2209/2209 2208/2208/2208 2206/2206/2206
f 2211/2211/2211 2210/2210/2210 2208/2208/2208
f 2206/2206/2206 2207/2207/2207 2209/2209/2209
f 2204/2204/2204 2205/2205/2205 2207/2207/2207
f 2191/2191/2191 2190/2190/2190 2187/2187/2187
f 2202/2202/2202 2203/2203/2203 2205/2205/2205
f 2200/2200/2200 2201/2201/2201 2203/2203/2203
f 2198/2198/2198 2199/2199/2199 2201/2201/2201
f 2196/2196/2196 2197/2197/2197 2199/2199/2199
f 2194/2194/2194 2195/2195/2195 2197/2197/2197
f 2192/2192/2192 2193/2193/2193 2195/2195/2195
f 2190/2190/2190 2191/2191/2191 2193/2193/2193
f 2187/2187/2187 2189/2189/2189 2191/2191/2191
f 2195/2195/2195 2194/2194/2194 2192/2192/2192
f 5178/5178/5178 5179/5179/5179 5181/5181/5181
f 5176/5176/5176 5177/5177/5177 5179/5179/5179
f 5174/5174/5174 5175/5175/5175 5177/5177/5177
f 5171/5171/5171 5173/5173/5173 5175/5175/5175
f 5180/5180/5180 5181/5181/5181 5183/5183/5183
f 5182/5182/5182 5183/5183/5183 5185/5185/5185
f 5184/5184/5184 5185/5185/5185 5187/5187/5187
f 5186/5186/5186 5187/5187/5187 5189/5189/5189
f 5188/5188/5188 5189/5189/5189 5191/5191/5191
f 5190/5190/5190 5191/5191/5191 5193/5193/5193
f 5192/5192/5192 5193/5193/5193 5195/5195/5195
f 5194/5194/5194 5195/5195/5195 5196/5196/5196
f 5189/5189/5189 5188/5188/5188 5186/5186/5186
f 5191/5191/5191 5190/5190/5190 5188/5188/5188
f 5185/5185/5185 5184/5184/5184 5182/5182/5182
f 5183/5183/5183 5182/5182/5182 5180/5180/5180
f 5181/5181/5181 5180/5180/5180 5178/5178/5178
f 5193/5193/5193 5192/5192/5192 5190/5190/5190
f 5173/5173/5173 5171/5171/5171 5172/5172/5172
f 5175/5175/5175 5174/5174/5174 5171/5171/5171
f 5177/5177/5177 5176/5176/5176 5174/5174/5174
f 5179/5179/5179 5178/5178/5178 5176/5176/5176
f 5195/5195/5195 5194/5194/5194 5192/5192/5192
f 5187/5187/5187 5186/5186/5186 5184/5184/5184
f 5239/5239/5239 5237/5237/5237 5238/5238/5238
f 5230/5230/5230 5228/5228/5228 5229/5229/5229
f 5225/5225/5225 5223/5223/5223 5224/5224/5224
f 5233/5233/5233 5231/5231/5231 5232/5232/5232
f 5234/5234/5234 5231/5231/5231 5228/5228/5228
f 5238/5238/5238 5245/5245/5245 5243/5243/5243
f 5243/5243/5243 5246/5246/5246 5238/5238/5238
f 5228/5228/5228 5230/5230/5230 5242/5242/5242
f 5223/5223/5223 5225/5225/5225 5237/5237/5237
f 5242/5242/5242 5244/5244/5244 5228/5228/5228
f 5246/5246/5246 5243/5243/5243 5242/5242/5242
f 5237/5237/5237 5240/5240/5240 5223/5223/5223
f 5245/5245/5245 5238/5238/5238 5237/5237/5237
f 5244/5244/5244 5242/5242/5242 5243/5243/5243
f 5231/5231/5231 5233/5233/5233 5241/5241/5241
f 5237/5237/5237 5239/5239/5239 5240/5240/5240
f 5223/5223/5223 5226/5226/5226 5235/5235/5235
f 5231/5231/5231 5234/5234/5234 5232/5232/5232
f 5224/5224/5224 5223/5223/5223 5235/5235/5235
f 5226/5226/5226 5227/5227/5227 5236/5236/5236
f 5227/5227/5227 5226/5226/5226 5223/5223/5223
f 5229/5229/5229 5228/5228/5228 5231/5231/5231
f 1676/1676/1676 1674/1674/1674 1675/1675/1675
f 1673/1673/1673 1671/1671/1671 1672/1672/1672
f 1660/1660/1660 1659/1659/1659 1677/1677/1677
f 1661/1661/1661 1649/1649/1649 1678/1678/1678
f 1658/1658/1658 1657/1657/1657 1670/1670/1670
f 1669/1669/1669 1657/1657/1657 1654/1654/1654
f 1655/1655/1655 1651/1651/1651 1668/1668/1668
f 1680/1680/1680 1679/1679/1679 1648/1648/1648
f 1681/1681/1681 1663/1663/1663 1679/1679/1679
f 1666/1666/1666 1662/1662/1662 1683/1683/1683
f 1685/1685/1685 1665/1665/1665 1684/1684/1684
f 1688/1688/1688 1686/1686/1686 1687/1687/1687
f 1691/1691/1691 1689/1689/1689 1690/1690/1690
f 1654/1654/1654 1655/1655/1655 1692/1692/1692
f 1669/1669/1669 1654/1654/1654 1692/1692/1692
f 1656/1656/1656 1658/1658/1658 1693/1693/1693
f 1696/1696/1696 1694/1694/1694 1695/1695/1695
f 1671/1671/1671 1673/1673/1673 1675/1675/1675
f 1674/1674/1674 1676/1676/1676 1697/1697/1697
f 1699/1699/1699 1674/1674/1674 1698/1698/1698
f 1702/1702/1702 1700/1700/1700 1701/1701/1701
f 1648/1648/1648 1650/1650/1650 1703/1703/1703
f 1680/1680/1680 1648/1648/1648 1703/1703/1703
f 1681/1681/1681 1679/1679/1679 1704/1704/1704
f 1665/1665/1665 1666/1666/1666 1705/1705/1705
f 1684/1684/1684 1665/1665/1665 1705/1705/1705
f 1708/1708/1708 1706/1706/1706 1707/1707/1707
f 1711/1711/1711 1709/1709/1709 1710/1710/1710
f 1686/1686/1686 1688/1688/1688 1689/1689/1689
f 1689/1689/1689 1691/1691/1691 1712/1712/1712
f 1714/1714/1714 1712/1712/1712 1713/1713/1713
f 1717/1717/1717 1715/1715/1715 1716/1716/1716
f 1657/1657/1657 1669/1669/1669 1718/1718/1718
f 1670/1670/1670 1657/1657/1657 1718/1718/1718
f 1720/1720/1720 1719/1719/1719 1656/1656/1656
f 1722/1722/1722 1721/1721/1721 1719/1719/1719
f 1723/1723/1723 1695/1695/1695 1721/1721/1721
f 1694/1694/1694 1696/1696/1696 1724/1724/1724
f 1726/1726/1726 1695/1695/1695 1725/1725/1725
f 1728/1728/1728 1671/1671/1671 1727/1727/1727
f 1727/1727/1727 1694/1694/1694 1729/1729/1729
f 1672/1672/1672 1671/1671/1671 1730/1730/1730
f 1676/1676/1676 1675/1675/1675 1731/1731/1731
f 1674/1674/1674 1699/1699/1699 1700/1700/1700
f 1700/1700/1700 1702/1702/1702 1732/1732/1732
f 1679/1679/1679 1680/1680/1680 1704/1704/1704
f 1653/1653/1653 1652/1652/1652 1667/1667/1667
f 1666/1666/1666 1665/1665/1665 1662/1662/1662
f 1662/1662/1662 1664/1664/1664 1683/1683/1683
f 1665/1665/1665 1685/1685/1685 1706/1706/1706
f 1737/1737/1737 1732/1732/1732 1736/1736/1736
f 1706/1706/1706 1708/1708/1708 1709/1709/1709
f 1709/1709/1709 1711/1711/1711 1686/1686/1686
f 1712/1712/1712 1691/1691/1691 1713/1713/1713
f 1712/1712/1712 1714/1714/1714 1715/1715/1715
f 1715/1715/1715 1717/1717/1717 1652/1652/1652
f 1656/1656/1656 1693/1693/1693 1733/1733/1733
f 1720/1720/1720 1656/1656/1656 1733/1733/1733
f 1722/1722/1722 1719/1719/1719 1734/1734/1734
f 1723/1723/1723 1721/1721/1721 1735/1735/1735
f 1695/1695/1695 1726/1726/1726 1696/1696/1696
f 1694/1694/1694 1727/1727/1727 1671/1671/1671
f 1674/1674/1674 1697/1697/1697 1698/1698/1698
f 1732/1732/1732 1702/1702/1702 1736/1736/1736
f 1664/1664/1664 1663/1663/1663 1682/1682/1682
f 1664/1664/1664 1662/1662/1662 1663/1663/1663
f 1650/1650/1650 1649/1649/1649 1661/1661/1661
f 1660/1660/1660 1649/1649/1649 1659/1659/1659
f 1658/1658/1658 1656/1656/1656 1657/1657/1657
f 1655/1655/1655 1654/1654/1654 1651/1651/1651
f 1653/1653/1653 1651/1651/1651 1652/1652/1652
f 1650/1650/1650 1648/1648/1648 1649/1649/1649
f 1651/1651/1651 1653/1653/1653 1668/1668/1668
f 1738/1738/1738 1737/1737/1737 1740/1740/1740
f 1649/1649/1649 1660/1660/1660 1678/1678/1678
f 1694/1694/1694 1724/1724/1724 1729/1729/1729
f 1739/1739/1739 1659/1659/1659 1738/1738/1738
f 1663/1663/1663 1681/1681/1681 1682/1682/1682
f 1709/1709/1709 1708/1708/1708 1710/1710/1710
f 1689/1689/1689 1688/1688/1688 1690/1690/1690
f 1652/1652/1652 1717/1717/1717 1667/1667/1667
f 1719/1719/1719 1720/1720/1720 1734/1734/1734
f 1695/1695/1695 1723/1723/1723 1725/1725/1725
f 1671/1671/1671 1728/1728/1728 1730/1730/1730
f 1700/1700/1700 1699/1699/1699 1701/1701/1701
f 1686/1686/1686 1711/1711/1711 1687/1687/1687
f 1659/1659/1659 1739/1739/1739 1677/1677/1677
f 1675/1675/1675 1673/1673/1673 1731/1731/1731
f 1721/1721/1721 1722/1722/1722 1735/1735/1735
f 1715/1715/1715 1714/1714/1714 1716/1716/1716
f 1706/1706/1706 1685/1685/1685 1707/1707/1707
f 1739/1739/1739 1738/1738/1738 1740/1740/1740
f 1732/1732/1732 1737/1737/1737 1738/1738/1738
f 1761/1761/1761 1760/1760/1760 1758/1758/1758
f 1767/1767/1767 1766/1766/1766 1764/1764/1764
f 1769/1769/1769 1768/1768/1768 1766/1766/1766
f 1768/1768/1768 1769/1769/1769 1770/1770/1770
f 1766/1766/1766 1767/1767/1767 1769/1769/1769
f 1764/1764/1764 1765/1765/1765 1767/1767/1767
f 1762/1762/1762 1763/1763/1763 1765/1765/1765
f 1760/1760/1760 1761/1761/1761 1763/1763/1763
f 1758/1758/1758 1759/1759/1759 1761/1761/1761
f 1756/1756/1756 1757/1757/1757 1759/1759/1759
f 1754/1754/1754 1755/1755/1755 1757/1757/1757
f 1752/1752/1752 1753/1753/1753 1755/1755/1755
f 1750/1750/1750 1751/1751/1751 1753/1753/1753
f 1748/1748/1748 1749/1749/1749 1751/1751/1751
f 1746/1746/1746 1747/1747/1747 1749/1749/1749
f 1744/1744/1744 1745/1745/1745 1747/1747/1747
f 1741/1741/1741 1743/1743/1743 1745/1745/1745
f 1765/1765/1765 1764/1764/1764 1762/1762/1762
f 1743/1743/1743 1741/1741/1741 1742/1742/1742
f 1745/1745/1745 1744/1744/1744 1741/1741/1741
f 1757/1757/1757 1756/1756/1756 1754/1754/1754
f 1755/1755/1755 1754/1754/1754 1752/1752/1752
f 1753/1753/1753 1752/1752/1752 1750/1750/1750
f 1751/1751/1751 1750/1750/1750 1748/1748/1748
f 1749/1749/1749 1748/1748/1748 1746/1746/1746
f 1763/1763/1763 1762/1762/1762 1760/1760/1760
f 1747/1747/1747 1746/1746/1746 1744/1744/1744
f 1759/1759/1759 1758/1758/1758 1756/1756/1756
f 1834/1834/1834 1833/1833/1833 1832/1832/1832
f 1849/1849/1849 1847/1847/1847 1850/1850/1850
f 1851/1851/1851 1854/1854/1854 1852/1852/1852
f 1807/1807/1807 1802/1802/1802 1801/1801/1801
f 1843/1843/1843 1846/1846/1846 1844/1844/1844
f 1803/1803/1803 1801/1801/1801 1802/1802/1802
f 1806/1806/1806 1804/1804/1804 1805/1805/1805
f 1802/1802/1802 1807/1807/1807 1808/1808/1808
f 1838/1838/1838 1837/1837/1837 1836/1836/1836
f 1804/1804/1804 1806/1806/1806 1803/1803/1803
f 1805/1805/1805 1809/1809/1809 1810/1810/1810
f 1810/1810/1810 1811/1811/1811 1812/1812/1812
f 1815/1815/1815 1813/1813/1813 1814/1814/1814
f 1801/1801/1801 1803/1803/1803 1806/1806/1806
f 1811/1811/1811 1810/1810/1810 1809/1809/1809
f 1826/1826/1826 1828/1828/1828 1831/1831/1831
f 1854/1854/1854 1851/1851/1851 1853/1853/1853
f 1824/1824/1824 1853/1853/1853 1825/1825/1825
f 1814/1814/1814 1819/1819/1819 1815/1815/1815
f 1807/1807/1807 1850/1850/1850 1808/1808/1808
f 1845/1845/1845 1848/1848/1848 1846/1846/1846
f 1816/1816/1816 1812/1812/1812 1811/1811/1811
f 1850/1850/1850 1807/1807/1807 1849/1849/1849
f 1841/1841/1841 1844/1844/1844 1842/1842/1842
f 1838/1838/1838 1840/1840/1840 1837/1837/1837
f 1851/1851/1851 1827/1827/1827 1826/1826/1826
f 1853/1853/1853 1824/1824/1824 1854/1854/1854
f 1839/1839/1839 1842/1842/1842 1840/1840/1840
f 1812/1812/1812 1816/1816/1816 1817/1817/1817
f 1813/1813/1813 1815/1815/1815 1817/1817/1817
f 1819/1819/1819 1814/1814/1814 1818/1818/1818
f 1821/1821/1821 1818/1818/1818 1820/1820/1820
f 1823/1823/1823 1820/1820/1820 1822/1822/1822
f 1825/1825/1825 1822/1822/1822 1824/1824/1824
f 1828/1828/1828 1826/1826/1826 1827/1827/1827
f 1836/1836/1836 1835/1835/1835 1834/1834/1834
f 1832/1832/1832 1830/1830/1830 1829/1829/1829
f 1827/1827/1827 1851/1851/1851 1852/1852/1852
f 1831/1831/1831 1829/1829/1829 1830/1830/1830
f 1809/1809/1809 1805/1805/1805 1804/1804/1804
f 1813/1813/1813 1817/1817/1817 1816/1816/1816
f 1818/1818/1818 1821/1821/1821 1819/1819/1819
f 1822/1822/1822 1825/1825/1825 1823/1823/1823
f 1829/1829/1829 1831/1831/1831 1828/1828/1828
f 1830/1830/1830 1832/1832/1832 1833/1833/1833
f 1833/1833/1833 1834/1834/1834 1835/1835/1835
f 1835/1835/1835 1836/1836/1836 1837/1837/1837
f 1840/1840/1840 1838/1838/1838 1839/1839/1839
f 1842/1842/1842 1839/1839/1839 1841/1841/1841
f 1844/1844/1844 1841/1841/1841 1843/1843/1843
f 1846/1846/1846 1843/1843/1843 1845/1845/1845
f 1848/1848/1848 1845/1845/1845 1847/1847/1847
f 1847/1847/1847 1849/1849/1849 1848/1848/1848
f 1820/1820/1820 1823/1823/1823 1821/1821/1821
f 1869/1869/1869 1868/1868/1868 1866/1866/1866
f 1871/1871/1871 1870/1870/1870 1868/1868/1868
f 1873/1873/1873 1872/1872/1872 1870/1870/1870
f 1875/1875/1875 1874/1874/1874 1872/1872/1872
f 1867/1867/1867 1866/1866/1866 1864/1864/1864
f 1865/1865/1865 1864/1864/1864 1862/1862/1862
f 1863/1863/1863 1862/1862/1862 1860/1860/1860
f 1877/1877/1877 1876/1876/1876 1874/1874/1874
f 1879/1879/1879 1878/1878/1878 1876/1876/1876
f 1881/1881/1881 1880/1880/1880 1878/1878/1878
f 1880/1880/1880 1881/1881/1881 1882/1882/1882
f 1878/1878/1878 1879/1879/1879 1881/1881/1881
f 1876/1876/1876 1877/1877/1877 1879/1879/1879
f 1874/1874/1874 1875/1875/1875 1877/1877/1877
f 1861/1861/1861 1860/1860/1860 1858/1858/1858
f 1857/1857/1857 1855/1855/1855 1856/1856/1856
f 1872/1872/1872 1873/1873/1873 1875/1875/1875
f 1855/1855/1855 1857/1857/1857 1859/1859/1859
f 1858/1858/1858 1859/1859/1859 1861/1861/1861
f 1860/1860/1860 1861/1861/1861 1863/1863/1863
f 1862/1862/1862 1863/1863/1863 1865/1865/1865
f 1864/1864/1864 1865/1865/1865 1867/1867/1867
f 1866/1866/1866 1867/1867/1867 1869/1869/1869
f 1868/1868/1868 1869/1869/1869 1871/1871/1871
f 1870/1870/1870 1871/1871/1871 1873/1873/1873
f 1859/1859/1859 1858/1858/1858 1855/1855/1855
f 1918/1918/1918 1920/1920/1920 1925/1925/1925
f 1925/1925/1925 1936/1936/1936 1926/1926/1926
f 1911/1911/1911 1913/1913/1913 1915/1915/1915
f 1925/1925/1925 1933/1933/1933 1918/1918/1918
f 1915/1915/1915 1935/1935/1935 1929/1929/1929
f 1936/1936/1936 1925/1925/1925 1915/1915/1915
f 1925/1925/1925 1934/1934/1934 1932/1932/1932
f 1913/1913/1913 1911/1911/1911 1912/1912/1912
f 1915/1915/1915 1930/1930/1930 1935/1935/1935
f 1915/1915/1915 1917/1917/1917 1911/1911/1911
f 1925/1925/1925 1927/1927/1927 1934/1934/1934
f 1933/1933/1933 1925/1925/1925 1932/1932/1932
f 1923/1923/1923 1918/1918/1918 1931/1931/1931
f 1918/1918/1918 1922/1922/1922 1919/1919/1919
f 1930/1930/1930 1915/1915/1915 1925/1925/1925
f 1916/1916/1916 1915/1915/1915 1929/1929/1929
f 1912/1912/1912 1914/1914/1914 1928/1928/1928
f 1927/1927/1927 1925/1925/1925 1926/1926/1926
f 1924/1924/1924 1918/1918/1918 1923/1923/1923
f 1922/1922/1922 1918/1918/1918 1921/1921/1921
f 1918/1918/1918 1924/1924/1924 1921/1921/1921
f 1920/1920/1920 1918/1918/1918 1919/1919/1919
f 1917/1917/1917 1915/1915/1915 1916/1916/1916
f 1914/1914/1914 1912/1912/1912 1911/1911/1911
f 4280/4280/4280 4264/4264/4264 4274/4274/4274
f 4271/4271/4271 4275/4275/4275 4272/4272/4272
f 4250/4250/4250 4251/4251/4251 4260/4260/4260
f 4265/4265/4265 4267/4267/4267 4257/4257/4257
f 4277/4277/4277 4278/4278/4278 4263/4263/4263
f 4264/4264/4264 4280/4280/4280 4276/4276/4276
f 4273/4273/4273 4275/4275/4275 4279/4279/4279
f 4275/4275/4275 4271/4271/4271 4279/4279/4279
f 4270/4270/4270 4253/4253/4253 4241/4241/4241
f 4244/4244/4244 4269/4269/4269 4268/4268/4268
f 4247/4247/4247 4249/4249/4249 4258/4258/4258
f 4265/4265/4265 4257/4257/4257 4256/4256/4256
f 4243/4243/4243 4245/4245/4245 4246/4246/4246
f 4278/4278/4278 4277/4277/4277 4254/4254/4254
f 4254/4254/4254 4255/4255/4255 4278/4278/4278
f 4270/4270/4270 4272/4272/4272 4253/4253/4253
f 4263/4263/4263 4262/4262/4262 4277/4277/4277
f 4274/4274/4274 4273/4273/4273 4280/4280/4280
f 4259/4259/4259 4267/4267/4267 4266/4266/4266
f 4262/4262/4262 4264/4264/4264 4276/4276/4276
f 4275/4275/4275 4273/4273/4273 4274/4274/4274
f 4272/4272/4272 4270/4270/4270 4271/4271/4271
f 4244/4244/4244 4261/4261/4261 4269/4269/4269
f 4240/4240/4240 4244/4244/4244 4268/4268/4268
f 4248/4248/4248 4260/4260/4260 4249/4249/4249
f 4267/4267/4267 4259/4259/4259 4258/4258/4258
f 4267/4267/4267 4265/4265/4265 4266/4266/4266
f 4256/4256/4256 4239/4239/4239 4238/4238/4238
f 4255/4255/4255 4246/4246/4246 4245/4245/4245
f 4264/4264/4264 4262/4262/4262 4263/4263/4263
f 4239/4239/4239 4237/4237/4237 4238/4238/4238
f 4242/4242/4242 4240/4240/4240 4241/4241/4241
f 4245/4245/4245 4243/4243/4243 4244/4244/4244
f 4237/4237/4237 4243/4243/4243 4246/4246/4246
f 4240/4240/4240 4242/4242/4242 4252/4252/4252
f 4251/4251/4251 4241/4241/4241 4240/4240/4240
f 4260/4260/4260 4248/4248/4248 4250/4250/4250
f 4247/4247/4247 4258/4258/4258 4259/4259/4259
f 4239/4239/4239 4256/4256/4256 4257/4257/4257
f 4237/4237/4237 4239/4239/4239 4243/4243/4243
f 4255/4255/4255 4254/4254/4254 4246/4246/4246
f 4242/4242/4242 4241/4241/4241 4253/4253/4253
f 4249/4249/4249 4247/4247/4247 4248/4248/4248
f 4251/4251/4251 4250/4250/4250 4241/4241/4241
f 4261/4261/4261 4244/4244/4244 4243/4243/4243
f 4244/4244/4244 4240/4240/4240 4252/4252/4252
f 6328/6328/6328 6308/6308/6308 6339/6339/6339
f 6309/6309/6309 6311/6311/6311 6322/6322/6322
f 6320/6320/6320 6336/6336/6336 6337/6337/6337
f 6331/6331/6331 6330/6330/6330 6340/6340/6340
f 6304/6304/6304 6306/6306/6306 6316/6316/6316
f 6323/6323/6323 6325/6325/6325 6313/6313/6313
f 6321/6321/6321 6322/6322/6322 6319/6319/6319
f 6335/6335/6335 6334/6334/6334 6333/6333/6333
f 6332/6332/6332 6331/6331/6331 6340/6340/6340
f 6330/6330/6330 6329/6329/6329 6328/6328/6328
f 6339/6339/6339 6308/6308/6308 6295/6295/6295
f 6298/6298/6298 6327/6327/6327 6326/6326/6326
f 6301/6301/6301 6303/6303/6303 6314/6314/6314
f 6323/6323/6323 6313/6313/6313 6312/6312/6312
f 6297/6297/6297 6299/6299/6299 6300/6300/6300
f 6321/6321/6321 6319/6319/6319 6338/6338/6338
f 6319/6319/6319 6318/6318/6318 6338/6338/6338
f 6334/6334/6334 6335/6335/6335 6320/6320/6320
f 6336/6336/6336 6320/6320/6320 6335/6335/6335
f 6334/6334/6334 6332/6332/6332 6333/6333/6333
f 6329/6329/6329 6330/6330/6330 6331/6331/6331
f 6308/6308/6308 6328/6328/6328 6329/6329/6329
f 6298/6298/6298 6317/6317/6317 6327/6327/6327
f 6294/6294/6294 6298/6298/6298 6326/6326/6326
f 6302/6302/6302 6316/6316/6316 6303/6303/6303
f 6325/6325/6325 6315/6315/6315 6314/6314/6314
f 6325/6325/6325 6323/6323/6323 6324/6324/6324
f 6312/6312/6312 6293/6293/6293 6292/6292/6292
f 6332/6332/6332 6334/6334/6334 6331/6331/6331
f 6315/6315/6315 6325/6325/6325 6324/6324/6324
f 6293/6293/6293 6291/6291/6291 6292/6292/6292
f 6296/6296/6296 6294/6294/6294 6295/6295/6295
f 6299/6299/6299 6297/6297/6297 6298/6298/6298
f 6291/6291/6291 6297/6297/6297 6300/6300/6300
f 6303/6303/6303 6301/6301/6301 6302/6302/6302
f 6306/6306/6306 6304/6304/6304 6305/6305/6305
f 6305/6305/6305 6294/6294/6294 6306/6306/6306
f 6298/6298/6298 6294/6294/6294 6307/6307/6307
f 6296/6296/6296 6295/6295/6295 6308/6308/6308
f 6311/6311/6311 6309/6309/6309 6310/6310/6310
f 6299/6299/6299 6310/6310/6310 6300/6300/6300
f 6322/6322/6322 6321/6321/6321 6309/6309/6309
f 6320/6320/6320 6318/6318/6318 6319/6319/6319
f 6317/6317/6317 6298/6298/6298 6297/6297/6297
f 6294/6294/6294 6296/6296/6296 6307/6307/6307
f 6294/6294/6294 6305/6305/6305 6295/6295/6295
f 6316/6316/6316 6302/6302/6302 6304/6304/6304
f 6301/6301/6301 6314/6314/6314 6315/6315/6315
f 6293/6293/6293 6312/6312/6312 6313/6313/6313
f 6291/6291/6291 6293/6293/6293 6297/6297/6297
f 6310/6310/6310 6299/6299/6299 6311/6311/6311
f 6318/6318/6318 6320/6320/6320 6337/6337/6337
f 6346/6346/6346 6347/6347/6347 6349/6349/6349
f 6344/6344/6344 6345/6345/6345 6347/6347/6347
f 6341/6341/6341 6343/6343/6343 6345/6345/6345
f 6352/6352/6352 6353/6353/6353 6354/6354/6354
f 6353/6353/6353 6352/6352/6352 6350/6350/6350
f 6345/6345/6345 6344/6344/6344 6341/6341/6341
f 6347/6347/6347 6346/6346/6346 6344/6344/6344
f 6350/6350/6350 6351/6351/6351 6353/6353/6353
f 6348/6348/6348 6349/6349/6349 6351/6351/6351
f 6343/6343/6343 6341/6341/6341 6342/6342/6342
f 6349/6349/6349 6348/6348/6348 6346/6346/6346
f 6351/6351/6351 6350/6350/6350 6348/6348/6348
f 6389/6389/6389 6388/6388/6388 6386/6386/6386
f 6391/6391/6391 6390/6390/6390 6388/6388/6388
f 6393/6393/6393 6392/6392/6392 6390/6390/6390
f 6387/6387/6387 6386/6386/6386 6384/6384/6384
f 6390/6390/6390 6391/6391/6391 6393/6393/6393
f 6388/6388/6388 6389/6389/6389 6391/6391/6391
f 6386/6386/6386 6387/6387/6387 6389/6389/6389
f 6384/6384/6384 6385/6385/6385 6387/6387/6387
f 6381/6381/6381 6383/6383/6383 6385/6385/6385
f 6385/6385/6385 6384/6384/6384 6381/6381/6381
f 6383/6383/6383 6381/6381/6381 6382/6382/6382
f 6392/6392/6392 6393/6393/6393 6394/6394/6394
f 4286/4286/4286 4287/4287/4287 4289/4289/4289
f 4288/4288/4288 4289/4289/4289 4291/4291/4291
f 4285/4285/4285 4284/4284/4284 4281/4281/4281
f 4290/4290/4290 4291/4291/4291 4293/4293/4293
f 4292/4292/4292 4293/4293/4293 4294/4294/4294
f 4293/4293/4293 4292/4292/4292 4290/4290/4290
f 4289/4289/4289 4288/4288/4288 4286/4286/4286
f 4291/4291/4291 4290/4290/4290 4288/4288/4288
f 4284/4284/4284 4285/4285/4285 4287/4287/4287
f 4283/4283/4283 4281/4281/4281 4282/4282/4282
f 4287/4287/4287 4286/4286/4286 4284/4284/4284
f 4281/4281/4281 4283/4283/4283 4285/4285/4285
f 4323/4323/4323 4321/4321/4321 4322/4322/4322
f 4325/4325/4325 4324/4324/4324 4321/4321/4321
f 4327/4327/4327 4326/4326/4326 4324/4324/4324
f 4329/4329/4329 4328/4328/4328 4326/4326/4326
f 4331/4331/4331 4330/4330/4330 4328/4328/4328
f 4333/4333/4333 4332/4332/4332 4330/4330/4330
f 4332/4332/4332 4333/4333/4333 4334/4334/4334
f 4330/4330/4330 4331/4331/4331 4333/4333/4333
f 4328/4328/4328 4329/4329/4329 4331/4331/4331
f 4326/4326/4326 4327/4327/4327 4329/4329/4329
f 4324/4324/4324 4325/4325/4325 4327/4327/4327
f 4321/4321/4321 4323/4323/4323 4325/4325/4325
f 4178/4178/4178 4172/4172/4172 4176/4176/4176
f 4190/4190/4190 4195/4195/4195 4194/4194/4194
f 4183/4183/4183 4184/4184/4184 4193/4193/4193
f 4176/4176/4176 4175/4175/4175 4178/4178/4178
f 4190/4190/4190 4192/4192/4192 4195/4195/4195
f 4182/4182/4182 4194/4194/4194 4195/4195/4195
f 4185/4185/4185 4177/4177/4177 4168/4168/4168
f 4194/4194/4194 4182/4182/4182 4181/4181/4181
f 4193/4193/4193 4192/4192/4192 4191/4191/4191
f 4188/4188/4188 4171/4171/4171 4187/4187/4187
f 4173/4173/4173 4174/4174/4174 4196/4196/4196
f 4192/4192/4192 4193/4193/4193 4184/4184/4184
f 4192/4192/4192 4190/4190/4190 4191/4191/4191
f 4180/4180/4180 4189/4189/4189 4188/4188/4188
f 4171/4171/4171 4188/4188/4188 4189/4189/4189
f 4171/4171/4171 4170/4170/4170 4187/4187/4187
f 4175/4175/4175 4177/4177/4177 4186/4186/4186
f 4177/4177/4177 4185/4185/4185 4186/4186/4186
f 4168/4168/4168 4167/4167/4167 4185/4185/4185
f 4184/4184/4184 4183/4183/4183 4174/4174/4174
f 4182/4182/4182 4180/4180/4180 4181/4181/4181
f 4170/4170/4170 4172/4172/4172 4179/4179/4179
f 4172/4172/4172 4178/4178/4178 4179/4179/4179
f 4177/4177/4177 4175/4175/4175 4176/4176/4176
f 4167/4167/4167 4169/4169/4169 4173/4173/4173
f 4174/4174/4174 4173/4173/4173 4169/4169/4169
f 4172/4172/4172 4170/4170/4170 4171/4171/4171
f 4174/4174/4174 4183/4183/4183 4196/4196/4196
f 4169/4169/4169 4167/4167/4167 4168/4168/4168
f 4180/4180/4180 4182/4182/4182 4189/4189/4189
f 4200/4200/4200 4201/4201/4201 4203/4203/4203
f 4197/4197/4197 4199/4199/4199 4201/4201/4201
f 4202/4202/4202 4203/4203/4203 4205/4205/4205
f 4204/4204/4204 4205/4205/4205 4207/4207/4207
f 4206/4206/4206 4207/4207/4207 4209/4209/4209
f 4208/4208/4208 4209/4209/4209 4210/4210/4210
f 4209/4209/4209 4208/4208/4208 4206/4206/4206
f 4207/4207/4207 4206/4206/4206 4204/4204/4204
f 4205/4205/4205 4204/4204/4204 4202/4202/4202
f 4203/4203/4203 4202/4202/4202 4200/4200/4200
f 4201/4201/4201 4200/4200/4200 4197/4197/4197
f 4199/4199/4199 4197/4197/4197 4198/4198/4198
f 3753/3753/3753 3756/3756/3756 3757/3757/3757
f 3756/3756/3756 3753/3753/3753 3758/3758/3758
f 3761/3761/3761 3759/3759/3759 3760/3760/3760
f 3754/3754/3754 3752/3752/3752 3753/3753/3753
f 3782/3782/3782 3781/3781/3781 3769/3769/3769
f 3780/3780/3780 3778/3778/3778 3779/3779/3779
f 3755/3755/3755 3754/3754/3754 3777/3777/3777
f 3752/3752/3752 3754/3754/3754 3755/3755/3755
f 3760/3760/3760 3762/3762/3762 3763/3763/3763
f 3766/3766/3766 3764/3764/3764 3765/3765/3765
f 3753/3753/3753 3752/3752/3752 3758/3758/3758
f 3769/3769/3769 3767/3767/3767 3768/3768/3768
f 3759/3759/3759 3770/3770/3770 3771/3771/3771
f 3767/3767/3767 3781/3781/3781 3783/3783/3783
f 3771/3771/3771 3770/3770/3770 3784/3784/3784
f 3762/3762/3762 3760/3760/3760 3785/3785/3785
f 3774/3774/3774 3773/3773/3773 3753/3753/3753
f 3765/3765/3765 3764/3764/3764 3786/3786/3786
f 3757/3757/3757 3756/3756/3756 3787/3787/3787
f 3763/3763/3763 3762/3762/3762 3772/3772/3772
f 3775/3775/3775 3773/3773/3773 3774/3774/3774
f 3755/3755/3755 3794/3794/3794 3792/3792/3792
f 3778/3778/3778 3780/3780/3780 3756/3756/3756
f 3778/3778/3778 3782/3782/3782 3788/3788/3788
f 3767/3767/3767 3769/3769/3769 3781/3781/3781
f 3783/3783/3783 3770/3770/3770 3789/3789/3789
f 3759/3759/3759 3761/3761/3761 3770/3770/3770
f 3773/3773/3773 3775/3775/3775 3772/3772/3772
f 3765/3765/3765 3775/3775/3775 3774/3774/3774
f 3756/3756/3756 3780/3780/3780 3787/3787/3787
f 3782/3782/3782 3778/3778/3778 3790/3790/3790
f 3768/3768/3768 3767/3767/3767 3766/3766/3766
f 3770/3770/3770 3761/3761/3761 3789/3789/3789
f 3791/3791/3791 3753/3753/3753 3773/3773/3773
f 3765/3765/3765 3786/3786/3786 3775/3775/3775
f 3778/3778/3778 3788/3788/3788 3779/3779/3779
f 3770/3770/3770 3783/3783/3783 3781/3781/3781
f 3792/3792/3792 3770/3770/3770 3755/3755/3755
f 3772/3772/3772 3762/3762/3762 3773/3773/3773
f 3793/3793/3793 3760/3760/3760 3759/3759/3759
f 3755/3755/3755 3777/3777/3777 3794/3794/3794
f 3770/3770/3770 3792/3792/3792 3784/3784/3784
f 3760/3760/3760 3793/3793/3793 3785/3785/3785
f 3795/3795/3795 3766/3766/3766 3767/3767/3767
f 3781/3781/3781 3782/3782/3782 3790/3790/3790
f 3766/3766/3766 3795/3795/3795 3776/3776/3776
f 3753/3753/3753 3791/3791/3791 3754/3754/3754
f 3764/3764/3764 3766/3766/3766 3776/3776/3776
f 2562/2562/2562 2560/2560/2560 2561/2561/2561
f 2558/2558/2558 2557/2557/2557 2559/2559/2559
f 2556/2556/2556 2558/2558/2558 2568/2568/2568
f 2560/2560/2560 2566/2566/2566 2567/2567/2567
f 2564/2564/2564 2566/2566/2566 2560/2560/2560
f 2561/2561/2561 2560/2560/2560 2567/2567/2567
f 2566/2566/2566 2564/2564/2564 2565/2565/2565
f 2557/2557/2557 2562/2562/2562 2563/2563/2563
f 2560/2560/2560 2562/2562/2562 2557/2557/2557
f 2559/2559/2559 2557/2557/2557 2563/2563/2563
f 2558/2558/2558 2556/2556/2556 2557/2557/2557
f 2571/2571/2571 2569/2569/2569 2570/2570/2570
f 2570/2570/2570 2572/2572/2572 2573/2573/2573
f 2572/2572/2572 2570/2570/2570 2569/2569/2569
f 2574/2574/2574 2575/2575/2575 2576/2576/2576
f 2572/2572/2572 2574/2574/2574 2577/2577/2577
f 2569/2569/2569 2571/2571/2571 2578/2578/2578
f 2574/2574/2574 2572/2572/2572 2569/2569/2569
f 2575/2575/2575 2574/2574/2574 2569/2569/2569
f 2579/2579/2579 2581/2581/2581 2582/2582/2582
f 2581/2581/2581 2579/2579/2579 2580/2580/2580
f 2583/2583/2583 2585/2585/2585 2586/2586/2586
f 2585/2585/2585 2583/2583/2583 2584/2584/2584
f 2587/2587/2587 2589/2589/2589 2591/2591/2591
f 2590/2590/2590 2591/2591/2591 2593/2593/2593
f 2592/2592/2592 2593/2593/2593 2595/2595/2595
f 2594/2594/2594 2595/2595/2595 2597/2597/2597
f 2596/2596/2596 2597/2597/2597 2599/2599/2599
f 2598/2598/2598 2599/2599/2599 2600/2600/2600
f 2599/2599/2599 2598/2598/2598 2596/2596/2596
f 2597/2597/2597 2596/2596/2596 2594/2594/2594
f 2595/2595/2595 2594/2594/2594 2592/2592/2592
f 2593/2593/2593 2592/2592/2592 2590/2590/2590
f 2591/2591/2591 2590/2590/2590 2587/2587/2587
f 2589/2589/2589 2587/2587/2587 2588/2588/2588
f 3860/3860/3860 3861/3861/3861 3862/3862/3862
f 3858/3858/3858 3859/3859/3859 3860/3860/3860
f 3856/3856/3856 3857/3857/3857 3858/3858/3858
f 3853/3853/3853 3855/3855/3855 3856/3856/3856
f 3854/3854/3854 3852/3852/3852 3853/3853/3853
f 3862/3862/3862 3863/3863/3863 3864/3864/3864
f 3805/3805/3805 3806/3806/3806 3808/3808/3808
f 3799/3799/3799 3800/3800/3800 3802/3802/3802
f 3801/3801/3801 3802/3802/3802 3804/3804/3804
f 3803/3803/3803 3804/3804/3804 3806/3806/3806
f 3798/3798/3798 3796/3796/3796 3797/3797/3797
f 3800/3800/3800 3799/3799/3799 3796/3796/3796
f 3802/3802/3802 3801/3801/3801 3799/3799/3799
f 3804/3804/3804 3803/3803/3803 3801/3801/3801
f 3806/3806/3806 3805/3805/3805 3803/3803/3803
f 3808/3808/3808 3807/3807/3807 3805/3805/3805
f 3807/3807/3807 3808/3808/3808 3809/3809/3809
f 3796/3796/3796 3798/3798/3798 3800/3800/3800
f 3926/3926/3926 3927/3927/3927 3928/3928/3928
f 3928/3928/3928 3929/3929/3929 3930/3930/3930
f 3924/3924/3924 3925/3925/3925 3926/3926/3926
f 3921/3921/3921 3923/3923/3923 3924/3924/3924
f 3922/3922/3922 3920/3920/3920 3921/3921/3921
f 3930/3930/3930 3931/3931/3931 3932/3932/3932
f 3901/3901/3901 3902/3902/3902 3904/3904/3904
f 3903/3903/3903 3904/3904/3904 3905/3905/3905
f 3895/3895/3895 3896/3896/3896 3898/3898/3898
f 3899/3899/3899 3900/3900/3900 3902/3902/3902
f 3900/3900/3900 3899/3899/3899 3897/3897/3897
f 3898/3898/3898 3897/3897/3897 3895/3895/3895
f 3896/3896/3896 3895/3895/3895 3892/3892/3892
f 3894/3894/3894 3892/3892/3892 3893/3893/3893
f 3902/3902/3902 3901/3901/3901 3899/3899/3899
f 3897/3897/3897 3898/3898/3898 3900/3900/3900
f 3904/3904/3904 3903/3903/3903 3901/3901/3901
f 3892/3892/3892 3894/3894/3894 3896/3896/3896
f 3810/3810/3810 3812/3812/3812 3823/3823/3823
f 3813/3813/3813 3816/3816/3816 3814/3814/3814
f 3815/3815/3815 3818/3818/3818 3816/3816/3816
f 3817/3817/3817 3820/3820/3820 3818/3818/3818
f 3819/3819/3819 3822/3822/3822 3820/3820/3820
f 3822/3822/3822 3819/3819/3819 3821/3821/3821
f 3820/3820/3820 3817/3817/3817 3819/3819/3819
f 3818/3818/3818 3815/3815/3815 3817/3817/3817
f 3816/3816/3816 3813/3813/3813 3815/3815/3815
f 3814/3814/3814 3811/3811/3811 3813/3813/3813
f 3812/3812/3812 3810/3810/3810 3811/3811/3811
f 3811/3811/3811 3814/3814/3814 3812/3812/3812
f 3989/3989/3989 3991/3991/3991 3992/3992/3992
f 3992/3992/3992 3993/3993/3993 3994/3994/3994
f 3994/3994/3994 3995/3995/3995 3996/3996/3996
f 3996/3996/3996 3997/3997/3997 3998/3998/3998
f 3998/3998/3998 3999/3999/3999 4000/4000/4000
f 3990/3990/3990 3988/3988/3988 3989/3989/3989
f 3963/3963/3963 3964/3964/3964 3966/3966/3966
f 3965/3965/3965 3966/3966/3966 3968/3968/3968
f 3967/3967/3967 3968/3968/3968 3970/3970/3970
f 3969/3969/3969 3970/3970/3970 3972/3972/3972
f 3971/3971/3971 3972/3972/3972 3973/3973/3973
f 3960/3960/3960 3962/3962/3962 3964/3964/3964
f 3970/3970/3970 3969/3969/3969 3967/3967/3967
f 3968/3968/3968 3967/3967/3967 3965/3965/3965
f 3966/3966/3966 3965/3965/3965 3963/3963/3963
f 3964/3964/3964 3963/3963/3963 3960/3960/3960
f 3962/3962/3962 3960/3960/3960 3961/3961/3961
f 3972/3972/3972 3971/3971/3971 3969/3969/3969
f 3824/3824/3824 3826/3826/3826 3837/3837/3837
f 3825/3825/3825 3828/3828/3828 3826/3826/3826
f 3826/3826/3826 3824/3824/3824 3825/3825/3825
f 3828/3828/3828 3825/3825/3825 3827/3827/3827
f 3827/3827/3827 3830/3830/3830 3828/3828/3828
f 3829/3829/3829 3832/3832/3832 3830/3830/3830
f 3830/3830/3830 3827/3827/3827 3829/3829/3829
f 3831/3831/3831 3834/3834/3834 3832/3832/3832
f 3833/3833/3833 3836/3836/3836 3834/3834/3834
f 3836/3836/3836 3833/3833/3833 3835/3835/3835
f 3832/3832/3832 3829/3829/3829 3831/3831/3831
f 3834/3834/3834 3831/3831/3831 3833/3833/3833
f 2061/2061/2061 2062/2062/2062 2063/2063/2063
f 2059/2059/2059 2060/2060/2060 2061/2061/2061
f 2057/2057/2057 2055/2055/2055 2056/2056/2056
f 2056/2056/2056 2058/2058/2058 2059/2059/2059
f 2063/2063/2063 2064/2064/2064 2065/2065/2065
f 2065/2065/2065 2066/2066/2066 2067/2067/2067
f 2029/2029/2029 2027/2027/2027 2028/2028/2028
f 2031/2031/2031 2030/2030/2030 2027/2027/2027
f 2033/2033/2033 2032/2032/2032 2030/2030/2030
f 2035/2035/2035 2034/2034/2034 2032/2032/2032
f 2037/2037/2037 2036/2036/2036 2034/2034/2034
f 2039/2039/2039 2038/2038/2038 2036/2036/2036
f 2027/2027/2027 2029/2029/2029 2031/2031/2031
f 2038/2038/2038 2039/2039/2039 2040/2040/2040
f 2036/2036/2036 2037/2037/2037 2039/2039/2039
f 2034/2034/2034 2035/2035/2035 2037/2037/2037
f 2032/2032/2032 2033/2033/2033 2035/2035/2035
f 2030/2030/2030 2031/2031/2031 2033/2033/2033
f 1972/1972/1972 1968/1968/1968 1971/1971/1971
f 1966/1966/1966 1964/1964/1964 1965/1965/1965
f 1965/1965/1965 1964/1964/1964 1967/1967/1967
f 1970/1970/1970 1968/1968/1968 1969/1969/1969
f 1968/1968/1968 1970/1970/1970 1964/1964/1964
f 1968/1968/1968 1972/1972/1972 1969/1969/1969
f 1964/1964/1964 1966/1966/1966 1968/1968/1968
f 1975/1975/1975 1973/1973/1973 1974/1974/1974
f 1974/1974/1974 1973/1973/1973 1976/1976/1976
f 1973/1973/1973 1975/1975/1975 1977/1977/1977
f 1978/1978/1978 1980/1980/1980 1981/1981/1981
f 1980/1980/1980 1978/1978/1978 1979/1979/1979
f 1978/1978/1978 1981/1981/1981 1982/1982/1982
f 1991/1991/1991 1990/1990/1990 1988/1988/1988
f 1983/1983/1983 1985/1985/1985 1987/1987/1987
f 1989/1989/1989 1988/1988/1988 1986/1986/1986
f 1987/1987/1987 1986/1986/1986 1983/1983/1983
f 1985/1985/1985 1983/1983/1983 1984/1984/1984
f 1986/1986/1986 1987/1987/1987 1989/1989/1989
f 1988/1988/1988 1989/1989/1989 1991/1991/1991
f 1990/1990/1990 1991/1991/1991 1993/1993/1993
f 1992/1992/1992 1993/1993/1993 1995/1995/1995
f 1994/1994/1994 1995/1995/1995 1996/1996/1996
f 1995/1995/1995 1994/1994/1994 1992/1992/1992
f 1993/1993/1993 1992/1992/1992 1990/1990/1990
f 2878/2878/2878 2880/2880/2880 2881/2881/2881
f 2880/2880/2880 2878/2878/2878 2879/2879/2879
f 3094/3094/3094 3093/3093/3093 3096/3096/3096
f 3096/3096/3096 3097/3097/3097 3098/3098/3098
f 3090/3090/3090 3089/3089/3089 3099/3099/3099
f 3102/3102/3102 3100/3100/3100 3101/3101/3101
f 3100/3100/3100 3103/3103/3103 3104/3104/3104
f 3077/3077/3077 3083/3083/3083 3091/3091/3091
f 3074/3074/3074 3080/3080/3080 3089/3089/3089
f 3095/3095/3095 3093/3093/3093 3094/3094/3094
f 3077/3077/3077 3091/3091/3091 3092/3092/3092
f 3107/3107/3107 3105/3105/3105 3106/3106/3106
f 3109/3109/3109 3102/3102/3102 3108/3108/3108
f 3111/3111/3111 3102/3102/3102 3110/3110/3110
f 3074/3074/3074 3089/3089/3089 3090/3090/3090
f 3092/3092/3092 3091/3091/3091 3112/3112/3112
f 3097/3097/3097 3096/3096/3096 3093/3093/3093
f 3077/3077/3077 3088/3088/3088 3087/3087/3087
f 3116/3116/3116 3100/3100/3100 3115/3115/3115
f 3100/3100/3100 3102/3102/3102 3117/3117/3117
f 3103/3103/3103 3100/3100/3100 3118/3118/3118
f 3105/3105/3105 3107/3107/3107 3119/3119/3119
f 3102/3102/3102 3111/3111/3111 3108/3108/3108
f 3121/3121/3121 3102/3102/3102 3120/3120/3120
f 3092/3092/3092 3112/3112/3112 3122/3122/3122
f 3093/3093/3093 3095/3095/3095 3123/3123/3123
f 3090/3090/3090 3099/3099/3099 3113/3113/3113
f 3100/3100/3100 3117/3117/3117 3115/3115/3115
f 3106/3106/3106 3105/3105/3105 3104/3104/3104
f 3102/3102/3102 3121/3121/3121 3110/3110/3110
f 3124/3124/3124 3102/3102/3102 3101/3101/3101
f 3092/3092/3092 3125/3125/3125 3126/3126/3126
f 3114/3114/3114 3127/3127/3127 3097/3097/3097
f 3107/3107/3107 3128/3128/3128 3119/3119/3119
f 3104/3104/3104 3103/3103/3103 3106/3106/3106
f 3102/3102/3102 3124/3124/3124 3120/3120/3120
f 3092/3092/3092 3122/3122/3122 3125/3125/3125
f 3130/3130/3130 3093/3093/3093 3129/3129/3129
f 3114/3114/3114 3113/3113/3113 3127/3127/3127
f 3100/3100/3100 3116/3116/3116 3118/3118/3118
f 3131/3131/3131 3097/3097/3097 3093/3093/3093
f 3124/3124/3124 3101/3101/3101 3132/3132/3132
f 3126/3126/3126 3132/3132/3132 3101/3101/3101
f 3093/3093/3093 3123/3123/3123 3129/3129/3129
f 3097/3097/3097 3131/3131/3131 3128/3128/3128
f 3126/3126/3126 3125/3125/3125 3132/3132/3132
f 3074/3074/3074 3086/3086/3086 3085/3085/3085
f 3077/3077/3077 3076/3076/3076 3088/3088/3088
f 3082/3082/3082 3077/3077/3077 3087/3087/3087
f 3074/3074/3074 3073/3073/3073 3086/3086/3086
f 3079/3079/3079 3074/3074/3074 3085/3085/3085
f 3076/3076/3076 3078/3078/3078 3084/3084/3084
f 3083/3083/3083 3077/3077/3077 3082/3082/3082
f 3073/3073/3073 3075/3075/3075 3081/3081/3081
f 3128/3128/3128 3107/3107/3107 3097/3097/3097
f 3093/3093/3093 3130/3130/3130 3133/3133/3133
f 3102/3102/3102 3109/3109/3109 3134/3134/3134
f 3080/3080/3080 3074/3074/3074 3079/3079/3079
f 3078/3078/3078 3076/3076/3076 3077/3077/3077
f 3075/3075/3075 3073/3073/3073 3074/3074/3074
f 3090/3090/3090 3113/3113/3113 3114/3114/3114
f 3098/3098/3098 3097/3097/3097 3127/3127/3127
f 5849/5849/5849 5844/5844/5844 5850/5850/5850
f 5839/5839/5839 5848/5848/5848 5847/5847/5847
f 5845/5845/5845 5844/5844/5844 5849/5849/5849
f 5836/5836/5836 5843/5843/5843 5842/5842/5842
f 5839/5839/5839 5841/5841/5841 5848/5848/5848
f 5834/5834/5834 5839/5839/5839 5847/5847/5847
f 5834/5834/5834 5833/5833/5833 5839/5839/5839
f 5837/5837/5837 5844/5844/5844 5851/5851/5851
f 5850/5850/5850 5844/5844/5844 5852/5852/5852
f 5840/5840/5840 5852/5852/5852 5853/5853/5853
f 5840/5840/5840 5839/5839/5839 5852/5852/5852
f 5837/5837/5837 5836/5836/5836 5844/5844/5844
f 5826/5826/5826 5824/5824/5824 5825/5825/5825
f 5829/5829/5829 5827/5827/5827 5828/5828/5828
f 5824/5824/5824 5828/5828/5828 5827/5827/5827
f 5832/5832/5832 5830/5830/5830 5831/5831/5831
f 5824/5824/5824 5826/5826/5826 5828/5828/5828
f 5852/5852/5852 5854/5854/5854 5853/5853/5853
f 5844/5844/5844 5846/5846/5846 5851/5851/5851
f 5854/5854/5854 5852/5852/5852 5844/5844/5844
f 5830/5830/5830 5833/5833/5833 5834/5834/5834
f 5827/5827/5827 5829/5829/5829 5835/5835/5835
f 5838/5838/5838 5836/5836/5836 5837/5837/5837
f 5830/5830/5830 5832/5832/5832 5833/5833/5833
f 5841/5841/5841 5839/5839/5839 5840/5840/5840
f 5827/5827/5827 5836/5836/5836 5842/5842/5842
f 5836/5836/5836 5838/5838/5838 5843/5843/5843
f 5827/5827/5827 5835/5835/5835 5836/5836/5836
f 5846/5846/5846 5844/5844/5844 5845/5845/5845
f 5729/5729/5729 5727/5727/5727 5728/5728/5728
f 5737/5737/5737 5736/5736/5736 5744/5744/5744
f 5745/5745/5745 5744/5744/5744 5749/5749/5749
f 5739/5739/5739 5748/5748/5748 5747/5747/5747
f 5727/5727/5727 5735/5735/5735 5736/5736/5736
f 5749/5749/5749 5744/5744/5744 5750/5750/5750
f 5724/5724/5724 5728/5728/5728 5727/5727/5727
f 5732/5732/5732 5730/5730/5730 5731/5731/5731
f 5724/5724/5724 5726/5726/5726 5728/5728/5728
f 5730/5730/5730 5733/5733/5733 5734/5734/5734
f 5727/5727/5727 5729/5729/5729 5735/5735/5735
f 5734/5734/5734 5733/5733/5733 5739/5739/5739
f 5737/5737/5737 5744/5744/5744 5751/5751/5751
f 5750/5750/5750 5744/5744/5744 5752/5752/5752
f 5738/5738/5738 5736/5736/5736 5737/5737/5737
f 5730/5730/5730 5732/5732/5732 5733/5733/5733
f 5741/5741/5741 5739/5739/5739 5740/5740/5740
f 5727/5727/5727 5736/5736/5736 5742/5742/5742
f 5746/5746/5746 5744/5744/5744 5745/5745/5745
f 5740/5740/5740 5752/5752/5752 5753/5753/5753
f 5734/5734/5734 5739/5739/5739 5747/5747/5747
f 5739/5739/5739 5741/5741/5741 5748/5748/5748
f 5754/5754/5754 5752/5752/5752 5744/5744/5744
f 5744/5744/5744 5746/5746/5746 5751/5751/5751
f 5736/5736/5736 5743/5743/5743 5742/5742/5742
f 5726/5726/5726 5724/5724/5724 5725/5725/5725
f 5752/5752/5752 5754/5754/5754 5753/5753/5753
f 5740/5740/5740 5739/5739/5739 5752/5752/5752
f 5736/5736/5736 5738/5738/5738 5743/5743/5743
f 6417/6417/6417 6416/6416/6416 6412/6412/6412
f 6410/6410/6410 6409/6409/6409 6415/6415/6415
f 6412/6412/6412 6414/6414/6414 6418/6418/6418
f 6411/6411/6411 6409/6409/6409 6410/6410/6410
f 6419/6419/6419 6412/6412/6412 6416/6416/6416
f 6416/6416/6416 6417/6417/6417 6409/6409/6409
f 6412/6412/6412 6419/6419/6419 6413/6413/6413
f 6409/6409/6409 6411/6411/6411 6416/6416/6416
f 6412/6412/6412 6418/6418/6418 6420/6420/6420
f 6414/6414/6414 6412/6412/6412 6413/6413/6413
f 6378/6378/6378 6375/6375/6375 6377/6377/6377
f 6369/6369/6369 6375/6375/6375 6376/6376/6376
f 6374/6374/6374 6372/6372/6372 6373/6373/6373
f 6371/6371/6371 6369/6369/6369 6370/6370/6370
f 6372/6372/6372 6377/6377/6377 6379/6379/6379
f 6380/6380/6380 6377/6377/6377 6375/6375/6375
f 6375/6375/6375 6378/6378/6378 6376/6376/6376
f 6377/6377/6377 6380/6380/6380 6379/6379/6379
f 6369/6369/6369 6371/6371/6371 6375/6375/6375
f 6372/6372/6372 6374/6374/6374 6377/6377/6377
f 4227/4227/4227 4225/4225/4225 4226/4226/4226
f 4230/4230/4230 4228/4228/4228 4229/4229/4229
f 4225/4225/4225 4231/4231/4231 4232/4232/4232
f 4228/4228/4228 4233/4233/4233 4235/4235/4235
f 4236/4236/4236 4233/4233/4233 4231/4231/4231
f 4225/4225/4225 4227/4227/4227 4231/4231/4231
f 4228/4228/4228 4230/4230/4230 4233/4233/4233
f 4233/4233/4233 4236/4236/4236 4235/4235/4235
f 4234/4234/4234 4231/4231/4231 4233/4233/4233
f 4231/4231/4231 4234/4234/4234 4232/4232/4232
f 4354/4354/4354 4352/4352/4352 4353/4353/4353
f 4351/4351/4351 4349/4349/4349 4350/4350/4350
f 4349/4349/4349 4351/4351/4351 4356/4356/4356
f 4352/4352/4352 4358/4358/4358 4360/4360/4360
f 4352/4352/4352 4359/4359/4359 4353/4353/4353
f 4356/4356/4356 4357/4357/4357 4349/4349/4349
f 4359/4359/4359 4352/4352/4352 4356/4356/4356
f 4352/4352/4352 4354/4354/4354 4358/4358/4358
f 4350/4350/4350 4349/4349/4349 4355/4355/4355
f 4357/4357/4357 4356/4356/4356 4352/4352/4352
f 4315/4315/4315 4318/4318/4318 4316/4316/4316
f 4311/4311/4311 4309/4309/4309 4310/4310/4310
f 4309/4309/4309 4311/4311/4311 4315/4315/4315
f 4312/4312/4312 4314/4314/4314 4317/4317/4317
f 4317/4317/4317 4320/4320/4320 4319/4319/4319
f 4314/4314/4314 4312/4312/4312 4313/4313/4313
f 4320/4320/4320 4317/4317/4317 4315/4315/4315
f 4312/4312/4312 4317/4317/4317 4319/4319/4319
f 4318/4318/4318 4315/4315/4315 4317/4317/4317
f 4309/4309/4309 4315/4315/4315 4316/4316/4316
f 4921/4921/4921 4917/4917/4917 4920/4920/4920
f 4943/4943/4943 4944/4944/4944 4963/4963/4963
f 4946/4946/4946 4948/4948/4948 4952/4952/4952
f 4930/4930/4930 4926/4926/4926 4929/4929/4929
f 4917/4917/4917 4921/4921/4921 4918/4918/4918
f 4917/4917/4917 4925/4925/4925 4923/4923/4923
f 4919/4919/4919 4917/4917/4917 4918/4918/4918
f 4936/4936/4936 4935/4935/4935 4933/4933/4933
f 4935/4935/4935 4936/4936/4936 4937/4937/4937
f 4933/4933/4933 4934/4934/4934 4936/4936/4936
f 4924/4924/4924 4926/4926/4926 4932/4932/4932
f 4917/4917/4917 4919/4919/4919 4922/4922/4922
f 4926/4926/4926 4928/4928/4928 4929/4929/4929
f 4943/4943/4943 4961/4961/4961 4964/4964/4964
f 4920/4920/4920 4917/4917/4917 4923/4923/4923
f 4935/4935/4935 4938/4938/4938 4942/4942/4942
f 4934/4934/4934 4933/4933/4933 4917/4917/4917
f 4939/4939/4939 4941/4941/4941 4945/4945/4945
f 4926/4926/4926 4931/4931/4931 4932/4932/4932
f 4926/4926/4926 4927/4927/4927 4928/4928/4928
f 4952/4952/4952 4954/4954/4954 4958/4958/4958
f 4952/4952/4952 4957/4957/4957 4953/4953/4953
f 4952/4952/4952 4956/4956/4956 4957/4957/4957
f 4941/4941/4941 4939/4939/4939 4940/4940/4940
f 4927/4927/4927 4926/4926/4926 4917/4917/4917
f 4917/4917/4917 4922/4922/4922 4934/4934/4934
f 4956/4956/4956 4952/4952/4952 4955/4955/4955
f 4954/4954/4954 4952/4952/4952 4953/4953/4953
f 4946/4946/4946 4951/4951/4951 4947/4947/4947
f 4964/4964/4964 4959/4959/4959 4952/4952/4952
f 4959/4959/4959 4964/4964/4964 4961/4961/4961
f 4926/4926/4926 4930/4930/4930 4931/4931/4931
f 4940/4940/4940 4942/4942/4942 4941/4941/4941
f 4942/4942/4942 4940/4940/4940 4935/4935/4935
f 4962/4962/4962 4943/4943/4943 4963/4963/4963
f 4960/4960/4960 4943/4943/4943 4962/4962/4962
f 4961/4961/4961 4943/4943/4943 4960/4960/4960
f 4955/4955/4955 4952/4952/4952 4959/4959/4959
f 4952/4952/4952 4958/4958/4958 4946/4946/4946
f 4935/4935/4935 4937/4937/4937 4938/4938/4938
f 4944/4944/4944 4943/4943/4943 4939/4939/4939
f 4925/4925/4925 4917/4917/4917 4924/4924/4924
f 4926/4926/4926 4924/4924/4924 4917/4917/4917
f 4944/4944/4944 4939/4939/4939 4945/4945/4945
f 4948/4948/4948 4946/4946/4946 4947/4947/4947
f 4946/4946/4946 4950/4950/4950 4951/4951/4951
f 4950/4950/4950 4946/4946/4946 4949/4949/4949
f 1465/1465/1465 1464/1464/1464 1463/1463/1463
f 1467/1467/1467 1466/1466/1466 1465/1465/1465
f 1463/1463/1463 1462/1462/1462 1461/1461/1461
f 1461/1461/1461 1459/1459/1459 1460/1460/1460
f 1469/1469/1469 1468/1468/1468 1467/1467/1467
f 1471/1471/1471 1470/1470/1470 1469/1469/1469
f 1470/1470/1470 1471/1471/1471 1472/1472/1472
f 1459/1459/1459 1461/1461/1461 1462/1462/1462
f 1462/1462/1462 1463/1463/1463 1464/1464/1464
f 1464/1464/1464 1465/1465/1465 1466/1466/1466
f 1466/1466/1466 1467/1467/1467 1468/1468/1468
f 1468/1468/1468 1469/1469/1469 1470/1470/1470
f 1492/1492/1492 1490/1490/1490 1491/1491/1491
f 1495/1495/1495 1493/1493/1493 1494/1494/1494
f 1488/1488/1488 1487/1487/1487 1496/1496/1496
f 1491/1491/1491 1490/1490/1490 1497/1497/1497
f 1490/1490/1490 1492/1492/1492 1496/1496/1496
f 1498/1498/1498 1496/1496/1496 1487/1487/1487
f 1487/1487/1487 1489/1489/1489 1493/1493/1493
f 1496/1496/1496 1498/1498/1498 1490/1490/1490
f 1493/1493/1493 1495/1495/1495 1487/1487/1487
f 1489/1489/1489 1487/1487/1487 1488/1488/1488
f 1375/1375/1375 1376/1376/1376 1377/1377/1377
f 1377/1377/1377 1378/1378/1378 1379/1379/1379
f 1379/1379/1379 1380/1380/1380 1381/1381/1381
f 1374/1374/1374 1372/1372/1372 1373/1373/1373
f 1381/1381/1381 1382/1382/1382 1383/1383/1383
f 1383/1383/1383 1384/1384/1384 1385/1385/1385
f 1384/1384/1384 1383/1383/1383 1382/1382/1382
f 1382/1382/1382 1381/1381/1381 1380/1380/1380
f 1380/1380/1380 1379/1379/1379 1378/1378/1378
f 1378/1378/1378 1377/1377/1377 1376/1376/1376
f 1376/1376/1376 1375/1375/1375 1374/1374/1374
f 1372/1372/1372 1374/1374/1374 1375/1375/1375
f 1404/1404/1404 1403/1403/1403 1407/1407/1407
f 1407/1407/1407 1408/1408/1408 1400/1400/1400
f 1403/1403/1403 1405/1405/1405 1409/1409/1409
f 1409/1409/1409 1411/1411/1411 1403/1403/1403
f 1411/1411/1411 1409/1409/1409 1410/1410/1410
f 1401/1401/1401 1400/1400/1400 1406/1406/1406
f 1405/1405/1405 1403/1403/1403 1404/1404/1404
f 1400/1400/1400 1402/1402/1402 1407/1407/1407
f 1402/1402/1402 1400/1400/1400 1401/1401/1401
f 1408/1408/1408 1407/1407/1407 1403/1403/1403
f 2414/2414/2414 2413/2413/2413 2417/2417/2417
f 2410/2410/2410 2412/2412/2412 2416/2416/2416
f 2412/2412/2412 2413/2413/2413 2415/2415/2415
f 2413/2413/2413 2414/2414/2414 2415/2415/2415
f 2413/2413/2413 2412/2412/2412 2411/2411/2411
f 2412/2412/2412 2410/2410/2410 2411/2411/2411
f 2376/2376/2376 2378/2378/2378 2379/2379/2379
f 2378/2378/2378 2376/2376/2376 2375/2375/2375
f 2377/2377/2377 2375/2375/2375 2376/2376/2376
f 2375/2375/2375 2377/2377/2377 2380/2380/2380
f 2369/2369/2369 2371/2371/2371 2374/2374/2374
f 2371/2371/2371 2372/2372/2372 2373/2373/2373
f 2371/2371/2371 2369/2369/2369 2370/2370/2370
f 2372/2372/2372 2371/2371/2371 2370/2370/2370
f 2383/2383/2383 2381/2381/2381 2382/2382/2382
f 2381/2381/2381 2383/2383/2383 2384/2384/2384
f 2387/2387/2387 2385/2385/2385 2386/2386/2386
f 2385/2385/2385 2387/2387/2387 2388/2388/2388
f 2420/2420/2420 2418/2418/2418 2419/2419/2419
f 2418/2418/2418 2420/2420/2420 2421/2421/2421
f 2391/2391/2391 2389/2389/2389 2390/2390/2390
f 2389/2389/2389 2391/2391/2391 2392/2392/2392
f 2480/2480/2480 2484/2484/2484 2485/2485/2485
f 2478/2478/2478 2480/2480/2480 2483/2483/2483
f 2480/2480/2480 2478/2478/2478 2479/2479/2479
f 2478/2478/2478 2481/2481/2481 2482/2482/2482
f 2481/2481/2481 2478/2478/2478 2483/2483/2483
f 2484/2484/2484 2480/2480/2480 2479/2479/2479
f 2448/2448/2448 2450/2450/2450 2451/2451/2451
f 2450/2450/2450 2448/2448/2448 2449/2449/2449
f 2486/2486/2486 2488/2488/2488 2489/2489/2489
f 2488/2488/2488 2486/2486/2486 2487/2487/2487
f 2454/2454/2454 2452/2452/2452 2453/2453/2453
f 2455/2455/2455 2454/2454/2454 2453/2453/2453
f 2454/2454/2454 2455/2455/2455 2456/2456/2456
f 2452/2452/2452 2454/2454/2454 2457/2457/2457
f 2444/2444/2444 2446/2446/2446 2447/2447/2447
f 2446/2446/2446 2444/2444/2444 2445/2445/2445
f 2490/2490/2490 2492/2492/2492 2493/2493/2493
f 2492/2492/2492 2490/2490/2490 2491/2491/2491
f 2494/2494/2494 2496/2496/2496 2497/2497/2497
f 2496/2496/2496 2494/2494/2494 2495/2495/2495
f 606/606/606 605/605/605 604/604/604
f 605/605/605 606/606/606 607/607/607
f 605/605/605 603/603/603 604/604/604
f 608/608/608 606/606/606 604/604/604
f 603/603/603 605/605/605 610/610/610
f 606/606/606 608/608/608 609/609/609
f 933/933/933 931/931/931 936/936/936
f 931/931/931 929/929/929 930/930/930
f 933/933/933 932/932/932 929/929/929
f 929/929/929 931/931/931 933/933/933
f 936/936/936 931/931/931 935/935/935
f 929/929/929 932/932/932 937/937/937
f 932/932/932 933/933/933 934/934/934
f 601/601/601 600/600/600 602/602/602
f 600/600/600 598/598/598 599/599/599
f 598/598/598 600/600/600 601/601/601
f 854/854/854 856/856/856 857/857/857
f 855/855/855 854/854/854 858/858/858
f 857/857/857 856/856/856 859/859/859
f 856/856/856 854/854/854 855/855/855
f 993/993/993 991/991/991 992/992/992
f 996/996/996 997/997/997 998/998/998
f 993/993/993 996/996/996 998/998/998
f 991/991/991 995/995/995 999/999/999
f 994/994/994 993/993/993 992/992/992
f 991/991/991 993/993/993 995/995/995
f 993/993/993 994/994/994 996/996/996
f 997/997/997 996/996/996 1000/1000/1000
f 497/497/497 495/495/495 496/496/496
f 498/498/498 496/496/496 499/499/499
f 495/495/495 497/497/497 500/500/500
f 497/497/497 496/496/496 498/498/498
f 1039/1039/1039 1036/1036/1036 1035/1035/1035
f 1036/1036/1036 1039/1039/1039 1040/1040/1040
f 1037/1037/1037 1035/1035/1035 1036/1036/1036
f 1037/1037/1037 1036/1036/1036 1038/1038/1038
f 1035/1035/1035 1037/1037/1037 1041/1041/1041
f 492/492/492 487/487/487 494/494/494
f 490/490/490 489/489/489 488/488/488
f 487/487/487 492/492/492 488/488/488
f 489/489/489 487/487/487 488/488/488
f 487/487/487 489/489/489 493/493/493
f 489/489/489 490/490/490 491/491/491
f 503/503/503 502/502/502 504/504/504
f 503/503/503 501/501/501 502/502/502
f 501/501/501 503/503/503 505/505/505
f 7154/7154/7154 7163/7163/7163 7164/7164/7164
f 7164/7164/7164 7161/7161/7161 7165/7165/7165
f 7140/7140/7140 7138/7138/7138 7139/7139/7139
f 7143/7143/7143 7141/7141/7141 7142/7142/7142
f 7156/7156/7156 7158/7158/7158 7159/7159/7159
f 7159/7159/7159 7158/7158/7158 7160/7160/7160
f 7160/7160/7160 7161/7161/7161 7162/7162/7162
f 7145/7145/7145 7143/7143/7143 7144/7144/7144
f 7147/7147/7147 7144/7144/7144 7146/7146/7146
f 7146/7146/7146 7148/7148/7148 7149/7149/7149
f 7148/7148/7148 7146/7146/7146 7144/7144/7144
f 7149/7149/7149 7150/7150/7150 7151/7151/7151
f 7151/7151/7151 7152/7152/7152 7153/7153/7153
f 7138/7138/7138 7140/7140/7140 7171/7171/7171
f 7139/7139/7139 7138/7138/7138 7141/7141/7141
f 7138/7138/7138 7142/7142/7142 7141/7141/7141
f 7153/7153/7153 7152/7152/7152 7154/7154/7154
f 7157/7157/7157 7155/7155/7155 7156/7156/7156
f 7167/7167/7167 7161/7161/7161 7166/7166/7166
f 7161/7161/7161 7167/7167/7167 7168/7168/7168
f 7161/7161/7161 7168/7168/7168 7165/7165/7165
f 7161/7161/7161 7164/7164/7164 7163/7163/7163
f 7163/7163/7163 7154/7154/7154 7152/7152/7152
f 7162/7162/7162 7161/7161/7161 7163/7163/7163
f 7161/7161/7161 7160/7160/7160 7158/7158/7158
f 7158/7158/7158 7156/7156/7156 7155/7155/7155
f 7155/7155/7155 7157/7157/7157 7169/7169/7169
f 7152/7152/7152 7151/7151/7151 7150/7150/7150
f 7149/7149/7149 7148/7148/7148 7150/7150/7150
f 7144/7144/7144 7147/7147/7147 7145/7145/7145
f 7143/7143/7143 7145/7145/7145 7170/7170/7170
f 7141/7141/7141 7143/7143/7143 7170/7170/7170
f 1292/1292/1292 1291/1291/1291 1290/1290/1290
f 1291/1291/1291 1292/1292/1292 1293/1293/1293
f 1290/1290/1290 1288/1288/1288 1287/1287/1287
f 1289/1289/1289 1287/1287/1287 1288/1288/1288
f 1293/1293/1293 1292/1292/1292 1297/1297/1297
f 1296/1296/1296 1294/1294/1294 1295/1295/1295
f 1287/1287/1287 1289/1289/1289 1299/1299/1299
f 1288/1288/1288 1290/1290/1290 1291/1291/1291
f 1297/1297/1297 1294/1294/1294 1293/1293/1293
f 1294/1294/1294 1296/1296/1296 1298/1298/1298
f 1294/1294/1294 1297/1297/1297 1295/1295/1295
f 1267/1267/1267 1269/1269/1269 1271/1271/1271
f 1270/1270/1270 1271/1271/1271 1272/1272/1272
f 1270/1270/1270 1273/1273/1273 1275/1275/1275
f 1274/1274/1274 1273/1273/1273 1285/1285/1285
f 1276/1276/1276 1268/1268/1268 1286/1286/1286
f 1269/1269/1269 1277/1277/1277 1278/1278/1278
f 1271/1271/1271 1279/1279/1279 1280/1280/1280
f 1272/1272/1272 1280/1280/1280 1283/1283/1283
f 1272/1272/1272 1282/1282/1282 1273/1273/1273
f 1273/1273/1273 1284/1284/1284 1285/1285/1285
f 1284/1284/1284 1273/1273/1273 1282/1282/1282
f 1281/1281/1281 1272/1272/1272 1283/1283/1283
f 1282/1282/1282 1272/1272/1272 1281/1281/1281
f 1280/1280/1280 1272/1272/1272 1271/1271/1271
f 1271/1271/1271 1278/1278/1278 1279/1279/1279
f 1278/1278/1278 1271/1271/1271 1269/1269/1269
f 1277/1277/1277 1269/1269/1269 1276/1276/1276
f 1268/1268/1268 1276/1276/1276 1269/1269/1269
f 1273/1273/1273 1274/1274/1274 1275/1275/1275
f 1273/1273/1273 1270/1270/1270 1272/1272/1272
f 1271/1271/1271 1270/1270/1270 1267/1267/1267
f 1269/1269/1269 1267/1267/1267 1268/1268/1268
f 6135/6135/6135 6151/6151/6151 6136/6136/6136
f 6151/6151/6151 6135/6135/6135 6152/6152/6152
f 6149/6149/6149 6147/6147/6147 6153/6153/6153
f 6147/6147/6147 6149/6149/6149 6150/6150/6150
f 6144/6144/6144 6145/6145/6145 6148/6148/6148
f 6141/6141/6141 6142/6142/6142 6146/6146/6146
f 6140/6140/6140 6139/6139/6139 6143/6143/6143
f 6135/6135/6135 6137/6137/6137 6138/6138/6138
f 6148/6148/6148 6147/6147/6147 6144/6144/6144
f 6145/6145/6145 6141/6141/6141 6146/6146/6146
f 6145/6145/6145 6144/6144/6144 6141/6141/6141
f 6142/6142/6142 6140/6140/6140 6143/6143/6143
f 6142/6142/6142 6141/6141/6141 6140/6140/6140
f 6138/6138/6138 6139/6139/6139 6140/6140/6140
f 6139/6139/6139 6138/6138/6138 6137/6137/6137
f 6147/6147/6147 6148/6148/6148 6153/6153/6153
f 6137/6137/6137 6135/6135/6135 6136/6136/6136
f 6216/6216/6216 6217/6217/6217 6220/6220/6220
f 6211/6211/6211 6210/6210/6210 6209/6209/6209
f 6210/6210/6210 6211/6211/6211 6212/6212/6212
f 6217/6217/6217 6213/6213/6213 6218/6218/6218
f 6220/6220/6220 6219/6219/6219 6216/6216/6216
f 6219/6219/6219 6221/6221/6221 6222/6222/6222
f 6207/6207/6207 6223/6223/6223 6208/6208/6208
f 6223/6223/6223 6207/6207/6207 6224/6224/6224
f 6221/6221/6221 6219/6219/6219 6225/6225/6225
f 6219/6219/6219 6220/6220/6220 6225/6225/6225
f 6213/6213/6213 6214/6214/6214 6218/6218/6218
f 6212/6212/6212 6211/6211/6211 6215/6215/6215
f 6207/6207/6207 6209/6209/6209 6210/6210/6210
f 6217/6217/6217 6216/6216/6216 6213/6213/6213
f 6214/6214/6214 6212/6212/6212 6215/6215/6215
f 6214/6214/6214 6213/6213/6213 6212/6212/6212
f 6209/6209/6209 6207/6207/6207 6208/6208/6208
f 5384/5384/5384 5382/5382/5382 5383/5383/5383
f 5382/5382/5382 5384/5384/5384 5385/5385/5385
f 5453/5453/5453 5451/5451/5451 5452/5452/5452
f 5451/5451/5451 5453/5453/5453 5454/5454/5454
f 7505/7505/7505 7504/7504/7504 7507/7507/7507
f 7486/7486/7486 7488/7488/7488 7490/7490/7490
f 7504/7504/7504 7502/7502/7502 7506/7506/7506
f 7502/7502/7502 7504/7504/7504 7505/7505/7505
f 7495/7495/7495 7494/7494/7494 7497/7497/7497
f 7499/7499/7499 7500/7500/7500 7501/7501/7501
f 7500/7500/7500 7499/7499/7499 7496/7496/7496
f 7496/7496/7496 7497/7497/7497 7498/7498/7498
f 7497/7497/7497 7496/7496/7496 7495/7495/7495
f 7492/7492/7492 7494/7494/7494 7495/7495/7495
f 7496/7496/7496 7498/7498/7498 7500/7500/7500
f 7499/7499/7499 7501/7501/7501 7503/7503/7503
f 7503/7503/7503 7502/7502/7502 7499/7499/7499
f 7502/7502/7502 7503/7503/7503 7506/7506/7506
f 7494/7494/7494 7492/7492/7492 7493/7493/7493
f 7486/7486/7486 7491/7491/7491 7492/7492/7492
f 7491/7491/7491 7486/7486/7486 7490/7490/7490
f 7488/7488/7488 7487/7487/7487 7489/7489/7489
f 7488/7488/7488 7486/7486/7486 7487/7487/7487
f 7492/7492/7492 7491/7491/7491 7493/7493/7493
f 2329/2329/2329 2328/2328/2328 2326/2326/2326
f 2324/2324/2324 2325/2325/2325 2327/2327/2327
f 2322/2322/2322 2323/2323/2323 2325/2325/2325
f 2341/2341/2341 2340/2340/2340 2338/2338/2338
f 2343/2343/2343 2342/2342/2342 2340/2340/2340
f 2342/2342/2342 2343/2343/2343 2344/2344/2344
f 2340/2340/2340 2341/2341/2341 2343/2343/2343
f 2338/2338/2338 2339/2339/2339 2341/2341/2341
f 2336/2336/2336 2337/2337/2337 2339/2339/2339
f 2334/2334/2334 2335/2335/2335 2337/2337/2337
f 2321/2321/2321 2319/2319/2319 2320/2320/2320
f 2319/2319/2319 2321/2321/2321 2323/2323/2323
f 2332/2332/2332 2333/2333/2333 2335/2335/2335
f 2330/2330/2330 2331/2331/2331 2333/2333/2333
f 2339/2339/2339 2338/2338/2338 2336/2336/2336
f 2328/2328/2328 2329/2329/2329 2331/2331/2331
f 2323/2323/2323 2322/2322/2322 2319/2319/2319
f 2325/2325/2325 2324/2324/2324 2322/2322/2322
f 2337/2337/2337 2336/2336/2336 2334/2334/2334
f 2335/2335/2335 2334/2334/2334 2332/2332/2332
f 2333/2333/2333 2332/2332/2332 2330/2330/2330
f 2331/2331/2331 2330/2330/2330 2328/2328/2328
f 2327/2327/2327 2326/2326/2326 2324/2324/2324
f 2326/2326/2326 2327/2327/2327 2329/2329/2329
f 2222/2222/2222 2223/2223/2223 2225/2225/2225
f 2220/2220/2220 2221/2221/2221 2223/2223/2223
f 2239/2239/2239 2238/2238/2238 2236/2236/2236
f 2224/2224/2224 2225/2225/2225 2227/2227/2227
f 2226/2226/2226 2227/2227/2227 2229/2229/2229
f 2228/2228/2228 2229/2229/2229 2231/2231/2231
f 2230/2230/2230 2231/2231/2231 2233/2233/2233
f 2232/2232/2232 2233/2233/2233 2235/2235/2235
f 2241/2241/2241 2240/2240/2240 2238/2238/2238
f 2234/2234/2234 2235/2235/2235 2237/2237/2237
f 2236/2236/2236 2237/2237/2237 2239/2239/2239
f 2237/2237/2237 2236/2236/2236 2234/2234/2234
f 2235/2235/2235 2234/2234/2234 2232/2232/2232
f 2217/2217/2217 2215/2215/2215 2216/2216/2216
f 2238/2238/2238 2239/2239/2239 2241/2241/2241
f 2240/2240/2240 2241/2241/2241 2242/2242/2242
f 2215/2215/2215 2217/2217/2217 2219/2219/2219
f 2233/2233/2233 2232/2232/2232 2230/2230/2230
f 2231/2231/2231 2230/2230/2230 2228/2228/2228
f 2219/2219/2219 2218/2218/2218 2215/2215/2215
f 2229/2229/2229 2228/2228/2228 2226/2226/2226
f 2227/2227/2227 2226/2226/2226 2224/2224/2224
f 2225/2225/2225 2224/2224/2224 2222/2222/2222
f 2221/2221/2221 2220/2220/2220 2218/2218/2218
f 2223/2223/2223 2222/2222/2222 2220/2220/2220
f 2218/2218/2218 2219/2219/2219 2221/2221/2221
f 5203/5203/5203 5202/5202/5202 5200/5200/5200
f 5205/5205/5205 5204/5204/5204 5202/5202/5202
f 5210/5210/5210 5211/5211/5211 5213/5213/5213
f 5209/5209/5209 5208/5208/5208 5206/5206/5206
f 5212/5212/5212 5213/5213/5213 5215/5215/5215
f 5201/5201/5201 5200/5200/5200 5197/5197/5197
f 5216/5216/5216 5217/5217/5217 5219/5219/5219
f 5218/5218/5218 5219/5219/5219 5221/5221/5221
f 5215/5215/5215 5214/5214/5214 5212/5212/5212
f 5220/5220/5220 5221/5221/5221 5222/5222/5222
f 5221/5221/5221 5220/5220/5220 5218/5218/5218
f 5219/5219/5219 5218/5218/5218 5216/5216/5216
f 5199/5199/5199 5197/5197/5197 5198/5198/5198
f 5197/5197/5197 5199/5199/5199 5201/5201/5201
f 5200/5200/5200 5201/5201/5201 5203/5203/5203
f 5202/5202/5202 5203/5203/5203 5205/5205/5205
f 5211/5211/5211 5210/5210/5210 5208/5208/5208
f 5204/5204/5204 5205/5205/5205 5207/5207/5207
f 5206/5206/5206 5207/5207/5207 5209/5209/5209
f 5214/5214/5214 5215/5215/5215 5217/5217/5217
f 5213/5213/5213 5212/5212/5212 5210/5210/5210
f 5208/5208/5208 5209/5209/5209 5211/5211/5211
f 5217/5217/5217 5216/5216/5216 5214/5214/5214
f 5207/5207/5207 5206/5206/5206 5204/5204/5204
f 1792/1792/1792 1793/1793/1793 1795/1795/1795
f 1794/1794/1794 1795/1795/1795 1797/1797/1797
f 1796/1796/1796 1797/1797/1797 1799/1799/1799
f 1798/1798/1798 1799/1799/1799 1800/1800/1800
f 1799/1799/1799 1798/1798/1798 1796/1796/1796
f 1790/1790/1790 1791/1791/1791 1793/1793/1793
f 1788/1788/1788 1789/1789/1789 1791/1791/1791
f 1786/1786/1786 1787/1787/1787 1789/1789/1789
f 1784/1784/1784 1785/1785/1785 1787/1787/1787
f 1782/1782/1782 1783/1783/1783 1785/1785/1785
f 1778/1778/1778 1779/1779/1779 1781/1781/1781
f 1776/1776/1776 1777/1777/1777 1779/1779/1779
f 1774/1774/1774 1775/1775/1775 1777/1777/1777
f 1771/1771/1771 1773/1773/1773 1775/1775/1775
f 1779/1779/1779 1778/1778/1778 1776/1776/1776
f 1777/1777/1777 1776/1776/1776 1774/1774/1774
f 1775/1775/1775 1774/1774/1774 1771/1771/1771
f 1781/1781/1781 1780/1780/1780 1778/1778/1778
f 1773/1773/1773 1771/1771/1771 1772/1772/1772
f 1797/1797/1797 1796/1796/1796 1794/1794/1794
f 1795/1795/1795 1794/1794/1794 1792/1792/1792
f 1793/1793/1793 1792/1792/1792 1790/1790/1790
f 1791/1791/1791 1790/1790/1790 1788/1788/1788
f 1789/1789/1789 1788/1788/1788 1786/1786/1786
f 1787/1787/1787 1786/1786/1786 1784/1784/1784
f 1785/1785/1785 1784/1784/1784 1782/1782/1782
f 1783/1783/1783 1782/1782/1782 1780/1780/1780
f 1780/1780/1780 1781/1781/1781 1783/1783/1783
f 1887/1887/1887 1886/1886/1886 1883/1883/1883
f 1885/1885/1885 1883/1883/1883 1884/1884/1884
f 1889/1889/1889 1888/1888/1888 1886/1886/1886
f 1891/1891/1891 1890/1890/1890 1888/1888/1888
f 1893/1893/1893 1892/1892/1892 1890/1890/1890
f 1895/1895/1895 1894/1894/1894 1892/1892/1892
f 1897/1897/1897 1896/1896/1896 1894/1894/1894
f 1899/1899/1899 1898/1898/1898 1896/1896/1896
f 1901/1901/1901 1900/1900/1900 1898/1898/1898
f 1903/1903/1903 1902/1902/1902 1900/1900/1900
f 1905/1905/1905 1904/1904/1904 1902/1902/1902
f 1907/1907/1907 1906/1906/1906 1904/1904/1904
f 1909/1909/1909 1908/1908/1908 1906/1906/1906
f 1886/1886/1886 1887/1887/1887 1889/1889/1889
f 1883/1883/1883 1885/1885/1885 1887/1887/1887
f 1908/1908/1908 1909/1909/1909 1910/1910/1910
f 1906/1906/1906 1907/1907/1907 1909/1909/1909
f 1904/1904/1904 1905/1905/1905 1907/1907/1907
f 1902/1902/1902 1903/1903/1903 1905/1905/1905
f 1900/1900/1900 1901/1901/1901 1903/1903/1903
f 1898/1898/1898 1899/1899/1899 1901/1901/1901
f 1896/1896/1896 1897/1897/1897 1899/1899/1899
f 1894/1894/1894 1895/1895/1895 1897/1897/1897
f 1892/1892/1892 1893/1893/1893 1895/1895/1895
f 1890/1890/1890 1891/1891/1891 1893/1893/1893
f 1888/1888/1888 1889/1889/1889 1891/1891/1891
f 6364/6364/6364 6365/6365/6365 6367/6367/6367
f 6362/6362/6362 6363/6363/6363 6365/6365/6365
f 6366/6366/6366 6367/6367/6367 6368/6368/6368
f 6365/6365/6365 6364/6364/6364 6362/6362/6362
f 6363/6363/6363 6362/6362/6362 6360/6360/6360
f 6361/6361/6361 6360/6360/6360 6358/6358/6358
f 6357/6357/6357 6355/6355/6355 6356/6356/6356
f 6359/6359/6359 6358/6358/6358 6355/6355/6355
f 6367/6367/6367 6366/6366/6366 6364/6364/6364
f 6360/6360/6360 6361/6361/6361 6363/6363/6363
f 6358/6358/6358 6359/6359/6359 6361/6361/6361
f 6355/6355/6355 6357/6357/6357 6359/6359/6359
f 6395/6395/6395 6397/6397/6397 6399/6399/6399
f 6398/6398/6398 6399/6399/6399 6401/6401/6401
f 6400/6400/6400 6401/6401/6401 6403/6403/6403
f 6402/6402/6402 6403/6403/6403 6405/6405/6405
f 6404/6404/6404 6405/6405/6405 6407/6407/6407
f 6406/6406/6406 6407/6407/6407 6408/6408/6408
f 6407/6407/6407 6406/6406/6406 6404/6404/6404
f 6405/6405/6405 6404/6404/6404 6402/6402/6402
f 6403/6403/6403 6402/6402/6402 6400/6400/6400
f 6401/6401/6401 6400/6400/6400 6398/6398/6398
f 6399/6399/6399 6398/6398/6398 6395/6395/6395
f 6397/6397/6397 6395/6395/6395 6396/6396/6396
f 4302/4302/4302 4303/4303/4303 4305/4305/4305
f 4299/4299/4299 4298/4298/4298 4295/4295/4295
f 4301/4301/4301 4300/4300/4300 4298/4298/4298
f 4303/4303/4303 4302/4302/4302 4300/4300/4300
f 4305/4305/4305 4304/4304/4304 4302/4302/4302
f 4307/4307/4307 4306/4306/4306 4304/4304/4304
f 4295/4295/4295 4297/4297/4297 4299/4299/4299
f 4298/4298/4298 4299/4299/4299 4301/4301/4301
f 4300/4300/4300 4301/4301/4301 4303/4303/4303
f 4304/4304/4304 4305/4305/4305 4307/4307/4307
f 4306/4306/4306 4307/4307/4307 4308/4308/4308
f 4297/4297/4297 4295/4295/4295 4296/4296/4296
f 4337/4337/4337 4335/4335/4335 4336/4336/4336
f 4340/4340/4340 4341/4341/4341 4343/4343/4343
f 4342/4342/4342 4343/4343/4343 4345/4345/4345
f 4335/4335/4335 4337/4337/4337 4339/4339/4339
f 4344/4344/4344 4345/4345/4345 4347/4347/4347
f 4346/4346/4346 4347/4347/4347 4348/4348/4348
f 4347/4347/4347 4346/4346/4346 4344/4344/4344
f 4345/4345/4345 4344/4344/4344 4342/4342/4342
f 4343/4343/4343 4342/4342/4342 4340/4340/4340
f 4341/4341/4341 4340/4340/4340 4338/4338/4338
f 4339/4339/4339 4338/4338/4338 4335/4335/4335
f 4338/4338/4338 4339/4339/4339 4341/4341/4341
f 4220/4220/4220 4221/4221/4221 4223/4223/4223
f 4222/4222/4222 4223/4223/4223 4224/4224/4224
f 4223/4223/4223 4222/4222/4222 4220/4220/4220
f 4218/4218/4218 4219/4219/4219 4221/4221/4221
f 4219/4219/4219 4218/4218/4218 4216/4216/4216
f 4217/4217/4217 4216/4216/4216 4214/4214/4214
f 4215/4215/4215 4214/4214/4214 4211/4211/4211
f 4213/4213/4213 4211/4211/4211 4212/4212/4212
f 4214/4214/4214 4215/4215/4215 4217/4217/4217
f 4211/4211/4211 4213/4213/4213 4215/4215/4215
f 4221/4221/4221 4220/4220/4220 4218/4218/4218
f 4216/4216/4216 4217/4217/4217 4219/4219/4219
f 3867/3867/3867 3865/3865/3865 3866/3866/3866
f 3869/3869/3869 3870/3870/3870 3871/3871/3871
f 3871/3871/3871 3872/3872/3872 3873/3873/3873
f 3873/3873/3873 3874/3874/3874 3875/3875/3875
f 3875/3875/3875 3876/3876/3876 3877/3877/3877
f 3866/3866/3866 3868/3868/3868 3869/3869/3869
f 3841/3841/3841 3842/3842/3842 3844/3844/3844
f 3843/3843/3843 3844/3844/3844 3846/3846/3846
f 3840/3840/3840 3838/3838/3838 3839/3839/3839
f 3842/3842/3842 3841/3841/3841 3838/3838/3838
f 3844/3844/3844 3843/3843/3843 3841/3841/3841
f 3846/3846/3846 3845/3845/3845 3843/3843/3843
f 3848/3848/3848 3847/3847/3847 3845/3845/3845
f 3850/3850/3850 3849/3849/3849 3847/3847/3847
f 3849/3849/3849 3850/3850/3850 3851/3851/3851
f 3847/3847/3847 3848/3848/3848 3850/3850/3850
f 3845/3845/3845 3846/3846/3846 3848/3848/3848
f 3838/3838/3838 3840/3840/3840 3842/3842/3842
f 3943/3943/3943 3944/3944/3944 3945/3945/3945
f 3941/3941/3941 3942/3942/3942 3943/3943/3943
f 3937/3937/3937 3938/3938/3938 3939/3939/3939
f 3934/3934/3934 3936/3936/3936 3937/3937/3937
f 3935/3935/3935 3933/3933/3933 3934/3934/3934
f 3939/3939/3939 3940/3940/3940 3941/3941/3941
f 3906/3906/3906 3908/3908/3908 3910/3910/3910
f 3909/3909/3909 3910/3910/3910 3912/3912/3912
f 3911/3911/3911 3912/3912/3912 3914/3914/3914
f 3908/3908/3908 3906/3906/3906 3907/3907/3907
f 3910/3910/3910 3909/3909/3909 3906/3906/3906
f 3912/3912/3912 3911/3911/3911 3909/3909/3909
f 3914/3914/3914 3913/3913/3913 3911/3911/3911
f 3916/3916/3916 3915/3915/3915 3913/3913/3913
f 3915/3915/3915 3916/3916/3916 3918/3918/3918
f 3917/3917/3917 3918/3918/3918 3919/3919/3919
f 3918/3918/3918 3917/3917/3917 3915/3915/3915
f 3913/3913/3913 3914/3914/3914 3916/3916/3916
f 3885/3885/3885 3888/3888/3888 3886/3886/3886
f 3882/3882/3882 3879/3879/3879 3881/3881/3881
f 3884/3884/3884 3881/3881/3881 3883/3883/3883
f 3886/3886/3886 3883/3883/3883 3885/3885/3885
f 3878/3878/3878 3880/3880/3880 3891/3891/3891
f 3879/3879/3879 3882/3882/3882 3880/3880/3880
f 3881/3881/3881 3884/3884/3884 3882/3882/3882
f 3883/3883/3883 3886/3886/3886 3884/3884/3884
f 3880/3880/3880 3878/3878/3878 3879/3879/3879
f 3887/3887/3887 3890/3890/3890 3888/3888/3888
f 3890/3890/3890 3887/3887/3887 3889/3889/3889
f 3888/3888/3888 3885/3885/3885 3887/3887/3887
f 4005/4005/4005 4006/4006/4006 4007/4007/4007
f 4007/4007/4007 4008/4008/4008 4009/4009/4009
f 4009/4009/4009 4010/4010/4010 4011/4011/4011
f 4011/4011/4011 4012/4012/4012 4013/4013/4013
f 4002/4002/4002 4004/4004/4004 4005/4005/4005
f 4003/4003/4003 4001/4001/4001 4002/4002/4002
f 3976/3976/3976 3974/3974/3974 3975/3975/3975
f 3974/3974/3974 3976/3976/3976 3978/3978/3978
f 3978/3978/3978 3977/3977/3977 3974/3974/3974
f 3980/3980/3980 3979/3979/3979 3977/3977/3977
f 3982/3982/3982 3981/3981/3981 3979/3979/3979
f 3984/3984/3984 3983/3983/3983 3981/3981/3981
f 3977/3977/3977 3978/3978/3978 3980/3980/3980
f 3986/3986/3986 3985/3985/3985 3983/3983/3983
f 3985/3985/3985 3986/3986/3986 3987/3987/3987
f 3983/3983/3983 3984/3984/3984 3986/3986/3986
f 3981/3981/3981 3982/3982/3982 3984/3984/3984
f 3979/3979/3979 3980/3980/3980 3982/3982/3982
f 3950/3950/3950 3947/3947/3947 3949/3949/3949
f 3955/3955/3955 3958/3958/3958 3956/3956/3956
f 3946/3946/3946 3948/3948/3948 3959/3959/3959
f 3947/3947/3947 3950/3950/3950 3948/3948/3948
f 3949/3949/3949 3952/3952/3952 3950/3950/3950
f 3951/3951/3951 3954/3954/3954 3952/3952/3952
f 3948/3948/3948 3946/3946/3946 3947/3947/3947
f 3953/3953/3953 3956/3956/3956 3954/3954/3954
f 3952/3952/3952 3949/3949/3949 3951/3951/3951
f 3954/3954/3954 3951/3951/3951 3953/3953/3953
f 3956/3956/3956 3953/3953/3953 3955/3955/3955
f 3958/3958/3958 3955/3955/3955 3957/3957/3957
f 2070/2070/2070 2068/2068/2068 2069/2069/2069
f 2072/2072/2072 2073/2073/2073 2074/2074/2074
f 2074/2074/2074 2075/2075/2075 2076/2076/2076
f 2076/2076/2076 2077/2077/2077 2078/2078/2078
f 2078/2078/2078 2079/2079/2079 2080/2080/2080
f 2069/2069/2069 2071/2071/2071 2072/2072/2072
f 2041/2041/2041 2043/2043/2043 2045/2045/2045
f 2043/2043/2043 2041/2041/2041 2042/2042/2042
f 2045/2045/2045 2044/2044/2044 2041/2041/2041
f 2047/2047/2047 2046/2046/2046 2044/2044/2044
f 2049/2049/2049 2048/2048/2048 2046/2046/2046
f 2051/2051/2051 2050/2050/2050 2048/2048/2048
f 2053/2053/2053 2052/2052/2052 2050/2050/2050
f 2052/2052/2052 2053/2053/2053 2054/2054/2054
f 2050/2050/2050 2051/2051/2051 2053/2053/2053
f 2048/2048/2048 2049/2049/2049 2051/2051/2051
f 2046/2046/2046 2047/2047/2047 2049/2049/2049
f 2044/2044/2044 2045/2045/2045 2047/2047/2047
f 1482/1482/1482 1483/1483/1483 1484/1484/1484
f 1475/1475/1475 1473/1473/1473 1474/1474/1474
f 1477/1477/1477 1476/1476/1476 1475/1475/1475
f 1479/1479/1479 1478/1478/1478 1477/1477/1477
f 1481/1481/1481 1480/1480/1480 1479/1479/1479
f 1483/1483/1483 1482/1482/1482 1481/1481/1481
f 1485/1485/1485 1484/1484/1484 1483/1483/1483
f 1484/1484/1484 1485/1485/1485 1486/1486/1486
f 1478/1478/1478 1479/1479/1479 1480/1480/1480
f 1476/1476/1476 1477/1477/1477 1478/1478/1478
f 1473/1473/1473 1475/1475/1475 1476/1476/1476
f 1480/1480/1480 1481/1481/1481 1482/1482/1482
f 1393/1393/1393 1394/1394/1394 1395/1395/1395
f 1390/1390/1390 1389/1389/1389 1388/1388/1388
f 1397/1397/1397 1398/1398/1398 1399/1399/1399
f 1389/1389/1389 1390/1390/1390 1391/1391/1391
f 1386/1386/1386 1388/1388/1388 1389/1389/1389
f 1391/1391/1391 1392/1392/1392 1393/1393/1393
f 1395/1395/1395 1396/1396/1396 1397/1397/1397
f 1398/1398/1398 1397/1397/1397 1396/1396/1396
f 1396/1396/1396 1395/1395/1395 1394/1394/1394
f 1394/1394/1394 1393/1393/1393 1392/1392/1392
f 1392/1392/1392 1391/1391/1391 1390/1390/1390
f 1388/1388/1388 1386/1386/1386 1387/1387/1387
f 4146/4146/4146 4148/4148/4148 4166/4166/4166
f 4161/4161/4161 4160/4160/4160 4158/4158/4158
f 4153/4153/4153 4152/4152/4152 4150/4150/4150
f 4164/4164/4164 4162/4162/4162 4163/4163/4163
f 4162/4162/4162 4164/4164/4164 4165/4165/4165
f 4160/4160/4160 4165/4165/4165 4164/4164/4164
f 4160/4160/4160 4161/4161/4161 4165/4165/4165
f 4151/4151/4151 4150/4150/4150 4149/4149/4149
f 4147/4147/4147 4149/4149/4149 4148/4148/4148
f 4148/4148/4148 4146/4146/4146 4147/4147/4147
f 4158/4158/4158 4159/4159/4159 4161/4161/4161
f 4156/4156/4156 4157/4157/4157 4159/4159/4159
f 4154/4154/4154 4155/4155/4155 4157/4157/4157
f 4152/4152/4152 4153/4153/4153 4155/4155/4155
f 4150/4150/4150 4151/4151/4151 4153/4153/4153
f 4149/4149/4149 4147/4147/4147 4151/4151/4151
f 4155/4155/4155 4154/4154/4154 4152/4152/4152
f 4157/4157/4157 4156/4156/4156 4154/4154/4154
f 4159/4159/4159 4158/4158/4158 4156/4156/4156
f 715/715/715 765/765/765 719/719/719
f 768/768/768 694/694/694 767/767/767
f 694/694/694 696/696/696 767/767/767
f 696/696/696 695/695/695 697/697/697
f 697/697/697 698/698/698 701/701/701
f 699/699/699 701/701/701 698/698/698
f 699/699/699 703/703/703 700/700/700
f 703/703/703 702/702/702 704/704/704
f 704/704/704 705/705/705 708/708/708
f 706/706/706 708/708/708 705/705/705
f 709/709/709 712/712/712 766/766/766
f 766/766/766 714/714/714 709/709/709
f 713/713/713 714/714/714 716/716/716
f 715/715/715 716/716/716 765/765/765
f 717/717/717 719/719/719 765/765/765
f 717/717/717 721/721/721 718/718/718
f 722/722/722 723/723/723 725/725/725
f 722/722/722 725/725/725 724/724/724
f 724/724/724 726/726/726 728/728/728
f 727/727/727 728/728/728 730/730/730
f 729/729/729 730/730/730 764/764/764
f 764/764/764 733/733/733 729/729/729
f 729/729/729 733/733/733 732/732/732
f 731/731/731 733/733/733 735/735/735
f 734/734/734 735/735/735 763/763/763
f 763/763/763 762/762/762 734/734/734
f 734/734/734 762/762/762 738/738/738
f 736/736/736 738/738/738 762/762/762
f 737/737/737 739/739/739 741/741/741
f 739/739/739 742/742/742 741/741/741
f 740/740/740 742/742/742 745/745/745
f 743/743/743 744/744/744 748/748/748
f 743/743/743 747/747/747 761/761/761
f 747/747/747 749/749/749 761/761/761
f 749/749/749 751/751/751 761/761/761
f 750/750/750 753/753/753 751/751/751
f 753/753/753 752/752/752 754/754/754
f 754/754/754 755/755/755 758/758/758
f 706/706/706 757/757/757 707/707/707
f 758/758/758 756/756/756 754/754/754
f 759/759/759 758/758/758 760/760/760
f 756/756/756 758/758/758 759/759/759
f 706/706/706 756/756/756 757/757/757
f 756/756/756 706/706/706 754/754/754
f 755/755/755 754/754/754 752/752/752
f 753/753/753 750/750/750 752/752/752
f 751/751/751 749/749/749 750/750/750
f 746/746/746 743/743/743 748/748/748
f 747/747/747 743/743/743 746/746/746
f 744/744/744 740/740/740 745/745/745
f 744/744/744 743/743/743 740/740/740
f 742/742/742 740/740/740 741/741/741
f 696/696/696 694/694/694 695/695/695
f 698/698/698 697/697/697 695/695/695
f 701/701/701 699/699/699 700/700/700
f 703/703/703 699/699/699 702/702/702
f 705/705/705 704/704/704 702/702/702
f 708/708/708 706/706/706 707/707/707
f 711/711/711 709/709/709 710/710/710
f 709/709/709 711/711/711 712/712/712
f 714/714/714 713/713/713 709/709/709
f 716/716/716 715/715/715 713/713/713
f 719/719/719 717/717/717 718/718/718
f 721/721/721 717/717/717 720/720/720
f 720/720/720 722/722/722 721/721/721
f 722/722/722 720/720/720 723/723/723
f 726/726/726 724/724/724 725/725/725
f 728/728/728 727/727/727 724/724/724
f 739/739/739 737/737/737 736/736/736
f 769/769/769 694/694/694 768/768/768
f 738/738/738 736/736/736 737/737/737
f 735/735/735 734/734/734 731/731/731
f 733/733/733 731/731/731 732/732/732
f 730/730/730 729/729/729 727/727/727
f 3610/3610/3610 3545/3545/3545 3609/3609/3609
f 3513/3513/3513 3515/3515/3515 3593/3593/3593
f 3516/3516/3516 3518/3518/3518 3531/3531/3531
f 3519/3519/3519 3520/3520/3520 3524/3524/3524
f 3521/3521/3521 3523/3523/3523 3529/3529/3529
f 3519/3519/3519 3525/3525/3525 3526/3526/3526
f 3526/3526/3526 3522/3522/3522 3521/3521/3521
f 3527/3527/3527 3517/3517/3517 3516/3516/3516
f 3529/3529/3529 3528/3528/3528 3527/3527/3527
f 3530/3530/3530 3532/3532/3532 3657/3657/3657
f 3528/3528/3528 3534/3534/3534 3517/3517/3517
f 3517/3517/3517 3535/3535/3535 3518/3518/3518
f 3536/3536/3536 3538/3538/3538 3632/3632/3632
f 3539/3539/3539 3536/3536/3536 3590/3590/3590
f 3541/3541/3541 3543/3543/3543 3574/3574/3574
f 3544/3544/3544 3546/3546/3546 3557/3557/3557
f 3547/3547/3547 3549/3549/3549 3550/3550/3550
f 3545/3545/3545 3550/3550/3550 3546/3546/3546
f 3551/3551/3551 3553/3553/3553 3562/3562/3562
f 3554/3554/3554 3556/3556/3556 3558/3558/3558
f 3555/3555/3555 3557/3557/3557 3556/3556/3556
f 3552/3552/3552 3558/3558/3558 3553/3553/3553
f 3559/3559/3559 3561/3561/3561 3563/3563/3563
f 3560/3560/3560 3562/3562/3562 3561/3561/3561
f 3542/3542/3542 3563/3563/3563 3543/3543/3543
f 3567/3567/3567 3566/3566/3566 3537/3537/3537
f 3568/3568/3568 3570/3570/3570 3579/3579/3579
f 3571/3571/3571 3573/3573/3573 3575/3575/3575
f 3572/3572/3572 3574/3574/3574 3573/3573/3573
f 3569/3569/3569 3575/3575/3575 3570/3570/3570
f 3564/3564/3564 3578/3578/3578 3565/3565/3565
f 3576/3576/3576 3579/3579/3579 3577/3577/3577
f 3540/3540/3540 3537/3537/3537 3536/3536/3536
f 3580/3580/3580 3582/3582/3582 3594/3594/3594
f 3586/3586/3586 3585/3585/3585 3592/3592/3592
f 3587/3587/3587 3589/3589/3589 3591/3591/3591
f 3588/3588/3588 3590/3590/3590 3589/3589/3589
f 3583/3583/3583 3591/3591/3591 3584/3584/3584
f 3592/3592/3592 3580/3580/3580 3586/3586/3586
f 3513/3513/3513 3594/3594/3594 3582/3582/3582
f 3596/3596/3596 3567/3567/3567 3540/3540/3540
f 3576/3576/3576 3598/3598/3598 3568/3568/3568
f 3599/3599/3599 3568/3568/3568 3598/3598/3598
f 3599/3599/3599 3571/3571/3571 3569/3569/3569
f 3600/3600/3600 3572/3572/3572 3571/3571/3571
f 3601/3601/3601 3541/3541/3541 3572/3572/3572
f 3541/3541/3541 3602/3602/3602 3542/3542/3542
f 3603/3603/3603 3542/3542/3542 3602/3602/3602
f 3604/3604/3604 3559/3559/3559 3603/3603/3603
f 3605/3605/3605 3560/3560/3560 3604/3604/3604
f 3605/3605/3605 3552/3552/3552 3551/3551/3551
f 3606/3606/3606 3554/3554/3554 3552/3552/3552
f 3554/3554/3554 3607/3607/3607 3555/3555/3555
f 3608/3608/3608 3555/3555/3555 3607/3607/3607
f 3609/3609/3609 3544/3544/3544 3608/3608/3608
f 3611/3611/3611 3547/3547/3547 3610/3610/3610
f 3612/3612/3612 3548/3548/3548 3611/3611/3611
f 3548/3548/3548 3613/3613/3613 3549/3549/3549
f 3549/3549/3549 3614/3614/3614 3751/3751/3751
f 3615/3615/3615 3549/3549/3549 3751/3751/3751
f 3615/3615/3615 3546/3546/3546 3550/3550/3550
f 3616/3616/3616 3557/3557/3557 3546/3546/3546
f 3617/3617/3617 3556/3556/3556 3557/3557/3557
f 3556/3556/3556 3618/3618/3618 3558/3558/3558
f 3619/3619/3619 3558/3558/3558 3618/3618/3618
f 3620/3620/3620 3553/3553/3553 3619/3619/3619
f 3621/3621/3621 3562/3562/3562 3620/3620/3620
f 3621/3621/3621 3563/3563/3563 3561/3561/3561
f 3543/3543/3543 3622/3622/3622 3623/3623/3623
f 3574/3574/3574 3623/3623/3623 3750/3750/3750
f 3574/3574/3574 3750/3750/3750 3573/3573/3573
f 3624/3624/3624 3573/3573/3573 3750/3750/3750
f 3624/3624/3624 3570/3570/3570 3575/3575/3575
f 3579/3579/3579 3625/3625/3625 3626/3626/3626
f 3577/3577/3577 3626/3626/3626 3627/3627/3627
f 3627/3627/3627 3578/3578/3578 3577/3577/3577
f 3628/3628/3628 3565/3565/3565 3578/3578/3578
f 3565/3565/3565 3629/3629/3629 3566/3566/3566
f 3566/3566/3566 3538/3538/3538 3537/3537/3537
f 3630/3630/3630 3632/3632/3632 3538/3538/3538
f 3590/3590/3590 3631/3631/3631 3633/3633/3633
f 3589/3589/3589 3633/3633/3633 3749/3749/3749
f 3634/3634/3634 3589/3589/3589 3749/3749/3749
f 3635/3635/3635 3591/3591/3591 3634/3634/3634
f 3636/3636/3636 3584/3584/3584 3635/3635/3635
f 3592/3592/3592 3637/3637/3637 3639/3639/3639
f 3639/3639/3639 3581/3581/3581 3592/3592/3592
f 3582/3582/3582 3640/3640/3640 3748/3748/3748
f 3641/3641/3641 3582/3582/3582 3748/3748/3748
f 3514/3514/3514 3643/3643/3643 3646/3646/3646
f 3644/3644/3644 3520/3520/3520 3514/3514/3514
f 3524/3524/3524 3645/3645/3645 3647/3647/3647
f 3524/3524/3524 3648/3648/3648 3525/3525/3525
f 3649/3649/3649 3525/3525/3525 3648/3648/3648
f 3522/3522/3522 3650/3650/3650 3523/3523/3523
f 3523/3523/3523 3533/3533/3533 3528/3528/3528
f 3652/3652/3652 3533/3533/3533 3651/3651/3651
f 3535/3535/3535 3654/3654/3654 3655/3655/3655
f 3532/3532/3532 3535/3535/3535 3655/3655/3655
f 3657/3657/3657 3656/3656/3656 3658/3658/3658
f 3657/3657/3657 3659/3659/3659 3662/3662/3662
f 3660/3660/3660 3662/3662/3662 3659/3659/3659
f 3663/3663/3663 3661/3661/3661 3660/3660/3660
f 3665/3665/3665 3664/3664/3664 3663/3663/3663
f 3665/3665/3665 3668/3668/3668 3666/3666/3666
f 3667/3667/3667 3670/3670/3670 3668/3668/3668
f 3670/3670/3670 3669/3669/3669 3673/3673/3673
f 3671/3671/3671 3673/3673/3673 3669/3669/3669
f 3674/3674/3674 3672/3672/3672 3671/3671/3671
f 3674/3674/3674 3677/3677/3677 3675/3675/3675
f 3677/3677/3677 3676/3676/3676 3680/3680/3680
f 3678/3678/3678 3680/3680/3680 3676/3676/3676
f 3681/3681/3681 3679/3679/3679 3678/3678/3678
f 3683/3683/3683 3682/3682/3682 3681/3681/3681
f 3683/3683/3683 3686/3686/3686 3684/3684/3684
f 3685/3685/3685 3688/3688/3688 3686/3686/3686
f 3688/3688/3688 3687/3687/3687 3691/3691/3691
f 3689/3689/3689 3691/3691/3691 3687/3687/3687
f 3693/3693/3693 3690/3690/3690 3747/3747/3747
f 3691/3691/3691 3694/3694/3694 3688/3688/3688
f 3695/3695/3695 3686/3686/3686 3688/3688/3688
f 3686/3686/3686 3696/3696/3696 3684/3684/3684
f 3697/3697/3697 3684/3684/3684 3696/3696/3696
f 3698/3698/3698 3682/3682/3682 3697/3697/3697
f 3698/3698/3698 3680/3680/3680 3679/3679/3679
f 3677/3677/3677 3699/3699/3699 3701/3701/3701
f 3675/3675/3675 3700/3700/3700 3702/3702/3702
f 3672/3672/3672 3702/3702/3702 3746/3746/3746
f 3703/3703/3703 3672/3672/3672 3746/3746/3746
f 3703/3703/3703 3670/3670/3670 3673/3673/3673
f 3704/3704/3704 3668/3668/3668 3670/3670/3670
f 3668/3668/3668 3705/3705/3705 3666/3666/3666
f 3664/3664/3664 3706/3706/3706 3745/3745/3745
f 3707/3707/3707 3664/3664/3664 3745/3745/3745
f 3662/3662/3662 3708/3708/3708 3711/3711/3711
f 3662/3662/3662 3530/3530/3530 3657/3657/3657
f 3531/3531/3531 3713/3713/3713 3714/3714/3714
f 3516/3516/3516 3714/3714/3714 3717/3717/3717
f 3527/3527/3527 3716/3716/3716 3719/3719/3719
f 3529/3529/3529 3718/3718/3718 3721/3721/3721
f 3521/3521/3521 3722/3722/3722 3723/3723/3723
f 3526/3526/3526 3724/3724/3724 3726/3726/3726
f 3519/3519/3519 3725/3725/3725 3728/3728/3728
f 3515/3515/3515 3727/3727/3727 3730/3730/3730
f 3593/3593/3593 3729/3729/3729 3731/3731/3731
f 3731/3731/3731 3594/3594/3594 3593/3593/3593
f 3580/3580/3580 3732/3732/3732 3733/3733/3733
f 3586/3586/3586 3733/3733/3733 3734/3734/3734
f 3583/3583/3583 3735/3735/3735 3736/3736/3736
f 3588/3588/3588 3737/3737/3737 3738/3738/3738
f 3738/3738/3738 3539/3539/3539 3588/3588/3588
f 3595/3595/3595 3740/3740/3740 3744/3744/3744
f 3742/3742/3742 3595/3595/3595 3744/3744/3744
f 3576/3576/3576 3743/3743/3743 3597/3597/3597
f 3576/3576/3576 3742/3742/3742 3743/3743/3743
f 3742/3742/3742 3564/3564/3564 3595/3595/3595
f 3742/3742/3742 3576/3576/3576 3564/3564/3564
f 3741/3741/3741 3596/3596/3596 3739/3739/3739
f 3740/3740/3740 3596/3596/3596 3741/3741/3741
f 3740/3740/3740 3595/3595/3595 3596/3596/3596
f 3539/3539/3539 3596/3596/3596 3540/3540/3540
f 3596/3596/3596 3539/3539/3539 3739/3739/3739
f 3539/3539/3539 3738/3738/3738 3739/3739/3739
f 3736/3736/3736 3587/3587/3587 3583/3583/3583
f 3587/3587/3587 3737/3737/3737 3588/3588/3588
f 3587/3587/3587 3736/3736/3736 3737/3737/3737
f 3586/3586/3586 3735/3735/3735 3583/3583/3583
f 3735/3735/3735 3586/3586/3586 3734/3734/3734
f 3515/3515/3515 3513/3513/3513 3514/3514/3514
f 3518/3518/3518 3516/3516/3516 3517/3517/3517
f 3520/3520/3520 3519/3519/3519 3515/3515/3515
f 3520/3520/3520 3515/3515/3515 3514/3514/3514
f 3523/3523/3523 3521/3521/3521 3522/3522/3522
f 3525/3525/3525 3519/3519/3519 3524/3524/3524
f 3522/3522/3522 3526/3526/3526 3525/3525/3525
f 3517/3517/3517 3527/3527/3527 3528/3528/3528
f 3528/3528/3528 3529/3529/3529 3523/3523/3523
f 3733/3733/3733 3586/3586/3586 3580/3580/3580
f 3732/3732/3732 3580/3580/3580 3594/3594/3594
f 3594/3594/3594 3731/3731/3731 3732/3732/3732
f 3532/3532/3532 3530/3530/3530 3531/3531/3531
f 3532/3532/3532 3531/3531/3531 3518/3518/3518
f 3534/3534/3534 3528/3528/3528 3533/3533/3533
f 3535/3535/3535 3517/3517/3517 3534/3534/3534
f 3538/3538/3538 3536/3536/3536 3537/3537/3537
f 3536/3536/3536 3539/3539/3539 3540/3540/3540
f 3729/3729/3729 3515/3515/3515 3730/3730/3730
f 3729/3729/3729 3593/3593/3593 3515/3515/3515
f 3727/3727/3727 3519/3519/3519 3728/3728/3728
f 3727/3727/3727 3515/3515/3515 3519/3519/3519
f 3543/3543/3543 3541/3541/3541 3542/3542/3542
f 3546/3546/3546 3544/3544/3544 3545/3545/3545
f 3549/3549/3549 3547/3547/3547 3548/3548/3548
f 3550/3550/3550 3545/3545/3545 3547/3547/3547
f 3553/3553/3553 3551/3551/3551 3552/3552/3552
f 3556/3556/3556 3554/3554/3554 3555/3555/3555
f 3557/3557/3557 3555/3555/3555 3544/3544/3544
f 3558/3558/3558 3552/3552/3552 3554/3554/3554
f 3561/3561/3561 3559/3559/3559 3560/3560/3560
f 3562/3562/3562 3560/3560/3560 3551/3551/3551
f 3563/3563/3563 3542/3542/3542 3559/3559/3559
f 3566/3566/3566 3564/3564/3564 3565/3565/3565
f 3564/3564/3564 3566/3566/3566 3567/3567/3567
f 3570/3570/3570 3568/3568/3568 3569/3569/3569
f 3573/3573/3573 3571/3571/3571 3572/3572/3572
f 3574/3574/3574 3572/3572/3572 3541/3541/3541
f 3575/3575/3575 3569/3569/3569 3571/3571/3571
f 3578/3578/3578 3576/3576/3576 3577/3577/3577
f 3576/3576/3576 3578/3578/3578 3564/3564/3564
f 3579/3579/3579 3576/3576/3576 3568/3568/3568
f 3537/3537/3537 3540/3540/3540 3567/3567/3567
f 3582/3582/3582 3580/3580/3580 3581/3581/3581
f 3585/3585/3585 3583/3583/3583 3584/3584/3584
f 3583/3583/3583 3585/3585/3585 3586/3586/3586
f 3589/3589/3589 3587/3587/3587 3588/3588/3588
f 3725/3725/3725 3526/3526/3526 3726/3726/3726
f 3725/3725/3725 3519/3519/3519 3526/3526/3526
f 3590/3590/3590 3588/3588/3588 3539/3539/3539
f 3591/3591/3591 3583/3583/3583 3587/3587/3587
f 3580/3580/3580 3592/3592/3592 3581/3581/3581
f 3594/3594/3594 3513/3513/3513 3593/3593/3593
f 3567/3567/3567 3595/3595/3595 3564/3564/3564
f 3595/3595/3595 3567/3567/3567 3596/3596/3596
f 3598/3598/3598 3576/3576/3576 3597/3597/3597
f 3568/3568/3568 3599/3599/3599 3569/3569/3569
f 3571/3571/3571 3599/3599/3599 3600/3600/3600
f 3572/3572/3572 3600/3600/3600 3601/3601/3601
f 3541/3541/3541 3601/3601/3601 3602/3602/3602
f 3542/3542/3542 3603/3603/3603 3559/3559/3559
f 3559/3559/3559 3604/3604/3604 3560/3560/3560
f 3560/3560/3560 3605/3605/3605 3551/3551/3551
f 3521/3521/3521 3724/3724/3724 3526/3526/3526
f 3724/3724/3724 3521/3521/3521 3723/3723/3723
f 3521/3521/3521 3720/3720/3720 3722/3722/3722
f 3720/3720/3720 3529/3529/3529 3721/3721/3721
f 3720/3720/3720 3521/3521/3521 3529/3529/3529
f 3718/3718/3718 3527/3527/3527 3719/3719/3719
f 3718/3718/3718 3529/3529/3529 3527/3527/3527
f 3527/3527/3527 3717/3717/3717 3715/3715/3715
f 3717/3717/3717 3527/3527/3527 3516/3516/3516
f 3716/3716/3716 3527/3527/3527 3715/3715/3715
f 3714/3714/3714 3516/3516/3516 3531/3531/3531
f 3531/3531/3531 3712/3712/3712 3713/3713/3713
f 3712/3712/3712 3530/3530/3530 3710/3710/3710
f 3712/3712/3712 3531/3531/3531 3530/3530/3530
f 3709/3709/3709 3662/3662/3662 3711/3711/3711
f 3662/3662/3662 3710/3710/3710 3530/3530/3530
f 3710/3710/3710 3662/3662/3662 3709/3709/3709
f 3661/3661/3661 3708/3708/3708 3662/3662/3662
f 3708/3708/3708 3661/3661/3661 3707/3707/3707
f 3664/3664/3664 3707/3707/3707 3661/3661/3661
f 3706/3706/3706 3666/3666/3666 3705/3705/3705
f 3666/3666/3666 3706/3706/3706 3664/3664/3664
f 3668/3668/3668 3704/3704/3704 3705/3705/3705
f 3670/3670/3670 3703/3703/3703 3704/3704/3704
f 3672/3672/3672 3703/3703/3703 3673/3673/3673
f 3702/3702/3702 3672/3672/3672 3675/3675/3675
f 3700/3700/3700 3677/3677/3677 3701/3701/3701
f 3677/3677/3677 3700/3700/3700 3675/3675/3675
f 3699/3699/3699 3677/3677/3677 3680/3680/3680
f 3680/3680/3680 3698/3698/3698 3699/3699/3699
f 3682/3682/3682 3698/3698/3698 3679/3679/3679
f 3684/3684/3684 3697/3697/3697 3682/3682/3682
f 3695/3695/3695 3688/3688/3688 3694/3694/3694
f 3686/3686/3686 3695/3695/3695 3696/3696/3696
f 3694/3694/3694 3691/3691/3691 3693/3693/3693
f 3690/3690/3690 3693/3693/3693 3691/3691/3691
f 3689/3689/3689 3687/3687/3687 3692/3692/3692
f 3691/3691/3691 3689/3689/3689 3690/3690/3690
f 3688/3688/3688 3685/3685/3685 3687/3687/3687
f 3686/3686/3686 3683/3683/3683 3685/3685/3685
f 3682/3682/3682 3683/3683/3683 3684/3684/3684
f 3679/3679/3679 3681/3681/3681 3682/3682/3682
f 3680/3680/3680 3678/3678/3678 3679/3679/3679
f 3677/3677/3677 3674/3674/3674 3676/3676/3676
f 3672/3672/3672 3674/3674/3674 3675/3675/3675
f 3673/3673/3673 3671/3671/3671 3672/3672/3672
f 3670/3670/3670 3667/3667/3667 3669/3669/3669
f 3668/3668/3668 3665/3665/3665 3667/3667/3667
f 3664/3664/3664 3665/3665/3665 3666/3666/3666
f 3661/3661/3661 3663/3663/3663 3664/3664/3664
f 3662/3662/3662 3660/3660/3660 3661/3661/3661
f 3659/3659/3659 3657/3657/3657 3658/3658/3658
f 3532/3532/3532 3656/3656/3656 3657/3657/3657
f 3656/3656/3656 3532/3532/3532 3655/3655/3655
f 3535/3535/3535 3532/3532/3532 3518/3518/3518
f 3535/3535/3535 3653/3653/3653 3654/3654/3654
f 3534/3534/3534 3653/3653/3653 3535/3535/3535
f 3653/3653/3653 3534/3534/3534 3652/3652/3652
f 3533/3533/3533 3652/3652/3652 3534/3534/3534
f 3523/3523/3523 3651/3651/3651 3533/3533/3533
f 3651/3651/3651 3523/3523/3523 3650/3650/3650
f 3650/3650/3650 3522/3522/3522 3649/3649/3649
f 3525/3525/3525 3649/3649/3649 3522/3522/3522
f 3648/3648/3648 3524/3524/3524 3647/3647/3647
f 3645/3645/3645 3524/3524/3524 3520/3520/3520
f 3644/3644/3644 3514/3514/3514 3646/3646/3646
f 3520/3520/3520 3644/3644/3644 3645/3645/3645
f 3642/3642/3642 3513/3513/3513 3641/3641/3641
f 3514/3514/3514 3642/3642/3642 3643/3643/3643
f 3642/3642/3642 3514/3514/3514 3513/3513/3513
f 3582/3582/3582 3641/3641/3641 3513/3513/3513
f 3640/3640/3640 3582/3582/3582 3581/3581/3581
f 3581/3581/3581 3639/3639/3639 3640/3640/3640
f 3585/3585/3585 3638/3638/3638 3637/3637/3637
f 3638/3638/3638 3585/3585/3585 3636/3636/3636
f 3637/3637/3637 3592/3592/3592 3585/3585/3585
f 3584/3584/3584 3636/3636/3636 3585/3585/3585
f 3591/3591/3591 3635/3635/3635 3584/3584/3584
f 3589/3589/3589 3634/3634/3634 3591/3591/3591
f 3633/3633/3633 3589/3589/3589 3590/3590/3590
f 3632/3632/3632 3590/3590/3590 3536/3536/3536
f 3631/3631/3631 3590/3590/3590 3632/3632/3632
f 3632/3632/3632 3630/3630/3630 3631/3631/3631
f 3630/3630/3630 3566/3566/3566 3629/3629/3629
f 3538/3538/3538 3566/3566/3566 3630/3630/3630
f 3565/3565/3565 3628/3628/3628 3629/3629/3629
f 3578/3578/3578 3627/3627/3627 3628/3628/3628
f 3626/3626/3626 3577/3577/3577 3579/3579/3579
f 3625/3625/3625 3579/3579/3579 3570/3570/3570
f 3570/3570/3570 3624/3624/3624 3625/3625/3625
f 3573/3573/3573 3624/3624/3624 3575/3575/3575
f 3623/3623/3623 3574/3574/3574 3543/3543/3543
f 3622/3622/3622 3543/3543/3543 3563/3563/3563
f 3563/3563/3563 3621/3621/3621 3622/3622/3622
f 3562/3562/3562 3621/3621/3621 3561/3561/3561
f 3553/3553/3553 3620/3620/3620 3562/3562/3562
f 3558/3558/3558 3619/3619/3619 3553/3553/3553
f 3556/3556/3556 3617/3617/3617 3618/3618/3618
f 3557/3557/3557 3616/3616/3616 3617/3617/3617
f 3546/3546/3546 3615/3615/3615 3616/3616/3616
f 3549/3549/3549 3615/3615/3615 3550/3550/3550
f 3614/3614/3614 3549/3549/3549 3613/3613/3613
f 3548/3548/3548 3612/3612/3612 3613/3613/3613
f 3547/3547/3547 3611/3611/3611 3548/3548/3548
f 3545/3545/3545 3610/3610/3610 3547/3547/3547
f 3544/3544/3544 3609/3609/3609 3545/3545/3545
f 3555/3555/3555 3608/3608/3608 3544/3544/3544
f 3554/3554/3554 3606/3606/3606 3607/3607/3607
f 3552/3552/3552 3605/3605/3605 3606/3606/3606
f 1126/1126/1126 1130/1130/1130 1127/1127/1127
f 1126/1126/1126 1125/1125/1125 1124/1124/1124
f 1123/1123/1123 1120/1120/1120 1124/1124/1124
f 1119/1119/1119 1122/1122/1122 1117/1117/1117
f 1117/1117/1117 1118/1118/1118 1119/1119/1119
f 1114/1114/1114 1116/1116/1116 1118/1118/1118
f 1113/1113/1113 1116/1116/1116 1115/1115/1115
f 1112/1112/1112 1113/1113/1113 1115/1115/1115
f 1110/1110/1110 1106/1106/1106 1109/1109/1109
f 1131/1131/1131 1128/1128/1128 1132/1132/1132
f 1133/1133/1133 1134/1134/1134 1136/1136/1136
f 1108/1108/1108 1107/1107/1107 1105/1105/1105
f 1137/1137/1137 1135/1135/1135 1134/1134/1134
f 1139/1139/1139 1138/1138/1138 1137/1137/1137
f 1103/1103/1103 1108/1108/1108 1105/1105/1105
f 1102/1102/1102 1100/1100/1100 1101/1101/1101
f 1102/1102/1102 1104/1104/1104 1142/1142/1142
f 1104/1104/1104 1103/1103/1103 1105/1105/1105
f 1108/1108/1108 1106/1106/1106 1107/1107/1107
f 1113/1113/1113 1112/1112/1112 1110/1110/1110
f 1116/1116/1116 1114/1114/1114 1115/1115/1115
f 1118/1118/1118 1117/1117/1117 1114/1114/1114
f 1121/1121/1121 1119/1119/1119 1120/1120/1120
f 1119/1119/1119 1121/1121/1121 1122/1122/1122
f 1120/1120/1120 1123/1123/1123 1121/1121/1121
f 1123/1123/1123 1124/1124/1124 1125/1125/1125
f 1125/1125/1125 1126/1126/1126 1127/1127/1127
f 1130/1130/1130 1128/1128/1128 1129/1129/1129
f 1128/1128/1128 1130/1130/1130 1126/1126/1126
f 1128/1128/1128 1131/1131/1131 1129/1129/1129
f 1131/1131/1131 1132/1132/1132 1133/1133/1133
f 1134/1134/1134 1133/1133/1133 1132/1132/1132
f 1136/1136/1136 1134/1134/1134 1135/1135/1135
f 1135/1135/1135 1137/1137/1137 1138/1138/1138
f 1138/1138/1138 1139/1139/1139 1140/1140/1140
f 1141/1141/1141 1140/1140/1140 1139/1139/1139
f 1100/1100/1100 1102/1102/1102 1142/1142/1142
f 1106/1106/1106 1108/1108/1108 1109/1109/1109
f 1111/1111/1111 1110/1110/1110 1112/1112/1112
f 1106/1106/1106 1110/1110/1110 1111/1111/1111
f 1104/1104/1104 1102/1102/1102 1103/1103/1103
f 1618/1618/1618 1617/1617/1617 1616/1616/1616
f 1620/1620/1620 1618/1618/1618 1619/1619/1619
f 1622/1622/1622 1621/1621/1621 1619/1619/1619
f 1624/1624/1624 1623/1623/1623 1622/1622/1622
f 1626/1626/1626 1625/1625/1625 1624/1624/1624
f 1623/1623/1623 1624/1624/1624 1625/1625/1625
f 1621/1621/1621 1622/1622/1622 1623/1623/1623
f 1620/1620/1620 1619/1619/1619 1621/1621/1621
f 1618/1618/1618 1620/1620/1620 1627/1627/1627
f 1617/1617/1617 1618/1618/1618 1627/1627/1627
f 1616/1616/1616 1614/1614/1614 1615/1615/1615
f 1628/1628/1628 1615/1615/1615 1614/1614/1614
f 1613/1613/1613 1615/1615/1615 1628/1628/1628
f 1605/1605/1605 1603/1603/1603 1604/1604/1604
f 1610/1610/1610 1611/1611/1611 1612/1612/1612
f 1613/1613/1613 1612/1612/1612 1611/1611/1611
f 1609/1609/1609 1608/1608/1608 1610/1610/1610
f 1607/1607/1607 1609/1609/1609 1629/1629/1629
f 1611/1611/1611 1610/1610/1610 1608/1608/1608
f 1612/1612/1612 1613/1613/1613 1628/1628/1628
f 1606/1606/1606 1607/1607/1607 1629/1629/1629
f 1609/1609/1609 1607/1607/1607 1608/1608/1608
f 1603/1603/1603 1605/1605/1605 1606/1606/1606
f 1630/1630/1630 1604/1604/1604 1603/1603/1603
f 1614/1614/1614 1616/1616/1616 1617/1617/1617
f 1602/1602/1602 1604/1604/1604 1630/1630/1630
f 1600/1600/1600 1602/1602/1602 1630/1630/1630
f 1598/1598/1598 1601/1601/1601 1599/1599/1599
f 1597/1597/1597 1599/1599/1599 1631/1631/1631
f 1632/1632/1632 1597/1597/1597 1631/1631/1631
f 1607/1607/1607 1606/1606/1606 1605/1605/1605
f 1599/1599/1599 1597/1597/1597 1598/1598/1598
f 1601/1601/1601 1598/1598/1598 1600/1600/1600
f 1602/1602/1602 1600/1600/1600 1598/1598/1598
f 60/60/60 58/58/58 59/59/59
f 59/59/59 61/61/61 60/60/60
f 54/54/54 53/53/53 57/57/57
f 43/43/43 62/62/62 44/44/44
f 62/62/62 43/43/43 63/63/63
f 61/61/61 59/59/59 64/64/64
f 58/58/58 60/60/60 55/55/55
f 55/55/55 56/56/56 58/58/58
f 42/42/42 44/44/44 45/45/45
f 42/42/42 46/46/46 47/47/47
f 44/44/44 42/42/42 43/43/43
f 47/47/47 48/48/48 49/49/49
f 46/46/46 42/42/42 45/45/45
f 48/48/48 47/47/47 46/46/46
f 50/50/50 49/49/49 48/48/48
f 49/49/49 50/50/50 51/51/51
f 51/51/51 50/50/50 52/52/52
f 56/56/56 54/54/54 57/57/57
f 53/53/53 51/51/51 52/52/52
f 51/51/51 53/53/53 54/54/54
f 56/56/56 55/55/55 54/54/54
f 5884/5884/5884 5885/5885/5885 5888/5888/5888
f 5882/5882/5882 5883/5883/5883 5884/5884/5884
f 5886/5886/5886 5888/5888/5888 5885/5885/5885
f 5890/5890/5890 5889/5889/5889 5893/5893/5893
f 5891/5891/5891 5892/5892/5892 5894/5894/5894
f 5891/5891/5891 5895/5895/5895 5898/5898/5898
f 5896/5896/5896 5898/5898/5898 5895/5895/5895
f 5899/5899/5899 5900/5900/5900 5901/5901/5901
f 5900/5900/5900 5899/5899/5899 5880/5880/5880
f 5900/5900/5900 5880/5880/5880 5879/5879/5879
f 5898/5898/5898 5896/5896/5896 5897/5897/5897
f 5895/5895/5895 5891/5891/5891 5894/5894/5894
f 5892/5892/5892 5890/5890/5890 5893/5893/5893
f 5892/5892/5892 5891/5891/5891 5890/5890/5890
f 5887/5887/5887 5889/5889/5889 5890/5890/5890
f 5879/5879/5879 5881/5881/5881 5882/5882/5882
f 5889/5889/5889 5887/5887/5887 5886/5886/5886
f 5888/5888/5888 5886/5886/5886 5887/5887/5887
f 5885/5885/5885 5884/5884/5884 5883/5883/5883
f 5883/5883/5883 5882/5882/5882 5881/5881/5881
f 5881/5881/5881 5879/5879/5879 5880/5880/5880
f 2839/2839/2839 2838/2838/2838 2837/2837/2837
f 2842/2842/2842 2824/2824/2824 2823/2823/2823
f 2822/2822/2822 2824/2824/2824 2827/2827/2827
f 2826/2826/2826 2825/2825/2825 2829/2829/2829
f 2824/2824/2824 2822/2822/2822 2823/2823/2823
f 2822/2822/2822 2825/2825/2825 2826/2826/2826
f 2825/2825/2825 2822/2822/2822 2827/2827/2827
f 2832/2832/2832 2831/2831/2831 2828/2828/2828
f 2834/2834/2834 2833/2833/2833 2831/2831/2831
f 2836/2836/2836 2835/2835/2835 2833/2833/2833
f 2829/2829/2829 2828/2828/2828 2826/2826/2826
f 2831/2831/2831 2832/2832/2832 2834/2834/2834
f 2833/2833/2833 2834/2834/2834 2836/2836/2836
f 2835/2835/2835 2836/2836/2836 2844/2844/2844
f 2837/2837/2837 2835/2835/2835 2844/2844/2844
f 2828/2828/2828 2829/2829/2829 2830/2830/2830
f 2841/2841/2841 2842/2842/2842 2843/2843/2843
f 2842/2842/2842 2841/2841/2841 2824/2824/2824
f 2828/2828/2828 2830/2830/2830 2832/2832/2832
f 2835/2835/2835 2837/2837/2837 2838/2838/2838
f 2838/2838/2838 2839/2839/2839 2840/2840/2840
f 5950/5950/5950 5952/5952/5952 5953/5953/5953
f 5956/5956/5956 5955/5955/5955 5960/5960/5960
f 5963/5963/5963 5965/5965/5965 5962/5962/5962
f 5967/5967/5967 5947/5947/5947 5946/5946/5946
f 5958/5958/5958 5959/5959/5959 5961/5961/5961
f 5949/5949/5949 5951/5951/5951 5948/5948/5948
f 5953/5953/5953 5954/5954/5954 5957/5957/5957
f 5966/5966/5966 5967/5967/5967 5968/5968/5968
f 5967/5967/5967 5966/5966/5966 5947/5947/5947
f 5965/5965/5965 5963/5963/5963 5964/5964/5964
f 5959/5959/5959 5956/5956/5956 5960/5960/5960
f 5959/5959/5959 5958/5958/5958 5956/5956/5956
f 5957/5957/5957 5955/5955/5955 5956/5956/5956
f 5954/5954/5954 5953/5953/5953 5952/5952/5952
f 5952/5952/5952 5950/5950/5950 5949/5949/5949
f 5962/5962/5962 5958/5958/5958 5961/5961/5961
f 5955/5955/5955 5957/5957/5957 5954/5954/5954
f 5958/5958/5958 5962/5962/5962 5965/5965/5965
f 5946/5946/5946 5948/5948/5948 5951/5951/5951
f 5948/5948/5948 5946/5946/5946 5947/5947/5947
f 5951/5951/5951 5949/5949/5949 5950/5950/5950
f 2760/2760/2760 2761/2761/2761 2763/2763/2763
f 2763/2763/2763 2762/2762/2762 2760/2760/2760
f 2757/2757/2757 2759/2759/2759 2761/2761/2761
f 2765/2765/2765 2764/2764/2764 2762/2762/2762
f 2764/2764/2764 2765/2765/2765 2767/2767/2767
f 2767/2767/2767 2766/2766/2766 2764/2764/2764
f 2766/2766/2766 2767/2767/2767 2778/2778/2778
f 2768/2768/2768 2766/2766/2766 2778/2778/2778
f 2770/2770/2770 2772/2772/2772 2777/2777/2777
f 2771/2771/2771 2774/2774/2774 2772/2772/2772
f 2762/2762/2762 2763/2763/2763 2765/2765/2765
f 2766/2766/2766 2768/2768/2768 2769/2769/2769
f 2773/2773/2773 2776/2776/2776 2774/2774/2774
f 2772/2772/2772 2770/2770/2770 2771/2771/2771
f 2774/2774/2774 2771/2771/2771 2773/2773/2773
f 2776/2776/2776 2773/2773/2773 2775/2775/2775
f 2761/2761/2761 2760/2760/2760 2757/2757/2757
f 2758/2758/2758 2775/2775/2775 2759/2759/2759
f 2775/2775/2775 2758/2758/2758 2776/2776/2776
f 2759/2759/2759 2757/2757/2757 2758/2758/2758
