# Wavefront .OBJ file for tesselated shape: Auger_In-1 path: C:\Users\Jiaqi\OneDrive - Northwestern University\Desktop\Computation\Robot_System\SLDWK_assemble\Auger_In.SLDPRT

g body_1
v 0.000000 0.000000 0.000000
v 0.001500 0.000000 0.002598
v 0.002598 0.000000 0.001500
v 0.003000 0.000000 0.000000
v 0.002598 0.000000 -0.001500
v 0.001500 0.000000 -0.002598
v 0.000000 0.000000 -0.003000
v -0.001500 0.000000 -0.002598
v -0.002598 0.000000 -0.001500
v -0.003000 0.000000 0.000000
v -0.002598 0.000000 0.001500
v -0.001500 0.000000 0.002598
v 0.000000 0.000000 0.003000
v 0.001500 -0.470000 0.002598
v 0.000469 -0.431876 0.002963
v 0.000050 -0.432880 0.003000
v 0.000878 -0.430874 0.002869
v 0.001270 -0.429869 0.002718
v 0.001500 -0.429250 0.002598
v 0.000000 -0.470000 0.003000
v -0.001178 -0.435890 0.002759
v -0.001500 -0.436749 0.002598
v -0.000781 -0.434885 0.002897
v -0.000369 -0.433883 0.002977
v -0.001500 -0.470000 0.002598
v -0.002464 -0.439903 0.001711
v -0.002598 -0.440500 0.001500
v -0.002201 -0.438899 0.002039
v -0.001895 -0.437897 0.002326
v -0.001551 -0.436892 0.002568
v -0.002598 -0.470000 0.001500
v -0.002997 -0.443915 0.000140
v -0.003000 -0.444250 0.000000
v -0.002948 -0.442914 0.000557
v -0.002841 -0.441908 0.000963
v -0.002679 -0.440906 0.001350
v -0.003000 -0.470000 0.000000
v -0.002793 -0.446925 -0.001095
v -0.002613 -0.447930 -0.001474
v -0.002919 -0.445922 -0.000694
v -0.002987 -0.444920 -0.000280
v -0.002598 -0.470000 -0.001500
v -0.001784 -0.450938 -0.002412
v -0.001500 -0.451750 -0.002598
v -0.002103 -0.449937 -0.002139
v -0.002382 -0.448931 -0.001824
v 0.000000 -0.470000 -0.003000
v -0.000645 -0.453947 -0.002930
v -0.000229 -0.454953 -0.002991
v -0.001048 -0.452945 -0.002811
v -0.001430 -0.451942 -0.002637
v -0.001500 -0.470000 -0.002598
v 0.000000 -0.455500 -0.003000
v 0.001395 -0.458965 -0.002656
v 0.001500 -0.459250 -0.002598
v 0.001011 -0.457961 -0.002825
v 0.000607 -0.456959 -0.002938
v 0.000190 -0.455954 -0.002994
v 0.001500 -0.470000 -0.002598
v 0.002358 -0.461976 -0.001855
v 0.002593 -0.462977 -0.001508
v 0.002075 -0.460970 -0.002166
v 0.001753 -0.459969 -0.002435
v 0.002598 -0.470000 -0.001500
v 0.002983 -0.465987 -0.000319
v 0.003000 -0.466750 0.000000
v 0.002909 -0.464984 -0.000732
v 0.002779 -0.463982 -0.001131
v 0.003000 -0.470000 0.000000
v 0.002955 -0.467993 0.000518
v 0.002853 -0.468999 0.000926
v 0.002998 -0.466992 0.000101
v 0.001972 -0.427863 0.002261
v 0.001637 -0.428867 0.002514
v 0.002268 -0.426860 0.001963
v 0.002520 -0.425858 0.001628
v 0.002598 -0.467500 0.001500
v 0.002598 -0.425500 0.001500
v 0.002230 -0.468998 0.002007
v 0.002488 -0.467995 0.001676
v 0.001928 -0.470000 0.002298
v 0.002998 -0.463982 0.000097
v 0.003000 -0.463750 0.000000
v 0.002872 -0.423851 0.000867
v 0.002723 -0.424852 0.001260
v 0.002956 -0.464984 0.000514
v 0.002855 -0.465989 0.000922
v 0.002965 -0.422846 0.000458
v 0.002698 -0.466991 0.001312
v 0.003000 -0.421844 0.000039
v 0.002777 -0.460973 -0.001135
v 0.002591 -0.459968 -0.001512
v 0.002908 -0.461975 -0.000736
v 0.002894 -0.419837 -0.000792
v 0.002976 -0.420841 -0.000380
v 0.002755 -0.418835 -0.001188
v 0.002983 -0.462978 -0.000323
v 0.002598 -0.417999 -0.001500
v 0.001500 -0.456250 -0.002598
v 0.002562 -0.417829 -0.001561
v 0.002072 -0.457961 -0.002169
v 0.001749 -0.456959 -0.002437
v 0.002319 -0.416828 -0.001903
v 0.002030 -0.415823 -0.002209
v 0.002355 -0.458966 -0.001858
v 0.001702 -0.414821 -0.002470
v 0.001500 -0.414250 -0.002598
v 0.000546 -0.411812 -0.002950
v 0.000603 -0.453950 -0.002939
v 0.000186 -0.452945 -0.002994
v 0.001007 -0.454952 -0.002826
v 0.001392 -0.455956 -0.002658
v 0.000953 -0.412813 -0.002845
v 0.001341 -0.413818 -0.002684
v 0.000000 -0.452500 -0.003000
v 0.000000 -0.410500 -0.003000
v 0.000129 -0.410807 -0.002997
v -0.001433 -0.448934 -0.002636
v -0.001500 -0.448750 -0.002598
v -0.000705 -0.408801 -0.002916
v -0.000291 -0.409805 -0.002986
v -0.001051 -0.449936 -0.002810
v -0.000649 -0.450939 -0.002929
v -0.001105 -0.407798 -0.002789
v -0.001484 -0.406796 -0.002607
v -0.000233 -0.451944 -0.002991
v -0.002615 -0.444921 -0.001471
v -0.001833 -0.405790 -0.002375
v -0.002147 -0.404789 -0.002096
v -0.002106 -0.446928 -0.002137
v -0.002384 -0.445922 -0.001821
v -0.001787 -0.447929 -0.002410
v -0.002419 -0.403784 -0.001775
v -0.002598 -0.403000 -0.001500
v -0.003000 -0.441250 0.000000
v -0.002643 -0.402782 -0.001420
v -0.002919 -0.442913 -0.000691
v -0.002987 -0.441911 -0.000276
v -0.002815 -0.401779 -0.001037
v -0.002932 -0.400774 -0.000634
v -0.002794 -0.443916 -0.001091
v -0.002992 -0.399773 -0.000219
v -0.003000 -0.399250 0.000000
v -0.002598 -0.395500 0.001500
v -0.002840 -0.438899 0.000967
v -0.002677 -0.437898 0.001354
v -0.002947 -0.439905 0.000560
v -0.002997 -0.440906 0.000144
v -0.002936 -0.397766 0.000617
v -0.002993 -0.398767 0.000202
v -0.002821 -0.396761 0.001021
v -0.002651 -0.395759 0.001405
v -0.002598 -0.437500 0.001500
v -0.001548 -0.433883 0.002570
v -0.001500 -0.433749 0.002598
v -0.002159 -0.393751 0.002083
v -0.002428 -0.394756 0.001761
v -0.002199 -0.435890 0.002041
v -0.001892 -0.434889 0.002328
v -0.001847 -0.392750 0.002364
v -0.002462 -0.436894 0.001714
v -0.001498 -0.391744 0.002599
v -0.000365 -0.430875 0.002978
v 0.000054 -0.429872 0.003000
v -0.000778 -0.431877 0.002897
v -0.000721 -0.389739 0.002912
v -0.001121 -0.390743 0.002783
v -0.000308 -0.388735 0.002984
v -0.001175 -0.432882 0.002760
v 0.000000 -0.388000 0.003000
v 0.000472 -0.428867 0.002963
v 0.000530 -0.386728 0.002953
v 0.000112 -0.387734 0.002998
v 0.000936 -0.385727 0.002850
v 0.001325 -0.384722 0.002691
v 0.001500 -0.426250 0.002598
v 0.001500 -0.384250 0.002598
v 0.000881 -0.427866 0.002868
v 0.001273 -0.426860 0.002716
v 0.002598 -0.380500 0.001500
v 0.002270 -0.423852 0.001961
v 0.002522 -0.422850 0.001625
v 0.001974 -0.424855 0.002259
v 0.001640 -0.425859 0.002512
v 0.002018 -0.382717 0.002220
v 0.001688 -0.383720 0.002480
v 0.002308 -0.381712 0.001916
v 0.002553 -0.380711 0.001576
v 0.002598 -0.422500 0.001500
v 0.003000 -0.418836 0.000036
v 0.003000 -0.418750 0.000000
v 0.002889 -0.378704 0.000808
v 0.002748 -0.379705 0.001203
v 0.002965 -0.419838 0.000454
v 0.002873 -0.420843 0.000864
v 0.002974 -0.377699 0.000397
v 0.002724 -0.421844 0.001256
v 0.003000 -0.376696 -0.000022
v 0.002754 -0.415827 -0.001191
v 0.002560 -0.414822 -0.001564
v 0.002893 -0.416829 -0.000795
v 0.002877 -0.374689 -0.000851
v 0.002967 -0.375694 -0.000441
v 0.002730 -0.373688 -0.001244
v 0.002975 -0.417833 -0.000383
v 0.002598 -0.373000 -0.001500
v 0.002279 -0.371681 -0.001951
v 0.002529 -0.372682 -0.001613
v 0.001985 -0.370677 -0.002250
v 0.001651 -0.369673 -0.002505
v 0.001500 -0.411250 -0.002598
v 0.001500 -0.369250 -0.002598
v 0.002028 -0.412816 -0.002211
v 0.001699 -0.411813 -0.002472
v 0.002317 -0.413820 -0.001906
v 0.000000 -0.365500 -0.003000
v 0.000543 -0.408805 -0.002950
v 0.000126 -0.407799 -0.002997
v 0.000949 -0.409806 -0.002846
v 0.001338 -0.410811 -0.002685
v 0.000894 -0.367666 -0.002864
v 0.001285 -0.368672 -0.002711
v 0.000486 -0.366665 -0.002960
v 0.000067 -0.365660 -0.002999
v 0.000000 -0.407500 -0.003000
v -0.001486 -0.403788 -0.002606
v -0.000352 -0.364657 -0.002979
v -0.000765 -0.363655 -0.002901
v -0.000708 -0.405793 -0.002915
v -0.001108 -0.404790 -0.002788
v -0.000294 -0.406797 -0.002986
v -0.001162 -0.362650 -0.002766
v -0.001537 -0.361649 -0.002576
v -0.002420 -0.400776 -0.001773
v -0.002598 -0.400000 -0.001500
v -0.002189 -0.359642 -0.002051
v -0.001882 -0.360643 -0.002336
v -0.002149 -0.401782 -0.002093
v -0.001836 -0.402783 -0.002373
v -0.002454 -0.358637 -0.001725
v -0.002598 -0.358000 -0.001500
v -0.002836 -0.356632 -0.000979
v -0.002671 -0.357634 -0.001365
v -0.002945 -0.355627 -0.000573
v -0.002996 -0.354626 -0.000157
v -0.003000 -0.354250 0.000000
v -0.002933 -0.397767 -0.000631
v -0.002992 -0.396766 -0.000215
v -0.002816 -0.398771 -0.001034
v -0.002644 -0.399774 -0.001417
v -0.003000 -0.396250 0.000000
v -0.002621 -0.350611 0.001459
v -0.002820 -0.393754 0.001024
v -0.002649 -0.392751 0.001408
v -0.002935 -0.394759 0.000620
v -0.002993 -0.395760 0.000205
v -0.002922 -0.352618 0.000678
v -0.002988 -0.353620 0.000263
v -0.002799 -0.351615 0.001079
v -0.002598 -0.392500 0.001500
v -0.001844 -0.389743 0.002366
v -0.001496 -0.388737 0.002601
v -0.002156 -0.390744 0.002086
v -0.002115 -0.348604 0.002127
v -0.002392 -0.349609 0.001811
v -0.001798 -0.347603 0.002402
v -0.002427 -0.391749 0.001764
v -0.001500 -0.346750 0.002598
v 0.000000 -0.385000 0.003000
v -0.001445 -0.346598 0.002629
v -0.000718 -0.386732 0.002913
v -0.000305 -0.385728 0.002984
v -0.001063 -0.345595 0.002805
v -0.000661 -0.344593 0.002926
v -0.001118 -0.387736 0.002784
v -0.000246 -0.343588 0.002990
v 0.000000 -0.343000 0.003000
v 0.000532 -0.383721 0.002952
v 0.000590 -0.341581 0.002941
v 0.000173 -0.342587 0.002995
v 0.000995 -0.340579 0.002830
v 0.001380 -0.339575 0.002664
v 0.001500 -0.381250 0.002598
v 0.001500 -0.339250 0.002598
v 0.000939 -0.382720 0.002849
v 0.001328 -0.381715 0.002690
v 0.000115 -0.384727 0.002998
v 0.002554 -0.377704 0.001573
v 0.002598 -0.377501 0.001500
v 0.002063 -0.337570 0.002178
v 0.001739 -0.338572 0.002445
v 0.002310 -0.378705 0.001914
v 0.002020 -0.379710 0.002218
v 0.002347 -0.336565 0.001868
v 0.001691 -0.380713 0.002478
v 0.002585 -0.335564 0.001523
v 0.003000 -0.373690 -0.000025
v 0.002772 -0.334558 0.001147
v 0.002905 -0.333556 0.000749
v 0.002890 -0.375697 0.000805
v 0.002974 -0.374693 0.000394
v 0.002749 -0.376698 0.001201
v 0.002981 -0.332553 0.000336
v 0.003000 -0.331750 0.000000
v 0.002598 -0.370000 -0.001500
v 0.002999 -0.331549 -0.000084
v 0.002876 -0.371682 -0.000854
v 0.002729 -0.370681 -0.001247
v 0.002958 -0.330547 -0.000502
v 0.002859 -0.329542 -0.000910
v 0.002967 -0.372688 -0.000444
v 0.002704 -0.328540 -0.001300
v 0.002598 -0.328000 -0.001500
v 0.001500 -0.324250 -0.002598
v 0.001983 -0.367671 -0.002252
v 0.001649 -0.366667 -0.002506
v 0.002278 -0.368674 -0.001953
v 0.002528 -0.369676 -0.001616
v 0.002239 -0.326533 -0.001997
v 0.002496 -0.327536 -0.001665
v 0.001938 -0.325531 -0.002290
v 0.001599 -0.324526 -0.002538
v 0.001500 -0.366250 -0.002598
v 0.000065 -0.362654 -0.002999
v 0.000000 -0.362500 -0.003000
v 0.000835 -0.322519 -0.002882
v 0.001229 -0.323524 -0.002737
v 0.000425 -0.321517 -0.002970
v 0.000891 -0.364660 -0.002865
v 0.000483 -0.363659 -0.002961
v 0.001283 -0.365665 -0.002712
v 0.000006 -0.320513 -0.003000
v -0.001539 -0.358643 -0.002575
v -0.000413 -0.319510 -0.002971
v -0.000824 -0.318508 -0.002885
v -0.000767 -0.360649 -0.002900
v -0.001165 -0.359644 -0.002765
v -0.000355 -0.361651 -0.002979
v -0.001219 -0.317502 -0.002741
v -0.001500 -0.316750 -0.002598
v -0.001884 -0.357637 -0.002335
v -0.001929 -0.315496 -0.002297
v -0.001590 -0.316501 -0.002544
v -0.002231 -0.314494 -0.002005
v -0.002489 -0.313491 -0.001674
v -0.002598 -0.355000 -0.001500
v -0.002598 -0.313000 -0.001500
v -0.002191 -0.356636 -0.002049
v -0.002456 -0.355631 -0.001723
v -0.003000 -0.309250 0.000000
v -0.002945 -0.352621 -0.000571
v -0.002996 -0.351620 -0.000155
v -0.002836 -0.353626 -0.000977
v -0.002672 -0.354628 -0.001363
v -0.002855 -0.311485 -0.000921
v -0.002699 -0.312487 -0.001310
v -0.002956 -0.310480 -0.000513
v -0.002998 -0.309478 -0.000095
v -0.003000 -0.351250 0.000000
v -0.002620 -0.347605 0.001462
v -0.002598 -0.347500 0.001500
v -0.002908 -0.307471 0.000738
v -0.002982 -0.308474 0.000324
v -0.002798 -0.348609 0.001081
v -0.002922 -0.349613 0.000680
v -0.002776 -0.306469 0.001136
v -0.002988 -0.350614 0.000266
v -0.002591 -0.305463 0.001513
v -0.001796 -0.344597 0.002403
v -0.001443 -0.343592 0.002630
v -0.002114 -0.345598 0.002129
v -0.002071 -0.303457 0.002170
v -0.002354 -0.304462 0.001860
v -0.001748 -0.302455 0.002438
v -0.002390 -0.346604 0.001813
v -0.001500 -0.301750 0.002598
v -0.001061 -0.342590 0.002806
v -0.001006 -0.300448 0.002826
v -0.001390 -0.301451 0.002658
v -0.000601 -0.299446 0.002939
v -0.000185 -0.298440 0.002994
v 0.000000 -0.340000 0.003000
v 0.000000 -0.298000 0.003000
v -0.000659 -0.341587 0.002927
v -0.000244 -0.340582 0.002990
v 0.001500 -0.294250 0.002598
v 0.000997 -0.337574 0.002829
v 0.001382 -0.336570 0.002662
v 0.000592 -0.338575 0.002941
v 0.000176 -0.339581 0.002995
v 0.000650 -0.296434 0.002929
v 0.000235 -0.297439 0.002991
v 0.001053 -0.295432 0.002809
v 0.001435 -0.294429 0.002635
v 0.001500 -0.336250 0.002598
v 0.002586 -0.332558 0.001521
v 0.001789 -0.293424 0.002408
v 0.002107 -0.292423 0.002135
v 0.002065 -0.334565 0.002177
v 0.002348 -0.333559 0.001867
v 0.001741 -0.335567 0.002443
v 0.002385 -0.291417 0.001820
v 0.002616 -0.290416 0.001469
v 0.002981 -0.329548 0.000333
v 0.003000 -0.328750 0.000000
v 0.002920 -0.288409 0.000689
v 0.002795 -0.289412 0.001090
v 0.002906 -0.330551 0.000746
v 0.002773 -0.331553 0.001145
v 0.002987 -0.287407 0.000274
v 0.003000 -0.286750 0.000000
v 0.002947 -0.285400 -0.000562
v 0.002996 -0.286401 -0.000146
v 0.002839 -0.284395 -0.000969
v 0.002676 -0.283393 -0.001355
v 0.002598 -0.283000 -0.001500
v 0.002858 -0.326537 -0.000912
v 0.002703 -0.325535 -0.001302
v 0.002957 -0.327542 -0.000504
v 0.002999 -0.328544 -0.000086
v 0.002598 -0.325000 -0.001500
v 0.001500 -0.279249 -0.002598
v 0.001936 -0.322526 -0.002291
v 0.001597 -0.321521 -0.002539
v 0.002237 -0.323528 -0.001999
v 0.002494 -0.324531 -0.001667
v 0.002197 -0.281385 -0.002043
v 0.002461 -0.282389 -0.001716
v 0.001891 -0.280384 -0.002329
v 0.001547 -0.279378 -0.002571
v 0.001500 -0.321250 -0.002598
v 0.000004 -0.317509 -0.003000
v 0.001173 -0.278377 -0.002761
v 0.000833 -0.319514 -0.002882
v 0.000422 -0.318512 -0.002970
v 0.000775 -0.277372 -0.002898
v 0.000363 -0.276370 -0.002978
v 0.001227 -0.320519 -0.002737
v -0.000056 -0.275367 -0.002999
v -0.001221 -0.314498 -0.002740
v -0.001500 -0.313750 -0.002598
v -0.000883 -0.273361 -0.002867
v -0.000474 -0.274362 -0.002962
v -0.000826 -0.315503 -0.002884
v -0.000415 -0.316505 -0.002971
v -0.001275 -0.272355 -0.002716
v -0.001500 -0.271750 -0.002598
v -0.001976 -0.270350 -0.002257
v -0.001641 -0.271354 -0.002511
v -0.002272 -0.269346 -0.001959
v -0.002523 -0.268344 -0.001623
v -0.002598 -0.310000 -0.001500
v -0.002598 -0.268000 -0.001500
v -0.002232 -0.311489 -0.002004
v -0.002490 -0.310486 -0.001673
v -0.001931 -0.312491 -0.002296
v -0.001591 -0.313497 -0.002543
v -0.002999 -0.306474 -0.000093
v -0.003000 -0.306250 0.000000
v -0.002874 -0.266338 -0.000862
v -0.002725 -0.267339 -0.001254
v -0.002956 -0.307475 -0.000511
v -0.002856 -0.308481 -0.000919
v -0.002966 -0.265333 -0.000452
v -0.002700 -0.309482 -0.001308
v -0.003000 -0.264331 -0.000034
v -0.002776 -0.303464 0.001138
v -0.002590 -0.302459 0.001515
v -0.002907 -0.304466 0.000739
v -0.002892 -0.262323 0.000797
v -0.002975 -0.263327 0.000385
v -0.002753 -0.261322 0.001193
v -0.002982 -0.305469 0.000326
v -0.002598 -0.260499 0.001500
v -0.001500 -0.298750 0.002598
v -0.002559 -0.260316 0.001566
v -0.002070 -0.300452 0.002172
v -0.001747 -0.299451 0.002439
v -0.002315 -0.259315 0.001908
v -0.002026 -0.258310 0.002212
v -0.002353 -0.301458 0.001861
v -0.001697 -0.257307 0.002474
v -0.001500 -0.256750 0.002598
v -0.000541 -0.254299 0.002951
v -0.000600 -0.296442 0.002939
v -0.000183 -0.295436 0.002994
v -0.001004 -0.297443 0.002827
v -0.001389 -0.298447 0.002659
v -0.000947 -0.255300 0.002847
v -0.001336 -0.256305 0.002686
v 0.000000 -0.295000 0.003000
v 0.000000 -0.253000 0.003000
v -0.000123 -0.253293 0.002997
v 0.001436 -0.291425 0.002634
v 0.001500 -0.291250 0.002598
v 0.000710 -0.251288 0.002915
v 0.000296 -0.252292 0.002985
v 0.001054 -0.292428 0.002809
v 0.000652 -0.293430 0.002928
v 0.001110 -0.250284 0.002787
v 0.001489 -0.249282 0.002605
v 0.000237 -0.294435 0.002991
v 0.002616 -0.287412 0.001468
v 0.001838 -0.248277 0.002371
v 0.002151 -0.247276 0.002092
v 0.002108 -0.289419 0.002134
v 0.002386 -0.288413 0.001819
v 0.001790 -0.290420 0.002407
v 0.002422 -0.246270 0.001771
v 0.002598 -0.245500 0.001500
v 0.003000 -0.283750 0.000000
v 0.002645 -0.245268 0.001415
v 0.002920 -0.285405 0.000687
v 0.002988 -0.284403 0.000273
v 0.002817 -0.244265 0.001032
v 0.002933 -0.243261 0.000628
v 0.002796 -0.286408 0.001088
v 0.002992 -0.242260 0.000213
v 0.003000 -0.241750 0.000000
v 0.002598 -0.238000 -0.001500
v 0.002839 -0.281391 -0.000970
v 0.002676 -0.280389 -0.001357
v 0.002947 -0.282396 -0.000564
v 0.002996 -0.283397 -0.000147
v 0.002935 -0.240253 -0.000623
v 0.002993 -0.241254 -0.000207
v 0.002819 -0.239248 -0.001027
v 0.002648 -0.238245 -0.001410
v 0.002598 -0.280000 -0.001500
v 0.001545 -0.276375 -0.002571
v 0.001500 -0.276249 -0.002598
v 0.002155 -0.236238 -0.002087
v 0.002425 -0.237243 -0.001766
v 0.002196 -0.278382 -0.002044
v 0.001889 -0.277380 -0.002330
v 0.001842 -0.235237 -0.002368
v 0.002460 -0.279386 -0.001717
v 0.001493 -0.234231 -0.002602
v 0.000362 -0.273366 -0.002978
v -0.000057 -0.272364 -0.002999
v 0.000774 -0.274369 -0.002898
v 0.000716 -0.232226 -0.002913
v 0.001116 -0.233229 -0.002785
v 0.000302 -0.231222 -0.002985
v 0.001171 -0.275373 -0.002762
v 0.000000 -0.230500 -0.003000
v -0.000476 -0.271359 -0.002962
v -0.000535 -0.229215 -0.002952
v -0.000117 -0.230220 -0.002998
v -0.000942 -0.228214 -0.002848
v -0.001331 -0.227208 -0.002689
v -0.001500 -0.268750 -0.002598
v -0.001500 -0.226750 -0.002598
v -0.000884 -0.270358 -0.002867
v -0.001276 -0.269352 -0.002715
v -0.002598 -0.223001 -0.001500
v -0.002273 -0.266343 -0.001958
v -0.002524 -0.265341 -0.001622
v -0.001977 -0.267346 -0.002256
v -0.001643 -0.268350 -0.002510
v -0.002022 -0.225203 -0.002216
v -0.001693 -0.226206 -0.002477
v -0.002312 -0.224199 -0.001912
v -0.002556 -0.223197 -0.001571
v -0.002598 -0.265000 -0.001500
v -0.003000 -0.261327 -0.000032
v -0.003000 -0.261250 0.000000
v -0.002891 -0.221190 -0.000803
v -0.002750 -0.222192 -0.001198
v -0.002966 -0.262329 -0.000451
v -0.002874 -0.263335 -0.000861
v -0.002974 -0.220186 -0.000391
v -0.002726 -0.264336 -0.001253
v -0.003000 -0.219183 0.000028
v -0.002752 -0.258319 0.001194
v -0.002558 -0.257313 0.001567
v -0.002892 -0.259320 0.000798
v -0.002875 -0.217176 0.000857
v -0.002967 -0.218181 0.000446
v -0.002727 -0.216174 0.001249
v -0.002975 -0.260324 0.000387
v -0.002598 -0.215500 0.001500
v -0.002276 -0.214167 0.001955
v -0.002526 -0.215169 0.001618
v -0.001980 -0.213164 0.002253
v -0.001646 -0.212160 0.002508
v -0.001500 -0.253750 0.002598
v -0.001500 -0.211750 0.002598
v -0.002025 -0.255307 0.002213
v -0.001696 -0.254304 0.002474
v -0.002315 -0.256312 0.001909
v 0.000000 -0.208000 0.003000
v -0.000540 -0.251296 0.002951
v -0.000122 -0.250290 0.002998
v -0.000946 -0.252297 0.002847
v -0.001334 -0.253302 0.002687
v -0.000888 -0.210153 0.002865
v -0.001280 -0.211158 0.002713
v -0.000480 -0.209151 0.002961
v -0.000062 -0.208146 0.002999
v 0.000000 -0.250000 0.003000
v 0.001489 -0.246280 0.002604
v 0.000358 -0.207144 0.002979
v 0.000770 -0.206141 0.002899
v 0.000712 -0.248285 0.002914
v 0.001112 -0.247281 0.002786
v 0.000298 -0.249289 0.002985
v 0.001168 -0.205136 0.002763
v 0.001542 -0.204135 0.002574
v 0.002422 -0.243268 0.001770
v 0.002598 -0.242500 0.001500
v 0.002193 -0.202128 0.002047
v 0.001886 -0.203130 0.002333
v 0.002151 -0.244273 0.002091
v 0.001839 -0.245274 0.002370
v 0.002458 -0.201124 0.001720
v 0.002598 -0.200500 0.001500
v 0.002837 -0.199119 0.000974
v 0.002674 -0.200121 0.001360
v 0.002946 -0.198113 0.000568
v 0.002996 -0.197112 0.000151
v 0.003000 -0.196750 0.000000
v 0.002934 -0.240258 0.000627
v 0.002993 -0.239257 0.000212
v 0.002817 -0.241263 0.001031
v 0.002646 -0.242266 0.001414
v 0.003000 -0.238750 0.000000
v 0.002618 -0.193097 -0.001464
v 0.002819 -0.236246 -0.001028
v 0.002647 -0.235243 -0.001411
v 0.002934 -0.237250 -0.000624
v 0.002993 -0.238251 -0.000208
v 0.002921 -0.195105 -0.000683
v 0.002988 -0.196107 -0.000269
v 0.002797 -0.194102 -0.001084
v 0.002598 -0.235000 -0.001500
v 0.001842 -0.232234 -0.002368
v 0.001493 -0.231229 -0.002602
v 0.002154 -0.233235 -0.002088
v 0.002111 -0.191090 -0.002131
v 0.002388 -0.192096 -0.001815
v 0.001793 -0.190089 -0.002405
v 0.002425 -0.234241 -0.001767
v 0.001500 -0.189250 -0.002598
v 0.000000 -0.227500 -0.003000
v 0.001440 -0.189084 -0.002632
v 0.000715 -0.229224 -0.002914
v 0.000301 -0.228220 -0.002985
v 0.001058 -0.188082 -0.002807
v 0.000656 -0.187079 -0.002927
v 0.001115 -0.230227 -0.002785
v 0.000241 -0.186074 -0.002990
v 0.000000 -0.185500 -0.003000
v -0.000536 -0.226213 -0.002952
v -0.000596 -0.184067 -0.002940
v -0.000179 -0.185073 -0.002995
v -0.001000 -0.183066 -0.002828
v -0.001385 -0.182062 -0.002661
v -0.001500 -0.223750 -0.002598
v -0.001500 -0.181750 -0.002598
v -0.000943 -0.225212 -0.002848
v -0.001331 -0.224206 -0.002688
v -0.000118 -0.227218 -0.002998
v -0.002556 -0.220196 -0.001570
v -0.002598 -0.220001 -0.001500
v -0.002067 -0.180057 -0.002174
v -0.001743 -0.181058 -0.002441
v -0.002312 -0.221197 -0.001911
v -0.002023 -0.222201 -0.002216
v -0.002351 -0.179051 -0.001864
v -0.001693 -0.223204 -0.002476
v -0.002588 -0.178050 -0.001518
v -0.003000 -0.216181 0.000029
v -0.002774 -0.177045 -0.001141
v -0.002907 -0.176043 -0.000743
v -0.002891 -0.218189 -0.000802
v -0.002974 -0.217184 -0.000390
v -0.002751 -0.219190 -0.001197
v -0.002982 -0.175040 -0.000330
v -0.003000 -0.174250 0.000000
v -0.002598 -0.212500 0.001500
v -0.002999 -0.174035 0.000090
v -0.002875 -0.214174 0.000857
v -0.002727 -0.213173 0.001250
v -0.002957 -0.173034 0.000507
v -0.002857 -0.172028 0.000915
v -0.002966 -0.215179 0.000447
v -0.002701 -0.171027 0.001305
v -0.002598 -0.170500 0.001500
v -0.001500 -0.166750 0.002598
v -0.001980 -0.210162 0.002254
v -0.001646 -0.209158 0.002508
v -0.002275 -0.211166 0.001955
v -0.002526 -0.212167 0.001619
v -0.002235 -0.169019 0.002001
v -0.002492 -0.170022 0.001670
v -0.001934 -0.168017 0.002294
v -0.001594 -0.167012 0.002541
v -0.001500 -0.208750 0.002598
v -0.000061 -0.205145 0.002999
v 0.000000 -0.205000 0.003000
v -0.000829 -0.165005 0.002883
v -0.001224 -0.166011 0.002739
v -0.000419 -0.164004 0.002971
v -0.000888 -0.207151 0.002866
v -0.000479 -0.206150 0.002961
v -0.001280 -0.208157 0.002713
v 0.000000 -0.163000 0.003000
v 0.001542 -0.201134 0.002573
v 0.000000 -0.160000 0.003000
v 0.000771 -0.203140 0.002899
v 0.001168 -0.202135 0.002763
v 0.000358 -0.204143 0.002979
v 0.001500 0.000000 0.002598
v 0.000000 0.000000 0.003000
v 0.002598 0.000000 0.001500
v 0.002194 -0.199127 0.002046
v 0.002458 -0.198123 0.001720
v 0.001887 -0.200128 0.002333
v 0.002598 -0.197500 0.001500
v 0.003000 0.000000 0.000000
v 0.002838 -0.196118 0.000974
v 0.002946 -0.195112 0.000567
v 0.002674 -0.197120 0.001360
v 0.002996 -0.194111 0.000151
v 0.003000 -0.193750 0.000000
v 0.002598 0.000000 -0.001500
v 0.002921 -0.192104 -0.000684
v 0.002797 -0.191101 -0.001085
v 0.002988 -0.193106 -0.000269
v 0.002618 -0.190097 -0.001465
v 0.002598 -0.190000 -0.001500
v 0.001500 0.000000 -0.002598
v 0.002111 -0.188089 -0.002132
v 0.001793 -0.187088 -0.002405
v 0.002388 -0.189095 -0.001816
v 0.001439 -0.186084 -0.002632
v 0.000000 0.000000 -0.003000
v 0.000656 -0.184079 -0.002927
v 0.000240 -0.183074 -0.002990
v 0.001058 -0.185081 -0.002807
v 0.000000 -0.182500 -0.003000
v -0.001500 0.000000 -0.002598
v -0.000596 -0.181067 -0.002940
v -0.001000 -0.180065 -0.002828
v -0.000179 -0.182072 -0.002995
v -0.001386 -0.179061 -0.002661
v -0.001500 -0.178750 -0.002598
v -0.002598 0.000000 -0.001500
v -0.002067 -0.177056 -0.002174
v -0.002351 -0.176051 -0.001864
v -0.001744 -0.178058 -0.002441
v -0.002588 -0.175050 -0.001518
v -0.003000 0.000000 0.000000
v -0.002907 -0.173042 -0.000743
v -0.002982 -0.172039 -0.000330
v -0.002774 -0.174044 -0.001141
v -0.003000 -0.171250 0.000000
v -0.002598 0.000000 0.001500
v -0.002957 -0.170034 0.000507
v -0.002857 -0.169028 0.000916
v -0.002999 -0.171035 0.000090
v -0.002701 -0.168027 0.001305
v -0.002598 -0.167500 0.001500
v -0.001500 0.000000 0.002598
v -0.002235 -0.166019 0.002001
v -0.001934 -0.165017 0.002294
v -0.002492 -0.167022 0.001670
v -0.001594 -0.164012 0.002541
v -0.001500 -0.163750 0.002598
v -0.001224 -0.163011 0.002739
v -0.000829 -0.162005 0.002883
v -0.000419 -0.161004 0.002971
v 0.002696 -0.470000 0.001315
v -0.001500 -0.470000 -0.002598
v -0.001500 -0.470000 0.002598
v -0.002598 -0.470000 0.001500
v 0.001500 -0.470000 -0.002598
v 0.002598 -0.470000 -0.001500
v 0.001928 -0.470000 0.002298
v 0.002696 -0.470000 0.001315
v 0.003987 -0.470000 0.002664
v -0.003000 -0.470000 0.000000
v 0.001500 -0.470000 0.002598
v 0.000000 -0.470000 0.003000
v 0.000000 -0.470000 -0.003000
v 0.004310 -0.470000 0.002103
v 0.003391 -0.470000 0.003391
v 0.003000 -0.470000 0.000000
v 0.003082 -0.470000 0.003674
v -0.002598 -0.470000 -0.001500
v -0.009053 -0.161004 0.064197
v 0.000000 -0.160000 0.064832
v 0.000000 -0.160000 0.018458
v -0.002578 -0.161004 0.018277
v -0.005103 -0.162005 0.017739
v -0.026453 -0.163011 0.059190
v -0.017923 -0.162005 0.062305
v -0.034453 -0.164012 0.054920
v -0.007531 -0.163011 0.016852
v -0.009809 -0.164012 0.015636
v -0.011897 -0.165017 0.014112
v -0.048297 -0.166019 0.043250
v -0.041788 -0.165017 0.049568
v -0.013750 -0.166019 0.012314
v -0.015335 -0.167022 0.010274
v -0.058374 -0.168027 0.028207
v -0.053862 -0.167022 0.036085
v -0.016619 -0.168027 0.008031
v -0.017577 -0.169028 0.005633
v -0.061739 -0.169028 0.019787
v -0.018192 -0.170034 0.003122
v -0.064803 -0.171035 0.001942
v -0.063898 -0.170034 0.010965
v -0.018450 -0.171035 0.000553
v -0.018346 -0.172039 -0.002029
v -0.062813 -0.173042 -0.016055
v -0.064439 -0.172039 -0.007128
v -0.017883 -0.173042 -0.004571
v -0.017070 -0.174044 -0.007022
v -0.055923 -0.175050 -0.032799
v -0.059957 -0.174044 -0.024664
v -0.015922 -0.175050 -0.009338
v -0.014463 -0.176051 -0.011468
v -0.050800 -0.176051 -0.040281
v -0.012719 -0.177056 -0.013376
v -0.037680 -0.178058 -0.052758
v -0.044674 -0.177056 -0.046983
v -0.010728 -0.178058 -0.015020
v -0.008525 -0.179061 -0.016371
v -0.021620 -0.180065 -0.061121
v -0.029944 -0.179061 -0.057502
v -0.006155 -0.180065 -0.017401
v -0.003667 -0.181067 -0.018090
v -0.003875 -0.182072 -0.064716
v -0.012880 -0.181067 -0.063540
v 0.005192 -0.183074 -0.064624
v -0.001103 -0.182072 -0.018425
v 0.001478 -0.183074 -0.018399
v 0.004034 -0.184079 -0.018012
v 0.022861 -0.185081 -0.060668
v 0.014169 -0.184079 -0.063265
v 0.006509 -0.185081 -0.017272
v 0.008856 -0.186084 -0.016195
v 0.038747 -0.187088 -0.051979
v 0.031106 -0.186084 -0.056882
v 0.011031 -0.187088 -0.014799
v 0.012988 -0.188089 -0.013115
v 0.045620 -0.188089 -0.046065
v 0.014694 -0.189095 -0.011171
v 0.056580 -0.190097 -0.031653
v 0.051610 -0.189095 -0.039238
v 0.016109 -0.190097 -0.009012
v 0.017209 -0.191101 -0.006674
v 0.063127 -0.192104 -0.014771
v 0.060446 -0.191101 -0.023440
v 0.017973 -0.192104 -0.004205
v 0.018384 -0.193106 -0.001656
v 0.064750 -0.194111 0.003262
v 0.064571 -0.193106 -0.005817
v 0.018435 -0.194111 0.000929
v 0.018125 -0.195112 0.003492
v 0.063661 -0.195112 0.012264
v 0.017459 -0.196118 0.005990
v 0.057787 -0.197120 0.029391
v 0.061323 -0.196118 0.021039
v 0.057714 -0.197137 0.029534
v 0.016452 -0.197120 0.008368
v 0.015123 -0.198123 0.010583
v 0.053118 -0.198123 0.037171
v 0.053023 -0.198141 0.037306
v 0.013497 -0.199127 0.012591
v 0.047406 -0.199127 0.044226
v 0.047290 -0.199146 0.044349
v 0.011608 -0.200128 0.014351
v 0.040771 -0.200128 0.050408
v 0.040636 -0.200148 0.050517
v 0.009488 -0.201134 0.015832
v 0.033327 -0.201134 0.055610
v 0.033174 -0.201154 0.055701
v 0.007187 -0.202135 0.017001
v 0.025242 -0.202135 0.059716
v 0.025074 -0.202155 0.059787
v 0.004741 -0.203140 0.017839
v 0.016653 -0.203140 0.062657
v 0.016472 -0.203161 0.062704
v 0.002205 -0.204143 0.018326
v 0.007743 -0.204143 0.064368
v 0.000000 -0.160000 0.003000
v -0.000419 -0.161004 0.002971
v -0.000829 -0.162005 0.002883
v -0.001224 -0.163011 0.002739
v -0.001500 -0.163750 0.002598
v -0.001594 -0.164012 0.002541
v -0.001934 -0.165017 0.002294
v -0.002235 -0.166019 0.002001
v -0.002492 -0.167022 0.001670
v -0.002598 -0.167500 0.001500
v -0.002701 -0.168027 0.001305
v -0.002857 -0.169028 0.000916
v -0.002957 -0.170034 0.000507
v -0.003000 -0.171250 0.000000
v -0.002999 -0.171035 0.000090
v -0.002982 -0.172039 -0.000330
v -0.002907 -0.173042 -0.000743
v -0.002774 -0.174044 -0.001141
v -0.002588 -0.175050 -0.001518
v -0.002351 -0.176051 -0.001864
v -0.002067 -0.177056 -0.002174
v -0.001744 -0.178058 -0.002441
v -0.001500 -0.178750 -0.002598
v -0.001386 -0.179061 -0.002661
v -0.001000 -0.180065 -0.002828
v -0.000596 -0.181067 -0.002940
v 0.000000 -0.182500 -0.003000
v -0.000179 -0.182072 -0.002995
v 0.000240 -0.183074 -0.002990
v 0.000656 -0.184079 -0.002927
v 0.001058 -0.185081 -0.002807
v 0.001439 -0.186084 -0.002632
v 0.001793 -0.187088 -0.002405
v 0.002111 -0.188089 -0.002132
v 0.002388 -0.189095 -0.001816
v 0.002598 -0.190000 -0.001500
v 0.002618 -0.190097 -0.001465
v 0.002797 -0.191101 -0.001085
v 0.002921 -0.192104 -0.000684
v 0.002988 -0.193106 -0.000269
v 0.003000 -0.193750 0.000000
v 0.002996 -0.194111 0.000151
v 0.002946 -0.195112 0.000567
v 0.002838 -0.196118 0.000974
v 0.002598 -0.197500 0.001500
v 0.002674 -0.197120 0.001360
v 0.002458 -0.198123 0.001720
v 0.002194 -0.199127 0.002046
v 0.001887 -0.200128 0.002333
v 0.001542 -0.201134 0.002573
v 0.001168 -0.202135 0.002763
v 0.000771 -0.203140 0.002899
v 0.000358 -0.204143 0.002979
v 0.000000 -0.205000 0.003000
v -0.000375 -0.205145 0.018454
v -0.002949 -0.206150 0.018221
v -0.000061 -0.205145 0.002999
v -0.000479 -0.206150 0.002961
v -0.000888 -0.207151 0.002866
v -0.005463 -0.207151 0.017631
v -0.001280 -0.208157 0.002713
v -0.007873 -0.208157 0.016695
v -0.001500 -0.208750 0.002598
v -0.010125 -0.209158 0.015433
v -0.001646 -0.209158 0.002508
v -0.001980 -0.210162 0.002254
v -0.013998 -0.211166 0.012031
v -0.012181 -0.210162 0.013868
v -0.002275 -0.211166 0.001955
v -0.002526 -0.212167 0.001619
v -0.016780 -0.213173 0.007691
v -0.015540 -0.212167 0.009960
v -0.002598 -0.212500 0.001500
v -0.017688 -0.214174 0.005274
v -0.002727 -0.213173 0.001250
v -0.002875 -0.214174 0.000857
v -0.002966 -0.215179 0.000447
v -0.018457 -0.216181 0.000177
v -0.018252 -0.215179 0.002751
v -0.003000 -0.216181 0.000029
v -0.002974 -0.217184 -0.000390
v -0.017786 -0.218189 -0.004934
v -0.018301 -0.217184 -0.002402
v -0.002891 -0.218189 -0.000802
v -0.002751 -0.219190 -0.001197
v -0.016924 -0.219190 -0.007368
v -0.002598 -0.220001 -0.001500
v -0.015728 -0.220196 -0.009660
v -0.014227 -0.221197 -0.011760
v -0.002556 -0.220196 -0.001570
v -0.002312 -0.221197 -0.001911
v -0.002023 -0.222201 -0.002216
v -0.010419 -0.223204 -0.015236
v -0.012444 -0.222201 -0.013632
v -0.001693 -0.223204 -0.002476
v -0.001500 -0.223750 -0.002598
v -0.008191 -0.224206 -0.016541
v -0.005800 -0.225212 -0.017523
v -0.001331 -0.224206 -0.002688
v -0.000943 -0.225212 -0.002848
v -0.000536 -0.226213 -0.002952
v -0.003298 -0.226213 -0.018161
v -0.000118 -0.227218 -0.002998
v 0.001853 -0.228220 -0.018365
v -0.000728 -0.227218 -0.018444
v 0.000000 -0.227500 -0.003000
v 0.000301 -0.228220 -0.002985
v 0.000715 -0.229224 -0.002914
v 0.006859 -0.230227 -0.017136
v 0.004399 -0.229224 -0.017926
v 0.001115 -0.230227 -0.002785
v 0.001493 -0.231229 -0.002602
v 0.011331 -0.232234 -0.014571
v 0.009183 -0.231229 -0.016011
v 0.013253 -0.233235 -0.012848
v 0.001842 -0.232234 -0.002368
v 0.002154 -0.233235 -0.002088
v 0.002425 -0.234241 -0.001767
v 0.014918 -0.234241 -0.010870
v 0.002598 -0.235000 -0.001500
v 0.016289 -0.235243 -0.008682
v 0.002647 -0.235243 -0.001411
v 0.002819 -0.236246 -0.001028
v 0.018054 -0.237250 -0.003838
v 0.017341 -0.236246 -0.006323
v 0.002934 -0.237250 -0.000624
v 0.002993 -0.238251 -0.000208
v 0.018412 -0.239257 0.001304
v 0.018413 -0.238251 -0.001282
v 0.003000 -0.238750 0.000000
v 0.018050 -0.240258 0.003860
v 0.002993 -0.239257 0.000212
v 0.002934 -0.240258 0.000627
v 0.002817 -0.241263 0.001031
v 0.016278 -0.242266 0.008701
v 0.017334 -0.241263 0.006343
v 0.014905 -0.243268 0.010888
v 0.002598 -0.242500 0.001500
v 0.002646 -0.242266 0.001414
v 0.013237 -0.244273 0.012864
v 0.002422 -0.243268 0.001770
v 0.002151 -0.244273 0.002091
v 0.001839 -0.245274 0.002370
v 0.011313 -0.245274 0.014585
v 0.001489 -0.246280 0.002604
v 0.006839 -0.247281 0.017144
v 0.009164 -0.246280 0.016022
v 0.001112 -0.247281 0.002786
v 0.000712 -0.248285 0.002914
v 0.001831 -0.249289 0.018367
v 0.004378 -0.248285 0.017931
v 0.000298 -0.249289 0.002985
v 0.000000 -0.250000 0.003000
v -0.000750 -0.250290 0.018443
v -0.003320 -0.251296 0.018157
v -0.000122 -0.250290 0.002998
v -0.005821 -0.252297 0.017516
v -0.000540 -0.251296 0.002951
v -0.000946 -0.252297 0.002847
v -0.001334 -0.253302 0.002687
v -0.010438 -0.254304 0.015223
v -0.008211 -0.253302 0.016531
v -0.001500 -0.253750 0.002598
v -0.001696 -0.254304 0.002474
v -0.002025 -0.255307 0.002213
v -0.014241 -0.256312 0.011743
v -0.012461 -0.255307 0.013617
v -0.002315 -0.256312 0.001909
v -0.002558 -0.257313 0.001567
v -0.015740 -0.257313 0.009641
v -0.002752 -0.258319 0.001194
v -0.017792 -0.259320 0.004913
v -0.016933 -0.258319 0.007347
v -0.002892 -0.259320 0.000798
v -0.002975 -0.260324 0.000387
v -0.018304 -0.260324 0.002380
v -0.003000 -0.261250 0.000000
v -0.018457 -0.261327 -0.000199
v -0.003000 -0.261327 -0.000032
v -0.002966 -0.262329 -0.000451
v -0.017682 -0.263335 -0.005295
v -0.018249 -0.262329 -0.002773
v -0.002874 -0.263335 -0.000861
v -0.002726 -0.264336 -0.001253
v -0.016770 -0.264336 -0.007711
v -0.002598 -0.265000 -0.001500
v -0.015528 -0.265341 -0.009978
v -0.013984 -0.266343 -0.012048
v -0.002524 -0.265341 -0.001622
v -0.002273 -0.266343 -0.001958
v -0.001977 -0.267346 -0.002256
v -0.010107 -0.268350 -0.015445
v -0.012165 -0.267346 -0.013882
v -0.007853 -0.269352 -0.016704
v -0.001500 -0.268750 -0.002598
v -0.001643 -0.268350 -0.002510
v -0.005442 -0.270358 -0.017638
v -0.001276 -0.269352 -0.002715
v -0.002927 -0.271359 -0.018224
v -0.000884 -0.270358 -0.002867
v -0.000476 -0.271359 -0.002962
v -0.000057 -0.272364 -0.002999
v 0.002227 -0.273366 -0.018323
v -0.000353 -0.272364 -0.018455
v 0.000362 -0.273366 -0.002978
v 0.000774 -0.274369 -0.002898
v 0.007207 -0.275373 -0.016993
v 0.004762 -0.274369 -0.017833
v 0.001171 -0.275373 -0.002762
v 0.001500 -0.276249 -0.002598
v 0.009507 -0.276375 -0.015821
v 0.001545 -0.276375 -0.002571
v 0.001889 -0.277380 -0.002330
v 0.013512 -0.278382 -0.012575
v 0.011625 -0.277380 -0.014337
v 0.002196 -0.278382 -0.002044
v 0.002460 -0.279386 -0.001717
v 0.015136 -0.279386 -0.010565
v 0.002598 -0.280000 -0.001500
v 0.016462 -0.280389 -0.008348
v 0.002676 -0.280389 -0.001357
v 0.002839 -0.281391 -0.000970
v 0.018129 -0.282396 -0.003470
v 0.017466 -0.281391 -0.005969
v 0.018436 -0.283397 -0.000907
v 0.002947 -0.282396 -0.000564
v 0.018382 -0.284403 0.001678
v 0.003000 -0.283750 0.000000
v 0.002996 -0.283397 -0.000147
v 0.017967 -0.285405 0.004227
v 0.002988 -0.284403 0.000273
v 0.002920 -0.285405 0.000687
v 0.002796 -0.286408 0.001088
v 0.016098 -0.287412 0.009031
v 0.017201 -0.286408 0.006694
v 0.002616 -0.287412 0.001468
v 0.002386 -0.288413 0.001819
v 0.012973 -0.289419 0.013130
v 0.014680 -0.288413 0.011189
v 0.011014 -0.290420 0.014812
v 0.002108 -0.289419 0.002134
v 0.001790 -0.290420 0.002407
v 0.001500 -0.291250 0.002598
v 0.008837 -0.291425 0.016205
v 0.006488 -0.292428 0.017280
v 0.001436 -0.291425 0.002634
v 0.001054 -0.292428 0.002809
v 0.000652 -0.293430 0.002928
v 0.001456 -0.294435 0.018400
v 0.004013 -0.293430 0.018017
v 0.000237 -0.294435 0.002991
v 0.000000 -0.295000 0.003000
v -0.001125 -0.295436 0.018424
v -0.000183 -0.295436 0.002994
v -0.000600 -0.296442 0.002939
v -0.006176 -0.297443 0.017394
v -0.003689 -0.296442 0.018086
v -0.001004 -0.297443 0.002827
v -0.001389 -0.298447 0.002659
v -0.010746 -0.299451 0.015008
v -0.008545 -0.298447 0.016361
v -0.001500 -0.298750 0.002598
v -0.001747 -0.299451 0.002439
v -0.002070 -0.300452 0.002172
v -0.014477 -0.301458 0.011451
v -0.012735 -0.300452 0.013361
v -0.015933 -0.302459 0.009319
v -0.002353 -0.301458 0.001861
v -0.002590 -0.302459 0.001515
v -0.002776 -0.303464 0.001138
v -0.017889 -0.304466 0.004549
v -0.017079 -0.303464 0.007001
v -0.002907 -0.304466 0.000739
v -0.002982 -0.305469 0.000326
v -0.018349 -0.305469 0.002007
v -0.003000 -0.306250 0.000000
v -0.018449 -0.306474 -0.000575
v -0.002999 -0.306474 -0.000093
v -0.002956 -0.307475 -0.000511
v -0.017571 -0.308481 -0.005654
v -0.018188 -0.307475 -0.003144
v -0.016610 -0.309482 -0.008051
v -0.002856 -0.308481 -0.000919
v -0.002700 -0.309482 -0.001308
v -0.002598 -0.310000 -0.001500
v -0.015322 -0.310486 -0.010292
v -0.013736 -0.311489 -0.012330
v -0.002490 -0.310486 -0.001673
v -0.002232 -0.311489 -0.002004
v -0.001931 -0.312491 -0.002296
v -0.009790 -0.313497 -0.015648
v -0.011880 -0.312491 -0.014127
v -0.007511 -0.314498 -0.016861
v -0.001500 -0.313750 -0.002598
v -0.001591 -0.313497 -0.002543
v -0.001221 -0.314498 -0.002740
v -0.000826 -0.315503 -0.002884
v -0.002556 -0.316505 -0.018280
v -0.005082 -0.315503 -0.017745
v -0.000415 -0.316505 -0.002971
v 0.000004 -0.317509 -0.003000
v 0.002599 -0.318512 -0.018274
v 0.000022 -0.317509 -0.018458
v 0.000422 -0.318512 -0.002970
v 0.000833 -0.319514 -0.002882
v 0.007552 -0.320519 -0.016843
v 0.005124 -0.319514 -0.017733
v 0.001227 -0.320519 -0.002737
v 0.001500 -0.321250 -0.002598
v 0.009828 -0.321521 -0.015624
v 0.001597 -0.321521 -0.002539
v 0.001936 -0.322526 -0.002291
v 0.013765 -0.323528 -0.012297
v 0.011914 -0.322526 -0.014098
v 0.002237 -0.323528 -0.001999
v 0.002494 -0.324531 -0.001667
v 0.016629 -0.325535 -0.008011
v 0.015347 -0.324531 -0.010255
v 0.002598 -0.325000 -0.001500
v 0.002703 -0.325535 -0.001302
v 0.002858 -0.326537 -0.000912
v 0.017584 -0.326537 -0.005612
v 0.002957 -0.327542 -0.000504
v 0.018450 -0.328544 -0.000531
v 0.018196 -0.327542 -0.003100
v 0.018344 -0.329548 0.002051
v 0.003000 -0.328750 0.000000
v 0.002999 -0.328544 -0.000086
v 0.017878 -0.330551 0.004592
v 0.002981 -0.329548 0.000333
v 0.002906 -0.330551 0.000746
v 0.002773 -0.331553 0.001145
v 0.015910 -0.332558 0.009357
v 0.017062 -0.331553 0.007042
v 0.002586 -0.332558 0.001521
v 0.002348 -0.333559 0.001867
v 0.014449 -0.333559 0.011485
v 0.002065 -0.334565 0.002177
v 0.010710 -0.335567 0.015033
v 0.012703 -0.334565 0.013392
v 0.001741 -0.335567 0.002443
v 0.001500 -0.336250 0.002598
v 0.008506 -0.336570 0.016381
v 0.006135 -0.337574 0.017409
v 0.001382 -0.336570 0.002662
v 0.000997 -0.337574 0.002829
v 0.000592 -0.338575 0.002941
v 0.001081 -0.339581 0.018426
v 0.003645 -0.338575 0.018094
v -0.001500 -0.340582 0.018397
v 0.000000 -0.340000 0.003000
v 0.000176 -0.339581 0.002995
v -0.000244 -0.340582 0.002990
v -0.000659 -0.341587 0.002927
v -0.006529 -0.342590 0.017265
v -0.004056 -0.341587 0.018007
v -0.001061 -0.342590 0.002806
v -0.001443 -0.343592 0.002630
v -0.011049 -0.344597 0.014786
v -0.008875 -0.343592 0.016184
v -0.001796 -0.344597 0.002403
v -0.002114 -0.345598 0.002129
v -0.013004 -0.345598 0.013099
v -0.002390 -0.346604 0.001813
v -0.014707 -0.346604 0.011154
v -0.002598 -0.347500 0.001500
v -0.016119 -0.347605 0.008992
v -0.002620 -0.347605 0.001462
v -0.002798 -0.348609 0.001081
v -0.017978 -0.349613 0.004184
v -0.017217 -0.348609 0.006653
v -0.002922 -0.349613 0.000680
v -0.002988 -0.350614 0.000266
v -0.018386 -0.350614 0.001634
v -0.003000 -0.351250 0.000000
v -0.018433 -0.351620 -0.000951
v -0.018121 -0.352621 -0.003513
v -0.002996 -0.351620 -0.000155
v -0.002945 -0.352621 -0.000571
v -0.002836 -0.353626 -0.000977
v -0.016442 -0.354628 -0.008387
v -0.017452 -0.353626 -0.006011
v -0.015110 -0.355631 -0.010601
v -0.002598 -0.355000 -0.001500
v -0.002672 -0.354628 -0.001363
v -0.013481 -0.356636 -0.012607
v -0.002456 -0.355631 -0.001723
v -0.002191 -0.356636 -0.002049
v -0.001884 -0.357637 -0.002335
v -0.009469 -0.358643 -0.015844
v -0.011590 -0.357637 -0.014365
v -0.007166 -0.359644 -0.017010
v -0.001539 -0.358643 -0.002575
v -0.001165 -0.359644 -0.002765
v -0.000767 -0.360649 -0.002900
v -0.002183 -0.361651 -0.018329
v -0.004720 -0.360649 -0.017844
v -0.000355 -0.361651 -0.002979
v 0.000000 -0.362500 -0.003000
v 0.000397 -0.362654 -0.018454
v 0.002971 -0.363659 -0.018217
v 0.000065 -0.362654 -0.002999
v 0.000483 -0.363659 -0.002961
v 0.000891 -0.364660 -0.002865
v 0.005484 -0.364660 -0.017625
v 0.001283 -0.365665 -0.002712
v 0.007893 -0.365665 -0.016685
v 0.001500 -0.366250 -0.002598
v 0.010144 -0.366667 -0.015421
v 0.001649 -0.366667 -0.002506
v 0.001983 -0.367671 -0.002252
v 0.014013 -0.368674 -0.012014
v 0.012198 -0.367671 -0.013853
v 0.002278 -0.368674 -0.001953
v 0.002528 -0.369676 -0.001616
v 0.016789 -0.370681 -0.007670
v 0.015552 -0.369676 -0.009941
v 0.002598 -0.370000 -0.001500
v 0.017695 -0.371682 -0.005253
v 0.002729 -0.370681 -0.001247
v 0.002876 -0.371682 -0.000854
v 0.002967 -0.372688 -0.000444
v 0.018457 -0.373690 -0.000155
v 0.018255 -0.372688 -0.002729
v 0.003000 -0.373690 -0.000025
v 0.002974 -0.374693 0.000394
v 0.017780 -0.375697 0.004956
v 0.018298 -0.374693 0.002423
v 0.002890 -0.375697 0.000805
v 0.002749 -0.376698 0.001201
v 0.016915 -0.376698 0.007388
v 0.002598 -0.377501 0.001500
v 0.015717 -0.377704 0.009679
v 0.014212 -0.378705 0.011777
v 0.002554 -0.377704 0.001573
v 0.002310 -0.378705 0.001914
v 0.002020 -0.379710 0.002218
v 0.010401 -0.380713 0.015248
v 0.012428 -0.379710 0.013647
v 0.001691 -0.380713 0.002478
v 0.001500 -0.381250 0.002598
v 0.008171 -0.381715 0.016551
v 0.005779 -0.382720 0.017530
v 0.001328 -0.381715 0.002690
v 0.000939 -0.382720 0.002849
v 0.000532 -0.383721 0.002952
v 0.003276 -0.383721 0.018165
v 0.000115 -0.384727 0.002998
v -0.001875 -0.385728 0.018363
v 0.000706 -0.384727 0.018444
v 0.000000 -0.385000 0.003000
v -0.000305 -0.385728 0.002984
v -0.000718 -0.386732 0.002913
v -0.006880 -0.387736 0.017128
v -0.004421 -0.386732 0.017921
v -0.001118 -0.387736 0.002784
v -0.001496 -0.388737 0.002601
v -0.011348 -0.389743 0.014557
v -0.009203 -0.388737 0.016000
v -0.013268 -0.390744 0.012832
v -0.001844 -0.389743 0.002366
v -0.002156 -0.390744 0.002086
v -0.002427 -0.391749 0.001764
v -0.014931 -0.391749 0.010852
v -0.002598 -0.392500 0.001500
v -0.016299 -0.392751 0.008662
v -0.002649 -0.392751 0.001408
v -0.002820 -0.393754 0.001024
v -0.018059 -0.394759 0.003817
v -0.017349 -0.393754 0.006302
v -0.002935 -0.394759 0.000620
v -0.002993 -0.395760 0.000205
v -0.018410 -0.396766 -0.001326
v -0.018415 -0.395760 0.001260
v -0.003000 -0.396250 0.000000
v -0.018045 -0.397767 -0.003882
v -0.002992 -0.396766 -0.000215
v -0.002933 -0.397767 -0.000631
v -0.002816 -0.398771 -0.001034
v -0.016268 -0.399774 -0.008721
v -0.017326 -0.398771 -0.006364
v -0.014892 -0.400776 -0.010906
v -0.002598 -0.400000 -0.001500
v -0.002644 -0.399774 -0.001417
v -0.013222 -0.401782 -0.012879
v -0.002420 -0.400776 -0.001773
v -0.002149 -0.401782 -0.002093
v -0.001836 -0.402783 -0.002373
v -0.011296 -0.402783 -0.014598
v -0.001486 -0.403788 -0.002606
v -0.006818 -0.404790 -0.017153
v -0.009145 -0.403788 -0.016033
v -0.001108 -0.404790 -0.002788
v -0.000708 -0.405793 -0.002915
v -0.001809 -0.406797 -0.018369
v -0.004356 -0.405793 -0.017937
v -0.000294 -0.406797 -0.002986
v 0.000000 -0.407500 -0.003000
v 0.000772 -0.407799 -0.018442
v 0.003342 -0.408805 -0.018153
v 0.000126 -0.407799 -0.002997
v 0.001928 -0.470000 0.002298
v 0.003082 -0.470000 0.003674
v 0.003282 -0.469697 0.003590
v 0.004597 -0.467582 0.002724
v 0.002488 -0.467995 0.001676
v 0.002230 -0.468998 0.002007
v 0.002698 -0.466991 0.001312
v 0.002598 -0.467500 0.001500
v 0.005375 -0.466102 0.001831
v 0.002855 -0.465989 0.000922
v 0.006125 -0.464097 0.000296
v 0.002956 -0.464984 0.000514
v 0.006383 -0.462660 -0.000980
v 0.002983 -0.462978 -0.000323
v 0.003000 -0.463750 0.000000
v 0.006295 -0.460754 -0.002799
v 0.002777 -0.460973 -0.001135
v 0.002908 -0.461975 -0.000736
v 0.005886 -0.459341 -0.004164
v 0.002591 -0.459968 -0.001512
v 0.004914 -0.457518 -0.005827
v 0.002072 -0.457961 -0.002169
v 0.003840 -0.456115 -0.006950
v 0.001500 -0.456250 -0.002598
v 0.001749 -0.456959 -0.002437
v 0.001392 -0.455956 -0.002658
v 0.002145 -0.454363 -0.008056
v 0.001007 -0.454952 -0.002826
v 0.000576 -0.452976 -0.008632
v 0.000186 -0.452945 -0.002994
v 0.000603 -0.453950 -0.002939
v -0.000690 -0.451944 -0.008858
v -0.000233 -0.451944 -0.002991
v 0.000000 -0.452500 -0.003000
v -0.000649 -0.450939 -0.002929
v -0.003301 -0.449914 -0.008742
v -0.001051 -0.449936 -0.002810
v -0.001433 -0.448934 -0.002636
v -0.001787 -0.447929 -0.002410
v -0.001500 -0.448750 -0.002598
v -0.004570 -0.448934 -0.008404
v -0.005390 -0.448287 -0.008080
v -0.005834 -0.447929 -0.007866
v -0.002106 -0.446928 -0.002137
v -0.002384 -0.445922 -0.001821
v -0.007034 -0.446928 -0.007137
v -0.007057 -0.446908 -0.007120
v -0.002615 -0.444921 -0.001471
v -0.008143 -0.445922 -0.006222
v -0.008743 -0.445331 -0.005600
v -0.002794 -0.443916 -0.001091
v -0.009130 -0.444921 -0.005136
v -0.009943 -0.443951 -0.003939
v -0.002919 -0.442913 -0.000691
v -0.009969 -0.443916 -0.003893
v -0.002987 -0.441911 -0.000276
v -0.010636 -0.442913 -0.002516
v -0.010896 -0.442417 -0.001792
v -0.003000 -0.441250 0.000000
v -0.011109 -0.441911 -0.001028
v -0.002997 -0.440906 0.000144
v -0.011348 -0.441044 0.000325
v -0.011371 -0.440906 0.000546
v -0.002947 -0.439905 0.000560
v -0.002840 -0.438899 0.000967
v -0.011407 -0.439905 0.002169
v -0.011364 -0.439554 0.002743
v -0.002677 -0.437898 0.001354
v -0.011207 -0.438899 0.003815
v -0.010910 -0.438168 0.005009
v -0.010089 -0.436894 0.007024
v -0.002462 -0.436894 0.001714
v -0.002598 -0.437500 0.001500
v -0.010768 -0.437898 0.005444
v -0.002199 -0.435890 0.002041
v -0.009943 -0.436716 0.007297
v -0.001892 -0.434889 0.002328
v -0.009175 -0.435890 0.008519
v -0.008568 -0.435330 0.009303
v -0.001548 -0.433883 0.002570
v -0.008040 -0.434889 0.009892
v -0.006735 -0.433910 0.011083
v -0.005169 -0.432882 0.012147
v -0.001175 -0.432882 0.002760
v -0.001500 -0.433749 0.002598
v -0.006696 -0.433883 0.011113
v -0.000778 -0.431877 0.002897
v -0.004585 -0.432524 0.012466
v -0.000365 -0.430875 0.002978
v -0.003480 -0.431877 0.012970
v -0.002152 -0.431139 0.013425
v 0.000054 -0.429872 0.003000
v -0.001664 -0.430875 0.013554
v 0.000472 -0.428867 0.002963
v 0.000249 -0.429872 0.013881
v 0.000513 -0.429736 0.013904
v 0.000881 -0.427866 0.002868
v 0.002221 -0.428867 0.013935
v 0.003190 -0.428379 0.013859
v 0.001273 -0.426860 0.002716
v 0.004210 -0.427866 0.013705
v 0.005945 -0.426982 0.013266
v 0.006181 -0.426860 0.013189
v 0.008085 -0.425859 0.012387
v 0.001500 -0.426250 0.002598
v 0.001640 -0.425859 0.002512
v 0.001974 -0.424855 0.002259
v 0.008464 -0.425653 0.012188
v 0.002270 -0.423852 0.001961
v 0.009885 -0.424855 0.011308
v 0.010923 -0.424238 0.010511
v 0.002522 -0.422850 0.001625
v 0.011539 -0.423852 0.009965
v 0.012889 -0.422936 0.008526
v 0.014258 -0.421844 0.006576
v 0.002724 -0.421844 0.001256
v 0.002598 -0.422500 0.001500
v 0.013008 -0.422850 0.008380
v 0.002873 -0.420843 0.000864
v 0.014608 -0.421521 0.005953
v 0.002965 -0.419838 0.000454
v 0.015253 -0.420843 0.004588
v 0.015717 -0.420241 0.003322
v 0.015825 -0.420077 0.002968
v 0.015969 -0.419838 0.002446
v 0.016381 -0.418836 0.000196
v 0.003000 -0.418836 0.000036
v 0.003000 -0.418750 0.000000
v 0.016474 -0.417833 -0.002122
v 0.002975 -0.417833 -0.000383
v 0.016387 -0.418815 0.000148
v 0.002893 -0.416829 -0.000795
v 0.016442 -0.417561 -0.002757
v 0.016405 -0.417370 -0.003201
v 0.002754 -0.415827 -0.001191
v 0.016235 -0.416829 -0.004462
v 0.015870 -0.416129 -0.006082
v 0.014832 -0.414894 -0.008857
v 0.002560 -0.414822 -0.001564
v 0.015662 -0.415827 -0.006774
v 0.002317 -0.413820 -0.001906
v 0.014756 -0.414822 -0.009014
v 0.014595 -0.414674 -0.009336
v 0.002028 -0.412816 -0.002211
v 0.013529 -0.413820 -0.011129
v 0.013005 -0.413454 -0.011860
v 0.001699 -0.411813 -0.002472
v 0.011996 -0.412816 -0.013078
v 0.010989 -0.412242 -0.014099
v 0.010527 -0.411994 -0.014517
v 0.010181 -0.411813 -0.014811
v 0.008115 -0.410811 -0.016290
v 0.001500 -0.411250 -0.002598
v 0.001338 -0.410811 -0.002685
v 0.000949 -0.409806 -0.002846
v 0.008079 -0.410794 -0.016313
v 0.000543 -0.408805 -0.002950
v 0.005832 -0.409806 -0.017480
v 0.005512 -0.409671 -0.017616
v 0.005339 -0.409599 -0.017686
v 0.001693 -0.408145 -0.018727
v -0.001410 -0.406971 -0.019017
v -0.002217 -0.406668 -0.019009
v -0.005331 -0.405507 -0.018654
v -0.008376 -0.404348 -0.017790
v -0.012023 -0.402879 -0.015978
v -0.014592 -0.401739 -0.014046
v -0.015323 -0.401388 -0.013367
v -0.017446 -0.400260 -0.010934
v -0.019176 -0.399134 -0.008170
v -0.019652 -0.398765 -0.007197
v -0.020776 -0.397650 -0.004117
v -0.021414 -0.396541 -0.000870
v -0.021463 -0.395048 0.003638
v -0.020895 -0.393952 0.006943
v -0.020545 -0.393538 0.008176
v -0.019290 -0.392453 0.011303
v -0.017560 -0.391373 0.014230
v -0.014414 -0.389866 0.017850
v -0.011726 -0.388797 0.020002
v -0.010473 -0.388341 0.020801
v -0.007378 -0.387284 0.022341
v -0.004060 -0.386230 0.023417
v 0.000979 -0.384710 0.024091
v 0.004506 -0.383666 0.023927
v 0.006182 -0.383170 0.023665
v 0.009603 -0.382139 0.022749
v 0.012887 -0.381109 0.021337
v 0.014450 -0.380595 0.020453
v 0.017362 -0.379577 0.018365
v 0.019972 -0.378556 0.015862
v 0.023212 -0.377015 0.011384
v 0.024796 -0.376009 0.008087
v 0.025462 -0.375460 0.006197
v 0.026300 -0.374464 0.002628
v 0.026636 -0.373465 -0.001057
v 0.026124 -0.371911 -0.006859
v 0.026596 -0.372896 -0.003186
v 0.025141 -0.370925 -0.010467
v 0.025942 -0.371682 -0.007701
v 0.024329 -0.370345 -0.012527
v 0.022582 -0.369369 -0.015842
v 0.020381 -0.368391 -0.018916
v 0.015987 -0.366824 -0.023184
v 0.018809 -0.367788 -0.020665
v 0.012822 -0.365858 -0.025319
v 0.015496 -0.366667 -0.023557
v 0.010669 -0.365246 -0.026448
v 0.007107 -0.364290 -0.027843
v 0.003356 -0.363332 -0.028757
v -0.003056 -0.361752 -0.029150
v -0.005747 -0.361093 -0.028893
v -0.006926 -0.360804 -0.028701
v -0.009514 -0.360163 -0.028103
v -0.007558 -0.360649 -0.028577
v -0.013198 -0.359223 -0.026810
v -0.016711 -0.358284 -0.025030
v -0.022073 -0.356694 -0.020983
v -0.024776 -0.355763 -0.018072
v -0.026492 -0.355091 -0.015746
v -0.028483 -0.354170 -0.012304
v -0.027546 -0.354628 -0.014052
v -0.030028 -0.353249 -0.008601
v -0.030869 -0.352559 -0.005707
v -0.031549 -0.351649 -0.001755
v -0.031723 -0.350733 0.002288
v -0.031503 -0.350033 0.005408
v -0.030768 -0.349128 0.009388
v -0.031225 -0.349613 0.007267
v -0.029525 -0.348224 0.013279
v -0.028198 -0.347509 0.016230
v -0.026115 -0.346615 0.019743
v -0.023586 -0.345715 0.022997
v -0.021232 -0.344987 0.025402
v -0.018038 -0.344098 0.028001
v -0.019871 -0.344597 0.026590
v -0.014513 -0.343209 0.030203
v -0.011390 -0.342471 0.031692
v -0.007460 -0.341591 0.033044
v -0.003357 -0.340706 0.033910
v 0.000231 -0.339952 0.034246
v 0.004418 -0.339079 0.034160
v 0.008602 -0.338203 0.033558
v 0.006825 -0.338575 0.033878
v 0.012175 -0.337442 0.032617
v 0.016114 -0.336575 0.031084
v 0.019871 -0.335705 0.029065
v 0.023021 -0.334926 0.026873
v 0.026213 -0.334068 0.024057
v 0.024408 -0.334565 0.025732
v 0.029072 -0.333205 0.020849
v 0.027943 -0.333559 0.022211
v 0.031335 -0.332420 0.017627
v 0.033386 -0.331566 0.013853
v 0.034986 -0.330711 0.009825
v 0.035765 -0.330156 0.007114
v 0.036042 -0.329911 0.005896
v 0.036677 -0.329066 0.001618
v 0.036376 -0.329548 0.004068
v 0.036803 -0.328216 -0.002746
v 0.036437 -0.327407 -0.006917
v 0.035560 -0.326566 -0.011188
v 0.034174 -0.325725 -0.015364
v 0.032356 -0.324904 -0.019261
v 0.030051 -0.324072 -0.023001
v 0.031379 -0.324531 -0.020968
v 0.027302 -0.323234 -0.026479
v 0.024164 -0.322402 -0.029614
v 0.028314 -0.323528 -0.025294
v 0.020692 -0.321574 -0.032358
v 0.016892 -0.320745 -0.034704
v 0.012784 -0.319905 -0.036619
v 0.008550 -0.319085 -0.038023
v 0.010792 -0.319514 -0.037348
v 0.004144 -0.318259 -0.038940
v -0.000523 -0.317405 -0.039350
v 0.005507 -0.318512 -0.038713
v -0.005011 -0.316590 -0.039219
v -0.009496 -0.315771 -0.038571
v -0.014114 -0.314912 -0.037339
v -0.010953 -0.315503 -0.038246
v -0.018323 -0.314101 -0.035671
v -0.016282 -0.314498 -0.036549
v -0.022351 -0.313288 -0.033517
v -0.026388 -0.312415 -0.030702
v -0.021342 -0.313497 -0.034112
v -0.028712 -0.311876 -0.028712
v -0.032865 -0.310803 -0.024258
v -0.029793 -0.311612 -0.027677
v -0.035766 -0.309924 -0.020142
v -0.033969 -0.310486 -0.022816
v -0.037952 -0.309124 -0.016107
v -0.037027 -0.309482 -0.017947
v -0.039860 -0.308229 -0.011302
v -0.040762 -0.307656 -0.008108
v -0.039689 -0.308323 -0.011815
v -0.039385 -0.308481 -0.012674
v -0.041729 -0.306640 -0.002270
v -0.041046 -0.307431 -0.006838
v -0.041904 -0.305842 0.002388
v -0.041808 -0.306474 -0.001303
v -0.041887 -0.305731 0.003035
v -0.041474 -0.304942 0.007663
v -0.041807 -0.305469 0.004574
v -0.040553 -0.304153 0.012220
v -0.040979 -0.304466 0.010422
v -0.038861 -0.303243 0.017355
v -0.036880 -0.302455 0.021599
v -0.039122 -0.303363 0.016689
v -0.039333 -0.303464 0.016125
v -0.035616 -0.302031 0.023798
v -0.034445 -0.301673 0.025599
v -0.031562 -0.300886 0.029342
v -0.033698 -0.301458 0.026654
v -0.031005 -0.300745 0.029975
v -0.027677 -0.299967 0.033303
v -0.029800 -0.300452 0.031266
v -0.024004 -0.299188 0.036252
v -0.020205 -0.298447 0.038688
v -0.025277 -0.299451 0.035303
v -0.019204 -0.298260 0.039242
v -0.016758 -0.297813 0.040457
v -0.019994 -0.298408 0.038807
v -0.014905 -0.297483 0.041255
v -0.010414 -0.296710 0.042791
v -0.014681 -0.297443 0.041345
v -0.005743 -0.295933 0.043841
v -0.008813 -0.296442 0.043211
v -0.004727 -0.295766 0.044000
v 0.000022 -0.294997 0.044428
v -0.002703 -0.295436 0.044246
v 0.004793 -0.294229 0.044343
v 0.009571 -0.293457 0.043742
v 0.003515 -0.294435 0.044416
v 0.010659 -0.293280 0.043531
v 0.015303 -0.292515 0.042307
v 0.009735 -0.293430 0.043712
v 0.019793 -0.291750 0.040595
v 0.015821 -0.292428 0.042138
v 0.024112 -0.290984 0.038393
v 0.021657 -0.291425 0.039716
v 0.025150 -0.290793 0.037773
v 0.029123 -0.290032 0.035026
v 0.027128 -0.290420 0.036484
v 0.032785 -0.289275 0.031872
v 0.036122 -0.288511 0.028315
v 0.032113 -0.289419 0.032503
v 0.038264 -0.287969 0.025567
v 0.036955 -0.288306 0.027296
v 0.039772 -0.287551 0.023339
v 0.036520 -0.288413 0.027835
v 0.042159 -0.286796 0.019102
v 0.040245 -0.287412 0.022578
v 0.044104 -0.286040 0.014597
v 0.044567 -0.285826 0.013286
v 0.043216 -0.286408 0.016818
v 0.045881 -0.285072 0.008574
v 0.045362 -0.285405 0.010672
v 0.046975 -0.283750 0.000000
v 0.046695 -0.284324 0.003748
v 0.046633 -0.284403 0.004257
v 0.047001 -0.283570 -0.001181
v 0.046621 -0.282593 -0.007602
v 0.046991 -0.283338 -0.002702
v 0.046998 -0.283397 -0.002311
v 0.045743 -0.281847 -0.012445
v 0.046438 -0.282396 -0.008888
v 0.044352 -0.281099 -0.017212
v 0.043804 -0.280861 -0.018700
v 0.044956 -0.281391 -0.015363
v 0.041779 -0.280117 -0.023220
v 0.039330 -0.279386 -0.027453
v 0.042575 -0.280389 -0.021589
v 0.036353 -0.278631 -0.031549
v 0.039294 -0.279376 -0.027507
v 0.034117 -0.278124 -0.034117
v 0.031796 -0.277639 -0.036436
v 0.035251 -0.278376 -0.032860
v 0.027985 -0.276903 -0.039643
v 0.030493 -0.277380 -0.037609
v 0.023828 -0.276161 -0.042465
v 0.022272 -0.275898 -0.043368
v 0.025056 -0.276375 -0.041696
v 0.017778 -0.275164 -0.045574
v 0.013078 -0.274431 -0.047311
v 0.019082 -0.275373 -0.044993
v 0.009599 -0.273907 -0.048259
v 0.012668 -0.274369 -0.047437
v 0.008180 -0.273696 -0.048568
v 0.006310 -0.273419 -0.048909
v 0.001308 -0.272689 -0.049463
v 0.005950 -0.273366 -0.048966
v 0.000000 -0.272500 -0.049523
v -0.003730 -0.271962 -0.049504
v -0.000947 -0.272364 -0.049544
v -0.010778 -0.270939 -0.048697
v -0.008792 -0.271228 -0.049029
v -0.007895 -0.271359 -0.049151
v -0.015696 -0.270216 -0.047514
v -0.020478 -0.269490 -0.045838
v -0.014743 -0.270358 -0.047785
v -0.025106 -0.268764 -0.043666
v -0.021372 -0.269352 -0.045463
v -0.026929 -0.268467 -0.042645
v -0.031184 -0.267744 -0.039848
v -0.027631 -0.268350 -0.042225
v -0.035140 -0.267025 -0.036634
v -0.033407 -0.267346 -0.038123
v -0.040243 -0.265986 -0.031325
v -0.038783 -0.266299 -0.033006
v -0.038575 -0.266343 -0.033234
v -0.045956 -0.264554 -0.022847
v -0.043309 -0.265271 -0.027233
v -0.043026 -0.265341 -0.027648
v -0.047518 -0.264062 -0.019683
v -0.048170 -0.263834 -0.018176
v -0.046674 -0.264336 -0.021460
v -0.048999 -0.263516 -0.016038
v -0.050511 -0.262801 -0.011114
v -0.049429 -0.263335 -0.014803
v -0.051525 -0.262089 -0.006060
v -0.052035 -0.261372 -0.000884
v -0.051238 -0.262329 -0.007786
v -0.052096 -0.261038 0.001536
v -0.051848 -0.260330 0.006700
v -0.052050 -0.261327 -0.000562
v -0.051382 -0.259844 0.010221
v -0.051089 -0.259621 0.011823
v -0.049815 -0.258908 0.016891
v -0.050613 -0.259320 0.013976
v -0.049023 -0.258567 0.019280
v -0.047030 -0.257861 0.024083
v -0.048376 -0.258319 0.020991
v -0.044571 -0.257155 0.028674
v -0.041644 -0.256447 0.033039
v -0.045163 -0.257313 0.027664
v -0.037720 -0.255624 0.037720
v -0.040031 -0.256095 0.035097
v -0.041036 -0.256312 0.033839
v -0.036512 -0.255392 0.038963
v -0.032626 -0.254692 0.042471
v -0.036060 -0.255307 0.039408
v -0.028377 -0.253985 0.045608
v -0.026060 -0.253621 0.047065
v -0.030334 -0.254304 0.044243
v -0.021419 -0.252924 0.049522
v -0.023963 -0.253302 0.048247
v -0.011466 -0.251525 0.053048
v -0.016551 -0.252225 0.051521
v -0.017059 -0.252297 0.051338
v -0.003488 -0.250458 0.054403
v -0.008719 -0.251154 0.053653
v -0.009771 -0.251296 0.053439
v 0.000000 -0.250000 0.054618
v 0.001798 -0.249765 0.054642
v -0.002217 -0.250290 0.054507
v 0.007129 -0.249066 0.054364
v 0.010055 -0.248680 0.053989
v 0.005433 -0.249289 0.054509
v 0.015251 -0.247991 0.052919
v 0.013046 -0.248285 0.053437
v 0.025279 -0.246605 0.049281
v 0.020331 -0.247300 0.051351
v 0.030875 -0.245782 0.046208
v 0.027976 -0.246215 0.047904
v 0.032535 -0.245526 0.045126
v 0.027536 -0.246280 0.048142
v 0.036812 -0.244839 0.041917
v 0.034132 -0.245274 0.044002
v 0.039521 -0.244376 0.039521
v 0.042953 -0.243744 0.035986
v 0.040796 -0.244148 0.038280
v 0.040100 -0.244273 0.038968
v 0.046316 -0.243061 0.031813
v 0.049273 -0.242377 0.027329
v 0.045335 -0.243268 0.033117
v 0.051809 -0.241688 0.022541
v 0.049713 -0.242266 0.026573
v 0.052226 -0.241562 0.021633
v 0.054873 -0.240596 0.014466
v 0.053108 -0.241277 0.019555
v 0.056150 -0.239915 0.009221
v 0.055568 -0.240258 0.011883
v 0.057150 -0.238811 0.000489
v 0.056928 -0.239232 0.003830
v 0.056908 -0.239257 0.004030
v 0.056524 -0.237457 -0.010321
v 0.057140 -0.238251 -0.003977
v 0.057093 -0.238133 -0.004925
v 0.056380 -0.237344 -0.011215
v 0.055437 -0.236775 -0.015685
v 0.056248 -0.237250 -0.011958
v 0.054483 -0.236343 -0.019031
v 0.053403 -0.235938 -0.022120
v 0.052592 -0.235670 -0.024129
v 0.054240 -0.236246 -0.019776
v 0.050226 -0.234995 -0.029039
v 0.051149 -0.235243 -0.027261
v 0.048326 -0.234531 -0.032290
v 0.047381 -0.234318 -0.033745
v 0.045309 -0.233881 -0.036637
v 0.047027 -0.234241 -0.034267
v 0.037885 -0.232538 -0.044670
v 0.041789 -0.233208 -0.040824
v 0.041941 -0.233235 -0.040659
v 0.032644 -0.231718 -0.048856
v 0.030565 -0.231412 -0.050264
v 0.033601 -0.231863 -0.048163
v 0.035997 -0.232234 -0.046292
v 0.025822 -0.230746 -0.053025
v 0.029289 -0.231229 -0.051066
v 0.022608 -0.230313 -0.054580
v 0.015596 -0.229406 -0.057194
v 0.020829 -0.230078 -0.055340
v 0.021961 -0.230227 -0.054864
v 0.011940 -0.228951 -0.058172
v 0.006513 -0.228285 -0.059178
v 0.014139 -0.229224 -0.057614
v 0.001004 -0.227620 -0.059678
v 0.005977 -0.228220 -0.059250
v 0.000000 -0.227500 -0.059714
v -0.004576 -0.226952 -0.059662
v -0.008458 -0.226486 -0.059344
v -0.002358 -0.227218 -0.059731
v -0.013929 -0.225824 -0.058456
v -0.011712 -0.226093 -0.058879
v -0.010722 -0.226213 -0.059039
v -0.023095 -0.224687 -0.055757
v -0.019308 -0.225164 -0.057065
v -0.018925 -0.225212 -0.057181
v -0.024581 -0.224497 -0.055165
v -0.028238 -0.224022 -0.053507
v -0.033110 -0.223364 -0.050815
v -0.026829 -0.224206 -0.054181
v -0.033706 -0.223282 -0.050444
v -0.037728 -0.222705 -0.047678
v -0.034257 -0.223204 -0.050093
v -0.043125 -0.221876 -0.043124
v -0.045020 -0.221562 -0.041247
v -0.042074 -0.222044 -0.044098
v -0.041067 -0.222201 -0.044988
v -0.048721 -0.220906 -0.037049
v -0.047124 -0.221197 -0.038955
v -0.050974 -0.220469 -0.034060
v -0.052028 -0.220252 -0.032519
v -0.054932 -0.219591 -0.027663
v -0.052292 -0.220196 -0.032118
v -0.058884 -0.218447 -0.018641
v -0.056809 -0.219097 -0.023861
v -0.056476 -0.219190 -0.024587
v -0.060480 -0.217793 -0.013239
v -0.060753 -0.217656 -0.012085
v -0.059572 -0.218189 -0.016526
v -0.062082 -0.216640 -0.003373
v -0.061585 -0.217137 -0.007666
v -0.061522 -0.217184 -0.008073
v -0.062261 -0.216250 0.000000
v -0.062279 -0.215988 0.002273
v -0.061963 -0.215339 0.007926
v -0.062274 -0.216181 0.000597
v -0.061377 -0.214844 0.012209
v -0.061126 -0.214685 0.013575
v -0.061806 -0.215179 0.009316
v -0.058397 -0.213531 0.023309
v -0.060120 -0.214176 0.017909
v -0.058110 -0.213438 0.024070
v -0.056188 -0.212884 0.028546
v -0.057233 -0.213173 0.026232
v -0.053491 -0.212232 0.033605
v -0.051026 -0.211717 0.037439
v -0.052563 -0.212031 0.035121
v -0.053198 -0.212167 0.034094
v -0.044926 -0.210624 0.044926
v -0.047569 -0.211073 0.041964
v -0.048092 -0.211166 0.041332
v -0.043709 -0.210428 0.046172
v -0.039449 -0.209782 0.050048
v -0.041999 -0.210162 0.047813
v -0.035761 -0.209258 0.052890
v -0.035475 -0.209218 0.053092
v -0.030961 -0.208616 0.056001
v -0.035035 -0.209158 0.053400
v -0.024558 -0.207813 0.059287
v -0.020551 -0.207330 0.060908
v -0.025888 -0.207977 0.058678
v -0.027338 -0.208157 0.057972
v -0.016162 -0.206816 0.062337
v -0.019036 -0.207151 0.061440
v -0.012581 -0.206407 0.063251
v -0.010576 -0.206180 0.063670
v -0.004878 -0.205540 0.064503
v -0.010314 -0.206150 0.063719
v 0.000000 -0.205000 0.064809
v 0.000922 -0.204899 0.064825
v -0.001316 -0.205145 0.064763
v -0.019045 -0.357621 -0.023497
v 0.000803 -0.362697 -0.029085
v 0.021199 -0.378023 0.014397
v -0.002503 -0.385752 0.023743
v -0.016730 -0.390934 0.015344
v -0.021519 -0.396144 0.000316
v -0.009204 -0.404025 -0.017459
v 0.004676 -0.409326 -0.017937
v -0.001519 -0.451289 -0.008904
v 0.002355 -0.458966 -0.001858
v 0.002998 -0.463982 0.000097
v -0.002578 -0.164004 0.018277
v -0.000419 -0.164004 0.002971
v 0.000000 -0.163000 0.003000
v -0.005103 -0.165005 0.017739
v -0.000829 -0.165005 0.002883
v -0.007532 -0.166011 0.016852
v -0.001224 -0.166011 0.002739
v -0.009809 -0.167012 0.015636
v -0.001500 -0.166750 0.002598
v -0.001594 -0.167012 0.002541
v -0.011897 -0.168017 0.014112
v -0.001934 -0.168017 0.002294
v -0.013751 -0.169019 0.012313
v -0.002235 -0.169019 0.002001
v -0.015335 -0.170022 0.010273
v -0.002492 -0.170022 0.001670
v -0.016620 -0.171027 0.008030
v -0.002701 -0.171027 0.001305
v -0.002598 -0.170500 0.001500
v -0.017578 -0.172028 0.005633
v -0.002857 -0.172028 0.000915
v -0.018192 -0.173034 0.003121
v -0.002957 -0.173034 0.000507
v -0.018450 -0.174035 0.000552
v -0.002999 -0.174035 0.000090
v -0.018346 -0.175040 -0.002030
v -0.002982 -0.175040 -0.000330
v -0.003000 -0.174250 0.000000
v -0.017883 -0.176043 -0.004572
v -0.002907 -0.176043 -0.000743
v -0.017070 -0.177045 -0.007023
v -0.002774 -0.177045 -0.001141
v -0.015921 -0.178050 -0.009339
v -0.002588 -0.178050 -0.001518
v -0.014462 -0.179051 -0.011469
v -0.002351 -0.179051 -0.001864
v -0.012718 -0.180057 -0.013377
v -0.002067 -0.180057 -0.002174
v -0.010727 -0.181058 -0.015021
v -0.001743 -0.181058 -0.002441
v -0.008524 -0.182062 -0.016372
v -0.001500 -0.181750 -0.002598
v -0.001385 -0.182062 -0.002661
v -0.006154 -0.183066 -0.017402
v -0.001000 -0.183066 -0.002828
v -0.003665 -0.184067 -0.018090
v -0.000596 -0.184067 -0.002940
v -0.001102 -0.185073 -0.018425
v -0.000179 -0.185073 -0.002995
v 0.001480 -0.186074 -0.018399
v 0.000241 -0.186074 -0.002990
v 0.000000 -0.185500 -0.003000
v 0.004036 -0.187079 -0.018011
v 0.000656 -0.187079 -0.002927
v 0.006511 -0.188082 -0.017272
v 0.001058 -0.188082 -0.002807
v 0.008858 -0.189084 -0.016194
v 0.001440 -0.189084 -0.002632
v 0.011033 -0.190089 -0.014797
v 0.001793 -0.190089 -0.002405
v 0.001500 -0.189250 -0.002598
v 0.012990 -0.191090 -0.013113
v 0.002111 -0.191090 -0.002131
v 0.014695 -0.192096 -0.011169
v 0.002388 -0.192096 -0.001815
v 0.016110 -0.193097 -0.009010
v 0.002618 -0.193097 -0.001464
v 0.017210 -0.194102 -0.006671
v 0.002797 -0.194102 -0.001084
v 0.017973 -0.195105 -0.004203
v 0.002921 -0.195105 -0.000683
v 0.018384 -0.196107 -0.001653
v 0.002988 -0.196107 -0.000269
v 0.018434 -0.197112 0.000931
v 0.003000 -0.196750 0.000000
v 0.002996 -0.197112 0.000151
v 0.018124 -0.198113 0.003494
v 0.002946 -0.198113 0.000568
v 0.017458 -0.199119 0.005992
v 0.002837 -0.199119 0.000974
v 0.016451 -0.200121 0.008370
v 0.002674 -0.200121 0.001360
v 0.015121 -0.201124 0.010585
v 0.002458 -0.201124 0.001720
v 0.002598 -0.200500 0.001500
v 0.013494 -0.202128 0.012594
v 0.002193 -0.202128 0.002047
v 0.011605 -0.203130 0.014353
v 0.001886 -0.203130 0.002333
v 0.009486 -0.204135 0.015834
v 0.001542 -0.204135 0.002574
v 0.007183 -0.205136 0.017003
v 0.001168 -0.205136 0.002763
v 0.004738 -0.206141 0.017840
v 0.000770 -0.206141 0.002899
v 0.002201 -0.207144 0.018326
v 0.000358 -0.207144 0.002979
v -0.000379 -0.208146 0.018454
v 0.000000 -0.208000 0.003000
v -0.000062 -0.208146 0.002999
v -0.002953 -0.209151 0.018220
v -0.000480 -0.209151 0.002961
v -0.005466 -0.210153 0.017630
v -0.000888 -0.210153 0.002865
v -0.007876 -0.211158 0.016693
v -0.001280 -0.211158 0.002713
v -0.010129 -0.212160 0.015431
v -0.001500 -0.211750 0.002598
v -0.001646 -0.212160 0.002508
v -0.012184 -0.213164 0.013865
v -0.001980 -0.213164 0.002253
v -0.014001 -0.214167 0.012028
v -0.002276 -0.214167 0.001955
v -0.015543 -0.215169 0.009956
v -0.002526 -0.215169 0.001618
v -0.016781 -0.216174 0.007687
v -0.002727 -0.216174 0.001249
v -0.002598 -0.215500 0.001500
v -0.017690 -0.217176 0.005270
v -0.002875 -0.217176 0.000857
v -0.018252 -0.218181 0.002747
v -0.002967 -0.218181 0.000446
v -0.018457 -0.219183 0.000173
v -0.003000 -0.219183 0.000028
v -0.018301 -0.220186 -0.002406
v -0.002974 -0.220186 -0.000391
v -0.017785 -0.221190 -0.004939
v -0.002891 -0.221190 -0.000803
v -0.016922 -0.222192 -0.007372
v -0.002750 -0.222192 -0.001198
v -0.015726 -0.223197 -0.009664
v -0.002598 -0.223001 -0.001500
v -0.002556 -0.223197 -0.001571
v -0.014223 -0.224199 -0.011764
v -0.002312 -0.224199 -0.001912
v -0.012441 -0.225203 -0.013636
v -0.002022 -0.225203 -0.002216
v -0.010415 -0.226206 -0.015239
v -0.001693 -0.226206 -0.002477
v -0.008186 -0.227208 -0.016543
v -0.001500 -0.226750 -0.002598
v -0.001331 -0.227208 -0.002689
v -0.005795 -0.228214 -0.017525
v -0.000942 -0.228214 -0.002848
v -0.003293 -0.229215 -0.018162
v -0.000535 -0.229215 -0.002952
v -0.000723 -0.230220 -0.018444
v -0.000117 -0.230220 -0.002998
v 0.001858 -0.231222 -0.018364
v 0.000302 -0.231222 -0.002985
v 0.000000 -0.230500 -0.003000
v 0.004405 -0.232226 -0.017925
v 0.000716 -0.232226 -0.002913
v 0.006864 -0.233229 -0.017134
v 0.001116 -0.233229 -0.002785
v 0.009188 -0.234231 -0.016008
v 0.001493 -0.234231 -0.002602
v 0.011335 -0.235237 -0.014568
v 0.001842 -0.235237 -0.002368
v 0.013257 -0.236238 -0.012843
v 0.002155 -0.236238 -0.002087
v 0.014921 -0.237243 -0.010865
v 0.002425 -0.237243 -0.001766
v 0.016292 -0.238245 -0.008676
v 0.002598 -0.238000 -0.001500
v 0.002648 -0.238245 -0.001410
v 0.017343 -0.239248 -0.006317
v 0.002819 -0.239248 -0.001027
v 0.018056 -0.240253 -0.003832
v 0.002935 -0.240253 -0.000623
v 0.018414 -0.241254 -0.001276
v 0.002993 -0.241254 -0.000207
v 0.018411 -0.242260 0.001310
v 0.002992 -0.242260 0.000213
v 0.003000 -0.241750 0.000000
v 0.018049 -0.243261 0.003866
v 0.002933 -0.243261 0.000628
v 0.017332 -0.244265 0.006349
v 0.002817 -0.244265 0.001032
v 0.016275 -0.245268 0.008707
v 0.002645 -0.245268 0.001415
v 0.014901 -0.246270 0.010893
v 0.002422 -0.246270 0.001771
v 0.002598 -0.245500 0.001500
v 0.013233 -0.247276 0.012868
v 0.002151 -0.247276 0.002092
v 0.011308 -0.248277 0.014589
v 0.001838 -0.248277 0.002371
v 0.009158 -0.249282 0.016026
v 0.001489 -0.249282 0.002605
v 0.006832 -0.250284 0.017147
v 0.001110 -0.250284 0.002787
v 0.004371 -0.251288 0.017933
v 0.000710 -0.251288 0.002915
v 0.001824 -0.252292 0.018368
v 0.000296 -0.252292 0.002985
v -0.000757 -0.253293 0.018442
v 0.000000 -0.253000 0.003000
v -0.000123 -0.253293 0.002997
v -0.003327 -0.254299 0.018156
v -0.000541 -0.254299 0.002951
v -0.005828 -0.255300 0.017514
v -0.000947 -0.255300 0.002847
v -0.008217 -0.256305 0.016528
v -0.001336 -0.256305 0.002686
v -0.010444 -0.257307 0.015219
v -0.001697 -0.257307 0.002474
v -0.001500 -0.256750 0.002598
v -0.012466 -0.258310 0.013612
v -0.002026 -0.258310 0.002212
v -0.014245 -0.259315 0.011737
v -0.002315 -0.259315 0.001908
v -0.015744 -0.260316 0.009635
v -0.002559 -0.260316 0.001566
v -0.016936 -0.261322 0.007340
v -0.002753 -0.261322 0.001193
v -0.002598 -0.260499 0.001500
v -0.017794 -0.262323 0.004905
v -0.002892 -0.262323 0.000797
v -0.018305 -0.263327 0.002372
v -0.002975 -0.263327 0.000385
v -0.018457 -0.264331 -0.000207
v -0.003000 -0.264331 -0.000034
v -0.018247 -0.265333 -0.002781
v -0.002966 -0.265333 -0.000452
v -0.017680 -0.266338 -0.005303
v -0.002874 -0.266338 -0.000862
v -0.016767 -0.267339 -0.007718
v -0.002725 -0.267339 -0.001254
v -0.015524 -0.268344 -0.009985
v -0.002598 -0.268000 -0.001500
v -0.002523 -0.268344 -0.001623
v -0.013978 -0.269346 -0.012054
v -0.002272 -0.269346 -0.001959
v -0.012158 -0.270350 -0.013888
v -0.001976 -0.270350 -0.002257
v -0.010100 -0.271354 -0.015450
v -0.001641 -0.271354 -0.002511
v -0.007845 -0.272355 -0.016708
v -0.001275 -0.272355 -0.002716
v -0.001500 -0.271750 -0.002598
v -0.005433 -0.273361 -0.017640
v -0.000883 -0.273361 -0.002867
v -0.002919 -0.274362 -0.018226
v -0.000474 -0.274362 -0.002962
v -0.000344 -0.275367 -0.018455
v -0.000056 -0.275367 -0.002999
v 0.002236 -0.276370 -0.018322
v 0.000363 -0.276370 -0.002978
v 0.004771 -0.277372 -0.017831
v 0.000775 -0.277372 -0.002898
v 0.007215 -0.278377 -0.016989
v 0.001173 -0.278377 -0.002761
v 0.009515 -0.279378 -0.015816
v 0.001500 -0.279249 -0.002598
v 0.001547 -0.279378 -0.002571
v 0.011632 -0.280384 -0.014332
v 0.001891 -0.280384 -0.002329
v 0.013518 -0.281385 -0.012568
v 0.002197 -0.281385 -0.002043
v 0.015141 -0.282389 -0.010557
v 0.002461 -0.282389 -0.001716
v 0.016467 -0.283393 -0.008339
v 0.002598 -0.283000 -0.001500
v 0.002676 -0.283393 -0.001355
v 0.017469 -0.284395 -0.005960
v 0.002839 -0.284395 -0.000969
v 0.018131 -0.285400 -0.003460
v 0.002947 -0.285400 -0.000562
v 0.018436 -0.286401 -0.000897
v 0.002996 -0.286401 -0.000146
v 0.018381 -0.287407 0.001688
v 0.002987 -0.287407 0.000274
v 0.003000 -0.286750 0.000000
v 0.017965 -0.288409 0.004237
v 0.002920 -0.288409 0.000689
v 0.017198 -0.289412 0.006704
v 0.002795 -0.289412 0.001090
v 0.016093 -0.290416 0.009040
v 0.002616 -0.290416 0.001469
v 0.014674 -0.291417 0.011197
v 0.002385 -0.291417 0.001820
v 0.012965 -0.292423 0.013138
v 0.002107 -0.292423 0.002135
v 0.011005 -0.293424 0.014818
v 0.001789 -0.293424 0.002408
v 0.008827 -0.294429 0.016210
v 0.001500 -0.294250 0.002598
v 0.001435 -0.294429 0.002635
v 0.006478 -0.295432 0.017284
v 0.001053 -0.295432 0.002809
v 0.004002 -0.296434 0.018019
v 0.000650 -0.296434 0.002929
v 0.001445 -0.297439 0.018401
v 0.000235 -0.297439 0.002991
v -0.001136 -0.298440 0.018423
v 0.000000 -0.298000 0.003000
v -0.000185 -0.298440 0.002994
v -0.003699 -0.299446 0.018084
v -0.000601 -0.299446 0.002939
v -0.006187 -0.300448 0.017390
v -0.001006 -0.300448 0.002826
v -0.008555 -0.301451 0.016356
v -0.001390 -0.301451 0.002658
v -0.010755 -0.302455 0.015001
v -0.001748 -0.302455 0.002438
v -0.001500 -0.301750 0.002598
v -0.012743 -0.303457 0.013353
v -0.002071 -0.303457 0.002170
v -0.014484 -0.304462 0.011442
v -0.002354 -0.304462 0.001860
v -0.015939 -0.305463 0.009309
v -0.002591 -0.305463 0.001513
v -0.017083 -0.306469 0.006991
v -0.002776 -0.306469 0.001136
v -0.017891 -0.307471 0.004538
v -0.002908 -0.307471 0.000738
v -0.018350 -0.308474 0.001996
v -0.002982 -0.308474 0.000324
v -0.018449 -0.309478 -0.000587
v -0.003000 -0.309250 0.000000
v -0.002998 -0.309478 -0.000095
v -0.018186 -0.310480 -0.003155
v -0.002956 -0.310480 -0.000513
v -0.017567 -0.311485 -0.005666
v -0.002855 -0.311485 -0.000921
v -0.016605 -0.312487 -0.008061
v -0.002699 -0.312487 -0.001310
v -0.015316 -0.313491 -0.010302
v -0.002598 -0.313000 -0.001500
v -0.002489 -0.313491 -0.001674
v -0.013728 -0.314494 -0.012339
v -0.002231 -0.314494 -0.002005
v -0.011871 -0.315496 -0.014134
v -0.001929 -0.315496 -0.002297
v -0.009780 -0.316501 -0.015654
v -0.001590 -0.316501 -0.002544
v -0.007500 -0.317502 -0.016866
v -0.001219 -0.317502 -0.002741
v -0.001500 -0.316750 -0.002598
v -0.005070 -0.318508 -0.017748
v -0.000824 -0.318508 -0.002885
v -0.002543 -0.319510 -0.018282
v -0.000413 -0.319510 -0.002971
v 0.000035 -0.320513 -0.018458
v 0.000006 -0.320513 -0.003000
v 0.002612 -0.321517 -0.018272
v 0.000425 -0.321517 -0.002970
v 0.005136 -0.322519 -0.017729
v 0.000835 -0.322519 -0.002882
v 0.007563 -0.323524 -0.016837
v 0.001229 -0.323524 -0.002737
v 0.009838 -0.324526 -0.015617
v 0.001500 -0.324250 -0.002598
v 0.001599 -0.324526 -0.002538
v 0.011924 -0.325531 -0.014090
v 0.001938 -0.325531 -0.002290
v 0.013774 -0.326533 -0.012287
v 0.002239 -0.326533 -0.001997
v 0.015354 -0.327536 -0.010244
v 0.002496 -0.327536 -0.001665
v 0.016635 -0.328540 -0.007999
v 0.002704 -0.328540 -0.001300
v 0.002598 -0.328000 -0.001500
v 0.017588 -0.329542 -0.005600
v 0.002859 -0.329542 -0.000910
v 0.018198 -0.330547 -0.003087
v 0.002958 -0.330547 -0.000502
v 0.018451 -0.331549 -0.000517
v 0.002999 -0.331549 -0.000084
v 0.018342 -0.332553 0.002065
v 0.002981 -0.332553 0.000336
v 0.003000 -0.331750 0.000000
v 0.017874 -0.333556 0.004605
v 0.002905 -0.333556 0.000749
v 0.017057 -0.334558 0.007055
v 0.002772 -0.334558 0.001147
v 0.015903 -0.335564 0.009369
v 0.002585 -0.335564 0.001523
v 0.014441 -0.336565 0.011496
v 0.002347 -0.336565 0.001868
v 0.012693 -0.337570 0.013401
v 0.002063 -0.337570 0.002178
v 0.010698 -0.338572 0.015041
v 0.001739 -0.338572 0.002445
v 0.008493 -0.339575 0.016388
v 0.001500 -0.339250 0.002598
v 0.001380 -0.339575 0.002664
v 0.006121 -0.340579 0.017413
v 0.000995 -0.340579 0.002830
v 0.003631 -0.341581 0.018097
v 0.000590 -0.341581 0.002941
v 0.001067 -0.342587 0.018427
v 0.000173 -0.342587 0.002995
v -0.001515 -0.343588 0.018396
v -0.000246 -0.343588 0.002990
v 0.000000 -0.343000 0.003000
v -0.004070 -0.344593 0.018004
v -0.000661 -0.344593 0.002926
v -0.006543 -0.345595 0.017259
v -0.001063 -0.345595 0.002805
v -0.008888 -0.346598 0.016177
v -0.001445 -0.346598 0.002629
v -0.011061 -0.347603 0.014777
v -0.001798 -0.347603 0.002402
v -0.001500 -0.346750 0.002598
v -0.013015 -0.348604 0.013089
v -0.002115 -0.348604 0.002127
v -0.014716 -0.349609 0.011142
v -0.002392 -0.349609 0.001811
v -0.016127 -0.350611 0.008979
v -0.002621 -0.350611 0.001459
v -0.017223 -0.351615 0.006639
v -0.002799 -0.351615 0.001079
v -0.017981 -0.352618 0.004169
v -0.002922 -0.352618 0.000678
v -0.018387 -0.353620 0.001619
v -0.002988 -0.353620 0.000263
v -0.018433 -0.354626 -0.000966
v -0.003000 -0.354250 0.000000
v -0.002996 -0.354626 -0.000157
v -0.018118 -0.355627 -0.003528
v -0.002945 -0.355627 -0.000573
v -0.017447 -0.356632 -0.006025
v -0.002836 -0.356632 -0.000979
v -0.016435 -0.357634 -0.008401
v -0.002671 -0.357634 -0.001365
v -0.015101 -0.358637 -0.010614
v -0.002454 -0.358637 -0.001725
v -0.002598 -0.358000 -0.001500
v -0.013471 -0.359642 -0.012619
v -0.002189 -0.359642 -0.002051
v -0.011578 -0.360643 -0.014375
v -0.001882 -0.360643 -0.002336
v -0.009456 -0.361649 -0.015852
v -0.001537 -0.361649 -0.002576
v -0.007152 -0.362650 -0.017016
v -0.001162 -0.362650 -0.002766
v -0.004704 -0.363655 -0.017848
v -0.000765 -0.363655 -0.002901
v -0.002167 -0.364657 -0.018330
v -0.000352 -0.364657 -0.002979
v 0.000413 -0.365660 -0.018453
v 0.000000 -0.365500 -0.003000
v 0.000067 -0.365660 -0.002999
v 0.002987 -0.366665 -0.018215
v 0.000486 -0.366665 -0.002960
v 0.005499 -0.367666 -0.017620
v 0.000894 -0.367666 -0.002864
v 0.007908 -0.368672 -0.016678
v 0.001285 -0.368672 -0.002711
v 0.010158 -0.369673 -0.015412
v 0.001500 -0.369250 -0.002598
v 0.001651 -0.369673 -0.002505
v 0.012210 -0.370677 -0.013842
v 0.001985 -0.370677 -0.002250
v 0.014024 -0.371681 -0.012001
v 0.002279 -0.371681 -0.001951
v 0.015561 -0.372682 -0.009927
v 0.002529 -0.372682 -0.001613
v 0.016796 -0.373688 -0.007655
v 0.002730 -0.373688 -0.001244
v 0.002598 -0.373000 -0.001500
v 0.017700 -0.374689 -0.005237
v 0.002877 -0.374689 -0.000851
v 0.018258 -0.375694 -0.002713
v 0.002967 -0.375694 -0.000441
v 0.018457 -0.376696 -0.000138
v 0.003000 -0.376696 -0.000022
v 0.018296 -0.377699 0.002440
v 0.002974 -0.377699 0.000397
v 0.017776 -0.378704 0.004972
v 0.002889 -0.378704 0.000808
v 0.016908 -0.379705 0.007404
v 0.002748 -0.379705 0.001203
v 0.015708 -0.380711 0.009694
v 0.002598 -0.380500 0.001500
v 0.002553 -0.380711 0.001576
v 0.014201 -0.381712 0.011791
v 0.002308 -0.381712 0.001916
v 0.012415 -0.382717 0.013659
v 0.002018 -0.382717 0.002220
v 0.010387 -0.383720 0.015258
v 0.001688 -0.383720 0.002480
v 0.008155 -0.384722 0.016559
v 0.001500 -0.384250 0.002598
v 0.001325 -0.384722 0.002691
v 0.005762 -0.385727 0.017536
v 0.000936 -0.385727 0.002850
v 0.003259 -0.386728 0.018168
v 0.000530 -0.386728 0.002953
v 0.000688 -0.387734 0.018445
v 0.000112 -0.387734 0.002998
v -0.001893 -0.388735 0.018361
v -0.000308 -0.388735 0.002984
v 0.000000 -0.388000 0.003000
v -0.004438 -0.389739 0.017917
v -0.000721 -0.389739 0.002912
v -0.006897 -0.390743 0.017121
v -0.001121 -0.390743 0.002783
v -0.009218 -0.391744 0.015991
v -0.001498 -0.391744 0.002599
v -0.011362 -0.392750 0.014546
v -0.001847 -0.392750 0.002364
v -0.013281 -0.393751 0.012819
v -0.002159 -0.393751 0.002083
v -0.014942 -0.394756 0.010837
v -0.002428 -0.394756 0.001761
v -0.016308 -0.395759 0.008646
v -0.002598 -0.395500 0.001500
v -0.002651 -0.395759 0.001405
v -0.017355 -0.396761 0.006284
v -0.002821 -0.396761 0.001021
v -0.018063 -0.397766 0.003798
v -0.002936 -0.397766 0.000617
v -0.018416 -0.398767 0.001241
v -0.002993 -0.398767 0.000202
v -0.018409 -0.399773 -0.001345
v -0.002992 -0.399773 -0.000219
v -0.003000 -0.399250 0.000000
v -0.018041 -0.400774 -0.003900
v -0.002932 -0.400774 -0.000634
v -0.017320 -0.401779 -0.006382
v -0.002815 -0.401779 -0.001037
v -0.016259 -0.402782 -0.008738
v -0.002643 -0.402782 -0.001420
v -0.014880 -0.403784 -0.010921
v -0.002419 -0.403784 -0.001775
v -0.002598 -0.403000 -0.001500
v -0.013208 -0.404789 -0.012893
v -0.002147 -0.404789 -0.002096
v -0.011280 -0.405790 -0.014610
v -0.001833 -0.405790 -0.002375
v -0.009128 -0.406796 -0.016043
v -0.001484 -0.406796 -0.002607
v -0.006800 -0.407798 -0.017160
v -0.001105 -0.407798 -0.002789
v -0.004337 -0.408801 -0.017941
v -0.000705 -0.408801 -0.002916
v -0.004736 -0.164004 0.033584
v 0.000000 -0.163000 0.018458
v -0.009377 -0.165005 0.032594
v -0.013839 -0.166011 0.030964
v -0.018024 -0.167012 0.028730
v -0.021861 -0.168017 0.025930
v -0.025266 -0.169019 0.022625
v -0.028178 -0.170022 0.018876
v -0.030538 -0.171027 0.014755
v -0.032298 -0.172028 0.010350
v -0.033428 -0.173034 0.005735
v -0.033901 -0.174035 0.001015
v -0.033710 -0.175040 -0.003731
v -0.032859 -0.176043 -0.008401
v -0.031365 -0.177045 -0.012904
v -0.029254 -0.178050 -0.017160
v -0.026574 -0.179051 -0.021074
v -0.023369 -0.180057 -0.024580
v -0.019710 -0.181058 -0.027601
v -0.015662 -0.182062 -0.030083
v -0.011308 -0.183066 -0.031976
v -0.006735 -0.184067 -0.033241
v -0.002024 -0.185073 -0.033856
v 0.002720 -0.186074 -0.033807
v 0.007416 -0.187079 -0.033095
v 0.011963 -0.188082 -0.031736
v 0.016276 -0.189084 -0.029755
v 0.020273 -0.190089 -0.027190
v 0.023869 -0.191090 -0.024095
v 0.027001 -0.192096 -0.020524
v 0.029601 -0.193097 -0.016555
v 0.031623 -0.194102 -0.012258
v 0.033025 -0.195105 -0.007723
v 0.033780 -0.196107 -0.003038
v 0.033873 -0.197112 0.001711
v 0.033303 -0.198113 0.006421
v 0.032079 -0.199119 0.011011
v 0.030228 -0.200121 0.015380
v 0.027785 -0.201124 0.019450
v 0.024796 -0.202128 0.023140
v 0.021324 -0.203130 0.026374
v 0.017430 -0.204135 0.029095
v 0.013199 -0.205136 0.031242
v 0.008705 -0.206141 0.032780
v 0.004044 -0.207144 0.033674
v -0.000696 -0.208146 0.033909
v -0.005426 -0.209151 0.033479
v -0.010044 -0.210153 0.032395
v -0.014472 -0.211158 0.030673
v -0.018611 -0.212160 0.028354
v -0.022388 -0.213164 0.025476
v -0.025727 -0.214167 0.022101
v -0.028559 -0.215169 0.018294
v -0.030835 -0.216174 0.014124
v -0.032504 -0.217176 0.009684
v -0.033538 -0.218181 0.005047
v -0.033915 -0.219183 0.000317
v -0.033627 -0.220186 -0.004421
v -0.032679 -0.221190 -0.009075
v -0.031093 -0.222192 -0.013546
v -0.028896 -0.223197 -0.017758
v -0.026135 -0.224199 -0.021616
v -0.022859 -0.225203 -0.025055
v -0.019138 -0.226206 -0.028001
v -0.015042 -0.227208 -0.030398
v -0.010648 -0.228214 -0.032201
v -0.006051 -0.229215 -0.033372
v -0.001328 -0.230220 -0.033890
v 0.003414 -0.231222 -0.033744
v 0.008093 -0.232226 -0.032936
v 0.012613 -0.233229 -0.031483
v 0.016883 -0.234231 -0.029415
v 0.020828 -0.235237 -0.026767
v 0.024359 -0.236238 -0.023600
v 0.027417 -0.237243 -0.019965
v 0.029935 -0.238245 -0.015943
v 0.031868 -0.239248 -0.011607
v 0.033177 -0.240253 -0.007042
v 0.033835 -0.241254 -0.002344
v 0.033830 -0.242260 0.002407
v 0.033164 -0.243261 0.007104
v 0.031846 -0.244265 0.011667
v 0.029905 -0.245268 0.015999
v 0.027380 -0.246270 0.020016
v 0.024315 -0.247276 0.023645
v 0.020778 -0.248277 0.026806
v 0.016828 -0.249282 0.029447
v 0.012554 -0.250284 0.031507
v 0.008031 -0.251288 0.032951
v 0.003351 -0.252292 0.033750
v -0.001392 -0.253293 0.033887
v -0.006113 -0.254299 0.033361
v -0.010708 -0.255300 0.032181
v -0.015099 -0.256305 0.030370
v -0.019190 -0.257307 0.027965
v -0.022906 -0.258310 0.025012
v -0.026176 -0.259315 0.021567
v -0.028929 -0.260316 0.017704
v -0.031119 -0.261322 0.013487
v -0.032696 -0.262323 0.009013
v -0.033635 -0.263327 0.004358
v -0.033914 -0.264331 -0.000381
v -0.033529 -0.265333 -0.005110
v -0.032486 -0.266338 -0.009745
v -0.030809 -0.267339 -0.014182
v -0.028525 -0.268344 -0.018348
v -0.025685 -0.269346 -0.022149
v -0.022341 -0.270350 -0.025518
v -0.018558 -0.271354 -0.028389
v -0.014415 -0.272355 -0.030700
v -0.009983 -0.273361 -0.032413
v -0.005363 -0.274362 -0.033489
v -0.000632 -0.275367 -0.033910
v 0.004108 -0.276370 -0.033666
v 0.008767 -0.277372 -0.032763
v 0.013258 -0.278377 -0.031217
v 0.017484 -0.279378 -0.029062
v 0.021374 -0.280384 -0.026334
v 0.024839 -0.281385 -0.023094
v 0.027821 -0.282389 -0.019398
v 0.030257 -0.283393 -0.015323
v 0.032099 -0.284395 -0.010951
v 0.033315 -0.285400 -0.006358
v 0.033876 -0.286401 -0.001648
v 0.033774 -0.287407 0.003102
v 0.033010 -0.288409 0.007785
v 0.031600 -0.289412 0.012317
v 0.029570 -0.290416 0.016611
v 0.026963 -0.291417 0.020574
v 0.023823 -0.292423 0.024140
v 0.020222 -0.293424 0.027228
v 0.016220 -0.294429 0.029786
v 0.011903 -0.295432 0.031759
v 0.007354 -0.296434 0.033109
v 0.002656 -0.297439 0.033812
v -0.002088 -0.298440 0.033852
v -0.006797 -0.299446 0.033228
v -0.011368 -0.300448 0.031954
v -0.015719 -0.301451 0.030054
v -0.019761 -0.302455 0.027564
v -0.023415 -0.303457 0.024537
v -0.026614 -0.304462 0.021024
v -0.029287 -0.305463 0.017105
v -0.031389 -0.306469 0.012846
v -0.032875 -0.307471 0.008339
v -0.033717 -0.308474 0.003668
v -0.033899 -0.309478 -0.001078
v -0.033417 -0.310480 -0.005798
v -0.032279 -0.311485 -0.010410
v -0.030510 -0.312487 -0.014813
v -0.028142 -0.313491 -0.018929
v -0.025224 -0.314494 -0.022673
v -0.021812 -0.315496 -0.025971
v -0.017970 -0.316501 -0.028764
v -0.013781 -0.317502 -0.030990
v -0.009315 -0.318508 -0.032612
v -0.004673 -0.319510 -0.033593
v 0.000064 -0.320513 -0.033916
v 0.004799 -0.321517 -0.033575
v 0.009438 -0.322519 -0.032576
v 0.013897 -0.323524 -0.030938
v 0.018078 -0.324526 -0.028696
v 0.021910 -0.325531 -0.025889
v 0.025309 -0.326533 -0.022578
v 0.028213 -0.327536 -0.018824
v 0.030566 -0.328540 -0.014698
v 0.032318 -0.329542 -0.010289
v 0.033438 -0.330547 -0.005672
v 0.033903 -0.331549 -0.000951
v 0.033703 -0.332553 0.003794
v 0.032843 -0.333556 0.008462
v 0.031341 -0.334558 0.012963
v 0.029222 -0.335564 0.017215
v 0.026534 -0.336565 0.021124
v 0.023323 -0.337570 0.024624
v 0.019658 -0.338572 0.027638
v 0.015606 -0.339575 0.030112
v 0.011247 -0.340579 0.031997
v 0.000000 -0.163000 0.064832
v -0.009058 -0.164004 0.064196
v -0.017931 -0.165006 0.062303
v -0.026454 -0.166011 0.059189
v -0.026465 -0.166012 0.059184
v -0.034467 -0.167014 0.054911
v -0.041804 -0.168020 0.049554
v -0.048314 -0.169022 0.043231
v -0.053879 -0.170025 0.036060
v -0.058389 -0.171031 0.028176
v -0.061751 -0.172032 0.019749
v -0.063905 -0.173038 0.010923
v -0.064804 -0.174040 0.001895
v -0.064433 -0.175045 -0.007180
v -0.062799 -0.176049 -0.016109
v -0.059934 -0.177051 -0.024720
v -0.055890 -0.178057 -0.032855
v -0.050757 -0.179058 -0.040335
v -0.044620 -0.180064 -0.047034
v -0.037616 -0.181067 -0.052803
v -0.029871 -0.182070 -0.057540
v -0.021538 -0.183075 -0.061150
v -0.012791 -0.184077 -0.063558
v -0.003780 -0.185083 -0.064722
v 0.005292 -0.186085 -0.064616
v 0.014271 -0.187090 -0.063242
v 0.022963 -0.188093 -0.060629
v 0.031205 -0.189096 -0.056828
v 0.038841 -0.190101 -0.051909
v 0.045707 -0.191103 -0.045979
v 0.051686 -0.192109 -0.039138
v 0.056643 -0.193111 -0.031539
v 0.060495 -0.194116 -0.023315
v 0.063158 -0.195119 -0.014636
v 0.064583 -0.196122 -0.005674
v 0.064742 -0.197128 0.003409
v 0.063633 -0.198129 0.012413
v 0.061273 -0.199135 0.021186
v 0.057714 -0.200137 0.029534
v 0.053023 -0.201141 0.037306
v 0.047398 -0.202128 0.044234
v 0.047290 -0.202146 0.044349
v 0.040762 -0.203130 0.050415
v 0.040636 -0.203148 0.050517
v 0.033317 -0.204135 0.055616
v 0.027199 -0.204899 0.058851
v 0.033174 -0.204154 0.055701
v 0.026368 -0.204998 0.059203
v 0.020945 -0.205638 0.061178
v 0.016569 -0.206141 0.062388
v 0.025210 -0.205136 0.059671
v 0.012573 -0.206593 0.063210
v 0.009661 -0.206921 0.063645
v 0.015370 -0.206277 0.062662
v 0.005392 -0.207399 0.064039
v 0.000000 -0.208000 0.064130
v 0.007670 -0.207144 0.063865
v -0.000350 -0.208039 0.064120
v -0.006078 -0.208681 0.063686
v -0.010218 -0.209151 0.063046
v -0.001315 -0.208146 0.064083
v -0.015840 -0.209799 0.061722
v -0.018848 -0.210153 0.060787
v -0.012449 -0.209407 0.062585
v -0.011786 -0.209331 0.062731
v -0.021258 -0.210441 0.059917
v -0.024298 -0.210813 0.058660
v -0.026501 -0.211088 0.057629
v -0.031552 -0.211738 0.054856
v -0.034673 -0.212160 0.052825
v -0.027060 -0.211158 0.057351
v -0.039471 -0.212847 0.049144
v -0.034965 -0.212200 0.052621
v -0.044446 -0.213624 0.044446
v -0.047482 -0.214149 0.041005
v -0.043648 -0.213494 0.045271
v -0.041561 -0.213164 0.047293
v -0.049891 -0.214601 0.037868
v -0.051998 -0.215031 0.034744
v -0.047585 -0.214167 0.040879
v -0.055641 -0.215899 0.028114
v -0.052987 -0.215248 0.033124
v -0.052633 -0.215169 0.033716
v -0.057845 -0.216557 0.022843
v -0.059055 -0.217000 0.019180
v -0.057483 -0.216438 0.023810
v -0.056621 -0.216174 0.025936
v -0.060711 -0.217844 0.012076
v -0.061136 -0.218181 0.009200
v -0.059469 -0.217176 0.017717
v -0.060408 -0.217652 0.013707
v -0.061598 -0.218965 0.002447
v -0.061259 -0.218306 0.008123
v -0.061534 -0.219402 -0.001300
v -0.061011 -0.220056 -0.006896
v -0.061582 -0.219250 0.000000
v -0.061594 -0.219183 0.000576
v -0.059978 -0.220712 -0.012421
v -0.058913 -0.221190 -0.016360
v -0.060086 -0.220656 -0.011952
v -0.060846 -0.220186 -0.008000
v -0.057173 -0.221802 -0.021278
v -0.058430 -0.221376 -0.017866
v -0.056306 -0.222062 -0.023323
v -0.054850 -0.222458 -0.026360
v -0.052066 -0.223119 -0.031214
v -0.055846 -0.222192 -0.024329
v -0.048822 -0.223783 -0.035823
v -0.046572 -0.224202 -0.038556
v -0.050409 -0.223469 -0.033682
v -0.051705 -0.223197 -0.031775
v -0.042719 -0.224864 -0.042573
v -0.038508 -0.225525 -0.046222
v -0.033945 -0.226194 -0.049486
v -0.040597 -0.225203 -0.044497
v -0.031023 -0.226603 -0.051260
v -0.026513 -0.227208 -0.053579
v -0.033328 -0.226282 -0.049879
v -0.022835 -0.227687 -0.055129
v -0.020932 -0.227931 -0.055821
v -0.026084 -0.227265 -0.053775
v -0.015571 -0.228603 -0.057389
v -0.012321 -0.229002 -0.058081
v -0.018696 -0.228214 -0.056541
v -0.011579 -0.229093 -0.058212
v -0.006858 -0.229669 -0.058824
v -0.002314 -0.230220 -0.059052
v -0.010583 -0.229215 -0.058374
v 0.000000 -0.230500 -0.059034
v 0.004209 -0.231011 -0.058768
v -0.001342 -0.230338 -0.059056
v 0.007400 -0.231403 -0.058362
v 0.011455 -0.231907 -0.057587
v 0.005926 -0.231222 -0.058572
v 0.012785 -0.232074 -0.057268
v 0.018042 -0.232744 -0.055676
v 0.021725 -0.233229 -0.054226
v 0.013994 -0.232226 -0.056949
v 0.025939 -0.233804 -0.052196
v 0.028967 -0.234231 -0.050467
v 0.023163 -0.233423 -0.053580
v 0.022348 -0.233313 -0.053952
v 0.032267 -0.234718 -0.048291
v 0.035053 -0.235150 -0.046185
v 0.030636 -0.234475 -0.049406
v 0.039177 -0.235830 -0.042534
v 0.035594 -0.235237 -0.045745
v 0.040843 -0.236124 -0.040843
v 0.044778 -0.236880 -0.036214
v 0.041277 -0.236203 -0.040378
v 0.047872 -0.237557 -0.031735
v 0.050545 -0.238241 -0.026951
v 0.046488 -0.237243 -0.033852
v 0.051766 -0.238604 -0.024330
v 0.052775 -0.238938 -0.021860
v 0.055130 -0.239963 -0.014046
v 0.053693 -0.239282 -0.019267
v 0.056068 -0.240652 -0.008672
v 0.056348 -0.241004 -0.005891
v 0.055713 -0.240344 -0.011082
v 0.055587 -0.240253 -0.011799
v 0.056486 -0.241750 0.000000
v 0.056229 -0.242260 0.004001
v 0.056499 -0.241686 -0.000508
v 0.056463 -0.241254 -0.003911
v 0.055251 -0.243060 0.010227
v 0.056135 -0.242371 0.004871
v 0.054621 -0.243404 0.012848
v 0.052995 -0.244091 0.017962
v 0.054899 -0.243261 0.011760
v 0.050888 -0.244777 0.022894
v 0.049104 -0.245268 0.026270
v 0.051598 -0.244562 0.021373
v 0.052504 -0.244265 0.019235
v 0.046902 -0.245805 0.029800
v 0.046172 -0.245969 0.030851
v 0.048297 -0.245473 0.027633
v 0.043702 -0.246492 0.034069
v 0.040105 -0.247184 0.038011
v 0.044774 -0.246270 0.032732
v 0.039041 -0.247376 0.039041
v 0.036113 -0.247881 0.041613
v 0.039598 -0.247276 0.038508
v 0.029745 -0.248897 0.046105
v 0.034152 -0.248204 0.043144
v 0.025069 -0.249591 0.048629
v 0.020885 -0.250187 0.050421
v 0.027181 -0.249282 0.047562
v 0.017890 -0.250604 0.051460
v 0.012773 -0.251300 0.052801
v 0.020139 -0.250292 0.050699
v 0.010585 -0.251593 0.053215
v 0.007557 -0.251997 0.053636
v 0.002245 -0.252703 0.053959
v -0.000034 -0.253004 0.053938
v 0.005345 -0.252292 0.053834
v -0.005272 -0.253703 0.053521
v -0.009669 -0.254299 0.052766
v -0.002210 -0.253293 0.053827
v -0.015541 -0.255112 0.051152
v -0.010447 -0.254405 0.052593
v -0.020398 -0.255813 0.049244
v -0.017597 -0.255405 0.050411
v -0.016865 -0.255300 0.050686
v -0.022386 -0.256109 0.048299
v -0.026942 -0.256812 0.045729
v -0.029968 -0.257307 0.043670
v -0.023680 -0.256305 0.047628
v -0.032851 -0.257805 0.041401
v -0.035617 -0.258310 0.038891
v -0.031250 -0.257525 0.042700
v -0.037240 -0.258624 0.037240
v -0.040091 -0.259219 0.033943
v -0.036656 -0.258509 0.037850
v -0.043144 -0.259934 0.029682
v -0.043524 -0.260031 0.029082
v -0.046592 -0.260915 0.023418
v -0.044183 -0.260204 0.027999
v -0.048537 -0.261627 0.018618
v -0.050001 -0.262345 0.013616
v -0.047761 -0.261322 0.020701
v -0.050716 -0.262844 0.010088
v -0.050403 -0.262604 0.011792
v -0.051417 -0.264034 0.001550
v -0.051166 -0.263319 0.006692
v -0.051391 -0.264250 0.000000
v -0.051147 -0.264758 -0.003628
v -0.050936 -0.265005 -0.005387
v -0.051369 -0.264331 -0.000577
v -0.049983 -0.265721 -0.010418
v -0.048531 -0.266442 -0.015329
v -0.050562 -0.265333 -0.007706
v -0.046577 -0.267167 -0.020102
v -0.045837 -0.267405 -0.021612
v -0.043290 -0.268128 -0.026029
v -0.040314 -0.268850 -0.030164
v -0.041936 -0.268469 -0.028020
v -0.042442 -0.268344 -0.027300
v -0.035799 -0.269805 -0.035096
v -0.032942 -0.270350 -0.037627
v -0.036910 -0.269582 -0.034000
v -0.038045 -0.269346 -0.032807
v -0.031961 -0.270529 -0.038411
v -0.027812 -0.271257 -0.041315
v -0.023355 -0.271992 -0.043800
v -0.022019 -0.272204 -0.044433
v -0.017332 -0.272934 -0.046286
v -0.018935 -0.272687 -0.045714
v -0.021062 -0.272355 -0.044857
v -0.012480 -0.273666 -0.047651
v -0.009591 -0.274093 -0.048217
v -0.014520 -0.273361 -0.047142
v -0.006117 -0.274604 -0.048663
v -0.001101 -0.275339 -0.048867
v -0.007483 -0.274404 -0.048518
v 0.000000 -0.275500 -0.048843
v 0.003899 -0.276073 -0.048557
v 0.008874 -0.276817 -0.047727
v 0.010117 -0.277006 -0.047435
v 0.005892 -0.276370 -0.048288
v 0.014886 -0.277741 -0.045986
v 0.019477 -0.278482 -0.044054
v 0.012516 -0.277372 -0.046774
v 0.023874 -0.279228 -0.041640
v 0.026605 -0.279718 -0.039817
v 0.028882 -0.280148 -0.038076
v 0.024878 -0.279405 -0.041002
v 0.032559 -0.280891 -0.034754
v 0.030084 -0.280384 -0.037065
v 0.033637 -0.281124 -0.033637
v 0.036553 -0.281805 -0.030201
v 0.039356 -0.282551 -0.026140
v 0.035889 -0.281643 -0.031043
v 0.034795 -0.281385 -0.032350
v 0.041715 -0.283299 -0.021819
v 0.043622 -0.284055 -0.017241
v 0.043945 -0.284206 -0.016302
v 0.043360 -0.283938 -0.017960
v 0.045244 -0.284956 -0.011578
v 0.044321 -0.284395 -0.015120
v 0.045718 -0.285344 -0.009094
v 0.046040 -0.285709 -0.006745
v 0.046324 -0.286467 -0.001825
v 0.045775 -0.285400 -0.008736
v 0.046295 -0.286750 0.000000
v 0.046319 -0.286605 -0.000933
v 0.045989 -0.287362 0.003935
v 0.045150 -0.288117 0.008729
v 0.043531 -0.289007 0.014185
v 0.044694 -0.288409 0.010540
v 0.043797 -0.288883 0.013438
v 0.041630 -0.289764 0.018640
v 0.039270 -0.290527 0.022863
v 0.042573 -0.289412 0.016594
v 0.037699 -0.290969 0.025189
v 0.036453 -0.291294 0.026837
v 0.036008 -0.291407 0.027389
v 0.032761 -0.292172 0.030948
v 0.029158 -0.292937 0.034137
v 0.031617 -0.292423 0.032037
v 0.024705 -0.293806 0.037250
v 0.020487 -0.294575 0.039530
v 0.025210 -0.293711 0.036936
v 0.026702 -0.293424 0.035953
v 0.016064 -0.295345 0.041337
v 0.011439 -0.296125 0.042666
v 0.006236 -0.296981 0.043534
v 0.009563 -0.296434 0.043053
v 0.001491 -0.297757 0.043777
v -0.003281 -0.298538 0.043502
v 0.003436 -0.297439 0.043740
v -0.008362 -0.299388 0.042621
v -0.012891 -0.300166 0.041292
v -0.017275 -0.300956 0.039463
v -0.014477 -0.300448 0.040695
v -0.021662 -0.301791 0.037017
v -0.023774 -0.302218 0.035581
v -0.019913 -0.301451 0.038073
v -0.025472 -0.302577 0.034284
v -0.028983 -0.303369 0.031127
v -0.032242 -0.304199 0.027449
v -0.034921 -0.304989 0.023631
v -0.033180 -0.304462 0.026211
v -0.037171 -0.305787 0.019518
v -0.038980 -0.306605 0.015091
v -0.036317 -0.305463 0.021211
v -0.040237 -0.307399 0.010637
v -0.040720 -0.307844 0.008100
v -0.040995 -0.308203 0.006039
v -0.041231 -0.309010 0.001377
v -0.041133 -0.308474 0.004474
v -0.040947 -0.309812 -0.003214
v -0.040145 -0.310619 -0.007772
v -0.041127 -0.309478 -0.001308
v -0.038856 -0.311420 -0.012140
v -0.037082 -0.312223 -0.016350
v -0.034829 -0.313039 -0.020357
v -0.033462 -0.313469 -0.022359
v -0.032247 -0.313824 -0.023944
v -0.029202 -0.314635 -0.027307
v -0.033389 -0.313491 -0.022458
v -0.025773 -0.315454 -0.030322
v -0.022235 -0.316233 -0.032791
v -0.018272 -0.317049 -0.034945
v -0.014068 -0.317874 -0.036639
v -0.015981 -0.317502 -0.035938
v -0.010036 -0.318640 -0.037763
v -0.005620 -0.319461 -0.038479
v -0.001122 -0.320293 -0.038683
v 0.002943 -0.321047 -0.038416
v 0.007318 -0.321876 -0.037636
v 0.011597 -0.322711 -0.036346
v 0.005437 -0.321517 -0.038035
v 0.015241 -0.323458 -0.034790
v 0.019084 -0.324290 -0.032622
v 0.020943 -0.324718 -0.031344
v 0.022666 -0.325134 -0.030004
v 0.025492 -0.325864 -0.027418
v 0.028377 -0.326704 -0.024126
v 0.024233 -0.325531 -0.028635
v 0.030872 -0.327552 -0.020494
v 0.032632 -0.328274 -0.017208
v 0.034255 -0.329121 -0.013172
v 0.035392 -0.329976 -0.008951
v 0.034879 -0.329542 -0.011105
v 0.035723 -0.330344 -0.007106
v 0.035944 -0.330684 -0.005392
v 0.036137 -0.331535 -0.001083
v 0.035811 -0.332398 0.003245
v 0.035172 -0.333093 0.006678
v 0.033935 -0.333953 0.010777
v 0.032205 -0.334820 0.014719
v 0.034566 -0.333556 0.008906
v 0.030517 -0.335506 0.017651
v 0.028011 -0.336370 0.021083
v 0.027394 -0.336565 0.021808
v 0.025091 -0.337246 0.024200
v 0.022623 -0.337915 0.026322
v 0.019152 -0.338787 0.028709
v 0.015391 -0.339668 0.030666
v 0.012451 -0.340328 0.031812
v 0.008412 -0.341208 0.032904
v 0.004250 -0.342096 0.033493
v 0.001221 -0.342741 0.033593
v 0.006665 -0.341581 0.033216
v -0.002914 -0.343625 0.033288
v -0.007003 -0.344522 0.032465
v -0.009793 -0.345152 0.031586
v -0.011687 -0.345595 0.030828
v -0.013562 -0.346047 0.029938
v -0.017113 -0.346949 0.027821
v -0.019365 -0.347569 0.026128
v -0.022349 -0.348468 0.023345
v -0.024969 -0.349380 0.020192
v -0.022766 -0.348604 0.022896
v -0.026462 -0.349981 0.017950
v -0.028336 -0.350889 0.014368
v -0.029745 -0.351807 0.010555
v -0.030384 -0.352398 0.008037
v -0.030955 -0.353315 0.004065
v -0.030725 -0.352844 0.006112
v -0.031011 -0.354241 0.000038
v -0.030786 -0.354814 -0.002427
v -0.031032 -0.353620 0.002732
v -0.030013 -0.355737 -0.006323
v -0.028735 -0.356673 -0.010107
v -0.027743 -0.357231 -0.012266
v -0.025736 -0.358165 -0.015654
v -0.024557 -0.358637 -0.017259
v -0.023292 -0.359106 -0.018763
v -0.021712 -0.359651 -0.020391
v -0.018718 -0.360591 -0.022896
v -0.015405 -0.361544 -0.024990
v -0.013477 -0.362069 -0.025947
v -0.009857 -0.363018 -0.027298
v -0.006071 -0.363978 -0.028159
v -0.004027 -0.364491 -0.028406
v -0.000195 -0.365451 -0.028472
v 0.003622 -0.366421 -0.028020
v 0.005512 -0.366913 -0.027596
v 0.009106 -0.367879 -0.026396
v 0.012521 -0.368859 -0.024709
v 0.014084 -0.369336 -0.023727
v 0.017043 -0.370315 -0.021417
v 0.019667 -0.371302 -0.018713
v 0.020744 -0.371762 -0.017349
v 0.022743 -0.372748 -0.014215
v 0.024291 -0.373749 -0.010823
v 0.024817 -0.374188 -0.009276
v 0.025643 -0.375185 -0.005695
v 0.025728 -0.375344 -0.005118
v 0.025961 -0.376194 -0.002018
v 0.025522 -0.377627 0.003143
v 0.024595 -0.378648 0.006673
v 0.024099 -0.379047 0.008003
v 0.022516 -0.380064 0.011233
v 0.020478 -0.381096 0.014217
v 0.019615 -0.381481 0.015244
v 0.017067 -0.382512 0.017729
v 0.014178 -0.383553 0.019825
v 0.013117 -0.383915 0.020445
v 0.009919 -0.384955 0.021915
v 0.006531 -0.386011 0.022903
v 0.005409 -0.386353 0.023114
v 0.001946 -0.387407 0.023419
v -0.001534 -0.388472 0.023208
v -0.002563 -0.388793 0.023044
v -0.005893 -0.389860 0.022175
v -0.009057 -0.390940 0.020815
v -0.009883 -0.391237 0.020361
v -0.012685 -0.392314 0.018449
v -0.015172 -0.393406 0.016126
v -0.017712 -0.394779 0.012762
v -0.019241 -0.395884 0.009773
v -0.019516 -0.396132 0.009079
v -0.020439 -0.397236 0.005902
v -0.020857 -0.398358 0.002611
v -0.020671 -0.399710 -0.001327
v -0.019953 -0.400844 -0.004515
v -0.019775 -0.401044 -0.005060
v -0.018492 -0.402179 -0.008017
v -0.016751 -0.403331 -0.010732
v -0.014263 -0.404661 -0.013433
v -0.011736 -0.405826 -0.015358
v -0.011395 -0.405975 -0.015571
v -0.008592 -0.407145 -0.016980
v -0.005602 -0.408329 -0.017906
v -0.002223 -0.409636 -0.018332
v -0.002131 -0.409671 -0.018334
v -0.001786 -0.409805 -0.018341
v 0.000781 -0.410807 -0.018184
v 0.000000 -0.410500 -0.003000
v 0.000129 -0.410807 -0.002997
v 0.000855 -0.410836 -0.018174
v 0.003273 -0.411812 -0.017673
v 0.000546 -0.411812 -0.002950
v 0.004055 -0.412137 -0.017434
v 0.005635 -0.412813 -0.016828
v 0.000953 -0.412813 -0.002845
v 0.006844 -0.413357 -0.016240
v 0.007829 -0.413818 -0.015672
v 0.009470 -0.414639 -0.014517
v 0.001500 -0.414250 -0.002598
v 0.009811 -0.414821 -0.014239
v 0.001702 -0.414821 -0.002470
v 0.011549 -0.415823 -0.012563
v 0.002030 -0.415823 -0.002209
v 0.011637 -0.415879 -0.012464
v 0.013015 -0.416828 -0.010682
v 0.002319 -0.416828 -0.001903
v 0.013437 -0.417161 -0.010021
v 0.014184 -0.417829 -0.008644
v 0.002598 -0.417999 -0.001500
v 0.014727 -0.418420 -0.007388
v 0.015044 -0.418835 -0.006487
v 0.002755 -0.418835 -0.001188
v 0.015520 -0.419679 -0.004615
v 0.015583 -0.419837 -0.004264
v 0.002894 -0.419837 -0.000792
v 0.015800 -0.420841 -0.002017
v 0.002976 -0.420841 -0.000380
v 0.015805 -0.420961 -0.001746
v 0.015700 -0.421844 0.000206
v 0.003000 -0.421844 0.000039
v 0.015581 -0.422225 0.001033
v 0.015293 -0.422846 0.002360
v 0.002965 -0.422846 0.000458
v 0.014851 -0.423528 0.003763
v 0.014596 -0.423851 0.004408
v 0.002872 -0.423851 0.000867
v 0.013727 -0.424764 0.006146
v 0.013632 -0.424852 0.006306
v 0.012426 -0.425858 0.008026
v 0.002598 -0.425500 0.001500
v 0.002520 -0.425858 0.001628
v 0.012110 -0.426094 0.008402
v 0.011013 -0.426860 0.009533
v 0.002268 -0.426860 0.001963
v 0.010276 -0.427338 0.010169
v 0.009424 -0.427863 0.010806
v 0.001972 -0.427863 0.002261
v 0.008010 -0.428690 0.011665
v 0.007699 -0.428867 0.011825
v 0.005877 -0.429869 0.012579
v 0.001270 -0.429869 0.002718
v 0.001500 -0.429250 0.002598
v 0.005806 -0.429907 0.012602
v 0.003995 -0.430874 0.013059
v 0.000878 -0.430874 0.002869
v 0.003207 -0.431290 0.013177
v 0.002099 -0.431876 0.013264
v 0.000469 -0.431876 0.002963
v 0.000900 -0.432515 0.013254
v 0.000221 -0.432880 0.013200
v 0.000050 -0.432880 0.003000
v -0.001596 -0.433883 0.012876
v -0.000369 -0.433883 0.002977
v -0.001668 -0.433924 0.012858
v -0.003318 -0.434885 0.012308
v -0.000781 -0.434885 0.002897
v -0.003715 -0.435126 0.012138
v -0.004916 -0.435890 0.011515
v -0.001178 -0.435890 0.002759
v -0.005912 -0.436569 0.010862
v -0.001500 -0.436749 0.002598
v -0.006357 -0.436892 0.010522
v -0.001551 -0.436892 0.002568
v -0.007481 -0.437778 0.009501
v -0.007621 -0.437897 0.009354
v -0.001895 -0.437897 0.002326
v -0.008686 -0.438899 0.008045
v -0.002201 -0.438899 0.002039
v -0.009009 -0.439252 0.007557
v -0.009537 -0.439903 0.006623
v -0.002464 -0.439903 0.001711
v -0.009908 -0.440449 0.005813
v -0.002598 -0.440500 0.001500
v -0.010166 -0.440906 0.005124
v -0.002679 -0.440906 0.001350
v -0.010567 -0.441908 0.003583
v -0.002841 -0.441908 0.000963
v -0.010581 -0.441961 0.003501
v -0.010740 -0.442914 0.002029
v -0.002948 -0.442914 0.000557
v -0.010748 -0.443155 0.001657
v -0.010691 -0.443915 0.000500
v -0.003000 -0.444250 0.000000
v -0.010502 -0.444708 -0.000671
v -0.010430 -0.444920 -0.000978
v -0.002987 -0.444920 -0.000280
v -0.009974 -0.445915 -0.002361
v -0.009970 -0.445922 -0.002371
v -0.002919 -0.445922 -0.000694
v -0.009330 -0.446925 -0.003657
v -0.002793 -0.446925 -0.001095
v -0.008883 -0.447508 -0.004346
v -0.008530 -0.447929 -0.004813
v -0.002613 -0.447930 -0.001474
v -0.007823 -0.448698 -0.005598
v -0.007595 -0.448931 -0.005818
v -0.002382 -0.448931 -0.001824
v -0.006548 -0.449937 -0.006660
v -0.002103 -0.449937 -0.002139
v -0.006096 -0.450345 -0.006953
v -0.005419 -0.450938 -0.007326
v -0.001784 -0.450938 -0.002412
v -0.004694 -0.451557 -0.007646
v -0.001500 -0.451750 -0.002598
v -0.004235 -0.451942 -0.007811
v -0.001430 -0.451942 -0.002637
v -0.002650 -0.453254 -0.008169
v -0.001048 -0.452945 -0.002811
v -0.001813 -0.453947 -0.008234
v -0.000645 -0.453947 -0.002930
v -0.001163 -0.454494 -0.008225
v -0.000627 -0.454953 -0.008179
v 0.000827 -0.456250 -0.007866
v 0.000190 -0.455954 -0.002994
v 0.000000 -0.455500 -0.003000
v 0.002123 -0.457521 -0.007320
v 0.000607 -0.456959 -0.002938
v 0.002534 -0.457961 -0.007082
v 0.003690 -0.459348 -0.006192
v 0.001395 -0.458965 -0.002656
v 0.001753 -0.459969 -0.002435
v 0.001500 -0.459250 -0.002598
v 0.004562 -0.460665 -0.005190
v 0.002075 -0.460970 -0.002166
v 0.005407 -0.462574 -0.003566
v 0.002358 -0.461976 -0.001855
v 0.005703 -0.463972 -0.002331
v 0.002779 -0.463982 -0.001131
v 0.002593 -0.462977 -0.001508
v 0.005674 -0.465970 -0.000620
v 0.002909 -0.464984 -0.000732
v 0.005329 -0.467510 0.000567
v 0.002998 -0.466992 0.000101
v 0.003000 -0.466750 0.000000
v 0.004496 -0.469616 0.001903
v 0.002853 -0.468999 0.000926
v 0.004310 -0.470000 0.002103
v 0.002696 -0.470000 0.001315
v 0.002955 -0.467993 0.000518
v 0.002983 -0.465987 -0.000319
v 0.001011 -0.457961 -0.002825
v -0.000229 -0.454953 -0.002991
v -0.002997 -0.443915 0.000140
v 0.001637 -0.428867 0.002514
v 0.002723 -0.424852 0.001260
v 0.002562 -0.417829 -0.001561
v 0.001341 -0.413818 -0.002684
v -0.000291 -0.409805 -0.002986
v -0.016443 -0.403510 -0.011125
v -0.020879 -0.398589 0.001932
v -0.015743 -0.393685 0.015480
v 0.025939 -0.376618 -0.000478
v 0.000000 -0.163000 0.033916
v 0.004597 -0.467582 0.002724
v 0.003282 -0.469697 0.003590
v 0.003391 -0.470000 0.003391
v 0.004496 -0.469616 0.001903
v 0.005375 -0.466102 0.001831
v 0.003987 -0.470000 0.002664
v 0.004310 -0.470000 0.002103
v 0.006125 -0.464097 0.000296
v 0.005329 -0.467510 0.000567
v 0.005674 -0.465970 -0.000620
v 0.006383 -0.462660 -0.000980
v 0.005703 -0.463972 -0.002331
v 0.006295 -0.460754 -0.002799
v 0.005407 -0.462574 -0.003566
v 0.005886 -0.459341 -0.004164
v 0.004562 -0.460665 -0.005190
v 0.003690 -0.459348 -0.006192
v 0.004914 -0.457518 -0.005827
v 0.002534 -0.457961 -0.007082
v 0.003840 -0.456115 -0.006950
v 0.002123 -0.457521 -0.007320
v 0.002145 -0.454363 -0.008056
v 0.000827 -0.456250 -0.007866
v -0.000627 -0.454953 -0.008179
v 0.000576 -0.452976 -0.008632
v -0.001163 -0.454494 -0.008225
v -0.001813 -0.453947 -0.008234
v -0.001519 -0.451289 -0.008904
v -0.000690 -0.451944 -0.008858
v -0.002650 -0.453254 -0.008169
v -0.003301 -0.449914 -0.008742
v -0.004235 -0.451942 -0.007811
v -0.004694 -0.451557 -0.007646
v -0.005390 -0.448287 -0.008080
v -0.004570 -0.448934 -0.008404
v -0.006548 -0.449937 -0.006660
v -0.005834 -0.447929 -0.007866
v -0.007034 -0.446928 -0.007137
v -0.007057 -0.446908 -0.007120
v -0.005419 -0.450938 -0.007326
v -0.006096 -0.450345 -0.006953
v -0.007595 -0.448931 -0.005818
v -0.007823 -0.448698 -0.005598
v -0.008743 -0.445331 -0.005600
v -0.008143 -0.445922 -0.006222
v -0.009330 -0.446925 -0.003657
v -0.009130 -0.444921 -0.005136
v -0.009943 -0.443951 -0.003939
v -0.008530 -0.447929 -0.004813
v -0.008883 -0.447508 -0.004346
v -0.009969 -0.443916 -0.003893
v -0.009970 -0.445922 -0.002371
v -0.009974 -0.445915 -0.002361
v -0.010896 -0.442417 -0.001792
v -0.010636 -0.442913 -0.002516
v -0.010691 -0.443915 0.000500
v -0.011109 -0.441911 -0.001028
v -0.011348 -0.441044 0.000325
v -0.010430 -0.444920 -0.000978
v -0.010502 -0.444708 -0.000671
v -0.010748 -0.443155 0.001657
v -0.010740 -0.442914 0.002029
v -0.011371 -0.440906 0.000546
v -0.011407 -0.439905 0.002169
v -0.010581 -0.441961 0.003501
v -0.010567 -0.441908 0.003583
v -0.010910 -0.438168 0.005009
v -0.011207 -0.438899 0.003815
v -0.011364 -0.439554 0.002743
v -0.009908 -0.440449 0.005813
v -0.009537 -0.439903 0.006623
v -0.010768 -0.437898 0.005444
v -0.010089 -0.436894 0.007024
v -0.010166 -0.440906 0.005124
v -0.008686 -0.438899 0.008045
v -0.009943 -0.436716 0.007297
v -0.009175 -0.435890 0.008519
v -0.009009 -0.439252 0.007557
v -0.006357 -0.436892 0.010522
v -0.008040 -0.434889 0.009892
v -0.008568 -0.435330 0.009303
v -0.006735 -0.433910 0.011083
v -0.007621 -0.437897 0.009354
v -0.007481 -0.437778 0.009501
v -0.004916 -0.435890 0.011515
v -0.006696 -0.433883 0.011113
v -0.005169 -0.432882 0.012147
v -0.005912 -0.436569 0.010862
v -0.003715 -0.435126 0.012138
v -0.003318 -0.434885 0.012308
v -0.002152 -0.431139 0.013425
v -0.003480 -0.431877 0.012970
v -0.004585 -0.432524 0.012466
v 0.000221 -0.432880 0.013200
v -0.001664 -0.430875 0.013554
v 0.000249 -0.429872 0.013881
v -0.001668 -0.433924 0.012858
v -0.001596 -0.433883 0.012876
v 0.002099 -0.431876 0.013264
v 0.000513 -0.429736 0.013904
v 0.003190 -0.428379 0.013859
v 0.002221 -0.428867 0.013935
v 0.000900 -0.432515 0.013254
v 0.003995 -0.430874 0.013059
v 0.005806 -0.429907 0.012602
v 0.004210 -0.427866 0.013705
v 0.005945 -0.426982 0.013266
v 0.003207 -0.431290 0.013177
v 0.007699 -0.428867 0.011825
v 0.006181 -0.426860 0.013189
v 0.008085 -0.425859 0.012387
v 0.005877 -0.429869 0.012579
v 0.009885 -0.424855 0.011308
v 0.008464 -0.425653 0.012188
v 0.009424 -0.427863 0.010806
v 0.008010 -0.428690 0.011665
v 0.011539 -0.423852 0.009965
v 0.012110 -0.426094 0.008402
v 0.012426 -0.425858 0.008026
v 0.010923 -0.424238 0.010511
v 0.011013 -0.426860 0.009533
v 0.010276 -0.427338 0.010169
v 0.013008 -0.422850 0.008380
v 0.013632 -0.424852 0.006306
v 0.013727 -0.424764 0.006146
v 0.014608 -0.421521 0.005953
v 0.014258 -0.421844 0.006576
v 0.012889 -0.422936 0.008526
v 0.015293 -0.422846 0.002360
v 0.015717 -0.420241 0.003322
v 0.015253 -0.420843 0.004588
v 0.015825 -0.420077 0.002968
v 0.014596 -0.423851 0.004408
v 0.014851 -0.423528 0.003763
v 0.015969 -0.419838 0.002446
v 0.015581 -0.422225 0.001033
v 0.015700 -0.421844 0.000206
v 0.016387 -0.418815 0.000148
v 0.016381 -0.418836 0.000196
v 0.016474 -0.417833 -0.002122
v 0.015800 -0.420841 -0.002017
v 0.015583 -0.419837 -0.004264
v 0.016442 -0.417561 -0.002757
v 0.016405 -0.417370 -0.003201
v 0.015805 -0.420961 -0.001746
v 0.015044 -0.418835 -0.006487
v 0.015870 -0.416129 -0.006082
v 0.016235 -0.416829 -0.004462
v 0.015520 -0.419679 -0.004615
v 0.013437 -0.417161 -0.010021
v 0.014756 -0.414822 -0.009014
v 0.014832 -0.414894 -0.008857
v 0.014595 -0.414674 -0.009336
v 0.015662 -0.415827 -0.006774
v 0.014727 -0.418420 -0.007388
v 0.014184 -0.417829 -0.008644
v 0.013015 -0.416828 -0.010682
v 0.011637 -0.415879 -0.012464
v 0.013529 -0.413820 -0.011129
v 0.013005 -0.413454 -0.011860
v 0.010989 -0.412242 -0.014099
v 0.009811 -0.414821 -0.014239
v 0.009470 -0.414639 -0.014517
v 0.010181 -0.411813 -0.014811
v 0.010527 -0.411994 -0.014517
v 0.011996 -0.412816 -0.013078
v 0.011549 -0.415823 -0.012563
v 0.006844 -0.413357 -0.016240
v 0.008079 -0.410794 -0.016313
v 0.008115 -0.410811 -0.016290
v 0.007829 -0.413818 -0.015672
v 0.004055 -0.412137 -0.017434
v 0.003273 -0.411812 -0.017673
v 0.004676 -0.409326 -0.017937
v 0.005512 -0.409671 -0.017616
v 0.005832 -0.409806 -0.017480
v 0.005339 -0.409599 -0.017686
v 0.005635 -0.412813 -0.016828
v 0.001693 -0.408145 -0.018727
v 0.000855 -0.410836 -0.018174
v 0.000781 -0.410807 -0.018184
v -0.001410 -0.406971 -0.019017
v -0.002131 -0.409671 -0.018334
v -0.002223 -0.409636 -0.018332
v -0.001786 -0.409805 -0.018341
v -0.005331 -0.405507 -0.018654
v -0.005602 -0.408329 -0.017906
v -0.008592 -0.407145 -0.016980
v -0.002217 -0.406668 -0.019009
v -0.011395 -0.405975 -0.015571
v -0.009204 -0.404025 -0.017459
v -0.012023 -0.402879 -0.015978
v -0.011736 -0.405826 -0.015358
v -0.014263 -0.404661 -0.013433
v -0.016443 -0.403510 -0.011125
v -0.015323 -0.401388 -0.013367
v -0.017446 -0.400260 -0.010934
v -0.016751 -0.403331 -0.010732
v -0.018492 -0.402179 -0.008017
v -0.019652 -0.398765 -0.007197
v -0.019775 -0.401044 -0.005060
v -0.019953 -0.400844 -0.004515
v -0.019176 -0.399134 -0.008170
v -0.020879 -0.398589 0.001932
v -0.021519 -0.396144 0.000316
v -0.021414 -0.396541 -0.000870
v -0.020776 -0.397650 -0.004117
v -0.020671 -0.399710 -0.001327
v -0.020857 -0.398358 0.002611
v -0.020895 -0.393952 0.006943
v -0.021463 -0.395048 0.003638
v -0.020439 -0.397236 0.005902
v -0.019516 -0.396132 0.009079
v -0.020545 -0.393538 0.008176
v -0.019290 -0.392453 0.011303
v -0.019241 -0.395884 0.009773
v -0.017560 -0.391373 0.014230
v -0.017712 -0.394779 0.012762
v -0.015743 -0.393685 0.015480
v -0.016730 -0.390934 0.015344
v -0.014414 -0.389866 0.017850
v -0.015172 -0.393406 0.016126
v -0.012685 -0.392314 0.018449
v -0.011726 -0.388797 0.020002
v -0.009883 -0.391237 0.020361
v -0.010473 -0.388341 0.020801
v -0.007378 -0.387284 0.022341
v -0.009057 -0.390940 0.020815
v -0.005893 -0.389860 0.022175
v -0.004060 -0.386230 0.023417
v -0.002503 -0.385752 0.023743
v -0.002563 -0.388793 0.023044
v -0.001534 -0.388472 0.023208
v 0.000979 -0.384710 0.024091
v 0.004506 -0.383666 0.023927
v 0.001946 -0.387407 0.023419
v 0.006182 -0.383170 0.023665
v 0.006531 -0.386011 0.022903
v 0.009919 -0.384955 0.021915
v 0.005409 -0.386353 0.023114
v 0.009603 -0.382139 0.022749
v 0.013117 -0.383915 0.020445
v 0.014450 -0.380595 0.020453
v 0.012887 -0.381109 0.021337
v 0.014178 -0.383553 0.019825
v 0.017067 -0.382512 0.017729
v 0.019972 -0.378556 0.015862
v 0.019615 -0.381481 0.015244
v 0.020478 -0.381096 0.014217
v 0.017362 -0.379577 0.018365
v 0.021199 -0.378023 0.014397
v 0.022516 -0.380064 0.011233
v 0.024796 -0.376009 0.008087
v 0.024099 -0.379047 0.008003
v 0.024595 -0.378648 0.006673
v 0.023212 -0.377015 0.011384
v 0.025462 -0.375460 0.006197
v 0.025522 -0.377627 0.003143
v 0.026300 -0.374464 0.002628
v 0.025961 -0.376194 -0.002018
v 0.025728 -0.375344 -0.005118
v 0.026596 -0.372896 -0.003186
v 0.026636 -0.373465 -0.001057
v 0.025939 -0.376618 -0.000478
v 0.025141 -0.370925 -0.010467
v 0.025942 -0.371682 -0.007701
v 0.024817 -0.374188 -0.009276
v 0.026124 -0.371911 -0.006859
v 0.025643 -0.375185 -0.005695
v 0.024291 -0.373749 -0.010823
v 0.022743 -0.372748 -0.014215
v 0.024329 -0.370345 -0.012527
v 0.022582 -0.369369 -0.015842
v 0.020381 -0.368391 -0.018916
v 0.020744 -0.371762 -0.017349
v 0.015987 -0.366824 -0.023184
v 0.018809 -0.367788 -0.020665
v 0.017043 -0.370315 -0.021417
v 0.019667 -0.371302 -0.018713
v 0.009106 -0.367879 -0.026396
v 0.010669 -0.365246 -0.026448
v 0.012822 -0.365858 -0.025319
v 0.015496 -0.366667 -0.023557
v 0.014084 -0.369336 -0.023727
v 0.012521 -0.368859 -0.024709
v 0.007107 -0.364290 -0.027843
v -0.000195 -0.365451 -0.028472
v 0.000803 -0.362697 -0.029085
v 0.003356 -0.363332 -0.028757
v 0.005512 -0.366913 -0.027596
v 0.003622 -0.366421 -0.028020
v -0.005747 -0.361093 -0.028893
v -0.003056 -0.361752 -0.029150
v -0.004027 -0.364491 -0.028406
v -0.006071 -0.363978 -0.028159
v -0.009857 -0.363018 -0.027298
v -0.007558 -0.360649 -0.028577
v -0.013198 -0.359223 -0.026810
v -0.009514 -0.360163 -0.028103
v -0.006926 -0.360804 -0.028701
v -0.013477 -0.362069 -0.025947
v -0.015405 -0.361544 -0.024990
v -0.019045 -0.357621 -0.023497
v -0.018718 -0.360591 -0.022896
v -0.021712 -0.359651 -0.020391
v -0.016711 -0.358284 -0.025030
v -0.024776 -0.355763 -0.018072
v -0.022073 -0.356694 -0.020983
v -0.023292 -0.359106 -0.018763
v -0.027743 -0.357231 -0.012266
v -0.027546 -0.354628 -0.014052
v -0.026492 -0.355091 -0.015746
v -0.028483 -0.354170 -0.012304
v -0.024557 -0.358637 -0.017259
v -0.025736 -0.358165 -0.015654
v -0.030028 -0.353249 -0.008601
v -0.028735 -0.356673 -0.010107
v -0.030013 -0.355737 -0.006323
v -0.030869 -0.352559 -0.005707
v -0.030786 -0.354814 -0.002427
v -0.031549 -0.351649 -0.001755
v -0.031503 -0.350033 0.005408
v -0.031723 -0.350733 0.002288
v -0.030955 -0.353315 0.004065
v -0.031032 -0.353620 0.002732
v -0.031011 -0.354241 0.000038
v -0.030384 -0.352398 0.008037
v -0.029745 -0.351807 0.010555
v -0.030768 -0.349128 0.009388
v -0.029525 -0.348224 0.013279
v -0.030725 -0.352844 0.006112
v -0.031225 -0.349613 0.007267
v -0.028336 -0.350889 0.014368
v -0.026462 -0.349981 0.017950
v -0.028198 -0.347509 0.016230
v -0.023586 -0.345715 0.022997
v -0.026115 -0.346615 0.019743
v -0.024969 -0.349380 0.020192
v -0.017113 -0.346949 0.027821
v -0.018038 -0.344098 0.028001
v -0.019871 -0.344597 0.026590
v -0.022349 -0.348468 0.023345
v -0.019365 -0.347569 0.026128
v -0.021232 -0.344987 0.025402
v -0.022766 -0.348604 0.022896
v -0.014513 -0.343209 0.030203
v -0.013562 -0.346047 0.029938
v -0.011687 -0.345595 0.030828
v -0.007460 -0.341591 0.033044
v -0.011390 -0.342471 0.031692
v -0.009793 -0.345152 0.031586
v -0.002914 -0.343625 0.033288
v 0.001221 -0.342741 0.033593
v 0.000231 -0.339952 0.034246
v -0.007003 -0.344522 0.032465
v -0.003357 -0.340706 0.033910
v 0.004250 -0.342096 0.033493
v 0.004418 -0.339079 0.034160
v 0.012451 -0.340328 0.031812
v 0.012175 -0.337442 0.032617
v 0.008602 -0.338203 0.033558
v 0.006825 -0.338575 0.033878
v 0.006665 -0.341581 0.033216
v 0.008412 -0.341208 0.032904
v 0.016114 -0.336575 0.031084
v 0.015391 -0.339668 0.030666
v 0.019152 -0.338787 0.028709
v 0.022623 -0.337915 0.026322
v 0.025091 -0.337246 0.024200
v 0.024408 -0.334565 0.025732
v 0.023021 -0.334926 0.026873
v 0.019871 -0.335705 0.029065
v 0.027943 -0.333559 0.022211
v 0.027394 -0.336565 0.021808
v 0.028011 -0.336370 0.021083
v 0.026213 -0.334068 0.024057
v 0.031335 -0.332420 0.017627
v 0.030517 -0.335506 0.017651
v 0.032205 -0.334820 0.014719
v 0.029072 -0.333205 0.020849
v 0.034986 -0.330711 0.009825
v 0.034566 -0.333556 0.008906
v 0.035172 -0.333093 0.006678
v 0.033935 -0.333953 0.010777
v 0.033386 -0.331566 0.013853
v 0.035811 -0.332398 0.003245
v 0.036137 -0.331535 -0.001083
v 0.036677 -0.329066 0.001618
v 0.036376 -0.329548 0.004068
v 0.036042 -0.329911 0.005896
v 0.035765 -0.330156 0.007114
v 0.036803 -0.328216 -0.002746
v 0.035944 -0.330684 -0.005392
v 0.036437 -0.327407 -0.006917
v 0.035560 -0.326566 -0.011188
v 0.034879 -0.329542 -0.011105
v 0.034255 -0.329121 -0.013172
v 0.035392 -0.329976 -0.008951
v 0.035723 -0.330344 -0.007106
v 0.032356 -0.324904 -0.019261
v 0.034174 -0.325725 -0.015364
v 0.032632 -0.328274 -0.017208
v 0.030872 -0.327552 -0.020494
v 0.031379 -0.324531 -0.020968
v 0.025492 -0.325864 -0.027418
v 0.027302 -0.323234 -0.026479
v 0.028314 -0.323528 -0.025294
v 0.028377 -0.326704 -0.024126
v 0.030051 -0.324072 -0.023001
v 0.024164 -0.322402 -0.029614
v 0.022666 -0.325134 -0.030004
v 0.020943 -0.324718 -0.031344
v 0.024233 -0.325531 -0.028635
v 0.016892 -0.320745 -0.034704
v 0.020692 -0.321574 -0.032358
v 0.019084 -0.324290 -0.032622
v 0.015241 -0.323458 -0.034790
v 0.012784 -0.319905 -0.036619
v 0.007318 -0.321876 -0.037636
v 0.008550 -0.319085 -0.038023
v 0.010792 -0.319514 -0.037348
v 0.011597 -0.322711 -0.036346
v -0.000523 -0.317405 -0.039350
v 0.004144 -0.318259 -0.038940
v 0.002943 -0.321047 -0.038416
v 0.005507 -0.318512 -0.038713
v 0.005437 -0.321517 -0.038035
v -0.009496 -0.315771 -0.038571
v -0.005011 -0.316590 -0.039219
v -0.005620 -0.319461 -0.038479
v -0.001122 -0.320293 -0.038683
v -0.014114 -0.314912 -0.037339
v -0.014068 -0.317874 -0.036639
v -0.015981 -0.317502 -0.035938
v -0.010953 -0.315503 -0.038246
v -0.010036 -0.318640 -0.037763
v -0.018272 -0.317049 -0.034945
v -0.022235 -0.316233 -0.032791
v -0.021342 -0.313497 -0.034112
v -0.022351 -0.313288 -0.033517
v -0.018323 -0.314101 -0.035671
v -0.016282 -0.314498 -0.036549
v -0.025773 -0.315454 -0.030322
v -0.029202 -0.314635 -0.027307
v -0.028712 -0.311876 -0.028712
v -0.026388 -0.312415 -0.030702
v -0.033389 -0.313491 -0.022458
v -0.033969 -0.310486 -0.022816
v -0.032865 -0.310803 -0.024258
v -0.032247 -0.313824 -0.023944
v -0.029793 -0.311612 -0.027677
v -0.037082 -0.312223 -0.016350
v -0.037027 -0.309482 -0.017947
v -0.035766 -0.309924 -0.020142
v -0.037952 -0.309124 -0.016107
v -0.033462 -0.313469 -0.022359
v -0.034829 -0.313039 -0.020357
v -0.040145 -0.310619 -0.007772
v -0.040762 -0.307656 -0.008108
v -0.039860 -0.308229 -0.011302
v -0.038856 -0.311420 -0.012140
v -0.039689 -0.308323 -0.011815
v -0.039385 -0.308481 -0.012674
v -0.041127 -0.309478 -0.001308
v -0.041231 -0.309010 0.001377
v -0.041808 -0.306474 -0.001303
v -0.041729 -0.306640 -0.002270
v -0.040947 -0.309812 -0.003214
v -0.041046 -0.307431 -0.006838
v -0.041474 -0.304942 0.007663
v -0.041807 -0.305469 0.004574
v -0.040995 -0.308203 0.006039
v -0.041133 -0.308474 0.004474
v -0.041887 -0.305731 0.003035
v -0.041904 -0.305842 0.002388
v -0.038980 -0.306605 0.015091
v -0.039333 -0.303464 0.016125
v -0.040553 -0.304153 0.012220
v -0.040237 -0.307399 0.010637
v -0.040720 -0.307844 0.008100
v -0.040979 -0.304466 0.010422
v -0.034921 -0.304989 0.023631
v -0.035616 -0.302031 0.023798
v -0.036880 -0.302455 0.021599
v -0.038861 -0.303243 0.017355
v -0.037171 -0.305787 0.019518
v -0.036317 -0.305463 0.021211
v -0.039122 -0.303363 0.016689
v -0.028983 -0.303369 0.031127
v -0.031005 -0.300745 0.029975
v -0.031562 -0.300886 0.029342
v -0.032242 -0.304199 0.027449
v -0.033180 -0.304462 0.026211
v -0.034445 -0.301673 0.025599
v -0.033698 -0.301458 0.026654
v -0.023774 -0.302218 0.035581
v -0.024004 -0.299188 0.036252
v -0.025277 -0.299451 0.035303
v -0.025472 -0.302577 0.034284
v -0.027677 -0.299967 0.033303
v -0.029800 -0.300452 0.031266
v -0.019913 -0.301451 0.038073
v -0.017275 -0.300956 0.039463
v -0.019204 -0.298260 0.039242
v -0.016758 -0.297813 0.040457
v -0.019994 -0.298408 0.038807
v -0.020205 -0.298447 0.038688
v -0.021662 -0.301791 0.037017
v -0.012891 -0.300166 0.041292
v -0.008362 -0.299388 0.042621
v -0.010414 -0.296710 0.042791
v -0.008813 -0.296442 0.043211
v -0.014477 -0.300448 0.040695
v -0.014681 -0.297443 0.041345
v -0.014905 -0.297483 0.041255
v 0.001491 -0.297757 0.043777
v 0.000022 -0.294997 0.044428
v -0.002703 -0.295436 0.044246
v -0.003281 -0.298538 0.043502
v -0.005743 -0.295933 0.043841
v -0.004727 -0.295766 0.044000
v 0.009571 -0.293457 0.043742
v 0.004793 -0.294229 0.044343
v 0.006236 -0.296981 0.043534
v 0.003436 -0.297439 0.043740
v 0.003515 -0.294435 0.044416
v 0.011439 -0.296125 0.042666
v 0.016064 -0.295345 0.041337
v 0.015303 -0.292515 0.042307
v 0.015821 -0.292428 0.042138
v 0.010659 -0.293280 0.043531
v 0.009735 -0.293430 0.043712
v 0.009563 -0.296434 0.043053
v 0.024705 -0.293806 0.037250
v 0.024112 -0.290984 0.038393
v 0.021657 -0.291425 0.039716
v 0.020487 -0.294575 0.039530
v 0.025150 -0.290793 0.037773
v 0.019793 -0.291750 0.040595
v 0.029123 -0.290032 0.035026
v 0.029158 -0.292937 0.034137
v 0.031617 -0.292423 0.032037
v 0.027128 -0.290420 0.036484
v 0.025210 -0.293711 0.036936
v 0.026702 -0.293424 0.035953
v 0.036955 -0.288306 0.027296
v 0.036453 -0.291294 0.026837
v 0.037699 -0.290969 0.025189
v 0.038264 -0.287969 0.025567
v 0.036008 -0.291407 0.027389
v 0.036520 -0.288413 0.027835
v 0.036122 -0.288511 0.028315
v 0.032785 -0.289275 0.031872
v 0.032761 -0.292172 0.030948
v 0.032113 -0.289419 0.032503
v 0.042159 -0.286796 0.019102
v 0.041630 -0.289764 0.018640
v 0.042573 -0.289412 0.016594
v 0.040245 -0.287412 0.022578
v 0.039270 -0.290527 0.022863
v 0.039772 -0.287551 0.023339
v 0.044694 -0.288409 0.010540
v 0.045362 -0.285405 0.010672
v 0.044567 -0.285826 0.013286
v 0.043797 -0.288883 0.013438
v 0.043531 -0.289007 0.014185
v 0.044104 -0.286040 0.014597
v 0.043216 -0.286408 0.016818
v 0.046295 -0.286750 0.000000
v 0.046975 -0.283750 0.000000
v 0.046695 -0.284324 0.003748
v 0.045989 -0.287362 0.003935
v 0.046633 -0.284403 0.004257
v 0.045881 -0.285072 0.008574
v 0.045150 -0.288117 0.008729
v 0.045775 -0.285400 -0.008736
v 0.046438 -0.282396 -0.008888
v 0.046621 -0.282593 -0.007602
v 0.046040 -0.285709 -0.006745
v 0.046991 -0.283338 -0.002702
v 0.046324 -0.286467 -0.001825
v 0.046998 -0.283397 -0.002311
v 0.047001 -0.283570 -0.001181
v 0.046319 -0.286605 -0.000933
v 0.044352 -0.281099 -0.017212
v 0.043622 -0.284055 -0.017241
v 0.043360 -0.283938 -0.017960
v 0.044956 -0.281391 -0.015363
v 0.043945 -0.284206 -0.016302
v 0.044321 -0.284395 -0.015120
v 0.045743 -0.281847 -0.012445
v 0.045244 -0.284956 -0.011578
v 0.045718 -0.285344 -0.009094
v 0.041779 -0.280117 -0.023220
v 0.041715 -0.283299 -0.021819
v 0.039356 -0.282551 -0.026140
v 0.039330 -0.279386 -0.027453
v 0.042575 -0.280389 -0.021589
v 0.043804 -0.280861 -0.018700
v 0.033637 -0.281124 -0.033637
v 0.034117 -0.278124 -0.034117
v 0.035251 -0.278376 -0.032860
v 0.036353 -0.278631 -0.031549
v 0.035889 -0.281643 -0.031043
v 0.034795 -0.281385 -0.032350
v 0.036553 -0.281805 -0.030201
v 0.039294 -0.279376 -0.027507
v 0.027985 -0.276903 -0.039643
v 0.030493 -0.277380 -0.037609
v 0.028882 -0.280148 -0.038076
v 0.030084 -0.280384 -0.037065
v 0.032559 -0.280891 -0.034754
v 0.031796 -0.277639 -0.036436
v 0.023874 -0.279228 -0.041640
v 0.019477 -0.278482 -0.044054
v 0.022272 -0.275898 -0.043368
v 0.019082 -0.275373 -0.044993
v 0.023828 -0.276161 -0.042465
v 0.025056 -0.276375 -0.041696
v 0.026605 -0.279718 -0.039817
v 0.024878 -0.279405 -0.041002
v 0.012668 -0.274369 -0.047437
v 0.012516 -0.277372 -0.046774
v 0.010117 -0.277006 -0.047435
v 0.009599 -0.273907 -0.048259
v 0.013078 -0.274431 -0.047311
v 0.017778 -0.275164 -0.045574
v 0.014886 -0.277741 -0.045986
v 0.001308 -0.272689 -0.049463
v 0.005950 -0.273366 -0.048966
v 0.003899 -0.276073 -0.048557
v 0.000000 -0.275500 -0.048843
v 0.000000 -0.272500 -0.049523
v 0.005892 -0.276370 -0.048288
v 0.006310 -0.273419 -0.048909
v 0.008180 -0.273696 -0.048568
v 0.008874 -0.276817 -0.047727
v -0.009591 -0.274093 -0.048217
v -0.008792 -0.271228 -0.049029
v -0.007895 -0.271359 -0.049151
v -0.010778 -0.270939 -0.048697
v -0.003730 -0.271962 -0.049504
v -0.006117 -0.274604 -0.048663
v -0.007483 -0.274404 -0.048518
v -0.001101 -0.275339 -0.048867
v -0.000947 -0.272364 -0.049544
v -0.015696 -0.270216 -0.047514
v -0.017332 -0.272934 -0.046286
v -0.018935 -0.272687 -0.045714
v -0.014520 -0.273361 -0.047142
v -0.014743 -0.270358 -0.047785
v -0.012480 -0.273666 -0.047651
v -0.027812 -0.271257 -0.041315
v -0.026929 -0.268467 -0.042645
v -0.025106 -0.268764 -0.043666
v -0.027631 -0.268350 -0.042225
v -0.021372 -0.269352 -0.045463
v -0.022019 -0.272204 -0.044433
v -0.023355 -0.271992 -0.043800
v -0.021062 -0.272355 -0.044857
v -0.020478 -0.269490 -0.045838
v -0.032942 -0.270350 -0.037627
v -0.035799 -0.269805 -0.035096
v -0.035140 -0.267025 -0.036634
v -0.033407 -0.267346 -0.038123
v -0.031184 -0.267744 -0.039848
v -0.031961 -0.270529 -0.038411
v -0.040243 -0.265986 -0.031325
v -0.040314 -0.268850 -0.030164
v -0.041936 -0.268469 -0.028020
v -0.038783 -0.266299 -0.033006
v -0.038045 -0.269346 -0.032807
v -0.036910 -0.269582 -0.034000
v -0.038575 -0.266343 -0.033234
v -0.045837 -0.267405 -0.021612
v -0.046577 -0.267167 -0.020102
v -0.046674 -0.264336 -0.021460
v -0.047518 -0.264062 -0.019683
v -0.045956 -0.264554 -0.022847
v -0.043309 -0.265271 -0.027233
v -0.043290 -0.268128 -0.026029
v -0.042442 -0.268344 -0.027300
v -0.043026 -0.265341 -0.027648
v -0.049983 -0.265721 -0.010418
v -0.050511 -0.262801 -0.011114
v -0.049429 -0.263335 -0.014803
v -0.048531 -0.266442 -0.015329
v -0.048170 -0.263834 -0.018176
v -0.048999 -0.263516 -0.016038
v -0.051391 -0.264250 0.000000
v -0.052050 -0.261327 -0.000562
v -0.052035 -0.261372 -0.000884
v -0.051525 -0.262089 -0.006060
v -0.051147 -0.264758 -0.003628
v -0.051369 -0.264331 -0.000577
v -0.050936 -0.265005 -0.005387
v -0.051238 -0.262329 -0.007786
v -0.050562 -0.265333 -0.007706
v -0.051848 -0.260330 0.006700
v -0.051166 -0.263319 0.006692
v -0.050716 -0.262844 0.010088
v -0.052096 -0.261038 0.001536
v -0.051417 -0.264034 0.001550
v -0.050001 -0.262345 0.013616
v -0.048537 -0.261627 0.018618
v -0.049815 -0.258908 0.016891
v -0.049023 -0.258567 0.019280
v -0.051089 -0.259621 0.011823
v -0.050403 -0.262604 0.011792
v -0.051382 -0.259844 0.010221
v -0.050613 -0.259320 0.013976
v -0.044183 -0.260204 0.027999
v -0.043524 -0.260031 0.029082
v -0.044571 -0.257155 0.028674
v -0.045163 -0.257313 0.027664
v -0.047030 -0.257861 0.024083
v -0.046592 -0.260915 0.023418
v -0.048376 -0.258319 0.020991
v -0.047761 -0.261322 0.020701
v -0.037240 -0.258624 0.037240
v -0.037720 -0.255624 0.037720
v -0.040031 -0.256095 0.035097
v -0.040091 -0.259219 0.033943
v -0.041644 -0.256447 0.033039
v -0.043144 -0.259934 0.029682
v -0.041036 -0.256312 0.033839
v -0.030334 -0.254304 0.044243
v -0.032626 -0.254692 0.042471
v -0.031250 -0.257525 0.042700
v -0.032851 -0.257805 0.041401
v -0.036060 -0.255307 0.039408
v -0.035617 -0.258310 0.038891
v -0.036512 -0.255392 0.038963
v -0.036656 -0.258509 0.037850
v -0.021419 -0.252924 0.049522
v -0.023963 -0.253302 0.048247
v -0.022386 -0.256109 0.048299
v -0.023680 -0.256305 0.047628
v -0.026060 -0.253621 0.047065
v -0.026942 -0.256812 0.045729
v -0.028377 -0.253985 0.045608
v -0.029968 -0.257307 0.043670
v -0.011466 -0.251525 0.053048
v -0.016551 -0.252225 0.051521
v -0.015541 -0.255112 0.051152
v -0.016865 -0.255300 0.050686
v -0.017059 -0.252297 0.051338
v -0.017597 -0.255405 0.050411
v -0.020398 -0.255813 0.049244
v -0.002217 -0.250290 0.054507
v -0.002210 -0.253293 0.053827
v -0.000034 -0.253004 0.053938
v -0.003488 -0.250458 0.054403
v -0.005272 -0.253703 0.053521
v -0.008719 -0.251154 0.053653
v -0.009669 -0.254299 0.052766
v -0.009771 -0.251296 0.053439
v -0.010447 -0.254405 0.052593
v 0.007557 -0.251997 0.053636
v 0.010585 -0.251593 0.053215
v 0.010055 -0.248680 0.053989
v 0.007129 -0.249066 0.054364
v 0.005433 -0.249289 0.054509
v 0.005345 -0.252292 0.053834
v 0.001798 -0.249765 0.054642
v 0.002245 -0.252703 0.053959
v 0.000000 -0.250000 0.054618
v 0.020331 -0.247300 0.051351
v 0.015251 -0.247991 0.052919
v 0.017890 -0.250604 0.051460
v 0.020139 -0.250292 0.050699
v 0.012773 -0.251300 0.052801
v 0.013046 -0.248285 0.053437
v 0.027976 -0.246215 0.047904
v 0.027181 -0.249282 0.047562
v 0.029745 -0.248897 0.046105
v 0.030875 -0.245782 0.046208
v 0.025279 -0.246605 0.049281
v 0.025069 -0.249591 0.048629
v 0.027536 -0.246280 0.048142
v 0.020885 -0.250187 0.050421
v 0.039041 -0.247376 0.039041
v 0.039521 -0.244376 0.039521
v 0.036812 -0.244839 0.041917
v 0.034132 -0.245274 0.044002
v 0.034152 -0.248204 0.043144
v 0.036113 -0.247881 0.041613
v 0.032535 -0.245526 0.045126
v 0.046172 -0.245969 0.030851
v 0.046316 -0.243061 0.031813
v 0.045335 -0.243268 0.033117
v 0.042953 -0.243744 0.035986
v 0.043702 -0.246492 0.034069
v 0.044774 -0.246270 0.032732
v 0.040105 -0.247184 0.038011
v 0.040796 -0.244148 0.038280
v 0.040100 -0.244273 0.038968
v 0.039598 -0.247276 0.038508
v 0.051598 -0.244562 0.021373
v 0.052226 -0.241562 0.021633
v 0.051809 -0.241688 0.022541
v 0.049713 -0.242266 0.026573
v 0.049104 -0.245268 0.026270
v 0.050888 -0.244777 0.022894
v 0.049273 -0.242377 0.027329
v 0.046902 -0.245805 0.029800
v 0.048297 -0.245473 0.027633
v 0.055568 -0.240258 0.011883
v 0.054873 -0.240596 0.014466
v 0.054621 -0.243404 0.012848
v 0.054899 -0.243261 0.011760
v 0.053108 -0.241277 0.019555
v 0.052995 -0.244091 0.017962
v 0.052504 -0.244265 0.019235
v 0.056486 -0.241750 0.000000
v 0.057150 -0.238811 0.000489
v 0.056928 -0.239232 0.003830
v 0.056229 -0.242260 0.004001
v 0.056908 -0.239257 0.004030
v 0.056135 -0.242371 0.004871
v 0.056150 -0.239915 0.009221
v 0.055251 -0.243060 0.010227
v 0.055713 -0.240344 -0.011082
v 0.056380 -0.237344 -0.011215
v 0.056524 -0.237457 -0.010321
v 0.057093 -0.238133 -0.004925
v 0.056348 -0.241004 -0.005891
v 0.056068 -0.240652 -0.008672
v 0.056463 -0.241254 -0.003911
v 0.057140 -0.238251 -0.003977
v 0.056499 -0.241686 -0.000508
v 0.052775 -0.238938 -0.021860
v 0.053403 -0.235938 -0.022120
v 0.054240 -0.236246 -0.019776
v 0.053693 -0.239282 -0.019267
v 0.054483 -0.236343 -0.019031
v 0.055437 -0.236775 -0.015685
v 0.056248 -0.237250 -0.011958
v 0.055587 -0.240253 -0.011799
v 0.055130 -0.239963 -0.014046
v 0.047872 -0.237557 -0.031735
v 0.048326 -0.234531 -0.032290
v 0.050226 -0.234995 -0.029039
v 0.050545 -0.238241 -0.026951
v 0.052592 -0.235670 -0.024129
v 0.051766 -0.238604 -0.024330
v 0.051149 -0.235243 -0.027261
v 0.041277 -0.236203 -0.040378
v 0.040843 -0.236124 -0.040843
v 0.041789 -0.233208 -0.040824
v 0.041941 -0.233235 -0.040659
v 0.045309 -0.233881 -0.036637
v 0.044778 -0.236880 -0.036214
v 0.047027 -0.234241 -0.034267
v 0.046488 -0.237243 -0.033852
v 0.047381 -0.234318 -0.033745
v 0.035053 -0.235150 -0.046185
v 0.032267 -0.234718 -0.048291
v 0.033601 -0.231863 -0.048163
v 0.032644 -0.231718 -0.048856
v 0.035997 -0.232234 -0.046292
v 0.035594 -0.235237 -0.045745
v 0.037885 -0.232538 -0.044670
v 0.039177 -0.235830 -0.042534
v 0.025822 -0.230746 -0.053025
v 0.025939 -0.233804 -0.052196
v 0.023163 -0.233423 -0.053580
v 0.022608 -0.230313 -0.054580
v 0.029289 -0.231229 -0.051066
v 0.028967 -0.234231 -0.050467
v 0.030565 -0.231412 -0.050264
v 0.030636 -0.234475 -0.049406
v 0.011940 -0.228951 -0.058172
v 0.014139 -0.229224 -0.057614
v 0.012785 -0.232074 -0.057268
v 0.013994 -0.232226 -0.056949
v 0.015596 -0.229406 -0.057194
v 0.020829 -0.230078 -0.055340
v 0.018042 -0.232744 -0.055676
v 0.021725 -0.233229 -0.054226
v 0.021961 -0.230227 -0.054864
v 0.022348 -0.233313 -0.053952
v 0.001004 -0.227620 -0.059678
v 0.005977 -0.228220 -0.059250
v 0.004209 -0.231011 -0.058768
v 0.000000 -0.230500 -0.059034
v 0.000000 -0.227500 -0.059714
v 0.005926 -0.231222 -0.058572
v 0.006513 -0.228285 -0.059178
v 0.007400 -0.231403 -0.058362
v 0.011455 -0.231907 -0.057587
v -0.011579 -0.229093 -0.058212
v -0.011712 -0.226093 -0.058879
v -0.010722 -0.226213 -0.059039
v -0.010583 -0.229215 -0.058374
v -0.008458 -0.226486 -0.059344
v -0.006858 -0.229669 -0.058824
v -0.002314 -0.230220 -0.059052
v -0.004576 -0.226952 -0.059662
v -0.002358 -0.227218 -0.059731
v -0.001342 -0.230338 -0.059056
v -0.023095 -0.224687 -0.055757
v -0.019308 -0.225164 -0.057065
v -0.020932 -0.227931 -0.055821
v -0.018696 -0.228214 -0.056541
v -0.018925 -0.225212 -0.057181
v -0.013929 -0.225824 -0.058456
v -0.015571 -0.228603 -0.057389
v -0.012321 -0.229002 -0.058081
v -0.033328 -0.226282 -0.049879
v -0.033706 -0.223282 -0.050444
v -0.033110 -0.223364 -0.050815
v -0.028238 -0.224022 -0.053507
v -0.026513 -0.227208 -0.053579
v -0.031023 -0.226603 -0.051260
v -0.022835 -0.227687 -0.055129
v -0.026084 -0.227265 -0.053775
v -0.024581 -0.224497 -0.055165
v -0.026829 -0.224206 -0.054181
v -0.040597 -0.225203 -0.044497
v -0.042719 -0.224864 -0.042573
v -0.042074 -0.222044 -0.044098
v -0.043125 -0.221876 -0.043124
v -0.041067 -0.222201 -0.044988
v -0.037728 -0.222705 -0.047678
v -0.038508 -0.225525 -0.046222
v -0.033945 -0.226194 -0.049486
v -0.034257 -0.223204 -0.050093
v -0.050974 -0.220469 -0.034060
v -0.048721 -0.220906 -0.037049
v -0.048822 -0.223783 -0.035823
v -0.046572 -0.224202 -0.038556
v -0.047124 -0.221197 -0.038955
v -0.045020 -0.221562 -0.041247
v -0.056306 -0.222062 -0.023323
v -0.056809 -0.219097 -0.023861
v -0.056476 -0.219190 -0.024587
v -0.054932 -0.219591 -0.027663
v -0.054850 -0.222458 -0.026360
v -0.055846 -0.222192 -0.024329
v -0.052066 -0.223119 -0.031214
v -0.051705 -0.223197 -0.031775
v -0.052292 -0.220196 -0.032118
v -0.052028 -0.220252 -0.032519
v -0.050409 -0.223469 -0.033682
v -0.060480 -0.217793 -0.013239
v -0.059978 -0.220712 -0.012421
v -0.060086 -0.220656 -0.011952
v -0.059572 -0.218189 -0.016526
v -0.058913 -0.221190 -0.016360
v -0.058884 -0.218447 -0.018641
v -0.058430 -0.221376 -0.017866
v -0.057173 -0.221802 -0.021278
v -0.062261 -0.216250 0.000000
v -0.062082 -0.216640 -0.003373
v -0.061534 -0.219402 -0.001300
v -0.061011 -0.220056 -0.006896
v -0.061585 -0.217137 -0.007666
v -0.061522 -0.217184 -0.008073
v -0.060753 -0.217656 -0.012085
v -0.060846 -0.220186 -0.008000
v -0.061806 -0.215179 0.009316
v -0.061136 -0.218181 0.009200
v -0.060711 -0.217844 0.012076
v -0.061963 -0.215339 0.007926
v -0.061259 -0.218306 0.008123
v -0.062279 -0.215988 0.002273
v -0.061598 -0.218965 0.002447
v -0.062274 -0.216181 0.000597
v -0.061594 -0.219183 0.000576
v -0.061582 -0.219250 0.000000
v -0.057483 -0.216438 0.023810
v -0.058110 -0.213438 0.024070
v -0.058397 -0.213531 0.023309
v -0.060120 -0.214176 0.017909
v -0.059055 -0.217000 0.019180
v -0.057845 -0.216557 0.022843
v -0.059469 -0.217176 0.017717
v -0.061126 -0.214685 0.013575
v -0.060408 -0.217652 0.013707
v -0.061377 -0.214844 0.012209
v -0.053198 -0.212167 0.034094
v -0.052633 -0.215169 0.033716
v -0.051998 -0.215031 0.034744
v -0.052563 -0.212031 0.035121
v -0.053491 -0.212232 0.033605
v -0.052987 -0.215248 0.033124
v -0.056188 -0.212884 0.028546
v -0.055641 -0.215899 0.028114
v -0.057233 -0.213173 0.026232
v -0.056621 -0.216174 0.025936
v -0.044446 -0.213624 0.044446
v -0.044926 -0.210624 0.044926
v -0.047569 -0.211073 0.041964
v -0.047482 -0.214149 0.041005
v -0.048092 -0.211166 0.041332
v -0.051026 -0.211717 0.037439
v -0.049891 -0.214601 0.037868
v -0.047585 -0.214167 0.040879
v -0.034965 -0.212200 0.052621
v -0.035761 -0.209258 0.052890
v -0.039449 -0.209782 0.050048
v -0.035475 -0.209218 0.053092
v -0.041999 -0.210162 0.047813
v -0.041561 -0.213164 0.047293
v -0.039471 -0.212847 0.049144
v -0.043709 -0.210428 0.046172
v -0.043648 -0.213494 0.045271
v -0.026501 -0.211088 0.057629
v -0.024298 -0.210813 0.058660
v -0.025888 -0.207977 0.058678
v -0.024558 -0.207813 0.059287
v -0.027338 -0.208157 0.057972
v -0.027060 -0.211158 0.057351
v -0.030961 -0.208616 0.056001
v -0.031552 -0.211738 0.054856
v -0.035035 -0.209158 0.053400
v -0.034673 -0.212160 0.052825
v -0.016162 -0.206816 0.062337
v -0.015840 -0.209799 0.061722
v -0.012449 -0.209407 0.062585
v -0.019036 -0.207151 0.061440
v -0.018848 -0.210153 0.060787
v -0.020551 -0.207330 0.060908
v -0.021258 -0.210441 0.059917
v 0.000000 -0.205000 0.064809
v -0.001316 -0.205145 0.064763
v -0.000350 -0.208039 0.064120
v -0.001315 -0.208146 0.064083
v -0.004878 -0.205540 0.064503
v -0.006078 -0.208681 0.063686
v -0.010314 -0.206150 0.063719
v -0.010218 -0.209151 0.063046
v -0.010576 -0.206180 0.063670
v -0.012581 -0.206407 0.063251
v -0.011786 -0.209331 0.062731
v 0.012648 -0.204899 0.063586
v 0.007553 -0.204899 0.064390
v 0.009661 -0.206921 0.063645
v 0.005392 -0.207399 0.064039
v 0.007670 -0.207144 0.063865
v 0.000922 -0.204899 0.064825
v 0.000000 -0.208000 0.064130
v 0.016472 -0.204899 0.062704
v 0.016569 -0.206141 0.062388
v 0.020945 -0.205638 0.061178
v 0.012573 -0.206593 0.063210
v 0.015370 -0.206277 0.062662
v 0.025074 -0.204899 0.059787
v 0.025210 -0.205136 0.059671
v 0.026368 -0.204998 0.059203
v 0.024810 -0.204899 0.059897
v 0.027199 -0.204899 0.058851
v -0.014592 -0.401739 -0.014046
v -0.008376 -0.404348 -0.017790
v 0.003082 -0.470000 0.003674
v 0.000000 -0.163000 0.064832
v 0.000000 -0.161500 0.064832
v -0.009058 -0.162504 0.064196
v -0.009058 -0.164004 0.064196
v -0.017931 -0.163506 0.062303
v -0.026465 -0.164512 0.059184
v -0.026454 -0.166011 0.059189
v -0.017931 -0.165006 0.062303
v -0.026465 -0.166012 0.059184
v -0.034467 -0.165514 0.054911
v -0.034467 -0.167014 0.054911
v -0.041804 -0.166520 0.049554
v -0.041804 -0.168020 0.049554
v -0.048314 -0.167522 0.043231
v -0.053879 -0.168525 0.036060
v -0.053879 -0.170025 0.036060
v -0.048314 -0.169022 0.043231
v -0.058389 -0.169531 0.028176
v -0.061751 -0.170532 0.019749
v -0.061751 -0.172032 0.019749
v -0.058389 -0.171031 0.028176
v -0.063905 -0.171538 0.010923
v -0.063905 -0.173038 0.010923
v -0.064804 -0.172540 0.001895
v -0.064804 -0.174040 0.001895
v -0.064433 -0.173545 -0.007180
v -0.062799 -0.174549 -0.016109
v -0.062799 -0.176049 -0.016109
v -0.064433 -0.175045 -0.007180
v -0.059934 -0.175551 -0.024720
v -0.059934 -0.177051 -0.024720
v -0.055890 -0.176557 -0.032855
v -0.055890 -0.178057 -0.032855
v -0.050757 -0.177558 -0.040335
v -0.044620 -0.178564 -0.047034
v -0.044620 -0.180064 -0.047034
v -0.050757 -0.179058 -0.040335
v -0.037616 -0.179567 -0.052803
v -0.029871 -0.180570 -0.057540
v -0.029871 -0.182070 -0.057540
v -0.037616 -0.181067 -0.052803
v -0.021538 -0.181575 -0.061150
v -0.021538 -0.183075 -0.061150
v -0.012791 -0.182577 -0.063558
v -0.003780 -0.183583 -0.064722
v -0.003780 -0.185083 -0.064722
v -0.012791 -0.184077 -0.063558
v 0.005292 -0.184585 -0.064616
v 0.014271 -0.185590 -0.063242
v 0.014271 -0.187090 -0.063242
v 0.005292 -0.186085 -0.064616
v 0.022963 -0.186593 -0.060629
v 0.022963 -0.188093 -0.060629
v 0.031205 -0.187596 -0.056828
v 0.038841 -0.188601 -0.051909
v 0.038841 -0.190101 -0.051909
v 0.031205 -0.189096 -0.056828
v 0.045707 -0.189603 -0.045979
v 0.045707 -0.191103 -0.045979
v 0.051686 -0.190609 -0.039138
v 0.051686 -0.192109 -0.039138
v 0.056643 -0.191611 -0.031539
v 0.056643 -0.193111 -0.031539
v 0.060495 -0.192616 -0.023315
v 0.060495 -0.194116 -0.023315
v 0.063158 -0.193619 -0.014636
v 0.064583 -0.194622 -0.005674
v 0.064583 -0.196122 -0.005674
v 0.063158 -0.195119 -0.014636
v 0.064742 -0.195628 0.003409
v 0.063633 -0.196629 0.012413
v 0.063633 -0.198129 0.012413
v 0.064742 -0.197128 0.003409
v 0.061273 -0.197635 0.021186
v 0.057714 -0.198637 0.029534
v 0.057714 -0.200137 0.029534
v 0.061273 -0.199135 0.021186
v 0.053023 -0.199641 0.037306
v 0.047290 -0.200646 0.044349
v 0.047398 -0.202128 0.044234
v 0.053023 -0.201141 0.037306
v 0.047290 -0.202146 0.044349
v 0.040636 -0.201648 0.050517
v 0.040762 -0.203130 0.050415
v 0.040636 -0.203148 0.050517
v 0.033174 -0.202654 0.055701
v 0.033317 -0.204135 0.055616
v 0.033174 -0.204154 0.055701
v 0.000000 -0.160000 0.064832
v -0.009053 -0.161004 0.064197
v -0.017923 -0.162005 0.062305
v -0.026453 -0.163011 0.059190
v -0.034453 -0.164012 0.054920
v -0.041788 -0.165017 0.049568
v -0.048297 -0.166019 0.043250
v -0.053862 -0.167022 0.036085
v -0.058374 -0.168027 0.028207
v -0.061739 -0.169028 0.019787
v -0.063898 -0.170034 0.010965
v -0.064803 -0.171035 0.001942
v -0.064439 -0.172039 -0.007128
v -0.062813 -0.173042 -0.016055
v -0.059957 -0.174044 -0.024664
v -0.055923 -0.175050 -0.032799
v -0.050800 -0.176051 -0.040281
v -0.044674 -0.177056 -0.046983
v -0.037680 -0.178058 -0.052758
v -0.029944 -0.179061 -0.057502
v -0.021620 -0.180065 -0.061121
v -0.012880 -0.181067 -0.063540
v -0.003875 -0.182072 -0.064716
v 0.005192 -0.183074 -0.064624
v 0.014169 -0.184079 -0.063265
v 0.022861 -0.185081 -0.060668
v 0.031106 -0.186084 -0.056882
v 0.038747 -0.187088 -0.051979
v 0.045620 -0.188089 -0.046065
v 0.051610 -0.189095 -0.039238
v 0.056580 -0.190097 -0.031653
v 0.060446 -0.191101 -0.023440
v 0.063127 -0.192104 -0.014771
v 0.064571 -0.193106 -0.005817
v 0.064750 -0.194111 0.003262
v 0.063661 -0.195112 0.012264
v 0.061323 -0.196118 0.021039
v 0.057787 -0.197120 0.029391
v 0.057714 -0.197137 0.029534
v 0.053118 -0.198123 0.037171
v 0.053023 -0.198141 0.037306
v 0.047406 -0.199127 0.044226
v 0.047290 -0.199146 0.044349
v 0.040771 -0.200128 0.050408
v 0.040636 -0.200148 0.050517
v 0.033327 -0.201134 0.055610
v 0.033174 -0.201154 0.055701
v 0.025242 -0.202135 0.059716
v 0.025074 -0.203655 0.059787
v 0.025074 -0.202155 0.059787
v 0.016653 -0.203140 0.062657
v 0.016472 -0.204661 0.062704
v 0.007743 -0.204143 0.064368
v 0.007553 -0.204899 0.064390
v 0.012648 -0.204899 0.063586
v 0.016472 -0.203161 0.062704
v 0.016472 -0.204899 0.062704
v 0.024810 -0.204899 0.059897
v 0.027199 -0.204899 0.058851
v 0.025074 -0.204899 0.059787
v 0.000922 -0.204899 0.064825
v 0.000000 -0.161500 0.064832
v 0.000000 -0.163000 0.064832
v 0.000000 -0.163000 0.033916
v 0.000000 -0.160000 0.018458
v 0.000000 -0.160000 0.064832
v 0.000000 -0.160000 0.003000
v 0.000000 -0.163000 0.018458
v 0.000000 -0.163000 0.003000
vn 0.000 1.000 0.000
vn 0.000 1.000 0.000
vn 0.000 1.000 0.000
vn 0.000 1.000 0.000
vn 0.000 1.000 0.000
vn 0.000 1.000 0.000
vn 0.000 1.000 0.000
vn 0.000 1.000 0.000
vn 0.000 1.000 0.000
vn 0.000 1.000 0.000
vn 0.000 1.000 0.000
vn 0.000 1.000 0.000
vn 0.000 1.000 0.000
vn 0.500 0.000 0.866
vn 0.156 0.000 0.988
vn 0.017 0.000 1.000
vn 0.293 0.000 0.956
vn 0.423 0.000 0.906
vn 0.500 0.000 0.866
vn 0.000 0.000 1.000
vn -0.393 0.000 0.920
vn -0.500 0.000 0.866
vn -0.260 0.000 0.966
vn -0.123 0.000 0.992
vn -0.500 0.000 0.866
vn -0.821 0.000 0.570
vn -0.866 0.000 0.500
vn -0.734 0.000 0.680
vn -0.632 0.000 0.775
vn -0.517 0.000 0.856
vn -0.866 0.000 0.500
vn -0.999 0.000 0.047
vn -1.000 0.000 0.000
vn -0.983 0.000 0.186
vn -0.947 0.000 0.321
vn -0.893 0.000 0.450
vn -1.000 0.000 0.000
vn -0.931 0.000 -0.365
vn -0.871 0.000 -0.491
vn -0.973 0.000 -0.231
vn -0.996 0.000 -0.093
vn -0.866 0.000 -0.500
vn -0.595 0.000 -0.804
vn -0.500 0.000 -0.866
vn -0.701 0.000 -0.713
vn -0.794 0.000 -0.608
vn 0.000 0.000 -1.000
vn -0.215 0.000 -0.977
vn -0.076 0.000 -0.997
vn -0.349 0.000 -0.937
vn -0.477 0.000 -0.879
vn -0.500 0.000 -0.866
vn 0.000 0.000 -1.000
vn 0.465 0.000 -0.885
vn 0.500 0.000 -0.866
vn 0.337 0.000 -0.942
vn 0.202 0.000 -0.979
vn 0.063 0.000 -0.998
vn 0.500 0.000 -0.866
vn 0.786 0.000 -0.618
vn 0.864 0.000 -0.503
vn 0.692 0.000 -0.722
vn 0.584 0.000 -0.812
vn 0.866 0.000 -0.500
vn 0.994 0.000 -0.106
vn 1.000 0.000 0.000
vn 0.970 0.000 -0.244
vn 0.926 0.000 -0.377
vn 1.000 0.000 0.000
vn 0.985 0.000 0.173
vn 0.951 0.000 0.309
vn 0.999 0.000 0.034
vn 0.657 0.000 0.754
vn 0.546 0.000 0.838
vn 0.756 0.000 0.654
vn 0.840 0.000 0.543
vn 0.866 0.000 0.500
vn 0.866 0.000 0.500
vn 0.743 0.000 0.669
vn 0.829 0.000 0.559
vn 0.643 0.000 0.766
vn 0.999 0.000 0.032
vn 1.000 0.000 0.000
vn 0.957 0.000 0.289
vn 0.908 0.000 0.420
vn 0.985 0.000 0.171
vn 0.952 0.000 0.307
vn 0.988 0.000 0.153
vn 0.899 0.000 0.437
vn 1.000 0.000 0.013
vn 0.926 0.000 -0.378
vn 0.864 0.000 -0.504
vn 0.969 0.000 -0.245
vn 0.965 0.000 -0.264
vn 0.992 0.000 -0.127
vn 0.918 0.000 -0.396
vn 0.994 0.000 -0.108
vn 0.866 0.000 -0.500
vn 0.500 0.000 -0.866
vn 0.854 0.000 -0.520
vn 0.691 0.000 -0.723
vn 0.583 0.000 -0.812
vn 0.773 0.000 -0.634
vn 0.677 0.000 -0.736
vn 0.785 0.000 -0.619
vn 0.567 0.000 -0.823
vn 0.500 0.000 -0.866
vn 0.182 0.000 -0.983
vn 0.201 0.000 -0.980
vn 0.062 0.000 -0.998
vn 0.336 0.000 -0.942
vn 0.464 0.000 -0.886
vn 0.318 0.000 -0.948
vn 0.447 0.000 -0.895
vn 0.000 0.000 -1.000
vn 0.000 0.000 -1.000
vn 0.043 0.000 -0.999
vn -0.478 0.000 -0.879
vn -0.500 0.000 -0.866
vn -0.235 0.000 -0.972
vn -0.097 0.000 -0.995
vn -0.350 0.000 -0.937
vn -0.216 0.000 -0.976
vn -0.368 0.000 -0.930
vn -0.495 0.000 -0.869
vn -0.078 0.000 -0.997
vn -0.872 0.000 -0.490
vn -0.611 0.000 -0.792
vn -0.716 0.000 -0.699
vn -0.702 0.000 -0.712
vn -0.795 0.000 -0.607
vn -0.596 0.000 -0.803
vn -0.806 0.000 -0.592
vn -0.866 0.000 -0.500
vn -1.000 0.000 0.000
vn -0.881 0.000 -0.473
vn -0.973 0.000 -0.230
vn -0.996 0.000 -0.092
vn -0.938 0.000 -0.346
vn -0.977 0.000 -0.211
vn -0.931 0.000 -0.364
vn -0.997 0.000 -0.073
vn -1.000 0.000 0.000
vn -0.866 0.000 0.500
vn -0.947 0.000 0.322
vn -0.892 0.000 0.451
vn -0.982 0.000 0.187
vn -0.999 0.000 0.048
vn -0.979 0.000 0.206
vn -0.998 0.000 0.067
vn -0.940 0.000 0.340
vn -0.884 0.000 0.468
vn -0.866 0.000 0.500
vn -0.516 0.000 0.857
vn -0.500 0.000 0.866
vn -0.720 0.000 0.694
vn -0.809 0.000 0.587
vn -0.733 0.000 0.680
vn -0.631 0.000 0.776
vn -0.616 0.000 0.788
vn -0.821 0.000 0.571
vn -0.499 0.000 0.866
vn -0.122 0.000 0.993
vn 0.018 0.000 1.000
vn -0.259 0.000 0.966
vn -0.240 0.000 0.971
vn -0.374 0.000 0.928
vn -0.103 0.000 0.995
vn -0.392 0.000 0.920
vn 0.000 0.000 1.000
vn 0.157 0.000 0.988
vn 0.177 0.000 0.984
vn 0.037 0.000 0.999
vn 0.312 0.000 0.950
vn 0.442 0.000 0.897
vn 0.500 0.000 0.866
vn 0.500 0.000 0.866
vn 0.294 0.000 0.956
vn 0.424 0.000 0.905
vn 0.866 0.000 0.500
vn 0.757 0.000 0.654
vn 0.841 0.000 0.542
vn 0.658 0.000 0.753
vn 0.547 0.000 0.837
vn 0.673 0.000 0.740
vn 0.563 0.000 0.827
vn 0.769 0.000 0.639
vn 0.851 0.000 0.525
vn 0.866 0.000 0.500
vn 1.000 0.000 0.012
vn 1.000 0.000 0.000
vn 0.963 0.000 0.269
vn 0.916 0.000 0.401
vn 0.988 0.000 0.151
vn 0.958 0.000 0.288
vn 0.991 0.000 0.132
vn 0.908 0.000 0.419
vn 1.000 0.000 -0.007
vn 0.918 0.000 -0.397
vn 0.853 0.000 -0.521
vn 0.964 0.000 -0.265
vn 0.959 0.000 -0.284
vn 0.989 0.000 -0.147
vn 0.910 0.000 -0.415
vn 0.992 0.000 -0.128
vn 0.866 0.000 -0.500
vn 0.760 0.000 -0.650
vn 0.843 0.000 -0.538
vn 0.662 0.000 -0.750
vn 0.550 0.000 -0.835
vn 0.500 0.000 -0.866
vn 0.500 0.000 -0.866
vn 0.676 0.000 -0.737
vn 0.566 0.000 -0.824
vn 0.772 0.000 -0.635
vn 0.000 0.000 -1.000
vn 0.181 0.000 -0.983
vn 0.042 0.000 -0.999
vn 0.316 0.000 -0.949
vn 0.446 0.000 -0.895
vn 0.298 0.000 -0.955
vn 0.428 0.000 -0.904
vn 0.162 0.000 -0.987
vn 0.022 0.000 -1.000
vn 0.000 0.000 -1.000
vn -0.495 0.000 -0.869
vn -0.117 0.000 -0.993
vn -0.255 0.000 -0.967
vn -0.236 0.000 -0.972
vn -0.369 0.000 -0.929
vn -0.098 0.000 -0.995
vn -0.387 0.000 -0.922
vn -0.512 0.000 -0.859
vn -0.807 0.000 -0.591
vn -0.866 0.000 -0.500
vn -0.730 0.000 -0.684
vn -0.627 0.000 -0.779
vn -0.716 0.000 -0.698
vn -0.612 0.000 -0.791
vn -0.818 0.000 -0.575
vn -0.866 0.000 -0.500
vn -0.945 0.000 -0.326
vn -0.890 0.000 -0.455
vn -0.982 0.000 -0.191
vn -0.999 0.000 -0.052
vn -1.000 0.000 0.000
vn -0.978 0.000 -0.210
vn -0.997 0.000 -0.072
vn -0.939 0.000 -0.345
vn -0.881 0.000 -0.472
vn -1.000 0.000 0.000
vn -0.874 0.000 0.486
vn -0.940 0.000 0.341
vn -0.883 0.000 0.469
vn -0.978 0.000 0.207
vn -0.998 0.000 0.068
vn -0.974 0.000 0.226
vn -0.996 0.000 0.088
vn -0.933 0.000 0.360
vn -0.866 0.000 0.500
vn -0.615 0.000 0.789
vn -0.499 0.000 0.867
vn -0.719 0.000 0.695
vn -0.705 0.000 0.709
vn -0.797 0.000 0.604
vn -0.599 0.000 0.801
vn -0.809 0.000 0.588
vn -0.500 0.000 0.866
vn 0.000 0.000 1.000
vn -0.482 0.000 0.876
vn -0.239 0.000 0.971
vn -0.102 0.000 0.995
vn -0.354 0.000 0.935
vn -0.220 0.000 0.975
vn -0.373 0.000 0.928
vn -0.082 0.000 0.997
vn 0.000 0.000 1.000
vn 0.177 0.000 0.984
vn 0.197 0.000 0.980
vn 0.058 0.000 0.998
vn 0.332 0.000 0.943
vn 0.460 0.000 0.888
vn 0.500 0.000 0.866
vn 0.500 0.000 0.866
vn 0.313 0.000 0.950
vn 0.443 0.000 0.897
vn 0.038 0.000 0.999
vn 0.851 0.000 0.524
vn 0.866 0.000 0.500
vn 0.688 0.000 0.726
vn 0.580 0.000 0.815
vn 0.770 0.000 0.638
vn 0.673 0.000 0.739
vn 0.782 0.000 0.623
vn 0.564 0.000 0.826
vn 0.862 0.000 0.508
vn 1.000 0.000 -0.008
vn 0.924 0.000 0.382
vn 0.968 0.000 0.250
vn 0.963 0.000 0.268
vn 0.991 0.000 0.131
vn 0.916 0.000 0.400
vn 0.994 0.000 0.112
vn 1.000 0.000 0.000
vn 0.866 0.000 -0.500
vn 1.000 0.000 -0.028
vn 0.959 0.000 -0.285
vn 0.910 0.000 -0.416
vn 0.986 0.000 -0.167
vn 0.953 0.000 -0.303
vn 0.989 0.000 -0.148
vn 0.901 0.000 -0.433
vn 0.866 0.000 -0.500
vn 0.500 0.000 -0.866
vn 0.661 0.000 -0.751
vn 0.550 0.000 -0.835
vn 0.759 0.000 -0.651
vn 0.843 0.000 -0.539
vn 0.746 0.000 -0.666
vn 0.832 0.000 -0.555
vn 0.646 0.000 -0.763
vn 0.533 0.000 -0.846
vn 0.500 0.000 -0.866
vn 0.022 0.000 -1.000
vn 0.000 0.000 -1.000
vn 0.278 0.000 -0.961
vn 0.410 0.000 -0.912
vn 0.142 0.000 -0.990
vn 0.297 0.000 -0.955
vn 0.161 0.000 -0.987
vn 0.428 0.000 -0.904
vn 0.002 0.000 -1.000
vn -0.513 0.000 -0.858
vn -0.138 0.000 -0.990
vn -0.275 0.000 -0.962
vn -0.256 0.000 -0.967
vn -0.388 0.000 -0.922
vn -0.118 0.000 -0.993
vn -0.406 0.000 -0.914
vn -0.500 0.000 -0.866
vn -0.628 0.000 -0.778
vn -0.643 0.000 -0.766
vn -0.530 0.000 -0.848
vn -0.744 0.000 -0.668
vn -0.830 0.000 -0.558
vn -0.866 0.000 -0.500
vn -0.866 0.000 -0.500
vn -0.730 0.000 -0.683
vn -0.819 0.000 -0.574
vn -1.000 0.000 0.000
vn -0.982 0.000 -0.190
vn -0.999 0.000 -0.052
vn -0.945 0.000 -0.326
vn -0.891 0.000 -0.454
vn -0.952 0.000 -0.307
vn -0.900 0.000 -0.437
vn -0.985 0.000 -0.171
vn -0.999 0.000 -0.032
vn -1.000 0.000 0.000
vn -0.873 0.000 0.487
vn -0.866 0.000 0.500
vn -0.969 0.000 0.246
vn -0.994 0.000 0.108
vn -0.933 0.000 0.360
vn -0.974 0.000 0.227
vn -0.925 0.000 0.379
vn -0.996 0.000 0.089
vn -0.864 0.000 0.504
vn -0.599 0.000 0.801
vn -0.481 0.000 0.877
vn -0.705 0.000 0.710
vn -0.690 0.000 0.723
vn -0.785 0.000 0.620
vn -0.583 0.000 0.813
vn -0.797 0.000 0.604
vn -0.500 0.000 0.866
vn -0.354 0.000 0.935
vn -0.335 0.000 0.942
vn -0.463 0.000 0.886
vn -0.200 0.000 0.980
vn -0.062 0.000 0.998
vn 0.000 0.000 1.000
vn 0.000 0.000 1.000
vn -0.220 0.000 0.976
vn -0.081 0.000 0.997
vn 0.500 0.000 0.866
vn 0.332 0.000 0.943
vn 0.461 0.000 0.887
vn 0.197 0.000 0.980
vn 0.059 0.000 0.998
vn 0.217 0.000 0.976
vn 0.078 0.000 0.997
vn 0.351 0.000 0.936
vn 0.478 0.000 0.878
vn 0.500 0.000 0.866
vn 0.862 0.000 0.507
vn 0.596 0.000 0.803
vn 0.702 0.000 0.712
vn 0.688 0.000 0.726
vn 0.783 0.000 0.622
vn 0.580 0.000 0.814
vn 0.795 0.000 0.607
vn 0.872 0.000 0.490
vn 0.994 0.000 0.111
vn 1.000 0.000 0.000
vn 0.973 0.000 0.230
vn 0.932 0.000 0.363
vn 0.969 0.000 0.249
vn 0.924 0.000 0.382
vn 0.996 0.000 0.091
vn 1.000 0.000 0.000
vn 0.982 0.000 -0.187
vn 0.999 0.000 -0.049
vn 0.946 0.000 -0.323
vn 0.892 0.000 -0.452
vn 0.866 0.000 -0.500
vn 0.953 0.000 -0.304
vn 0.901 0.000 -0.434
vn 0.986 0.000 -0.168
vn 1.000 0.000 -0.029
vn 0.866 0.000 -0.500
vn 0.500 0.000 -0.866
vn 0.645 0.000 -0.764
vn 0.532 0.000 -0.846
vn 0.746 0.000 -0.666
vn 0.831 0.000 -0.556
vn 0.732 0.000 -0.681
vn 0.820 0.000 -0.572
vn 0.630 0.000 -0.776
vn 0.516 0.000 -0.857
vn 0.500 0.000 -0.866
vn 0.001 0.000 -1.000
vn 0.391 0.000 -0.920
vn 0.278 0.000 -0.961
vn 0.141 0.000 -0.990
vn 0.258 0.000 -0.966
vn 0.121 0.000 -0.993
vn 0.409 0.000 -0.912
vn -0.019 0.000 -1.000
vn -0.407 0.000 -0.913
vn -0.500 0.000 -0.866
vn -0.294 0.000 -0.956
vn -0.158 0.000 -0.987
vn -0.275 0.000 -0.961
vn -0.138 0.000 -0.990
vn -0.425 0.000 -0.905
vn -0.500 0.000 -0.866
vn -0.659 0.000 -0.752
vn -0.547 0.000 -0.837
vn -0.757 0.000 -0.653
vn -0.841 0.000 -0.541
vn -0.866 0.000 -0.500
vn -0.866 0.000 -0.500
vn -0.744 0.000 -0.668
vn -0.830 0.000 -0.558
vn -0.644 0.000 -0.765
vn -0.530 0.000 -0.848
vn -1.000 0.000 -0.031
vn -1.000 0.000 0.000
vn -0.958 0.000 -0.287
vn -0.908 0.000 -0.418
vn -0.985 0.000 -0.170
vn -0.952 0.000 -0.306
vn -0.989 0.000 -0.151
vn -0.900 0.000 -0.436
vn -1.000 0.000 -0.011
vn -0.925 0.000 0.379
vn -0.863 0.000 0.505
vn -0.969 0.000 0.246
vn -0.964 0.000 0.266
vn -0.992 0.000 0.128
vn -0.918 0.000 0.398
vn -0.994 0.000 0.109
vn -0.866 0.000 0.500
vn -0.500 0.000 0.866
vn -0.853 0.000 0.522
vn -0.690 0.000 0.724
vn -0.582 0.000 0.813
vn -0.772 0.000 0.636
vn -0.675 0.000 0.737
vn -0.784 0.000 0.620
vn -0.566 0.000 0.825
vn -0.500 0.000 0.866
vn -0.180 0.000 0.984
vn -0.200 0.000 0.980
vn -0.061 0.000 0.998
vn -0.335 0.000 0.942
vn -0.463 0.000 0.886
vn -0.316 0.000 0.949
vn -0.445 0.000 0.895
vn 0.000 0.000 1.000
vn 0.000 0.000 1.000
vn -0.041 0.000 0.999
vn 0.479 0.000 0.878
vn 0.500 0.000 0.866
vn 0.237 0.000 0.972
vn 0.099 0.000 0.995
vn 0.351 0.000 0.936
vn 0.217 0.000 0.976
vn 0.370 0.000 0.929
vn 0.496 0.000 0.868
vn 0.079 0.000 0.997
vn 0.872 0.000 0.489
vn 0.613 0.000 0.790
vn 0.717 0.000 0.697
vn 0.703 0.000 0.711
vn 0.795 0.000 0.606
vn 0.597 0.000 0.802
vn 0.807 0.000 0.590
vn 0.866 0.000 0.500
vn 1.000 0.000 0.000
vn 0.882 0.000 0.472
vn 0.973 0.000 0.229
vn 0.996 0.000 0.091
vn 0.939 0.000 0.344
vn 0.978 0.000 0.209
vn 0.932 0.000 0.363
vn 0.997 0.000 0.071
vn 1.000 0.000 0.000
vn 0.866 0.000 -0.500
vn 0.946 0.000 -0.323
vn 0.892 0.000 -0.452
vn 0.982 0.000 -0.188
vn 0.999 0.000 -0.049
vn 0.978 0.000 -0.208
vn 0.998 0.000 -0.069
vn 0.940 0.000 -0.342
vn 0.883 0.000 -0.470
vn 0.866 0.000 -0.500
vn 0.515 0.000 -0.857
vn 0.500 0.000 -0.866
vn 0.718 0.000 -0.696
vn 0.808 0.000 -0.589
vn 0.732 0.000 -0.681
vn 0.630 0.000 -0.777
vn 0.614 0.000 -0.789
vn 0.820 0.000 -0.572
vn 0.498 0.000 -0.867
vn 0.121 0.000 -0.993
vn -0.019 0.000 -1.000
vn 0.258 0.000 -0.966
vn 0.239 0.000 -0.971
vn 0.372 0.000 -0.928
vn 0.101 0.000 -0.995
vn 0.390 0.000 -0.921
vn 0.000 0.000 -1.000
vn -0.159 0.000 -0.987
vn -0.178 0.000 -0.984
vn -0.039 0.000 -0.999
vn -0.314 0.000 -0.949
vn -0.444 0.000 -0.896
vn -0.500 0.000 -0.866
vn -0.500 0.000 -0.866
vn -0.295 0.000 -0.956
vn -0.425 0.000 -0.905
vn -0.866 0.000 -0.500
vn -0.758 0.000 -0.653
vn -0.841 0.000 -0.541
vn -0.659 0.000 -0.752
vn -0.548 0.000 -0.837
vn -0.674 0.000 -0.739
vn -0.564 0.000 -0.826
vn -0.771 0.000 -0.637
vn -0.852 0.000 -0.524
vn -0.866 0.000 -0.500
vn -1.000 0.000 -0.011
vn -1.000 0.000 0.000
vn -0.964 0.000 -0.268
vn -0.917 0.000 -0.399
vn -0.989 0.000 -0.150
vn -0.958 0.000 -0.287
vn -0.991 0.000 -0.130
vn -0.909 0.000 -0.418
vn -1.000 0.000 0.009
vn -0.917 0.000 0.398
vn -0.853 0.000 0.522
vn -0.964 0.000 0.266
vn -0.958 0.000 0.286
vn -0.989 0.000 0.149
vn -0.909 0.000 0.416
vn -0.992 0.000 0.129
vn -0.866 0.000 0.500
vn -0.759 0.000 0.652
vn -0.842 0.000 0.539
vn -0.660 0.000 0.751
vn -0.549 0.000 0.836
vn -0.500 0.000 0.866
vn -0.500 0.000 0.866
vn -0.675 0.000 0.738
vn -0.565 0.000 0.825
vn -0.772 0.000 0.636
vn 0.000 0.000 1.000
vn -0.180 0.000 0.984
vn -0.041 0.000 0.999
vn -0.315 0.000 0.949
vn -0.445 0.000 0.896
vn -0.296 0.000 0.955
vn -0.427 0.000 0.904
vn -0.160 0.000 0.987
vn -0.021 0.000 1.000
vn 0.000 0.000 1.000
vn 0.496 0.000 0.868
vn 0.119 0.000 0.993
vn 0.257 0.000 0.966
vn 0.237 0.000 0.971
vn 0.371 0.000 0.929
vn 0.099 0.000 0.995
vn 0.389 0.000 0.921
vn 0.514 0.000 0.858
vn 0.807 0.000 0.590
vn 0.866 0.000 0.500
vn 0.731 0.000 0.682
vn 0.629 0.000 0.778
vn 0.717 0.000 0.697
vn 0.613 0.000 0.790
vn 0.819 0.000 0.573
vn 0.866 0.000 0.500
vn 0.946 0.000 0.325
vn 0.891 0.000 0.453
vn 0.982 0.000 0.189
vn 0.999 0.000 0.050
vn 1.000 0.000 0.000
vn 0.978 0.000 0.209
vn 0.998 0.000 0.071
vn 0.939 0.000 0.344
vn 0.882 0.000 0.471
vn 1.000 0.000 0.000
vn 0.873 0.000 -0.488
vn 0.940 0.000 -0.343
vn 0.882 0.000 -0.470
vn 0.978 0.000 -0.208
vn 0.998 0.000 -0.069
vn 0.974 0.000 -0.228
vn 0.996 0.000 -0.090
vn 0.932 0.000 -0.361
vn 0.866 0.000 -0.500
vn 0.614 0.000 -0.789
vn 0.498 0.000 -0.867
vn 0.718 0.000 -0.696
vn 0.704 0.000 -0.710
vn 0.796 0.000 -0.605
vn 0.598 0.000 -0.802
vn 0.808 0.000 -0.589
vn 0.500 0.000 -0.866
vn 0.000 0.000 -1.000
vn 0.480 0.000 -0.877
vn 0.238 0.000 -0.971
vn 0.100 0.000 -0.995
vn 0.353 0.000 -0.936
vn 0.219 0.000 -0.976
vn 0.372 0.000 -0.928
vn 0.080 0.000 -0.997
vn 0.000 0.000 -1.000
vn -0.179 0.000 -0.984
vn -0.199 0.000 -0.980
vn -0.060 0.000 -0.998
vn -0.333 0.000 -0.943
vn -0.462 0.000 -0.887
vn -0.500 0.000 -0.866
vn -0.500 0.000 -0.866
vn -0.314 0.000 -0.949
vn -0.444 0.000 -0.896
vn -0.039 0.000 -0.999
vn -0.852 0.000 -0.523
vn -0.866 0.000 -0.500
vn -0.689 0.000 -0.725
vn -0.581 0.000 -0.814
vn -0.771 0.000 -0.637
vn -0.674 0.000 -0.739
vn -0.784 0.000 -0.621
vn -0.564 0.000 -0.825
vn -0.863 0.000 -0.506
vn -1.000 0.000 0.010
vn -0.925 0.000 -0.380
vn -0.969 0.000 -0.248
vn -0.964 0.000 -0.267
vn -0.991 0.000 -0.130
vn -0.917 0.000 -0.399
vn -0.994 0.000 -0.110
vn -1.000 0.000 0.000
vn -0.866 0.000 0.500
vn -1.000 0.000 0.030
vn -0.958 0.000 0.286
vn -0.909 0.000 0.417
vn -0.986 0.000 0.169
vn -0.952 0.000 0.305
vn -0.989 0.000 0.149
vn -0.900 0.000 0.435
vn -0.866 0.000 0.500
vn -0.500 0.000 0.866
vn -0.660 0.000 0.751
vn -0.549 0.000 0.836
vn -0.758 0.000 0.652
vn -0.842 0.000 0.540
vn -0.745 0.000 0.667
vn -0.831 0.000 0.557
vn -0.645 0.000 0.765
vn -0.531 0.000 0.847
vn -0.500 0.000 0.866
vn -0.020 0.000 1.000
vn 0.000 0.000 1.000
vn -0.276 0.000 0.961
vn -0.408 0.000 0.913
vn -0.140 0.000 0.990
vn -0.296 0.000 0.955
vn -0.160 0.000 0.987
vn -0.427 0.000 0.904
vn 0.000 0.000 1.000
vn 0.514 0.000 0.858
vn 0.000 0.000 1.000
vn 0.257 0.000 0.966
vn 0.389 0.000 0.921
vn 0.119 0.000 0.993
vn 0.500 0.000 0.866
vn 0.000 0.000 1.000
vn 0.866 0.000 0.500
vn 0.731 0.000 0.682
vn 0.819 0.000 0.573
vn 0.629 0.000 0.778
vn 0.866 0.000 0.500
vn 1.000 0.000 0.000
vn 0.946 0.000 0.325
vn 0.982 0.000 0.189
vn 0.891 0.000 0.453
vn 0.999 0.000 0.050
vn 1.000 0.000 0.000
vn 0.866 0.000 -0.500
vn 0.974 0.000 -0.228
vn 0.932 0.000 -0.362
vn 0.996 0.000 -0.090
vn 0.873 0.000 -0.488
vn 0.866 0.000 -0.500
vn 0.500 0.000 -0.866
vn 0.704 0.000 -0.711
vn 0.598 0.000 -0.802
vn 0.796 0.000 -0.605
vn 0.480 0.000 -0.877
vn 0.000 0.000 -1.000
vn 0.219 0.000 -0.976
vn 0.080 0.000 -0.997
vn 0.353 0.000 -0.936
vn 0.000 0.000 -1.000
vn -0.500 0.000 -0.866
vn -0.199 0.000 -0.980
vn -0.333 0.000 -0.943
vn -0.060 0.000 -0.998
vn -0.462 0.000 -0.887
vn -0.500 0.000 -0.866
vn -0.866 0.000 -0.500
vn -0.689 0.000 -0.725
vn -0.784 0.000 -0.621
vn -0.581 0.000 -0.814
vn -0.863 0.000 -0.506
vn -1.000 0.000 0.000
vn -0.969 0.000 -0.248
vn -0.994 0.000 -0.110
vn -0.925 0.000 -0.380
vn -1.000 0.000 0.000
vn -0.866 0.000 0.500
vn -0.986 0.000 0.169
vn -0.952 0.000 0.305
vn -1.000 0.000 0.030
vn -0.900 0.000 0.435
vn -0.866 0.000 0.500
vn -0.500 0.000 0.866
vn -0.745 0.000 0.667
vn -0.645 0.000 0.765
vn -0.831 0.000 0.557
vn -0.531 0.000 0.847
vn -0.500 0.000 0.866
vn -0.408 0.000 0.913
vn -0.276 0.000 0.961
vn -0.140 0.000 0.990
vn 0.899 0.000 0.438
vn 0.000 -1.000 0.000
vn 0.000 -1.000 0.000
vn 0.000 -1.000 0.000
vn 0.000 -1.000 0.000
vn 0.000 -1.000 0.000
vn 0.000 -1.000 0.000
vn 0.000 -1.000 0.000
vn 0.000 -1.000 0.000
vn 0.000 -1.000 0.000
vn 0.000 -1.000 0.000
vn 0.000 -1.000 0.000
vn 0.000 -1.000 0.000
vn 0.000 -1.000 0.000
vn 0.000 -1.000 0.000
vn 0.000 -1.000 0.000
vn 0.000 -1.000 0.000
vn 0.000 -1.000 0.000
vn -0.109 0.994 -0.015
vn -0.109 0.994 0.000
vn -0.360 0.933 0.000
vn -0.359 0.932 -0.051
vn -0.347 0.932 -0.100
vn -0.100 0.994 -0.045
vn -0.105 0.994 -0.030
vn -0.093 0.994 -0.058
vn -0.330 0.932 -0.148
vn -0.307 0.932 -0.192
vn -0.276 0.933 -0.233
vn -0.073 0.994 -0.082
vn -0.084 0.994 -0.071
vn -0.242 0.932 -0.270
vn -0.201 0.933 -0.300
vn -0.048 0.994 -0.099
vn -0.061 0.994 -0.091
vn -0.158 0.932 -0.326
vn -0.110 0.932 -0.345
vn -0.034 0.994 -0.105
vn -0.061 0.932 -0.356
vn -0.003 0.994 -0.110
vn -0.019 0.994 -0.108
vn -0.011 0.932 -0.362
vn 0.040 0.933 -0.358
vn 0.027 0.994 -0.107
vn 0.012 0.994 -0.109
vn 0.090 0.932 -0.351
vn 0.137 0.933 -0.334
vn 0.056 0.994 -0.095
vn 0.042 0.994 -0.101
vn 0.183 0.932 -0.312
vn 0.225 0.932 -0.284
vn 0.068 0.994 -0.086
vn 0.262 0.932 -0.249
vn 0.090 0.994 -0.064
vn 0.079 0.994 -0.076
vn 0.295 0.932 -0.211
vn 0.320 0.933 -0.166
vn 0.104 0.994 -0.037
vn 0.097 0.994 -0.050
vn 0.342 0.932 -0.121
vn 0.354 0.932 -0.072
vn 0.110 0.994 -0.007
vn 0.108 0.994 -0.022
vn 0.110 0.994 0.009
vn 0.361 0.932 -0.022
vn 0.361 0.932 0.029
vn 0.352 0.933 0.079
vn 0.103 0.994 0.039
vn 0.107 0.994 0.024
vn 0.339 0.932 0.128
vn 0.317 0.933 0.173
vn 0.088 0.994 0.066
vn 0.096 0.994 0.053
vn 0.290 0.932 0.217
vn 0.257 0.932 0.255
vn 0.078 0.994 0.077
vn 0.219 0.932 0.288
vn 0.054 0.994 0.096
vn 0.066 0.994 0.087
vn 0.177 0.932 0.316
vn 0.130 0.933 0.336
vn 0.025 0.994 0.107
vn 0.040 0.994 0.102
vn 0.083 0.932 0.353
vn 0.032 0.932 0.360
vn -0.006 0.994 0.110
vn 0.010 0.994 0.109
vn -0.018 0.932 0.362
vn -0.068 0.932 0.356
vn -0.021 0.994 0.108
vn -0.117 0.932 0.342
vn -0.050 0.994 0.098
vn -0.036 0.994 0.104
vn -0.050 0.994 0.098
vn -0.164 0.932 0.323
vn -0.207 0.933 0.295
vn -0.063 0.994 0.090
vn -0.063 0.994 0.089
vn -0.247 0.932 0.265
vn -0.075 0.994 0.080
vn -0.075 0.994 0.080
vn -0.281 0.932 0.227
vn -0.085 0.994 0.069
vn -0.086 0.994 0.069
vn -0.310 0.932 0.186
vn -0.094 0.994 0.056
vn -0.094 0.994 0.056
vn -0.334 0.932 0.141
vn -0.101 0.994 0.043
vn -0.101 0.994 0.043
vn -0.349 0.933 0.093
vn -0.106 0.994 0.028
vn -0.106 0.994 0.028
vn -0.360 0.932 0.043
vn -0.109 0.994 0.013
vn -0.922 0.388 0.000
vn -0.914 0.386 -0.129
vn -0.886 0.387 -0.255
vn -0.842 0.386 -0.376
vn -0.799 0.387 -0.461
vn -0.782 0.386 -0.490
vn -0.705 0.387 -0.594
vn -0.616 0.386 -0.687
vn -0.513 0.387 -0.766
vn -0.461 0.386 -0.799
vn -0.401 0.386 -0.831
vn -0.282 0.386 -0.878
vn -0.156 0.386 -0.909
vn 0.000 0.386 -0.923
vn -0.028 0.386 -0.922
vn 0.101 0.388 -0.916
vn 0.228 0.386 -0.894
vn 0.351 0.387 -0.853
vn 0.467 0.386 -0.796
vn 0.573 0.386 -0.723
vn 0.668 0.387 -0.635
vn 0.751 0.386 -0.536
vn 0.799 0.387 -0.461
vn 0.818 0.388 -0.426
vn 0.870 0.386 -0.308
vn 0.904 0.387 -0.183
vn 0.922 0.388 0.000
vn 0.921 0.386 -0.055
vn 0.920 0.386 0.074
vn 0.900 0.387 0.202
vn 0.863 0.386 0.325
vn 0.809 0.387 0.442
vn 0.740 0.386 0.551
vn 0.655 0.386 0.649
vn 0.558 0.386 0.734
vn 0.461 0.386 0.799
vn 0.450 0.386 0.805
vn 0.333 0.388 0.859
vn 0.210 0.386 0.898
vn 0.083 0.387 0.918
vn 0.000 0.386 0.923
vn -0.046 0.386 0.921
vn -0.175 0.386 0.906
vn -0.299 0.387 0.872
vn -0.461 0.386 0.799
vn -0.418 0.386 0.822
vn -0.529 0.388 0.755
vn -0.629 0.386 0.675
vn -0.717 0.387 0.580
vn -0.791 0.386 0.474
vn -0.850 0.386 0.359
vn -0.891 0.387 0.237
vn -0.916 0.386 0.110
vn -0.922 0.388 0.000
vn -0.361 0.933 -0.007
vn -0.358 0.932 -0.058
vn -0.922 0.387 -0.019
vn -0.911 0.386 -0.147
vn -0.881 0.386 -0.273
vn -0.346 0.932 -0.107
vn -0.834 0.387 -0.393
vn -0.327 0.932 -0.154
vn -0.799 0.387 -0.461
vn -0.303 0.932 -0.199
vn -0.771 0.386 -0.506
vn -0.693 0.388 -0.608
vn -0.236 0.932 -0.275
vn -0.271 0.933 -0.238
vn -0.601 0.386 -0.700
vn -0.498 0.387 -0.776
vn -0.151 0.932 -0.329
vn -0.195 0.932 -0.304
vn -0.461 0.386 -0.799
vn -0.103 0.932 -0.347
vn -0.384 0.386 -0.839
vn -0.264 0.386 -0.884
vn -0.137 0.387 -0.912
vn -0.003 0.932 -0.362
vn -0.054 0.933 -0.357
vn -0.009 0.386 -0.923
vn 0.120 0.388 -0.914
vn 0.097 0.932 -0.349
vn 0.047 0.933 -0.357
vn 0.247 0.386 -0.889
vn 0.368 0.386 -0.846
vn 0.144 0.932 -0.332
vn 0.461 0.386 -0.799
vn 0.189 0.932 -0.308
vn 0.231 0.932 -0.279
vn 0.483 0.386 -0.786
vn 0.588 0.386 -0.711
vn 0.681 0.387 -0.622
vn 0.299 0.932 -0.205
vn 0.266 0.933 -0.243
vn 0.762 0.386 -0.521
vn 0.799 0.387 -0.461
vn 0.324 0.933 -0.160
vn 0.344 0.932 -0.114
vn 0.826 0.387 -0.409
vn 0.876 0.386 -0.290
vn 0.908 0.386 -0.165
vn 0.356 0.932 -0.065
vn 0.922 0.387 -0.036
vn 0.361 0.932 0.036
vn 0.361 0.932 -0.014
vn 0.922 0.388 0.000
vn 0.918 0.386 0.093
vn 0.895 0.388 0.220
vn 0.336 0.932 0.135
vn 0.350 0.933 0.086
vn 0.857 0.386 0.343
vn 0.800 0.387 0.459
vn 0.286 0.932 0.222
vn 0.314 0.932 0.180
vn 0.252 0.932 0.260
vn 0.728 0.386 0.566
vn 0.642 0.386 0.662
vn 0.543 0.387 0.745
vn 0.213 0.933 0.292
vn 0.461 0.386 0.799
vn 0.170 0.932 0.320
vn 0.434 0.386 0.814
vn 0.316 0.387 0.866
vn 0.075 0.932 0.354
vn 0.124 0.933 0.339
vn 0.192 0.386 0.902
vn 0.064 0.386 0.920
vn -0.026 0.932 0.361
vn 0.025 0.932 0.361
vn 0.000 0.386 0.923
vn -0.076 0.932 0.354
vn -0.065 0.386 0.920
vn -0.193 0.386 0.902
vn -0.317 0.388 0.866
vn -0.171 0.932 0.320
vn -0.124 0.933 0.339
vn -0.213 0.933 0.292
vn -0.461 0.386 0.799
vn -0.435 0.386 0.814
vn -0.252 0.932 0.260
vn -0.544 0.387 0.745
vn -0.643 0.386 0.662
vn -0.729 0.386 0.565
vn -0.286 0.932 0.222
vn -0.801 0.387 0.458
vn -0.337 0.932 0.134
vn -0.314 0.932 0.179
vn -0.857 0.386 0.342
vn -0.895 0.388 0.219
vn -0.361 0.932 0.036
vn -0.350 0.933 0.085
vn -0.918 0.386 0.092
vn -0.922 0.388 0.000
vn -0.361 0.932 -0.015
vn -0.356 0.932 -0.065
vn -0.921 0.387 -0.037
vn -0.344 0.932 -0.114
vn -0.907 0.386 -0.166
vn -0.875 0.386 -0.291
vn -0.826 0.387 -0.410
vn -0.299 0.932 -0.205
vn -0.323 0.933 -0.161
vn -0.799 0.387 -0.461
vn -0.761 0.386 -0.522
vn -0.680 0.387 -0.622
vn -0.231 0.932 -0.280
vn -0.266 0.933 -0.244
vn -0.587 0.386 -0.712
vn -0.482 0.386 -0.787
vn -0.189 0.932 -0.309
vn -0.367 0.386 -0.846
vn -0.096 0.932 -0.349
vn -0.144 0.932 -0.332
vn -0.246 0.386 -0.889
vn -0.119 0.388 -0.914
vn -0.046 0.933 -0.358
vn 0.000 0.386 -0.923
vn 0.004 0.932 -0.362
vn 0.010 0.386 -0.923
vn 0.139 0.387 -0.912
vn 0.104 0.932 -0.347
vn 0.054 0.932 -0.357
vn 0.265 0.386 -0.884
vn 0.385 0.386 -0.838
vn 0.151 0.932 -0.329
vn 0.461 0.386 -0.799
vn 0.195 0.932 -0.304
vn 0.237 0.932 -0.275
vn 0.499 0.387 -0.776
vn 0.602 0.386 -0.699
vn 0.693 0.388 -0.607
vn 0.303 0.932 -0.198
vn 0.271 0.933 -0.238
vn 0.327 0.932 -0.154
vn 0.799 0.387 -0.461
vn 0.772 0.386 -0.505
vn 0.346 0.932 -0.107
vn 0.835 0.387 -0.392
vn 0.358 0.932 -0.057
vn 0.881 0.386 -0.272
vn 0.911 0.386 -0.146
vn 0.922 0.387 -0.018
vn 0.360 0.932 0.044
vn 0.361 0.933 -0.007
vn 0.916 0.386 0.111
vn 0.891 0.387 0.238
vn 0.334 0.932 0.141
vn 0.349 0.933 0.093
vn 0.849 0.386 0.360
vn 0.799 0.387 0.461
vn 0.310 0.932 0.186
vn 0.791 0.386 0.475
vn 0.716 0.387 0.581
vn 0.247 0.932 0.265
vn 0.281 0.932 0.228
vn 0.629 0.386 0.675
vn 0.528 0.388 0.756
vn 0.206 0.933 0.296
vn 0.461 0.386 0.799
vn 0.164 0.932 0.323
vn 0.417 0.386 0.823
vn 0.298 0.387 0.873
vn 0.068 0.932 0.356
vn 0.117 0.932 0.342
vn 0.018 0.932 0.362
vn 0.173 0.386 0.906
vn -0.033 0.932 0.360
vn 0.000 0.386 0.923
vn 0.045 0.386 0.921
vn -0.083 0.932 0.353
vn -0.084 0.387 0.918
vn -0.211 0.386 0.898
vn -0.334 0.388 0.859
vn -0.177 0.932 0.316
vn -0.131 0.933 0.336
vn -0.451 0.386 0.805
vn -0.559 0.386 0.734
vn -0.257 0.932 0.254
vn -0.219 0.932 0.288
vn -0.291 0.932 0.216
vn -0.656 0.386 0.648
vn -0.740 0.386 0.551
vn -0.799 0.387 0.461
vn -0.317 0.933 0.173
vn -0.339 0.932 0.127
vn -0.809 0.387 0.441
vn -0.864 0.386 0.324
vn -0.900 0.387 0.200
vn -0.361 0.932 0.029
vn -0.352 0.933 0.078
vn -0.920 0.386 0.073
vn -0.922 0.388 0.000
vn -0.361 0.932 -0.022
vn -0.921 0.386 -0.056
vn -0.904 0.387 -0.184
vn -0.342 0.932 -0.121
vn -0.354 0.932 -0.072
vn -0.869 0.386 -0.309
vn -0.817 0.388 -0.427
vn -0.295 0.932 -0.211
vn -0.319 0.933 -0.167
vn -0.799 0.387 -0.461
vn -0.750 0.386 -0.537
vn -0.668 0.387 -0.636
vn -0.225 0.932 -0.284
vn -0.262 0.932 -0.249
vn -0.183 0.932 -0.313
vn -0.572 0.386 -0.724
vn -0.466 0.386 -0.796
vn -0.350 0.387 -0.853
vn -0.089 0.932 -0.351
vn -0.137 0.933 -0.334
vn -0.227 0.386 -0.894
vn -0.100 0.388 -0.916
vn -0.039 0.933 -0.358
vn 0.000 0.386 -0.923
vn 0.011 0.932 -0.362
vn 0.029 0.386 -0.922
vn 0.157 0.386 -0.909
vn 0.111 0.932 -0.344
vn 0.062 0.932 -0.356
vn 0.158 0.932 -0.326
vn 0.283 0.386 -0.878
vn 0.402 0.386 -0.830
vn 0.461 0.386 -0.799
vn 0.201 0.933 -0.299
vn 0.242 0.932 -0.270
vn 0.514 0.387 -0.765
vn 0.616 0.386 -0.687
vn 0.706 0.387 -0.593
vn 0.307 0.932 -0.192
vn 0.276 0.933 -0.232
vn 0.331 0.932 -0.147
vn 0.799 0.387 -0.461
vn 0.782 0.386 -0.489
vn 0.843 0.386 -0.375
vn 0.887 0.387 -0.254
vn 0.359 0.932 -0.050
vn 0.347 0.932 -0.099
vn 0.914 0.386 -0.128
vn 0.922 0.388 0.001
vn 0.359 0.932 0.051
vn 0.360 0.933 0.000
vn 0.913 0.386 0.130
vn 0.886 0.387 0.256
vn 0.330 0.932 0.148
vn 0.347 0.932 0.100
vn 0.842 0.386 0.377
vn 0.799 0.387 0.461
vn 0.307 0.932 0.193
vn 0.781 0.386 0.491
vn 0.704 0.387 0.595
vn 0.242 0.932 0.270
vn 0.276 0.933 0.233
vn 0.615 0.386 0.688
vn 0.512 0.387 0.767
vn 0.157 0.932 0.326
vn 0.200 0.933 0.300
vn 0.461 0.386 0.799
vn 0.400 0.386 0.831
vn 0.280 0.386 0.879
vn 0.110 0.932 0.345
vn 0.155 0.386 0.909
vn 0.010 0.932 0.362
vn 0.061 0.932 0.357
vn -0.040 0.933 0.358
vn 0.000 0.386 0.923
vn 0.027 0.386 0.922
vn -0.090 0.932 0.351
vn -0.102 0.388 0.916
vn -0.230 0.386 0.894
vn -0.352 0.387 0.852
vn -0.184 0.932 0.312
vn -0.138 0.932 0.334
vn -0.468 0.386 0.795
vn -0.574 0.386 0.722
vn -0.225 0.932 0.283
vn -0.669 0.387 0.635
vn -0.295 0.932 0.210
vn -0.262 0.932 0.249
vn -0.751 0.386 0.535
vn -0.799 0.387 0.461
vn -0.320 0.933 0.166
vn -0.342 0.932 0.120
vn -0.818 0.388 0.425
vn -0.870 0.386 0.307
vn -0.904 0.387 0.182
vn -0.361 0.932 0.021
vn -0.354 0.932 0.071
vn -0.361 0.932 -0.029
vn -0.922 0.388 0.000
vn -0.921 0.386 0.054
vn -0.920 0.386 -0.075
vn -0.899 0.387 -0.203
vn -0.339 0.932 -0.128
vn -0.352 0.933 -0.079
vn -0.863 0.386 -0.326
vn -0.808 0.387 -0.443
vn -0.290 0.932 -0.217
vn -0.316 0.933 -0.174
vn -0.739 0.386 -0.552
vn -0.655 0.386 -0.650
vn -0.257 0.932 -0.255
vn -0.557 0.387 -0.735
vn -0.219 0.932 -0.288
vn -0.461 0.386 -0.799
vn -0.177 0.932 -0.316
vn -0.449 0.386 -0.806
vn -0.332 0.388 -0.860
vn -0.082 0.932 -0.353
vn -0.130 0.933 -0.336
vn -0.209 0.386 -0.899
vn -0.082 0.387 -0.919
vn -0.032 0.932 -0.360
vn 0.000 0.386 -0.923
vn 0.019 0.932 -0.362
vn 0.069 0.932 -0.355
vn 0.048 0.386 -0.921
vn 0.176 0.386 -0.906
vn 0.300 0.387 -0.872
vn 0.165 0.932 -0.323
vn 0.118 0.932 -0.342
vn 0.207 0.933 -0.295
vn 0.461 0.386 -0.799
vn 0.419 0.386 -0.822
vn 0.248 0.932 -0.265
vn 0.529 0.388 -0.755
vn 0.630 0.386 -0.674
vn 0.718 0.386 -0.579
vn 0.311 0.932 -0.186
vn 0.281 0.932 -0.227
vn 0.334 0.932 -0.141
vn 0.792 0.386 -0.473
vn 0.850 0.386 -0.358
vn 0.891 0.387 -0.236
vn 0.360 0.932 -0.043
vn 0.349 0.933 -0.092
vn 0.916 0.386 -0.109
vn 0.922 0.388 0.000
vn 0.361 0.933 0.008
vn 0.358 0.932 0.058
vn 0.922 0.387 0.020
vn 0.911 0.386 0.149
vn 0.881 0.386 0.274
vn 0.346 0.932 0.108
vn 0.834 0.387 0.394
vn 0.327 0.932 0.155
vn 0.799 0.387 0.461
vn 0.303 0.932 0.199
vn 0.771 0.386 0.507
vn 0.692 0.388 0.609
vn 0.236 0.932 0.275
vn 0.270 0.933 0.238
vn 0.601 0.386 0.700
vn 0.497 0.387 0.777
vn 0.150 0.932 0.329
vn 0.195 0.932 0.304
vn 0.461 0.386 0.799
vn 0.103 0.932 0.347
vn 0.383 0.386 0.839
vn 0.263 0.386 0.884
vn 0.136 0.387 0.912
vn 0.003 0.932 0.362
vn 0.053 0.933 0.357
vn 0.008 0.386 0.923
vn -0.121 0.388 0.914
vn -0.097 0.932 0.349
vn -0.047 0.933 0.357
vn -0.248 0.386 0.889
vn -0.369 0.386 0.845
vn -0.145 0.932 0.331
vn -0.461 0.386 0.799
vn -0.190 0.932 0.308
vn -0.231 0.932 0.279
vn -0.484 0.386 0.785
vn -0.589 0.386 0.710
vn -0.682 0.387 0.621
vn -0.299 0.932 0.204
vn -0.267 0.933 0.243
vn -0.762 0.386 0.520
vn -0.799 0.387 0.461
vn -0.324 0.933 0.160
vn -0.344 0.932 0.113
vn -0.827 0.387 0.408
vn -0.876 0.386 0.289
vn -0.908 0.386 0.164
vn -0.356 0.932 0.064
vn -0.922 0.387 0.035
vn -0.361 0.932 -0.037
vn -0.361 0.932 0.014
vn -0.922 0.388 0.000
vn -0.918 0.386 -0.094
vn -0.895 0.388 -0.221
vn -0.336 0.932 -0.135
vn -0.350 0.933 -0.086
vn -0.856 0.386 -0.344
vn -0.799 0.387 -0.460
vn -0.285 0.932 -0.223
vn -0.313 0.932 -0.180
vn -0.252 0.932 -0.260
vn -0.728 0.386 -0.567
vn -0.641 0.386 -0.663
vn -0.542 0.387 -0.746
vn -0.212 0.933 -0.292
vn -0.461 0.386 -0.799
vn -0.170 0.932 -0.320
vn -0.433 0.386 -0.815
vn -0.315 0.387 -0.867
vn -0.075 0.932 -0.354
vn -0.123 0.933 -0.339
vn -0.191 0.386 -0.903
vn -0.063 0.386 -0.920
vn 0.026 0.932 -0.361
vn -0.025 0.932 -0.361
vn 0.000 0.386 -0.923
vn 0.076 0.932 -0.354
vn 0.066 0.386 -0.920
vn 0.194 0.386 -0.902
vn 0.318 0.388 -0.865
vn 0.171 0.932 -0.319
vn 0.124 0.933 -0.338
vn 0.213 0.933 -0.291
vn 0.461 0.386 -0.799
vn 0.436 0.386 -0.813
vn 0.253 0.932 -0.259
vn 0.545 0.387 -0.744
vn 0.644 0.386 -0.661
vn 0.730 0.386 -0.565
vn 0.286 0.932 -0.222
vn 0.801 0.387 -0.457
vn 0.337 0.932 -0.134
vn 0.314 0.932 -0.179
vn 0.857 0.386 -0.341
vn 0.896 0.388 -0.218
vn 0.361 0.932 -0.036
vn 0.350 0.933 -0.085
vn 0.918 0.386 -0.090
vn 0.922 0.388 0.000
vn 0.361 0.932 0.015
vn 0.356 0.932 0.066
vn 0.921 0.387 0.039
vn -0.706 0.387 0.593
vn -0.636 0.557 0.534
vn -0.610 0.563 0.558
vn -0.409 0.598 0.690
vn -0.515 0.388 0.765
vn -0.617 0.386 0.686
vn -0.403 0.386 0.830
vn -0.461 0.386 0.799
vn -0.253 0.622 0.741
vn -0.284 0.386 0.878
vn -0.037 0.650 0.759
vn -0.158 0.386 0.909
vn 0.113 0.670 0.734
vn 0.099 0.387 0.917
vn 0.000 0.386 0.923
vn 0.293 0.693 0.659
vn 0.349 0.387 0.854
vn 0.226 0.386 0.894
vn 0.406 0.711 0.574
vn 0.465 0.386 0.797
vn 0.523 0.730 0.441
vn 0.667 0.387 0.637
vn 0.585 0.743 0.323
vn 0.799 0.387 0.461
vn 0.750 0.386 0.538
vn 0.816 0.388 0.428
vn 0.629 0.759 0.167
vn 0.869 0.386 0.310
vn 0.637 0.770 0.042
vn 0.921 0.386 0.057
vn 0.903 0.387 0.185
vn 0.626 0.778 -0.049
vn 0.920 0.386 -0.072
vn 0.922 0.388 0.000
vn 0.900 0.387 -0.199
vn 0.570 0.793 -0.215
vn 0.864 0.386 -0.323
vn 0.810 0.387 -0.440
vn 0.741 0.386 -0.550
vn 0.799 0.387 -0.461
vn 0.525 0.801 -0.286
vn 0.494 0.804 -0.330
vn 0.475 0.807 -0.352
vn 0.657 0.386 -0.647
vn 0.560 0.386 -0.733
vn 0.414 0.814 -0.408
vn 0.413 0.814 -0.409
vn 0.452 0.386 -0.804
vn 0.348 0.820 -0.455
vn 0.306 0.823 -0.478
vn 0.335 0.388 -0.859
vn 0.277 0.825 -0.493
vn 0.204 0.832 -0.516
vn 0.212 0.386 -0.898
vn 0.202 0.832 -0.517
vn 0.085 0.387 -0.918
vn 0.126 0.836 -0.534
vn 0.088 0.839 -0.537
vn 0.000 0.386 -0.923
vn 0.050 0.842 -0.537
vn -0.044 0.386 -0.921
vn -0.015 0.845 -0.534
vn -0.026 0.846 -0.532
vn -0.172 0.386 -0.906
vn -0.297 0.387 -0.873
vn -0.098 0.851 -0.516
vn -0.123 0.852 -0.509
vn -0.416 0.386 -0.823
vn -0.167 0.856 -0.490
vn -0.214 0.859 -0.466
vn -0.287 0.865 -0.412
vn -0.527 0.388 -0.756
vn -0.461 0.386 -0.799
vn -0.231 0.859 -0.456
vn -0.628 0.386 -0.676
vn -0.297 0.865 -0.404
vn -0.716 0.387 -0.582
vn -0.338 0.868 -0.364
vn -0.362 0.871 -0.333
vn -0.790 0.386 -0.476
vn -0.380 0.872 -0.309
vn -0.413 0.875 -0.251
vn -0.439 0.879 -0.187
vn -0.849 0.386 -0.361
vn -0.799 0.387 -0.461
vn -0.414 0.875 -0.250
vn -0.890 0.387 -0.239
vn -0.446 0.880 -0.164
vn -0.916 0.386 -0.112
vn -0.454 0.883 -0.122
vn -0.461 0.884 -0.074
vn -0.922 0.387 0.017
vn -0.462 0.885 -0.057
vn -0.911 0.386 0.145
vn -0.457 0.889 0.008
vn -0.457 0.889 0.017
vn -0.882 0.386 0.271
vn -0.448 0.891 0.071
vn -0.437 0.894 0.101
vn -0.835 0.386 0.391
vn -0.427 0.895 0.131
vn -0.404 0.897 0.181
vn -0.399 0.897 0.187
vn -0.366 0.900 0.239
vn -0.799 0.387 0.461
vn -0.773 0.386 0.504
vn -0.694 0.388 0.607
vn -0.358 0.900 0.248
vn -0.603 0.386 0.698
vn -0.323 0.903 0.282
vn -0.297 0.904 0.308
vn -0.499 0.387 0.775
vn -0.278 0.905 0.322
vn -0.231 0.908 0.350
vn -0.174 0.910 0.377
vn -0.386 0.386 0.838
vn -0.461 0.386 0.799
vn -0.227 0.908 0.353
vn -0.266 0.386 0.883
vn -0.156 0.911 0.382
vn -0.140 0.387 0.911
vn -0.118 0.912 0.393
vn -0.084 0.913 0.399
vn -0.075 0.914 0.400
vn -0.061 0.914 0.400
vn -0.005 0.916 0.401
vn -0.011 0.386 0.923
vn 0.000 0.386 0.923
vn 0.050 0.919 0.391
vn 0.118 0.388 0.914
vn -0.004 0.916 0.401
vn 0.245 0.386 0.890
vn 0.065 0.919 0.389
vn 0.076 0.919 0.387
vn 0.366 0.386 0.847
vn 0.104 0.920 0.378
vn 0.138 0.922 0.361
vn 0.197 0.924 0.329
vn 0.481 0.386 0.787
vn 0.154 0.922 0.355
vn 0.586 0.386 0.712
vn 0.200 0.924 0.327
vn 0.206 0.924 0.321
vn 0.679 0.387 0.623
vn 0.241 0.925 0.293
vn 0.254 0.926 0.279
vn 0.760 0.386 0.523
vn 0.275 0.928 0.252
vn 0.294 0.928 0.229
vn 0.301 0.928 0.218
vn 0.306 0.929 0.210
vn 0.327 0.931 0.163
vn 0.799 0.387 0.461
vn 0.825 0.387 0.411
vn 0.875 0.386 0.292
vn 0.327 0.931 0.162
vn 0.907 0.386 0.167
vn 0.344 0.932 0.115
vn 0.345 0.932 0.108
vn 0.346 0.932 0.104
vn 0.355 0.934 0.032
vn 0.351 0.936 -0.026
vn 0.349 0.936 -0.041
vn 0.333 0.938 -0.095
vn 0.309 0.940 -0.146
vn 0.270 0.941 -0.203
vn 0.232 0.943 -0.241
vn 0.219 0.943 -0.251
vn 0.174 0.945 -0.278
vn 0.127 0.946 -0.299
vn 0.111 0.946 -0.303
vn 0.062 0.947 -0.315
vn 0.013 0.948 -0.317
vn -0.052 0.950 -0.308
vn -0.097 0.951 -0.293
vn -0.114 0.952 -0.286
vn -0.154 0.952 -0.264
vn -0.190 0.953 -0.235
vn -0.232 0.955 -0.187
vn -0.255 0.955 -0.149
vn -0.262 0.956 -0.132
vn -0.277 0.957 -0.091
vn -0.285 0.957 -0.049
vn -0.284 0.959 0.012
vn -0.277 0.959 0.052
vn -0.271 0.960 0.071
vn -0.257 0.960 0.109
vn -0.237 0.961 0.143
vn -0.225 0.961 0.159
vn -0.198 0.962 0.187
vn -0.168 0.963 0.212
vn -0.118 0.964 0.240
vn -0.082 0.964 0.252
vn -0.062 0.964 0.257
vn -0.026 0.965 0.260
vn 0.010 0.966 0.260
vn 0.065 0.966 0.248
vn 0.031 0.966 0.255
vn 0.098 0.967 0.234
vn 0.073 0.967 0.246
vn 0.116 0.967 0.226
vn 0.144 0.968 0.205
vn 0.170 0.968 0.183
vn 0.203 0.969 0.140
vn 0.183 0.969 0.167
vn 0.218 0.970 0.110
vn 0.206 0.969 0.136
vn 0.226 0.970 0.091
vn 0.233 0.971 0.060
vn 0.239 0.971 0.028
vn 0.237 0.971 -0.025
vn 0.232 0.972 -0.046
vn 0.228 0.972 -0.055
vn 0.223 0.972 -0.075
vn 0.227 0.972 -0.060
vn 0.209 0.973 -0.103
vn 0.193 0.973 -0.129
vn 0.158 0.973 -0.166
vn 0.134 0.974 -0.183
vn 0.116 0.974 -0.195
vn 0.089 0.974 -0.206
vn 0.103 0.974 -0.201
vn 0.062 0.975 -0.215
vn 0.040 0.975 -0.219
vn 0.012 0.975 -0.221
vn -0.016 0.976 -0.219
vn -0.037 0.976 -0.215
vn -0.063 0.976 -0.208
vn -0.050 0.976 -0.213
vn -0.089 0.976 -0.197
vn -0.107 0.977 -0.187
vn -0.129 0.977 -0.170
vn -0.148 0.977 -0.152
vn -0.162 0.977 -0.135
vn -0.177 0.978 -0.114
vn -0.169 0.977 -0.126
vn -0.188 0.978 -0.090
vn -0.196 0.978 -0.071
vn -0.201 0.978 -0.045
vn -0.205 0.979 -0.020
vn -0.204 0.979 0.001
vn -0.202 0.979 0.026
vn -0.195 0.979 0.050
vn -0.199 0.979 0.040
vn -0.189 0.979 0.071
vn -0.177 0.980 0.092
vn -0.165 0.980 0.113
vn -0.150 0.980 0.129
vn -0.134 0.980 0.146
vn -0.143 0.980 0.136
vn -0.114 0.981 0.159
vn -0.123 0.980 0.154
vn -0.096 0.981 0.171
vn -0.074 0.981 0.179
vn -0.052 0.981 0.187
vn -0.038 0.981 0.189
vn -0.031 0.981 0.190
vn -0.008 0.981 0.192
vn -0.021 0.982 0.190
vn 0.014 0.982 0.190
vn 0.035 0.982 0.186
vn 0.057 0.982 0.180
vn 0.077 0.982 0.171
vn 0.096 0.982 0.161
vn 0.113 0.983 0.148
vn 0.103 0.983 0.155
vn 0.129 0.983 0.133
vn 0.143 0.983 0.116
vn 0.124 0.983 0.139
vn 0.155 0.983 0.099
vn 0.164 0.983 0.080
vn 0.172 0.983 0.060
vn 0.176 0.984 0.040
vn 0.174 0.983 0.050
vn 0.179 0.984 0.019
vn 0.178 0.984 -0.002
vn 0.179 0.984 0.025
vn 0.177 0.984 -0.023
vn 0.171 0.984 -0.042
vn 0.166 0.984 -0.063
vn 0.170 0.984 -0.049
vn 0.156 0.985 -0.080
vn 0.161 0.984 -0.072
vn 0.146 0.984 -0.097
vn 0.132 0.985 -0.113
vn 0.149 0.984 -0.093
vn 0.123 0.985 -0.123
vn 0.102 0.985 -0.139
vn 0.118 0.985 -0.127
vn 0.085 0.985 -0.150
vn 0.096 0.985 -0.143
vn 0.067 0.985 -0.157
vn 0.075 0.985 -0.155
vn 0.047 0.985 -0.164
vn 0.033 0.985 -0.167
vn 0.049 0.985 -0.164
vn 0.052 0.985 -0.162
vn 0.009 0.986 -0.169
vn 0.028 0.986 -0.167
vn -0.010 0.986 -0.168
vn 0.005 0.986 -0.169
vn -0.012 0.986 -0.168
vn -0.030 0.986 -0.165
vn -0.018 0.986 -0.166
vn -0.048 0.986 -0.160
vn -0.041 0.986 -0.162
vn -0.068 0.986 -0.152
vn -0.084 0.986 -0.143
vn -0.065 0.986 -0.153
vn -0.063 0.986 -0.153
vn -0.091 0.986 -0.137
vn -0.098 0.986 -0.132
vn -0.112 0.986 -0.120
vn -0.102 0.986 -0.129
vn -0.114 0.986 -0.118
vn -0.125 0.987 -0.104
vn -0.118 0.987 -0.113
vn -0.136 0.987 -0.090
vn -0.143 0.987 -0.075
vn -0.133 0.987 -0.095
vn -0.145 0.987 -0.071
vn -0.149 0.987 -0.062
vn -0.143 0.987 -0.074
vn -0.152 0.987 -0.055
vn -0.155 0.987 -0.038
vn -0.152 0.987 -0.054
vn -0.159 0.987 -0.021
vn -0.157 0.987 -0.032
vn -0.159 0.987 -0.017
vn -0.158 0.987 0.000
vn -0.159 0.987 -0.010
vn -0.158 0.987 0.017
vn -0.154 0.987 0.034
vn -0.158 0.987 0.013
vn -0.153 0.988 0.037
vn -0.148 0.988 0.054
vn -0.154 0.988 0.034
vn -0.141 0.988 0.069
vn -0.147 0.988 0.055
vn -0.132 0.988 0.083
vn -0.137 0.988 0.075
vn -0.130 0.988 0.087
vn -0.119 0.988 0.099
vn -0.125 0.988 0.093
vn -0.108 0.988 0.111
vn -0.095 0.988 0.121
vn -0.110 0.988 0.109
vn -0.085 0.988 0.127
vn -0.091 0.988 0.124
vn -0.078 0.988 0.133
vn -0.093 0.988 0.123
vn -0.063 0.988 0.139
vn -0.075 0.988 0.134
vn -0.048 0.988 0.145
vn -0.044 0.988 0.146
vn -0.055 0.988 0.142
vn -0.028 0.988 0.149
vn -0.035 0.988 0.148
vn 0.000 0.989 0.151
vn -0.012 0.989 0.151
vn -0.014 0.989 0.150
vn 0.004 0.989 0.151
vn 0.024 0.989 0.148
vn 0.009 0.989 0.150
vn 0.007 0.989 0.150
vn 0.039 0.989 0.144
vn 0.028 0.989 0.147
vn 0.054 0.989 0.138
vn 0.058 0.989 0.137
vn 0.048 0.989 0.141
vn 0.072 0.989 0.130
vn 0.084 0.989 0.121
vn 0.067 0.989 0.133
vn 0.097 0.989 0.111
vn 0.084 0.989 0.120
vn 0.104 0.989 0.104
vn 0.110 0.989 0.096
vn 0.100 0.989 0.108
vn 0.120 0.989 0.084
vn 0.114 0.989 0.092
vn 0.127 0.989 0.071
vn 0.129 0.989 0.066
vn 0.125 0.989 0.075
vn 0.135 0.989 0.053
vn 0.139 0.990 0.038
vn 0.134 0.989 0.057
vn 0.141 0.990 0.028
vn 0.139 0.990 0.037
vn 0.142 0.990 0.024
vn 0.143 0.990 0.018
vn 0.143 0.990 0.004
vn 0.143 0.990 0.017
vn 0.142 0.990 0.000
vn 0.143 0.990 -0.011
vn 0.143 0.990 -0.003
vn 0.138 0.990 -0.031
vn 0.140 0.990 -0.025
vn 0.141 0.990 -0.023
vn 0.135 0.990 -0.045
vn 0.129 0.990 -0.058
vn 0.136 0.990 -0.042
vn 0.122 0.990 -0.070
vn 0.128 0.990 -0.060
vn 0.119 0.990 -0.075
vn 0.110 0.990 -0.086
vn 0.118 0.990 -0.077
vn 0.101 0.990 -0.097
vn 0.105 0.990 -0.092
vn 0.085 0.990 -0.110
vn 0.090 0.990 -0.106
vn 0.091 0.990 -0.106
vn 0.062 0.990 -0.124
vn 0.074 0.990 -0.117
vn 0.075 0.990 -0.117
vn 0.053 0.990 -0.127
vn 0.048 0.991 -0.128
vn 0.058 0.990 -0.126
vn 0.043 0.990 -0.131
vn 0.030 0.991 -0.134
vn 0.039 0.990 -0.132
vn 0.016 0.991 -0.135
vn 0.002 0.991 -0.137
vn 0.021 0.991 -0.135
vn -0.004 0.991 -0.136
vn -0.017 0.991 -0.134
vn 0.001 0.991 -0.137
vn -0.026 0.991 -0.133
vn -0.031 0.991 -0.132
vn -0.043 0.991 -0.128
vn -0.036 0.991 -0.131
vn -0.049 0.991 -0.125
vn -0.061 0.991 -0.120
vn -0.054 0.991 -0.123
vn -0.072 0.991 -0.112
vn -0.083 0.991 -0.105
vn -0.070 0.991 -0.114
vn -0.094 0.991 -0.094
vn -0.088 0.991 -0.100
vn -0.085 0.991 -0.103
vn -0.097 0.991 -0.091
vn -0.105 0.991 -0.081
vn -0.098 0.991 -0.089
vn -0.112 0.991 -0.070
vn -0.115 0.991 -0.064
vn -0.109 0.991 -0.075
vn -0.121 0.991 -0.052
vn -0.118 0.991 -0.058
vn -0.128 0.991 -0.028
vn -0.125 0.991 -0.040
vn -0.125 0.991 -0.041
vn -0.130 0.991 -0.008
vn -0.129 0.991 -0.021
vn -0.129 0.991 -0.024
vn -0.129 0.992 0.000
vn -0.130 0.992 0.004
vn -0.130 0.992 -0.005
vn -0.129 0.992 0.017
vn -0.127 0.992 0.024
vn -0.129 0.992 0.013
vn -0.124 0.992 0.036
vn -0.125 0.992 0.030
vn -0.114 0.992 0.058
vn -0.120 0.992 0.047
vn -0.107 0.992 0.071
vn -0.111 0.992 0.065
vn -0.104 0.992 0.075
vn -0.111 0.992 0.064
vn -0.095 0.992 0.084
vn -0.101 0.992 0.078
vn -0.090 0.992 0.090
vn -0.082 0.992 0.097
vn -0.087 0.992 0.093
vn -0.089 0.992 0.091
vn -0.071 0.992 0.104
vn -0.061 0.992 0.111
vn -0.074 0.992 0.102
vn -0.050 0.992 0.115
vn -0.060 0.992 0.111
vn -0.048 0.992 0.116
vn -0.032 0.992 0.121
vn -0.043 0.992 0.117
vn -0.020 0.992 0.123
vn -0.026 0.992 0.123
vn -0.001 0.992 0.125
vn -0.008 0.992 0.124
vn -0.009 0.992 0.124
vn 0.022 0.992 0.122
vn 0.009 0.992 0.124
vn 0.011 0.992 0.123
vn 0.024 0.992 0.121
vn 0.034 0.992 0.119
vn 0.026 0.992 0.121
vn 0.041 0.992 0.116
vn 0.047 0.992 0.113
vn 0.051 0.992 0.112
vn 0.042 0.992 0.115
vn 0.061 0.992 0.106
vn 0.058 0.992 0.108
vn 0.068 0.993 0.101
vn 0.071 0.993 0.099
vn 0.077 0.993 0.095
vn 0.072 0.993 0.099
vn 0.092 0.993 0.078
vn 0.085 0.993 0.087
vn 0.085 0.993 0.087
vn 0.101 0.993 0.067
vn 0.103 0.993 0.063
vn 0.100 0.993 0.069
vn 0.096 0.993 0.074
vn 0.108 0.993 0.053
vn 0.105 0.993 0.060
vn 0.111 0.993 0.046
vn 0.115 0.993 0.031
vn 0.113 0.993 0.042
vn 0.112 0.993 0.045
vn 0.117 0.993 0.024
vn 0.119 0.993 0.013
vn 0.116 0.993 0.028
vn 0.119 0.993 0.002
vn 0.119 0.993 0.012
vn 0.119 0.993 0.000
vn 0.119 0.993 -0.009
vn 0.118 0.993 -0.017
vn 0.119 0.993 -0.005
vn 0.115 0.993 -0.027
vn 0.116 0.993 -0.023
vn 0.117 0.993 -0.021
vn 0.109 0.993 -0.045
vn 0.112 0.993 -0.038
vn 0.112 0.993 -0.037
vn 0.108 0.993 -0.048
vn 0.103 0.993 -0.055
vn 0.098 0.993 -0.064
vn 0.105 0.993 -0.052
vn 0.098 0.993 -0.065
vn 0.092 0.993 -0.073
vn 0.097 0.993 -0.066
vn 0.083 0.993 -0.083
vn 0.079 0.993 -0.086
vn 0.084 0.993 -0.080
vn 0.086 0.993 -0.078
vn 0.070 0.993 -0.092
vn 0.074 0.993 -0.090
vn 0.064 0.993 -0.096
vn 0.061 0.993 -0.098
vn 0.052 0.993 -0.104
vn 0.061 0.993 -0.099
vn 0.035 0.993 -0.110
vn 0.045 0.993 -0.106
vn 0.046 0.993 -0.106
vn 0.025 0.993 -0.112
vn 0.022 0.993 -0.113
vn 0.031 0.993 -0.111
vn 0.006 0.993 -0.114
vn 0.014 0.993 -0.113
vn 0.015 0.993 -0.113
vn 0.000 0.993 -0.115
vn -0.004 0.993 -0.114
vn -0.014 0.994 -0.113
vn -0.001 0.993 -0.115
vn -0.022 0.993 -0.112
vn -0.025 0.993 -0.111
vn -0.017 0.994 -0.112
vn -0.042 0.994 -0.105
vn -0.032 0.994 -0.109
vn -0.043 0.994 -0.104
vn -0.051 0.994 -0.101
vn -0.047 0.994 -0.103
vn -0.060 0.994 -0.095
vn -0.066 0.994 -0.091
vn -0.062 0.994 -0.093
vn -0.061 0.994 -0.095
vn -0.079 0.994 -0.079
vn -0.074 0.994 -0.084
vn -0.073 0.994 -0.085
vn -0.081 0.994 -0.077
vn -0.088 0.994 -0.069
vn -0.084 0.994 -0.073
vn -0.093 0.994 -0.063
vn -0.093 0.994 -0.062
vn -0.097 0.994 -0.054
vn -0.093 0.994 -0.061
vn -0.103 0.994 -0.043
vn -0.105 0.994 -0.035
vn -0.102 0.994 -0.045
vn -0.100 0.994 -0.047
vn -0.107 0.994 -0.028
vn -0.106 0.994 -0.033
vn -0.108 0.994 -0.022
vn -0.109 0.994 -0.018
vn -0.110 0.994 -0.008
vn -0.109 0.994 -0.018
vn -0.109 0.994 0.000
vn -0.109 0.994 0.002
vn -0.110 0.994 -0.002
vn 0.179 0.973 -0.145
vn 0.238 0.971 0.007
vn -0.151 0.963 0.222
vn -0.286 0.958 -0.030
vn -0.204 0.953 -0.222
vn -0.005 0.949 -0.316
vn 0.301 0.941 -0.158
vn 0.348 0.933 0.091
vn 0.613 0.783 -0.105
vn 0.571 0.386 0.724
vn -0.030 0.386 0.922
vn 0.359 -0.932 0.051
vn 0.914 -0.386 0.129
vn 0.922 -0.388 0.000
vn 0.347 -0.932 0.100
vn 0.886 -0.387 0.255
vn 0.330 -0.932 0.148
vn 0.842 -0.386 0.376
vn 0.307 -0.932 0.192
vn 0.799 -0.387 0.461
vn 0.781 -0.386 0.490
vn 0.276 -0.933 0.233
vn 0.705 -0.387 0.594
vn 0.242 -0.932 0.270
vn 0.616 -0.386 0.687
vn 0.201 -0.933 0.300
vn 0.513 -0.387 0.766
vn 0.158 -0.932 0.326
vn 0.401 -0.386 0.831
vn 0.461 -0.386 0.799
vn 0.110 -0.932 0.345
vn 0.281 -0.386 0.878
vn 0.061 -0.932 0.356
vn 0.156 -0.386 0.909
vn 0.011 -0.932 0.362
vn 0.028 -0.386 0.922
vn -0.040 -0.933 0.358
vn -0.101 -0.388 0.916
vn 0.000 -0.386 0.923
vn -0.090 -0.932 0.351
vn -0.229 -0.386 0.894
vn -0.137 -0.933 0.334
vn -0.351 -0.387 0.853
vn -0.183 -0.932 0.312
vn -0.467 -0.386 0.796
vn -0.225 -0.932 0.284
vn -0.573 -0.386 0.723
vn -0.262 -0.932 0.249
vn -0.668 -0.387 0.635
vn -0.295 -0.932 0.211
vn -0.751 -0.386 0.536
vn -0.320 -0.933 0.166
vn -0.799 -0.387 0.461
vn -0.818 -0.388 0.426
vn -0.342 -0.932 0.121
vn -0.870 -0.386 0.308
vn -0.354 -0.932 0.072
vn -0.904 -0.387 0.183
vn -0.361 -0.932 0.022
vn -0.921 -0.386 0.055
vn -0.361 -0.932 -0.029
vn -0.920 -0.386 -0.074
vn -0.922 -0.388 0.000
vn -0.352 -0.933 -0.079
vn -0.900 -0.387 -0.202
vn -0.339 -0.932 -0.128
vn -0.863 -0.386 -0.325
vn -0.317 -0.933 -0.173
vn -0.809 -0.387 -0.442
vn -0.290 -0.932 -0.217
vn -0.740 -0.386 -0.551
vn -0.799 -0.387 -0.461
vn -0.257 -0.932 -0.255
vn -0.655 -0.386 -0.649
vn -0.219 -0.932 -0.288
vn -0.558 -0.386 -0.734
vn -0.177 -0.932 -0.316
vn -0.450 -0.386 -0.805
vn -0.130 -0.933 -0.336
vn -0.333 -0.388 -0.859
vn -0.083 -0.932 -0.353
vn -0.210 -0.386 -0.898
vn -0.032 -0.932 -0.360
vn -0.083 -0.387 -0.918
vn 0.018 -0.932 -0.362
vn 0.000 -0.386 -0.923
vn 0.047 -0.386 -0.921
vn 0.069 -0.932 -0.356
vn 0.175 -0.386 -0.906
vn 0.117 -0.932 -0.342
vn 0.299 -0.387 -0.872
vn 0.164 -0.932 -0.323
vn 0.418 -0.386 -0.822
vn 0.207 -0.933 -0.295
vn 0.529 -0.388 -0.755
vn 0.461 -0.386 -0.799
vn 0.247 -0.932 -0.265
vn 0.629 -0.386 -0.675
vn 0.281 -0.932 -0.227
vn 0.717 -0.386 -0.580
vn 0.310 -0.932 -0.186
vn 0.791 -0.386 -0.474
vn 0.334 -0.932 -0.141
vn 0.850 -0.386 -0.359
vn 0.349 -0.933 -0.093
vn 0.891 -0.387 -0.237
vn 0.360 -0.932 -0.043
vn 0.916 -0.386 -0.110
vn 0.361 -0.933 0.007
vn 0.922 -0.388 0.000
vn 0.922 -0.387 0.019
vn 0.358 -0.932 0.058
vn 0.911 -0.386 0.148
vn 0.346 -0.932 0.107
vn 0.881 -0.386 0.273
vn 0.327 -0.932 0.154
vn 0.834 -0.387 0.394
vn 0.303 -0.932 0.199
vn 0.799 -0.387 0.461
vn 0.771 -0.386 0.506
vn 0.271 -0.933 0.238
vn 0.692 -0.388 0.608
vn 0.236 -0.932 0.275
vn 0.601 -0.386 0.700
vn 0.195 -0.932 0.304
vn 0.497 -0.387 0.777
vn 0.151 -0.932 0.329
vn 0.384 -0.386 0.839
vn 0.461 -0.386 0.799
vn 0.103 -0.932 0.347
vn 0.263 -0.386 0.884
vn 0.054 -0.933 0.357
vn 0.137 -0.387 0.912
vn 0.003 -0.932 0.362
vn 0.009 -0.386 0.923
vn -0.047 -0.933 0.357
vn -0.120 -0.388 0.914
vn -0.097 -0.932 0.349
vn -0.247 -0.386 0.889
vn -0.144 -0.932 0.332
vn -0.368 -0.386 0.846
vn -0.189 -0.932 0.308
vn -0.461 -0.386 0.799
vn -0.483 -0.386 0.786
vn -0.231 -0.932 0.279
vn -0.588 -0.386 0.711
vn -0.266 -0.933 0.243
vn -0.681 -0.387 0.621
vn -0.299 -0.932 0.205
vn -0.762 -0.386 0.521
vn -0.324 -0.933 0.160
vn -0.799 -0.387 0.461
vn -0.826 -0.387 0.409
vn -0.344 -0.932 0.114
vn -0.876 -0.386 0.290
vn -0.356 -0.932 0.065
vn -0.908 -0.386 0.165
vn -0.361 -0.932 0.014
vn -0.922 -0.387 0.036
vn -0.361 -0.932 -0.036
vn -0.918 -0.386 -0.093
vn -0.922 -0.388 0.000
vn -0.350 -0.933 -0.086
vn -0.895 -0.388 -0.220
vn -0.336 -0.932 -0.135
vn -0.856 -0.386 -0.343
vn -0.313 -0.932 -0.180
vn -0.800 -0.387 -0.459
vn -0.286 -0.932 -0.222
vn -0.728 -0.386 -0.566
vn -0.252 -0.932 -0.260
vn -0.642 -0.386 -0.663
vn -0.213 -0.933 -0.292
vn -0.543 -0.387 -0.745
vn -0.170 -0.932 -0.320
vn -0.461 -0.386 -0.799
vn -0.434 -0.386 -0.814
vn -0.123 -0.933 -0.339
vn -0.316 -0.387 -0.866
vn -0.075 -0.932 -0.354
vn -0.192 -0.386 -0.903
vn -0.025 -0.932 -0.361
vn -0.064 -0.386 -0.920
vn 0.026 -0.932 -0.361
vn 0.065 -0.386 -0.920
vn 0.000 -0.386 -0.923
vn 0.076 -0.932 -0.354
vn 0.193 -0.386 -0.902
vn 0.124 -0.933 -0.339
vn 0.317 -0.388 -0.866
vn 0.171 -0.932 -0.320
vn 0.435 -0.386 -0.814
vn 0.213 -0.933 -0.292
vn 0.544 -0.387 -0.744
vn 0.461 -0.386 -0.799
vn 0.252 -0.932 -0.260
vn 0.643 -0.386 -0.661
vn 0.286 -0.932 -0.222
vn 0.729 -0.386 -0.565
vn 0.314 -0.932 -0.179
vn 0.801 -0.387 -0.458
vn 0.337 -0.932 -0.134
vn 0.857 -0.386 -0.342
vn 0.350 -0.933 -0.085
vn 0.896 -0.388 -0.218
vn 0.361 -0.932 -0.036
vn 0.918 -0.386 -0.091
vn 0.361 -0.932 0.015
vn 0.922 -0.388 0.000
vn 0.921 -0.387 0.038
vn 0.356 -0.932 0.065
vn 0.907 -0.386 0.166
vn 0.344 -0.932 0.114
vn 0.875 -0.386 0.291
vn 0.323 -0.933 0.161
vn 0.826 -0.387 0.410
vn 0.299 -0.932 0.205
vn 0.761 -0.386 0.522
vn 0.799 -0.387 0.461
vn 0.266 -0.933 0.244
vn 0.680 -0.387 0.623
vn 0.230 -0.932 0.280
vn 0.587 -0.386 0.712
vn 0.189 -0.932 0.309
vn 0.481 -0.386 0.787
vn 0.144 -0.932 0.332
vn 0.367 -0.386 0.846
vn 0.461 -0.386 0.799
vn 0.096 -0.932 0.349
vn 0.245 -0.386 0.889
vn 0.046 -0.933 0.358
vn 0.118 -0.388 0.914
vn -0.004 -0.932 0.362
vn -0.010 -0.386 0.923
vn -0.054 -0.932 0.357
vn -0.139 -0.387 0.912
vn -0.104 -0.932 0.347
vn -0.265 -0.386 0.884
vn -0.151 -0.932 0.329
vn -0.386 -0.386 0.838
vn -0.195 -0.932 0.304
vn -0.461 -0.386 0.799
vn -0.499 -0.387 0.776
vn -0.237 -0.932 0.275
vn -0.603 -0.386 0.699
vn -0.271 -0.933 0.237
vn -0.694 -0.388 0.607
vn -0.303 -0.932 0.198
vn -0.772 -0.386 0.505
vn -0.327 -0.932 0.154
vn -0.835 -0.387 0.392
vn -0.799 -0.387 0.461
vn -0.346 -0.932 0.107
vn -0.882 -0.386 0.272
vn -0.358 -0.932 0.057
vn -0.911 -0.386 0.146
vn -0.361 -0.933 0.007
vn -0.922 -0.387 0.017
vn -0.360 -0.932 -0.044
vn -0.916 -0.386 -0.112
vn -0.349 -0.933 -0.093
vn -0.891 -0.387 -0.238
vn -0.333 -0.932 -0.142
vn -0.849 -0.386 -0.361
vn -0.310 -0.932 -0.187
vn -0.799 -0.387 -0.461
vn -0.790 -0.386 -0.476
vn -0.281 -0.932 -0.228
vn -0.716 -0.387 -0.581
vn -0.247 -0.932 -0.265
vn -0.628 -0.386 -0.676
vn -0.206 -0.933 -0.296
vn -0.527 -0.388 -0.756
vn -0.164 -0.932 -0.323
vn -0.461 -0.386 -0.799
vn -0.417 -0.386 -0.823
vn -0.117 -0.932 -0.342
vn -0.298 -0.387 -0.873
vn -0.068 -0.932 -0.356
vn -0.173 -0.386 -0.906
vn -0.018 -0.932 -0.362
vn -0.045 -0.386 -0.921
vn 0.033 -0.932 -0.360
vn 0.084 -0.387 -0.918
vn 0.000 -0.386 -0.923
vn 0.083 -0.932 -0.353
vn 0.212 -0.386 -0.898
vn 0.131 -0.933 -0.336
vn 0.335 -0.388 -0.859
vn 0.177 -0.932 -0.316
vn 0.452 -0.386 -0.804
vn 0.219 -0.932 -0.288
vn 0.559 -0.386 -0.733
vn 0.258 -0.932 -0.254
vn 0.657 -0.386 -0.648
vn 0.291 -0.932 -0.216
vn 0.741 -0.386 -0.550
vn 0.317 -0.933 -0.173
vn 0.799 -0.387 -0.461
vn 0.810 -0.387 -0.441
vn 0.339 -0.932 -0.127
vn 0.864 -0.386 -0.324
vn 0.352 -0.933 -0.078
vn 0.900 -0.387 -0.200
vn 0.361 -0.932 -0.028
vn 0.920 -0.386 -0.072
vn 0.361 -0.932 0.022
vn 0.922 -0.388 0.000
vn 0.921 -0.386 0.057
vn 0.354 -0.932 0.072
vn 0.904 -0.387 0.185
vn 0.341 -0.932 0.121
vn 0.869 -0.386 0.309
vn 0.319 -0.933 0.167
vn 0.817 -0.388 0.427
vn 0.295 -0.932 0.211
vn 0.750 -0.386 0.538
vn 0.799 -0.387 0.461
vn 0.261 -0.932 0.250
vn 0.667 -0.387 0.637
vn 0.224 -0.932 0.284
vn 0.572 -0.386 0.724
vn 0.183 -0.932 0.313
vn 0.465 -0.386 0.797
vn 0.137 -0.933 0.334
vn 0.349 -0.387 0.853
vn 0.089 -0.932 0.351
vn 0.227 -0.386 0.894
vn 0.039 -0.933 0.359
vn 0.100 -0.387 0.916
vn -0.012 -0.932 0.362
vn 0.000 -0.386 0.923
vn -0.029 -0.386 0.922
vn -0.062 -0.932 0.356
vn -0.158 -0.386 0.909
vn -0.111 -0.932 0.344
vn -0.283 -0.386 0.878
vn -0.158 -0.932 0.326
vn -0.403 -0.386 0.830
vn -0.201 -0.933 0.299
vn -0.461 -0.386 0.799
vn -0.515 -0.388 0.765
vn -0.242 -0.932 0.270
vn -0.617 -0.386 0.686
vn -0.277 -0.933 0.232
vn -0.706 -0.387 0.593
vn -0.307 -0.932 0.192
vn -0.782 -0.386 0.489
vn -0.331 -0.932 0.147
vn -0.843 -0.386 0.375
vn -0.799 -0.387 0.461
vn -0.347 -0.932 0.099
vn -0.887 -0.387 0.253
vn -0.359 -0.932 0.050
vn -0.914 -0.386 0.127
vn -0.360 -0.933 -0.001
vn -0.922 -0.388 -0.002
vn -0.359 -0.932 -0.051
vn -0.913 -0.386 -0.131
vn -0.347 -0.932 -0.101
vn -0.886 -0.387 -0.257
vn -0.330 -0.932 -0.148
vn -0.841 -0.386 -0.378
vn -0.306 -0.932 -0.193
vn -0.799 -0.387 -0.461
vn -0.781 -0.386 -0.492
vn -0.276 -0.933 -0.233
vn -0.704 -0.387 -0.596
vn -0.241 -0.932 -0.271
vn -0.614 -0.386 -0.689
vn -0.200 -0.933 -0.300
vn -0.512 -0.387 -0.767
vn -0.157 -0.932 -0.327
vn -0.400 -0.386 -0.831
vn -0.461 -0.386 -0.799
vn -0.110 -0.932 -0.345
vn -0.280 -0.386 -0.879
vn -0.060 -0.932 -0.357
vn -0.154 -0.386 -0.909
vn -0.010 -0.932 -0.362
vn -0.026 -0.386 -0.922
vn 0.040 -0.933 -0.358
vn 0.103 -0.388 -0.916
vn 0.000 -0.386 -0.923
vn 0.090 -0.932 -0.351
vn 0.230 -0.386 -0.893
vn 0.138 -0.932 -0.334
vn 0.352 -0.387 -0.852
vn 0.184 -0.932 -0.312
vn 0.468 -0.386 -0.795
vn 0.226 -0.932 -0.283
vn 0.575 -0.386 -0.722
vn 0.262 -0.932 -0.248
vn 0.670 -0.387 -0.634
vn 0.295 -0.932 -0.210
vn 0.752 -0.386 -0.535
vn 0.320 -0.933 -0.166
vn 0.799 -0.387 -0.461
vn 0.818 -0.388 -0.424
vn 0.342 -0.932 -0.120
vn 0.870 -0.386 -0.306
vn 0.354 -0.932 -0.071
vn 0.904 -0.387 -0.181
vn 0.361 -0.932 -0.021
vn 0.921 -0.386 -0.053
vn 0.361 -0.932 0.030
vn 0.919 -0.386 0.076
vn 0.922 -0.388 0.000
vn 0.352 -0.933 0.080
vn 0.899 -0.387 0.203
vn 0.339 -0.932 0.129
vn 0.863 -0.386 0.327
vn 0.316 -0.933 0.174
vn 0.808 -0.387 0.444
vn 0.290 -0.932 0.217
vn 0.739 -0.386 0.553
vn 0.799 -0.387 0.461
vn 0.257 -0.932 0.255
vn 0.654 -0.386 0.650
vn 0.218 -0.932 0.288
vn 0.557 -0.387 0.735
vn 0.176 -0.932 0.317
vn 0.449 -0.386 0.806
vn 0.130 -0.933 0.336
vn 0.332 -0.388 0.860
vn 0.082 -0.932 0.353
vn 0.208 -0.386 0.899
vn 0.032 -0.932 0.360
vn 0.081 -0.387 0.919
vn -0.019 -0.932 0.362
vn 0.000 -0.386 0.923
vn -0.048 -0.386 0.921
vn -0.069 -0.932 0.355
vn -0.176 -0.386 0.906
vn -0.118 -0.932 0.341
vn -0.301 -0.387 0.872
vn -0.165 -0.932 0.323
vn -0.420 -0.386 0.822
vn -0.207 -0.933 0.295
vn -0.530 -0.388 0.754
vn -0.461 -0.386 0.799
vn -0.248 -0.932 0.264
vn -0.631 -0.386 0.673
vn -0.282 -0.932 0.227
vn -0.718 -0.386 0.579
vn -0.311 -0.932 0.185
vn -0.792 -0.386 0.473
vn -0.334 -0.932 0.140
vn -0.851 -0.386 0.357
vn -0.349 -0.933 0.092
vn -0.891 -0.387 0.235
vn -0.360 -0.932 0.043
vn -0.916 -0.386 0.108
vn -0.361 -0.933 -0.008
vn -0.922 -0.388 0.000
vn -0.922 -0.387 -0.021
vn -0.357 -0.932 -0.059
vn -0.910 -0.386 -0.149
vn -0.346 -0.932 -0.108
vn -0.881 -0.386 -0.275
vn -0.327 -0.932 -0.155
vn -0.833 -0.387 -0.395
vn -0.303 -0.932 -0.199
vn -0.799 -0.387 -0.461
vn -0.770 -0.386 -0.508
vn -0.270 -0.933 -0.238
vn -0.691 -0.388 -0.610
vn -0.236 -0.932 -0.275
vn -0.600 -0.386 -0.701
vn -0.194 -0.932 -0.305
vn -0.496 -0.387 -0.777
vn -0.150 -0.932 -0.329
vn -0.383 -0.386 -0.839
vn -0.461 -0.386 -0.799
vn -0.103 -0.932 -0.347
vn -0.262 -0.386 -0.885
vn -0.053 -0.933 -0.357
vn -0.136 -0.387 -0.912
vn -0.003 -0.932 -0.362
vn -0.007 -0.386 -0.923
vn 0.048 -0.933 -0.357
vn 0.122 -0.388 -0.914
vn 0.098 -0.932 -0.349
vn 0.249 -0.386 -0.889
vn 0.145 -0.932 -0.331
vn 0.370 -0.386 -0.845
vn 0.190 -0.932 -0.308
vn 0.461 -0.386 -0.799
vn 0.484 -0.386 -0.785
vn 0.231 -0.932 -0.279
vn 0.589 -0.386 -0.710
vn 0.267 -0.933 -0.243
vn 0.682 -0.387 -0.620
vn 0.300 -0.932 -0.204
vn 0.763 -0.386 -0.519
vn 0.324 -0.933 -0.160
vn 0.799 -0.387 -0.461
vn 0.827 -0.387 -0.407
vn 0.344 -0.932 -0.113
vn 0.876 -0.386 -0.288
vn 0.356 -0.932 -0.064
vn 0.908 -0.386 -0.163
vn 0.361 -0.932 -0.013
vn 0.922 -0.387 -0.034
vn 0.361 -0.932 0.037
vn 0.918 -0.386 0.095
vn 0.922 -0.388 0.000
vn 0.350 -0.933 0.087
vn 0.895 -0.388 0.222
vn 0.336 -0.932 0.135
vn 0.856 -0.386 0.345
vn 0.313 -0.932 0.181
vn 0.799 -0.387 0.461
vn 0.285 -0.932 0.223
vn 0.727 -0.386 0.568
vn 0.252 -0.932 0.261
vn 0.641 -0.386 0.664
vn 0.212 -0.933 0.292
vn 0.541 -0.387 0.746
vn 0.170 -0.932 0.320
vn 0.461 -0.386 0.799
vn 0.432 -0.386 0.815
vn 0.123 -0.933 0.339
vn 0.314 -0.387 0.867
vn 0.075 -0.932 0.355
vn 0.190 -0.386 0.903
vn 0.024 -0.932 0.361
vn 0.062 -0.386 0.920
vn -0.026 -0.932 0.361
vn -0.067 -0.386 0.920
vn 0.000 -0.386 0.923
vn -0.077 -0.932 0.354
vn -0.195 -0.386 0.902
vn -0.125 -0.933 0.338
vn -0.319 -0.388 0.865
vn -0.172 -0.932 0.319
vn -0.437 -0.386 0.813
vn -0.214 -0.932 0.291
vn -0.546 -0.387 0.743
vn -0.461 -0.386 0.799
vn -0.253 -0.932 0.259
vn -0.644 -0.386 0.660
vn -0.287 -0.932 0.221
vn -0.730 -0.386 0.564
vn -0.314 -0.932 0.179
vn -0.802 -0.387 0.456
vn -0.337 -0.932 0.134
vn -0.858 -0.386 0.340
vn -0.350 -0.933 0.085
vn -0.896 -0.388 0.217
vn 0.205 -0.978 0.029
vn 0.360 -0.933 0.000
vn 0.198 -0.978 0.057
vn 0.189 -0.978 0.084
vn 0.175 -0.978 0.110
vn 0.158 -0.979 0.133
vn 0.138 -0.978 0.154
vn 0.115 -0.979 0.171
vn 0.090 -0.978 0.186
vn 0.063 -0.978 0.197
vn 0.035 -0.978 0.204
vn 0.006 -0.978 0.207
vn -0.023 -0.979 0.205
vn -0.051 -0.978 0.201
vn -0.078 -0.979 0.191
vn -0.105 -0.978 0.178
vn -0.128 -0.978 0.162
vn -0.150 -0.978 0.142
vn -0.169 -0.978 0.120
vn -0.182 -0.979 0.095
vn -0.195 -0.978 0.069
vn -0.202 -0.978 0.041
vn -0.206 -0.978 0.012
vn -0.206 -0.978 -0.017
vn -0.201 -0.979 -0.045
vn -0.194 -0.978 -0.073
vn -0.181 -0.979 -0.099
vn -0.166 -0.978 -0.124
vn -0.147 -0.978 -0.145
vn -0.125 -0.978 -0.164
vn -0.101 -0.978 -0.181
vn -0.074 -0.979 -0.192
vn -0.047 -0.978 -0.202
vn -0.018 -0.978 -0.205
vn 0.010 -0.978 -0.207
vn 0.039 -0.978 -0.203
vn 0.067 -0.978 -0.195
vn 0.094 -0.978 -0.185
vn 0.118 -0.979 -0.169
vn 0.141 -0.978 -0.151
vn 0.161 -0.978 -0.130
vn 0.177 -0.978 -0.106
vn 0.191 -0.978 -0.081
vn 0.199 -0.979 -0.053
vn 0.206 -0.978 -0.025
vn 0.206 -0.979 0.004
vn 0.204 -0.978 0.033
vn 0.197 -0.978 0.061
vn 0.187 -0.978 0.088
vn 0.173 -0.978 0.114
vn 0.155 -0.979 0.136
vn 0.135 -0.978 0.157
vn 0.111 -0.978 0.174
vn 0.086 -0.978 0.188
vn 0.059 -0.978 0.198
vn 0.031 -0.978 0.204
vn 0.002 -0.978 0.207
vn -0.027 -0.979 0.204
vn -0.055 -0.978 0.199
vn -0.083 -0.978 0.189
vn -0.108 -0.978 0.176
vn -0.132 -0.978 0.159
vn -0.152 -0.979 0.139
vn -0.171 -0.978 0.117
vn -0.185 -0.979 0.091
vn -0.196 -0.978 0.065
vn -0.203 -0.978 0.037
vn -0.206 -0.978 0.008
vn -0.206 -0.978 -0.021
vn -0.200 -0.979 -0.049
vn -0.192 -0.978 -0.077
vn -0.179 -0.978 -0.103
vn -0.163 -0.978 -0.127
vn -0.144 -0.978 -0.149
vn -0.121 -0.979 -0.167
vn -0.097 -0.978 -0.183
vn -0.070 -0.979 -0.194
vn -0.043 -0.978 -0.202
vn -0.014 -0.978 -0.206
vn 0.015 -0.978 -0.206
vn 0.043 -0.978 -0.202
vn 0.071 -0.979 -0.193
vn 0.098 -0.978 -0.183
vn 0.122 -0.979 -0.166
vn 0.144 -0.978 -0.148
vn 0.163 -0.978 -0.127
vn 0.179 -0.978 -0.102
vn 0.192 -0.978 -0.077
vn 0.200 -0.979 -0.049
vn 0.206 -0.978 -0.020
vn 0.206 -0.978 0.008
vn 0.203 -0.978 0.037
vn 0.196 -0.978 0.065
vn 0.185 -0.979 0.092
vn 0.171 -0.978 0.117
vn 0.152 -0.979 0.139
vn 0.132 -0.978 0.160
vn 0.108 -0.978 0.176
vn 0.082 -0.978 0.190
vn 0.055 -0.978 0.200
vn 0.026 -0.979 0.204
vn -0.002 -0.978 0.207
vn -0.031 -0.978 0.204
vn -0.059 -0.978 0.198
vn -0.086 -0.978 0.188
vn -0.112 -0.978 0.174
vn -0.135 -0.978 0.157
vn -0.155 -0.979 0.136
vn -0.173 -0.978 0.113
vn -0.187 -0.978 0.088
vn -0.198 -0.978 0.061
vn -0.204 -0.978 0.033
vn -0.206 -0.979 0.004
vn -0.206 -0.978 -0.025
vn -0.199 -0.979 -0.053
vn -0.190 -0.978 -0.081
vn -0.177 -0.978 -0.107
vn -0.160 -0.978 -0.130
vn -0.141 -0.978 -0.152
vn -0.118 -0.979 -0.169
vn -0.094 -0.978 -0.185
vn -0.067 -0.978 -0.195
vn -0.039 -0.978 -0.203
vn -0.010 -0.978 -0.207
vn 0.019 -0.978 -0.205
vn 0.048 -0.978 -0.202
vn 0.075 -0.979 -0.192
vn 0.101 -0.978 -0.180
vn 0.125 -0.978 -0.164
vn 0.147 -0.978 -0.145
vn 0.166 -0.978 -0.123
vn 0.181 -0.979 -0.099
vn 0.194 -0.978 -0.073
vn 0.201 -0.979 -0.045
vn 0.206 -0.978 -0.016
vn 0.206 -0.978 0.013
vn 0.202 -0.978 0.041
vn 0.195 -0.978 0.069
vn 0.182 -0.979 0.095
vn 0.168 -0.978 0.121
vn 0.149 -0.978 0.142
vn 0.128 -0.978 0.162
vn 0.104 -0.978 0.179
vn 0.078 -0.979 0.191
vn 0.051 -0.978 0.201
vn 0.022 -0.979 0.205
vn -0.007 -0.978 0.207
vn -0.035 -0.978 0.204
vn -0.063 -0.978 0.197
vn -0.090 -0.978 0.186
vn -0.115 -0.979 0.171
vn -0.138 -0.978 0.154
vn -0.158 -0.979 0.133
vn -0.175 -0.978 0.110
vn -0.189 -0.978 0.084
vn -0.198 -0.978 0.057
vn -0.205 -0.978 0.029
vn -0.206 -0.979 0.000
vn -0.205 -0.978 -0.029
vn -0.198 -0.978 -0.057
vn -0.189 -0.978 -0.085
vn -0.175 -0.978 -0.110
vn -0.157 -0.979 -0.133
vn -0.138 -0.978 -0.155
vn -0.114 -0.979 -0.171
vn -0.090 -0.978 -0.187
vn -0.063 -0.978 -0.197
vn -0.035 -0.978 -0.204
vn -0.006 -0.978 -0.207
vn 0.023 -0.979 -0.205
vn 0.052 -0.978 -0.201
vn 0.079 -0.978 -0.191
vn 0.105 -0.978 -0.178
vn 0.129 -0.978 -0.162
vn 0.150 -0.978 -0.142
vn 0.169 -0.978 -0.120
vn 0.183 -0.979 -0.095
vn 0.195 -0.978 -0.069
vn 0.109 -0.994 0.000
vn 0.109 -0.994 0.015
vn 0.105 -0.994 0.030
vn 0.100 -0.994 0.045
vn 0.100 -0.994 0.045
vn 0.093 -0.994 0.058
vn 0.084 -0.994 0.071
vn 0.073 -0.994 0.082
vn 0.061 -0.994 0.091
vn 0.048 -0.994 0.099
vn 0.033 -0.994 0.105
vn 0.018 -0.994 0.108
vn 0.003 -0.994 0.110
vn -0.012 -0.994 0.109
vn -0.027 -0.994 0.107
vn -0.042 -0.994 0.101
vn -0.056 -0.994 0.095
vn -0.068 -0.994 0.086
vn -0.080 -0.994 0.075
vn -0.090 -0.994 0.064
vn -0.097 -0.994 0.050
vn -0.104 -0.994 0.037
vn -0.108 -0.994 0.022
vn -0.110 -0.994 0.006
vn -0.110 -0.994 -0.009
vn -0.107 -0.994 -0.024
vn -0.103 -0.994 -0.039
vn -0.096 -0.994 -0.053
vn -0.088 -0.994 -0.066
vn -0.078 -0.994 -0.077
vn -0.066 -0.994 -0.087
vn -0.054 -0.994 -0.096
vn -0.039 -0.994 -0.102
vn -0.025 -0.994 -0.107
vn -0.010 -0.994 -0.109
vn 0.006 -0.994 -0.110
vn 0.021 -0.994 -0.108
vn 0.036 -0.994 -0.104
vn 0.050 -0.994 -0.098
vn 0.063 -0.994 -0.089
vn 0.075 -0.994 -0.080
vn 0.075 -0.994 -0.080
vn 0.085 -0.994 -0.069
vn 0.086 -0.994 -0.069
vn 0.094 -0.994 -0.056
vn 0.100 -0.994 -0.046
vn 0.094 -0.994 -0.056
vn 0.100 -0.994 -0.045
vn 0.104 -0.994 -0.036
vn 0.106 -0.994 -0.028
vn 0.101 -0.994 -0.043
vn 0.108 -0.994 -0.022
vn 0.110 -0.994 -0.017
vn 0.107 -0.994 -0.026
vn 0.111 -0.994 -0.009
vn 0.110 -0.994 0.000
vn 0.110 -0.994 -0.013
vn 0.111 -0.994 0.001
vn 0.111 -0.994 0.011
vn 0.110 -0.994 0.018
vn 0.111 -0.994 0.002
vn 0.108 -0.994 0.028
vn 0.107 -0.994 0.033
vn 0.109 -0.994 0.022
vn 0.110 -0.994 0.021
vn 0.106 -0.994 0.038
vn 0.104 -0.994 0.043
vn 0.102 -0.994 0.047
vn 0.097 -0.994 0.056
vn 0.094 -0.994 0.062
vn 0.101 -0.994 0.048
vn 0.088 -0.994 0.071
vn 0.094 -0.994 0.062
vn 0.080 -0.994 0.080
vn 0.074 -0.994 0.086
vn 0.081 -0.994 0.078
vn 0.085 -0.994 0.074
vn 0.069 -0.994 0.090
vn 0.063 -0.994 0.094
vn 0.074 -0.994 0.086
vn 0.052 -0.993 0.102
vn 0.060 -0.994 0.097
vn 0.061 -0.994 0.096
vn 0.042 -0.993 0.106
vn 0.035 -0.993 0.109
vn 0.044 -0.993 0.105
vn 0.048 -0.993 0.104
vn 0.022 -0.993 0.113
vn 0.017 -0.993 0.114
vn 0.033 -0.993 0.110
vn 0.025 -0.993 0.112
vn 0.005 -0.993 0.115
vn 0.015 -0.993 0.114
vn -0.002 -0.993 0.116
vn -0.013 -0.993 0.115
vn 0.000 -0.993 0.116
vn 0.001 -0.993 0.116
vn -0.024 -0.993 0.114
vn -0.031 -0.993 0.112
vn -0.023 -0.993 0.114
vn -0.015 -0.993 0.115
vn -0.041 -0.993 0.109
vn -0.034 -0.993 0.111
vn -0.045 -0.993 0.108
vn -0.051 -0.993 0.106
vn -0.060 -0.993 0.101
vn -0.047 -0.993 0.107
vn -0.069 -0.993 0.095
vn -0.075 -0.993 0.091
vn -0.065 -0.993 0.097
vn -0.061 -0.993 0.100
vn -0.083 -0.993 0.084
vn -0.091 -0.993 0.076
vn -0.098 -0.993 0.067
vn -0.087 -0.993 0.079
vn -0.102 -0.993 0.061
vn -0.106 -0.993 0.053
vn -0.099 -0.993 0.066
vn -0.110 -0.993 0.046
vn -0.112 -0.993 0.042
vn -0.107 -0.993 0.052
vn -0.115 -0.993 0.031
vn -0.117 -0.993 0.025
vn -0.114 -0.993 0.038
vn -0.117 -0.993 0.023
vn -0.120 -0.993 0.014
vn -0.120 -0.993 0.005
vn -0.118 -0.993 0.021
vn -0.120 -0.993 0.000
vn -0.121 -0.993 -0.009
vn -0.120 -0.993 0.003
vn -0.120 -0.993 -0.015
vn -0.119 -0.993 -0.024
vn -0.120 -0.993 -0.012
vn -0.118 -0.993 -0.026
vn -0.116 -0.993 -0.037
vn -0.113 -0.993 -0.045
vn -0.117 -0.993 -0.029
vn -0.109 -0.993 -0.054
vn -0.106 -0.993 -0.061
vn -0.112 -0.993 -0.048
vn -0.113 -0.993 -0.047
vn -0.102 -0.992 -0.068
vn -0.098 -0.992 -0.074
vn -0.104 -0.992 -0.065
vn -0.090 -0.992 -0.083
vn -0.097 -0.992 -0.075
vn -0.087 -0.992 -0.087
vn -0.078 -0.992 -0.096
vn -0.086 -0.992 -0.088
vn -0.068 -0.992 -0.103
vn -0.059 -0.992 -0.110
vn -0.073 -0.992 -0.100
vn -0.053 -0.992 -0.113
vn -0.048 -0.992 -0.115
vn -0.031 -0.992 -0.121
vn -0.042 -0.992 -0.117
vn -0.019 -0.992 -0.124
vn -0.013 -0.992 -0.124
vn -0.024 -0.992 -0.123
vn -0.026 -0.992 -0.123
vn 0.000 -0.992 -0.126
vn 0.009 -0.992 -0.126
vn -0.001 -0.992 -0.126
vn -0.009 -0.992 -0.125
vn 0.023 -0.992 -0.124
vn 0.011 -0.992 -0.125
vn 0.029 -0.992 -0.124
vn 0.041 -0.992 -0.120
vn 0.027 -0.992 -0.124
vn 0.052 -0.992 -0.116
vn 0.060 -0.992 -0.113
vn 0.049 -0.992 -0.117
vn 0.044 -0.992 -0.119
vn 0.068 -0.992 -0.108
vn 0.071 -0.992 -0.106
vn 0.064 -0.992 -0.111
vn 0.079 -0.992 -0.101
vn 0.089 -0.992 -0.093
vn 0.075 -0.992 -0.103
vn 0.091 -0.992 -0.091
vn 0.097 -0.992 -0.084
vn 0.090 -0.992 -0.092
vn 0.109 -0.992 -0.070
vn 0.101 -0.992 -0.080
vn 0.115 -0.992 -0.059
vn 0.120 -0.991 -0.050
vn 0.112 -0.992 -0.064
vn 0.123 -0.991 -0.043
vn 0.126 -0.991 -0.031
vn 0.121 -0.991 -0.048
vn 0.128 -0.991 -0.026
vn 0.130 -0.991 -0.018
vn 0.131 -0.991 -0.005
vn 0.131 -0.991 0.000
vn 0.131 -0.991 -0.013
vn 0.132 -0.991 0.013
vn 0.130 -0.991 0.024
vn 0.132 -0.991 0.005
vn 0.127 -0.991 0.039
vn 0.130 -0.991 0.026
vn 0.123 -0.991 0.051
vn 0.126 -0.991 0.044
vn 0.126 -0.991 0.042
vn 0.121 -0.991 0.056
vn 0.115 -0.991 0.068
vn 0.111 -0.991 0.076
vn 0.119 -0.991 0.059
vn 0.105 -0.991 0.083
vn 0.099 -0.991 0.091
vn 0.108 -0.991 0.079
vn 0.095 -0.991 0.095
vn 0.087 -0.991 0.103
vn 0.097 -0.991 0.094
vn 0.076 -0.991 0.111
vn 0.075 -0.991 0.112
vn 0.061 -0.991 0.122
vn 0.073 -0.991 0.114
vn 0.049 -0.991 0.127
vn 0.036 -0.991 0.132
vn 0.054 -0.991 0.125
vn 0.027 -0.991 0.135
vn 0.031 -0.991 0.134
vn 0.004 -0.990 0.138
vn 0.018 -0.991 0.136
vn 0.000 -0.990 0.138
vn -0.010 -0.990 0.138
vn -0.015 -0.990 0.137
vn -0.002 -0.990 0.138
vn -0.028 -0.990 0.136
vn -0.042 -0.990 0.133
vn -0.021 -0.990 0.137
vn -0.055 -0.990 0.128
vn -0.060 -0.990 0.127
vn -0.072 -0.990 0.120
vn -0.084 -0.990 0.113
vn -0.078 -0.990 0.117
vn -0.076 -0.990 0.118
vn -0.099 -0.990 0.101
vn -0.106 -0.990 0.093
vn -0.096 -0.990 0.104
vn -0.092 -0.990 0.107
vn -0.109 -0.990 0.091
vn -0.118 -0.990 0.080
vn -0.126 -0.990 0.067
vn -0.128 -0.990 0.063
vn -0.135 -0.990 0.050
vn -0.133 -0.990 0.055
vn -0.129 -0.990 0.061
vn -0.139 -0.990 0.036
vn -0.141 -0.990 0.028
vn -0.137 -0.990 0.042
vn -0.144 -0.989 0.018
vn -0.145 -0.989 0.003
vn -0.143 -0.989 0.022
vn -0.144 -0.990 0.000
vn -0.145 -0.989 -0.012
vn -0.144 -0.989 -0.027
vn -0.143 -0.989 -0.030
vn -0.145 -0.989 -0.018
vn -0.140 -0.989 -0.045
vn -0.135 -0.989 -0.060
vn -0.141 -0.989 -0.038
vn -0.128 -0.989 -0.073
vn -0.123 -0.989 -0.082
vn -0.118 -0.989 -0.090
vn -0.126 -0.989 -0.077
vn -0.108 -0.989 -0.101
vn -0.115 -0.989 -0.093
vn -0.105 -0.989 -0.105
vn -0.095 -0.989 -0.115
vn -0.083 -0.989 -0.124
vn -0.098 -0.989 -0.113
vn -0.102 -0.989 -0.109
vn -0.070 -0.989 -0.134
vn -0.055 -0.989 -0.140
vn -0.052 -0.989 -0.141
vn -0.058 -0.989 -0.139
vn -0.038 -0.988 -0.147
vn -0.049 -0.989 -0.143
vn -0.030 -0.988 -0.149
vn -0.022 -0.988 -0.150
vn -0.006 -0.988 -0.153
vn -0.029 -0.988 -0.149
vn 0.000 -0.988 -0.153
vn -0.003 -0.988 -0.153
vn 0.013 -0.988 -0.153
vn 0.029 -0.988 -0.151
vn 0.048 -0.988 -0.147
vn 0.035 -0.988 -0.150
vn 0.045 -0.988 -0.148
vn 0.063 -0.988 -0.142
vn 0.078 -0.988 -0.135
vn 0.056 -0.988 -0.144
vn 0.086 -0.988 -0.129
vn 0.093 -0.988 -0.126
vn 0.095 -0.988 -0.124
vn 0.108 -0.988 -0.114
vn 0.119 -0.988 -0.102
vn 0.112 -0.988 -0.110
vn 0.132 -0.987 -0.088
vn 0.140 -0.987 -0.073
vn 0.131 -0.987 -0.089
vn 0.127 -0.987 -0.094
vn 0.149 -0.987 -0.058
vn 0.154 -0.987 -0.041
vn 0.159 -0.987 -0.023
vn 0.156 -0.987 -0.035
vn 0.161 -0.987 -0.005
vn 0.162 -0.987 0.012
vn 0.161 -0.987 -0.013
vn 0.160 -0.987 0.031
vn 0.156 -0.987 0.049
vn 0.150 -0.986 0.066
vn 0.154 -0.986 0.055
vn 0.142 -0.986 0.083
vn 0.138 -0.986 0.092
vn 0.145 -0.987 0.076
vn 0.133 -0.986 0.099
vn 0.121 -0.986 0.113
vn 0.108 -0.986 0.127
vn 0.094 -0.986 0.138
vn 0.104 -0.986 0.131
vn 0.078 -0.986 0.149
vn 0.061 -0.986 0.157
vn 0.085 -0.986 0.145
vn 0.043 -0.985 0.164
vn 0.033 -0.985 0.167
vn 0.025 -0.985 0.168
vn 0.006 -0.985 0.171
vn 0.018 -0.985 0.169
vn -0.013 -0.985 0.171
vn -0.033 -0.985 0.170
vn -0.005 -0.985 0.172
vn -0.052 -0.985 0.165
vn -0.070 -0.985 0.159
vn -0.088 -0.985 0.151
vn -0.097 -0.985 0.145
vn -0.105 -0.985 0.141
vn -0.121 -0.984 0.129
vn -0.097 -0.985 0.145
vn -0.135 -0.984 0.114
vn -0.148 -0.984 0.100
vn -0.158 -0.984 0.082
vn -0.168 -0.984 0.065
vn -0.164 -0.984 0.073
vn -0.174 -0.984 0.046
vn -0.180 -0.983 0.026
vn -0.182 -0.983 0.005
vn -0.182 -0.983 -0.014
vn -0.180 -0.983 -0.035
vn -0.176 -0.983 -0.056
vn -0.182 -0.983 -0.026
vn -0.170 -0.983 -0.074
vn -0.161 -0.983 -0.094
vn -0.156 -0.982 -0.104
vn -0.150 -0.982 -0.113
vn -0.137 -0.982 -0.128
vn -0.123 -0.982 -0.144
vn -0.143 -0.982 -0.121
vn -0.105 -0.982 -0.158
vn -0.089 -0.982 -0.169
vn -0.068 -0.982 -0.178
vn -0.047 -0.981 -0.187
vn -0.058 -0.981 -0.183
vn -0.038 -0.981 -0.189
vn -0.029 -0.981 -0.191
vn -0.006 -0.981 -0.195
vn 0.018 -0.981 -0.194
vn 0.037 -0.981 -0.193
vn 0.060 -0.980 -0.188
vn 0.082 -0.980 -0.180
vn 0.049 -0.980 -0.191
vn 0.100 -0.980 -0.173
vn 0.120 -0.980 -0.160
vn 0.125 -0.980 -0.157
vn 0.140 -0.979 -0.145
vn 0.153 -0.979 -0.131
vn 0.169 -0.979 -0.113
vn 0.182 -0.979 -0.091
vn 0.192 -0.979 -0.075
vn 0.199 -0.979 -0.051
vn 0.206 -0.978 -0.026
vn 0.208 -0.978 -0.008
vn 0.203 -0.978 -0.041
vn 0.209 -0.978 0.018
vn 0.206 -0.978 0.044
vn 0.202 -0.977 0.063
vn 0.199 -0.977 0.075
vn 0.194 -0.977 0.088
vn 0.183 -0.977 0.112
vn 0.173 -0.977 0.128
vn 0.156 -0.976 0.149
vn 0.137 -0.976 0.169
vn 0.154 -0.976 0.153
vn 0.122 -0.976 0.180
vn 0.100 -0.975 0.197
vn 0.074 -0.975 0.208
vn 0.057 -0.975 0.215
vn 0.029 -0.975 0.221
vn 0.044 -0.975 0.219
vn 0.000 -0.974 0.226
vn -0.018 -0.974 0.225
vn 0.020 -0.975 0.223
vn -0.047 -0.974 0.223
vn -0.076 -0.974 0.215
vn -0.093 -0.973 0.210
vn -0.120 -0.973 0.198
vn -0.133 -0.973 0.189
vn -0.146 -0.972 0.182
vn -0.160 -0.972 0.171
vn -0.182 -0.972 0.149
vn -0.202 -0.971 0.125
vn -0.210 -0.972 0.109
vn -0.226 -0.971 0.082
vn -0.235 -0.971 0.051
vn -0.240 -0.970 0.034
vn -0.243 -0.970 0.002
vn -0.244 -0.969 -0.032
vn -0.242 -0.969 -0.048
vn -0.235 -0.969 -0.081
vn -0.223 -0.968 -0.113
vn -0.216 -0.968 -0.128
vn -0.198 -0.967 -0.158
vn -0.176 -0.967 -0.185
vn -0.165 -0.967 -0.197
vn -0.137 -0.966 -0.219
vn -0.106 -0.966 -0.238
vn -0.091 -0.966 -0.243
vn -0.057 -0.965 -0.257
vn -0.051 -0.965 -0.259
vn -0.021 -0.964 -0.264
vn 0.033 -0.964 -0.265
vn 0.071 -0.963 -0.262
vn 0.085 -0.963 -0.257
vn 0.122 -0.962 -0.245
vn 0.157 -0.961 -0.226
vn 0.170 -0.961 -0.219
vn 0.201 -0.960 -0.194
vn 0.230 -0.959 -0.164
vn 0.238 -0.959 -0.153
vn 0.260 -0.958 -0.118
vn 0.277 -0.958 -0.079
vn 0.280 -0.958 -0.066
vn 0.291 -0.956 -0.024
vn 0.294 -0.956 0.019
vn 0.294 -0.955 0.033
vn 0.287 -0.955 0.076
vn 0.276 -0.954 0.120
vn 0.271 -0.954 0.132
vn 0.252 -0.952 0.173
vn 0.224 -0.952 0.211
vn 0.182 -0.950 0.252
vn 0.143 -0.949 0.281
vn 0.133 -0.949 0.287
vn 0.089 -0.948 0.307
vn 0.040 -0.947 0.319
vn -0.021 -0.945 0.326
vn -0.073 -0.944 0.323
vn -0.082 -0.943 0.321
vn -0.133 -0.942 0.307
vn -0.183 -0.941 0.285
vn -0.236 -0.939 0.250
vn -0.276 -0.938 0.211
vn -0.281 -0.937 0.206
vn -0.313 -0.936 0.159
vn -0.341 -0.934 0.107
vn -0.360 -0.932 0.044
vn -0.360 -0.932 0.042
vn -0.361 -0.932 0.035
vn -0.366 -0.931 -0.016
vn -0.922 -0.388 0.000
vn -0.921 -0.387 -0.040
vn -0.366 -0.931 -0.017
vn -0.364 -0.929 -0.067
vn -0.907 -0.386 -0.168
vn -0.361 -0.929 -0.084
vn -0.355 -0.927 -0.119
vn -0.875 -0.386 -0.293
vn -0.347 -0.926 -0.146
vn -0.338 -0.926 -0.169
vn -0.320 -0.924 -0.209
vn -0.799 -0.387 -0.461
vn -0.316 -0.924 -0.218
vn -0.760 -0.386 -0.524
vn -0.284 -0.922 -0.261
vn -0.679 -0.387 -0.624
vn -0.283 -0.922 -0.264
vn -0.249 -0.920 -0.303
vn -0.585 -0.386 -0.713
vn -0.235 -0.920 -0.315
vn -0.206 -0.918 -0.338
vn -0.461 -0.386 -0.799
vn -0.179 -0.917 -0.357
vn -0.159 -0.916 -0.368
vn -0.365 -0.387 -0.847
vn -0.115 -0.914 -0.388
vn -0.107 -0.914 -0.392
vn -0.244 -0.386 -0.890
vn -0.052 -0.913 -0.405
vn -0.117 -0.388 -0.914
vn -0.045 -0.912 -0.407
vn 0.005 -0.909 -0.416
vn 0.012 -0.386 -0.923
vn 0.028 -0.909 -0.416
vn 0.064 -0.908 -0.415
vn 0.141 -0.387 -0.911
vn 0.104 -0.906 -0.411
vn 0.123 -0.905 -0.407
vn 0.267 -0.386 -0.883
vn 0.176 -0.903 -0.393
vn 0.181 -0.902 -0.391
vn 0.236 -0.900 -0.366
vn 0.461 -0.386 -0.799
vn 0.500 -0.387 -0.775
vn 0.248 -0.900 -0.358
vn 0.289 -0.897 -0.334
vn 0.604 -0.386 -0.698
vn 0.312 -0.896 -0.316
vn 0.336 -0.895 -0.293
vn 0.695 -0.388 -0.606
vn 0.373 -0.892 -0.256
vn 0.380 -0.891 -0.247
vn 0.415 -0.889 -0.194
vn 0.836 -0.386 -0.390
vn 0.799 -0.387 -0.461
vn 0.417 -0.889 -0.192
vn 0.444 -0.886 -0.136
vn 0.882 -0.386 -0.270
vn 0.452 -0.885 -0.110
vn 0.465 -0.882 -0.074
vn 0.911 -0.386 -0.144
vn 0.474 -0.880 -0.032
vn 0.476 -0.880 -0.008
vn 0.922 -0.387 -0.015
vn 0.480 -0.875 0.060
vn 0.916 -0.386 0.113
vn 0.480 -0.875 0.062
vn 0.472 -0.872 0.127
vn 0.890 -0.387 0.240
vn 0.470 -0.871 0.144
vn 0.457 -0.868 0.195
vn 0.848 -0.386 0.362
vn 0.439 -0.866 0.239
vn 0.799 -0.387 0.461
vn 0.431 -0.864 0.260
vn 0.790 -0.386 0.477
vn 0.401 -0.860 0.315
vn 0.396 -0.860 0.322
vn 0.715 -0.387 0.583
vn 0.352 -0.855 0.380
vn 0.627 -0.386 0.677
vn 0.335 -0.854 0.399
vn 0.298 -0.852 0.430
vn 0.526 -0.388 0.757
vn 0.268 -0.848 0.457
vn 0.461 -0.386 0.799
vn 0.240 -0.846 0.476
vn 0.415 -0.386 0.824
vn 0.173 -0.842 0.511
vn 0.296 -0.387 0.873
vn 0.170 -0.841 0.513
vn 0.102 -0.836 0.539
vn 0.171 -0.386 0.906
vn 0.084 -0.836 0.543
vn 0.026 -0.831 0.556
vn 0.000 -0.386 0.923
vn -0.036 -0.827 0.562
vn -0.053 -0.826 0.561
vn -0.086 -0.387 0.918
vn -0.132 -0.819 0.558
vn -0.133 -0.819 0.558
vn -0.213 -0.386 0.898
vn -0.212 -0.815 0.540
vn -0.336 -0.388 0.858
vn -0.258 -0.809 0.528
vn -0.290 -0.807 0.515
vn -0.453 -0.386 0.804
vn -0.347 -0.803 0.485
vn -0.364 -0.801 0.476
vn -0.561 -0.386 0.732
vn -0.434 -0.794 0.427
vn -0.658 -0.386 0.647
vn -0.459 -0.792 0.403
vn -0.497 -0.786 0.368
vn -0.742 -0.386 0.549
vn -0.532 -0.781 0.327
vn -0.799 -0.387 0.461
vn -0.551 -0.780 0.298
vn -0.810 -0.387 0.439
vn -0.610 -0.768 0.198
vn -0.865 -0.386 0.322
vn -0.631 -0.763 0.139
vn -0.900 -0.387 0.198
vn -0.647 -0.757 0.092
vn -0.656 -0.753 0.050
vn -0.668 -0.740 -0.070
vn -0.921 -0.386 -0.059
vn -0.922 -0.388 0.000
vn -0.657 -0.729 -0.191
vn -0.903 -0.387 -0.187
vn -0.650 -0.723 -0.233
vn -0.606 -0.709 -0.361
vn -0.816 -0.388 -0.429
vn -0.749 -0.386 -0.539
vn -0.799 -0.387 -0.461
vn -0.539 -0.696 -0.474
vn -0.666 -0.387 -0.638
vn -0.408 -0.672 -0.618
vn -0.570 -0.386 -0.725
vn -0.287 -0.653 -0.701
vn -0.348 -0.387 -0.854
vn -0.464 -0.386 -0.798
vn -0.085 -0.625 -0.776
vn -0.225 -0.386 -0.895
vn 0.085 -0.600 -0.795
vn 0.031 -0.386 -0.922
vn 0.000 -0.386 -0.923
vn 0.322 -0.564 -0.761
vn 0.285 -0.386 -0.877
vn 0.365 -0.556 -0.747
vn 0.405 -0.386 -0.829
vn 0.159 -0.386 -0.908
vn -0.098 -0.387 -0.917
vn -0.869 -0.386 -0.311
vn -0.920 -0.386 0.071
vn 0.043 -0.386 0.922
vn 0.773 -0.386 -0.503
vn 0.387 -0.386 -0.837
vn -0.480 -0.386 -0.788
vn -0.825 -0.387 -0.412
vn -0.918 -0.386 0.089
vn -0.190 -0.941 0.280
vn 0.030 -0.946 0.321
vn 0.217 -0.951 0.220
vn -0.005 -0.964 -0.267
vn 0.206 -0.979 0.000
vn 0.839 -0.221 0.497
vn 0.658 -0.221 0.720
vn 0.690 -0.221 0.690
vn 0.898 -0.221 0.380
vn 0.923 -0.221 0.314
vn 0.811 -0.221 0.542
vn 0.877 -0.221 0.428
vn 0.974 -0.221 0.047
vn 0.970 -0.221 0.103
vn 0.970 -0.221 -0.106
vn 0.964 -0.221 -0.148
vn 0.903 -0.221 -0.369
vn 0.891 -0.221 -0.396
vn 0.814 -0.221 -0.537
vn 0.796 -0.221 -0.563
vn 0.644 -0.221 -0.733
vn 0.499 -0.221 -0.838
vn 0.629 -0.221 -0.746
vn 0.329 -0.221 -0.918
vn 0.472 -0.221 -0.854
vn 0.272 -0.221 -0.937
vn 0.251 -0.221 -0.942
vn 0.102 -0.221 -0.970
vn -0.075 -0.221 -0.972
vn 0.065 -0.221 -0.973
vn -0.137 -0.221 -0.966
vn -0.210 -0.221 -0.952
vn -0.164 -0.221 -0.961
vn -0.076 -0.221 -0.972
vn -0.301 -0.221 -0.928
vn -0.345 -0.221 -0.912
vn -0.465 -0.221 -0.857
vn -0.510 -0.221 -0.831
vn -0.541 -0.221 -0.811
vn -0.466 -0.221 -0.857
vn -0.684 -0.221 -0.695
vn -0.581 -0.221 -0.783
vn -0.685 -0.221 -0.695
vn -0.687 -0.221 -0.693
vn -0.580 -0.221 -0.784
vn -0.643 -0.221 -0.733
vn -0.774 -0.221 -0.593
vn -0.793 -0.221 -0.568
vn -0.821 -0.221 -0.526
vn -0.775 -0.221 -0.592
vn -0.908 -0.221 -0.356
vn -0.850 -0.221 -0.478
vn -0.907 -0.221 -0.359
vn -0.849 -0.221 -0.479
vn -0.876 -0.221 -0.429
vn -0.908 -0.221 -0.355
vn -0.949 -0.221 -0.226
vn -0.949 -0.221 -0.225
vn -0.962 -0.221 -0.158
vn -0.949 -0.221 -0.224
vn -0.974 -0.221 0.046
vn -0.971 -0.221 -0.090
vn -0.975 -0.221 0.028
vn -0.971 -0.221 -0.091
vn -0.973 -0.221 -0.062
vn -0.964 -0.221 0.149
vn -0.958 -0.221 0.181
vn -0.974 -0.221 0.047
vn -0.958 -0.221 0.182
vn -0.926 -0.221 0.306
vn -0.924 -0.221 0.313
vn -0.886 -0.221 0.407
vn -0.923 -0.221 0.314
vn -0.948 -0.221 0.229
vn -0.841 -0.221 0.494
vn -0.801 -0.221 0.556
vn -0.870 -0.221 0.440
vn -0.800 -0.221 0.557
vn -0.871 -0.221 0.439
vn -0.716 -0.221 0.663
vn -0.786 -0.221 0.577
vn -0.715 -0.221 0.664
vn -0.747 -0.221 0.627
vn -0.504 -0.221 0.835
vn -0.615 -0.221 0.757
vn -0.661 -0.221 0.717
vn -0.506 -0.221 0.833
vn -0.616 -0.221 0.756
vn -0.603 -0.221 0.766
vn -0.383 -0.221 0.897
vn -0.503 -0.221 0.835
vn -0.382 -0.221 0.897
vn -0.466 -0.221 0.857
vn -0.285 -0.221 0.933
vn -0.254 -0.221 0.942
vn -0.154 -0.221 0.963
vn -0.253 -0.221 0.942
vn -0.337 -0.221 0.915
vn 0.016 -0.221 0.975
vn -0.119 -0.221 0.968
vn 0.017 -0.221 0.975
vn -0.125 -0.221 0.967
vn -0.120 -0.221 0.968
vn 0.152 -0.221 0.963
vn 0.036 -0.221 0.975
vn 0.219 -0.221 0.950
vn 0.154 -0.221 0.963
vn 0.066 -0.221 0.973
vn 0.285 -0.221 0.933
vn 0.408 -0.221 0.886
vn 0.286 -0.221 0.932
vn 0.399 -0.221 0.890
vn 0.231 -0.221 0.948
vn 0.532 -0.221 0.817
vn 0.414 -0.221 0.883
vn 0.533 -0.221 0.817
vn 0.413 -0.221 0.884
vn 0.642 -0.221 0.734
vn 0.556 -0.221 0.801
vn 0.641 -0.221 0.735
vn 0.552 -0.221 0.804
vn 0.738 -0.221 0.637
vn 0.801 -0.221 0.556
vn 0.819 -0.221 0.529
vn 0.703 -0.221 0.676
vn 0.737 -0.221 0.638
vn 0.693 -0.221 0.686
vn 0.820 -0.221 0.528
vn 0.885 -0.221 0.409
vn 0.890 -0.221 0.399
vn 0.903 -0.221 0.368
vn 0.886 -0.221 0.408
vn 0.813 -0.221 0.538
vn 0.964 -0.221 0.149
vn 0.954 -0.221 0.202
vn 0.934 -0.221 0.281
vn 0.959 -0.221 0.180
vn 0.934 -0.221 0.282
vn 0.945 -0.221 0.240
vn 0.964 -0.221 0.148
vn 0.973 -0.221 0.065
vn 0.975 -0.221 0.013
vn 0.975 -0.221 0.009
vn 0.975 -0.221 0.012
vn 0.967 -0.221 -0.125
vn 0.967 -0.221 -0.124
vn 0.941 -0.221 -0.257
vn 0.962 -0.221 -0.161
vn 0.957 -0.221 -0.187
vn 0.969 -0.221 -0.107
vn 0.896 -0.221 -0.386
vn 0.911 -0.221 -0.349
vn 0.940 -0.221 -0.258
vn 0.935 -0.221 -0.278
vn 0.782 -0.221 -0.583
vn 0.832 -0.221 -0.508
vn 0.837 -0.221 -0.500
vn 0.822 -0.221 -0.526
vn 0.895 -0.221 -0.387
vn 0.872 -0.221 -0.437
vn 0.833 -0.221 -0.508
vn 0.754 -0.221 -0.619
vn 0.666 -0.221 -0.713
vn 0.753 -0.221 -0.620
vn 0.721 -0.221 -0.657
vn 0.600 -0.221 -0.769
vn 0.553 -0.221 -0.803
vn 0.533 -0.221 -0.817
vn 0.552 -0.221 -0.804
vn 0.573 -0.221 -0.790
vn 0.659 -0.221 -0.719
vn 0.660 -0.221 -0.718
vn 0.379 -0.221 -0.899
vn 0.433 -0.221 -0.874
vn 0.435 -0.221 -0.873
vn 0.436 -0.221 -0.873
vn 0.221 -0.221 -0.950
vn 0.178 -0.221 -0.959
vn 0.246 -0.221 -0.944
vn 0.291 -0.221 -0.931
vn 0.309 -0.221 -0.925
vn 0.282 -0.221 -0.934
vn 0.310 -0.221 -0.925
vn 0.088 -0.221 -0.971
vn 0.046 -0.221 -0.974
vn 0.042 -0.221 -0.974
vn -0.072 -0.221 -0.973
vn -0.113 -0.221 -0.969
vn -0.117 -0.221 -0.968
vn -0.095 -0.221 -0.971
vn -0.268 -0.221 -0.938
vn -0.291 -0.221 -0.931
vn -0.440 -0.221 -0.870
vn -0.113 -0.221 -0.969
vn -0.576 -0.221 -0.787
vn -0.455 -0.221 -0.863
vn -0.586 -0.221 -0.779
vn -0.592 -0.221 -0.775
vn -0.710 -0.221 -0.669
vn -0.808 -0.221 -0.547
vn -0.735 -0.221 -0.641
vn -0.826 -0.221 -0.518
vn -0.821 -0.221 -0.526
vn -0.895 -0.221 -0.388
vn -0.916 -0.221 -0.335
vn -0.945 -0.221 -0.242
vn -0.951 -0.221 -0.215
vn -0.897 -0.221 -0.382
vn -0.971 -0.221 0.090
vn -0.975 -0.221 0.014
vn -0.974 -0.221 -0.040
vn -0.957 -0.221 -0.190
vn -0.973 -0.221 -0.062
vn -0.968 -0.221 0.121
vn -0.926 -0.221 0.308
vn -0.962 -0.221 0.163
vn -0.937 -0.221 0.271
vn -0.884 -0.221 0.411
vn -0.906 -0.221 0.361
vn -0.841 -0.221 0.493
vn -0.870 -0.221 0.442
vn -0.758 -0.221 0.614
vn -0.791 -0.221 0.570
vn -0.695 -0.221 0.684
vn -0.719 -0.221 0.659
vn -0.613 -0.221 0.759
vn -0.668 -0.221 0.710
vn -0.553 -0.221 0.804
vn -0.493 -0.221 0.841
vn -0.426 -0.221 0.877
vn -0.439 -0.221 0.871
vn -0.306 -0.221 0.926
vn -0.389 -0.221 0.894
vn -0.250 -0.221 0.943
vn -0.167 -0.221 0.961
vn -0.102 -0.221 0.970
vn -0.108 -0.221 0.969
vn -0.064 -0.221 0.973
vn 0.040 -0.221 0.974
vn 0.181 -0.221 0.958
vn 0.081 -0.221 0.972
vn 0.247 -0.221 0.944
vn 0.267 -0.221 0.938
vn 0.402 -0.221 0.889
vn 0.222 -0.221 0.950
vn 0.379 -0.221 0.899
vn 0.527 -0.221 0.821
vn 0.563 -0.221 0.797
vn 0.504 -0.221 0.835
vn 0.567 -0.221 0.793
vn 0.676 -0.221 0.703
vn 0.764 -0.221 0.607
vn 0.770 -0.221 0.598
vn 0.801 -0.221 0.556
vn 0.670 -0.221 0.709
vn 0.807 -0.221 0.548
vn 0.873 -0.221 0.435
vn 0.927 -0.221 0.302
vn 0.926 -0.221 0.307
vn 0.941 -0.221 0.255
vn 0.876 -0.221 0.429
vn 0.948 -0.221 0.231
vn 0.968 -0.221 0.119
vn 0.970 -0.221 0.097
vn 0.972 -0.221 -0.076
vn 0.957 -0.221 -0.190
vn 0.968 -0.221 -0.116
vn 0.975 -0.221 -0.039
vn 0.975 -0.221 -0.018
vn 0.900 -0.221 -0.375
vn 0.935 -0.221 -0.278
vn 0.914 -0.221 -0.341
vn 0.943 -0.221 -0.248
vn 0.952 -0.221 -0.211
vn 0.891 -0.221 -0.397
vn 0.827 -0.221 -0.517
vn 0.867 -0.221 -0.446
vn 0.798 -0.221 -0.560
vn 0.715 -0.221 -0.663
vn 0.748 -0.221 -0.626
vn 0.554 -0.221 -0.803
vn 0.656 -0.221 -0.721
vn 0.607 -0.221 -0.763
vn 0.707 -0.221 -0.672
vn 0.318 -0.221 -0.922
vn 0.365 -0.221 -0.904
vn 0.441 -0.221 -0.870
vn 0.536 -0.221 -0.815
vn 0.498 -0.221 -0.839
vn 0.441 -0.221 -0.870
vn 0.241 -0.221 -0.945
vn -0.007 -0.221 -0.975
vn 0.027 -0.221 -0.975
vn 0.113 -0.221 -0.969
vn 0.191 -0.221 -0.956
vn 0.125 -0.221 -0.967
vn -0.190 -0.221 -0.957
vn -0.102 -0.221 -0.970
vn -0.137 -0.221 -0.966
vn -0.206 -0.221 -0.953
vn -0.331 -0.221 -0.917
vn -0.249 -0.221 -0.943
vn -0.431 -0.221 -0.875
vn -0.313 -0.221 -0.924
vn -0.229 -0.221 -0.948
vn -0.450 -0.221 -0.866
vn -0.512 -0.221 -0.830
vn -0.614 -0.221 -0.758
vn -0.617 -0.221 -0.755
vn -0.711 -0.221 -0.668
vn -0.542 -0.221 -0.811
vn -0.788 -0.221 -0.575
vn -0.707 -0.221 -0.672
vn -0.760 -0.221 -0.612
vn -0.892 -0.221 -0.394
vn -0.869 -0.221 -0.443
vn -0.838 -0.221 -0.498
vn -0.895 -0.221 -0.387
vn -0.798 -0.221 -0.561
vn -0.833 -0.221 -0.507
vn -0.938 -0.221 -0.269
vn -0.920 -0.221 -0.324
vn -0.954 -0.221 -0.201
vn -0.959 -0.221 -0.177
vn -0.972 -0.221 -0.077
vn -0.974 -0.221 -0.054
vn -0.961 -0.221 0.165
vn -0.973 -0.221 0.070
vn -0.967 -0.221 0.127
vn -0.972 -0.221 0.086
vn -0.975 -0.221 0.001
vn -0.943 -0.221 0.249
vn -0.919 -0.221 0.326
vn -0.933 -0.221 0.285
vn -0.889 -0.221 0.400
vn -0.957 -0.221 0.190
vn -0.950 -0.221 0.221
vn -0.870 -0.221 0.441
vn -0.807 -0.221 0.547
vn -0.845 -0.221 0.487
vn -0.698 -0.221 0.681
vn -0.778 -0.221 0.588
vn -0.758 -0.221 0.613
vn -0.511 -0.221 0.831
vn -0.528 -0.221 0.820
vn -0.584 -0.221 0.781
vn -0.674 -0.221 0.705
vn -0.581 -0.221 0.784
vn -0.625 -0.221 0.748
vn -0.688 -0.221 0.692
vn -0.422 -0.221 0.879
vn -0.402 -0.221 0.888
vn -0.346 -0.221 0.912
vn -0.215 -0.221 0.951
vn -0.330 -0.221 0.918
vn -0.289 -0.221 0.932
vn -0.085 -0.221 0.972
vn 0.035 -0.221 0.975
vn 0.007 -0.221 0.975
vn -0.206 -0.221 0.953
vn -0.096 -0.221 0.971
vn 0.123 -0.221 0.968
vn 0.125 -0.221 0.967
vn 0.355 -0.221 0.908
vn 0.341 -0.221 0.914
vn 0.242 -0.221 0.945
vn 0.193 -0.221 0.956
vn 0.192 -0.221 0.956
vn 0.242 -0.221 0.945
vn 0.449 -0.221 0.866
vn 0.437 -0.221 0.872
vn 0.541 -0.221 0.811
vn 0.636 -0.221 0.740
vn 0.702 -0.221 0.677
vn 0.671 -0.221 0.708
vn 0.635 -0.221 0.741
vn 0.550 -0.221 0.805
vn 0.763 -0.221 0.607
vn 0.763 -0.221 0.607
vn 0.779 -0.221 0.587
vn 0.719 -0.221 0.659
vn 0.850 -0.221 0.478
vn 0.844 -0.221 0.488
vn 0.887 -0.221 0.405
vn 0.793 -0.221 0.568
vn 0.939 -0.221 0.264
vn 0.944 -0.221 0.243
vn 0.958 -0.221 0.182
vn 0.930 -0.221 0.295
vn 0.901 -0.221 0.374
vn 0.971 -0.221 0.088
vn 0.975 -0.221 -0.029
vn 0.974 -0.221 0.043
vn 0.969 -0.221 0.108
vn 0.963 -0.221 0.157
vn 0.957 -0.221 0.190
vn 0.973 -0.221 -0.073
vn 0.965 -0.221 -0.145
vn 0.958 -0.221 -0.182
vn 0.930 -0.221 -0.293
vn 0.929 -0.221 -0.296
vn 0.910 -0.221 -0.350
vn 0.946 -0.221 -0.239
vn 0.957 -0.221 -0.190
vn 0.838 -0.221 -0.499
vn 0.890 -0.221 -0.400
vn 0.863 -0.221 -0.455
vn 0.813 -0.221 -0.539
vn 0.811 -0.221 -0.542
vn 0.664 -0.221 -0.714
vn 0.700 -0.221 -0.679
vn 0.727 -0.221 -0.650
vn 0.743 -0.221 -0.632
vn 0.774 -0.221 -0.593
vn 0.617 -0.221 -0.756
vn 0.588 -0.221 -0.778
vn 0.542 -0.221 -0.811
vn 0.630 -0.221 -0.744
vn 0.427 -0.221 -0.877
vn 0.525 -0.221 -0.822
vn 0.492 -0.221 -0.842
vn 0.391 -0.221 -0.893
vn 0.321 -0.221 -0.921
vn 0.186 -0.221 -0.957
vn 0.214 -0.221 -0.952
vn 0.271 -0.221 -0.937
vn 0.296 -0.221 -0.929
vn -0.013 -0.221 -0.975
vn 0.103 -0.221 -0.970
vn 0.075 -0.221 -0.972
vn 0.137 -0.221 -0.966
vn 0.138 -0.221 -0.965
vn -0.233 -0.221 -0.947
vn -0.124 -0.221 -0.967
vn -0.141 -0.221 -0.965
vn -0.028 -0.221 -0.975
vn -0.345 -0.221 -0.912
vn -0.350 -0.221 -0.910
vn -0.396 -0.221 -0.891
vn -0.269 -0.221 -0.938
vn -0.250 -0.221 -0.943
vn -0.452 -0.221 -0.864
vn -0.547 -0.221 -0.807
vn -0.517 -0.221 -0.827
vn -0.541 -0.221 -0.811
vn -0.446 -0.221 -0.868
vn -0.397 -0.221 -0.891
vn -0.632 -0.221 -0.743
vn -0.712 -0.221 -0.666
vn -0.690 -0.221 -0.690
vn -0.636 -0.221 -0.740
vn -0.809 -0.221 -0.544
vn -0.810 -0.221 -0.544
vn -0.785 -0.221 -0.579
vn -0.783 -0.221 -0.581
vn -0.715 -0.221 -0.664
vn -0.892 -0.221 -0.393
vn -0.878 -0.221 -0.425
vn -0.850 -0.221 -0.479
vn -0.898 -0.221 -0.381
vn -0.811 -0.221 -0.542
vn -0.842 -0.221 -0.492
vn -0.958 -0.221 -0.185
vn -0.957 -0.221 -0.190
vn -0.938 -0.221 -0.266
vn -0.931 -0.221 -0.291
vn -0.935 -0.221 -0.278
vn -0.928 -0.221 -0.299
vn -0.975 -0.221 -0.031
vn -0.975 -0.221 0.033
vn -0.975 -0.221 -0.030
vn -0.974 -0.221 -0.053
vn -0.972 -0.221 -0.076
vn -0.962 -0.221 -0.160
vn -0.959 -0.221 0.177
vn -0.970 -0.221 0.106
vn -0.965 -0.221 0.142
vn -0.970 -0.221 0.105
vn -0.973 -0.221 0.070
vn -0.974 -0.221 0.055
vn -0.910 -0.221 0.352
vn -0.902 -0.221 0.370
vn -0.934 -0.221 0.281
vn -0.943 -0.221 0.249
vn -0.957 -0.221 0.190
vn -0.945 -0.221 0.240
vn -0.808 -0.221 0.547
vn -0.811 -0.221 0.542
vn -0.842 -0.221 0.493
vn -0.891 -0.221 0.398
vn -0.864 -0.221 0.453
vn -0.842 -0.221 0.492
vn -0.897 -0.221 0.383
vn -0.665 -0.221 0.714
vn -0.701 -0.221 0.678
vn -0.714 -0.221 0.664
vn -0.743 -0.221 0.632
vn -0.765 -0.221 0.605
vn -0.783 -0.221 0.582
vn -0.765 -0.221 0.605
vn -0.542 -0.221 0.811
vn -0.538 -0.221 0.813
vn -0.568 -0.221 0.793
vn -0.582 -0.221 0.783
vn -0.623 -0.221 0.750
vn -0.673 -0.221 0.706
vn -0.452 -0.221 0.864
vn -0.391 -0.221 0.893
vn -0.429 -0.221 0.876
vn -0.373 -0.221 0.901
vn -0.447 -0.221 0.867
vn -0.452 -0.221 0.865
vn -0.493 -0.221 0.842
vn -0.291 -0.221 0.931
vn -0.188 -0.221 0.957
vn -0.231 -0.221 0.948
vn -0.195 -0.221 0.956
vn -0.327 -0.221 0.919
vn -0.326 -0.221 0.919
vn -0.331 -0.221 0.917
vn 0.033 -0.221 0.975
vn 0.000 -0.221 0.975
vn -0.059 -0.221 0.973
vn -0.073 -0.221 0.973
vn -0.127 -0.221 0.967
vn -0.104 -0.221 0.970
vn 0.208 -0.221 0.953
vn 0.105 -0.221 0.970
vn 0.138 -0.221 0.965
vn 0.076 -0.221 0.972
vn 0.077 -0.221 0.972
vn 0.253 -0.221 0.942
vn 0.353 -0.221 0.909
vn 0.332 -0.221 0.917
vn 0.343 -0.221 0.913
vn 0.232 -0.221 0.947
vn 0.212 -0.221 0.952
vn 0.211 -0.221 0.952
vn 0.539 -0.221 0.813
vn 0.519 -0.221 0.826
vn 0.467 -0.221 0.856
vn 0.449 -0.221 0.866
vn 0.541 -0.221 0.812
vn 0.427 -0.221 0.877
vn 0.624 -0.221 0.750
vn 0.633 -0.221 0.742
vn 0.685 -0.221 0.694
vn 0.582 -0.221 0.783
vn 0.550 -0.221 0.806
vn 0.582 -0.221 0.783
vn 0.784 -0.221 0.579
vn 0.785 -0.221 0.578
vn 0.811 -0.221 0.542
vn 0.811 -0.221 0.542
vn 0.776 -0.221 0.590
vn 0.776 -0.221 0.591
vn 0.768 -0.221 0.602
vn 0.699 -0.221 0.680
vn 0.709 -0.221 0.670
vn 0.685 -0.221 0.694
vn 0.888 -0.221 0.403
vn 0.890 -0.221 0.399
vn 0.909 -0.221 0.354
vn 0.851 -0.221 0.477
vn 0.843 -0.221 0.491
vn 0.841 -0.221 0.494
vn 0.949 -0.221 0.224
vn 0.949 -0.221 0.223
vn 0.935 -0.221 0.279
vn 0.932 -0.221 0.286
vn 0.927 -0.221 0.302
vn 0.926 -0.221 0.306
vn 0.909 -0.221 0.354
vn 0.975 -0.221 0.000
vn 0.975 -0.221 0.000
vn 0.972 -0.221 0.078
vn 0.972 -0.221 0.083
vn 0.971 -0.221 0.089
vn 0.959 -0.221 0.179
vn 0.958 -0.221 0.185
vn 0.958 -0.221 -0.183
vn 0.958 -0.221 -0.183
vn 0.963 -0.221 -0.157
vn 0.965 -0.221 -0.141
vn 0.974 -0.221 -0.056
vn 0.975 -0.221 -0.038
vn 0.974 -0.221 -0.048
vn 0.975 -0.221 -0.024
vn 0.975 -0.221 -0.020
vn 0.909 -0.221 -0.353
vn 0.907 -0.221 -0.358
vn 0.901 -0.221 -0.373
vn 0.923 -0.221 -0.315
vn 0.914 -0.221 -0.339
vn 0.923 -0.221 -0.315
vn 0.941 -0.221 -0.256
vn 0.945 -0.221 -0.242
vn 0.957 -0.221 -0.190
vn 0.852 -0.221 -0.474
vn 0.864 -0.221 -0.452
vn 0.812 -0.221 -0.540
vn 0.800 -0.221 -0.558
vn 0.870 -0.221 -0.441
vn 0.897 -0.221 -0.383
vn 0.690 -0.221 -0.690
vn 0.690 -0.221 -0.690
vn 0.713 -0.221 -0.665
vn 0.737 -0.221 -0.639
vn 0.738 -0.221 -0.638
vn 0.714 -0.221 -0.664
vn 0.752 -0.221 -0.621
vn 0.799 -0.221 -0.559
vn 0.562 -0.221 -0.797
vn 0.614 -0.221 -0.758
vn 0.589 -0.221 -0.777
vn 0.615 -0.221 -0.757
vn 0.667 -0.221 -0.712
vn 0.641 -0.221 -0.735
vn 0.485 -0.221 -0.846
vn 0.394 -0.221 -0.892
vn 0.446 -0.221 -0.868
vn 0.381 -0.221 -0.898
vn 0.477 -0.221 -0.851
vn 0.502 -0.221 -0.836
vn 0.542 -0.221 -0.811
vn 0.506 -0.221 -0.834
vn 0.252 -0.221 -0.942
vn 0.252 -0.221 -0.942
vn 0.203 -0.221 -0.954
vn 0.190 -0.221 -0.957
vn 0.260 -0.221 -0.940
vn 0.354 -0.221 -0.909
vn 0.300 -0.221 -0.928
vn 0.026 -0.221 -0.975
vn 0.118 -0.221 -0.968
vn 0.078 -0.221 -0.972
vn 0.000 -0.221 -0.975
vn 0.000 -0.221 -0.975
vn 0.118 -0.221 -0.968
vn 0.125 -0.221 -0.967
vn 0.162 -0.221 -0.962
vn 0.178 -0.221 -0.959
vn -0.190 -0.221 -0.957
vn -0.172 -0.221 -0.960
vn -0.155 -0.221 -0.963
vn -0.211 -0.221 -0.952
vn -0.073 -0.221 -0.973
vn -0.122 -0.221 -0.968
vn -0.149 -0.221 -0.964
vn -0.022 -0.221 -0.975
vn -0.019 -0.221 -0.975
vn -0.306 -0.221 -0.926
vn -0.342 -0.221 -0.913
vn -0.373 -0.221 -0.901
vn -0.287 -0.221 -0.932
vn -0.288 -0.221 -0.932
vn -0.247 -0.221 -0.943
vn -0.545 -0.221 -0.809
vn -0.521 -0.221 -0.825
vn -0.486 -0.221 -0.846
vn -0.534 -0.221 -0.816
vn -0.415 -0.221 -0.883
vn -0.433 -0.221 -0.874
vn -0.459 -0.221 -0.861
vn -0.415 -0.221 -0.883
vn -0.398 -0.221 -0.890
vn -0.642 -0.221 -0.734
vn -0.696 -0.221 -0.683
vn -0.675 -0.221 -0.704
vn -0.643 -0.221 -0.734
vn -0.601 -0.221 -0.768
vn -0.624 -0.221 -0.750
vn -0.770 -0.221 -0.599
vn -0.781 -0.221 -0.584
vn -0.811 -0.221 -0.542
vn -0.743 -0.221 -0.632
vn -0.739 -0.221 -0.637
vn -0.717 -0.221 -0.661
vn -0.739 -0.221 -0.637
vn -0.882 -0.221 -0.416
vn -0.895 -0.221 -0.386
vn -0.886 -0.221 -0.407
vn -0.901 -0.221 -0.373
vn -0.873 -0.221 -0.434
vn -0.826 -0.221 -0.519
vn -0.836 -0.221 -0.503
vn -0.820 -0.221 -0.528
vn -0.821 -0.221 -0.527
vn -0.955 -0.221 -0.199
vn -0.953 -0.221 -0.210
vn -0.934 -0.221 -0.280
vn -0.930 -0.221 -0.294
vn -0.913 -0.221 -0.344
vn -0.927 -0.221 -0.303
vn -0.975 -0.221 0.000
vn -0.975 -0.221 -0.011
vn -0.975 -0.221 -0.017
vn -0.969 -0.221 -0.114
vn -0.973 -0.221 -0.069
vn -0.975 -0.221 -0.011
vn -0.970 -0.221 -0.103
vn -0.964 -0.221 -0.147
vn -0.964 -0.221 -0.147
vn -0.967 -0.221 0.125
vn -0.967 -0.221 0.126
vn -0.957 -0.221 0.190
vn -0.975 -0.221 0.029
vn -0.975 -0.221 0.029
vn -0.941 -0.221 0.256
vn -0.911 -0.221 0.349
vn -0.924 -0.221 0.313
vn -0.908 -0.221 0.357
vn -0.950 -0.221 0.220
vn -0.950 -0.221 0.222
vn -0.957 -0.221 0.190
vn -0.940 -0.221 0.260
vn -0.824 -0.221 0.522
vn -0.811 -0.221 0.542
vn -0.820 -0.221 0.528
vn -0.832 -0.221 0.509
vn -0.868 -0.221 0.445
vn -0.871 -0.221 0.438
vn -0.895 -0.221 0.388
vn -0.895 -0.221 0.388
vn -0.690 -0.221 0.690
vn -0.690 -0.221 0.690
vn -0.733 -0.221 0.643
vn -0.744 -0.221 0.630
vn -0.764 -0.221 0.606
vn -0.804 -0.221 0.553
vn -0.752 -0.221 0.620
vn -0.552 -0.221 0.804
vn -0.594 -0.221 0.773
vn -0.576 -0.221 0.787
vn -0.606 -0.221 0.764
vn -0.658 -0.221 0.720
vn -0.659 -0.221 0.719
vn -0.667 -0.221 0.712
vn -0.679 -0.221 0.701
vn -0.387 -0.221 0.895
vn -0.434 -0.221 0.873
vn -0.410 -0.221 0.885
vn -0.434 -0.221 0.873
vn -0.472 -0.221 0.853
vn -0.495 -0.221 0.840
vn -0.515 -0.221 0.828
vn -0.552 -0.221 0.804
vn -0.206 -0.221 0.953
vn -0.298 -0.221 0.929
vn -0.284 -0.221 0.933
vn -0.308 -0.221 0.925
vn -0.308 -0.221 0.926
vn -0.321 -0.221 0.921
vn -0.373 -0.221 0.901
vn -0.040 -0.221 0.974
vn -0.040 -0.221 0.974
vn -0.001 -0.221 0.975
vn -0.062 -0.221 0.973
vn -0.096 -0.221 0.971
vn -0.156 -0.221 0.963
vn -0.176 -0.221 0.959
vn -0.175 -0.221 0.959
vn -0.190 -0.221 0.957
vn 0.136 -0.221 0.966
vn 0.190 -0.221 0.957
vn 0.179 -0.221 0.959
vn 0.127 -0.221 0.967
vn 0.097 -0.221 0.970
vn 0.096 -0.221 0.971
vn 0.032 -0.221 0.975
vn 0.041 -0.221 0.974
vn 0.000 -0.221 0.975
vn 0.359 -0.221 0.907
vn 0.270 -0.221 0.937
vn 0.320 -0.221 0.921
vn 0.360 -0.221 0.906
vn 0.229 -0.221 0.948
vn 0.231 -0.221 0.947
vn 0.492 -0.221 0.842
vn 0.484 -0.221 0.847
vn 0.529 -0.221 0.820
vn 0.542 -0.221 0.811
vn 0.445 -0.221 0.868
vn 0.447 -0.221 0.867
vn 0.484 -0.221 0.847
vn 0.373 -0.221 0.901
vn 0.690 -0.221 0.690
vn 0.690 -0.221 0.690
vn 0.644 -0.221 0.733
vn 0.598 -0.221 0.771
vn 0.605 -0.221 0.765
vn 0.639 -0.221 0.737
vn 0.570 -0.221 0.791
vn 0.811 -0.221 0.542
vn 0.804 -0.221 0.552
vn 0.788 -0.221 0.575
vn 0.748 -0.221 0.626
vn 0.769 -0.221 0.600
vn 0.787 -0.221 0.576
vn 0.708 -0.221 0.671
vn 0.711 -0.221 0.667
vn 0.699 -0.221 0.680
vn 0.699 -0.221 0.680
vn 0.901 -0.221 0.373
vn 0.901 -0.221 0.373
vn 0.894 -0.221 0.389
vn 0.860 -0.221 0.460
vn 0.860 -0.221 0.460
vn 0.889 -0.221 0.400
vn 0.853 -0.221 0.473
vn 0.823 -0.221 0.523
vn 0.847 -0.221 0.484
vn 0.954 -0.221 0.204
vn 0.943 -0.221 0.249
vn 0.949 -0.221 0.223
vn 0.954 -0.221 0.204
vn 0.915 -0.221 0.337
vn 0.924 -0.221 0.313
vn 0.916 -0.221 0.336
vn 0.975 -0.221 0.000
vn 0.975 -0.221 0.008
vn 0.973 -0.221 0.065
vn 0.973 -0.221 0.069
vn 0.973 -0.221 0.069
vn 0.972 -0.221 0.084
vn 0.962 -0.221 0.158
vn 0.959 -0.221 0.178
vn 0.957 -0.221 -0.190
vn 0.957 -0.221 -0.190
vn 0.959 -0.221 -0.175
vn 0.972 -0.221 -0.084
vn 0.970 -0.221 -0.101
vn 0.964 -0.221 -0.149
vn 0.973 -0.221 -0.067
vn 0.973 -0.221 -0.068
vn 0.975 -0.221 -0.009
vn 0.901 -0.221 -0.373
vn 0.901 -0.221 -0.373
vn 0.916 -0.221 -0.334
vn 0.918 -0.221 -0.329
vn 0.921 -0.221 -0.322
vn 0.938 -0.221 -0.266
vn 0.954 -0.221 -0.203
vn 0.954 -0.221 -0.202
vn 0.945 -0.221 -0.241
vn 0.813 -0.221 -0.539
vn 0.811 -0.221 -0.542
vn 0.844 -0.221 -0.488
vn 0.861 -0.221 -0.459
vn 0.886 -0.221 -0.407
vn 0.883 -0.221 -0.415
vn 0.861 -0.221 -0.459
vn 0.697 -0.221 -0.682
vn 0.690 -0.221 -0.690
vn 0.698 -0.221 -0.682
vn 0.700 -0.221 -0.679
vn 0.758 -0.221 -0.613
vn 0.758 -0.221 -0.613
vn 0.788 -0.221 -0.574
vn 0.788 -0.221 -0.574
vn 0.794 -0.221 -0.566
vn 0.590 -0.221 -0.777
vn 0.542 -0.221 -0.811
vn 0.558 -0.221 -0.800
vn 0.542 -0.221 -0.811
vn 0.599 -0.221 -0.770
vn 0.599 -0.221 -0.770
vn 0.631 -0.221 -0.744
vn 0.661 -0.221 -0.717
vn 0.427 -0.221 -0.877
vn 0.434 -0.221 -0.873
vn 0.387 -0.221 -0.895
vn 0.373 -0.221 -0.901
vn 0.485 -0.221 -0.846
vn 0.486 -0.221 -0.846
vn 0.507 -0.221 -0.833
vn 0.514 -0.221 -0.829
vn 0.196 -0.221 -0.955
vn 0.232 -0.221 -0.947
vn 0.213 -0.221 -0.952
vn 0.233 -0.221 -0.947
vn 0.257 -0.221 -0.941
vn 0.344 -0.221 -0.913
vn 0.301 -0.221 -0.928
vn 0.363 -0.221 -0.905
vn 0.362 -0.221 -0.905
vn 0.373 -0.221 -0.901
vn 0.016 -0.221 -0.975
vn 0.098 -0.221 -0.970
vn 0.070 -0.221 -0.973
vn 0.000 -0.221 -0.975
vn 0.000 -0.221 -0.975
vn 0.098 -0.221 -0.970
vn 0.107 -0.221 -0.969
vn 0.123 -0.221 -0.968
vn 0.190 -0.221 -0.957
vn -0.190 -0.221 -0.957
vn -0.190 -0.221 -0.957
vn -0.174 -0.221 -0.960
vn -0.174 -0.221 -0.960
vn -0.138 -0.221 -0.966
vn -0.113 -0.221 -0.969
vn -0.038 -0.221 -0.975
vn -0.075 -0.221 -0.972
vn -0.038 -0.221 -0.975
vn -0.022 -0.221 -0.975
vn -0.373 -0.221 -0.901
vn -0.313 -0.221 -0.924
vn -0.342 -0.221 -0.913
vn -0.306 -0.221 -0.926
vn -0.306 -0.221 -0.926
vn -0.226 -0.221 -0.949
vn -0.255 -0.221 -0.941
vn -0.202 -0.221 -0.954
vn -0.542 -0.221 -0.811
vn -0.542 -0.221 -0.811
vn -0.532 -0.221 -0.817
vn -0.455 -0.221 -0.863
vn -0.433 -0.221 -0.874
vn -0.505 -0.221 -0.834
vn -0.373 -0.221 -0.901
vn -0.426 -0.221 -0.878
vn -0.397 -0.221 -0.891
vn -0.433 -0.221 -0.874
vn -0.657 -0.221 -0.720
vn -0.691 -0.221 -0.688
vn -0.673 -0.221 -0.706
vn -0.690 -0.221 -0.690
vn -0.658 -0.221 -0.720
vn -0.605 -0.221 -0.765
vn -0.624 -0.221 -0.749
vn -0.552 -0.221 -0.804
vn -0.551 -0.221 -0.805
vn -0.811 -0.221 -0.542
vn -0.776 -0.221 -0.590
vn -0.786 -0.221 -0.577
vn -0.751 -0.221 -0.622
vn -0.752 -0.221 -0.621
vn -0.719 -0.221 -0.659
vn -0.901 -0.221 -0.373
vn -0.899 -0.221 -0.378
vn -0.894 -0.221 -0.389
vn -0.871 -0.221 -0.439
vn -0.879 -0.221 -0.422
vn -0.894 -0.221 -0.390
vn -0.837 -0.221 -0.501
vn -0.831 -0.221 -0.511
vn -0.831 -0.221 -0.510
vn -0.827 -0.221 -0.517
vn -0.811 -0.221 -0.542
vn -0.953 -0.221 -0.209
vn -0.955 -0.221 -0.198
vn -0.957 -0.221 -0.190
vn -0.940 -0.221 -0.261
vn -0.940 -0.221 -0.261
vn -0.930 -0.221 -0.294
vn -0.933 -0.221 -0.285
vn -0.914 -0.221 -0.340
vn -0.975 -0.221 0.000
vn -0.974 -0.221 -0.053
vn -0.975 -0.221 -0.021
vn -0.969 -0.221 -0.110
vn -0.968 -0.221 -0.120
vn -0.967 -0.221 -0.127
vn -0.957 -0.221 -0.190
vn -0.967 -0.221 -0.127
vn -0.964 -0.221 0.145
vn -0.964 -0.221 0.145
vn -0.957 -0.221 0.190
vn -0.967 -0.221 0.124
vn -0.967 -0.221 0.128
vn -0.975 -0.221 0.036
vn -0.975 -0.221 0.039
vn -0.975 -0.221 0.009
vn -0.975 -0.221 0.009
vn -0.975 -0.221 0.000
vn -0.901 -0.221 0.373
vn -0.901 -0.221 0.373
vn -0.906 -0.221 0.362
vn -0.935 -0.221 0.278
vn -0.928 -0.221 0.301
vn -0.907 -0.221 0.358
vn -0.935 -0.221 0.278
vn -0.952 -0.221 0.211
vn -0.951 -0.221 0.216
vn -0.957 -0.221 0.190
vn -0.821 -0.221 0.526
vn -0.821 -0.221 0.526
vn -0.811 -0.221 0.542
vn -0.811 -0.221 0.542
vn -0.826 -0.221 0.519
vn -0.827 -0.221 0.517
vn -0.870 -0.221 0.442
vn -0.870 -0.221 0.440
vn -0.887 -0.221 0.406
vn -0.887 -0.221 0.406
vn -0.690 -0.221 0.690
vn -0.690 -0.221 0.690
vn -0.731 -0.221 0.645
vn -0.738 -0.221 0.637
vn -0.740 -0.221 0.636
vn -0.786 -0.221 0.577
vn -0.777 -0.221 0.590
vn -0.740 -0.221 0.636
vn -0.540 -0.221 0.812
vn -0.546 -0.221 0.808
vn -0.604 -0.221 0.766
vn -0.542 -0.221 0.811
vn -0.644 -0.221 0.733
vn -0.644 -0.221 0.733
vn -0.611 -0.221 0.760
vn -0.670 -0.221 0.708
vn -0.677 -0.221 0.702
vn -0.407 -0.221 0.886
vn -0.373 -0.221 0.901
vn -0.394 -0.221 0.892
vn -0.373 -0.221 0.901
vn -0.416 -0.221 0.882
vn -0.416 -0.221 0.882
vn -0.472 -0.221 0.854
vn -0.486 -0.221 0.845
vn -0.535 -0.221 0.815
vn -0.535 -0.221 0.815
vn -0.245 -0.221 0.944
vn -0.242 -0.221 0.945
vn -0.190 -0.221 0.957
vn -0.289 -0.221 0.932
vn -0.289 -0.221 0.932
vn -0.312 -0.221 0.924
vn -0.326 -0.221 0.919
vn 0.000 -0.221 0.975
vn -0.020 -0.221 0.975
vn -0.005 -0.221 0.975
vn -0.020 -0.221 0.975
vn -0.074 -0.221 0.973
vn -0.093 -0.221 0.971
vn -0.156 -0.221 0.963
vn -0.156 -0.221 0.963
vn -0.160 -0.221 0.962
vn -0.190 -0.221 0.957
vn -0.180 -0.221 0.959
vn 0.190 -0.221 0.957
vn 0.114 -0.221 0.969
vn 0.146 -0.221 0.964
vn 0.082 -0.221 0.972
vn 0.116 -0.221 0.968
vn 0.014 -0.221 0.975
vn 0.000 -0.221 0.975
vn 0.248 -0.221 0.943
vn 0.250 -0.221 0.943
vn 0.316 -0.221 0.923
vn 0.190 -0.221 0.957
vn 0.232 -0.221 0.947
vn 0.377 -0.221 0.899
vn 0.380 -0.221 0.898
vn 0.397 -0.221 0.891
vn 0.373 -0.221 0.901
vn 0.409 -0.221 0.885
vn -0.703 -0.221 -0.676
vn -0.415 -0.221 -0.882
vn 0.627 -0.221 0.747
vn 0.000 0.000 1.000
vn 0.000 0.000 1.000
vn -0.140 0.000 0.990
vn -0.140 0.000 0.990
vn -0.277 0.000 0.961
vn -0.408 0.000 0.913
vn -0.408 0.000 0.913
vn -0.277 0.000 0.961
vn -0.408 0.000 0.913
vn -0.532 0.000 0.847
vn -0.532 0.000 0.847
vn -0.645 0.000 0.764
vn -0.645 0.000 0.764
vn -0.745 0.000 0.667
vn -0.831 0.000 0.556
vn -0.831 0.000 0.556
vn -0.745 0.000 0.667
vn -0.901 0.000 0.435
vn -0.952 0.000 0.305
vn -0.952 0.000 0.305
vn -0.901 0.000 0.435
vn -0.986 0.000 0.168
vn -0.986 0.000 0.168
vn -1.000 0.000 0.029
vn -1.000 0.000 0.029
vn -0.994 0.000 -0.111
vn -0.969 0.000 -0.248
vn -0.969 0.000 -0.248
vn -0.994 0.000 -0.111
vn -0.924 0.000 -0.381
vn -0.924 0.000 -0.381
vn -0.862 0.000 -0.507
vn -0.862 0.000 -0.507
vn -0.783 0.000 -0.622
vn -0.688 0.000 -0.725
vn -0.688 0.000 -0.725
vn -0.783 0.000 -0.622
vn -0.580 0.000 -0.814
vn -0.461 0.000 -0.888
vn -0.461 0.000 -0.888
vn -0.580 0.000 -0.814
vn -0.332 0.000 -0.943
vn -0.332 0.000 -0.943
vn -0.197 0.000 -0.980
vn -0.058 0.000 -0.998
vn -0.058 0.000 -0.998
vn -0.197 0.000 -0.980
vn 0.082 0.000 -0.997
vn 0.220 0.000 -0.975
vn 0.220 0.000 -0.975
vn 0.082 0.000 -0.997
vn 0.354 0.000 -0.935
vn 0.354 0.000 -0.935
vn 0.481 0.000 -0.877
vn 0.599 0.000 -0.801
vn 0.599 0.000 -0.801
vn 0.481 0.000 -0.877
vn 0.705 0.000 -0.709
vn 0.705 0.000 -0.709
vn 0.797 0.000 -0.604
vn 0.797 0.000 -0.604
vn 0.874 0.000 -0.486
vn 0.874 0.000 -0.486
vn 0.933 0.000 -0.360
vn 0.933 0.000 -0.360
vn 0.974 0.000 -0.226
vn 0.996 0.000 -0.088
vn 0.996 0.000 -0.088
vn 0.974 0.000 -0.226
vn 0.999 0.000 0.053
vn 0.981 0.000 0.191
vn 0.981 0.000 0.191
vn 0.999 0.000 0.053
vn 0.945 0.000 0.327
vn 0.890 0.000 0.456
vn 0.890 0.000 0.456
vn 0.945 0.000 0.327
vn 0.818 0.000 0.575
vn 0.729 0.000 0.684
vn 0.731 0.000 0.682
vn 0.818 0.000 0.575
vn 0.729 0.000 0.684
vn 0.627 0.000 0.779
vn 0.629 0.000 0.778
vn 0.627 0.000 0.779
vn 0.512 0.000 0.859
vn 0.514 0.000 0.858
vn 0.512 0.000 0.859
vn 0.000 0.000 1.000
vn -0.140 0.000 0.990
vn -0.276 0.000 0.961
vn -0.408 0.000 0.913
vn -0.531 0.000 0.847
vn -0.645 0.000 0.765
vn -0.745 0.000 0.667
vn -0.831 0.000 0.557
vn -0.900 0.000 0.435
vn -0.952 0.000 0.305
vn -0.986 0.000 0.169
vn -1.000 0.000 0.030
vn -0.994 0.000 -0.110
vn -0.969 0.000 -0.248
vn -0.925 0.000 -0.380
vn -0.863 0.000 -0.506
vn -0.784 0.000 -0.621
vn -0.689 0.000 -0.725
vn -0.581 0.000 -0.814
vn -0.462 0.000 -0.887
vn -0.333 0.000 -0.943
vn -0.199 0.000 -0.980
vn -0.060 0.000 -0.998
vn 0.080 0.000 -0.997
vn 0.219 0.000 -0.976
vn 0.353 0.000 -0.936
vn 0.480 0.000 -0.877
vn 0.598 0.000 -0.802
vn 0.704 0.000 -0.711
vn 0.796 0.000 -0.605
vn 0.873 0.000 -0.488
vn 0.932 0.000 -0.362
vn 0.974 0.000 -0.228
vn 0.996 0.000 -0.090
vn 0.999 0.000 0.050
vn 0.982 0.000 0.189
vn 0.946 0.000 0.325
vn 0.891 0.000 0.453
vn 0.890 0.000 0.456
vn 0.819 0.000 0.573
vn 0.818 0.000 0.575
vn 0.731 0.000 0.682
vn 0.729 0.000 0.684
vn 0.629 0.000 0.778
vn 0.627 0.000 0.779
vn 0.514 0.000 0.858
vn 0.512 0.000 0.859
vn 0.389 0.000 0.921
vn 0.387 0.000 0.922
vn 0.387 0.000 0.922
vn 0.257 0.000 0.966
vn 0.254 0.000 0.967
vn 0.119 0.000 0.993
vn 0.117 0.000 0.993
vn 0.195 0.000 0.981
vn 0.254 0.000 0.967
vn 0.254 0.000 0.967
vn 0.383 0.000 0.924
vn 0.420 0.000 0.908
vn 0.387 0.000 0.922
vn 0.014 0.000 1.000
vn 1.000 0.000 0.000
vn 1.000 0.000 0.000
vn 1.000 0.000 0.000
vn 1.000 0.000 0.000
vn 1.000 0.000 0.000
vn 1.000 0.000 0.000
vn 1.000 0.000 0.000
vn 1.000 0.000 0.000
vt 0.0000 0.0000 0
vt 0.0026 0.0015 0
vt 0.0015 0.0026 0
vt 0.0000 0.0030 0
vt -0.0015 0.0026 0
vt -0.0026 0.0015 0
vt -0.0030 0.0000 0
vt -0.0026 -0.0015 0
vt -0.0015 -0.0026 0
vt 0.0000 -0.0030 0
vt 0.0015 -0.0026 0
vt 0.0026 -0.0015 0
vt 0.0030 0.0000 0
vt -30.8923 0.0000 0
vt -31.2590 0.0381 0
vt -31.3992 0.0371 0
vt -31.1190 0.0391 0
vt -30.9788 0.0401 0
vt 0.5237 0.0407 0
vt -31.4159 0.0000 0
vt -31.8194 0.0341 0
vt 5.7596 0.0333 0
vt -31.6793 0.0351 0
vt -31.5392 0.0361 0
vt -31.9395 0.0000 0
vt -32.3797 0.0301 0
vt 5.2359 0.0295 0
vt -32.2396 0.0311 0
vt -32.0996 0.0321 0
vt -31.9594 0.0331 0
vt -32.4631 0.0000 0
vt -32.9400 0.0261 0
vt 4.7124 0.0258 0
vt -32.8000 0.0271 0
vt -32.6598 0.0281 0
vt -32.5198 0.0291 0
vt -32.9867 0.0000 0
vt -33.3603 0.0231 0
vt -33.5004 0.0221 0
vt -33.2202 0.0241 0
vt -33.0802 0.0251 0
vt -33.5103 0.0000 0
vt -33.9206 0.0191 0
vt 3.6653 0.0182 0
vt -33.7806 0.0201 0
vt -33.6404 0.0211 0
vt -34.5575 0.0000 0
vt -34.3408 0.0161 0
vt -34.4810 0.0150 0
vt -34.2008 0.0171 0
vt -34.0607 0.0181 0
vt -34.0339 0.0000 0
vt 3.1416 0.0145 0
vt -35.0413 0.0110 0
vt 2.6179 0.0108 0
vt -34.9012 0.0120 0
vt -34.7612 0.0130 0
vt -34.6210 0.0140 0
vt -35.0811 0.0000 0
vt -35.4616 0.0080 0
vt -35.6016 0.0070 0
vt -35.3214 0.0090 0
vt -35.1814 0.0100 0
vt -35.6047 0.0000 0
vt -36.0218 0.0040 0
vt 1.5708 0.0032 0
vt -35.8818 0.0050 0
vt -35.7417 0.0060 0
vt -36.1283 0.0000 0
vt -36.3020 0.0020 0
vt -36.4422 0.0010 0
vt -36.1620 0.0030 0
vt -30.6987 0.0421 0
vt -30.8388 0.0411 0
vt -30.5586 0.0431 0
vt -30.4186 0.0441 0
vt 1.0473 0.0025 0
vt 1.0472 0.0445 0
vt -30.5779 0.0010 0
vt -30.4378 0.0020 0
vt 0.6980 0.0000 0
vt -29.8775 0.0060 0
vt 1.5708 0.0062 0
vt 1.2775 0.0461 0
vt -30.2784 0.0451 0
vt -30.0175 0.0050 0
vt -30.1577 0.0040 0
vt 1.4177 0.0472 0
vt -30.2977 0.0030 0
vt -29.8582 0.0482 0
vt -29.4573 0.0090 0
vt -29.3171 0.0100 0
vt -29.5973 0.0080 0
vt -29.5780 0.0502 0
vt -29.7182 0.0492 0
vt -29.4380 0.0512 0
vt -29.7374 0.0070 0
vt 2.0944 0.0520 0
vt 2.6179 0.0138 0
vt -29.2978 0.0522 0
vt -29.0369 0.0120 0
vt -28.8969 0.0130 0
vt -29.1578 0.0532 0
vt -29.0177 0.0542 0
vt -29.1771 0.0110 0
vt -28.8776 0.0552 0
vt 2.6179 0.0557 0
vt 2.9585 0.0582 0
vt -28.4767 0.0160 0
vt -28.3365 0.0171 0
vt -28.6167 0.0150 0
vt -28.7568 0.0140 0
vt 2.8185 0.0572 0
vt -28.7376 0.0562 0
vt 3.1416 0.0175 0
vt 3.1416 0.0595 0
vt -28.3173 0.0592 0
vt -27.7763 0.0211 0
vt 3.6653 0.0212 0
vt 3.3788 0.0612 0
vt -28.1773 0.0602 0
vt -27.9164 0.0201 0
vt -28.0564 0.0191 0
vt 3.5189 0.0622 0
vt -27.7570 0.0632 0
vt -28.1966 0.0181 0
vt -27.2160 0.0251 0
vt -27.6168 0.0642 0
vt -27.4769 0.0652 0
vt -27.4962 0.0231 0
vt -27.3560 0.0241 0
vt -27.6362 0.0221 0
vt -27.3367 0.0662 0
vt 4.1889 0.0670 0
vt 4.7124 0.0288 0
vt -27.1967 0.0672 0
vt -26.9358 0.0271 0
vt -26.7958 0.0281 0
vt -27.0566 0.0682 0
vt -26.9164 0.0692 0
vt -27.0759 0.0261 0
vt -26.7765 0.0702 0
vt 4.7124 0.0708 0
vt 5.2359 0.0745 0
vt -26.3754 0.0311 0
vt -26.2354 0.0321 0
vt -26.5156 0.0301 0
vt -26.6556 0.0291 0
vt 4.9197 0.0722 0
vt -26.6363 0.0712 0
vt 5.0598 0.0732 0
vt -26.2161 0.0742 0
vt 5.2359 0.0325 0
vt -25.6750 0.0361 0
vt 5.7596 0.0363 0
vt 5.4801 0.0762 0
vt -26.0760 0.0752 0
vt -25.9552 0.0341 0
vt -25.8152 0.0351 0
vt 5.6201 0.0772 0
vt -26.0953 0.0331 0
vt -25.6557 0.0783 0
vt -25.2549 0.0391 0
vt -25.1148 0.0401 0
vt -25.3949 0.0381 0
vt -25.3756 0.0803 0
vt -25.5157 0.0793 0
vt -25.2355 0.0813 0
vt -25.5351 0.0371 0
vt 6.2831 0.0820 0
vt -24.9747 0.0411 0
vt -24.9553 0.0833 0
vt -25.0955 0.0823 0
vt -24.8153 0.0843 0
vt -24.6751 0.0853 0
vt 0.5237 0.0437 0
vt 0.5237 0.0858 0
vt -24.8347 0.0421 0
vt -24.6945 0.0431 0
vt 1.0472 0.0895 0
vt -24.2743 0.0461 0
vt -24.1343 0.0472 0
vt -24.4144 0.0451 0
vt -24.5545 0.0441 0
vt 0.7377 0.0873 0
vt -24.5351 0.0863 0
vt 0.8779 0.0883 0
vt -24.1149 0.0893 0
vt 1.0472 0.0475 0
vt -23.5739 0.0512 0
vt 1.5708 0.0512 0
vt 1.2981 0.0913 0
vt -23.9747 0.0903 0
vt -23.7139 0.0502 0
vt -23.8541 0.0492 0
vt 1.4382 0.0923 0
vt -23.9941 0.0482 0
vt -23.5545 0.0933 0
vt -23.1537 0.0542 0
vt -23.0135 0.0552 0
vt -23.2937 0.0532 0
vt -23.2743 0.0953 0
vt -23.4144 0.0943 0
vt -23.1343 0.0963 0
vt -23.4339 0.0522 0
vt 2.0944 0.0970 0
vt -22.8541 0.0983 0
vt -22.9941 0.0973 0
vt -22.7140 0.0993 0
vt -22.5739 0.1003 0
vt 2.6179 0.0587 0
vt 2.6179 0.1008 0
vt -22.7334 0.0572 0
vt -22.5934 0.0582 0
vt -22.8736 0.0562 0
vt 3.1416 0.1045 0
vt -22.1732 0.0612 0
vt -22.0330 0.0622 0
vt -22.3132 0.0602 0
vt -22.4533 0.0592 0
vt 2.8391 0.1023 0
vt -22.4339 0.1013 0
vt 2.9790 0.1033 0
vt -22.0135 0.1043 0
vt 3.1416 0.0625 0
vt -21.4728 0.0662 0
vt -21.8735 0.1053 0
vt -21.7334 0.1063 0
vt -21.7529 0.0642 0
vt -21.6128 0.0652 0
vt -21.8930 0.0632 0
vt -21.5933 0.1074 0
vt -21.4533 0.1084 0
vt -21.0525 0.0692 0
vt 4.1889 0.0700 0
vt -21.1731 0.1104 0
vt -21.3131 0.1094 0
vt -21.1926 0.0682 0
vt -21.3326 0.0672 0
vt -21.0330 0.1114 0
vt 4.1889 0.1120 0
vt 4.3799 0.1134 0
vt -20.8929 0.1124 0
vt 4.5200 0.1144 0
vt -20.4727 0.1154 0
vt 4.7124 0.1157 0
vt -20.6322 0.0722 0
vt -20.4922 0.0732 0
vt -20.7724 0.0712 0
vt -20.9124 0.0702 0
vt 4.7124 0.0738 0
vt -19.9123 0.1194 0
vt -20.0719 0.0762 0
vt -19.9319 0.0772 0
vt -20.2121 0.0752 0
vt -20.3521 0.0742 0
vt 4.9402 0.1174 0
vt -20.3325 0.1164 0
vt 5.0803 0.1184 0
vt 5.2359 0.0775 0
vt -19.5117 0.0803 0
vt -19.3715 0.0813 0
vt -19.6517 0.0793 0
vt -19.6321 0.1214 0
vt -19.7723 0.1204 0
vt -19.4921 0.1224 0
vt -19.7918 0.0783 0
vt 5.7595 0.1233 0
vt 6.2831 0.0850 0
vt -19.3520 0.1234 0
vt -19.0914 0.0833 0
vt -18.9513 0.0843 0
vt -19.2119 0.1244 0
vt -19.0719 0.1254 0
vt -19.2315 0.0823 0
vt -18.9317 0.1264 0
vt 6.2832 0.1270 0
vt -18.6711 0.0863 0
vt 6.4812 0.1284 0
vt -18.7917 0.1274 0
vt 6.6212 0.1294 0
vt -18.3714 0.1304 0
vt 0.5237 0.0888 0
vt 0.5237 0.1308 0
vt -18.5311 0.0873 0
vt -18.3910 0.0883 0
vt -18.8113 0.0853 0
vt -17.8308 0.0923 0
vt 1.0472 0.0925 0
vt 0.7583 0.1324 0
vt -18.2313 0.1314 0
vt -17.9707 0.0913 0
vt -18.1109 0.0903 0
vt 0.8984 0.1334 0
vt -18.2509 0.0893 0
vt -17.8111 0.1344 0
vt -17.2704 0.0963 0
vt -17.6710 0.1354 0
vt -17.5309 0.1364 0
vt -17.5506 0.0943 0
vt -17.4104 0.0953 0
vt -17.6906 0.0933 0
vt -17.3909 0.1374 0
vt 1.5708 0.1383 0
vt 2.0944 0.1000 0
vt -17.2507 0.1385 0
vt -16.9902 0.0983 0
vt -16.8502 0.0993 0
vt -17.1107 0.1395 0
vt -16.9705 0.1405 0
vt -17.1303 0.0973 0
vt -16.8305 0.1415 0
vt 2.0943 0.1420 0
vt 2.6179 0.1458 0
vt -16.4299 0.1023 0
vt -16.2898 0.1033 0
vt -16.5700 0.1013 0
vt -16.7100 0.1003 0
vt 2.2992 0.1435 0
vt -16.6904 0.1425 0
vt 2.4393 0.1445 0
vt -16.2701 0.1455 0
vt 2.6179 0.1038 0
vt -15.7295 0.1073 0
vt 3.1416 0.1075 0
vt 2.8596 0.1475 0
vt -16.1301 0.1465 0
vt 2.9996 0.1485 0
vt -16.0096 0.1053 0
vt -15.8696 0.1063 0
vt -16.1498 0.1043 0
vt -15.7098 0.1495 0
vt -15.1693 0.1114 0
vt -15.5697 0.1505 0
vt -15.4297 0.1515 0
vt -15.4494 0.1094 0
vt -15.3092 0.1104 0
vt -15.5894 0.1083 0
vt -15.2895 0.1525 0
vt 3.6652 0.1532 0
vt -15.0291 0.1124 0
vt -15.0094 0.1545 0
vt -15.1496 0.1535 0
vt -14.8694 0.1555 0
vt -14.7293 0.1565 0
vt 4.1889 0.1150 0
vt 4.1889 0.1570 0
vt -14.8891 0.1134 0
vt -14.7489 0.1144 0
vt 4.7124 0.1607 0
vt -14.3287 0.1174 0
vt -14.1887 0.1184 0
vt -14.4689 0.1164 0
vt -14.6089 0.1154 0
vt 4.4004 0.1585 0
vt -14.5891 0.1575 0
vt 4.5406 0.1595 0
vt -14.1690 0.1605 0
vt 4.7124 0.1187 0
vt -13.6283 0.1224 0
vt 5.2359 0.1225 0
vt 4.9608 0.1625 0
vt -14.0288 0.1615 0
vt -13.7684 0.1214 0
vt -13.9085 0.1204 0
vt 5.1008 0.1635 0
vt -14.0485 0.1194 0
vt -13.6085 0.1645 0
vt -13.2081 0.1254 0
vt -13.0680 0.1264 0
vt -13.3481 0.1244 0
vt -13.3284 0.1665 0
vt -13.4686 0.1655 0
vt -13.1884 0.1675 0
vt -13.4883 0.1234 0
vt 5.7595 0.1683 0
vt -12.9279 0.1274 0
vt -12.9082 0.1696 0
vt -13.0483 0.1685 0
vt -12.7682 0.1706 0
vt -12.6280 0.1716 0
vt 6.2832 0.1300 0
vt 0.0000 0.1720 0
vt -12.7879 0.1284 0
vt -12.6477 0.1294 0
vt 0.5237 0.1757 0
vt -12.2276 0.1324 0
vt -12.0875 0.1334 0
vt -12.3676 0.1314 0
vt -12.5078 0.1304 0
vt 6.5017 0.1736 0
vt -12.4880 0.1726 0
vt 6.6418 0.1746 0
vt -12.0677 0.1756 0
vt 0.5237 0.1338 0
vt -11.5272 0.1374 0
vt -11.9276 0.1766 0
vt -11.7876 0.1776 0
vt -11.8074 0.1354 0
vt -11.6672 0.1364 0
vt -11.9474 0.1344 0
vt -11.6474 0.1786 0
vt -11.5074 0.1796 0
vt -11.1069 0.1405 0
vt 1.5708 0.1413 0
vt -11.2272 0.1816 0
vt -11.3672 0.1806 0
vt -11.2470 0.1394 0
vt -11.3870 0.1384 0
vt -11.0871 0.1826 0
vt 1.5708 0.1833 0
vt 1.7594 0.1846 0
vt -10.9470 0.1836 0
vt 1.8996 0.1856 0
vt -10.5268 0.1866 0
vt 2.0943 0.1870 0
vt -10.6866 0.1435 0
vt -10.5466 0.1445 0
vt -10.8268 0.1425 0
vt -10.9668 0.1415 0
vt 2.0943 0.1450 0
vt 2.6180 0.1908 0
vt -10.1264 0.1475 0
vt -9.9862 0.1485 0
vt -10.2664 0.1465 0
vt -10.4065 0.1455 0
vt 2.3198 0.1886 0
vt -10.3867 0.1876 0
vt 2.4598 0.1896 0
vt -9.9664 0.1906 0
vt 2.6179 0.1488 0
vt -9.4260 0.1525 0
vt -9.8264 0.1916 0
vt -9.7061 0.1505 0
vt -9.5661 0.1515 0
vt -9.6862 0.1926 0
vt -9.5462 0.1936 0
vt -9.8463 0.1495 0
vt -9.4061 0.1946 0
vt -9.0057 0.1555 0
vt 3.6652 0.1562 0
vt -9.1260 0.1966 0
vt -9.2660 0.1956 0
vt -9.1459 0.1545 0
vt -9.2859 0.1535 0
vt -8.9858 0.1976 0
vt 3.6653 0.1982 0
vt 3.8607 0.1997 0
vt -8.8458 0.1986 0
vt 4.0008 0.2007 0
vt -8.4256 0.2017 0
vt 4.1889 0.1600 0
vt 4.1888 0.2020 0
vt -8.5855 0.1585 0
vt -8.4455 0.1595 0
vt -8.7255 0.1575 0
vt -8.8657 0.1565 0
vt -7.8851 0.1635 0
vt 4.7124 0.1637 0
vt 4.4210 0.2037 0
vt -8.2854 0.2027 0
vt -8.0251 0.1625 0
vt -8.1653 0.1615 0
vt 4.5611 0.2047 0
vt -8.3053 0.1605 0
vt -7.8652 0.2057 0
vt -7.4649 0.1665 0
vt -7.3247 0.1675 0
vt -7.6049 0.1655 0
vt -7.5850 0.2077 0
vt -7.7251 0.2067 0
vt -7.4450 0.2087 0
vt -7.7450 0.1645 0
vt 5.2360 0.2095 0
vt 5.7595 0.1712 0
vt -7.3048 0.2097 0
vt -7.0446 0.1695 0
vt -6.9046 0.1705 0
vt -7.1648 0.2107 0
vt -7.0247 0.2117 0
vt -7.1848 0.1685 0
vt -6.8846 0.2127 0
vt 5.7595 0.2132 0
vt 6.1020 0.2157 0
vt -6.4844 0.1736 0
vt -6.3442 0.1746 0
vt -6.6244 0.1726 0
vt -6.7645 0.1716 0
vt 5.9620 0.2147 0
vt -6.7446 0.2137 0
vt 0.0000 0.1750 0
vt 0.0001 0.2170 0
vt -6.3242 0.2167 0
vt -5.7840 0.1786 0
vt 0.5237 0.1787 0
vt 0.2391 0.2187 0
vt -6.1842 0.2177 0
vt -5.9240 0.1776 0
vt -6.0640 0.1766 0
vt 0.3792 0.2197 0
vt -5.7640 0.2207 0
vt -6.2042 0.1756 0
vt -5.2236 0.1826 0
vt -5.6238 0.2217 0
vt -5.4838 0.2227 0
vt -5.5038 0.1806 0
vt -5.3636 0.1816 0
vt -5.6438 0.1796 0
vt -5.3437 0.2237 0
vt 1.0473 0.2245 0
vt 1.5708 0.1863 0
vt -5.2036 0.2247 0
vt -4.9434 0.1846 0
vt -4.8034 0.1856 0
vt -5.0636 0.2257 0
vt -4.9234 0.2267 0
vt -5.0835 0.1836 0
vt -4.7834 0.2277 0
vt 1.5708 0.2283 0
vt 2.0943 0.2320 0
vt -4.3831 0.1886 0
vt -4.2431 0.1896 0
vt -4.5233 0.1876 0
vt -4.6633 0.1866 0
vt 1.7799 0.2297 0
vt -4.6432 0.2287 0
vt 1.9201 0.2308 0
vt -4.2230 0.2318 0
vt 2.0943 0.1900 0
vt -3.6827 0.1936 0
vt 2.6180 0.1938 0
vt 2.3404 0.2338 0
vt -4.0830 0.2328 0
vt -3.9629 0.1916 0
vt -3.8229 0.1926 0
vt 2.4803 0.2348 0
vt -4.1030 0.1906 0
vt -3.6627 0.2358 0
vt -3.2625 0.1966 0
vt -3.1225 0.1976 0
vt -3.4026 0.1956 0
vt -3.3825 0.2378 0
vt -3.5226 0.2368 0
vt -3.2424 0.2388 0
vt -3.5427 0.1946 0
vt 3.1415 0.2395 0
vt -2.9823 0.1986 0
vt -2.9622 0.2408 0
vt -3.1024 0.2398 0
vt -2.8223 0.2418 0
vt -2.6821 0.2428 0
vt 3.6653 0.2012 0
vt 3.6653 0.2433 0
vt -2.8423 0.1996 0
vt -2.7021 0.2006 0
vt 4.1888 0.2470 0
vt -2.2819 0.2037 0
vt -2.1419 0.2047 0
vt -2.4220 0.2027 0
vt -2.5622 0.2016 0
vt 3.8812 0.2448 0
vt -2.5420 0.2438 0
vt 4.0213 0.2458 0
vt -2.1218 0.2468 0
vt 4.1888 0.2050 0
vt -1.5816 0.2087 0
vt 4.7124 0.2087 0
vt 4.4415 0.2488 0
vt -1.9817 0.2478 0
vt -1.7216 0.2077 0
vt -1.8618 0.2067 0
vt 4.5817 0.2498 0
vt -2.0018 0.2057 0
vt -1.5614 0.2508 0
vt -1.1614 0.2117 0
vt -1.0212 0.2127 0
vt -1.3014 0.2107 0
vt -1.2812 0.2528 0
vt -1.4214 0.2518 0
vt -1.1413 0.2538 0
vt -1.4415 0.2097 0
vt 5.2359 0.2545 0
vt -0.8611 0.2558 0
vt -1.0011 0.2548 0
vt -0.7210 0.2568 0
vt -0.5809 0.2578 0
vt 5.7595 0.2162 0
vt 5.7595 0.2583 0
vt -0.7411 0.2147 0
vt -0.6010 0.2157 0
vt -0.8812 0.2137 0
vt 0.0001 0.2620 0
vt -0.1808 0.2187 0
vt -0.0407 0.2197 0
vt -0.3208 0.2177 0
vt -0.4610 0.2167 0
vt 5.9825 0.2598 0
vt -0.4409 0.2588 0
vt 6.1225 0.2608 0
vt -0.0205 0.2619 0
vt 0.0001 0.2200 0
vt 0.5196 0.2237 0
vt 0.1195 0.2629 0
vt 0.2596 0.2639 0
vt 0.2395 0.2217 0
vt 0.3795 0.2227 0
vt 0.0993 0.2207 0
vt 0.3997 0.2649 0
vt 0.5397 0.2659 0
vt 0.9399 0.2267 0
vt 1.0473 0.2275 0
vt 0.8199 0.2679 0
vt 0.6799 0.2669 0
vt 0.7997 0.2257 0
vt 0.6597 0.2247 0
vt 0.9600 0.2689 0
vt 1.0473 0.2695 0
vt 1.2401 0.2709 0
vt 1.1001 0.2699 0
vt 1.3803 0.2719 0
vt 1.5203 0.2729 0
vt 1.5708 0.2732 0
vt 1.3601 0.2297 0
vt 1.5001 0.2307 0
vt 1.2200 0.2287 0
vt 1.0799 0.2277 0
vt 1.5708 0.2313 0
vt 2.0807 0.2769 0
vt 1.9204 0.2338 0
vt 2.0605 0.2348 0
vt 1.7803 0.2327 0
vt 1.6403 0.2317 0
vt 1.8005 0.2749 0
vt 1.6605 0.2739 0
vt 1.9406 0.2759 0
vt 2.0943 0.2350 0
vt 2.4807 0.2378 0
vt 2.6208 0.2388 0
vt 2.3407 0.2368 0
vt 2.3609 0.2789 0
vt 2.2207 0.2779 0
vt 2.5009 0.2799 0
vt 2.2005 0.2358 0
vt 2.6179 0.2808 0
vt 3.1415 0.2425 0
vt 2.6411 0.2809 0
vt 2.9009 0.2408 0
vt 3.0410 0.2418 0
vt 2.7811 0.2819 0
vt 2.9212 0.2829 0
vt 2.7608 0.2398 0
vt 3.0613 0.2839 0
vt 3.1416 0.2845 0
vt -2.9620 0.2438 0
vt 3.3415 0.2859 0
vt -3.0819 0.2849 0
vt 3.4815 0.2869 0
vt 3.6216 0.2879 0
vt 3.6653 0.2463 0
vt 3.6653 0.2883 0
vt -2.8220 0.2448 0
vt -2.6818 0.2458 0
vt -3.1021 0.2428 0
vt -2.1216 0.2498 0
vt 4.1888 0.2500 0
vt 3.9017 0.2899 0
vt -2.5215 0.2889 0
vt -2.2616 0.2488 0
vt -2.4017 0.2478 0
vt 4.0419 0.2909 0
vt -2.5418 0.2468 0
vt 4.1819 0.2919 0
vt -1.5612 0.2538 0
vt -1.9611 0.2930 0
vt 4.4621 0.2940 0
vt -1.8414 0.2518 0
vt -1.7013 0.2528 0
vt -1.9814 0.2508 0
vt 4.6022 0.2950 0
vt 4.7124 0.2958 0
vt 5.2359 0.2575 0
vt -1.5409 0.2960 0
vt -1.2810 0.2558 0
vt -1.1410 0.2568 0
vt -1.4009 0.2970 0
vt -1.2607 0.2980 0
vt -1.4212 0.2548 0
vt -1.1207 0.2990 0
vt 5.2359 0.2995 0
vt 5.7595 0.3033 0
vt -0.7208 0.2598 0
vt -0.5806 0.2608 0
vt -0.8608 0.2588 0
vt -1.0009 0.2578 0
vt 5.4427 0.3010 0
vt -0.9806 0.3000 0
vt 5.5827 0.3020 0
vt 5.7229 0.3030 0
vt 5.7595 0.2613 0
vt -0.0203 0.2649 0
vt 0.0001 0.2650 0
vt 6.0031 0.3050 0
vt -0.4203 0.3040 0
vt 6.1431 0.3060 0
vt -0.3005 0.2628 0
vt -0.1605 0.2639 0
vt -0.4406 0.2618 0
vt 0.0000 0.3070 0
vt 0.5399 0.2689 0
vt 0.0000 0.3100 0
vt 0.2598 0.2669 0
vt 0.3999 0.2679 0
vt 0.1197 0.2659 0
vt 0.5236 0.4700 0
vt 0.0000 0.4700 0
vt 1.0472 0.4700 0
vt 0.8201 0.2709 0
vt 0.9602 0.2719 0
vt 0.6801 0.2699 0
vt 1.0473 0.2725 0
vt 1.5708 0.4700 0
vt 1.2403 0.2739 0
vt 1.3805 0.2749 0
vt 1.1003 0.2729 0
vt 1.5205 0.2759 0
vt 1.5708 0.2762 0
vt 2.0944 0.4700 0
vt 1.8007 0.2779 0
vt 1.9407 0.2789 0
vt 1.6606 0.2769 0
vt 2.0809 0.2799 0
vt 2.0944 0.2800 0
vt 2.6180 0.4700 0
vt 2.3610 0.2819 0
vt 2.5010 0.2829 0
vt 2.2208 0.2809 0
vt 2.6412 0.2839 0
vt 3.1416 0.4700 0
vt 2.9213 0.2859 0
vt 3.0614 0.2869 0
vt 2.7812 0.2849 0
vt 3.1416 0.2875 0
vt 3.6652 0.4700 0
vt 3.3416 0.2889 0
vt 3.4816 0.2899 0
vt 3.2014 0.2879 0
vt 3.6217 0.2909 0
vt 3.6653 0.2913 0
vt 4.1888 0.4700 0
vt 3.9018 0.2929 0
vt 4.0420 0.2939 0
vt 3.7618 0.2919 0
vt 4.1820 0.2950 0
vt -1.5708 0.4700 0
vt 4.4622 0.2970 0
vt 4.6022 0.2980 0
vt 4.3221 0.2960 0
vt 4.7124 0.2988 0
vt -1.0472 0.4700 0
vt -1.4008 0.3000 0
vt -1.2607 0.3010 0
vt -1.5408 0.2990 0
vt -1.1207 0.3020 0
vt 5.2359 0.3025 0
vt -0.5236 0.4700 0
vt -0.8405 0.3040 0
vt -0.7004 0.3050 0
vt -0.9805 0.3030 0
vt -0.5603 0.3060 0
vt 5.7595 0.3063 0
vt -0.4203 0.3070 0
vt -0.2801 0.3080 0
vt -0.1401 0.3090 0
vt 1.1169 0.0000 0
vt -0.0026 -0.0015 0
vt 0.0026 -0.0015 0
vt 0.0015 -0.0026 0
vt -0.0026 0.0015 0
vt -0.0015 0.0026 0
vt 0.0023 0.0019 0
vt 0.0013 0.0027 0
vt 0.0027 0.0040 0
vt 0.0000 -0.0030 0
vt 0.0026 0.0015 0
vt 0.0030 0.0000 0
vt -0.0030 0.0000 0
vt 0.0021 0.0043 0
vt 0.0034 0.0034 0
vt 0.0000 0.0030 0
vt 0.0037 0.0031 0
vt -0.0015 -0.0026 0
vt 1.0000 0.0032 0
vt 1.0000 0.0000 0
vt 0.2500 0.0000 0
vt 0.2500 0.0032 0
vt 0.2500 0.0064 0
vt 1.0000 0.0096 0
vt 1.0000 0.0064 0
vt 1.0000 0.0127 0
vt 0.2500 0.0096 0
vt 0.2500 0.0127 0
vt 0.2500 0.0159 0
vt 1.0000 0.0191 0
vt 1.0000 0.0159 0
vt 0.2500 0.0191 0
vt 0.2500 0.0223 0
vt 1.0000 0.0255 0
vt 1.0000 0.0223 0
vt 0.2500 0.0255 0
vt 0.2500 0.0287 0
vt 1.0000 0.0287 0
vt 0.2500 0.0318 0
vt 1.0000 0.0350 0
vt 1.0000 0.0318 0
vt 0.2500 0.0350 0
vt 0.2500 0.0382 0
vt 1.0000 0.0414 0
vt 1.0000 0.0382 0
vt 0.2500 0.0414 0
vt 0.2500 0.0446 0
vt 1.0000 0.0478 0
vt 1.0000 0.0446 0
vt 0.2500 0.0478 0
vt 0.2500 0.0510 0
vt 1.0000 0.0510 0
vt 0.2500 0.0541 0
vt 1.0000 0.0573 0
vt 1.0000 0.0541 0
vt 0.2500 0.0573 0
vt 0.2500 0.0605 0
vt 1.0000 0.0637 0
vt 1.0000 0.0605 0
vt 0.2500 0.0637 0
vt 0.2500 0.0669 0
vt 1.0000 0.0701 0
vt 1.0000 0.0669 0
vt 1.0000 0.0733 0
vt 0.2500 0.0701 0
vt 0.2500 0.0733 0
vt 0.2500 0.0764 0
vt 1.0000 0.0796 0
vt 1.0000 0.0764 0
vt 0.2500 0.0796 0
vt 0.2500 0.0828 0
vt 1.0000 0.0860 0
vt 1.0000 0.0828 0
vt 0.2500 0.0860 0
vt 0.2500 0.0892 0
vt 1.0000 0.0892 0
vt 0.2500 0.0924 0
vt 1.0000 0.0955 0
vt 1.0000 0.0924 0
vt 0.2500 0.0955 0
vt 0.2500 0.0987 0
vt 1.0000 0.1019 0
vt 1.0000 0.0987 0
vt 0.2500 0.1019 0
vt 0.2500 0.1051 0
vt 1.0000 0.1083 0
vt 1.0000 0.1051 0
vt 0.2500 0.1083 0
vt 0.2500 0.1115 0
vt 1.0000 0.1115 0
vt 0.2500 0.1147 0
vt 1.0000 0.1178 0
vt 1.0000 0.1147 0
vt 1.0000 0.1179 0
vt 0.2500 0.1178 0
vt 0.2500 0.1210 0
vt 1.0000 0.1210 0
vt 1.0000 0.1211 0
vt 0.2500 0.1242 0
vt 1.0000 0.1242 0
vt 1.0000 0.1243 0
vt 0.2500 0.1274 0
vt 1.0000 0.1274 0
vt 1.0000 0.1275 0
vt 0.2500 0.1306 0
vt 1.0000 0.1306 0
vt 1.0000 0.1306 0
vt 0.2500 0.1338 0
vt 1.0000 0.1338 0
vt 1.0000 0.1338 0
vt 0.2500 0.1370 0
vt 1.0000 0.1370 0
vt 1.0000 0.1370 0
vt 0.2500 0.1401 0
vt 1.0000 0.1401 0
vt 0.0000 0.0000 0
vt 0.0000 0.0032 0
vt 0.0000 0.0064 0
vt 0.0000 0.0096 0
vt 0.0000 0.0119 0
vt 0.0000 0.0127 0
vt 0.0000 0.0159 0
vt 0.0000 0.0191 0
vt 0.0000 0.0223 0
vt 0.0000 0.0238 0
vt 0.0000 0.0255 0
vt 0.0000 0.0287 0
vt 0.0000 0.0318 0
vt 0.0000 0.0357 0
vt 0.0000 0.0350 0
vt 0.0000 0.0382 0
vt 0.0000 0.0414 0
vt 0.0000 0.0446 0
vt 0.0000 0.0478 0
vt 0.0000 0.0510 0
vt 0.0000 0.0541 0
vt 0.0000 0.0573 0
vt 0.0000 0.0595 0
vt 0.0000 0.0605 0
vt 0.0000 0.0637 0
vt 0.0000 0.0669 0
vt 0.0000 0.0714 0
vt 0.0000 0.0701 0
vt 0.0000 0.0733 0
vt 0.0000 0.0764 0
vt 0.0000 0.0796 0
vt 0.0000 0.0828 0
vt 0.0000 0.0860 0
vt 0.0000 0.0892 0
vt 0.0000 0.0924 0
vt 0.0000 0.0952 0
vt 0.0000 0.0955 0
vt 0.0000 0.0987 0
vt 0.0000 0.1019 0
vt 0.0000 0.1051 0
vt 0.0000 0.1071 0
vt 0.0000 0.1083 0
vt 0.0000 0.1115 0
vt 0.0000 0.1147 0
vt 0.0000 0.1190 0
vt 0.0000 0.1178 0
vt 0.0000 0.1210 0
vt 0.0000 0.1242 0
vt 0.0000 0.1274 0
vt 0.0000 0.1306 0
vt 0.0000 0.1338 0
vt 0.0000 0.1370 0
vt 0.0000 0.1401 0
vt 0.0000 0.1429 0
vt 0.2500 0.1433 0
vt 0.2500 0.1465 0
vt 0.0000 0.1433 0
vt 0.0000 0.1465 0
vt 0.0000 0.1497 0
vt 0.2500 0.1497 0
vt 0.0000 0.1529 0
vt 0.2500 0.1529 0
vt 0.0000 0.1548 0
vt 0.2500 0.1561 0
vt 0.0000 0.1561 0
vt 0.0000 0.1592 0
vt 0.2500 0.1624 0
vt 0.2500 0.1592 0
vt 0.0000 0.1624 0
vt 0.0000 0.1656 0
vt 0.2500 0.1688 0
vt 0.2500 0.1656 0
vt 0.0000 0.1667 0
vt 0.2500 0.1720 0
vt 0.0000 0.1688 0
vt 0.0000 0.1720 0
vt 0.0000 0.1752 0
vt 0.2500 0.1784 0
vt 0.2500 0.1752 0
vt 0.0000 0.1784 0
vt 0.0000 0.1815 0
vt 0.2500 0.1847 0
vt 0.2500 0.1815 0
vt 0.0000 0.1847 0
vt 0.0000 0.1879 0
vt 0.2500 0.1879 0
vt 0.0000 0.1905 0
vt 0.2500 0.1911 0
vt 0.2500 0.1943 0
vt 0.0000 0.1911 0
vt 0.0000 0.1943 0
vt 0.0000 0.1975 0
vt 0.2500 0.2006 0
vt 0.2500 0.1975 0
vt 0.0000 0.2006 0
vt 0.0000 0.2024 0
vt 0.2500 0.2038 0
vt 0.2500 0.2070 0
vt 0.0000 0.2038 0
vt 0.0000 0.2070 0
vt 0.0000 0.2102 0
vt 0.2500 0.2102 0
vt 0.0000 0.2134 0
vt 0.2500 0.2166 0
vt 0.2500 0.2134 0
vt 0.0000 0.2143 0
vt 0.0000 0.2166 0
vt 0.0000 0.2198 0
vt 0.2500 0.2229 0
vt 0.2500 0.2198 0
vt 0.0000 0.2229 0
vt 0.0000 0.2261 0
vt 0.2500 0.2293 0
vt 0.2500 0.2261 0
vt 0.2500 0.2325 0
vt 0.0000 0.2293 0
vt 0.0000 0.2325 0
vt 0.0000 0.2357 0
vt 0.2500 0.2357 0
vt 0.0000 0.2381 0
vt 0.2500 0.2389 0
vt 0.0000 0.2389 0
vt 0.0000 0.2421 0
vt 0.2500 0.2452 0
vt 0.2500 0.2421 0
vt 0.0000 0.2452 0
vt 0.0000 0.2484 0
vt 0.2500 0.2516 0
vt 0.2500 0.2484 0
vt 0.0000 0.2500 0
vt 0.2500 0.2548 0
vt 0.0000 0.2516 0
vt 0.0000 0.2548 0
vt 0.0000 0.2580 0
vt 0.2500 0.2612 0
vt 0.2500 0.2580 0
vt 0.2500 0.2643 0
vt 0.0000 0.2619 0
vt 0.0000 0.2612 0
vt 0.2500 0.2675 0
vt 0.0000 0.2643 0
vt 0.0000 0.2675 0
vt 0.0000 0.2707 0
vt 0.2500 0.2707 0
vt 0.0000 0.2739 0
vt 0.2500 0.2771 0
vt 0.2500 0.2739 0
vt 0.0000 0.2771 0
vt 0.0000 0.2803 0
vt 0.2500 0.2835 0
vt 0.2500 0.2803 0
vt 0.0000 0.2835 0
vt 0.0000 0.2857 0
vt 0.2500 0.2866 0
vt 0.2500 0.2898 0
vt 0.0000 0.2866 0
vt 0.2500 0.2930 0
vt 0.0000 0.2898 0
vt 0.0000 0.2930 0
vt 0.0000 0.2962 0
vt 0.2500 0.2994 0
vt 0.2500 0.2962 0
vt 0.0000 0.2976 0
vt 0.0000 0.2994 0
vt 0.0000 0.3026 0
vt 0.2500 0.3057 0
vt 0.2500 0.3026 0
vt 0.0000 0.3057 0
vt 0.0000 0.3089 0
vt 0.2500 0.3089 0
vt 0.0000 0.3121 0
vt 0.2500 0.3153 0
vt 0.2500 0.3121 0
vt 0.0000 0.3153 0
vt 0.0000 0.3185 0
vt 0.2500 0.3185 0
vt 0.0000 0.3214 0
vt 0.2500 0.3217 0
vt 0.0000 0.3217 0
vt 0.0000 0.3249 0
vt 0.2500 0.3280 0
vt 0.2500 0.3249 0
vt 0.0000 0.3280 0
vt 0.0000 0.3312 0
vt 0.2500 0.3312 0
vt 0.0000 0.3333 0
vt 0.2500 0.3344 0
vt 0.2500 0.3376 0
vt 0.0000 0.3344 0
vt 0.0000 0.3376 0
vt 0.0000 0.3408 0
vt 0.2500 0.3440 0
vt 0.2500 0.3408 0
vt 0.2500 0.3472 0
vt 0.0000 0.3452 0
vt 0.0000 0.3440 0
vt 0.2500 0.3503 0
vt 0.0000 0.3472 0
vt 0.2500 0.3535 0
vt 0.0000 0.3503 0
vt 0.0000 0.3535 0
vt 0.0000 0.3567 0
vt 0.2500 0.3599 0
vt 0.2500 0.3567 0
vt 0.0000 0.3599 0
vt 0.0000 0.3631 0
vt 0.2500 0.3663 0
vt 0.2500 0.3631 0
vt 0.0000 0.3663 0
vt 0.0000 0.3690 0
vt 0.2500 0.3694 0
vt 0.0000 0.3694 0
vt 0.0000 0.3726 0
vt 0.2500 0.3758 0
vt 0.2500 0.3726 0
vt 0.0000 0.3758 0
vt 0.0000 0.3790 0
vt 0.2500 0.3790 0
vt 0.0000 0.3810 0
vt 0.2500 0.3822 0
vt 0.0000 0.3822 0
vt 0.0000 0.3854 0
vt 0.2500 0.3886 0
vt 0.2500 0.3854 0
vt 0.2500 0.3917 0
vt 0.0000 0.3886 0
vt 0.2500 0.3949 0
vt 0.0000 0.3929 0
vt 0.0000 0.3917 0
vt 0.2500 0.3981 0
vt 0.0000 0.3949 0
vt 0.0000 0.3981 0
vt 0.0000 0.4013 0
vt 0.2500 0.4045 0
vt 0.2500 0.4013 0
vt 0.0000 0.4045 0
vt 0.0000 0.4077 0
vt 0.2500 0.4109 0
vt 0.2500 0.4077 0
vt 0.2500 0.4140 0
vt 0.0000 0.4109 0
vt 0.0000 0.4140 0
vt 0.0000 0.4167 0
vt 0.2500 0.4172 0
vt 0.2500 0.4204 0
vt 0.0000 0.4172 0
vt 0.0000 0.4204 0
vt 0.0000 0.4236 0
vt 0.2500 0.4268 0
vt 0.2500 0.4236 0
vt 0.0000 0.4268 0
vt 0.0000 0.4286 0
vt 0.2500 0.4300 0
vt 0.0000 0.4300 0
vt 0.0000 0.4331 0
vt 0.2500 0.4363 0
vt 0.2500 0.4331 0
vt 0.0000 0.4363 0
vt 0.0000 0.4395 0
vt 0.2500 0.4427 0
vt 0.2500 0.4395 0
vt 0.0000 0.4405 0
vt 0.0000 0.4427 0
vt 0.0000 0.4459 0
vt 0.2500 0.4491 0
vt 0.2500 0.4459 0
vt 0.2500 0.4523 0
vt 0.0000 0.4491 0
vt 0.0000 0.4523 0
vt 0.0000 0.4554 0
vt 0.2500 0.4586 0
vt 0.2500 0.4554 0
vt 0.0000 0.4586 0
vt 0.0000 0.4618 0
vt 0.2500 0.4618 0
vt 0.0000 0.4643 0
vt 0.2500 0.4650 0
vt 0.0000 0.4650 0
vt 0.0000 0.4682 0
vt 0.2500 0.4714 0
vt 0.2500 0.4682 0
vt 0.2500 0.4745 0
vt 0.0000 0.4714 0
vt 0.0000 0.4745 0
vt 0.0000 0.4762 0
vt 0.2500 0.4777 0
vt 0.2500 0.4809 0
vt 0.0000 0.4777 0
vt 0.0000 0.4809 0
vt 0.0000 0.4841 0
vt 0.2500 0.4873 0
vt 0.2500 0.4841 0
vt 0.2500 0.4905 0
vt 0.0000 0.4881 0
vt 0.0000 0.4873 0
vt 0.0000 0.4905 0
vt 0.0000 0.4937 0
vt 0.2500 0.4968 0
vt 0.2500 0.4937 0
vt 0.0000 0.4968 0
vt 0.0000 0.5000 0
vt 0.2500 0.5032 0
vt 0.2500 0.5000 0
vt 0.0000 0.5032 0
vt 0.0000 0.5064 0
vt 0.2500 0.5096 0
vt 0.2500 0.5064 0
vt 0.0000 0.5096 0
vt 0.0000 0.5119 0
vt 0.2500 0.5128 0
vt 0.0000 0.5128 0
vt 0.0000 0.5160 0
vt 0.2500 0.5191 0
vt 0.2500 0.5160 0
vt 0.0000 0.5191 0
vt 0.0000 0.5223 0
vt 0.2500 0.5255 0
vt 0.2500 0.5223 0
vt 0.0000 0.5238 0
vt 0.0000 0.5255 0
vt 0.0000 0.5287 0
vt 0.2500 0.5287 0
vt 0.0000 0.5319 0
vt 0.2500 0.5351 0
vt 0.2500 0.5319 0
vt 0.2500 0.5382 0
vt 0.0000 0.5357 0
vt 0.0000 0.5351 0
vt 0.2500 0.5414 0
vt 0.0000 0.5382 0
vt 0.0000 0.5414 0
vt 0.0000 0.5446 0
vt 0.2500 0.5478 0
vt 0.2500 0.5446 0
vt 0.0000 0.5478 0
vt 0.0000 0.5510 0
vt 0.2500 0.5510 0
vt 0.0000 0.5542 0
vt 0.2500 0.5574 0
vt 0.2500 0.5542 0
vt 0.0000 0.5574 0
vt 0.0000 0.5595 0
vt 0.2500 0.5605 0
vt 0.2500 0.5637 0
vt 0.0000 0.5605 0
vt 0.0000 0.5637 0
vt 0.0000 0.5669 0
vt 0.2500 0.5701 0
vt 0.2500 0.5669 0
vt 0.2500 0.5733 0
vt 0.0000 0.5714 0
vt 0.0000 0.5701 0
vt 0.0000 0.5733 0
vt 0.0000 0.5765 0
vt 0.2500 0.5796 0
vt 0.2500 0.5765 0
vt 0.0000 0.5796 0
vt 0.0000 0.5828 0
vt 0.2500 0.5860 0
vt 0.2500 0.5828 0
vt 0.0000 0.5860 0
vt 0.0000 0.5892 0
vt 0.2500 0.5892 0
vt 0.0000 0.5924 0
vt 0.2500 0.5924 0
vt 0.0000 0.5952 0
vt 0.2500 0.5956 0
vt 0.0000 0.5956 0
vt 0.0000 0.5988 0
vt 0.2500 0.6019 0
vt 0.2500 0.5988 0
vt 0.0000 0.6019 0
vt 0.0000 0.6051 0
vt 0.2500 0.6051 0
vt 0.0000 0.6071 0
vt 0.2500 0.6083 0
vt 0.2500 0.6115 0
vt 0.0000 0.6083 0
vt 0.0000 0.6115 0
vt 0.0000 0.6147 0
vt 0.2500 0.6179 0
vt 0.2500 0.6147 0
vt 0.2500 0.6211 0
vt 0.0000 0.6190 0
vt 0.0000 0.6179 0
vt 0.2500 0.6242 0
vt 0.0000 0.6211 0
vt 0.0000 0.6242 0
vt 0.0000 0.6274 0
vt 0.2500 0.6306 0
vt 0.2500 0.6274 0
vt 0.2500 0.6338 0
vt 0.0000 0.6306 0
vt 0.0000 0.6338 0
vt 0.0000 0.6370 0
vt 0.2500 0.6402 0
vt 0.2500 0.6370 0
vt 0.0000 0.6402 0
vt 0.0000 0.6429 0
vt 0.2500 0.6433 0
vt 0.2500 0.6465 0
vt 0.0000 0.6433 0
vt 0.0000 0.6465 0
vt 0.0000 0.6497 0
vt 0.2500 0.6497 0
vt 0.0000 0.6529 0
vt 0.2500 0.6529 0
vt 0.0000 0.6548 0
vt 0.2500 0.6561 0
vt 0.0000 0.6561 0
vt 0.0000 0.6593 0
vt 0.2500 0.6625 0
vt 0.2500 0.6593 0
vt 0.0000 0.6625 0
vt 0.0000 0.6656 0
vt 0.2500 0.6688 0
vt 0.2500 0.6656 0
vt 0.0000 0.6667 0
vt 0.2500 0.6720 0
vt 0.0000 0.6688 0
vt 0.0000 0.6720 0
vt 0.0000 0.6752 0
vt 0.2500 0.6784 0
vt 0.2500 0.6752 0
vt 0.0000 0.6784 0
vt 0.0000 0.6816 0
vt 0.2500 0.6848 0
vt 0.2500 0.6816 0
vt 0.0000 0.6848 0
vt 0.0000 0.6879 0
vt 0.2500 0.6879 0
vt 0.0000 0.6905 0
vt 0.2500 0.6911 0
vt 0.2500 0.6943 0
vt 0.0000 0.6911 0
vt 0.0000 0.6943 0
vt 0.0000 0.6975 0
vt 0.2500 0.7007 0
vt 0.2500 0.6975 0
vt 0.0000 0.7007 0
vt 0.0000 0.7024 0
vt 0.2500 0.7039 0
vt 0.2500 0.7070 0
vt 0.0000 0.7039 0
vt 0.0000 0.7070 0
vt 0.0000 0.7102 0
vt 0.2500 0.7102 0
vt 0.0000 0.7134 0
vt 0.2500 0.7166 0
vt 0.2500 0.7134 0
vt 0.0000 0.7143 0
vt 0.0000 0.7166 0
vt 0.0000 0.7198 0
vt 0.2500 0.7230 0
vt 0.2500 0.7198 0
vt 0.0000 0.7230 0
vt 0.0000 0.7262 0
vt 0.2500 0.7293 0
vt 0.2500 0.7262 0
vt 0.2500 0.7325 0
vt 0.0000 0.7293 0
vt 0.0000 0.7325 0
vt 0.0000 0.7357 0
vt 0.2500 0.7357 0
vt 0.0000 0.7381 0
vt 0.2500 0.7389 0
vt 0.0000 0.7389 0
vt 0.0000 0.7421 0
vt 0.2500 0.7453 0
vt 0.2500 0.7421 0
vt 0.0000 0.7453 0
vt 0.0000 0.7484 0
vt 0.2500 0.7516 0
vt 0.2500 0.7484 0
vt 0.0000 0.7500 0
vt 0.2500 0.7548 0
vt 0.0000 0.7516 0
vt 0.0000 0.7548 0
vt 0.0000 0.7580 0
vt 0.2500 0.7612 0
vt 0.2500 0.7580 0
vt 0.2500 0.7644 0
vt 0.0000 0.7619 0
vt 0.0000 0.7612 0
vt 0.2500 0.7676 0
vt 0.0000 0.7644 0
vt 0.0000 0.7676 0
vt 0.0000 0.7707 0
vt 0.2500 0.7707 0
vt 0.0000 0.7739 0
vt 0.2500 0.7771 0
vt 0.2500 0.7739 0
vt 0.0000 0.7771 0
vt 0.0000 0.7803 0
vt 0.2500 0.7835 0
vt 0.2500 0.7803 0
vt 0.0000 0.7835 0
vt 0.0000 0.7857 0
vt 0.2500 0.7867 0
vt 0.2500 0.7899 0
vt 0.0000 0.7867 0
vt 0.0000 0.9841 0
vt 0.0290 0.9841 0
vt 0.0302 0.9832 0
vt 0.0379 0.9764 0
vt 0.0000 0.9778 0
vt 0.0000 0.9809 0
vt 0.0000 0.9746 0
vt 0.0000 0.9762 0
vt 0.0433 0.9717 0
vt 0.0000 0.9714 0
vt 0.0507 0.9654 0
vt 0.0000 0.9682 0
vt 0.0559 0.9608 0
vt 0.0000 0.9618 0
vt 0.0000 0.9643 0
vt 0.0629 0.9548 0
vt 0.0000 0.9555 0
vt 0.0000 0.9587 0
vt 0.0681 0.9503 0
vt 0.0000 0.9523 0
vt 0.0748 0.9445 0
vt 0.0000 0.9459 0
vt 0.0799 0.9400 0
vt 0.0000 0.9405 0
vt 0.0000 0.9427 0
vt 0.0000 0.9395 0
vt 0.0863 0.9345 0
vt 0.0000 0.9364 0
vt 0.0914 0.9301 0
vt 0.0000 0.9300 0
vt 0.0000 0.9332 0
vt 0.0952 0.9268 0
vt 0.0000 0.9268 0
vt 0.0000 0.9286 0
vt 0.0000 0.9236 0
vt 0.1026 0.9204 0
vt 0.0000 0.9204 0
vt 0.0000 0.9172 0
vt 0.0000 0.9141 0
vt 0.0000 0.9167 0
vt 0.1062 0.9172 0
vt 0.1086 0.9152 0
vt 0.1099 0.9141 0
vt 0.0000 0.9109 0
vt 0.0000 0.9077 0
vt 0.1135 0.9109 0
vt 0.1136 0.9108 0
vt 0.0000 0.9045 0
vt 0.1172 0.9077 0
vt 0.1194 0.9058 0
vt 0.0000 0.9013 0
vt 0.1209 0.9045 0
vt 0.1244 0.9014 0
vt 0.0000 0.8981 0
vt 0.1246 0.9013 0
vt 0.0000 0.8950 0
vt 0.1282 0.8981 0
vt 0.1301 0.8966 0
vt 0.0000 0.8929 0
vt 0.1319 0.8950 0
vt 0.0000 0.8918 0
vt 0.1351 0.8922 0
vt 0.1356 0.8918 0
vt 0.0000 0.8886 0
vt 0.0000 0.8854 0
vt 0.1393 0.8886 0
vt 0.1406 0.8875 0
vt 0.0000 0.8822 0
vt 0.1429 0.8854 0
vt 0.1456 0.8831 0
vt 0.1503 0.8790 0
vt 0.0000 0.8790 0
vt 0.0000 0.8810 0
vt 0.1466 0.8822 0
vt 0.0000 0.8758 0
vt 0.1509 0.8785 0
vt 0.0000 0.8727 0
vt 0.1540 0.8758 0
vt 0.1560 0.8741 0
vt 0.0000 0.8695 0
vt 0.1576 0.8727 0
vt 0.1612 0.8696 0
vt 0.1650 0.8663 0
vt 0.0000 0.8663 0
vt 0.0000 0.8690 0
vt 0.1613 0.8695 0
vt 0.0000 0.8631 0
vt 0.1663 0.8652 0
vt 0.0000 0.8599 0
vt 0.1687 0.8631 0
vt 0.1714 0.8608 0
vt 0.0000 0.8567 0
vt 0.1723 0.8599 0
vt 0.0000 0.8535 0
vt 0.1760 0.8567 0
vt 0.1765 0.8563 0
vt 0.0000 0.8504 0
vt 0.1797 0.8535 0
vt 0.1815 0.8520 0
vt 0.0000 0.8472 0
vt 0.1834 0.8504 0
vt 0.1866 0.8476 0
vt 0.1870 0.8472 0
vt 0.1907 0.8440 0
vt 0.0000 0.8452 0
vt 0.0000 0.8440 0
vt 0.0000 0.8408 0
vt 0.1915 0.8433 0
vt 0.0000 0.8376 0
vt 0.1944 0.8408 0
vt 0.1966 0.8388 0
vt 0.0000 0.8344 0
vt 0.1981 0.8376 0
vt 0.2014 0.8347 0
vt 0.2054 0.8313 0
vt 0.0000 0.8313 0
vt 0.0000 0.8333 0
vt 0.2017 0.8344 0
vt 0.0000 0.8281 0
vt 0.2066 0.8302 0
vt 0.0000 0.8249 0
vt 0.2091 0.8281 0
vt 0.2113 0.8262 0
vt 0.2119 0.8256 0
vt 0.2128 0.8249 0
vt 0.2164 0.8217 0
vt 0.0000 0.8217 0
vt 0.0000 0.8214 0
vt 0.2201 0.8185 0
vt 0.0000 0.8185 0
vt 0.2165 0.8216 0
vt 0.0000 0.8153 0
vt 0.2211 0.8176 0
vt 0.2218 0.8170 0
vt 0.0000 0.8121 0
vt 0.2238 0.8153 0
vt 0.2263 0.8131 0
vt 0.2309 0.8092 0
vt 0.0000 0.8090 0
vt 0.2275 0.8121 0
vt 0.0000 0.8058 0
vt 0.2311 0.8090 0
vt 0.2317 0.8085 0
vt 0.0000 0.8026 0
vt 0.2348 0.8058 0
vt 0.2361 0.8046 0
vt 0.0000 0.7994 0
vt 0.2385 0.8026 0
vt 0.2406 0.8008 0
vt 0.2415 0.8000 0
vt 0.2422 0.7994 0
vt 0.2458 0.7962 0
vt 0.0000 0.7976 0
vt 0.0000 0.7962 0
vt 0.0000 0.7930 0
vt 0.2459 0.7962 0
vt 0.0000 0.7899 0
vt 0.2495 0.7930 0
vt 0.2500 0.7926 0
vt 0.2503 0.7924 0
vt 0.2556 0.7878 0
vt 0.2599 0.7840 0
vt 0.2610 0.7831 0
vt 0.2653 0.7794 0
vt 0.2695 0.7757 0
vt 0.2749 0.7710 0
vt 0.2791 0.7674 0
vt 0.2803 0.7663 0
vt 0.2845 0.7627 0
vt 0.2886 0.7592 0
vt 0.2899 0.7580 0
vt 0.2940 0.7544 0
vt 0.2981 0.7509 0
vt 0.3036 0.7462 0
vt 0.3076 0.7427 0
vt 0.3091 0.7414 0
vt 0.3131 0.7380 0
vt 0.3170 0.7345 0
vt 0.3225 0.7297 0
vt 0.3265 0.7263 0
vt 0.3281 0.7249 0
vt 0.3320 0.7215 0
vt 0.3359 0.7182 0
vt 0.3414 0.7134 0
vt 0.3452 0.7101 0
vt 0.3471 0.7085 0
vt 0.3508 0.7052 0
vt 0.3546 0.7019 0
vt 0.3565 0.7003 0
vt 0.3602 0.6971 0
vt 0.3640 0.6938 0
vt 0.3696 0.6889 0
vt 0.3733 0.6857 0
vt 0.3753 0.6840 0
vt 0.3790 0.6808 0
vt 0.3826 0.6777 0
vt 0.3883 0.6727 0
vt 0.3847 0.6759 0
vt 0.3919 0.6696 0
vt 0.3891 0.6720 0
vt 0.3940 0.6678 0
vt 0.3976 0.6647 0
vt 0.4012 0.6616 0
vt 0.4069 0.6566 0
vt 0.4034 0.6596 0
vt 0.4105 0.6535 0
vt 0.4075 0.6561 0
vt 0.4127 0.6516 0
vt 0.4162 0.6485 0
vt 0.4197 0.6455 0
vt 0.4255 0.6405 0
vt 0.4279 0.6384 0
vt 0.4290 0.6375 0
vt 0.4313 0.6354 0
vt 0.4295 0.6370 0
vt 0.4348 0.6325 0
vt 0.4382 0.6295 0
vt 0.4440 0.6244 0
vt 0.4474 0.6215 0
vt 0.4499 0.6193 0
vt 0.4533 0.6164 0
vt 0.4516 0.6179 0
vt 0.4567 0.6135 0
vt 0.4592 0.6113 0
vt 0.4625 0.6084 0
vt 0.4659 0.6055 0
vt 0.4684 0.6033 0
vt 0.4717 0.6004 0
vt 0.4700 0.6019 0
vt 0.4751 0.5975 0
vt 0.4777 0.5953 0
vt 0.4810 0.5924 0
vt 0.4842 0.5896 0
vt 0.4869 0.5873 0
vt 0.4902 0.5844 0
vt 0.4883 0.5860 0
vt 0.4934 0.5816 0
vt 0.4961 0.5793 0
vt 0.4994 0.5765 0
vt 0.5026 0.5737 0
vt 0.5054 0.5713 0
vt 0.5086 0.5685 0
vt 0.5118 0.5657 0
vt 0.5104 0.5669 0
vt 0.5145 0.5633 0
vt 0.5177 0.5606 0
vt 0.5209 0.5578 0
vt 0.5238 0.5553 0
vt 0.5269 0.5526 0
vt 0.5251 0.5542 0
vt 0.5301 0.5499 0
vt 0.5288 0.5510 0
vt 0.5329 0.5474 0
vt 0.5361 0.5447 0
vt 0.5392 0.5419 0
vt 0.5412 0.5402 0
vt 0.5421 0.5394 0
vt 0.5452 0.5367 0
vt 0.5435 0.5382 0
vt 0.5483 0.5340 0
vt 0.5513 0.5314 0
vt 0.5544 0.5288 0
vt 0.5575 0.5261 0
vt 0.5605 0.5235 0
vt 0.5635 0.5209 0
vt 0.5618 0.5223 0
vt 0.5666 0.5182 0
vt 0.5696 0.5156 0
vt 0.5655 0.5191 0
vt 0.5727 0.5129 0
vt 0.5757 0.5103 0
vt 0.5788 0.5076 0
vt 0.5818 0.5050 0
vt 0.5802 0.5064 0
vt 0.5848 0.5024 0
vt 0.5879 0.4997 0
vt 0.5839 0.5032 0
vt 0.5909 0.4971 0
vt 0.5939 0.4945 0
vt 0.5971 0.4918 0
vt 0.5949 0.4937 0
vt 0.6000 0.4892 0
vt 0.5986 0.4905 0
vt 0.6030 0.4866 0
vt 0.6062 0.4839 0
vt 0.6022 0.4873 0
vt 0.6082 0.4821 0
vt 0.6121 0.4787 0
vt 0.6092 0.4813 0
vt 0.6153 0.4759 0
vt 0.6133 0.4777 0
vt 0.6183 0.4734 0
vt 0.6170 0.4745 0
vt 0.6215 0.4706 0
vt 0.6236 0.4688 0
vt 0.6212 0.4709 0
vt 0.6206 0.4714 0
vt 0.6274 0.4655 0
vt 0.6245 0.4680 0
vt 0.6303 0.4630 0
vt 0.6280 0.4650 0
vt 0.6307 0.4626 0
vt 0.6336 0.4601 0
vt 0.6316 0.4618 0
vt 0.6365 0.4576 0
vt 0.6353 0.4586 0
vt 0.6398 0.4547 0
vt 0.6427 0.4522 0
vt 0.6394 0.4551 0
vt 0.6390 0.4554 0
vt 0.6442 0.4509 0
vt 0.6456 0.4498 0
vt 0.6484 0.4473 0
vt 0.6463 0.4491 0
vt 0.6490 0.4468 0
vt 0.6518 0.4443 0
vt 0.6500 0.4459 0
vt 0.6547 0.4419 0
vt 0.6574 0.4395 0
vt 0.6537 0.4427 0
vt 0.6581 0.4389 0
vt 0.6597 0.4375 0
vt 0.6575 0.4394 0
vt 0.6609 0.4365 0
vt 0.6637 0.4340 0
vt 0.6610 0.4363 0
vt 0.6666 0.4315 0
vt 0.6647 0.4331 0
vt 0.6672 0.4310 0
vt 0.6700 0.4286 0
vt 0.6684 0.4300 0
vt 0.6728 0.4261 0
vt 0.6756 0.4237 0
vt 0.6721 0.4268 0
vt 0.6763 0.4231 0
vt 0.6791 0.4207 0
vt 0.6757 0.4236 0
vt 0.6819 0.4183 0
vt 0.6794 0.4204 0
vt 0.6847 0.4158 0
vt 0.6831 0.4172 0
vt 0.6854 0.4152 0
vt 0.6882 0.4128 0
vt 0.6868 0.4140 0
vt 0.6910 0.4104 0
vt 0.6938 0.4080 0
vt 0.6904 0.4109 0
vt 0.6957 0.4062 0
vt 0.6945 0.4073 0
vt 0.6973 0.4049 0
vt 0.6941 0.4077 0
vt 0.7000 0.4025 0
vt 0.6978 0.4045 0
vt 0.7028 0.4001 0
vt 0.7036 0.3994 0
vt 0.7015 0.4013 0
vt 0.7064 0.3971 0
vt 0.7051 0.3981 0
vt 0.7112 0.3929 0
vt 0.7091 0.3947 0
vt 0.7088 0.3949 0
vt 0.7119 0.3923 0
vt 0.7154 0.3892 0
vt 0.7127 0.3916 0
vt 0.7125 0.3917 0
vt 0.7182 0.3868 0
vt 0.7162 0.3886 0
vt 0.7209 0.3844 0
vt 0.7218 0.3837 0
vt 0.7198 0.3854 0
vt 0.7245 0.3813 0
vt 0.7272 0.3790 0
vt 0.7235 0.3822 0
vt 0.7299 0.3766 0
vt 0.7272 0.3790 0
vt 0.7318 0.3750 0
vt 0.7336 0.3735 0
vt 0.7309 0.3758 0
vt 0.7363 0.3711 0
vt 0.7345 0.3726 0
vt 0.7390 0.3688 0
vt 0.7400 0.3679 0
vt 0.7382 0.3694 0
vt 0.7426 0.3656 0
vt 0.7453 0.3633 0
vt 0.7419 0.3663 0
vt 0.7472 0.3616 0
vt 0.7456 0.3631 0
vt 0.7480 0.3609 0
vt 0.7490 0.3601 0
vt 0.7517 0.3577 0
vt 0.7492 0.3599 0
vt 0.7524 0.3571 0
vt 0.7544 0.3554 0
vt 0.7529 0.3567 0
vt 0.7581 0.3522 0
vt 0.7571 0.3531 0
vt 0.7566 0.3535 0
vt 0.7608 0.3499 0
vt 0.7634 0.3476 0
vt 0.7602 0.3503 0
vt 0.7661 0.3453 0
vt 0.7639 0.3472 0
vt 0.7672 0.3443 0
vt 0.7698 0.3420 0
vt 0.7676 0.3440 0
vt 0.7725 0.3398 0
vt 0.7713 0.3408 0
vt 0.7763 0.3365 0
vt 0.7751 0.3375 0
vt 0.7750 0.3376 0
vt 0.7815 0.3319 0
vt 0.7789 0.3342 0
vt 0.7786 0.3344 0
vt 0.7833 0.3304 0
vt 0.7841 0.3296 0
vt 0.7823 0.3312 0
vt 0.7853 0.3286 0
vt 0.7879 0.3264 0
vt 0.7860 0.3280 0
vt 0.7905 0.3241 0
vt 0.7932 0.3218 0
vt 0.7897 0.3249 0
vt 0.7944 0.3208 0
vt 0.7970 0.3185 0
vt 0.7933 0.3217 0
vt 0.7988 0.3170 0
vt 0.7996 0.3163 0
vt 0.8022 0.3140 0
vt 0.8007 0.3153 0
vt 0.8034 0.3129 0
vt 0.8060 0.3107 0
vt 0.8043 0.3121 0
vt 0.8086 0.3084 0
vt 0.8112 0.3062 0
vt 0.8080 0.3089 0
vt 0.8142 0.3036 0
vt 0.8125 0.3051 0
vt 0.8117 0.3057 0
vt 0.8151 0.3028 0
vt 0.8176 0.3006 0
vt 0.8154 0.3026 0
vt 0.8202 0.2984 0
vt 0.8215 0.2972 0
vt 0.8190 0.2994 0
vt 0.8241 0.2950 0
vt 0.8227 0.2962 0
vt 0.8292 0.2906 0
vt 0.8267 0.2928 0
vt 0.8264 0.2930 0
vt 0.8331 0.2872 0
vt 0.8306 0.2894 0
vt 0.8301 0.2898 0
vt 0.8348 0.2857 0
vt 0.8357 0.2850 0
vt 0.8337 0.2866 0
vt 0.8382 0.2827 0
vt 0.8396 0.2815 0
vt 0.8374 0.2835 0
vt 0.8422 0.2793 0
vt 0.8411 0.2803 0
vt 0.8472 0.2749 0
vt 0.8447 0.2771 0
vt 0.8503 0.2723 0
vt 0.8487 0.2737 0
vt 0.8512 0.2715 0
vt 0.8484 0.2739 0
vt 0.8537 0.2693 0
vt 0.8521 0.2707 0
vt 0.8554 0.2679 0
vt 0.8577 0.2659 0
vt 0.8562 0.2671 0
vt 0.8558 0.2675 0
vt 0.8602 0.2637 0
vt 0.8627 0.2615 0
vt 0.8595 0.2643 0
vt 0.8653 0.2593 0
vt 0.8631 0.2612 0
vt 0.8657 0.2589 0
vt 0.8693 0.2559 0
vt 0.8668 0.2580 0
vt 0.8717 0.2537 0
vt 0.8705 0.2548 0
vt 0.8758 0.2502 0
vt 0.8743 0.2515 0
vt 0.8742 0.2516 0
vt 0.8808 0.2459 0
vt 0.8778 0.2484 0
vt 0.8783 0.2480 0
vt 0.8812 0.2455 0
vt 0.8833 0.2437 0
vt 0.8815 0.2452 0
vt 0.8848 0.2424 0
vt 0.8863 0.2411 0
vt 0.8873 0.2402 0
vt 0.8852 0.2421 0
vt 0.8898 0.2381 0
vt 0.8889 0.2389 0
vt 0.8915 0.2366 0
vt 0.8922 0.2359 0
vt 0.8938 0.2345 0
vt 0.8925 0.2357 0
vt 0.8988 0.2303 0
vt 0.8963 0.2324 0
vt 0.8962 0.2325 0
vt 0.9018 0.2277 0
vt 0.9029 0.2267 0
vt 0.9012 0.2281 0
vt 0.8999 0.2293 0
vt 0.9053 0.2246 0
vt 0.9036 0.2261 0
vt 0.9069 0.2232 0
vt 0.9102 0.2203 0
vt 0.9078 0.2225 0
vt 0.9072 0.2229 0
vt 0.9119 0.2189 0
vt 0.9143 0.2168 0
vt 0.9109 0.2198 0
vt 0.9168 0.2147 0
vt 0.9146 0.2166 0
vt 0.9172 0.2143 0
vt 0.9192 0.2125 0
vt 0.9209 0.2111 0
vt 0.9183 0.2134 0
vt 0.9234 0.2090 0
vt 0.9224 0.2098 0
vt 0.9219 0.2102 0
vt 0.9275 0.2054 0
vt 0.9258 0.2069 0
vt 0.9256 0.2070 0
vt 0.9282 0.2048 0
vt 0.9300 0.2032 0
vt 0.9324 0.2012 0
vt 0.9293 0.2038 0
vt 0.9327 0.2009 0
vt 0.9348 0.1991 0
vt 0.9330 0.2006 0
vt 0.9378 0.1964 0
vt 0.9390 0.1954 0
vt 0.9372 0.1970 0
vt 0.9366 0.1975 0
vt 0.9414 0.1934 0
vt 0.9403 0.1943 0
vt 0.9430 0.1920 0
vt 0.9438 0.1913 0
vt 0.9462 0.1892 0
vt 0.9440 0.1911 0
vt 0.9504 0.1855 0
vt 0.9480 0.1876 0
vt 0.9477 0.1879 0
vt 0.9528 0.1835 0
vt 0.9533 0.1830 0
vt 0.9513 0.1847 0
vt 0.9570 0.1798 0
vt 0.9552 0.1814 0
vt 0.9550 0.1815 0
vt 0.9584 0.1786 0
vt 0.9594 0.1777 0
vt 0.9618 0.1757 0
vt 0.9587 0.1784 0
vt 0.9636 0.1741 0
vt 0.9642 0.1736 0
vt 0.9623 0.1752 0
vt 0.9684 0.1699 0
vt 0.9660 0.1720 0
vt 0.9687 0.1696 0
vt 0.9708 0.1679 0
vt 0.9697 0.1688 0
vt 0.9731 0.1658 0
vt 0.9750 0.1642 0
vt 0.9739 0.1652 0
vt 0.9734 0.1656 0
vt 0.9790 0.1607 0
vt 0.9774 0.1621 0
vt 0.9770 0.1624 0
vt 0.9797 0.1601 0
vt 0.9821 0.1580 0
vt 0.9807 0.1592 0
vt 0.9840 0.1564 0
vt 0.9842 0.1563 0
vt 0.9864 0.1543 0
vt 0.9844 0.1561 0
vt 0.9893 0.1518 0
vt 0.9911 0.1503 0
vt 0.9887 0.1523 0
vt 0.9881 0.1529 0
vt 0.9930 0.1486 0
vt 0.9918 0.1497 0
vt 0.9945 0.1473 0
vt 0.9953 0.1466 0
vt 0.9977 0.1446 0
vt 0.9954 0.1465 0
vt 0.9996 0.1429 0
vt 1.0000 0.1425 0
vt 0.9991 0.1433 0
vt 0.4406 0.6274 0
vt 0.4220 0.6435 0
vt 0.3659 0.6921 0
vt 0.3376 0.7167 0
vt 0.3186 0.7331 0
vt 0.2995 0.7497 0
vt 0.2707 0.7747 0
vt 0.2513 0.7915 0
vt 0.0976 0.9247 0
vt 0.0000 0.9491 0
vt 0.0000 0.9650 0
vt 0.7500 0.0032 0
vt 1.0000 0.0032 0
vt 1.0000 0.0000 0
vt 0.7500 0.0064 0
vt 1.0000 0.0064 0
vt 0.7500 0.0096 0
vt 1.0000 0.0096 0
vt 0.7500 0.0127 0
vt 1.0000 0.0119 0
vt 1.0000 0.0127 0
vt 0.7500 0.0159 0
vt 1.0000 0.0159 0
vt 0.7500 0.0191 0
vt 1.0000 0.0191 0
vt 0.7500 0.0223 0
vt 1.0000 0.0223 0
vt 0.7500 0.0255 0
vt 1.0000 0.0255 0
vt 1.0000 0.0238 0
vt 0.7500 0.0287 0
vt 1.0000 0.0287 0
vt 0.7500 0.0318 0
vt 1.0000 0.0318 0
vt 0.7500 0.0350 0
vt 1.0000 0.0350 0
vt 0.7500 0.0382 0
vt 1.0000 0.0382 0
vt 1.0000 0.0357 0
vt 0.7500 0.0414 0
vt 1.0000 0.0414 0
vt 0.7500 0.0446 0
vt 1.0000 0.0446 0
vt 0.7500 0.0478 0
vt 1.0000 0.0478 0
vt 0.7500 0.0510 0
vt 1.0000 0.0510 0
vt 0.7500 0.0541 0
vt 1.0000 0.0541 0
vt 0.7500 0.0573 0
vt 1.0000 0.0573 0
vt 0.7500 0.0605 0
vt 1.0000 0.0595 0
vt 1.0000 0.0605 0
vt 0.7500 0.0637 0
vt 1.0000 0.0637 0
vt 0.7500 0.0669 0
vt 1.0000 0.0669 0
vt 0.7500 0.0701 0
vt 1.0000 0.0701 0
vt 0.7500 0.0733 0
vt 1.0000 0.0733 0
vt 1.0000 0.0714 0
vt 0.7500 0.0764 0
vt 1.0000 0.0764 0
vt 0.7500 0.0796 0
vt 1.0000 0.0796 0
vt 0.7500 0.0828 0
vt 1.0000 0.0828 0
vt 0.7500 0.0860 0
vt 1.0000 0.0860 0
vt 1.0000 0.0833 0
vt 0.7500 0.0892 0
vt 1.0000 0.0892 0
vt 0.7500 0.0924 0
vt 1.0000 0.0924 0
vt 0.7500 0.0955 0
vt 1.0000 0.0955 0
vt 0.7500 0.0987 0
vt 1.0000 0.0987 0
vt 0.7500 0.1019 0
vt 1.0000 0.1019 0
vt 0.7500 0.1051 0
vt 1.0000 0.1051 0
vt 0.7500 0.1083 0
vt 1.0000 0.1071 0
vt 1.0000 0.1083 0
vt 0.7500 0.1115 0
vt 1.0000 0.1115 0
vt 0.7500 0.1147 0
vt 1.0000 0.1147 0
vt 0.7500 0.1178 0
vt 1.0000 0.1178 0
vt 0.7500 0.1210 0
vt 1.0000 0.1210 0
vt 1.0000 0.1190 0
vt 0.7500 0.1242 0
vt 1.0000 0.1242 0
vt 0.7500 0.1274 0
vt 1.0000 0.1274 0
vt 0.7500 0.1306 0
vt 1.0000 0.1306 0
vt 0.7500 0.1338 0
vt 1.0000 0.1338 0
vt 0.7500 0.1370 0
vt 1.0000 0.1370 0
vt 0.7500 0.1401 0
vt 1.0000 0.1401 0
vt 0.7500 0.1433 0
vt 1.0000 0.1429 0
vt 1.0000 0.1433 0
vt 0.7500 0.1465 0
vt 1.0000 0.1465 0
vt 0.7500 0.1497 0
vt 1.0000 0.1497 0
vt 0.7500 0.1529 0
vt 1.0000 0.1529 0
vt 0.7500 0.1561 0
vt 1.0000 0.1548 0
vt 1.0000 0.1561 0
vt 0.7500 0.1592 0
vt 1.0000 0.1592 0
vt 0.7500 0.1624 0
vt 1.0000 0.1624 0
vt 0.7500 0.1656 0
vt 1.0000 0.1656 0
vt 0.7500 0.1688 0
vt 1.0000 0.1688 0
vt 1.0000 0.1667 0
vt 0.7500 0.1720 0
vt 1.0000 0.1720 0
vt 0.7500 0.1752 0
vt 1.0000 0.1752 0
vt 0.7500 0.1784 0
vt 1.0000 0.1784 0
vt 0.7500 0.1815 0
vt 1.0000 0.1815 0
vt 0.7500 0.1847 0
vt 1.0000 0.1847 0
vt 0.7500 0.1879 0
vt 1.0000 0.1879 0
vt 0.7500 0.1911 0
vt 1.0000 0.1905 0
vt 1.0000 0.1911 0
vt 0.7500 0.1943 0
vt 1.0000 0.1943 0
vt 0.7500 0.1975 0
vt 1.0000 0.1975 0
vt 0.7500 0.2007 0
vt 1.0000 0.2007 0
vt 0.7500 0.2038 0
vt 1.0000 0.2024 0
vt 1.0000 0.2038 0
vt 0.7500 0.2070 0
vt 1.0000 0.2070 0
vt 0.7500 0.2102 0
vt 1.0000 0.2102 0
vt 0.7500 0.2134 0
vt 1.0000 0.2134 0
vt 0.7500 0.2166 0
vt 1.0000 0.2166 0
vt 1.0000 0.2143 0
vt 0.7500 0.2198 0
vt 1.0000 0.2198 0
vt 0.7500 0.2229 0
vt 1.0000 0.2229 0
vt 0.7500 0.2261 0
vt 1.0000 0.2261 0
vt 0.7500 0.2293 0
vt 1.0000 0.2293 0
vt 0.7500 0.2325 0
vt 1.0000 0.2325 0
vt 0.7500 0.2357 0
vt 1.0000 0.2357 0
vt 0.7500 0.2389 0
vt 1.0000 0.2381 0
vt 1.0000 0.2389 0
vt 0.7500 0.2421 0
vt 1.0000 0.2421 0
vt 0.7500 0.2452 0
vt 1.0000 0.2452 0
vt 0.7500 0.2484 0
vt 1.0000 0.2484 0
vt 0.7500 0.2516 0
vt 1.0000 0.2516 0
vt 1.0000 0.2500 0
vt 0.7500 0.2548 0
vt 1.0000 0.2548 0
vt 0.7500 0.2580 0
vt 1.0000 0.2580 0
vt 0.7500 0.2612 0
vt 1.0000 0.2612 0
vt 0.7500 0.2644 0
vt 1.0000 0.2644 0
vt 1.0000 0.2619 0
vt 0.7500 0.2675 0
vt 1.0000 0.2675 0
vt 0.7500 0.2707 0
vt 1.0000 0.2707 0
vt 0.7500 0.2739 0
vt 1.0000 0.2739 0
vt 0.7500 0.2771 0
vt 1.0000 0.2771 0
vt 0.7500 0.2803 0
vt 1.0000 0.2803 0
vt 0.7500 0.2835 0
vt 1.0000 0.2835 0
vt 0.7500 0.2866 0
vt 1.0000 0.2857 0
vt 1.0000 0.2866 0
vt 0.7500 0.2898 0
vt 1.0000 0.2898 0
vt 0.7500 0.2930 0
vt 1.0000 0.2930 0
vt 0.7500 0.2962 0
vt 1.0000 0.2962 0
vt 0.7500 0.2994 0
vt 1.0000 0.2994 0
vt 1.0000 0.2976 0
vt 0.7500 0.3026 0
vt 1.0000 0.3026 0
vt 0.7500 0.3058 0
vt 1.0000 0.3058 0
vt 0.7500 0.3089 0
vt 1.0000 0.3089 0
vt 0.7500 0.3121 0
vt 1.0000 0.3121 0
vt 1.0000 0.3095 0
vt 0.7500 0.3153 0
vt 1.0000 0.3153 0
vt 0.7500 0.3185 0
vt 1.0000 0.3185 0
vt 0.7500 0.3217 0
vt 1.0000 0.3217 0
vt 0.7500 0.3249 0
vt 1.0000 0.3249 0
vt 0.7500 0.3281 0
vt 1.0000 0.3281 0
vt 0.7500 0.3312 0
vt 1.0000 0.3312 0
vt 0.7500 0.3344 0
vt 1.0000 0.3333 0
vt 1.0000 0.3344 0
vt 0.7500 0.3376 0
vt 1.0000 0.3376 0
vt 0.7500 0.3408 0
vt 1.0000 0.3408 0
vt 0.7500 0.3440 0
vt 1.0000 0.3440 0
vt 0.7500 0.3472 0
vt 1.0000 0.3472 0
vt 1.0000 0.3452 0
vt 0.7500 0.3503 0
vt 1.0000 0.3503 0
vt 0.7500 0.3535 0
vt 1.0000 0.3535 0
vt 0.7500 0.3567 0
vt 1.0000 0.3567 0
vt 0.7500 0.3599 0
vt 1.0000 0.3599 0
vt 0.7500 0.3631 0
vt 1.0000 0.3631 0
vt 0.7500 0.3663 0
vt 1.0000 0.3663 0
vt 0.7500 0.3695 0
vt 1.0000 0.3690 0
vt 1.0000 0.3695 0
vt 0.7500 0.3726 0
vt 1.0000 0.3726 0
vt 0.7500 0.3758 0
vt 1.0000 0.3758 0
vt 0.7500 0.3790 0
vt 1.0000 0.3790 0
vt 0.7500 0.3822 0
vt 1.0000 0.3810 0
vt 1.0000 0.3822 0
vt 0.7500 0.3854 0
vt 1.0000 0.3854 0
vt 0.7500 0.3886 0
vt 1.0000 0.3886 0
vt 0.7500 0.3918 0
vt 1.0000 0.3918 0
vt 0.7500 0.3949 0
vt 1.0000 0.3949 0
vt 1.0000 0.3929 0
vt 0.7500 0.3981 0
vt 1.0000 0.3981 0
vt 0.7500 0.4013 0
vt 1.0000 0.4013 0
vt 0.7500 0.4045 0
vt 1.0000 0.4045 0
vt 0.7500 0.4077 0
vt 1.0000 0.4077 0
vt 0.7500 0.4109 0
vt 1.0000 0.4109 0
vt 0.7500 0.4140 0
vt 1.0000 0.4140 0
vt 0.7500 0.4172 0
vt 1.0000 0.4167 0
vt 1.0000 0.4172 0
vt 0.7500 0.4204 0
vt 1.0000 0.4204 0
vt 0.7500 0.4236 0
vt 1.0000 0.4236 0
vt 0.7500 0.4268 0
vt 1.0000 0.4268 0
vt 0.7500 0.4300 0
vt 1.0000 0.4286 0
vt 1.0000 0.4300 0
vt 0.7500 0.4332 0
vt 1.0000 0.4332 0
vt 0.7500 0.4363 0
vt 1.0000 0.4363 0
vt 0.7500 0.4395 0
vt 1.0000 0.4395 0
vt 0.7500 0.4427 0
vt 1.0000 0.4427 0
vt 1.0000 0.4405 0
vt 0.7500 0.4459 0
vt 1.0000 0.4459 0
vt 0.7500 0.4491 0
vt 1.0000 0.4491 0
vt 0.7500 0.4523 0
vt 1.0000 0.4523 0
vt 0.7500 0.4555 0
vt 1.0000 0.4555 0
vt 0.7500 0.4586 0
vt 1.0000 0.4586 0
vt 0.7500 0.4618 0
vt 1.0000 0.4618 0
vt 0.7500 0.4650 0
vt 1.0000 0.4643 0
vt 1.0000 0.4650 0
vt 0.7500 0.4682 0
vt 1.0000 0.4682 0
vt 0.7500 0.4714 0
vt 1.0000 0.4714 0
vt 0.7500 0.4746 0
vt 1.0000 0.4746 0
vt 0.7500 0.4777 0
vt 1.0000 0.4762 0
vt 1.0000 0.4777 0
vt 0.7500 0.4809 0
vt 1.0000 0.4809 0
vt 0.7500 0.4841 0
vt 1.0000 0.4841 0
vt 0.7500 0.4873 0
vt 1.0000 0.4873 0
vt 0.7500 0.4905 0
vt 1.0000 0.4905 0
vt 1.0000 0.4881 0
vt 0.7500 0.4937 0
vt 1.0000 0.4937 0
vt 0.7500 0.4969 0
vt 1.0000 0.4969 0
vt 0.7500 0.5000 0
vt 1.0000 0.5000 0
vt 0.7500 0.5032 0
vt 1.0000 0.5032 0
vt 0.7500 0.5064 0
vt 1.0000 0.5064 0
vt 0.7500 0.5096 0
vt 1.0000 0.5096 0
vt 0.7500 0.5128 0
vt 1.0000 0.5119 0
vt 1.0000 0.5128 0
vt 0.7500 0.5160 0
vt 1.0000 0.5160 0
vt 0.7500 0.5192 0
vt 1.0000 0.5192 0
vt 0.7500 0.5223 0
vt 1.0000 0.5223 0
vt 0.7500 0.5255 0
vt 1.0000 0.5255 0
vt 1.0000 0.5238 0
vt 0.7500 0.5287 0
vt 1.0000 0.5287 0
vt 0.7500 0.5319 0
vt 1.0000 0.5319 0
vt 0.7500 0.5351 0
vt 1.0000 0.5351 0
vt 0.7500 0.5383 0
vt 1.0000 0.5383 0
vt 1.0000 0.5357 0
vt 0.7500 0.5414 0
vt 1.0000 0.5414 0
vt 0.7500 0.5446 0
vt 1.0000 0.5446 0
vt 0.7500 0.5478 0
vt 1.0000 0.5478 0
vt 0.7500 0.5510 0
vt 1.0000 0.5510 0
vt 0.7500 0.5542 0
vt 1.0000 0.5542 0
vt 0.7500 0.5574 0
vt 1.0000 0.5574 0
vt 0.7500 0.5606 0
vt 1.0000 0.5595 0
vt 1.0000 0.5606 0
vt 0.7500 0.5637 0
vt 1.0000 0.5637 0
vt 0.7500 0.5669 0
vt 1.0000 0.5669 0
vt 0.7500 0.5701 0
vt 1.0000 0.5701 0
vt 0.7500 0.5733 0
vt 1.0000 0.5733 0
vt 1.0000 0.5714 0
vt 0.7500 0.5765 0
vt 1.0000 0.5765 0
vt 0.7500 0.5797 0
vt 1.0000 0.5797 0
vt 0.7500 0.5829 0
vt 1.0000 0.5829 0
vt 0.7500 0.5860 0
vt 1.0000 0.5860 0
vt 1.0000 0.5833 0
vt 0.7500 0.5892 0
vt 1.0000 0.5892 0
vt 0.7500 0.5924 0
vt 1.0000 0.5924 0
vt 0.7500 0.5956 0
vt 1.0000 0.5956 0
vt 0.7500 0.5988 0
vt 1.0000 0.5988 0
vt 0.7500 0.6020 0
vt 1.0000 0.6020 0
vt 0.7500 0.6051 0
vt 1.0000 0.6051 0
vt 0.7500 0.6083 0
vt 1.0000 0.6071 0
vt 1.0000 0.6083 0
vt 0.7500 0.6115 0
vt 1.0000 0.6115 0
vt 0.7500 0.6147 0
vt 1.0000 0.6147 0
vt 0.7500 0.6179 0
vt 1.0000 0.6179 0
vt 0.7500 0.6211 0
vt 1.0000 0.6211 0
vt 1.0000 0.6190 0
vt 0.7500 0.6243 0
vt 1.0000 0.6243 0
vt 0.7500 0.6274 0
vt 1.0000 0.6274 0
vt 0.7500 0.6306 0
vt 1.0000 0.6306 0
vt 0.7500 0.6338 0
vt 1.0000 0.6338 0
vt 0.7500 0.6370 0
vt 1.0000 0.6370 0
vt 0.7500 0.6402 0
vt 1.0000 0.6402 0
vt 0.7500 0.6434 0
vt 1.0000 0.6429 0
vt 1.0000 0.6434 0
vt 0.7500 0.6466 0
vt 1.0000 0.6466 0
vt 0.7500 0.6497 0
vt 1.0000 0.6497 0
vt 0.7500 0.6529 0
vt 1.0000 0.6529 0
vt 0.7500 0.6561 0
vt 1.0000 0.6548 0
vt 1.0000 0.6561 0
vt 0.7500 0.6593 0
vt 1.0000 0.6593 0
vt 0.7500 0.6625 0
vt 1.0000 0.6625 0
vt 0.7500 0.6657 0
vt 1.0000 0.6657 0
vt 0.7500 0.6688 0
vt 1.0000 0.6688 0
vt 1.0000 0.6667 0
vt 0.7500 0.6720 0
vt 1.0000 0.6720 0
vt 0.7500 0.6752 0
vt 1.0000 0.6752 0
vt 0.7500 0.6784 0
vt 1.0000 0.6784 0
vt 0.7500 0.6816 0
vt 1.0000 0.6816 0
vt 0.7500 0.6848 0
vt 1.0000 0.6848 0
vt 0.7500 0.6880 0
vt 1.0000 0.6880 0
vt 0.7500 0.6911 0
vt 1.0000 0.6905 0
vt 1.0000 0.6911 0
vt 0.7500 0.6943 0
vt 1.0000 0.6943 0
vt 0.7500 0.6975 0
vt 1.0000 0.6975 0
vt 0.7500 0.7007 0
vt 1.0000 0.7007 0
vt 0.7500 0.7039 0
vt 1.0000 0.7024 0
vt 1.0000 0.7039 0
vt 0.7500 0.7071 0
vt 1.0000 0.7071 0
vt 0.7500 0.7103 0
vt 1.0000 0.7103 0
vt 0.7500 0.7134 0
vt 1.0000 0.7134 0
vt 0.7500 0.7166 0
vt 1.0000 0.7166 0
vt 1.0000 0.7143 0
vt 0.7500 0.7198 0
vt 1.0000 0.7198 0
vt 0.7500 0.7230 0
vt 1.0000 0.7230 0
vt 0.7500 0.7262 0
vt 1.0000 0.7262 0
vt 0.7500 0.7294 0
vt 1.0000 0.7294 0
vt 0.7500 0.7325 0
vt 1.0000 0.7325 0
vt 0.7500 0.7357 0
vt 1.0000 0.7357 0
vt 0.7500 0.7389 0
vt 1.0000 0.7381 0
vt 1.0000 0.7389 0
vt 0.7500 0.7421 0
vt 1.0000 0.7421 0
vt 0.7500 0.7453 0
vt 1.0000 0.7453 0
vt 0.7500 0.7485 0
vt 1.0000 0.7485 0
vt 0.7500 0.7517 0
vt 1.0000 0.7517 0
vt 1.0000 0.7500 0
vt 0.7500 0.7548 0
vt 1.0000 0.7548 0
vt 0.7500 0.7580 0
vt 1.0000 0.7580 0
vt 0.7500 0.7612 0
vt 1.0000 0.7612 0
vt 0.7500 0.7644 0
vt 1.0000 0.7644 0
vt 1.0000 0.7619 0
vt 0.7500 0.7676 0
vt 1.0000 0.7676 0
vt 0.7500 0.7708 0
vt 1.0000 0.7708 0
vt 0.7500 0.7740 0
vt 1.0000 0.7740 0
vt 0.7500 0.7771 0
vt 1.0000 0.7771 0
vt 0.7500 0.7803 0
vt 1.0000 0.7803 0
vt 0.5000 0.0032 0
vt 0.7500 0.0000 0
vt 0.5000 0.0064 0
vt 0.5000 0.0096 0
vt 0.5000 0.0127 0
vt 0.5000 0.0159 0
vt 0.5000 0.0191 0
vt 0.5000 0.0223 0
vt 0.5000 0.0255 0
vt 0.5000 0.0287 0
vt 0.5000 0.0318 0
vt 0.5000 0.0350 0
vt 0.5000 0.0382 0
vt 0.5000 0.0414 0
vt 0.5000 0.0446 0
vt 0.5000 0.0478 0
vt 0.5000 0.0510 0
vt 0.5000 0.0541 0
vt 0.5000 0.0573 0
vt 0.5000 0.0605 0
vt 0.5000 0.0637 0
vt 0.5000 0.0669 0
vt 0.5000 0.0701 0
vt 0.5000 0.0733 0
vt 0.5000 0.0764 0
vt 0.5000 0.0796 0
vt 0.5000 0.0828 0
vt 0.5000 0.0860 0
vt 0.5000 0.0892 0
vt 0.5000 0.0924 0
vt 0.5000 0.0955 0
vt 0.5000 0.0987 0
vt 0.5000 0.1019 0
vt 0.5000 0.1051 0
vt 0.5000 0.1083 0
vt 0.5000 0.1115 0
vt 0.5000 0.1147 0
vt 0.5000 0.1178 0
vt 0.5000 0.1210 0
vt 0.5000 0.1242 0
vt 0.5000 0.1274 0
vt 0.5000 0.1306 0
vt 0.5000 0.1338 0
vt 0.5000 0.1370 0
vt 0.5000 0.1401 0
vt 0.5000 0.1433 0
vt 0.5000 0.1465 0
vt 0.5000 0.1497 0
vt 0.5000 0.1529 0
vt 0.5000 0.1561 0
vt 0.5000 0.1592 0
vt 0.5000 0.1624 0
vt 0.5000 0.1656 0
vt 0.5000 0.1688 0
vt 0.5000 0.1720 0
vt 0.5000 0.1752 0
vt 0.5000 0.1784 0
vt 0.5000 0.1815 0
vt 0.5000 0.1847 0
vt 0.5000 0.1879 0
vt 0.5000 0.1911 0
vt 0.5000 0.1943 0
vt 0.5000 0.1975 0
vt 0.5000 0.2007 0
vt 0.5000 0.2038 0
vt 0.5000 0.2070 0
vt 0.5000 0.2102 0
vt 0.5000 0.2134 0
vt 0.5000 0.2166 0
vt 0.5000 0.2198 0
vt 0.5000 0.2229 0
vt 0.5000 0.2261 0
vt 0.5000 0.2293 0
vt 0.5000 0.2325 0
vt 0.5000 0.2357 0
vt 0.5000 0.2389 0
vt 0.5000 0.2421 0
vt 0.5000 0.2452 0
vt 0.5000 0.2484 0
vt 0.5000 0.2516 0
vt 0.5000 0.2548 0
vt 0.5000 0.2580 0
vt 0.5000 0.2612 0
vt 0.5000 0.2644 0
vt 0.5000 0.2675 0
vt 0.5000 0.2707 0
vt 0.5000 0.2739 0
vt 0.5000 0.2771 0
vt 0.5000 0.2803 0
vt 0.5000 0.2835 0
vt 0.5000 0.2866 0
vt 0.5000 0.2898 0
vt 0.5000 0.2930 0
vt 0.5000 0.2962 0
vt 0.5000 0.2994 0
vt 0.5000 0.3026 0
vt 0.5000 0.3058 0
vt 0.5000 0.3089 0
vt 0.5000 0.3121 0
vt 0.5000 0.3153 0
vt 0.5000 0.3185 0
vt 0.5000 0.3217 0
vt 0.5000 0.3249 0
vt 0.5000 0.3281 0
vt 0.5000 0.3312 0
vt 0.5000 0.3344 0
vt 0.5000 0.3376 0
vt 0.5000 0.3408 0
vt 0.5000 0.3440 0
vt 0.5000 0.3472 0
vt 0.5000 0.3503 0
vt 0.5000 0.3535 0
vt 0.5000 0.3567 0
vt 0.5000 0.3599 0
vt 0.5000 0.3631 0
vt 0.5000 0.3663 0
vt 0.5000 0.3695 0
vt 0.5000 0.3726 0
vt 0.5000 0.3758 0
vt 0.5000 0.3790 0
vt 0.5000 0.3822 0
vt 0.5000 0.3854 0
vt 0.5000 0.3886 0
vt 0.5000 0.3918 0
vt 0.5000 0.3949 0
vt 0.5000 0.3981 0
vt 0.5000 0.4013 0
vt 0.5000 0.4045 0
vt 0.5000 0.4077 0
vt 0.5000 0.4109 0
vt 0.5000 0.4140 0
vt 0.5000 0.4172 0
vt 0.5000 0.4204 0
vt 0.5000 0.4236 0
vt 0.5000 0.4268 0
vt 0.5000 0.4300 0
vt 0.5000 0.4332 0
vt 0.5000 0.4363 0
vt 0.5000 0.4395 0
vt 0.5000 0.4427 0
vt 0.5000 0.4459 0
vt 0.5000 0.4491 0
vt 0.5000 0.4523 0
vt 0.5000 0.4555 0
vt 0.5000 0.4586 0
vt 0.5000 0.4618 0
vt 0.5000 0.4650 0
vt 0.5000 0.4682 0
vt 0.5000 0.4714 0
vt 0.5000 0.4746 0
vt 0.5000 0.4777 0
vt 0.5000 0.4809 0
vt 0.5000 0.4841 0
vt 0.5000 0.4873 0
vt 0.5000 0.4905 0
vt 0.5000 0.4937 0
vt 0.5000 0.4969 0
vt 0.5000 0.5000 0
vt 0.5000 0.5032 0
vt 0.5000 0.5064 0
vt 0.5000 0.5096 0
vt 0.5000 0.5128 0
vt 0.5000 0.5160 0
vt 0.5000 0.5192 0
vt 0.5000 0.5223 0
vt 0.5000 0.5255 0
vt 0.5000 0.5287 0
vt 0.5000 0.5319 0
vt 0.5000 0.5351 0
vt 0.5000 0.5383 0
vt 0.5000 0.5414 0
vt 0.5000 0.5446 0
vt 0.5000 0.5478 0
vt 0.5000 0.5510 0
vt 0.5000 0.5542 0
vt 0.5000 0.5574 0
vt 0.5000 0.5606 0
vt 0.5000 0.5637 0
vt 0.0000 0.0000 0
vt 0.0000 0.0032 0
vt 0.0000 0.0064 0
vt 0.0000 0.0096 0
vt 0.0000 0.0096 0
vt 0.0000 0.0127 0
vt 0.0000 0.0159 0
vt 0.0000 0.0191 0
vt 0.0000 0.0223 0
vt 0.0000 0.0255 0
vt 0.0000 0.0287 0
vt 0.0000 0.0319 0
vt 0.0000 0.0351 0
vt 0.0000 0.0382 0
vt 0.0000 0.0414 0
vt 0.0000 0.0446 0
vt 0.0000 0.0478 0
vt 0.0000 0.0510 0
vt 0.0000 0.0542 0
vt 0.0000 0.0574 0
vt 0.0000 0.0605 0
vt 0.0000 0.0637 0
vt 0.0000 0.0669 0
vt 0.0000 0.0701 0
vt 0.0000 0.0733 0
vt 0.0000 0.0765 0
vt 0.0000 0.0797 0
vt 0.0000 0.0828 0
vt 0.0000 0.0860 0
vt 0.0000 0.0892 0
vt 0.0000 0.0924 0
vt 0.0000 0.0956 0
vt 0.0000 0.0988 0
vt 0.0000 0.1020 0
vt 0.0000 0.1052 0
vt 0.0000 0.1083 0
vt 0.0000 0.1115 0
vt 0.0000 0.1147 0
vt 0.0000 0.1179 0
vt 0.0000 0.1211 0
vt 0.0000 0.1242 0
vt 0.0000 0.1243 0
vt 0.0000 0.1274 0
vt 0.0000 0.1275 0
vt 0.0000 0.1306 0
vt 0.0000 0.1330 0
vt 0.0000 0.1306 0
vt 0.0004 0.1333 0
vt 0.0027 0.1354 0
vt 0.0046 0.1370 0
vt 0.0009 0.1338 0
vt 0.0062 0.1384 0
vt 0.0074 0.1394 0
vt 0.0050 0.1374 0
vt 0.0092 0.1409 0
vt 0.0114 0.1429 0
vt 0.0082 0.1401 0
vt 0.0115 0.1430 0
vt 0.0139 0.1450 0
vt 0.0156 0.1465 0
vt 0.0119 0.1433 0
vt 0.0179 0.1486 0
vt 0.0192 0.1497 0
vt 0.0165 0.1473 0
vt 0.0162 0.1471 0
vt 0.0203 0.1506 0
vt 0.0217 0.1518 0
vt 0.0227 0.1527 0
vt 0.0250 0.1547 0
vt 0.0266 0.1561 0
vt 0.0229 0.1529 0
vt 0.0291 0.1582 0
vt 0.0267 0.1562 0
vt 0.0320 0.1607 0
vt 0.0339 0.1624 0
vt 0.0315 0.1603 0
vt 0.0303 0.1592 0
vt 0.0355 0.1638 0
vt 0.0371 0.1652 0
vt 0.0339 0.1624 0
vt 0.0403 0.1679 0
vt 0.0379 0.1659 0
vt 0.0376 0.1656 0
vt 0.0427 0.1700 0
vt 0.0443 0.1714 0
vt 0.0423 0.1696 0
vt 0.0413 0.1688 0
vt 0.0474 0.1741 0
vt 0.0486 0.1752 0
vt 0.0450 0.1720 0
vt 0.0467 0.1735 0
vt 0.0515 0.1777 0
vt 0.0491 0.1756 0
vt 0.0531 0.1791 0
vt 0.0555 0.1811 0
vt 0.0526 0.1786 0
vt 0.0523 0.1784 0
vt 0.0579 0.1832 0
vt 0.0597 0.1847 0
vt 0.0577 0.1830 0
vt 0.0560 0.1815 0
vt 0.0619 0.1867 0
vt 0.0604 0.1853 0
vt 0.0629 0.1875 0
vt 0.0643 0.1888 0
vt 0.0667 0.1908 0
vt 0.0633 0.1879 0
vt 0.0692 0.1930 0
vt 0.0707 0.1943 0
vt 0.0680 0.1920 0
vt 0.0670 0.1911 0
vt 0.0731 0.1964 0
vt 0.0755 0.1985 0
vt 0.0780 0.2006 0
vt 0.0744 0.1975 0
vt 0.0795 0.2019 0
vt 0.0817 0.2038 0
vt 0.0783 0.2009 0
vt 0.0835 0.2054 0
vt 0.0844 0.2061 0
vt 0.0819 0.2040 0
vt 0.0868 0.2083 0
vt 0.0883 0.2095 0
vt 0.0854 0.2070 0
vt 0.0886 0.2098 0
vt 0.0907 0.2116 0
vt 0.0927 0.2134 0
vt 0.0891 0.2102 0
vt 0.0938 0.2143 0
vt 0.0956 0.2159 0
vt 0.0932 0.2138 0
vt 0.0971 0.2172 0
vt 0.0989 0.2187 0
vt 0.0964 0.2166 0
vt 0.0995 0.2193 0
vt 0.1020 0.2214 0
vt 0.1038 0.2229 0
vt 0.1001 0.2198 0
vt 0.1059 0.2248 0
vt 0.1074 0.2261 0
vt 0.1045 0.2236 0
vt 0.1041 0.2232 0
vt 0.1092 0.2277 0
vt 0.1108 0.2290 0
vt 0.1083 0.2269 0
vt 0.1133 0.2312 0
vt 0.1111 0.2293 0
vt 0.1144 0.2321 0
vt 0.1171 0.2345 0
vt 0.1147 0.2324 0
vt 0.1196 0.2367 0
vt 0.1221 0.2389 0
vt 0.1185 0.2357 0
vt 0.1234 0.2400 0
vt 0.1247 0.2411 0
vt 0.1284 0.2443 0
vt 0.1259 0.2422 0
vt 0.1309 0.2465 0
vt 0.1322 0.2476 0
vt 0.1298 0.2455 0
vt 0.1295 0.2452 0
vt 0.1350 0.2500 0
vt 0.1368 0.2516 0
vt 0.1347 0.2498 0
vt 0.1332 0.2484 0
vt 0.1398 0.2542 0
vt 0.1372 0.2520 0
vt 0.1410 0.2553 0
vt 0.1435 0.2574 0
vt 0.1405 0.2548 0
vt 0.1461 0.2596 0
vt 0.1479 0.2612 0
vt 0.1453 0.2589 0
vt 0.1442 0.2580 0
vt 0.1498 0.2629 0
vt 0.1504 0.2634 0
vt 0.1486 0.2618 0
vt 0.1523 0.2651 0
vt 0.1549 0.2672 0
vt 0.1515 0.2644 0
vt 0.1556 0.2679 0
vt 0.1574 0.2695 0
vt 0.1552 0.2675 0
vt 0.1611 0.2727 0
vt 0.1586 0.2705 0
vt 0.1637 0.2749 0
vt 0.1659 0.2768 0
vt 0.1626 0.2739 0
vt 0.1674 0.2781 0
vt 0.1699 0.2803 0
vt 0.1663 0.2771 0
vt 0.1710 0.2813 0
vt 0.1725 0.2825 0
vt 0.1751 0.2848 0
vt 0.1762 0.2857 0
vt 0.1736 0.2835 0
vt 0.1788 0.2879 0
vt 0.1809 0.2898 0
vt 0.1773 0.2866 0
vt 0.1839 0.2924 0
vt 0.1813 0.2902 0
vt 0.1865 0.2946 0
vt 0.1850 0.2934 0
vt 0.1846 0.2930 0
vt 0.1876 0.2956 0
vt 0.1901 0.2978 0
vt 0.1920 0.2994 0
vt 0.1883 0.2962 0
vt 0.1938 0.3010 0
vt 0.1956 0.3026 0
vt 0.1928 0.3001 0
vt 0.1968 0.3036 0
vt 0.1990 0.3055 0
vt 0.1964 0.3032 0
vt 0.2016 0.3077 0
vt 0.2019 0.3080 0
vt 0.2052 0.3108 0
vt 0.2026 0.3086 0
vt 0.2078 0.3131 0
vt 0.2104 0.3154 0
vt 0.2067 0.3121 0
vt 0.2122 0.3170 0
vt 0.2114 0.3162 0
vt 0.2166 0.3207 0
vt 0.2140 0.3185 0
vt 0.2174 0.3214 0
vt 0.2192 0.3230 0
vt 0.2201 0.3238 0
vt 0.2177 0.3217 0
vt 0.2228 0.3261 0
vt 0.2254 0.3284 0
vt 0.2213 0.3249 0
vt 0.2281 0.3307 0
vt 0.2289 0.3314 0
vt 0.2316 0.3337 0
vt 0.2342 0.3360 0
vt 0.2328 0.3348 0
vt 0.2324 0.3344 0
vt 0.2377 0.3391 0
vt 0.2397 0.3408 0
vt 0.2369 0.3384 0
vt 0.2360 0.3376 0
vt 0.2404 0.3414 0
vt 0.2430 0.3437 0
vt 0.2457 0.3460 0
vt 0.2465 0.3467 0
vt 0.2492 0.3490 0
vt 0.2483 0.3482 0
vt 0.2471 0.3472 0
vt 0.2519 0.3513 0
vt 0.2534 0.3527 0
vt 0.2508 0.3503 0
vt 0.2553 0.3543 0
vt 0.2580 0.3566 0
vt 0.2546 0.3537 0
vt 0.2586 0.3571 0
vt 0.2607 0.3590 0
vt 0.2634 0.3613 0
vt 0.2641 0.3619 0
vt 0.2618 0.3599 0
vt 0.2668 0.3643 0
vt 0.2695 0.3666 0
vt 0.2654 0.3631 0
vt 0.2722 0.3690 0
vt 0.2740 0.3705 0
vt 0.2756 0.3719 0
vt 0.2729 0.3695 0
vt 0.2783 0.3743 0
vt 0.2765 0.3726 0
vt 0.2792 0.3750 0
vt 0.2817 0.3772 0
vt 0.2844 0.3795 0
vt 0.2811 0.3766 0
vt 0.2801 0.3758 0
vt 0.2871 0.3819 0
vt 0.2899 0.3843 0
vt 0.2905 0.3848 0
vt 0.2895 0.3839 0
vt 0.2932 0.3872 0
vt 0.2912 0.3854 0
vt 0.2946 0.3884 0
vt 0.2960 0.3895 0
vt 0.2988 0.3920 0
vt 0.2948 0.3886 0
vt 0.2998 0.3929 0
vt 0.2993 0.3924 0
vt 0.3020 0.3948 0
vt 0.3048 0.3972 0
vt 0.3081 0.4000 0
vt 0.3059 0.3981 0
vt 0.3076 0.3996 0
vt 0.3108 0.4024 0
vt 0.3136 0.4048 0
vt 0.3095 0.4013 0
vt 0.3152 0.4062 0
vt 0.3164 0.4073 0
vt 0.3168 0.4076 0
vt 0.3196 0.4101 0
vt 0.3224 0.4125 0
vt 0.3206 0.4109 0
vt 0.3256 0.4153 0
vt 0.3285 0.4177 0
vt 0.3253 0.4150 0
vt 0.3242 0.4140 0
vt 0.3313 0.4201 0
vt 0.3341 0.4226 0
vt 0.3373 0.4253 0
vt 0.3353 0.4236 0
vt 0.3401 0.4278 0
vt 0.3430 0.4303 0
vt 0.3389 0.4268 0
vt 0.3461 0.4330 0
vt 0.3489 0.4355 0
vt 0.3518 0.4380 0
vt 0.3500 0.4363 0
vt 0.3549 0.4406 0
vt 0.3564 0.4420 0
vt 0.3536 0.4395 0
vt 0.3578 0.4431 0
vt 0.3607 0.4456 0
vt 0.3637 0.4482 0
vt 0.3666 0.4508 0
vt 0.3647 0.4491 0
vt 0.3695 0.4533 0
vt 0.3725 0.4559 0
vt 0.3683 0.4523 0
vt 0.3754 0.4584 0
vt 0.3770 0.4598 0
vt 0.3784 0.4610 0
vt 0.3813 0.4635 0
vt 0.3794 0.4618 0
vt 0.3843 0.4661 0
vt 0.3872 0.4686 0
vt 0.3830 0.4650 0
vt 0.3901 0.4712 0
vt 0.3931 0.4737 0
vt 0.3961 0.4763 0
vt 0.3977 0.4777 0
vt 0.3989 0.4788 0
vt 0.4019 0.4814 0
vt 0.3977 0.4777 0
vt 0.4049 0.4840 0
vt 0.4078 0.4865 0
vt 0.4108 0.4890 0
vt 0.4138 0.4917 0
vt 0.4124 0.4905 0
vt 0.4166 0.4941 0
vt 0.4196 0.4967 0
vt 0.4226 0.4993 0
vt 0.4254 0.5017 0
vt 0.4284 0.5044 0
vt 0.4315 0.5070 0
vt 0.4271 0.5032 0
vt 0.4342 0.5094 0
vt 0.4373 0.5120 0
vt 0.4389 0.5134 0
vt 0.4404 0.5147 0
vt 0.4430 0.5170 0
vt 0.4461 0.5197 0
vt 0.4418 0.5160 0
vt 0.4492 0.5224 0
vt 0.4519 0.5247 0
vt 0.4550 0.5274 0
vt 0.4581 0.5301 0
vt 0.4565 0.5287 0
vt 0.4595 0.5312 0
vt 0.4607 0.5323 0
vt 0.4638 0.5350 0
vt 0.4670 0.5378 0
vt 0.4695 0.5400 0
vt 0.4727 0.5427 0
vt 0.4758 0.5455 0
vt 0.4712 0.5414 0
vt 0.4784 0.5476 0
vt 0.4815 0.5504 0
vt 0.4822 0.5510 0
vt 0.4847 0.5532 0
vt 0.4872 0.5553 0
vt 0.4904 0.5581 0
vt 0.4936 0.5609 0
vt 0.4960 0.5629 0
vt 0.4992 0.5657 0
vt 0.5025 0.5686 0
vt 0.5049 0.5706 0
vt 0.5006 0.5669 0
vt 0.5081 0.5734 0
vt 0.5114 0.5763 0
vt 0.5137 0.5783 0
vt 0.5153 0.5797 0
vt 0.5170 0.5811 0
vt 0.5203 0.5840 0
vt 0.5225 0.5859 0
vt 0.5258 0.5888 0
vt 0.5292 0.5917 0
vt 0.5263 0.5892 0
vt 0.5314 0.5936 0
vt 0.5347 0.5965 0
vt 0.5381 0.5994 0
vt 0.5402 0.6013 0
vt 0.5436 0.6042 0
vt 0.5419 0.6027 0
vt 0.5470 0.6071 0
vt 0.5491 0.6089 0
vt 0.5447 0.6051 0
vt 0.5525 0.6119 0
vt 0.5559 0.6148 0
vt 0.5579 0.6166 0
vt 0.5614 0.6196 0
vt 0.5631 0.6211 0
vt 0.5648 0.6226 0
vt 0.5668 0.6243 0
vt 0.5702 0.6273 0
vt 0.5737 0.6303 0
vt 0.5757 0.6320 0
vt 0.5791 0.6350 0
vt 0.5826 0.6380 0
vt 0.5845 0.6397 0
vt 0.5880 0.6427 0
vt 0.5916 0.6458 0
vt 0.5934 0.6473 0
vt 0.5969 0.6504 0
vt 0.6005 0.6535 0
vt 0.6023 0.6550 0
vt 0.6059 0.6581 0
vt 0.6095 0.6613 0
vt 0.6112 0.6627 0
vt 0.6148 0.6659 0
vt 0.6184 0.6690 0
vt 0.6200 0.6704 0
vt 0.6237 0.6736 0
vt 0.6243 0.6741 0
vt 0.6274 0.6768 0
vt 0.6326 0.6814 0
vt 0.6364 0.6846 0
vt 0.6378 0.6859 0
vt 0.6416 0.6891 0
vt 0.6453 0.6924 0
vt 0.6468 0.6936 0
vt 0.6505 0.6969 0
vt 0.6543 0.7002 0
vt 0.6557 0.7013 0
vt 0.6595 0.7046 0
vt 0.6633 0.7080 0
vt 0.6646 0.7091 0
vt 0.6685 0.7124 0
vt 0.6724 0.7158 0
vt 0.6735 0.7168 0
vt 0.6774 0.7202 0
vt 0.6814 0.7236 0
vt 0.6825 0.7246 0
vt 0.6864 0.7280 0
vt 0.6904 0.7315 0
vt 0.6955 0.7358 0
vt 0.6995 0.7393 0
vt 0.7004 0.7401 0
vt 0.7045 0.7436 0
vt 0.7086 0.7472 0
vt 0.7135 0.7515 0
vt 0.7177 0.7551 0
vt 0.7184 0.7557 0
vt 0.7226 0.7593 0
vt 0.7268 0.7630 0
vt 0.7316 0.7672 0
vt 0.7359 0.7709 0
vt 0.7365 0.7714 0
vt 0.7407 0.7751 0
vt 0.7451 0.7788 0
vt 0.7499 0.7830 0
vt 0.7500 0.7831 0
vt 0.7505 0.7835 0
vt 0.7542 0.7867 0
vt 1.0000 0.7857 0
vt 1.0000 0.7867 0
vt 0.7543 0.7868 0
vt 0.7578 0.7899 0
vt 1.0000 0.7899 0
vt 0.7590 0.7909 0
vt 0.7615 0.7931 0
vt 1.0000 0.7931 0
vt 0.7635 0.7948 0
vt 0.7652 0.7962 0
vt 0.7682 0.7989 0
vt 1.0000 0.7976 0
vt 0.7689 0.7994 0
vt 1.0000 0.7994 0
vt 0.7725 0.8026 0
vt 1.0000 0.8026 0
vt 0.7727 0.8028 0
vt 0.7762 0.8058 0
vt 1.0000 0.8058 0
vt 0.7774 0.8069 0
vt 0.7799 0.8090 0
vt 1.0000 0.8095 0
vt 0.7820 0.8109 0
vt 0.7836 0.8122 0
vt 1.0000 0.8122 0
vt 0.7867 0.8149 0
vt 0.7872 0.8154 0
vt 1.0000 0.8154 0
vt 0.7909 0.8185 0
vt 1.0000 0.8185 0
vt 0.7914 0.8189 0
vt 0.7946 0.8217 0
vt 1.0000 0.8217 0
vt 0.7960 0.8229 0
vt 0.7983 0.8249 0
vt 1.0000 0.8249 0
vt 0.8008 0.8271 0
vt 0.8019 0.8281 0
vt 1.0000 0.8281 0
vt 0.8053 0.8310 0
vt 0.8056 0.8313 0
vt 0.8093 0.8345 0
vt 1.0000 0.8333 0
vt 1.0000 0.8345 0
vt 0.8102 0.8352 0
vt 0.8130 0.8377 0
vt 1.0000 0.8377 0
vt 0.8147 0.8392 0
vt 0.8166 0.8408 0
vt 1.0000 0.8408 0
vt 0.8197 0.8435 0
vt 0.8203 0.8440 0
vt 0.8240 0.8472 0
vt 1.0000 0.8472 0
vt 1.0000 0.8452 0
vt 0.8241 0.8473 0
vt 0.8277 0.8504 0
vt 1.0000 0.8504 0
vt 0.8292 0.8517 0
vt 0.8313 0.8536 0
vt 1.0000 0.8536 0
vt 0.8337 0.8556 0
vt 0.8350 0.8568 0
vt 1.0000 0.8568 0
vt 0.8387 0.8599 0
vt 1.0000 0.8599 0
vt 0.8388 0.8601 0
vt 0.8424 0.8631 0
vt 1.0000 0.8631 0
vt 0.8432 0.8639 0
vt 0.8460 0.8663 0
vt 1.0000 0.8663 0
vt 0.8485 0.8685 0
vt 1.0000 0.8690 0
vt 0.8497 0.8695 0
vt 1.0000 0.8695 0
vt 0.8529 0.8723 0
vt 0.8534 0.8727 0
vt 1.0000 0.8727 0
vt 0.8570 0.8759 0
vt 1.0000 0.8759 0
vt 0.8583 0.8770 0
vt 0.8607 0.8791 0
vt 1.0000 0.8791 0
vt 0.8627 0.8808 0
vt 1.0000 0.8810 0
vt 0.8644 0.8822 0
vt 1.0000 0.8822 0
vt 0.8681 0.8854 0
vt 1.0000 0.8854 0
vt 0.8683 0.8856 0
vt 0.8718 0.8886 0
vt 1.0000 0.8886 0
vt 0.8726 0.8894 0
vt 0.8754 0.8918 0
vt 1.0000 0.8929 0
vt 0.8783 0.8943 0
vt 0.8791 0.8950 0
vt 1.0000 0.8950 0
vt 0.8827 0.8981 0
vt 0.8828 0.8982 0
vt 1.0000 0.8982 0
vt 0.8864 0.9014 0
vt 1.0000 0.9014 0
vt 0.8886 0.9032 0
vt 0.8901 0.9045 0
vt 1.0000 0.9045 0
vt 0.8929 0.9070 0
vt 0.8938 0.9077 0
vt 1.0000 0.9077 0
vt 0.8975 0.9109 0
vt 1.0000 0.9109 0
vt 0.8990 0.9122 0
vt 0.9011 0.9141 0
vt 1.0000 0.9141 0
vt 0.9034 0.9161 0
vt 1.0000 0.9167 0
vt 0.9048 0.9173 0
vt 1.0000 0.9173 0
vt 0.9096 0.9214 0
vt 1.0000 0.9205 0
vt 0.9122 0.9236 0
vt 1.0000 0.9236 0
vt 0.9142 0.9254 0
vt 0.9158 0.9268 0
vt 0.9206 0.9310 0
vt 1.0000 0.9300 0
vt 1.0000 0.9286 0
vt 0.9253 0.9350 0
vt 1.0000 0.9332 0
vt 0.9269 0.9364 0
vt 0.9319 0.9408 0
vt 1.0000 0.9396 0
vt 1.0000 0.9428 0
vt 1.0000 0.9405 0
vt 0.9368 0.9450 0
vt 1.0000 0.9459 0
vt 0.9438 0.9510 0
vt 1.0000 0.9491 0
vt 0.9489 0.9555 0
vt 1.0000 0.9555 0
vt 1.0000 0.9523 0
vt 0.9562 0.9618 0
vt 1.0000 0.9587 0
vt 0.9618 0.9667 0
vt 1.0000 0.9651 0
vt 1.0000 0.9643 0
vt 0.9696 0.9734 0
vt 1.0000 0.9714 0
vt 0.9710 0.9746 0
vt 1.0000 0.9746 0
vt 1.0000 0.9682 0
vt 1.0000 0.9619 0
vt 1.0000 0.9364 0
vt 1.0000 0.9268 0
vt 1.0000 0.8918 0
vt 1.0000 0.8440 0
vt 1.0000 0.8313 0
vt 1.0000 0.8090 0
vt 1.0000 0.7962 0
vt 1.0000 0.7835 0
vt 0.7274 0.7635 0
vt 0.7094 0.7479 0
vt 0.6914 0.7323 0
vt 0.6289 0.6782 0
vt 0.5000 0.0000 0
vt -3.6765 -0.3076 0
vt -3.9718 -0.3097 0
vt -3.9270 -0.3100 0
vt -9.8251 -0.3096 0
vt -9.7531 -0.3061 0
vt -3.7306 -0.3100 0
vt 2.6877 -0.3100 0
vt -9.4731 -0.3041 0
vt -9.5308 -0.3075 0
vt -9.3159 -0.3060 0
vt -9.2725 -0.3027 0
vt -9.0367 -0.3040 0
vt -9.0064 -0.3008 0
vt -8.8418 -0.3026 0
vt -8.8091 -0.2993 0
vt -8.5751 -0.3007 0
vt -8.3914 -0.2993 0
vt -8.5546 -0.2975 0
vt 4.3687 -0.2980 0
vt -8.3587 -0.2961 0
vt -8.1363 -0.2975 0
vt -8.1142 -0.2944 0
vt -7.9587 -0.2962 0
vt 4.7889 -0.2950 0
vt -7.9206 -0.2930 0
vt -7.7135 -0.2945 0
vt 4.9291 -0.2939 0
vt -7.6850 -0.2913 0
vt 4.7902 -0.2919 0
vt -7.5403 -0.2933 0
vt -7.4929 -0.2899 0
vt 5.2092 -0.2919 0
vt -7.3034 -0.2916 0
vt -7.2656 -0.2883 0
vt 5.2104 -0.2889 0
vt 5.4893 -0.2899 0
vt 5.3506 -0.2879 0
vt 5.4905 -0.2869 0
vt -7.0730 -0.2869 0
vt 5.3493 -0.2909 0
vt -7.1342 -0.2903 0
vt 5.6295 -0.2889 0
vt -6.9043 -0.2887 0
vt -6.8529 -0.2853 0
vt 5.6307 -0.2859 0
vt 5.9096 -0.2869 0
vt 5.7707 -0.2849 0
vt -6.6603 -0.2840 0
vt 5.7695 -0.2879 0
vt -6.7382 -0.2875 0
vt 5.9109 -0.2839 0
vt 6.0497 -0.2859 0
vt -6.5156 -0.2859 0
vt -6.4462 -0.2824 0
vt 6.0509 -0.2829 0
vt 0.0467 -0.2839 0
vt 6.1910 -0.2819 0
vt -6.2546 -0.2810 0
vt 6.1897 -0.2849 0
vt -6.3470 -0.2847 0
vt -6.1302 -0.2832 0
vt 0.1867 -0.2829 0
vt 0.0479 -0.2809 0
vt 0.1879 -0.2799 0
vt -5.9637 -0.2820 0
vt 0.3269 -0.2819 0
vt 0.4304 -0.2782 0
vt 0.3281 -0.2789 0
vt -6.0463 -0.2796 0
vt 0.5306 -0.2804 0
vt 0.6070 -0.2799 0
vt 0.4681 -0.2779 0
vt 0.6082 -0.2769 0
vt 0.4669 -0.2809 0
vt 0.7471 -0.2789 0
vt -5.6501 -0.2767 0
vt 0.7483 -0.2759 0
vt -5.5853 -0.2793 0
vt 1.0273 -0.2769 0
vt 0.8883 -0.2749 0
vt 0.8265 -0.2753 0
vt -5.2584 -0.2739 0
vt 0.8871 -0.2779 0
vt 0.9038 -0.2778 0
vt 1.1673 -0.2759 0
vt 1.0285 -0.2739 0
vt 1.1685 -0.2729 0
vt -5.2108 -0.2766 0
vt -5.0094 -0.2751 0
vt 1.3075 -0.2749 0
vt -4.8713 -0.2711 0
vt 1.3086 -0.2719 0
vt -5.0648 -0.2725 0
vt 1.5876 -0.2729 0
vt 1.4487 -0.2709 0
vt 1.5887 -0.2699 0
vt -4.8414 -0.2739 0
vt 1.4475 -0.2739 0
vt 1.7277 -0.2719 0
vt -4.6755 -0.2697 0
vt -4.4862 -0.2684 0
vt 1.7289 -0.2689 0
vt -4.6446 -0.2725 0
vt 1.8677 -0.2709 0
vt -4.2806 -0.2699 0
vt 1.8689 -0.2679 0
vt -4.2911 -0.2670 0
vt -4.4737 -0.2713 0
vt 2.1479 -0.2689 0
vt 2.0090 -0.2669 0
vt 2.1490 -0.2659 0
vt 2.0079 -0.2699 0
vt 2.2892 -0.2649 0
vt -4.1054 -0.2657 0
vt 2.2880 -0.2679 0
vt -4.1106 -0.2687 0
vt 2.4292 -0.2639 0
vt -3.7482 -0.2661 0
vt 2.5681 -0.2659 0
vt -3.9077 -0.2642 0
vt 2.4281 -0.2669 0
vt -3.9217 -0.2673 0
vt 2.5693 -0.2628 0
vt 2.7083 -0.2649 0
vt -3.5625 -0.2648 0
vt -3.5286 -0.2615 0
vt 2.7094 -0.2618 0
vt -3.7260 -0.2629 0
vt 2.9885 -0.2628 0
vt -3.3499 -0.2602 0
vt 2.8494 -0.2608 0
vt -3.3270 -0.2601 0
vt 2.8483 -0.2639 0
vt -3.3898 -0.2635 0
vt 2.9896 -0.2598 0
vt -3.2078 -0.2622 0
vt 3.1285 -0.2618 0
vt -3.1506 -0.2588 0
vt 3.1296 -0.2588 0
vt 3.2697 -0.2578 0
vt 3.2686 -0.2608 0
vt 3.4087 -0.2598 0
vt -2.9754 -0.2576 0
vt -2.9489 -0.2574 0
vt -3.0315 -0.2610 0
vt 3.5487 -0.2588 0
vt -2.7756 -0.2561 0
vt 3.4098 -0.2568 0
vt -2.8525 -0.2597 0
vt -2.5008 -0.2572 0
vt 3.6900 -0.2548 0
vt -2.6033 -0.2549 0
vt -2.5725 -0.2547 0
vt 3.5498 -0.2558 0
vt -2.6766 -0.2584 0
vt 3.6889 -0.2578 0
vt 3.8289 -0.2568 0
vt -2.3219 -0.2559 0
vt 3.8300 -0.2538 0
vt -2.4022 -0.2535 0
vt -2.2328 -0.2522 0
vt 4.1091 -0.2548 0
vt -2.1488 -0.2546 0
vt 4.1102 -0.2518 0
vt -2.1982 -0.2520 0
vt 3.9701 -0.2528 0
vt 3.9690 -0.2558 0
vt -1.9696 -0.2534 0
vt -2.0307 -0.2508 0
vt 4.2502 -0.2508 0
vt 4.2491 -0.2538 0
vt -1.7993 -0.2521 0
vt 4.5293 -0.2518 0
vt -1.8258 -0.2493 0
vt 4.4092 -0.2497 0
vt 4.3904 -0.2498 0
vt -1.8640 -0.2496 0
vt 4.3893 -0.2528 0
vt -1.6609 -0.2481 0
vt -1.6178 -0.2508 0
vt 4.6695 -0.2508 0
vt -1.4968 -0.2470 0
vt 4.8281 -0.2497 0
vt -1.4501 -0.2496 0
vt 4.8095 -0.2498 0
vt -1.2924 -0.2455 0
vt -1.2676 -0.2483 0
vt -1.1024 -0.2471 0
vt -1.4547 -0.2467 0
vt -0.9390 -0.2460 0
vt -1.0857 -0.2440 0
vt -0.9257 -0.2429 0
vt -0.9183 -0.2458 0
vt -0.7554 -0.2447 0
vt -0.5948 -0.2435 0
vt -0.7174 -0.2414 0
vt -0.5598 -0.2403 0
vt -0.5698 -0.2433 0
vt -0.4091 -0.2422 0
vt -0.3511 -0.2388 0
vt -0.2505 -0.2410 0
vt -0.2226 -0.2408 0
vt -0.4028 -0.2391 0
vt 0.0923 -0.2386 0
vt 0.0147 -0.2361 0
vt -0.0406 -0.2365 0
vt -0.1956 -0.2377 0
vt -0.0641 -0.2397 0
vt 0.1246 -0.2384 0
vt 0.3208 -0.2340 0
vt 0.1679 -0.2350 0
vt 0.2811 -0.2372 0
vt 0.4354 -0.2361 0
vt 0.3787 -0.2335 0
vt 0.5300 -0.2325 0
vt 0.4700 -0.2359 0
vt 0.6810 -0.2314 0
vt 0.6244 -0.2348 0
vt 0.7770 -0.2337 0
vt 0.7422 -0.2309 0
vt 0.8915 -0.2299 0
vt 0.8159 -0.2334 0
vt 0.9685 -0.2323 0
vt 1.0406 -0.2288 0
vt 1.1189 -0.2312 0
vt 1.1044 -0.2283 0
vt 1.2518 -0.2273 0
vt 1.1604 -0.2309 0
vt 1.3110 -0.2299 0
vt 1.3991 -0.2262 0
vt 1.4658 -0.2258 0
vt 1.4600 -0.2288 0
vt 1.5048 -0.2285 0
vt 1.6114 -0.2247 0
vt 1.7570 -0.2237 0
vt 1.6537 -0.2274 0
vt 1.8263 -0.2232 0
vt 1.8486 -0.2260 0
vt 1.9958 -0.2250 0
vt 1.8007 -0.2264 0
vt 1.9702 -0.2221 0
vt 2.1412 -0.2239 0
vt 2.1859 -0.2206 0
vt 2.1141 -0.2211 0
vt 2.1916 -0.2236 0
vt 2.3372 -0.2225 0
vt 2.4704 -0.2186 0
vt 2.4809 -0.2215 0
vt 2.5348 -0.2211 0
vt 2.3281 -0.2196 0
vt 2.5450 -0.2180 0
vt 2.6788 -0.2201 0
vt 2.8263 -0.2160 0
vt 2.8210 -0.2190 0
vt 2.8767 -0.2186 0
vt 2.6856 -0.2170 0
vt 2.9029 -0.2155 0
vt 3.0191 -0.2176 0
vt 3.0420 -0.2145 0
vt 3.2192 -0.2162 0
vt 3.3379 -0.2153 0
vt 3.2608 -0.2129 0
vt 3.1813 -0.2135 0
vt 3.1600 -0.2166 0
vt 3.5361 -0.2109 0
vt 3.4302 -0.2117 0
vt 3.4993 -0.2142 0
vt 3.3984 -0.2119 0
vt 3.3601 -0.2152 0
vt 3.5607 -0.2137 0
vt 3.7002 -0.2127 0
vt 3.6171 -0.2103 0
vt 3.7534 -0.2094 0
vt 3.8898 -0.2084 0
vt 3.8381 -0.2118 0
vt 4.1087 -0.2068 0
vt 3.9740 -0.2078 0
vt 4.0402 -0.2103 0
vt 3.9021 -0.2113 0
vt 4.3802 -0.2079 0
vt 4.3290 -0.2052 0
vt 4.2436 -0.2059 0
vt 4.1305 -0.2067 0
vt 4.1767 -0.2093 0
vt 4.2434 -0.2089 0
vt 4.4625 -0.2043 0
vt 4.7192 -0.2055 0
vt 4.6848 -0.2027 0
vt 4.5962 -0.2033 0
vt 4.5153 -0.2069 0
vt 4.5838 -0.2064 0
vt 4.9087 -0.2011 0
vt 4.8168 -0.2018 0
vt 4.8532 -0.2045 0
vt 4.9247 -0.2040 0
vt 5.0589 -0.2030 0
vt 4.9710 -0.2006 0
vt 5.1698 -0.1992 0
vt 5.0388 -0.2002 0
vt 4.9492 -0.2008 0
vt 5.1914 -0.2021 0
vt 5.2648 -0.2015 0
vt 5.3935 -0.1976 0
vt 5.3977 -0.2006 0
vt 5.5291 -0.1997 0
vt 5.3011 -0.1983 0
vt 5.6530 -0.1958 0
vt 5.5231 -0.1967 0
vt 5.6050 -0.1991 0
vt 5.8669 -0.1972 0
vt 5.8115 -0.1946 0
vt 5.7469 -0.1951 0
vt 5.8754 -0.1942 0
vt 5.6706 -0.1986 0
vt 5.7367 -0.1982 0
vt 6.0042 -0.1932 0
vt 5.9450 -0.1967 0
vt 6.0755 -0.1957 0
vt 6.1004 -0.1926 0
vt 6.2045 -0.1948 0
vt 6.2276 -0.1916 0
vt 6.4532 -0.1900 0
vt 6.3552 -0.1907 0
vt 6.4138 -0.1933 0
vt 0.0878 -0.1936 0
vt 6.2844 -0.1942 0
vt 6.5418 -0.1924 0
vt 6.6242 -0.1918 0
vt 6.5793 -0.1891 0
vt 6.7058 -0.1882 0
vt 0.1964 -0.1928 0
vt 0.2287 -0.1896 0
vt 6.7525 -0.1909 0
vt 6.8792 -0.1900 0
vt 6.8055 -0.1875 0
vt 7.0559 -0.1857 0
vt 6.9305 -0.1866 0
vt 6.9632 -0.1894 0
vt 7.3025 -0.1869 0
vt 7.2817 -0.1841 0
vt 0.9290 -0.1846 0
vt 7.0904 -0.1885 0
vt 7.2162 -0.1876 0
vt 7.1577 -0.1850 0
vt 0.7882 -0.1886 0
vt 7.4060 -0.1832 0
vt 7.4286 -0.1860 0
vt 1.2084 -0.1856 0
vt 7.6319 -0.1816 0
vt 7.5090 -0.1825 0
vt 7.5533 -0.1852 0
vt 7.7667 -0.1836 0
vt 7.8903 -0.1827 0
vt 7.8607 -0.1800 0
vt 7.6415 -0.1845 0
vt 7.7553 -0.1807 0
vt 7.9802 -0.1821 0
vt 7.9826 -0.1791 0
vt 8.2271 -0.1803 0
vt 8.2112 -0.1774 0
vt 8.1049 -0.1782 0
vt 1.7696 -0.1786 0
vt 1.7688 -0.1816 0
vt 8.1043 -0.1812 0
vt 8.3322 -0.1766 0
vt 8.3191 -0.1797 0
vt 8.4423 -0.1788 0
vt 8.5639 -0.1779 0
vt 8.6574 -0.1772 0
vt 2.3298 -0.1746 0
vt 8.5623 -0.1749 0
vt 8.4537 -0.1757 0
vt 2.4700 -0.1736 0
vt 2.4692 -0.1766 0
vt 8.7796 -0.1764 0
vt 8.6822 -0.1741 0
vt 8.9124 -0.1724 0
vt 8.9004 -0.1755 0
vt 8.9961 -0.1748 0
vt 8.8026 -0.1732 0
vt 9.1510 -0.1707 0
vt 2.8894 -0.1736 0
vt 9.2371 -0.1731 0
vt 9.1173 -0.1740 0
vt 9.0315 -0.1716 0
vt 9.3344 -0.1724 0
vt 9.4547 -0.1715 0
vt 9.3807 -0.1691 0
vt 3.0302 -0.1695 0
vt 9.2626 -0.1699 0
vt 2.9452 -0.1702 0
vt 9.4993 -0.1682 0
vt 9.5737 -0.1707 0
vt 9.6124 -0.1674 0
vt 9.7296 -0.1666 0
vt 3.4498 -0.1695 0
vt 9.7919 -0.1691 0
vt 9.6725 -0.1700 0
vt 3.3379 -0.1703 0
vt 9.9617 -0.1649 0
vt 9.8473 -0.1657 0
vt 9.9101 -0.1683 0
vt 10.0108 -0.1676 0
vt 3.7307 -0.1645 0
vt 10.2466 -0.1659 0
vt 10.1949 -0.1632 0
vt 3.8707 -0.1635 0
vt 10.1294 -0.1667 0
vt 10.0781 -0.1641 0
vt 10.3112 -0.1624 0
vt 10.3486 -0.1651 0
vt 4.1233 -0.1647 0
vt 4.0101 -0.1655 0
vt 10.5426 -0.1607 0
vt 10.4266 -0.1616 0
vt 10.4663 -0.1643 0
vt 10.5827 -0.1635 0
vt 10.6597 -0.1599 0
vt 10.8035 -0.1619 0
vt 10.7744 -0.1591 0
vt 4.4311 -0.1595 0
vt 10.6867 -0.1627 0
vt 11.0089 -0.1574 0
vt 10.8896 -0.1583 0
vt 10.9191 -0.1610 0
vt 4.5711 -0.1585 0
vt 4.5704 -0.1615 0
vt 11.2370 -0.1558 0
vt 11.1227 -0.1566 0
vt 11.1406 -0.1595 0
vt 11.0246 -0.1603 0
vt 11.3570 -0.1549 0
vt 11.3622 -0.1579 0
vt 5.1308 -0.1575 0
vt 4.9913 -0.1555 0
vt 11.2553 -0.1586 0
vt 11.4774 -0.1570 0
vt 11.5914 -0.1562 0
vt 5.2715 -0.1535 0
vt 11.5837 -0.1533 0
vt 11.4701 -0.1541 0
vt 5.1315 -0.1545 0
vt 11.7001 -0.1555 0
vt 11.8145 -0.1546 0
vt 5.4978 -0.1519 0
vt 11.7055 -0.1524 0
vt 5.6911 -0.1535 0
vt 5.6917 -0.1505 0
vt 11.9305 -0.1508 0
vt 11.9277 -0.1538 0
vt 11.8178 -0.1516 0
vt 12.1511 -0.1522 0
vt 5.8319 -0.1495 0
vt 12.0535 -0.1499 0
vt 12.1650 -0.1491 0
vt 5.6941 -0.1535 0
vt 12.0374 -0.1530 0
vt 12.3751 -0.1506 0
vt 6.0868 -0.1477 0
vt 12.2901 -0.1482 0
vt 12.2636 -0.1514 0
vt 12.2770 -0.1483 0
vt 5.9718 -0.1485 0
vt 6.2514 -0.1495 0
vt 12.5997 -0.1490 0
vt 6.2520 -0.1465 0
vt 12.5120 -0.1466 0
vt 12.4880 -0.1498 0
vt 12.4013 -0.1474 0
vt 12.7491 -0.1449 0
vt 0.1090 -0.1455 0
vt 12.7126 -0.1482 0
vt 0.1083 -0.1485 0
vt 12.6387 -0.1457 0
vt 12.6233 -0.1458 0
vt 12.9358 -0.1466 0
vt 0.3891 -0.1435 0
vt 12.8591 -0.1442 0
vt 12.8248 -0.1474 0
vt 0.1964 -0.1478 0
vt 0.2490 -0.1445 0
vt 13.1613 -0.1450 0
vt 0.5890 -0.1420 0
vt 13.0962 -0.1425 0
vt 12.9864 -0.1432 0
vt 13.0499 -0.1458 0
vt 0.5286 -0.1455 0
vt 12.9696 -0.1434 0
vt 13.3874 -0.1434 0
vt 13.3349 -0.1407 0
vt 13.3153 -0.1409 0
vt 13.2716 -0.1442 0
vt 0.6686 -0.1445 0
vt 13.2055 -0.1417 0
vt 0.6692 -0.1415 0
vt 0.9817 -0.1422 0
vt 13.5523 -0.1392 0
vt 0.9494 -0.1395 0
vt 13.4982 -0.1426 0
vt 13.4438 -0.1400 0
vt 0.8094 -0.1405 0
vt 1.0889 -0.1415 0
vt 13.7245 -0.1410 0
vt 13.6821 -0.1383 0
vt 1.1781 -0.1378 0
vt 13.6614 -0.1384 0
vt 1.0895 -0.1384 0
vt 13.6077 -0.1418 0
vt 13.8346 -0.1402 0
vt 13.9434 -0.1394 0
vt 13.8984 -0.1367 0
vt 1.3696 -0.1364 0
vt 1.2290 -0.1404 0
vt 1.2296 -0.1374 0
vt 13.7905 -0.1375 0
vt 14.1712 -0.1378 0
vt 14.1377 -0.1350 0
vt 1.5098 -0.1354 0
vt 14.0619 -0.1385 0
vt 14.0069 -0.1359 0
vt 14.0302 -0.1358 0
vt 14.3526 -0.1335 0
vt 14.2448 -0.1342 0
vt 14.2794 -0.1370 0
vt 1.6492 -0.1374 0
vt 1.6498 -0.1344 0
vt 14.3991 -0.1361 0
vt 14.5078 -0.1353 0
vt 14.4842 -0.1325 0
vt 1.9300 -0.1324 0
vt 14.3773 -0.1333 0
vt 1.7899 -0.1334 0
vt 1.7894 -0.1364 0
vt 14.7228 -0.1338 0
vt 14.6979 -0.1310 0
vt 2.0700 -0.1314 0
vt 14.6153 -0.1346 0
vt 14.7246 -0.1308 0
vt 14.5908 -0.1318 0
vt 14.8308 -0.1300 0
vt 14.8441 -0.1329 0
vt 2.3496 -0.1324 0
vt 2.2102 -0.1304 0
vt 14.7361 -0.1337 0
vt 2.2096 -0.1334 0
vt 15.0718 -0.1283 0
vt 15.0734 -0.1313 0
vt 2.5525 -0.1310 0
vt 2.5525 -0.1280 0
vt 15.0577 -0.1314 0
vt 2.4903 -0.1284 0
vt 2.4768 -0.1285 0
vt 14.9367 -0.1293 0
vt 14.9510 -0.1322 0
vt 2.3502 -0.1294 0
vt 2.7162 -0.1268 0
vt 21.5702 -0.1298 0
vt 2.7699 -0.1294 0
vt 2.6303 -0.1274 0
vt 21.4639 -0.1305 0
vt 8.8941 -0.1276 0
vt 2.9100 -0.1284 0
vt 2.9105 -0.1254 0
vt 15.4182 -0.1258 0
vt 15.4103 -0.1289 0
vt 15.3930 -0.1290 0
vt 15.3883 -0.1260 0
vt 2.7705 -0.1264 0
vt 3.1416 -0.1267 0
vt 3.1416 -0.1237 0
vt 15.6279 -0.1243 0
vt 15.6226 -0.1274 0
vt 3.0506 -0.1244 0
vt 15.5232 -0.1251 0
vt 15.5170 -0.1281 0
vt 3.3302 -0.1254 0
vt 3.3307 -0.1224 0
vt 3.3032 -0.1226 0
vt 15.8534 -0.1257 0
vt 15.7654 -0.1233 0
vt 15.7473 -0.1265 0
vt 3.1907 -0.1234 0
vt 3.1667 -0.1236 0
vt 15.7281 -0.1266 0
vt 16.0782 -0.1211 0
vt 16.0843 -0.1241 0
vt 3.5343 -0.1239 0
vt 3.4709 -0.1214 0
vt 16.0632 -0.1242 0
vt 3.4704 -0.1244 0
vt 15.9736 -0.1218 0
vt 15.9585 -0.1250 0
vt 3.3379 -0.1253 0
vt 16.2152 -0.1201 0
vt 16.1899 -0.1233 0
vt 16.2943 -0.1226 0
vt 3.7510 -0.1194 0
vt 3.6109 -0.1204 0
vt 16.1114 -0.1209 0
vt 3.9270 -0.1211 0
vt 3.9270 -0.1181 0
vt 16.4583 -0.1184 0
vt 16.4227 -0.1186 0
vt 16.4211 -0.1216 0
vt 3.8906 -0.1214 0
vt 16.3985 -0.1218 0
vt 16.3187 -0.1194 0
vt 16.6641 -0.1169 0
vt 4.0311 -0.1174 0
vt 16.6298 -0.1201 0
vt 4.0306 -0.1204 0
vt 16.5260 -0.1209 0
vt 16.5613 -0.1176 0
vt 16.7582 -0.1192 0
vt 16.8625 -0.1185 0
vt 16.8043 -0.1159 0
vt 4.3113 -0.1154 0
vt 16.7674 -0.1162 0
vt 4.1713 -0.1164 0
vt 4.1233 -0.1197 0
vt 16.7334 -0.1194 0
vt 4.4514 -0.1144 0
vt 4.4509 -0.1174 0
vt 17.0686 -0.1170 0
vt 4.5160 -0.1139 0
vt 17.0091 -0.1144 0
vt 16.9068 -0.1152 0
vt 16.9657 -0.1177 0
vt 17.2523 -0.1127 0
vt 4.5915 -0.1134 0
vt 17.1986 -0.1161 0
vt 4.7124 -0.1155 0
vt 4.7124 -0.1125 0
vt 4.5910 -0.1164 0
vt 17.1505 -0.1134 0
vt 17.1119 -0.1137 0
vt 17.0949 -0.1168 0
vt 4.9087 -0.1141 0
vt 17.4562 -0.1112 0
vt 4.8717 -0.1114 0
vt 17.4966 -0.1109 0
vt 4.7876 -0.1120 0
vt 17.4038 -0.1146 0
vt 17.4318 -0.1144 0
vt 17.3013 -0.1153 0
vt 4.7315 -0.1124 0
vt 17.5978 -0.1102 0
vt 17.6371 -0.1129 0
vt 5.1051 -0.1127 0
vt 5.0112 -0.1134 0
vt 5.0116 -0.1104 0
vt 17.5349 -0.1137 0
vt 17.8713 -0.1113 0
vt 17.8420 -0.1085 0
vt 17.8006 -0.1088 0
vt 5.2918 -0.1084 0
vt 5.1518 -0.1094 0
vt 17.7388 -0.1122 0
vt 17.7686 -0.1120 0
vt 5.1514 -0.1124 0
vt 17.6989 -0.1095 0
vt 5.4315 -0.1103 0
vt 18.0741 -0.1098 0
vt 18.0433 -0.1070 0
vt 5.4319 -0.1073 0
vt 17.9428 -0.1077 0
vt 17.9728 -0.1105 0
vt 18.1881 -0.1060 0
vt 18.2072 -0.1088 0
vt 5.6941 -0.1085 0
vt 18.1445 -0.1063 0
vt 5.5716 -0.1093 0
vt 18.1052 -0.1096 0
vt 5.5720 -0.1063 0
vt 18.4090 -0.1074 0
vt 18.4421 -0.1072 0
vt 5.8522 -0.1043 0
vt 5.8905 -0.1041 0
vt 18.3882 -0.1046 0
vt 18.2882 -0.1053 0
vt 18.3082 -0.1081 0
vt 5.7116 -0.1083 0
vt 5.7120 -0.1053 0
vt 18.6441 -0.1057 0
vt 18.6330 -0.1028 0
vt 5.9922 -0.1033 0
vt 18.5436 -0.1064 0
vt 18.4887 -0.1038 0
vt 18.5332 -0.1035 0
vt 0.0000 -0.1042 0
vt 6.2724 -0.1013 0
vt -0.0170 -0.1014 0
vt 18.7325 -0.1021 0
vt 18.7787 -0.1048 0
vt 6.2720 -0.1043 0
vt 18.7442 -0.1050 0
vt 6.1324 -0.1023 0
vt 6.1319 -0.1053 0
vt 0.1285 -0.1003 0
vt 31.5460 -0.1033 0
vt 0.1964 -0.1028 0
vt 12.5959 -0.1010 0
vt 31.4461 -0.1040 0
vt 19.1154 -0.1023 0
vt 19.2158 -0.1016 0
vt 0.3269 -0.0989 0
vt 31.7906 -0.0986 0
vt 19.0770 -0.0996 0
vt 19.0794 -0.1026 0
vt 0.1964 -0.0998 0
vt 0.2694 -0.0993 0
vt 31.9808 -0.1002 0
vt 0.5890 -0.1000 0
vt 31.9876 -0.0972 0
vt 0.5496 -0.0973 0
vt 0.4733 -0.0979 0
vt 31.8817 -0.1009 0
vt 0.4094 -0.0983 0
vt 0.4090 -0.1013 0
vt 0.7854 -0.0986 0
vt 0.7854 -0.0956 0
vt 0.7198 -0.0961 0
vt 32.1185 -0.0992 0
vt 13.2371 -0.0964 0
vt 32.0185 -0.0999 0
vt 0.6896 -0.0963 0
vt 0.9698 -0.0943 0
vt 19.7653 -0.0947 0
vt 19.7886 -0.0975 0
vt 19.7496 -0.0978 0
vt 0.8297 -0.0953 0
vt 0.8293 -0.0983 0
vt 19.6674 -0.0954 0
vt 19.6510 -0.0985 0
vt 20.0121 -0.0929 0
vt 1.1098 -0.0933 0
vt 19.9863 -0.0961 0
vt 1.1094 -0.0963 0
vt 19.9147 -0.0936 0
vt 19.8879 -0.0968 0
vt 19.8638 -0.0940 0
vt 0.9694 -0.0973 0
vt 20.2075 -0.0915 0
vt 20.1095 -0.0922 0
vt 20.1254 -0.0951 0
vt 1.2496 -0.0953 0
vt 1.2500 -0.0923 0
vt 20.0845 -0.0954 0
vt 1.1781 -0.0958 0
vt 1.5301 -0.0903 0
vt 1.5298 -0.0933 0
vt 20.4197 -0.0930 0
vt 20.3563 -0.0905 0
vt 20.3222 -0.0937 0
vt 20.2593 -0.0912 0
vt 1.3896 -0.0943 0
vt 1.3900 -0.0913 0
vt 20.2243 -0.0944 0
vt 20.5603 -0.0920 0
vt 1.7671 -0.0916 0
vt 20.6045 -0.0887 0
vt 20.5508 -0.0891 0
vt 1.6701 -0.0893 0
vt 1.6698 -0.0923 0
vt 20.4533 -0.0898 0
vt 20.4619 -0.0927 0
vt 1.5708 -0.0900 0
vt 20.7973 -0.0873 0
vt 1.8514 -0.0880 0
vt 20.7549 -0.0906 0
vt 20.7985 -0.0903 0
vt 20.6577 -0.0913 0
vt 1.8103 -0.0883 0
vt 20.9489 -0.0862 0
vt 2.0900 -0.0893 0
vt 20.9933 -0.0889 0
vt 2.1598 -0.0858 0
vt 20.8943 -0.0866 0
vt 20.8963 -0.0896 0
vt 2.0904 -0.0863 0
vt 1.9635 -0.0902 0
vt 2.3562 -0.0874 0
vt 2.3562 -0.0844 0
vt 21.1410 -0.0848 0
vt 2.2305 -0.0853 0
vt 21.0899 -0.0882 0
vt 21.1351 -0.0879 0
vt 21.0450 -0.0855 0
vt 2.5525 -0.0860 0
vt 21.3893 -0.0831 0
vt 2.5107 -0.0833 0
vt 21.2938 -0.0837 0
vt 21.3290 -0.0865 0
vt 2.5103 -0.0863 0
vt 21.2326 -0.0872 0
vt 21.2375 -0.0841 0
vt 2.3705 -0.0843 0
vt 2.3701 -0.0873 0
vt 2.7489 -0.0846 0
vt 2.7489 -0.0816 0
vt 21.5808 -0.0817 0
vt 2.6507 -0.0823 0
vt 2.6504 -0.0853 0
vt 21.5684 -0.0848 0
vt 21.4847 -0.0824 0
vt 21.4251 -0.0858 0
vt 21.4715 -0.0855 0
vt 2.9309 -0.0803 0
vt 21.7334 -0.0806 0
vt 21.7601 -0.0834 0
vt 2.9306 -0.0833 0
vt 21.6383 -0.0813 0
vt 21.6644 -0.0841 0
vt 2.7904 -0.0843 0
vt 3.1416 -0.0817 0
vt 21.9826 -0.0788 0
vt 21.9240 -0.0792 0
vt 3.0706 -0.0823 0
vt 3.0709 -0.0793 0
vt 21.9046 -0.0824 0
vt 21.8284 -0.0799 0
vt 21.8081 -0.0831 0
vt 3.3379 -0.0803 0
vt 3.3379 -0.0773 0
vt 22.1717 -0.0775 0
vt 22.0772 -0.0781 0
vt 22.0953 -0.0810 0
vt 22.1446 -0.0807 0
vt 3.2108 -0.0813 0
vt 3.2111 -0.0783 0
vt 22.0001 -0.0817 0
vt 3.5343 -0.0789 0
vt 3.5343 -0.0759 0
vt 3.4912 -0.0762 0
vt 22.3357 -0.0793 0
vt 3.4777 -0.0763 0
vt 22.2669 -0.0768 0
vt 3.3511 -0.0773 0
vt 3.3507 -0.0803 0
vt 22.2406 -0.0800 0
vt 35.1429 -0.0776 0
vt 3.7306 -0.0745 0
vt 22.5154 -0.0750 0
vt 22.4810 -0.0782 0
vt 22.4213 -0.0757 0
vt 22.4305 -0.0786 0
vt 3.6313 -0.0752 0
vt 35.3319 -0.0762 0
vt 3.9270 -0.0761 0
vt 22.7649 -0.0732 0
vt 3.9115 -0.0732 0
vt 22.6711 -0.0739 0
vt 35.2376 -0.0769 0
vt 3.7713 -0.0742 0
vt 3.7710 -0.0772 0
vt 3.7605 -0.0743 0
vt 22.9127 -0.0752 0
vt 4.1233 -0.0747 0
vt 22.9528 -0.0719 0
vt 4.1233 -0.0717 0
vt 4.0515 -0.0722 0
vt 4.0511 -0.0752 0
vt 22.8585 -0.0725 0
vt 22.8176 -0.0758 0
vt 23.1088 -0.0707 0
vt 23.1007 -0.0738 0
vt 23.1539 -0.0734 0
vt 4.3197 -0.0703 0
vt 4.1916 -0.0712 0
vt 4.1913 -0.0742 0
vt 23.0156 -0.0714 0
vt 23.0069 -0.0745 0
vt 23.3595 -0.0690 0
vt 4.4717 -0.0692 0
vt 23.3423 -0.0721 0
vt 4.4714 -0.0722 0
vt 23.2957 -0.0694 0
vt 23.2020 -0.0701 0
vt 23.2486 -0.0727 0
vt 4.3313 -0.0732 0
vt 4.3316 -0.0702 0
vt 4.3197 -0.0733 0
vt 23.5451 -0.0676 0
vt 4.6118 -0.0682 0
vt 23.4905 -0.0710 0
vt 4.7124 -0.0705 0
vt 4.7124 -0.0675 0
vt 4.6115 -0.0712 0
vt 23.4523 -0.0683 0
vt 23.4358 -0.0714 0
vt 4.5160 -0.0719 0
vt 4.9087 -0.0691 0
vt 4.9087 -0.0661 0
vt 4.8920 -0.0662 0
vt 4.8917 -0.0692 0
vt 23.7035 -0.0665 0
vt 23.6780 -0.0697 0
vt 4.7516 -0.0702 0
vt 23.6385 -0.0670 0
vt 4.7518 -0.0672 0
vt 23.5847 -0.0703 0
vt 5.1051 -0.0647 0
vt 23.8882 -0.0652 0
vt 23.9207 -0.0679 0
vt 5.0317 -0.0682 0
vt 5.0320 -0.0652 0
vt 23.7959 -0.0658 0
vt 23.8269 -0.0686 0
vt 23.7710 -0.0690 0
vt 5.3014 -0.0663 0
vt 5.3014 -0.0633 0
vt 5.2899 -0.0634 0
vt 24.0475 -0.0640 0
vt 5.1719 -0.0672 0
vt 24.1062 -0.0666 0
vt 5.1051 -0.0677 0
vt 24.0136 -0.0673 0
vt 23.9811 -0.0645 0
vt 5.1722 -0.0642 0
vt 5.4520 -0.0652 0
vt 24.3490 -0.0649 0
vt 24.3239 -0.0620 0
vt 5.4978 -0.0619 0
vt 5.4523 -0.0622 0
vt 24.2314 -0.0627 0
vt 24.2565 -0.0655 0
vt 24.1632 -0.0662 0
vt 5.3122 -0.0632 0
vt 5.6941 -0.0605 0
vt 24.4826 -0.0609 0
vt 24.4997 -0.0638 0
vt 24.4412 -0.0642 0
vt 5.5924 -0.0612 0
vt 24.3910 -0.0616 0
vt 5.8905 -0.0621 0
vt 24.7351 -0.0591 0
vt 5.8726 -0.0592 0
vt 24.6662 -0.0596 0
vt 24.6847 -0.0625 0
vt 5.8723 -0.0622 0
vt 24.5927 -0.0631 0
vt 5.7321 -0.0632 0
vt 5.7324 -0.0602 0
vt 24.5741 -0.0603 0
vt 5.6941 -0.0635 0
vt 24.9172 -0.0578 0
vt 24.9285 -0.0607 0
vt 6.0868 -0.0607 0
vt 6.0126 -0.0582 0
vt 6.0123 -0.0612 0
vt 24.8262 -0.0584 0
vt 24.8360 -0.0614 0
vt 24.7765 -0.0618 0
vt 0.0000 -0.0562 0
vt 6.2289 -0.0566 0
vt 25.1116 -0.0594 0
vt 25.0202 -0.0601 0
vt 25.0089 -0.0571 0
vt 6.1527 -0.0572 0
vt 6.0868 -0.0577 0
vt 6.1525 -0.0602 0
vt 0.1496 -0.0552 0
vt 0.1494 -0.0582 0
vt 0.1964 -0.0578 0
vt 25.2600 -0.0553 0
vt 25.2646 -0.0583 0
vt 25.1692 -0.0560 0
vt 25.1724 -0.0590 0
vt 0.0096 -0.0562 0
vt 0.0093 -0.0592 0
vt 6.2832 -0.0593 0
vt 0.3927 -0.0564 0
vt 0.3927 -0.0534 0
vt 0.3798 -0.0535 0
vt 0.2895 -0.0542 0
vt 38.0131 -0.0570 0
vt 38.0752 -0.0566 0
vt 0.2896 -0.0572 0
vt 0.2185 -0.0547 0
vt 37.9222 -0.0577 0
vt 0.1964 -0.0548 0
vt 0.5699 -0.0522 0
vt 0.5697 -0.0552 0
vt 0.5890 -0.0550 0
vt 0.5890 -0.0520 0
vt 25.6937 -0.0522 0
vt 25.6914 -0.0552 0
vt 25.6028 -0.0529 0
vt 25.6006 -0.0559 0
vt 0.4298 -0.0532 0
vt 0.4295 -0.0562 0
vt 0.7854 -0.0536 0
vt 0.7854 -0.0506 0
vt 25.8556 -0.0511 0
vt 25.8451 -0.0541 0
vt 0.7100 -0.0512 0
vt 25.7657 -0.0517 0
vt 25.7820 -0.0546 0
vt 0.7097 -0.0542 0
vt 26.1171 -0.0522 0
vt 26.1090 -0.0493 0
vt 26.0360 -0.0498 0
vt 0.9817 -0.0492 0
vt 0.8500 -0.0502 0
vt 0.8498 -0.0532 0
vt 26.0269 -0.0528 0
vt 25.9455 -0.0504 0
vt 25.9364 -0.0535 0
vt 26.2725 -0.0511 0
vt 1.1781 -0.0508 0
vt 1.1553 -0.0480 0
vt 1.1781 -0.0478 0
vt 1.1302 -0.0482 0
vt 1.1299 -0.0512 0
vt 26.1985 -0.0486 0
vt 26.1816 -0.0517 0
vt 0.9902 -0.0492 0
vt 0.9899 -0.0522 0
vt 26.4499 -0.0468 0
vt 26.4523 -0.0498 0
vt 1.3744 -0.0494 0
vt 1.2703 -0.0472 0
vt 1.2701 -0.0502 0
vt 26.3781 -0.0473 0
vt 26.3626 -0.0504 0
vt 1.5708 -0.0450 0
vt 1.5505 -0.0451 0
vt 26.6981 -0.0480 0
vt 1.5503 -0.0481 0
vt 26.6281 -0.0455 0
vt 26.6084 -0.0487 0
vt 1.4103 -0.0461 0
vt 1.4101 -0.0492 0
vt 26.5389 -0.0462 0
vt 1.3744 -0.0464 0
vt 26.5178 -0.0493 0
vt 26.8999 -0.0449 0
vt 1.6876 -0.0449 0
vt 26.8542 -0.0469 0
vt 26.7875 -0.0474 0
vt 1.6903 -0.0471 0
vt 1.5850 -0.0449 0
vt 1.5708 -0.0480 0
vt 1.8277 -0.0449 0
vt 1.8304 -0.0461 0
vt 27.0334 -0.0456 0
vt 1.7671 -0.0466 0
vt 26.9441 -0.0463 0
vt 1.9679 -0.0449 0
vt 1.9705 -0.0451 0
vt 27.1225 -0.0450 0
vt 27.0962 -0.0449 0
vt 2.0037 -0.0449 0
vt -0.7663 -0.2417 0
vt -1.1308 -0.2443 0
vt 2.2688 -0.3100 0
vt 1.0000 0.0000 0
vt 0.5000 0.0000 0
vt 0.5000 0.0032 0
vt 1.0000 0.0032 0
vt 0.5000 0.0064 0
vt 0.5000 0.0096 0
vt 1.0000 0.0096 0
vt 1.0000 0.0064 0
vt 1.0000 0.0096 0
vt 0.5000 0.0127 0
vt 1.0000 0.0127 0
vt 0.5000 0.0159 0
vt 1.0000 0.0159 0
vt 0.5000 0.0191 0
vt 0.5000 0.0223 0
vt 1.0000 0.0223 0
vt 1.0000 0.0191 0
vt 0.5000 0.0255 0
vt 0.5000 0.0287 0
vt 1.0000 0.0287 0
vt 1.0000 0.0255 0
vt 0.5000 0.0319 0
vt 1.0000 0.0319 0
vt 0.5000 0.0351 0
vt 1.0000 0.0351 0
vt 0.5000 0.0382 0
vt 0.5000 0.0414 0
vt 1.0000 0.0414 0
vt 1.0000 0.0382 0
vt 0.5000 0.0446 0
vt 1.0000 0.0446 0
vt 0.5000 0.0478 0
vt 1.0000 0.0478 0
vt 0.5000 0.0510 0
vt 0.5000 0.0542 0
vt 1.0000 0.0542 0
vt 1.0000 0.0510 0
vt 0.5000 0.0574 0
vt 0.5000 0.0605 0
vt 1.0000 0.0605 0
vt 1.0000 0.0574 0
vt 0.5000 0.0637 0
vt 1.0000 0.0637 0
vt 0.5000 0.0669 0
vt 0.5000 0.0701 0
vt 1.0000 0.0701 0
vt 1.0000 0.0669 0
vt 0.5000 0.0733 0
vt 0.5000 0.0765 0
vt 1.0000 0.0765 0
vt 1.0000 0.0733 0
vt 0.5000 0.0797 0
vt 1.0000 0.0797 0
vt 0.5000 0.0828 0
vt 0.5000 0.0860 0
vt 1.0000 0.0860 0
vt 1.0000 0.0828 0
vt 0.5000 0.0892 0
vt 1.0000 0.0892 0
vt 0.5000 0.0924 0
vt 1.0000 0.0924 0
vt 0.5000 0.0956 0
vt 1.0000 0.0956 0
vt 0.5000 0.0988 0
vt 1.0000 0.0988 0
vt 0.5000 0.1020 0
vt 0.5000 0.1052 0
vt 1.0000 0.1052 0
vt 1.0000 0.1020 0
vt 0.5000 0.1083 0
vt 0.5000 0.1115 0
vt 1.0000 0.1115 0
vt 1.0000 0.1083 0
vt 0.5000 0.1147 0
vt 0.5000 0.1179 0
vt 1.0000 0.1179 0
vt 1.0000 0.1147 0
vt 0.5000 0.1211 0
vt 0.5000 0.1243 0
vt 1.0000 0.1242 0
vt 1.0000 0.1211 0
vt 1.0000 0.1243 0
vt 0.5000 0.1275 0
vt 1.0000 0.1274 0
vt 1.0000 0.1275 0
vt 0.5000 0.1306 0
vt 1.0000 0.1306 0
vt 1.0000 0.1306 0
vt 0.0000 0.0000 0
vt 0.0000 0.0032 0
vt 0.0000 0.0064 0
vt 0.0000 0.0096 0
vt 0.0000 0.0127 0
vt 0.0000 0.0159 0
vt 0.0000 0.0191 0
vt 0.0000 0.0223 0
vt 0.0000 0.0255 0
vt 0.0000 0.0287 0
vt 0.0000 0.0318 0
vt 0.0000 0.0350 0
vt 0.0000 0.0382 0
vt 0.0000 0.0414 0
vt 0.0000 0.0446 0
vt 0.0000 0.0478 0
vt 0.0000 0.0510 0
vt 0.0000 0.0541 0
vt 0.0000 0.0573 0
vt 0.0000 0.0605 0
vt 0.0000 0.0637 0
vt 0.0000 0.0669 0
vt 0.0000 0.0701 0
vt 0.0000 0.0733 0
vt 0.0000 0.0764 0
vt 0.0000 0.0796 0
vt 0.0000 0.0828 0
vt 0.0000 0.0860 0
vt 0.0000 0.0892 0
vt 0.0000 0.0924 0
vt 0.0000 0.0955 0
vt 0.0000 0.0987 0
vt 0.0000 0.1019 0
vt 0.0000 0.1051 0
vt 0.0000 0.1083 0
vt 0.0000 0.1115 0
vt 0.0000 0.1147 0
vt 0.0000 0.1178 0
vt 0.0000 0.1179 0
vt 0.0000 0.1210 0
vt 0.0000 0.1211 0
vt 0.0000 0.1242 0
vt 0.0000 0.1243 0
vt 0.0000 0.1274 0
vt 0.0000 0.1275 0
vt 0.0000 0.1306 0
vt 0.0000 0.1306 0
vt 0.0000 0.1338 0
vt 0.5000 0.1338 0
vt 0.0000 0.1338 0
vt 0.0000 0.1370 0
vt 0.5000 0.1370 0
vt 0.0000 0.1401 0
vt 0.2449 0.1402 0
vt 0.4352 0.1384 0
vt 0.0000 0.1370 0
vt 0.5793 0.1370 0
vt 0.9039 0.1339 0
vt 1.0000 0.1330 0
vt 0.9144 0.1338 0
vt 0.0000 0.1425 0
vt 0.0000 0.0000 0
vt 0.0000 -0.0015 0
vt 0.0309 -0.0015 0
vt 0.0464 0.0015 0
vt 0.0000 0.0015 0
vt 0.0618 0.0015 0
vt 0.0464 -0.0015 0
vt 0.0618 -0.0015 0
f 1272/1272/1272 1269/1269/1269 1273/1273/1273
f 1275/1275/1275 1274/1274/1274 1271/1271/1271
f 1277/1277/1277 1274/1274/1274 1276/1276/1276
f 1277/1277/1277 1278/1278/1278 1279/1279/1279
f 1281/1281/1281 1280/1280/1280 1278/1278/1278
f 1283/1283/1283 1280/1280/1280 1282/1282/1282
f 1283/1283/1283 1284/1284/1284 1285/1285/1285
f 1287/1287/1287 1284/1284/1284 1286/1286/1286
f 1284/1284/1284 1287/1287/1287 1288/1288/1288
f 1290/1290/1290 1289/1289/1289 1288/1288/1288
f 1292/1292/1292 1289/1289/1289 1291/1291/1291
f 1294/1294/1294 1293/1293/1293 1292/1292/1292
f 1296/1296/1296 1295/1295/1295 1294/1294/1294
f 1295/1295/1295 1296/1296/1296 1297/1297/1297
f 1299/1299/1299 1297/1297/1297 1298/1298/1298
f 1299/1299/1299 1300/1300/1300 1301/1301/1301
f 1303/1303/1303 1300/1300/1300 1302/1302/1302
f 1306/1306/1306 1304/1304/1304 1305/1305/1305
f 1306/1306/1306 1305/1305/1305 1303/1303/1303
f 1308/1308/1308 1307/1307/1307 1304/1304/1304
f 1310/1310/1310 1307/1307/1307 1309/1309/1309
f 1310/1310/1310 1311/1311/1311 1312/1312/1312
f 1314/1314/1314 1311/1311/1311 1313/1313/1313
f 1314/1314/1314 1315/1315/1315 1316/1316/1316
f 1318/1318/1318 1315/1315/1315 1317/1317/1317
f 1320/1320/1320 1319/1319/1319 1318/1318/1318
f 1319/1319/1319 1320/1320/1320 1321/1321/1321
f 1323/1323/1323 1322/1322/1322 1321/1321/1321
f 1325/1325/1325 1322/1322/1322 1324/1324/1324
f 1325/1325/1325 1326/1326/1326 1327/1327/1327
f 1329/1329/1329 1326/1326/1326 1328/1328/1328
f 1326/1326/1326 1329/1329/1329 1330/1330/1330
f 1332/1332/1332 1331/1331/1331 1330/1330/1330
f 1334/1334/1334 1331/1331/1331 1333/1333/1333
f 1336/1336/1336 1335/1335/1335 1334/1334/1334
f 1339/1339/1339 1337/1337/1337 1338/1338/1338
f 1339/1339/1339 1338/1338/1338 1336/1336/1336
f 1341/1341/1341 1337/1337/1337 1340/1340/1340
f 1341/1341/1341 1342/1342/1342 1343/1343/1343
f 1345/1345/1345 1342/1342/1342 1344/1344/1344
f 1345/1345/1345 1346/1346/1346 1347/1347/1347
f 1349/1349/1349 1348/1348/1348 1346/1346/1346
f 1351/1351/1351 1348/1348/1348 1350/1350/1350
f 1353/1353/1353 1352/1352/1352 1351/1351/1351
f 1352/1352/1352 1353/1353/1353 1354/1354/1354
f 1356/1356/1356 1354/1354/1354 1355/1355/1355
f 1356/1356/1356 1357/1357/1357 1358/1358/1358
f 1360/1360/1360 1357/1357/1357 1359/1359/1359
f 1363/1363/1363 1361/1361/1361 1362/1362/1362
f 1363/1363/1363 1362/1362/1362 1360/1360/1360
f 1365/1365/1365 1364/1364/1364 1361/1361/1361
f 1367/1367/1367 1364/1364/1364 1366/1366/1366
f 1367/1367/1367 1368/1368/1368 1369/1369/1369
f 1371/1371/1371 1370/1370/1370 1368/1368/1368
f 1371/1371/1371 1368/1368/1368 1372/1372/1372
f 1374/1374/1374 1373/1373/1373 1370/1370/1370
f 1376/1376/1376 1373/1373/1373 1375/1375/1375
f 1378/1378/1378 1377/1377/1377 1376/1376/1376
f 1378/1378/1378 1379/1379/1379 1380/1380/1380
f 1382/1382/1382 1379/1379/1379 1381/1381/1381
f 1382/1382/1382 1383/1383/1383 1384/1384/1384
f 1386/1386/1386 1383/1383/1383 1385/1385/1385
f 1383/1383/1383 1386/1386/1386 1387/1387/1387
f 1389/1389/1389 1388/1388/1388 1387/1387/1387
f 1392/1392/1392 1390/1390/1390 1391/1391/1391
f 1395/1395/1395 1393/1393/1393 1394/1394/1394
f 1397/1397/1397 1393/1393/1393 1396/1396/1396
f 1396/1396/1396 1398/1398/1398 1399/1399/1399
f 1401/1401/1401 1398/1398/1398 1400/1400/1400
f 1404/1404/1404 1402/1402/1402 1403/1403/1403
f 1402/1402/1402 1404/1404/1404 1400/1400/1400
f 1407/1407/1407 1405/1405/1405 1406/1406/1406
f 1409/1409/1409 1405/1405/1405 1408/1408/1408
f 1411/1411/1411 1408/1408/1408 1410/1410/1410
f 1414/1414/1414 1412/1412/1412 1413/1413/1413
f 1413/1413/1413 1412/1412/1412 1415/1415/1415
f 1417/1417/1417 1412/1412/1412 1416/1416/1416
f 1420/1420/1420 1418/1418/1418 1419/1419/1419
f 1423/1423/1423 1421/1421/1421 1422/1422/1422
f 1421/1421/1421 1423/1423/1423 1418/1418/1418
f 1421/1421/1421 1424/1424/1424 1422/1422/1422
f 1424/1424/1424 1425/1425/1425 1426/1426/1426
f 1425/1425/1425 1427/1427/1427 1426/1426/1426
f 1430/1430/1430 1428/1428/1428 1429/1429/1429
f 1428/1428/1428 1430/1430/1430 1431/1431/1431
f 1428/1428/1428 1431/1431/1431 1432/1432/1432
f 1432/1432/1432 1433/1433/1433 1428/1428/1428
f 1435/1435/1435 1434/1434/1434 1433/1433/1433
f 1434/1434/1434 1435/1435/1435 1436/1436/1436
f 1438/1438/1438 1437/1437/1437 1434/1434/1434
f 1437/1437/1437 1438/1438/1438 1439/1439/1439
f 1441/1441/1441 1440/1440/1440 1437/1437/1437
f 1440/1440/1440 1441/1441/1441 1442/1442/1442
f 1444/1444/1444 1443/1443/1443 1440/1440/1440
f 1446/1446/1446 1445/1445/1445 1443/1443/1443
f 1445/1445/1445 1446/1446/1446 1447/1447/1447
f 1449/1449/1449 1448/1448/1448 1445/1445/1445
f 1451/1451/1451 1450/1450/1450 1448/1448/1448
f 1450/1450/1450 1451/1451/1451 1452/1452/1452
f 1452/1452/1452 1453/1453/1453 1450/1450/1450
f 1455/1455/1455 1454/1454/1454 1453/1453/1453
f 1454/1454/1454 1455/1455/1455 1456/1456/1456
f 1458/1458/1458 1457/1457/1457 1454/1454/1454
f 1457/1457/1457 1458/1458/1458 1459/1459/1459
f 1462/1462/1462 1460/1460/1460 1461/1461/1461
f 1460/1460/1460 1462/1462/1462 1463/1463/1463
f 1460/1460/1460 1464/1464/1464 1461/1461/1461
f 1464/1464/1464 1460/1460/1460 1465/1465/1465
f 1467/1467/1467 1466/1466/1466 1464/1464/1464
f 1466/1466/1466 1467/1467/1467 1468/1468/1468
f 1470/1470/1470 1469/1469/1469 1466/1466/1466
f 1469/1469/1469 1470/1470/1470 1471/1471/1471
f 1474/1474/1474 1472/1472/1472 1473/1473/1473
f 1472/1472/1472 1474/1474/1474 1475/1475/1475
f 1472/1472/1472 1476/1476/1476 1473/1473/1473
f 1476/1476/1476 1472/1472/1472 1477/1477/1477
f 1479/1479/1479 1478/1478/1478 1476/1476/1476
f 1478/1478/1478 1479/1479/1479 1480/1480/1480
f 1482/1482/1482 1481/1481/1481 1478/1478/1478
f 1484/1484/1484 1483/1483/1483 1481/1481/1481
f 1483/1483/1483 1484/1484/1484 1485/1485/1485
f 1487/1487/1487 1486/1486/1486 1483/1483/1483
f 1486/1486/1486 1487/1487/1487 1488/1488/1488
f 1490/1490/1490 1489/1489/1489 1486/1486/1486
f 1489/1489/1489 1490/1490/1490 1491/1491/1491
f 1494/1494/1494 1492/1492/1492 1493/1493/1493
f 1494/1494/1494 1493/1493/1493 1495/1495/1495
f 1493/1493/1493 1496/1496/1496 1495/1495/1495
f 1496/1496/1496 1493/1493/1493 1497/1497/1497
f 1499/1499/1499 1498/1498/1498 1496/1496/1496
f 1498/1498/1498 1499/1499/1499 1500/1500/1500
f 1502/1502/1502 1501/1501/1501 1498/1498/1498
f 1501/1501/1501 1502/1502/1502 1503/1503/1503
f 1506/1506/1506 1504/1504/1504 1505/1505/1505
f 1504/1504/1504 1506/1506/1506 1507/1507/1507
f 1504/1504/1504 1508/1508/1508 1505/1505/1505
f 1508/1508/1508 1504/1504/1504 1509/1509/1509
f 1511/1511/1511 1510/1510/1510 1508/1508/1508
f 1510/1510/1510 1511/1511/1511 1512/1512/1512
f 1510/1510/1510 1512/1512/1512 1513/1513/1513
f 1516/1516/1516 1514/1514/1514 1515/1515/1515
f 1515/1515/1515 1517/1517/1517 1516/1516/1516
f 1517/1517/1517 1518/1518/1518 1519/1519/1519
f 1518/1518/1518 1517/1517/1517 1520/1520/1520
f 1523/1523/1523 1521/1521/1521 1522/1522/1522
f 1518/1518/1518 1521/1521/1521 1519/1519/1519
f 1521/1521/1521 1518/1518/1518 1522/1522/1522
f 1525/1525/1525 1524/1524/1524 1521/1521/1521
f 1524/1524/1524 1525/1525/1525 1526/1526/1526
f 1524/1524/1524 1527/1527/1527 1528/1528/1528
f 1527/1527/1527 1524/1524/1524 1529/1529/1529
f 1531/1531/1531 1530/1530/1530 1528/1528/1528
f 1530/1530/1530 1531/1531/1531 1532/1532/1532
f 1534/1534/1534 1533/1533/1533 1530/1530/1530
f 1533/1533/1533 1534/1534/1534 1535/1535/1535
f 1537/1537/1537 1536/1536/1536 1533/1533/1533
f 1536/1536/1536 1537/1537/1537 1538/1538/1538
f 1536/1536/1536 1538/1538/1538 1539/1539/1539
f 1542/1542/1542 1540/1540/1540 1541/1541/1541
f 1542/1542/1542 1541/1541/1541 1543/1543/1543
f 1541/1541/1541 1544/1544/1544 1543/1543/1543
f 1544/1544/1544 1541/1541/1541 1545/1545/1545
f 1547/1547/1547 1546/1546/1546 1544/1544/1544
f 1546/1546/1546 1547/1547/1547 1548/1548/1548
f 1549/1549/1549 1388/1388/1388 1548/1548/1548
f 1388/1388/1388 1550/1550/1550 1387/1387/1387
f 1387/1387/1387 1551/1551/1551 1383/1383/1383
f 1551/1551/1551 1387/1387/1387 1550/1550/1550
f 1384/1384/1384 1552/1552/1552 1553/1553/1553
f 1379/1379/1379 1553/1553/1553 1554/1554/1554
f 1554/1554/1554 1380/1380/1380 1379/1379/1379
f 1380/1380/1380 1555/1555/1555 1377/1377/1377
f 1377/1377/1377 1556/1556/1556 1373/1373/1373
f 1370/1370/1370 1557/1557/1557 1558/1558/1558
f 1557/1557/1557 1373/1373/1373 1556/1556/1556
f 1368/1368/1368 1559/1559/1559 1369/1369/1369
f 1559/1559/1559 1368/1368/1368 1558/1558/1558
f 1364/1364/1364 1560/1560/1560 1561/1561/1561
f 1361/1361/1361 1561/1561/1561 1562/1562/1562
f 1562/1562/1562 1362/1362/1362 1361/1361/1361
f 1362/1362/1362 1563/1563/1563 1357/1357/1357
f 1357/1357/1357 1564/1564/1564 1358/1358/1358
f 1354/1354/1354 1565/1565/1565 1566/1566/1566
f 1565/1565/1565 1358/1358/1358 1564/1564/1564
f 1352/1352/1352 1566/1566/1566 1567/1567/1567
f 1567/1567/1567 1348/1348/1348 1352/1352/1352
f 1348/1348/1348 1568/1568/1568 1346/1346/1346
f 1346/1346/1346 1569/1569/1569 1347/1347/1347
f 1342/1342/1342 1570/1570/1570 1571/1571/1571
f 1570/1570/1570 1347/1347/1347 1569/1569/1569
f 1343/1343/1343 1571/1571/1571 1572/1572/1572
f 1572/1572/1572 1337/1337/1337 1343/1343/1343
f 1337/1337/1337 1573/1573/1573 1338/1338/1338
f 1335/1335/1335 1573/1573/1573 1574/1574/1574
f 1575/1575/1575 1335/1335/1335 1574/1574/1574
f 1331/1331/1331 1576/1576/1576 1330/1330/1330
f 1330/1330/1330 1577/1577/1577 1326/1326/1326
f 1577/1577/1577 1330/1330/1330 1576/1576/1576
f 1327/1327/1327 1578/1578/1578 1579/1579/1579
f 1322/1322/1322 1579/1579/1579 1580/1580/1580
f 1580/1580/1580 1321/1321/1321 1322/1322/1322
f 1321/1321/1321 1581/1581/1581 1319/1319/1319
f 1319/1319/1319 1582/1582/1582 1315/1315/1315
f 1582/1582/1582 1319/1319/1319 1581/1581/1581
f 1316/1316/1316 1583/1583/1583 1584/1584/1584
f 1311/1311/1311 1584/1584/1584 1585/1585/1585
f 1585/1585/1585 1312/1312/1312 1311/1311/1311
f 1312/1312/1312 1586/1586/1586 1307/1307/1307
f 1586/1586/1586 1312/1312/1312 1587/1587/1587
f 1307/1307/1307 1588/1588/1588 1304/1304/1304
f 1588/1588/1588 1307/1307/1307 1589/1589/1589
f 1305/1305/1305 1590/1590/1590 1591/1591/1591
f 1300/1300/1300 1591/1591/1591 1592/1592/1592
f 1592/1592/1592 1301/1301/1301 1300/1300/1300
f 1301/1301/1301 1593/1593/1593 1297/1297/1297
f 1593/1593/1593 1301/1301/1301 1594/1594/1594
f 1297/1297/1297 1595/1595/1595 1295/1295/1295
f 1595/1595/1595 1297/1297/1297 1596/1596/1596
f 1293/1293/1293 1597/1597/1597 1598/1598/1598
f 1289/1289/1289 1598/1598/1598 1599/1599/1599
f 1599/1599/1599 1288/1288/1288 1289/1289/1289
f 1288/1288/1288 1600/1600/1600 1284/1284/1284
f 1284/1284/1284 1601/1601/1601 1285/1285/1285
f 1601/1601/1601 1284/1284/1284 1600/1600/1600
f 1285/1285/1285 1601/1601/1601 1602/1602/1602
f 1285/1285/1285 1603/1603/1603 1280/1280/1280
f 1603/1603/1603 1285/1285/1285 1604/1604/1604
f 1278/1278/1278 1605/1605/1605 1606/1606/1606
f 1606/1606/1606 1279/1279/1279 1278/1278/1278
f 1279/1279/1279 1607/1607/1607 1274/1274/1274
f 1274/1274/1274 1608/1608/1608 1271/1271/1271
f 1271/1271/1271 1609/1609/1609 1269/1269/1269
f 1609/1609/1609 1271/1271/1271 1608/1608/1608
f 1269/1269/1269 1610/1610/1610 1270/1270/1270
f 1610/1610/1610 1269/1269/1269 1611/1611/1611
f 1265/1265/1265 1612/1612/1612 1613/1613/1613
f 1264/1264/1264 1613/1613/1613 1614/1614/1614
f 1264/1264/1264 1615/1615/1615 1262/1262/1262
f 1262/1262/1262 1616/1616/1616 1258/1258/1258
f 1616/1616/1616 1262/1262/1262 1615/1615/1615
f 1258/1258/1258 1617/1617/1617 1259/1259/1259
f 1617/1617/1617 1258/1258/1258 1618/1618/1618
f 1255/1255/1255 1619/1619/1619 1620/1620/1620
f 1253/1253/1253 1620/1620/1620 1621/1621/1621
f 1253/1253/1253 1622/1622/1622 1251/1251/1251
f 1251/1251/1251 1623/1623/1623 1247/1247/1247
f 1623/1623/1623 1251/1251/1251 1622/1622/1622
f 1247/1247/1247 1624/1624/1624 1248/1248/1248
f 1624/1624/1624 1247/1247/1247 1625/1625/1625
f 1243/1243/1243 1626/1626/1626 1627/1627/1627
f 1244/1244/1244 1627/1627/1627 1628/1628/1628
f 1244/1244/1244 1629/1629/1629 1238/1238/1238
f 1238/1238/1238 1630/1630/1630 1236/1236/1236
f 1236/1236/1236 1631/1631/1631 1237/1237/1237
f 1631/1631/1631 1236/1236/1236 1630/1630/1630
f 1237/1237/1237 1632/1632/1632 1232/1232/1232
f 1632/1632/1632 1237/1237/1237 1633/1633/1633
f 1231/1231/1231 1634/1634/1634 1635/1635/1635
f 1231/1231/1231 1636/1636/1636 1227/1227/1227
f 1227/1227/1227 1637/1637/1637 1228/1228/1228
f 1637/1637/1637 1227/1227/1227 1636/1636/1636
f 1228/1228/1228 1638/1638/1638 1225/1225/1225
f 1638/1638/1638 1228/1228/1228 1639/1639/1639
f 1225/1225/1225 1640/1640/1640 1221/1221/1221
f 1640/1640/1640 1225/1225/1225 1641/1641/1641
f 1222/1222/1222 1642/1642/1642 1643/1643/1643
f 1222/1222/1222 1644/1644/1644 1217/1217/1217
f 1217/1217/1217 1645/1645/1645 1214/1214/1214
f 1645/1645/1645 1217/1217/1217 1644/1644/1644
f 1214/1214/1214 1645/1645/1645 1646/1646/1646
f 1214/1214/1214 1647/1647/1647 1212/1212/1212
f 1647/1647/1647 1214/1214/1214 1648/1648/1648
f 1213/1213/1213 1649/1649/1649 1650/1650/1650
f 1210/1210/1210 1650/1650/1650 1651/1651/1651
f 1210/1210/1210 1652/1652/1652 1205/1205/1205
f 1205/1205/1205 1653/1653/1653 1206/1206/1206
f 1653/1653/1653 1205/1205/1205 1652/1652/1652
f 1206/1206/1206 1654/1654/1654 1201/1201/1201
f 1654/1654/1654 1206/1206/1206 1655/1655/1655
f 1202/1202/1202 1656/1656/1656 1657/1657/1657
f 1656/1656/1656 1201/1201/1201 1658/1658/1658
f 1198/1198/1198 1657/1657/1657 1659/1659/1659
f 1198/1198/1198 1660/1660/1660 1194/1194/1194
f 1194/1194/1194 1661/1661/1661 1195/1195/1195
f 1661/1661/1661 1194/1194/1194 1660/1660/1660
f 1195/1195/1195 1662/1662/1662 1190/1190/1190
f 1662/1662/1662 1195/1195/1195 1663/1663/1663
f 1191/1191/1191 1664/1664/1664 1665/1665/1665
f 1664/1664/1664 1190/1190/1190 1666/1666/1666
f 1186/1186/1186 1665/1665/1665 1667/1667/1667
f 1186/1186/1186 1668/1668/1668 1187/1187/1187
f 1668/1668/1668 1186/1186/1186 1667/1667/1667
f 1187/1187/1187 1669/1669/1669 1181/1181/1181
f 1669/1669/1669 1187/1187/1187 1670/1670/1670
f 1181/1181/1181 1671/1671/1671 1179/1179/1179
f 1671/1671/1671 1181/1181/1181 1672/1672/1672
f 1180/1180/1180 1673/1673/1673 1674/1674/1674
f 1673/1673/1673 1179/1179/1179 1675/1675/1675
f 1180/1180/1180 1676/1676/1676 1175/1175/1175
f 1676/1676/1676 1180/1180/1180 1674/1674/1674
f 1175/1175/1175 1677/1677/1677 1174/1174/1174
f 1677/1677/1677 1175/1175/1175 1678/1678/1678
f 1174/1174/1174 1679/1679/1679 1170/1170/1170
f 1679/1679/1679 1174/1174/1174 1680/1680/1680
f 1170/1170/1170 1681/1681/1681 1168/1168/1168
f 1681/1681/1681 1170/1170/1170 1682/1682/1682
f 1684/1684/1684 1169/1169/1169 1683/1683/1683
f 1683/1683/1683 1169/1169/1169 1685/1685/1685
f 1168/1168/1168 1685/1685/1685 1169/1169/1169
f 1685/1685/1685 1168/1168/1168 1686/1686/1686
f 1169/1169/1169 1687/1687/1687 1165/1165/1165
f 1687/1687/1687 1169/1169/1169 1688/1688/1688
f 1165/1165/1165 1689/1689/1689 1163/1163/1163
f 1689/1689/1689 1165/1165/1165 1690/1690/1690
f 1163/1163/1163 1689/1689/1689 1691/1691/1691
f 1163/1163/1163 1692/1692/1692 1159/1159/1159
f 1692/1692/1692 1163/1163/1163 1693/1693/1693
f 1159/1159/1159 1694/1694/1694 1160/1160/1160
f 1694/1694/1694 1159/1159/1159 1695/1695/1695
f 1155/1155/1155 1696/1696/1696 1697/1697/1697
f 1696/1696/1696 1160/1160/1160 1698/1698/1698
f 1698/1698/1698 1160/1160/1160 1699/1699/1699
f 1155/1155/1155 1700/1700/1700 1153/1153/1153
f 1700/1700/1700 1155/1155/1155 1697/1697/1697
f 1153/1153/1153 1700/1700/1700 1701/1701/1701
f 1153/1153/1153 1702/1702/1702 1154/1154/1154
f 1702/1702/1702 1153/1153/1153 1703/1703/1703
f 1154/1154/1154 1702/1702/1702 1704/1704/1704
f 1154/1154/1154 1705/1705/1705 1148/1148/1148
f 1705/1705/1705 1154/1154/1154 1706/1706/1706
f 1149/1149/1149 1707/1707/1707 1708/1708/1708
f 1707/1707/1707 1148/1148/1148 1709/1709/1709
f 1710/1710/1710 1144/1144/1144 1149/1149/1149
f 1144/1144/1144 1710/1710/1710 1711/1711/1711
f 1710/1710/1710 1149/1149/1149 1712/1712/1712
f 1144/1144/1144 1711/1711/1711 1713/1713/1713
f 1712/1712/1712 1149/1149/1149 1708/1708/1708
f 1144/1144/1144 1714/1714/1714 1145/1145/1145
f 1714/1714/1714 1144/1144/1144 1715/1715/1715
f 1145/1145/1145 1716/1716/1716 1141/1141/1141
f 1716/1716/1716 1145/1145/1145 1717/1717/1717
f 1141/1141/1141 1716/1716/1716 1718/1718/1718
f 1141/1141/1141 1719/1719/1719 1137/1137/1137
f 1719/1719/1719 1141/1141/1141 1720/1720/1720
f 1138/1138/1138 1721/1721/1721 1722/1722/1722
f 1721/1721/1721 1137/1137/1137 1723/1723/1723
f 1721/1721/1721 1138/1138/1138 1137/1137/1137
f 1133/1133/1133 1724/1724/1724 1725/1725/1725
f 1724/1724/1724 1138/1138/1138 1726/1726/1726
f 1724/1724/1724 1133/1133/1133 1138/1138/1138
f 1133/1133/1133 1727/1727/1727 1132/1132/1132
f 1727/1727/1727 1133/1133/1133 1728/1728/1728
f 1132/1132/1132 1729/1729/1729 1128/1128/1128
f 1729/1729/1729 1132/1132/1132 1730/1730/1730
f 1128/1128/1128 1729/1729/1729 1731/1731/1731
f 1128/1128/1128 1732/1732/1732 1126/1126/1126
f 1732/1732/1732 1128/1128/1128 1733/1733/1733
f 1127/1127/1127 1734/1734/1734 1735/1735/1735
f 1734/1734/1734 1126/1126/1126 1736/1736/1736
f 1734/1734/1734 1127/1127/1127 1126/1126/1126
f 1127/1127/1127 1737/1737/1737 1122/1122/1122
f 1737/1737/1737 1127/1127/1127 1738/1738/1738
f 1122/1122/1122 1737/1737/1737 1739/1739/1739
f 1738/1738/1738 1127/1127/1127 1740/1740/1740
f 1122/1122/1122 1741/1741/1741 1123/1123/1123
f 1741/1741/1741 1122/1122/1122 1742/1742/1742
f 1744/1744/1744 1118/1118/1118 1743/1743/1743
f 1123/1123/1123 1743/1743/1743 1118/1118/1118
f 1743/1743/1743 1123/1123/1123 1745/1745/1745
f 1118/1118/1118 1746/1746/1746 1115/1115/1115
f 1746/1746/1746 1118/1118/1118 1747/1747/1747
f 1115/1115/1115 1748/1748/1748 1113/1113/1113
f 1748/1748/1748 1115/1115/1115 1749/1749/1749
f 1749/1749/1749 1115/1115/1115 1750/1750/1750
f 1113/1113/1113 1748/1748/1748 1751/1751/1751
f 1113/1113/1113 1752/1752/1752 1111/1111/1111
f 1752/1752/1752 1113/1113/1113 1753/1753/1753
f 1753/1753/1753 1113/1113/1113 1754/1754/1754
f 1111/1111/1111 1755/1755/1755 1112/1112/1112
f 1755/1755/1755 1111/1111/1111 1756/1756/1756
f 1758/1758/1758 1108/1108/1108 1757/1757/1757
f 1112/1112/1112 1757/1757/1757 1108/1108/1108
f 1757/1757/1757 1112/1112/1112 1759/1759/1759
f 1106/1106/1106 1760/1760/1760 1761/1761/1761
f 1760/1760/1760 1108/1108/1108 1762/1762/1762
f 1106/1106/1106 1763/1763/1763 1102/1102/1102
f 1763/1763/1763 1106/1106/1106 1764/1764/1764
f 1764/1764/1764 1106/1106/1106 1761/1761/1761
f 1766/1766/1766 1103/1103/1103 1765/1765/1765
f 1102/1102/1102 1765/1765/1765 1103/1103/1103
f 1765/1765/1765 1102/1102/1102 1767/1767/1767
f 1103/1103/1103 1768/1768/1768 1099/1099/1099
f 1768/1768/1768 1103/1103/1103 1769/1769/1769
f 1771/1771/1771 1095/1095/1095 1770/1770/1770
f 1099/1099/1099 1770/1770/1770 1095/1095/1095
f 1770/1770/1770 1099/1099/1099 1772/1772/1772
f 1096/1096/1096 1773/1773/1773 1774/1774/1774
f 1773/1773/1773 1095/1095/1095 1775/1775/1775
f 1773/1773/1773 1096/1096/1096 1095/1095/1095
f 1096/1096/1096 1776/1776/1776 1091/1091/1091
f 1776/1776/1776 1096/1096/1096 1777/1777/1777
f 1091/1091/1091 1776/1776/1776 1778/1778/1778
f 1091/1091/1091 1778/1778/1778 1779/1779/1779
f 1091/1091/1091 1780/1780/1780 1092/1092/1092
f 1780/1780/1780 1091/1091/1091 1781/1781/1781
f 1092/1092/1092 1780/1780/1780 1782/1782/1782
f 1092/1092/1092 1783/1783/1783 1087/1087/1087
f 1783/1783/1783 1092/1092/1092 1784/1784/1784
f 1087/1087/1087 1785/1785/1785 1085/1085/1085
f 1785/1785/1785 1087/1087/1087 1786/1786/1786
f 1786/1786/1786 1087/1087/1087 1787/1787/1787
f 1082/1082/1082 1788/1788/1788 1789/1789/1789
f 1788/1788/1788 1085/1085/1085 1790/1790/1790
f 1788/1788/1788 1082/1082/1082 1085/1085/1085
f 1082/1082/1082 1791/1791/1791 1080/1080/1080
f 1791/1791/1791 1082/1082/1082 1792/1792/1792
f 1080/1080/1080 1791/1791/1791 1793/1793/1793
f 1080/1080/1080 1794/1794/1794 1081/1081/1081
f 1794/1794/1794 1080/1080/1080 1795/1795/1795
f 1081/1081/1081 1796/1796/1796 1076/1076/1076
f 1796/1796/1796 1081/1081/1081 1797/1797/1797
f 1076/1076/1076 1798/1798/1798 1075/1075/1075
f 1798/1798/1798 1076/1076/1076 1799/1799/1799
f 1799/1799/1799 1076/1076/1076 1800/1800/1800
f 1075/1075/1075 1801/1801/1801 1073/1073/1073
f 1801/1801/1801 1075/1075/1075 1802/1802/1802
f 1802/1802/1802 1075/1075/1075 1803/1803/1803
f 1805/1805/1805 1069/1069/1069 1804/1804/1804
f 1073/1073/1073 1804/1804/1804 1069/1069/1069
f 1804/1804/1804 1073/1073/1073 1806/1806/1806
f 1069/1069/1069 1805/1805/1805 1807/1807/1807
f 1069/1069/1069 1808/1808/1808 1070/1070/1070
f 1808/1808/1808 1069/1069/1069 1809/1809/1809
f 1066/1066/1066 1810/1810/1810 1811/1811/1811
f 1810/1810/1810 1070/1070/1070 1812/1812/1812
f 1810/1810/1810 1066/1066/1066 1070/1070/1070
f 1064/1064/1064 1813/1813/1813 1814/1814/1814
f 1813/1813/1813 1066/1066/1066 1815/1815/1815
f 1064/1064/1064 1816/1816/1816 1060/1060/1060
f 1816/1816/1816 1064/1064/1064 1814/1814/1814
f 1060/1060/1060 1816/1816/1816 1817/1817/1817
f 1060/1060/1060 1818/1818/1818 1061/1061/1061
f 1818/1818/1818 1060/1060/1060 1819/1819/1819
f 1061/1061/1061 1818/1818/1818 1820/1820/1820
f 1061/1061/1061 1821/1821/1821 1058/1058/1058
f 1821/1821/1821 1061/1061/1061 1822/1822/1822
f 1054/1054/1054 1823/1823/1823 1824/1824/1824
f 1823/1823/1823 1058/1058/1058 1825/1825/1825
f 1823/1823/1823 1054/1054/1054 1058/1058/1058
f 1054/1054/1054 1826/1826/1826 1055/1055/1055
f 1826/1826/1826 1054/1054/1054 1827/1827/1827
f 1827/1827/1827 1054/1054/1054 1828/1828/1828
f 1055/1055/1055 1826/1826/1826 1829/1829/1829
f 1055/1055/1055 1830/1830/1830 1049/1049/1049
f 1830/1830/1830 1055/1055/1055 1831/1831/1831
f 1833/1833/1833 1050/1050/1050 1832/1832/1832
f 1049/1049/1049 1832/1832/1832 1050/1050/1050
f 1832/1832/1832 1049/1049/1049 1834/1834/1834
f 1050/1050/1050 1835/1835/1835 1045/1045/1045
f 1835/1835/1835 1050/1050/1050 1836/1836/1836
f 1045/1045/1045 1837/1837/1837 1043/1043/1043
f 1837/1837/1837 1045/1045/1045 1838/1838/1838
f 1838/1838/1838 1045/1045/1045 1839/1839/1839
f 1043/1043/1043 1840/1840/1840 1042/1042/1042
f 1840/1840/1840 1043/1043/1043 1841/1841/1841
f 1841/1841/1841 1043/1043/1043 1842/1842/1842
f 1844/1844/1844 1038/1038/1038 1843/1843/1843
f 1042/1042/1042 1843/1843/1843 1038/1038/1038
f 1843/1843/1843 1042/1042/1042 1845/1845/1845
f 1847/1847/1847 1039/1039/1039 1846/1846/1846
f 1038/1038/1038 1846/1846/1846 1039/1039/1039
f 1846/1846/1846 1038/1038/1038 1848/1848/1848
f 1039/1039/1039 1849/1849/1849 1034/1034/1034
f 1849/1849/1849 1039/1039/1039 1850/1850/1850
f 1034/1034/1034 1851/1851/1851 1035/1035/1035
f 1851/1851/1851 1034/1034/1034 1852/1852/1852
f 1035/1035/1035 1853/1853/1853 1032/1032/1032
f 1853/1853/1853 1035/1035/1035 1854/1854/1854
f 1032/1032/1032 1853/1853/1853 1855/1855/1855
f 1854/1854/1854 1035/1035/1035 1856/1856/1856
f 1032/1032/1032 1857/1857/1857 1028/1028/1028
f 1857/1857/1857 1032/1032/1032 1858/1858/1858
f 1028/1028/1028 1857/1857/1857 1859/1859/1859
f 1028/1028/1028 1860/1860/1860 1025/1025/1025
f 1860/1860/1860 1028/1028/1028 1861/1861/1861
f 1861/1861/1861 1028/1028/1028 1862/1862/1862
f 1023/1023/1023 1863/1863/1863 1864/1864/1864
f 1863/1863/1863 1025/1025/1025 1865/1865/1865
f 1863/1863/1863 1023/1023/1023 1025/1025/1025
f 1023/1023/1023 1866/1866/1866 1024/1024/1024
f 1866/1866/1866 1023/1023/1023 1867/1867/1867
f 1024/1024/1024 1866/1866/1866 1868/1868/1868
f 1024/1024/1024 1869/1869/1869 1019/1019/1019
f 1869/1869/1869 1024/1024/1024 1870/1870/1870
f 1019/1019/1019 1871/1871/1871 1016/1016/1016
f 1871/1871/1871 1019/1019/1019 1872/1872/1872
f 1016/1016/1016 1873/1873/1873 1017/1017/1017
f 1873/1873/1873 1016/1016/1016 1874/1874/1874
f 1874/1874/1874 1016/1016/1016 1875/1875/1875
f 1017/1017/1017 1876/1876/1876 1012/1012/1012
f 1878/1878/1878 1017/1017/1017 1877/1877/1877
f 1876/1876/1876 1017/1017/1017 1878/1878/1878
f 1012/1012/1012 1876/1876/1876 1879/1879/1879
f 1012/1012/1012 1880/1880/1880 1013/1013/1013
f 1880/1880/1880 1012/1012/1012 1881/1881/1881
f 1013/1013/1013 1880/1880/1880 1882/1882/1882
f 1884/1884/1884 1009/1009/1009 1883/1883/1883
f 1013/1013/1013 1883/1883/1883 1009/1009/1009
f 1883/1883/1883 1013/1013/1013 1885/1885/1885
f 1009/1009/1009 1886/1886/1886 1007/1007/1007
f 1886/1886/1886 1009/1009/1009 1887/1887/1887
f 1007/1007/1007 1886/1886/1886 1888/1888/1888
f 1007/1007/1007 1888/1888/1888 1889/1889/1889
f 1007/1007/1007 1890/1890/1890 1003/1003/1003
f 1890/1890/1890 1007/1007/1007 1891/1891/1891
f 1003/1003/1003 1892/1892/1892 1001/1001/1001
f 1892/1892/1892 1003/1003/1003 1893/1893/1893
f 1893/1893/1893 1003/1003/1003 1894/1894/1894
f 1896/1896/1896 1002/1002/1002 1895/1895/1895
f 1001/1001/1001 1897/1897/1897 1002/1002/1002
f 1897/1897/1897 1001/1001/1001 1898/1898/1898
f 1002/1002/1002 1897/1897/1897 1895/1895/1895
f 1002/1002/1002 1899/1899/1899 997/997/997
f 1899/1899/1899 1002/1002/1002 1900/1900/1900
f 997/997/997 1899/1899/1899 1901/1901/1901
f 997/997/997 1902/1902/1902 998/998/998
f 1902/1902/1902 997/997/997 1903/1903/1903
f 1903/1903/1903 997/997/997 1904/1904/1904
f 992/992/992 1905/1905/1905 1906/1906/1906
f 1905/1905/1905 998/998/998 1907/1907/1907
f 1905/1905/1905 992/992/992 998/998/998
f 992/992/992 1908/1908/1908 993/993/993
f 1908/1908/1908 992/992/992 1909/1909/1909
f 993/993/993 1908/1908/1908 1910/1910/1910
f 1912/1912/1912 990/990/990 1911/1911/1911
f 993/993/993 1911/1911/1911 990/990/990
f 1911/1911/1911 993/993/993 1913/1913/1913
f 990/990/990 1914/1914/1914 986/986/986
f 1914/1914/1914 990/990/990 1915/1915/1915
f 1915/1915/1915 990/990/990 1916/1916/1916
f 986/986/986 1917/1917/1917 985/985/985
f 1917/1917/1917 986/986/986 1918/1918/1918
f 1918/1918/1918 986/986/986 1919/1919/1919
f 985/985/985 1917/1917/1917 1920/1920/1920
f 981/981/981 1921/1921/1921 1922/1922/1922
f 1921/1921/1921 985/985/985 1923/1923/1923
f 1921/1921/1921 981/981/981 985/985/985
f 981/981/981 1922/1922/1922 1924/1924/1924
f 981/981/981 1925/1925/1925 982/982/982
f 1925/1925/1925 981/981/981 1926/1926/1926
f 1928/1928/1928 977/977/977 1927/1927/1927
f 1927/1927/1927 977/977/977 1929/1929/1929
f 982/982/982 1929/1929/1929 977/977/977
f 1929/1929/1929 982/982/982 1930/1930/1930
f 977/977/977 1931/1931/1931 976/976/976
f 1931/1931/1931 977/977/977 1932/1932/1932
f 976/976/976 1931/1931/1931 1933/1933/1933
f 976/976/976 1933/1933/1933 1934/1934/1934
f 976/976/976 1935/1935/1935 974/974/974
f 1935/1935/1935 976/976/976 1936/1936/1936
f 974/974/974 1937/1937/1937 970/970/970
f 1937/1937/1937 974/974/974 1938/1938/1938
f 1938/1938/1938 974/974/974 1939/1939/1939
f 1941/1941/1941 971/971/971 1940/1940/1940
f 970/970/970 1940/1940/1940 971/971/971
f 1940/1940/1940 970/970/970 1942/1942/1942
f 971/971/971 1943/1943/1943 966/966/966
f 1943/1943/1943 971/971/971 1944/1944/1944
f 1944/1944/1944 971/971/971 1945/1945/1945
f 966/966/966 1943/1943/1943 1946/1946/1946
f 967/967/967 1947/1947/1947 1948/1948/1948
f 1947/1947/1947 966/966/966 1949/1949/1949
f 1947/1947/1947 967/967/967 966/966/966
f 1951/1951/1951 962/962/962 1950/1950/1950
f 967/967/967 1950/1950/1950 962/962/962
f 1950/1950/1950 967/967/967 1952/1952/1952
f 962/962/962 1953/1953/1953 959/959/959
f 1953/1953/1953 962/962/962 1954/1954/1954
f 959/959/959 1953/1953/1953 1955/1955/1955
f 959/959/959 1956/1956/1956 960/960/960
f 1956/1956/1956 959/959/959 1957/1957/1957
f 960/960/960 1956/1956/1956 1958/1958/1958
f 960/960/960 1959/1959/1959 955/955/955
f 1959/1959/1959 960/960/960 1960/1960/1960
f 1960/1960/1960 960/960/960 1961/1961/1961
f 955/955/955 1962/1962/1962 956/956/956
f 1962/1962/1962 955/955/955 1963/1963/1963
f 1963/1963/1963 955/955/955 1964/1964/1964
f 956/956/956 1962/1962/1962 1965/1965/1965
f 956/956/956 1966/1966/1966 952/952/952
f 1966/1966/1966 956/956/956 1967/1967/1967
f 952/952/952 1966/1966/1966 1968/1968/1968
f 952/952/952 1968/1968/1968 1969/1969/1969
f 952/952/952 1970/1970/1970 950/950/950
f 1970/1970/1970 952/952/952 1971/1971/1971
f 1973/1973/1973 948/948/948 1972/1972/1972
f 1972/1972/1972 948/948/948 1974/1974/1974
f 950/950/950 1974/1974/1974 948/948/948
f 1974/1974/1974 950/950/950 1975/1975/1975
f 948/948/948 1976/1976/1976 944/944/944
f 1976/1976/1976 948/948/948 1977/1977/1977
f 944/944/944 1976/1976/1976 1978/1978/1978
f 944/944/944 1978/1978/1978 1979/1979/1979
f 944/944/944 1980/1980/1980 943/943/943
f 1980/1980/1980 944/944/944 1981/1981/1981
f 1983/1983/1983 887/887/887 1982/1982/1982
f 943/943/943 1982/1982/1982 887/887/887
f 1982/1982/1982 943/943/943 1984/1984/1984
f 887/887/887 1983/1983/1983 888/888/888
f 943/943/943 1980/1980/1980 1984/1984/1984
f 944/944/944 1979/1979/1979 1981/1981/1981
f 948/948/948 1973/1973/1973 1977/1977/1977
f 950/950/950 1970/1970/1970 1975/1975/1975
f 952/952/952 1969/1969/1969 1971/1971/1971
f 956/956/956 1965/1965/1965 1967/1967/1967
f 955/955/955 1959/1959/1959 1964/1964/1964
f 960/960/960 1958/1958/1958 1961/1961/1961
f 959/959/959 1955/1955/1955 1957/1957/1957
f 962/962/962 1951/1951/1951 1954/1954/1954
f 967/967/967 1948/1948/1948 1952/1952/1952
f 966/966/966 1946/1946/1946 1949/1949/1949
f 971/971/971 1941/1941/1941 1945/1945/1945
f 970/970/970 1937/1937/1937 1942/1942/1942
f 974/974/974 1935/1935/1935 1939/1939/1939
f 976/976/976 1934/1934/1934 1936/1936/1936
f 977/977/977 1928/1928/1928 1932/1932/1932
f 982/982/982 1925/1925/1925 1930/1930/1930
f 981/981/981 1924/1924/1924 1926/1926/1926
f 985/985/985 1920/1920/1920 1923/1923/1923
f 986/986/986 1914/1914/1914 1919/1919/1919
f 990/990/990 1912/1912/1912 1916/1916/1916
f 993/993/993 1910/1910/1910 1913/1913/1913
f 992/992/992 1906/1906/1906 1909/1909/1909
f 998/998/998 1902/1902/1902 1907/1907/1907
f 997/997/997 1901/1901/1901 1904/1904/1904
f 1002/1002/1002 1896/1896/1896 1900/1900/1900
f 1001/1001/1001 1892/1892/1892 1898/1898/1898
f 1003/1003/1003 1890/1890/1890 1894/1894/1894
f 1007/1007/1007 1889/1889/1889 1891/1891/1891
f 1009/1009/1009 1884/1884/1884 1887/1887/1887
f 1013/1013/1013 1882/1882/1882 1885/1885/1885
f 1012/1012/1012 1879/1879/1879 1881/1881/1881
f 1017/1017/1017 1873/1873/1873 1877/1877/1877
f 1016/1016/1016 1871/1871/1871 1875/1875/1875
f 1019/1019/1019 1869/1869/1869 1872/1872/1872
f 1024/1024/1024 1868/1868/1868 1870/1870/1870
f 1023/1023/1023 1864/1864/1864 1867/1867/1867
f 1025/1025/1025 1860/1860/1860 1865/1865/1865
f 1028/1028/1028 1859/1859/1859 1862/1862/1862
f 1032/1032/1032 1855/1855/1855 1858/1858/1858
f 1035/1035/1035 1851/1851/1851 1856/1856/1856
f 1034/1034/1034 1849/1849/1849 1852/1852/1852
f 1039/1039/1039 1847/1847/1847 1850/1850/1850
f 1038/1038/1038 1844/1844/1844 1848/1848/1848
f 1042/1042/1042 1840/1840/1840 1845/1845/1845
f 1043/1043/1043 1837/1837/1837 1842/1842/1842
f 1045/1045/1045 1835/1835/1835 1839/1839/1839
f 1050/1050/1050 1833/1833/1833 1836/1836/1836
f 1049/1049/1049 1830/1830/1830 1834/1834/1834
f 1055/1055/1055 1829/1829/1829 1831/1831/1831
f 1054/1054/1054 1824/1824/1824 1828/1828/1828
f 1058/1058/1058 1821/1821/1821 1825/1825/1825
f 1061/1061/1061 1820/1820/1820 1822/1822/1822
f 1060/1060/1060 1817/1817/1817 1819/1819/1819
f 1813/1813/1813 1064/1064/1064 1066/1066/1066
f 1066/1066/1066 1811/1811/1811 1815/1815/1815
f 1070/1070/1070 1808/1808/1808 1812/1812/1812
f 1069/1069/1069 1807/1807/1807 1809/1809/1809
f 1073/1073/1073 1801/1801/1801 1806/1806/1806
f 1075/1075/1075 1798/1798/1798 1803/1803/1803
f 1076/1076/1076 1796/1796/1796 1800/1800/1800
f 1081/1081/1081 1794/1794/1794 1797/1797/1797
f 1080/1080/1080 1793/1793/1793 1795/1795/1795
f 1082/1082/1082 1789/1789/1789 1792/1792/1792
f 1085/1085/1085 1785/1785/1785 1790/1790/1790
f 1087/1087/1087 1783/1783/1783 1787/1787/1787
f 1092/1092/1092 1782/1782/1782 1784/1784/1784
f 1091/1091/1091 1779/1779/1779 1781/1781/1781
f 1096/1096/1096 1774/1774/1774 1777/1777/1777
f 1095/1095/1095 1771/1771/1771 1775/1775/1775
f 1099/1099/1099 1768/1768/1768 1772/1772/1772
f 1103/1103/1103 1766/1766/1766 1769/1769/1769
f 1102/1102/1102 1763/1763/1763 1767/1767/1767
f 1760/1760/1760 1106/1106/1106 1108/1108/1108
f 1108/1108/1108 1758/1758/1758 1762/1762/1762
f 1112/1112/1112 1755/1755/1755 1759/1759/1759
f 1111/1111/1111 1752/1752/1752 1756/1756/1756
f 1113/1113/1113 1751/1751/1751 1754/1754/1754
f 1115/1115/1115 1746/1746/1746 1750/1750/1750
f 1118/1118/1118 1744/1744/1744 1747/1747/1747
f 1123/1123/1123 1741/1741/1741 1745/1745/1745
f 1122/1122/1122 1739/1739/1739 1742/1742/1742
f 1127/1127/1127 1735/1735/1735 1740/1740/1740
f 1126/1126/1126 1732/1732/1732 1736/1736/1736
f 1128/1128/1128 1731/1731/1731 1733/1733/1733
f 1132/1132/1132 1727/1727/1727 1730/1730/1730
f 1133/1133/1133 1725/1725/1725 1728/1728/1728
f 1138/1138/1138 1722/1722/1722 1726/1726/1726
f 1137/1137/1137 1719/1719/1719 1723/1723/1723
f 1141/1141/1141 1718/1718/1718 1720/1720/1720
f 1145/1145/1145 1714/1714/1714 1717/1717/1717
f 1144/1144/1144 1713/1713/1713 1715/1715/1715
f 1707/1707/1707 1149/1149/1149 1148/1148/1148
f 1148/1148/1148 1705/1705/1705 1709/1709/1709
f 1154/1154/1154 1704/1704/1704 1706/1706/1706
f 1153/1153/1153 1701/1701/1701 1703/1703/1703
f 1696/1696/1696 1155/1155/1155 1160/1160/1160
f 1160/1160/1160 1694/1694/1694 1699/1699/1699
f 1159/1159/1159 1692/1692/1692 1695/1695/1695
f 1163/1163/1163 1691/1691/1691 1693/1693/1693
f 1165/1165/1165 1687/1687/1687 1690/1690/1690
f 1169/1169/1169 1684/1684/1684 1688/1688/1688
f 1168/1168/1168 1681/1681/1681 1686/1686/1686
f 1170/1170/1170 1679/1679/1679 1682/1682/1682
f 1174/1174/1174 1677/1677/1677 1680/1680/1680
f 1175/1175/1175 1676/1676/1676 1678/1678/1678
f 1673/1673/1673 1180/1180/1180 1179/1179/1179
f 1179/1179/1179 1671/1671/1671 1675/1675/1675
f 1181/1181/1181 1669/1669/1669 1672/1672/1672
f 1187/1187/1187 1668/1668/1668 1670/1670/1670
f 1665/1665/1665 1186/1186/1186 1191/1191/1191
f 1664/1664/1664 1191/1191/1191 1190/1190/1190
f 1190/1190/1190 1662/1662/1662 1666/1666/1666
f 1195/1195/1195 1661/1661/1661 1663/1663/1663
f 1660/1660/1660 1198/1198/1198 1659/1659/1659
f 1657/1657/1657 1198/1198/1198 1202/1202/1202
f 1656/1656/1656 1202/1202/1202 1201/1201/1201
f 1201/1201/1201 1654/1654/1654 1658/1658/1658
f 1206/1206/1206 1653/1653/1653 1655/1655/1655
f 1652/1652/1652 1210/1210/1210 1651/1651/1651
f 1650/1650/1650 1210/1210/1210 1213/1213/1213
f 1649/1649/1649 1213/1213/1213 1212/1212/1212
f 1212/1212/1212 1647/1647/1647 1649/1649/1649
f 1214/1214/1214 1646/1646/1646 1648/1648/1648
f 1644/1644/1644 1222/1222/1222 1643/1643/1643
f 1642/1642/1642 1222/1222/1222 1221/1221/1221
f 1221/1221/1221 1640/1640/1640 1642/1642/1642
f 1225/1225/1225 1638/1638/1638 1641/1641/1641
f 1228/1228/1228 1637/1637/1637 1639/1639/1639
f 1636/1636/1636 1231/1231/1231 1635/1635/1635
f 1634/1634/1634 1231/1231/1231 1232/1232/1232
f 1232/1232/1232 1632/1632/1632 1634/1634/1634
f 1237/1237/1237 1631/1631/1631 1633/1633/1633
f 1630/1630/1630 1238/1238/1238 1629/1629/1629
f 1629/1629/1629 1244/1244/1244 1628/1628/1628
f 1627/1627/1627 1244/1244/1244 1243/1243/1243
f 1626/1626/1626 1243/1243/1243 1248/1248/1248
f 1248/1248/1248 1624/1624/1624 1626/1626/1626
f 1247/1247/1247 1623/1623/1623 1625/1625/1625
f 1622/1622/1622 1253/1253/1253 1621/1621/1621
f 1620/1620/1620 1253/1253/1253 1255/1255/1255
f 1619/1619/1619 1255/1255/1255 1259/1259/1259
f 1259/1259/1259 1617/1617/1617 1619/1619/1619
f 1258/1258/1258 1616/1616/1616 1618/1618/1618
f 1615/1615/1615 1264/1264/1264 1614/1614/1614
f 1613/1613/1613 1264/1264/1264 1265/1265/1265
f 1612/1612/1612 1265/1265/1265 1270/1270/1270
f 1270/1270/1270 1610/1610/1610 1612/1612/1612
f 1269/1269/1269 1609/1609/1609 1611/1611/1611
f 1608/1608/1608 1274/1274/1274 1607/1607/1607
f 1607/1607/1607 1279/1279/1279 1985/1985/1985
f 1279/1279/1279 1606/1606/1606 1985/1985/1985
f 1605/1605/1605 1278/1278/1278 1280/1280/1280
f 1280/1280/1280 1603/1603/1603 1605/1605/1605
f 1285/1285/1285 1602/1602/1602 1604/1604/1604
f 1600/1600/1600 1288/1288/1288 1986/1986/1986
f 1288/1288/1288 1599/1599/1599 1986/1986/1986
f 1598/1598/1598 1289/1289/1289 1293/1293/1293
f 1597/1597/1597 1293/1293/1293 1295/1295/1295
f 1295/1295/1295 1595/1595/1595 1597/1597/1597
f 1297/1297/1297 1593/1593/1593 1596/1596/1596
f 1301/1301/1301 1592/1592/1592 1594/1594/1594
f 1591/1591/1591 1300/1300/1300 1305/1305/1305
f 1590/1590/1590 1305/1305/1305 1304/1304/1304
f 1304/1304/1304 1588/1588/1588 1590/1590/1590
f 1307/1307/1307 1586/1586/1586 1589/1589/1589
f 1312/1312/1312 1585/1585/1585 1587/1587/1587
f 1584/1584/1584 1311/1311/1311 1316/1316/1316
f 1583/1583/1583 1316/1316/1316 1315/1315/1315
f 1315/1315/1315 1582/1582/1582 1583/1583/1583
f 1581/1581/1581 1321/1321/1321 1987/1987/1987
f 1321/1321/1321 1580/1580/1580 1987/1987/1987
f 1579/1579/1579 1322/1322/1322 1327/1327/1327
f 1578/1578/1578 1327/1327/1327 1326/1326/1326
f 1326/1326/1326 1577/1577/1577 1578/1578/1578
f 1576/1576/1576 1331/1331/1331 1575/1575/1575
f 1335/1335/1335 1575/1575/1575 1331/1331/1331
f 1573/1573/1573 1335/1335/1335 1338/1338/1338
f 1573/1573/1573 1337/1337/1337 1988/1988/1988
f 1337/1337/1337 1572/1572/1572 1988/1988/1988
f 1571/1571/1571 1343/1343/1343 1342/1342/1342
f 1570/1570/1570 1342/1342/1342 1347/1347/1347
f 1569/1569/1569 1346/1346/1346 1568/1568/1568
f 1568/1568/1568 1348/1348/1348 1989/1989/1989
f 1348/1348/1348 1567/1567/1567 1989/1989/1989
f 1566/1566/1566 1352/1352/1352 1354/1354/1354
f 1565/1565/1565 1354/1354/1354 1358/1358/1358
f 1564/1564/1564 1357/1357/1357 1563/1563/1563
f 1563/1563/1563 1362/1362/1362 1990/1990/1990
f 1362/1362/1362 1562/1562/1562 1990/1990/1990
f 1561/1561/1561 1361/1361/1361 1364/1364/1364
f 1560/1560/1560 1364/1364/1364 1369/1369/1369
f 1369/1369/1369 1559/1559/1559 1560/1560/1560
f 1370/1370/1370 1558/1558/1558 1368/1368/1368
f 1557/1557/1557 1370/1370/1370 1373/1373/1373
f 1556/1556/1556 1377/1377/1377 1555/1555/1555
f 1555/1555/1555 1380/1380/1380 1991/1991/1991
f 1380/1380/1380 1554/1554/1554 1991/1991/1991
f 1553/1553/1553 1379/1379/1379 1384/1384/1384
f 1552/1552/1552 1384/1384/1384 1383/1383/1383
f 1383/1383/1383 1551/1551/1551 1552/1552/1552
f 1550/1550/1550 1388/1388/1388 1992/1992/1992
f 1388/1388/1388 1549/1549/1549 1992/1992/1992
f 1546/1546/1546 1548/1548/1548 1388/1388/1388
f 1544/1544/1544 1545/1545/1545 1547/1547/1547
f 1540/1540/1540 1542/1542/1542 1536/1536/1536
f 1536/1536/1536 1539/1539/1539 1540/1540/1540
f 1533/1533/1533 1535/1535/1535 1537/1537/1537
f 1530/1530/1530 1532/1532/1532 1534/1534/1534
f 1528/1528/1528 1527/1527/1527 1531/1531/1531
f 1524/1524/1524 1526/1526/1526 1529/1529/1529
f 1521/1521/1521 1523/1523/1523 1525/1525/1525
f 1517/1517/1517 1515/1515/1515 1520/1520/1520
f 1514/1514/1514 1516/1516/1516 1510/1510/1510
f 1510/1510/1510 1513/1513/1513 1514/1514/1514
f 1508/1508/1508 1509/1509/1509 1511/1511/1511
f 1507/1507/1507 1506/1506/1506 1501/1501/1501
f 1501/1501/1501 1503/1503/1503 1507/1507/1507
f 1498/1498/1498 1500/1500/1500 1502/1502/1502
f 1496/1496/1496 1497/1497/1497 1499/1499/1499
f 1492/1492/1492 1494/1494/1494 1489/1489/1489
f 1489/1489/1489 1491/1491/1491 1492/1492/1492
f 1486/1486/1486 1488/1488/1488 1490/1490/1490
f 1483/1483/1483 1485/1485/1485 1487/1487/1487
f 1481/1481/1481 1482/1482/1482 1484/1484/1484
f 1478/1478/1478 1480/1480/1480 1482/1482/1482
f 1476/1476/1476 1477/1477/1477 1479/1479/1479
f 1475/1475/1475 1474/1474/1474 1469/1469/1469
f 1469/1469/1469 1471/1471/1471 1475/1475/1475
f 1466/1466/1466 1468/1468/1468 1470/1470/1470
f 1464/1464/1464 1465/1465/1465 1467/1467/1467
f 1463/1463/1463 1462/1462/1462 1457/1457/1457
f 1457/1457/1457 1459/1459/1459 1463/1463/1463
f 1454/1454/1454 1456/1456/1456 1458/1458/1458
f 1453/1453/1453 1452/1452/1452 1455/1455/1455
f 1448/1448/1448 1449/1449/1449 1451/1451/1451
f 1445/1445/1445 1447/1447/1447 1449/1449/1449
f 1443/1443/1443 1444/1444/1444 1446/1446/1446
f 1440/1440/1440 1442/1442/1442 1444/1444/1444
f 1437/1437/1437 1439/1439/1439 1441/1441/1441
f 1434/1434/1434 1436/1436/1436 1438/1438/1438
f 1433/1433/1433 1432/1432/1432 1435/1435/1435
f 1430/1430/1430 1429/1429/1429 1427/1427/1427
f 1427/1427/1427 1425/1425/1425 1430/1430/1430
f 1425/1425/1425 1424/1424/1424 1993/1993/1993
f 1424/1424/1424 1421/1421/1421 1993/1993/1993
f 1418/1418/1418 1423/1423/1423 1419/1419/1419
f 1418/1418/1418 1420/1420/1420 1416/1416/1416
f 1417/1417/1417 1416/1416/1416 1420/1420/1420
f 1412/1412/1412 1417/1417/1417 1415/1415/1415
f 1412/1412/1412 1414/1414/1414 1410/1410/1410
f 1411/1411/1411 1410/1410/1410 1414/1414/1414
f 1408/1408/1408 1411/1411/1411 1994/1994/1994
f 1409/1409/1409 1408/1408/1408 1994/1994/1994
f 1405/1405/1405 1409/1409/1409 1406/1406/1406
f 1405/1405/1405 1407/1407/1407 1402/1402/1402
f 1403/1403/1403 1402/1402/1402 1407/1407/1407
f 1400/1400/1400 1404/1404/1404 1995/1995/1995
f 1401/1401/1401 1400/1400/1400 1995/1995/1995
f 1398/1398/1398 1401/1401/1401 1399/1399/1399
f 1398/1398/1398 1396/1396/1396 1393/1393/1393
f 1393/1393/1393 1397/1397/1397 1394/1394/1394
f 1393/1393/1393 1395/1395/1395 1392/1392/1392
f 1390/1390/1390 1392/1392/1392 1395/1395/1395
f 1388/1388/1388 1389/1389/1389 1546/1546/1546
f 1387/1387/1387 1386/1386/1386 1389/1389/1389
f 1383/1383/1383 1382/1382/1382 1385/1385/1385
f 1379/1379/1379 1382/1382/1382 1384/1384/1384
f 1379/1379/1379 1378/1378/1378 1381/1381/1381
f 1377/1377/1377 1378/1378/1378 1380/1380/1380
f 1373/1373/1373 1376/1376/1376 1377/1377/1377
f 1373/1373/1373 1374/1374/1374 1375/1375/1375
f 1370/1370/1370 1371/1371/1371 1374/1374/1374
f 1368/1368/1368 1367/1367/1367 1372/1372/1372
f 1364/1364/1364 1367/1367/1367 1369/1369/1369
f 1364/1364/1364 1365/1365/1365 1366/1366/1366
f 1361/1361/1361 1363/1363/1363 1365/1365/1365
f 1357/1357/1357 1360/1360/1360 1362/1362/1362
f 1357/1357/1357 1356/1356/1356 1359/1359/1359
f 1354/1354/1354 1356/1356/1356 1358/1358/1358
f 1354/1354/1354 1353/1353/1353 1355/1355/1355
f 1348/1348/1348 1351/1351/1351 1352/1352/1352
f 1348/1348/1348 1349/1349/1349 1350/1350/1350
f 1346/1346/1346 1345/1345/1345 1349/1349/1349
f 1342/1342/1342 1345/1345/1345 1347/1347/1347
f 1342/1342/1342 1341/1341/1341 1344/1344/1344
f 1337/1337/1337 1341/1341/1341 1343/1343/1343
f 1337/1337/1337 1339/1339/1339 1340/1340/1340
f 1335/1335/1335 1336/1336/1336 1338/1338/1338
f 1331/1331/1331 1334/1334/1334 1335/1335/1335
f 1331/1331/1331 1332/1332/1332 1333/1333/1333
f 1330/1330/1330 1329/1329/1329 1332/1332/1332
f 1326/1326/1326 1325/1325/1325 1328/1328/1328
f 1322/1322/1322 1325/1325/1325 1327/1327/1327
f 1322/1322/1322 1323/1323/1323 1324/1324/1324
f 1321/1321/1321 1320/1320/1320 1323/1323/1323
f 1315/1315/1315 1318/1318/1318 1319/1319/1319
f 1315/1315/1315 1314/1314/1314 1317/1317/1317
f 1311/1311/1311 1314/1314/1314 1316/1316/1316
f 1311/1311/1311 1310/1310/1310 1313/1313/1313
f 1307/1307/1307 1310/1310/1310 1312/1312/1312
f 1307/1307/1307 1308/1308/1308 1309/1309/1309
f 1304/1304/1304 1306/1306/1306 1308/1308/1308
f 1300/1300/1300 1303/1303/1303 1305/1305/1305
f 1300/1300/1300 1299/1299/1299 1302/1302/1302
f 1297/1297/1297 1299/1299/1299 1301/1301/1301
f 1297/1297/1297 1296/1296/1296 1298/1298/1298
f 1293/1293/1293 1294/1294/1294 1295/1295/1295
f 1289/1289/1289 1292/1292/1292 1293/1293/1293
f 1289/1289/1289 1290/1290/1290 1291/1291/1291
f 1288/1288/1288 1287/1287/1287 1290/1290/1290
f 1284/1284/1284 1283/1283/1283 1286/1286/1286
f 1280/1280/1280 1283/1283/1283 1285/1285/1285
f 1280/1280/1280 1281/1281/1281 1282/1282/1282
f 1278/1278/1278 1277/1277/1277 1281/1281/1281
f 1274/1274/1274 1277/1277/1277 1279/1279/1279
f 1274/1274/1274 1275/1275/1275 1276/1276/1276
f 1271/1271/1271 1272/1272/1272 1275/1275/1275
f 1269/1269/1269 1268/1268/1268 1273/1273/1273
f 1265/1265/1265 1268/1268/1268 1270/1270/1270
f 1265/1265/1265 1266/1266/1266 1267/1267/1267
f 1264/1264/1264 1263/1263/1263 1266/1266/1266
f 1258/1258/1258 1261/1261/1261 1262/1262/1262
f 1258/1258/1258 1257/1257/1257 1260/1260/1260
f 1255/1255/1255 1257/1257/1257 1259/1259/1259
f 1255/1255/1255 1254/1254/1254 1256/1256/1256
f 1251/1251/1251 1252/1252/1252 1253/1253/1253
f 1247/1247/1247 1250/1250/1250 1251/1251/1251
f 1247/1247/1247 1246/1246/1246 1249/1249/1249
f 1243/1243/1243 1246/1246/1246 1248/1248/1248
f 1243/1243/1243 1242/1242/1242 1245/1245/1245
f 1238/1238/1238 1242/1242/1242 1244/1244/1244
f 1238/1238/1238 1239/1239/1239 1241/1241/1241
f 1236/1236/1236 1235/1235/1235 1240/1240/1240
f 1232/1232/1232 1235/1235/1235 1237/1237/1237
f 1232/1232/1232 1233/1233/1233 1234/1234/1234
f 1231/1231/1231 1230/1230/1230 1233/1233/1233
f 1227/1227/1227 1226/1226/1226 1229/1229/1229
f 1225/1225/1225 1226/1226/1226 1228/1228/1228
f 1221/1221/1221 1224/1224/1224 1225/1225/1225
f 1221/1221/1221 1220/1220/1220 1223/1223/1223
f 1217/1217/1217 1220/1220/1220 1222/1222/1222
f 1217/1217/1217 1218/1218/1218 1219/1219/1219
f 1214/1214/1214 1215/1215/1215 1218/1218/1218
f 1212/1212/1212 1211/1211/1211 1216/1216/1216
f 1210/1210/1210 1211/1211/1211 1213/1213/1213
f 1205/1205/1205 1209/1209/1209 1210/1210/1210
f 1205/1205/1205 1207/1207/1207 1208/1208/1208
f 1201/1201/1201 1204/1204/1204 1206/1206/1206
f 1201/1201/1201 1200/1200/1200 1203/1203/1203
f 1198/1198/1198 1200/1200/1200 1202/1202/1202
f 1198/1198/1198 1197/1197/1197 1199/1199/1199
f 1194/1194/1194 1193/1193/1193 1196/1196/1196
f 1190/1190/1190 1193/1193/1193 1195/1195/1195
f 1190/1190/1190 1189/1189/1189 1192/1192/1192
f 1186/1186/1186 1189/1189/1189 1191/1191/1191
f 1186/1186/1186 1185/1185/1185 1188/1188/1188
f 1181/1181/1181 1185/1185/1185 1187/1187/1187
f 1181/1181/1181 1182/1182/1182 1184/1184/1184
f 1179/1179/1179 1178/1178/1178 1183/1183/1183
f 1175/1175/1175 1178/1178/1178 1180/1180/1180
f 1175/1175/1175 1176/1176/1176 1177/1177/1177
f 1174/1174/1174 1173/1173/1173 1176/1176/1176
f 1170/1170/1170 1171/1171/1171 1172/1172/1172
f 1168/1168/1168 1167/1167/1167 1171/1171/1171
f 1165/1165/1165 1167/1167/1167 1169/1169/1169
f 1165/1165/1165 1164/1164/1164 1166/1166/1166
f 1159/1159/1159 1162/1162/1162 1163/1163/1163
f 1159/1159/1159 1158/1158/1158 1161/1161/1161
f 1155/1155/1155 1158/1158/1158 1160/1160/1160
f 1155/1155/1155 1156/1156/1156 1157/1157/1157
f 1153/1153/1153 1152/1152/1152 1156/1156/1156
f 1148/1148/1148 1152/1152/1152 1154/1154/1154
f 1148/1148/1148 1150/1150/1150 1151/1151/1151
f 1144/1144/1144 1147/1147/1147 1149/1149/1149
f 1144/1144/1144 1143/1143/1143 1146/1146/1146
f 1141/1141/1141 1143/1143/1143 1145/1145/1145
f 1141/1141/1141 1140/1140/1140 1142/1142/1142
f 1137/1137/1137 1136/1136/1136 1139/1139/1139
f 1133/1133/1133 1136/1136/1136 1138/1138/1138
f 1133/1133/1133 1134/1134/1134 1135/1135/1135
f 1132/1132/1132 1131/1131/1131 1134/1134/1134
f 1128/1128/1128 1129/1129/1129 1130/1130/1130
f 1126/1126/1126 1125/1125/1125 1129/1129/1129
f 1122/1122/1122 1125/1125/1125 1127/1127/1127
f 1122/1122/1122 1121/1121/1121 1124/1124/1124
f 1118/1118/1118 1121/1121/1121 1123/1123/1123
f 1118/1118/1118 1119/1119/1119 1120/1120/1120
f 1115/1115/1115 1116/1116/1116 1119/1119/1119
f 1113/1113/1113 1114/1114/1114 1117/1117/1117
f 1111/1111/1111 1110/1110/1110 1114/1114/1114
f 1108/1108/1108 1110/1110/1110 1112/1112/1112
f 1108/1108/1108 1107/1107/1107 1109/1109/1109
f 1102/1102/1102 1105/1105/1105 1106/1106/1106
f 1102/1102/1102 1101/1101/1101 1104/1104/1104
f 1099/1099/1099 1101/1101/1101 1103/1103/1103
f 1099/1099/1099 1098/1098/1098 1100/1100/1100
f 1095/1095/1095 1094/1094/1094 1097/1097/1097
f 1091/1091/1091 1094/1094/1094 1096/1096/1096
f 1091/1091/1091 1090/1090/1090 1093/1093/1093
f 1087/1087/1087 1090/1090/1090 1092/1092/1092
f 1087/1087/1087 1088/1088/1088 1089/1089/1089
f 1085/1085/1085 1086/1086/1086 1088/1088/1088
f 1082/1082/1082 1083/1083/1083 1086/1086/1086
f 1080/1080/1080 1079/1079/1079 1084/1084/1084
f 1076/1076/1076 1079/1079/1079 1081/1081/1081
f 1076/1076/1076 1077/1077/1077 1078/1078/1078
f 1075/1075/1075 1074/1074/1074 1077/1077/1077
f 1069/1069/1069 1072/1072/1072 1073/1073/1073
f 1069/1069/1069 1068/1068/1068 1071/1071/1071
f 1066/1066/1066 1068/1068/1068 1070/1070/1070
f 1066/1066/1066 1065/1065/1065 1067/1067/1067
f 1060/1060/1060 1063/1063/1063 1064/1064/1064
f 1060/1060/1060 1059/1059/1059 1062/1062/1062
f 1058/1058/1058 1059/1059/1059 1061/1061/1061
f 1054/1054/1054 1057/1057/1057 1058/1058/1058
f 1054/1054/1054 1053/1053/1053 1056/1056/1056
f 1049/1049/1049 1053/1053/1053 1055/1055/1055
f 1049/1049/1049 1051/1051/1051 1052/1052/1052
f 1045/1045/1045 1048/1048/1048 1050/1050/1050
f 1045/1045/1045 1046/1046/1046 1047/1047/1047
f 1043/1043/1043 1044/1044/1044 1046/1046/1046
f 1042/1042/1042 1041/1041/1041 1044/1044/1044
f 1038/1038/1038 1037/1037/1037 1040/1040/1040
f 1034/1034/1034 1037/1037/1037 1039/1039/1039
f 1034/1034/1034 1033/1033/1033 1036/1036/1036
f 1032/1032/1032 1033/1033/1033 1035/1035/1035
f 1028/1028/1028 1031/1031/1031 1032/1032/1032
f 1028/1028/1028 1029/1029/1029 1030/1030/1030
f 1025/1025/1025 1026/1026/1026 1029/1029/1029
f 1023/1023/1023 1022/1022/1022 1027/1027/1027
f 1019/1019/1019 1022/1022/1022 1024/1024/1024
f 1019/1019/1019 1020/1020/1020 1021/1021/1021
f 1016/1016/1016 1018/1018/1018 1020/1020/1020
f 1012/1012/1012 1015/1015/1015 1017/1017/1017
f 1012/1012/1012 1011/1011/1011 1014/1014/1014
f 1009/1009/1009 1011/1011/1011 1013/1013/1013
f 1009/1009/1009 1008/1008/1008 1010/1010/1010
f 1003/1003/1003 1006/1006/1006 1007/1007/1007
f 1003/1003/1003 1004/1004/1004 1005/1005/1005
f 1001/1001/1001 1000/1000/1000 1004/1004/1004
f 997/997/997 1000/1000/1000 1002/1002/1002
f 997/997/997 996/996/996 999/999/999
f 992/992/992 996/996/996 998/998/998
f 992/992/992 994/994/994 995/995/995
f 990/990/990 991/991/991 993/993/993
f 986/986/986 989/989/989 990/990/990
f 986/986/986 987/987/987 988/988/988
f 985/985/985 984/984/984 987/987/987
f 981/981/981 980/980/980 983/983/983
f 977/977/977 980/980/980 982/982/982
f 977/977/977 978/978/978 979/979/979
f 976/976/976 975/975/975 978/978/978
f 970/970/970 973/973/973 974/974/974
f 970/970/970 969/969/969 972/972/972
f 966/966/966 969/969/969 971/971/971
f 966/966/966 965/965/965 968/968/968
f 962/962/962 965/965/965 967/967/967
f 962/962/962 963/963/963 964/964/964
f 959/959/959 961/961/961 963/963/963
f 955/955/955 958/958/958 960/960/960
f 955/955/955 954/954/954 957/957/957
f 952/952/952 954/954/954 956/956/956
f 952/952/952 951/951/951 953/953/953
f 948/948/948 949/949/949 950/950/950
f 944/944/944 947/947/947 948/948/948
f 944/944/944 945/945/945 946/946/946
f 943/943/943 942/942/942 945/945/945
f 887/887/887 940/940/940 941/941/941
f 881/881/881 940/940/940 884/884/884
f 881/881/881 938/938/938 939/939/939
f 878/878/878 937/937/937 938/938/938
f 872/872/872 937/937/937 875/875/875
f 872/872/872 935/935/935 936/936/936
f 869/869/869 933/933/933 935/935/935
f 868/868/868 932/932/932 934/934/934
f 862/862/862 932/932/932 864/864/864
f 861/861/861 931/931/931 862/862/862
f 861/861/861 929/929/929 930/930/930
f 857/857/857 928/928/928 858/858/858
f 857/857/857 926/926/926 927/927/927
f 853/853/853 926/926/926 854/854/854
f 853/853/853 924/924/924 925/925/925
f 848/848/848 923/923/923 850/850/850
f 847/847/847 922/922/922 848/848/848
f 847/847/847 920/920/920 921/921/921
f 843/843/843 920/920/920 844/844/844
f 843/843/843 918/918/918 919/919/919
f 839/839/839 918/918/918 840/840/840
f 839/839/839 915/915/915 917/917/917
f 838/838/838 914/914/914 916/916/916
f 833/833/833 914/914/914 834/834/834
f 833/833/833 912/912/912 913/913/913
f 830/830/830 911/911/911 912/912/912
f 829/829/829 909/909/909 910/910/910
f 824/824/824 909/909/909 826/826/826
f 823/823/823 908/908/908 824/824/824
f 823/823/823 906/906/906 907/907/907
f 819/819/819 906/906/906 820/820/820
f 819/819/819 904/904/904 905/905/905
f 816/816/816 902/902/902 904/904/904
f 815/815/815 901/901/901 903/903/903
f 810/810/810 901/901/901 812/812/812
f 809/809/809 900/900/900 810/810/810
f 809/809/809 898/898/898 899/899/899
f 805/805/805 897/897/897 806/806/806
f 805/805/805 895/895/895 896/896/896
f 801/801/801 895/895/895 802/802/802
f 801/801/801 893/893/893 894/894/894
f 800/800/800 891/891/891 892/892/892
f 795/795/795 891/891/891 796/796/796
f 795/795/795 889/889/889 890/890/890
f 884/884/884 886/886/886 885/885/885
f 881/881/881 883/883/883 882/882/882
f 878/878/878 880/880/880 879/879/879
f 875/875/875 877/877/877 876/876/876
f 872/872/872 874/874/874 873/873/873
f 869/869/869 871/871/871 870/870/870
f 868/868/868 867/867/867 865/865/865
f 865/865/865 864/864/864 868/868/868
f 863/863/863 864/864/864 866/866/866
f 859/859/859 862/862/862 863/863/863
f 859/859/859 858/858/858 861/861/861
f 855/855/855 858/858/858 860/860/860
f 855/855/855 854/854/854 857/857/857
f 851/851/851 854/854/854 856/856/856
f 851/851/851 850/850/850 853/853/853
f 849/849/849 850/850/850 852/852/852
f 845/845/845 848/848/848 849/849/849
f 845/845/845 844/844/844 847/847/847
f 841/841/841 844/844/844 846/846/846
f 841/841/841 840/840/840 843/843/843
f 837/837/837 840/840/840 842/842/842
f 837/837/837 838/838/838 839/839/839
f 835/835/835 834/834/834 838/838/838
f 831/831/831 834/834/834 836/836/836
f 831/831/831 830/830/830 833/833/833
f 827/827/827 830/830/830 832/832/832
f 827/827/827 826/826/826 829/829/829
f 825/825/825 826/826/826 828/828/828
f 821/821/821 824/824/824 825/825/825
f 821/821/821 820/820/820 823/823/823
f 817/817/817 820/820/820 822/822/822
f 817/817/817 816/816/816 819/819/819
f 813/813/813 816/816/816 818/818/818
f 813/813/813 812/812/812 815/815/815
f 811/811/811 812/812/812 814/814/814
f 807/807/807 810/810/810 811/811/811
f 807/807/807 806/806/806 809/809/809
f 803/803/803 806/806/806 808/808/808
f 803/803/803 802/802/802 805/805/805
f 799/799/799 802/802/802 804/804/804
f 799/799/799 800/800/800 801/801/801
f 797/797/797 796/796/796 800/800/800
f 792/792/792 796/796/796 798/798/798
f 792/792/792 794/794/794 795/795/795
f 796/796/796 792/792/792 795/795/795
f 796/796/796 797/797/797 798/798/798
f 800/800/800 799/799/799 797/797/797
f 802/802/802 799/799/799 801/801/801
f 802/802/802 803/803/803 804/804/804
f 806/806/806 803/803/803 805/805/805
f 806/806/806 807/807/807 808/808/808
f 810/810/810 807/807/807 809/809/809
f 812/812/812 811/811/811 810/810/810
f 812/812/812 813/813/813 814/814/814
f 816/816/816 813/813/813 815/815/815
f 816/816/816 817/817/817 818/818/818
f 820/820/820 817/817/817 819/819/819
f 820/820/820 821/821/821 822/822/822
f 824/824/824 821/821/821 823/823/823
f 826/826/826 825/825/825 824/824/824
f 826/826/826 827/827/827 828/828/828
f 830/830/830 827/827/827 829/829/829
f 830/830/830 831/831/831 832/832/832
f 834/834/834 831/831/831 833/833/833
f 834/834/834 835/835/835 836/836/836
f 838/838/838 837/837/837 835/835/835
f 840/840/840 837/837/837 839/839/839
f 840/840/840 841/841/841 842/842/842
f 844/844/844 841/841/841 843/843/843
f 844/844/844 845/845/845 846/846/846
f 848/848/848 845/845/845 847/847/847
f 850/850/850 849/849/849 848/848/848
f 850/850/850 851/851/851 852/852/852
f 854/854/854 851/851/851 853/853/853
f 854/854/854 855/855/855 856/856/856
f 858/858/858 855/855/855 857/857/857
f 858/858/858 859/859/859 860/860/860
f 862/862/862 859/859/859 861/861/861
f 864/864/864 863/863/863 862/862/862
f 864/864/864 865/865/865 866/866/866
f 869/869/869 867/867/867 868/868/868
f 867/867/867 869/869/869 870/870/870
f 872/872/872 871/871/871 869/869/869
f 871/871/871 872/872/872 873/873/873
f 875/875/875 874/874/874 872/872/872
f 874/874/874 875/875/875 876/876/876
f 878/878/878 877/877/877 875/875/875
f 877/877/877 878/878/878 879/879/879
f 881/881/881 880/880/880 878/878/878
f 880/880/880 881/881/881 882/882/882
f 884/884/884 883/883/883 881/881/881
f 883/883/883 884/884/884 885/885/885
f 887/887/887 886/886/886 884/884/884
f 886/886/886 887/887/887 888/888/888
f 889/889/889 795/795/795 794/794/794
f 891/891/891 795/795/795 890/890/890
f 891/891/891 800/800/800 796/796/796
f 893/893/893 800/800/800 892/892/892
f 800/800/800 893/893/893 801/801/801
f 895/895/895 801/801/801 894/894/894
f 895/895/895 805/805/805 802/802/802
f 897/897/897 805/805/805 896/896/896
f 898/898/898 809/809/809 806/806/806
f 898/898/898 806/806/806 897/897/897
f 900/900/900 809/809/809 899/899/899
f 901/901/901 810/810/810 900/900/900
f 901/901/901 815/815/815 812/812/812
f 902/902/902 816/816/816 815/815/815
f 902/902/902 815/815/815 903/903/903
f 904/904/904 819/819/819 816/816/816
f 906/906/906 819/819/819 905/905/905
f 906/906/906 823/823/823 820/820/820
f 908/908/908 823/823/823 907/907/907
f 909/909/909 824/824/824 908/908/908
f 909/909/909 829/829/829 826/826/826
f 911/911/911 829/829/829 910/910/910
f 829/829/829 911/911/911 830/830/830
f 912/912/912 833/833/833 830/830/830
f 914/914/914 833/833/833 913/913/913
f 914/914/914 838/838/838 834/834/834
f 915/915/915 839/839/839 838/838/838
f 915/915/915 838/838/838 916/916/916
f 918/918/918 839/839/839 917/917/917
f 918/918/918 843/843/843 840/840/840
f 920/920/920 843/843/843 919/919/919
f 920/920/920 847/847/847 844/844/844
f 922/922/922 847/847/847 921/921/921
f 923/923/923 848/848/848 922/922/922
f 924/924/924 850/850/850 923/923/923
f 850/850/850 924/924/924 853/853/853
f 926/926/926 853/853/853 925/925/925
f 926/926/926 857/857/857 854/854/854
f 928/928/928 857/857/857 927/927/927
f 929/929/929 858/858/858 928/928/928
f 858/858/858 929/929/929 861/861/861
f 931/931/931 861/861/861 930/930/930
f 932/932/932 862/862/862 931/931/931
f 932/932/932 868/868/868 864/864/864
f 933/933/933 869/869/869 868/868/868
f 933/933/933 868/868/868 934/934/934
f 935/935/935 872/872/872 869/869/869
f 937/937/937 872/872/872 936/936/936
f 937/937/937 878/878/878 875/875/875
f 938/938/938 881/881/881 878/878/878
f 940/940/940 881/881/881 939/939/939
f 940/940/940 887/887/887 884/884/884
f 942/942/942 887/887/887 941/941/941
f 887/887/887 942/942/942 943/943/943
f 945/945/945 944/944/944 943/943/943
f 947/947/947 944/944/944 946/946/946
f 949/949/949 948/948/948 947/947/947
f 951/951/951 950/950/950 949/949/949
f 950/950/950 951/951/951 952/952/952
f 954/954/954 952/952/952 953/953/953
f 954/954/954 955/955/955 956/956/956
f 958/958/958 955/955/955 957/957/957
f 961/961/961 959/959/959 960/960/960
f 961/961/961 960/960/960 958/958/958
f 963/963/963 962/962/962 959/959/959
f 965/965/965 962/962/962 964/964/964
f 965/965/965 966/966/966 967/967/967
f 969/969/969 966/966/966 968/968/968
f 969/969/969 970/970/970 971/971/971
f 973/973/973 970/970/970 972/972/972
f 975/975/975 974/974/974 973/973/973
f 974/974/974 975/975/975 976/976/976
f 978/978/978 977/977/977 976/976/976
f 980/980/980 977/977/977 979/979/979
f 980/980/980 981/981/981 982/982/982
f 984/984/984 981/981/981 983/983/983
f 981/981/981 984/984/984 985/985/985
f 987/987/987 986/986/986 985/985/985
f 989/989/989 986/986/986 988/988/988
f 991/991/991 990/990/990 989/989/989
f 994/994/994 992/992/992 993/993/993
f 994/994/994 993/993/993 991/991/991
f 996/996/996 992/992/992 995/995/995
f 996/996/996 997/997/997 998/998/998
f 1000/1000/1000 997/997/997 999/999/999
f 1000/1000/1000 1001/1001/1001 1002/1002/1002
f 1004/1004/1004 1003/1003/1003 1001/1001/1001
f 1006/1006/1006 1003/1003/1003 1005/1005/1005
f 1008/1008/1008 1007/1007/1007 1006/1006/1006
f 1007/1007/1007 1008/1008/1008 1009/1009/1009
f 1011/1011/1011 1009/1009/1009 1010/1010/1010
f 1011/1011/1011 1012/1012/1012 1013/1013/1013
f 1015/1015/1015 1012/1012/1012 1014/1014/1014
f 1018/1018/1018 1016/1016/1016 1017/1017/1017
f 1018/1018/1018 1017/1017/1017 1015/1015/1015
f 1020/1020/1020 1019/1019/1019 1016/1016/1016
f 1022/1022/1022 1019/1019/1019 1021/1021/1021
f 1022/1022/1022 1023/1023/1023 1024/1024/1024
f 1026/1026/1026 1025/1025/1025 1023/1023/1023
f 1026/1026/1026 1023/1023/1023 1027/1027/1027
f 1029/1029/1029 1028/1028/1028 1025/1025/1025
f 1031/1031/1031 1028/1028/1028 1030/1030/1030
f 1033/1033/1033 1032/1032/1032 1031/1031/1031
f 1033/1033/1033 1034/1034/1034 1035/1035/1035
f 1037/1037/1037 1034/1034/1034 1036/1036/1036
f 1037/1037/1037 1038/1038/1038 1039/1039/1039
f 1041/1041/1041 1038/1038/1038 1040/1040/1040
f 1038/1038/1038 1041/1041/1041 1042/1042/1042
f 1044/1044/1044 1043/1043/1043 1042/1042/1042
f 1046/1046/1046 1045/1045/1045 1043/1043/1043
f 1048/1048/1048 1045/1045/1045 1047/1047/1047
f 1051/1051/1051 1049/1049/1049 1050/1050/1050
f 1051/1051/1051 1050/1050/1050 1048/1048/1048
f 1053/1053/1053 1049/1049/1049 1052/1052/1052
f 1053/1053/1053 1054/1054/1054 1055/1055/1055
f 1057/1057/1057 1054/1054/1054 1056/1056/1056
f 1059/1059/1059 1058/1058/1058 1057/1057/1057
f 1059/1059/1059 1060/1060/1060 1061/1061/1061
f 1063/1063/1063 1060/1060/1060 1062/1062/1062
f 1065/1065/1065 1064/1064/1064 1063/1063/1063
f 1064/1064/1064 1065/1065/1065 1066/1066/1066
f 1068/1068/1068 1066/1066/1066 1067/1067/1067
f 1068/1068/1068 1069/1069/1069 1070/1070/1070
f 1072/1072/1072 1069/1069/1069 1071/1071/1071
f 1074/1074/1074 1073/1073/1073 1072/1072/1072
f 1073/1073/1073 1074/1074/1074 1075/1075/1075
f 1077/1077/1077 1076/1076/1076 1075/1075/1075
f 1079/1079/1079 1076/1076/1076 1078/1078/1078
f 1079/1079/1079 1080/1080/1080 1081/1081/1081
f 1083/1083/1083 1082/1082/1082 1080/1080/1080
f 1083/1083/1083 1080/1080/1080 1084/1084/1084
f 1086/1086/1086 1085/1085/1085 1082/1082/1082
f 1088/1088/1088 1087/1087/1087 1085/1085/1085
f 1090/1090/1090 1087/1087/1087 1089/1089/1089
f 1090/1090/1090 1091/1091/1091 1092/1092/1092
f 1094/1094/1094 1091/1091/1091 1093/1093/1093
f 1094/1094/1094 1095/1095/1095 1096/1096/1096
f 1098/1098/1098 1095/1095/1095 1097/1097/1097
f 1095/1095/1095 1098/1098/1098 1099/1099/1099
f 1101/1101/1101 1099/1099/1099 1100/1100/1100
f 1101/1101/1101 1102/1102/1102 1103/1103/1103
f 1105/1105/1105 1102/1102/1102 1104/1104/1104
f 1107/1107/1107 1106/1106/1106 1105/1105/1105
f 1106/1106/1106 1107/1107/1107 1108/1108/1108
f 1110/1110/1110 1108/1108/1108 1109/1109/1109
f 1110/1110/1110 1111/1111/1111 1112/1112/1112
f 1114/1114/1114 1113/1113/1113 1111/1111/1111
f 1116/1116/1116 1115/1115/1115 1113/1113/1113
f 1116/1116/1116 1113/1113/1113 1117/1117/1117
f 1119/1119/1119 1118/1118/1118 1115/1115/1115
f 1121/1121/1121 1118/1118/1118 1120/1120/1120
f 1121/1121/1121 1122/1122/1122 1123/1123/1123
f 1125/1125/1125 1122/1122/1122 1124/1124/1124
f 1125/1125/1125 1126/1126/1126 1127/1127/1127
f 1129/1129/1129 1128/1128/1128 1126/1126/1126
f 1131/1131/1131 1128/1128/1128 1130/1130/1130
f 1128/1128/1128 1131/1131/1131 1132/1132/1132
f 1134/1134/1134 1133/1133/1133 1132/1132/1132
f 1136/1136/1136 1133/1133/1133 1135/1135/1135
f 1136/1136/1136 1137/1137/1137 1138/1138/1138
f 1140/1140/1140 1137/1137/1137 1139/1139/1139
f 1137/1137/1137 1140/1140/1140 1141/1141/1141
f 1143/1143/1143 1141/1141/1141 1142/1142/1142
f 1143/1143/1143 1144/1144/1144 1145/1145/1145
f 1147/1147/1147 1144/1144/1144 1146/1146/1146
f 1150/1150/1150 1148/1148/1148 1149/1149/1149
f 1150/1150/1150 1149/1149/1149 1147/1147/1147
f 1152/1152/1152 1148/1148/1148 1151/1151/1151
f 1152/1152/1152 1153/1153/1153 1154/1154/1154
f 1156/1156/1156 1155/1155/1155 1153/1153/1153
f 1158/1158/1158 1155/1155/1155 1157/1157/1157
f 1158/1158/1158 1159/1159/1159 1160/1160/1160
f 1162/1162/1162 1159/1159/1159 1161/1161/1161
f 1164/1164/1164 1163/1163/1163 1162/1162/1162
f 1163/1163/1163 1164/1164/1164 1165/1165/1165
f 1167/1167/1167 1165/1165/1165 1166/1166/1166
f 1167/1167/1167 1168/1168/1168 1169/1169/1169
f 1171/1171/1171 1170/1170/1170 1168/1168/1168
f 1173/1173/1173 1170/1170/1170 1172/1172/1172
f 1170/1170/1170 1173/1173/1173 1174/1174/1174
f 1176/1176/1176 1175/1175/1175 1174/1174/1174
f 1178/1178/1178 1175/1175/1175 1177/1177/1177
f 1178/1178/1178 1179/1179/1179 1180/1180/1180
f 1182/1182/1182 1181/1181/1181 1179/1179/1179
f 1182/1182/1182 1179/1179/1179 1183/1183/1183
f 1185/1185/1185 1181/1181/1181 1184/1184/1184
f 1185/1185/1185 1186/1186/1186 1187/1187/1187
f 1189/1189/1189 1186/1186/1186 1188/1188/1188
f 1189/1189/1189 1190/1190/1190 1191/1191/1191
f 1193/1193/1193 1190/1190/1190 1192/1192/1192
f 1193/1193/1193 1194/1194/1194 1195/1195/1195
f 1197/1197/1197 1194/1194/1194 1196/1196/1196
f 1194/1194/1194 1197/1197/1197 1198/1198/1198
f 1200/1200/1200 1198/1198/1198 1199/1199/1199
f 1200/1200/1200 1201/1201/1201 1202/1202/1202
f 1204/1204/1204 1201/1201/1201 1203/1203/1203
f 1207/1207/1207 1205/1205/1205 1206/1206/1206
f 1207/1207/1207 1206/1206/1206 1204/1204/1204
f 1209/1209/1209 1205/1205/1205 1208/1208/1208
f 1211/1211/1211 1210/1210/1210 1209/1209/1209
f 1211/1211/1211 1212/1212/1212 1213/1213/1213
f 1215/1215/1215 1214/1214/1214 1212/1212/1212
f 1215/1215/1215 1212/1212/1212 1216/1216/1216
f 1218/1218/1218 1217/1217/1217 1214/1214/1214
f 1220/1220/1220 1217/1217/1217 1219/1219/1219
f 1220/1220/1220 1221/1221/1221 1222/1222/1222
f 1224/1224/1224 1221/1221/1221 1223/1223/1223
f 1226/1226/1226 1225/1225/1225 1224/1224/1224
f 1226/1226/1226 1227/1227/1227 1228/1228/1228
f 1230/1230/1230 1227/1227/1227 1229/1229/1229
f 1227/1227/1227 1230/1230/1230 1231/1231/1231
f 1233/1233/1233 1232/1232/1232 1231/1231/1231
f 1235/1235/1235 1232/1232/1232 1234/1234/1234
f 1235/1235/1235 1236/1236/1236 1237/1237/1237
f 1239/1239/1239 1238/1238/1238 1236/1236/1236
f 1239/1239/1239 1236/1236/1236 1240/1240/1240
f 1242/1242/1242 1238/1238/1238 1241/1241/1241
f 1242/1242/1242 1243/1243/1243 1244/1244/1244
f 1246/1246/1246 1243/1243/1243 1245/1245/1245
f 1246/1246/1246 1247/1247/1247 1248/1248/1248
f 1250/1250/1250 1247/1247/1247 1249/1249/1249
f 1252/1252/1252 1251/1251/1251 1250/1250/1250
f 1254/1254/1254 1253/1253/1253 1252/1252/1252
f 1253/1253/1253 1254/1254/1254 1255/1255/1255
f 1257/1257/1257 1255/1255/1255 1256/1256/1256
f 1257/1257/1257 1258/1258/1258 1259/1259/1259
f 1261/1261/1261 1258/1258/1258 1260/1260/1260
f 1263/1263/1263 1262/1262/1262 1261/1261/1261
f 1262/1262/1262 1263/1263/1263 1264/1264/1264
f 1266/1266/1266 1265/1265/1265 1264/1264/1264
f 1268/1268/1268 1265/1265/1265 1267/1267/1267
f 1268/1268/1268 1269/1269/1269 1270/1270/1270
f 794/794/794 792/792/792 793/793/793
f 1272/1272/1272 1271/1271/1271 1269/1269/1269
f 2519/2519/2519 2516/2516/2516 2518/2518/2518
f 2519/2519/2519 2520/2520/2520 2521/2521/2521
f 2524/2524/2524 2522/2522/2522 2523/2523/2523
f 2522/2522/2522 2524/2524/2524 2520/2520/2520
f 2523/2523/2523 2525/2525/2525 2526/2526/2526
f 2528/2528/2528 2525/2525/2525 2527/2527/2527
f 2530/2530/2530 2527/2527/2527 2529/2529/2529
f 2530/2530/2530 2531/2531/2531 2532/2532/2532
f 2534/2534/2534 2531/2531/2531 2533/2533/2533
f 2536/2536/2536 2535/2535/2535 1996/1996/1996
f 1996/1996/1996 2537/2537/2537 1999/1999/1999
f 1999/1999/1999 2538/2538/2538 2001/2001/2001
f 2001/2001/2001 2539/2539/2539 2003/2003/2003
f 2003/2003/2003 2540/2540/2540 2006/2006/2006
f 2006/2006/2006 2541/2541/2541 2008/2008/2008
f 2008/2008/2008 2542/2542/2542 2010/2010/2010
f 2010/2010/2010 2543/2543/2543 2012/2012/2012
f 2012/2012/2012 2544/2544/2544 2015/2015/2015
f 2015/2015/2015 2545/2545/2545 2017/2017/2017
f 2017/2017/2017 2546/2546/2546 2019/2019/2019
f 2019/2019/2019 2547/2547/2547 2021/2021/2021
f 2021/2021/2021 2548/2548/2548 2024/2024/2024
f 2024/2024/2024 2549/2549/2549 2026/2026/2026
f 2026/2026/2026 2550/2550/2550 2028/2028/2028
f 2028/2028/2028 2551/2551/2551 2030/2030/2030
f 2030/2030/2030 2552/2552/2552 2032/2032/2032
f 2032/2032/2032 2553/2553/2553 2034/2034/2034
f 2034/2034/2034 2554/2554/2554 2036/2036/2036
f 2036/2036/2036 2555/2555/2555 2039/2039/2039
f 2039/2039/2039 2556/2556/2556 2041/2041/2041
f 2041/2041/2041 2557/2557/2557 2043/2043/2043
f 2043/2043/2043 2558/2558/2558 2045/2045/2045
f 2045/2045/2045 2559/2559/2559 2048/2048/2048
f 2048/2048/2048 2560/2560/2560 2050/2050/2050
f 2050/2050/2050 2561/2561/2561 2052/2052/2052
f 2052/2052/2052 2562/2562/2562 2054/2054/2054
f 2054/2054/2054 2563/2563/2563 2057/2057/2057
f 2057/2057/2057 2564/2564/2564 2059/2059/2059
f 2059/2059/2059 2565/2565/2565 2061/2061/2061
f 2061/2061/2061 2566/2566/2566 2063/2063/2063
f 2063/2063/2063 2567/2567/2567 2065/2065/2065
f 2065/2065/2065 2568/2568/2568 2067/2067/2067
f 2067/2067/2067 2569/2569/2569 2069/2069/2069
f 2069/2069/2069 2570/2570/2570 2072/2072/2072
f 2072/2072/2072 2571/2571/2571 2074/2074/2074
f 2074/2074/2074 2572/2572/2572 2076/2076/2076
f 2076/2076/2076 2573/2573/2573 2078/2078/2078
f 2078/2078/2078 2574/2574/2574 2081/2081/2081
f 2081/2081/2081 2575/2575/2575 2083/2083/2083
f 2083/2083/2083 2576/2576/2576 2085/2085/2085
f 2085/2085/2085 2577/2577/2577 2087/2087/2087
f 2087/2087/2087 2578/2578/2578 2089/2089/2089
f 2089/2089/2089 2579/2579/2579 2091/2091/2091
f 2091/2091/2091 2580/2580/2580 2093/2093/2093
f 2093/2093/2093 2581/2581/2581 2096/2096/2096
f 2096/2096/2096 2582/2582/2582 2098/2098/2098
f 2098/2098/2098 2583/2583/2583 2100/2100/2100
f 2100/2100/2100 2584/2584/2584 2102/2102/2102
f 2102/2102/2102 2585/2585/2585 2105/2105/2105
f 2105/2105/2105 2586/2586/2586 2107/2107/2107
f 2107/2107/2107 2587/2587/2587 2109/2109/2109
f 2109/2109/2109 2588/2588/2588 2111/2111/2111
f 2111/2111/2111 2589/2589/2589 2114/2114/2114
f 2114/2114/2114 2590/2590/2590 2116/2116/2116
f 2116/2116/2116 2591/2591/2591 2118/2118/2118
f 2118/2118/2118 2592/2592/2592 2120/2120/2120
f 2120/2120/2120 2593/2593/2593 2122/2122/2122
f 2122/2122/2122 2594/2594/2594 2124/2124/2124
f 2124/2124/2124 2595/2595/2595 2126/2126/2126
f 2126/2126/2126 2596/2596/2596 2129/2129/2129
f 2129/2129/2129 2597/2597/2597 2131/2131/2131
f 2131/2131/2131 2598/2598/2598 2133/2133/2133
f 2133/2133/2133 2599/2599/2599 2135/2135/2135
f 2135/2135/2135 2600/2600/2600 2138/2138/2138
f 2138/2138/2138 2601/2601/2601 2140/2140/2140
f 2140/2140/2140 2602/2602/2602 2142/2142/2142
f 2142/2142/2142 2603/2603/2603 2144/2144/2144
f 2144/2144/2144 2604/2604/2604 2147/2147/2147
f 2147/2147/2147 2605/2605/2605 2149/2149/2149
f 2149/2149/2149 2606/2606/2606 2151/2151/2151
f 2151/2151/2151 2607/2607/2607 2153/2153/2153
f 2153/2153/2153 2608/2608/2608 2155/2155/2155
f 2155/2155/2155 2609/2609/2609 2157/2157/2157
f 2157/2157/2157 2610/2610/2610 2159/2159/2159
f 2159/2159/2159 2611/2611/2611 2162/2162/2162
f 2162/2162/2162 2612/2612/2612 2164/2164/2164
f 2164/2164/2164 2613/2613/2613 2166/2166/2166
f 2166/2166/2166 2614/2614/2614 2168/2168/2168
f 2168/2168/2168 2615/2615/2615 2171/2171/2171
f 2171/2171/2171 2616/2616/2616 2173/2173/2173
f 2173/2173/2173 2617/2617/2617 2175/2175/2175
f 2175/2175/2175 2618/2618/2618 2177/2177/2177
f 2177/2177/2177 2619/2619/2619 2180/2180/2180
f 2180/2180/2180 2620/2620/2620 2182/2182/2182
f 2182/2182/2182 2621/2621/2621 2184/2184/2184
f 2184/2184/2184 2622/2622/2622 2186/2186/2186
f 2186/2186/2186 2623/2623/2623 2188/2188/2188
f 2188/2188/2188 2624/2624/2624 2190/2190/2190
f 2190/2190/2190 2625/2625/2625 2192/2192/2192
f 2192/2192/2192 2626/2626/2626 2195/2195/2195
f 2195/2195/2195 2627/2627/2627 2197/2197/2197
f 2197/2197/2197 2628/2628/2628 2199/2199/2199
f 2199/2199/2199 2629/2629/2629 2201/2201/2201
f 2201/2201/2201 2630/2630/2630 2204/2204/2204
f 2204/2204/2204 2631/2631/2631 2206/2206/2206
f 2206/2206/2206 2632/2632/2632 2208/2208/2208
f 2208/2208/2208 2633/2633/2633 2210/2210/2210
f 2210/2210/2210 2634/2634/2634 2213/2213/2213
f 2213/2213/2213 2635/2635/2635 2215/2215/2215
f 2514/2514/2514 2516/2516/2516 2517/2517/2517
f 2217/2217/2217 2637/2637/2637 2219/2219/2219
f 2219/2219/2219 2638/2638/2638 2221/2221/2221
f 2221/2221/2221 2639/2639/2639 2223/2223/2223
f 2223/2223/2223 2640/2640/2640 2225/2225/2225
f 2225/2225/2225 2641/2641/2641 2228/2228/2228
f 2228/2228/2228 2642/2642/2642 2230/2230/2230
f 2230/2230/2230 2643/2643/2643 2232/2232/2232
f 2232/2232/2232 2644/2644/2644 2234/2234/2234
f 2234/2234/2234 2645/2645/2645 2237/2237/2237
f 2237/2237/2237 2646/2646/2646 2239/2239/2239
f 2239/2239/2239 2647/2647/2647 2241/2241/2241
f 2241/2241/2241 2648/2648/2648 2243/2243/2243
f 2243/2243/2243 2649/2649/2649 2245/2245/2245
f 2245/2245/2245 2650/2650/2650 2247/2247/2247
f 2247/2247/2247 2651/2651/2651 2249/2249/2249
f 2249/2249/2249 2652/2652/2652 2252/2252/2252
f 2252/2252/2252 2653/2653/2653 2254/2254/2254
f 2254/2254/2254 2654/2654/2654 2256/2256/2256
f 2256/2256/2256 2655/2655/2655 2258/2258/2258
f 2258/2258/2258 2656/2656/2656 2261/2261/2261
f 2261/2261/2261 2657/2657/2657 2263/2263/2263
f 2263/2263/2263 2658/2658/2658 2265/2265/2265
f 2265/2265/2265 2659/2659/2659 2267/2267/2267
f 2267/2267/2267 2660/2660/2660 2270/2270/2270
f 2270/2270/2270 2661/2661/2661 2272/2272/2272
f 2272/2272/2272 2662/2662/2662 2274/2274/2274
f 2274/2274/2274 2663/2663/2663 2276/2276/2276
f 2276/2276/2276 2664/2664/2664 2278/2278/2278
f 2278/2278/2278 2665/2665/2665 2280/2280/2280
f 2280/2280/2280 2666/2666/2666 2282/2282/2282
f 2282/2282/2282 2667/2667/2667 2285/2285/2285
f 2285/2285/2285 2668/2668/2668 2287/2287/2287
f 2287/2287/2287 2669/2669/2669 2289/2289/2289
f 2289/2289/2289 2670/2670/2670 2291/2291/2291
f 2291/2291/2291 2671/2671/2671 2294/2294/2294
f 2294/2294/2294 2672/2672/2672 2296/2296/2296
f 2296/2296/2296 2673/2673/2673 2298/2298/2298
f 2298/2298/2298 2674/2674/2674 2300/2300/2300
f 2300/2300/2300 2675/2675/2675 2303/2303/2303
f 2303/2303/2303 2676/2676/2676 2305/2305/2305
f 2305/2305/2305 2677/2677/2677 2307/2307/2307
f 2307/2307/2307 2678/2678/2678 2309/2309/2309
f 2309/2309/2309 2679/2679/2679 2311/2311/2311
f 2311/2311/2311 2680/2680/2680 2313/2313/2313
f 2313/2313/2313 2681/2681/2681 2315/2315/2315
f 2315/2315/2315 2682/2682/2682 2318/2318/2318
f 2318/2318/2318 2683/2683/2683 2320/2320/2320
f 2320/2320/2320 2684/2684/2684 2322/2322/2322
f 2322/2322/2322 2685/2685/2685 2324/2324/2324
f 2324/2324/2324 2686/2686/2686 2327/2327/2327
f 2327/2327/2327 2687/2687/2687 2329/2329/2329
f 2513/2513/2513 2515/2515/2515 2511/2511/2511
f 2331/2331/2331 2689/2689/2689 2333/2333/2333
f 2333/2333/2333 2690/2690/2690 2336/2336/2336
f 2336/2336/2336 2691/2691/2691 2338/2338/2338
f 2338/2338/2338 2692/2692/2692 2340/2340/2340
f 2340/2340/2340 2693/2693/2693 2342/2342/2342
f 2342/2342/2342 2694/2694/2694 2344/2344/2344
f 2344/2344/2344 2695/2695/2695 2346/2346/2346
f 2346/2346/2346 2696/2696/2696 2348/2348/2348
f 2348/2348/2348 2697/2697/2697 2351/2351/2351
f 2351/2351/2351 2698/2698/2698 2353/2353/2353
f 2353/2353/2353 2699/2699/2699 2355/2355/2355
f 2355/2355/2355 2700/2700/2700 2357/2357/2357
f 2357/2357/2357 2701/2701/2701 2360/2360/2360
f 2360/2360/2360 2702/2702/2702 2362/2362/2362
f 2362/2362/2362 2703/2703/2703 2364/2364/2364
f 2364/2364/2364 2704/2704/2704 2366/2366/2366
f 2366/2366/2366 2705/2705/2705 2369/2369/2369
f 2369/2369/2369 2706/2706/2706 2371/2371/2371
f 2371/2371/2371 2707/2707/2707 2373/2373/2373
f 2373/2373/2373 2708/2708/2708 2375/2375/2375
f 2375/2375/2375 2709/2709/2709 2377/2377/2377
f 2377/2377/2377 2710/2710/2710 2379/2379/2379
f 2379/2379/2379 2711/2711/2711 2381/2381/2381
f 2381/2381/2381 2712/2712/2712 2384/2384/2384
f 2535/2535/2535 2713/2713/2713 2714/2714/2714
f 2537/2537/2537 2714/2714/2714 2715/2715/2715
f 2538/2538/2538 2715/2715/2715 2716/2716/2716
f 2539/2539/2539 2717/2717/2717 2718/2718/2718
f 2717/2717/2717 2538/2538/2538 2716/2716/2716
f 2540/2540/2540 2718/2718/2718 2719/2719/2719
f 2541/2541/2541 2719/2719/2719 2720/2720/2720
f 2542/2542/2542 2720/2720/2720 2721/2721/2721
f 2543/2543/2543 2721/2721/2721 2722/2722/2722
f 2544/2544/2544 2722/2722/2722 2723/2723/2723
f 2545/2545/2545 2723/2723/2723 2724/2724/2724
f 2546/2546/2546 2724/2724/2724 2725/2725/2725
f 2547/2547/2547 2725/2725/2725 2726/2726/2726
f 2548/2548/2548 2726/2726/2726 2727/2727/2727
f 2549/2549/2549 2727/2727/2727 2728/2728/2728
f 2550/2550/2550 2728/2728/2728 2729/2729/2729
f 2551/2551/2551 2729/2729/2729 2730/2730/2730
f 2552/2552/2552 2730/2730/2730 2731/2731/2731
f 2553/2553/2553 2731/2731/2731 2732/2732/2732
f 2554/2554/2554 2732/2732/2732 2733/2733/2733
f 2555/2555/2555 2733/2733/2733 2734/2734/2734
f 2556/2556/2556 2734/2734/2734 2735/2735/2735
f 2557/2557/2557 2735/2735/2735 2736/2736/2736
f 2558/2558/2558 2736/2736/2736 2737/2737/2737
f 2559/2559/2559 2737/2737/2737 2738/2738/2738
f 2560/2560/2560 2738/2738/2738 2739/2739/2739
f 2561/2561/2561 2739/2739/2739 2740/2740/2740
f 2562/2562/2562 2740/2740/2740 2741/2741/2741
f 2563/2563/2563 2741/2741/2741 2742/2742/2742
f 2564/2564/2564 2742/2742/2742 2743/2743/2743
f 2565/2565/2565 2743/2743/2743 2744/2744/2744
f 2566/2566/2566 2744/2744/2744 2745/2745/2745
f 2567/2567/2567 2745/2745/2745 2746/2746/2746
f 2568/2568/2568 2746/2746/2746 2747/2747/2747
f 2569/2569/2569 2747/2747/2747 2748/2748/2748
f 2570/2570/2570 2748/2748/2748 2749/2749/2749
f 2571/2571/2571 2749/2749/2749 2750/2750/2750
f 2572/2572/2572 2750/2750/2750 2751/2751/2751
f 2573/2573/2573 2751/2751/2751 2752/2752/2752
f 2574/2574/2574 2752/2752/2752 2753/2753/2753
f 2575/2575/2575 2754/2754/2754 2755/2755/2755
f 2754/2754/2754 2574/2574/2574 2753/2753/2753
f 2576/2576/2576 2756/2756/2756 2757/2757/2757
f 2756/2756/2756 2575/2575/2575 2755/2755/2755
f 2576/2576/2576 2758/2758/2758 2577/2577/2577
f 2758/2758/2758 2576/2576/2576 2759/2759/2759
f 2759/2759/2759 2576/2576/2576 2757/2757/2757
f 2577/2577/2577 2758/2758/2758 2760/2760/2760
f 2578/2578/2578 2761/2761/2761 2762/2762/2762
f 2761/2761/2761 2577/2577/2577 2763/2763/2763
f 2765/2765/2765 2578/2578/2578 2764/2764/2764
f 2764/2764/2764 2578/2578/2578 2766/2766/2766
f 2578/2578/2578 2765/2765/2765 2579/2579/2579
f 2766/2766/2766 2578/2578/2578 2762/2762/2762
f 2580/2580/2580 2767/2767/2767 2768/2768/2768
f 2767/2767/2767 2579/2579/2579 2769/2769/2769
f 2767/2767/2767 2580/2580/2580 2579/2579/2579
f 2580/2580/2580 2768/2768/2768 2770/2770/2770
f 2581/2581/2581 2771/2771/2771 2772/2772/2772
f 2771/2771/2771 2580/2580/2580 2773/2773/2773
f 2582/2582/2582 2774/2774/2774 2775/2775/2775
f 2774/2774/2774 2581/2581/2581 2776/2776/2776
f 2776/2776/2776 2581/2581/2581 2777/2777/2777
f 2777/2777/2777 2581/2581/2581 2772/2772/2772
f 2779/2779/2779 2582/2582/2582 2778/2778/2778
f 2778/2778/2778 2582/2582/2582 2775/2775/2775
f 2582/2582/2582 2779/2779/2779 2583/2583/2583
f 2583/2583/2583 2779/2779/2779 2780/2780/2780
f 2584/2584/2584 2781/2781/2781 2782/2782/2782
f 2781/2781/2781 2583/2583/2583 2783/2783/2783
f 2584/2584/2584 2784/2784/2784 2585/2585/2585
f 2784/2784/2784 2584/2584/2584 2785/2785/2785
f 2785/2785/2785 2584/2584/2584 2782/2782/2782
f 2586/2586/2586 2786/2786/2786 2787/2787/2787
f 2786/2786/2786 2585/2585/2585 2788/2788/2788
f 2786/2786/2786 2586/2586/2586 2585/2585/2585
f 2788/2788/2788 2585/2585/2585 2789/2789/2789
f 2587/2587/2587 2790/2790/2790 2791/2791/2791
f 2790/2790/2790 2586/2586/2586 2792/2792/2792
f 2790/2790/2790 2587/2587/2587 2586/2586/2586
f 2587/2587/2587 2793/2793/2793 2588/2588/2588
f 2793/2793/2793 2587/2587/2587 2794/2794/2794
f 2794/2794/2794 2587/2587/2587 2795/2795/2795
f 2797/2797/2797 2588/2588/2588 2796/2796/2796
f 2588/2588/2588 2797/2797/2797 2589/2589/2589
f 2796/2796/2796 2588/2588/2588 2798/2798/2798
f 2798/2798/2798 2588/2588/2588 2799/2799/2799
f 2590/2590/2590 2800/2800/2800 2801/2801/2801
f 2803/2803/2803 2589/2589/2589 2802/2802/2802
f 2589/2589/2589 2803/2803/2803 2800/2800/2800
f 2590/2590/2590 2804/2804/2804 2591/2591/2591
f 2804/2804/2804 2590/2590/2590 2805/2805/2805
f 2805/2805/2805 2590/2590/2590 2801/2801/2801
f 2592/2592/2592 2806/2806/2806 2807/2807/2807
f 2806/2806/2806 2591/2591/2591 2808/2808/2808
f 2806/2806/2806 2592/2592/2592 2591/2591/2591
f 2808/2808/2808 2591/2591/2591 2809/2809/2809
f 2593/2593/2593 2810/2810/2810 2811/2811/2811
f 2810/2810/2810 2592/2592/2592 2812/2812/2812
f 2812/2812/2812 2592/2592/2592 2813/2813/2813
f 2814/2814/2814 2594/2594/2594 2593/2593/2593
f 2814/2814/2814 2593/2593/2593 2815/2815/2815
f 2815/2815/2815 2593/2593/2593 2811/2811/2811
f 2594/2594/2594 2814/2814/2814 2816/2816/2816
f 2595/2595/2595 2817/2817/2817 2818/2818/2818
f 2817/2817/2817 2594/2594/2594 2819/2819/2819
f 2817/2817/2817 2595/2595/2595 2594/2594/2594
f 2596/2596/2596 2820/2820/2820 2821/2821/2821
f 2820/2820/2820 2595/2595/2595 2822/2822/2822
f 2822/2822/2822 2595/2595/2595 2823/2823/2823
f 2596/2596/2596 2824/2824/2824 2597/2597/2597
f 2824/2824/2824 2596/2596/2596 2821/2821/2821
f 2598/2598/2598 2825/2825/2825 2826/2826/2826
f 2825/2825/2825 2597/2597/2597 2827/2827/2827
f 2599/2599/2599 2828/2828/2828 2829/2829/2829
f 2828/2828/2828 2598/2598/2598 2830/2830/2830
f 2830/2830/2830 2598/2598/2598 2826/2826/2826
f 2832/2832/2832 2599/2599/2599 2831/2831/2831
f 2831/2831/2831 2599/2599/2599 2833/2833/2833
f 2599/2599/2599 2832/2832/2832 2600/2600/2600
f 2833/2833/2833 2599/2599/2599 2829/2829/2829
f 2835/2835/2835 2600/2600/2600 2834/2834/2834
f 2834/2834/2834 2600/2600/2600 2836/2836/2836
f 2600/2600/2600 2835/2835/2835 2601/2601/2601
f 2601/2601/2601 2835/2835/2835 2837/2837/2837
f 2602/2602/2602 2838/2838/2838 2839/2839/2839
f 2838/2838/2838 2601/2601/2601 2840/2840/2840
f 2842/2842/2842 2602/2602/2602 2841/2841/2841
f 2602/2602/2602 2842/2842/2842 2603/2603/2603
f 2841/2841/2841 2602/2602/2602 2843/2843/2843
f 2843/2843/2843 2602/2602/2602 2839/2839/2839
f 2845/2845/2845 2603/2603/2603 2844/2844/2844
f 2844/2844/2844 2603/2603/2603 2846/2846/2846
f 2603/2603/2603 2845/2845/2845 2604/2604/2604
f 2604/2604/2604 2845/2845/2845 2847/2847/2847
f 2605/2605/2605 2848/2848/2848 2849/2849/2849
f 2848/2848/2848 2604/2604/2604 2850/2850/2850
f 2606/2606/2606 2851/2851/2851 2852/2852/2852
f 2851/2851/2851 2605/2605/2605 2853/2853/2853
f 2853/2853/2853 2605/2605/2605 2854/2854/2854
f 2854/2854/2854 2605/2605/2605 2849/2849/2849
f 2607/2607/2607 2855/2855/2855 2856/2856/2856
f 2855/2855/2855 2606/2606/2606 2857/2857/2857
f 2855/2855/2855 2607/2607/2607 2606/2606/2606
f 2857/2857/2857 2606/2606/2606 2852/2852/2852
f 2607/2607/2607 2858/2858/2858 2608/2608/2608
f 2858/2858/2858 2607/2607/2607 2859/2859/2859
f 2608/2608/2608 2858/2858/2858 2860/2860/2860
f 2608/2608/2608 2861/2861/2861 2609/2609/2609
f 2861/2861/2861 2608/2608/2608 2862/2862/2862
f 2610/2610/2610 2863/2863/2863 2864/2864/2864
f 2863/2863/2863 2609/2609/2609 2865/2865/2865
f 2867/2867/2867 2610/2610/2610 2866/2866/2866
f 2866/2866/2866 2610/2610/2610 2864/2864/2864
f 2610/2610/2610 2867/2867/2867 2611/2611/2611
f 2611/2611/2611 2868/2868/2868 2612/2612/2612
f 2868/2868/2868 2611/2611/2611 2869/2869/2869
f 2871/2871/2871 2612/2612/2612 2870/2870/2870
f 2870/2870/2870 2612/2612/2612 2872/2872/2872
f 2612/2612/2612 2871/2871/2871 2613/2613/2613
f 2872/2872/2872 2612/2612/2612 2873/2873/2873
f 2614/2614/2614 2874/2874/2874 2875/2875/2875
f 2874/2874/2874 2613/2613/2613 2876/2876/2876
f 2876/2876/2876 2613/2613/2613 2877/2877/2877
f 2614/2614/2614 2878/2878/2878 2615/2615/2615
f 2878/2878/2878 2614/2614/2614 2879/2879/2879
f 2879/2879/2879 2614/2614/2614 2875/2875/2875
f 2881/2881/2881 2615/2615/2615 2880/2880/2880
f 2615/2615/2615 2881/2881/2881 2616/2616/2616
f 2880/2880/2880 2615/2615/2615 2882/2882/2882
f 2617/2617/2617 2883/2883/2883 2884/2884/2884
f 2883/2883/2883 2616/2616/2616 2885/2885/2885
f 2885/2885/2885 2616/2616/2616 2886/2886/2886
f 2888/2888/2888 2617/2617/2617 2887/2887/2887
f 2889/2889/2889 2617/2617/2617 2884/2884/2884
f 2617/2617/2617 2889/2889/2889 2887/2887/2887
f 2617/2617/2617 2888/2888/2888 2618/2618/2618
f 2619/2619/2619 2890/2890/2890 2891/2891/2891
f 2890/2890/2890 2618/2618/2618 2892/2892/2892
f 2890/2890/2890 2619/2619/2619 2618/2618/2618
f 2894/2894/2894 2619/2619/2619 2893/2893/2893
f 2619/2619/2619 2894/2894/2894 2620/2620/2620
f 2893/2893/2893 2619/2619/2619 2895/2895/2895
f 2620/2620/2620 2896/2896/2896 2621/2621/2621
f 2896/2896/2896 2620/2620/2620 2897/2897/2897
f 2622/2622/2622 2898/2898/2898 2899/2899/2899
f 2898/2898/2898 2621/2621/2621 2900/2900/2900
f 2898/2898/2898 2622/2622/2622 2621/2621/2621
f 2623/2623/2623 2901/2901/2901 2902/2902/2902
f 2901/2901/2901 2622/2622/2622 2903/2903/2903
f 2905/2905/2905 2623/2623/2623 2904/2904/2904
f 2904/2904/2904 2623/2623/2623 2902/2902/2902
f 2623/2623/2623 2905/2905/2905 2624/2624/2624
f 2907/2907/2907 2624/2624/2624 2906/2906/2906
f 2906/2906/2906 2624/2624/2624 2908/2908/2908
f 2624/2624/2624 2907/2907/2907 2625/2625/2625
f 2626/2626/2626 2909/2909/2909 2910/2910/2910
f 2909/2909/2909 2625/2625/2625 2911/2911/2911
f 2626/2626/2626 2912/2912/2912 2627/2627/2627
f 2912/2912/2912 2626/2626/2626 2913/2913/2913
f 2913/2913/2913 2626/2626/2626 2910/2910/2910
f 2914/2914/2914 2628/2628/2628 2627/2627/2627
f 2914/2914/2914 2627/2627/2627 2915/2915/2915
f 2915/2915/2915 2627/2627/2627 2916/2916/2916
f 2628/2628/2628 2914/2914/2914 2917/2917/2917
f 2629/2629/2629 2918/2918/2918 2919/2919/2919
f 2918/2918/2918 2628/2628/2628 2920/2920/2920
f 2630/2630/2630 2921/2921/2921 2922/2922/2922
f 2921/2921/2921 2629/2629/2629 2923/2923/2923
f 2923/2923/2923 2629/2629/2629 2919/2919/2919
f 2631/2631/2631 2924/2924/2924 2925/2925/2925
f 2924/2924/2924 2630/2630/2630 2926/2926/2926
f 2926/2926/2926 2630/2630/2630 2922/2922/2922
f 2631/2631/2631 2927/2927/2927 2632/2632/2632
f 2927/2927/2927 2631/2631/2631 2925/2925/2925
f 2632/2632/2632 2927/2927/2927 2928/2928/2928
f 2632/2632/2632 2929/2929/2929 2633/2633/2633
f 2929/2929/2929 2632/2632/2632 2930/2930/2930
f 2634/2634/2634 2931/2931/2931 2932/2932/2932
f 2931/2931/2931 2633/2633/2633 2933/2933/2933
f 2934/2934/2934 2635/2635/2635 2634/2634/2634
f 2934/2934/2934 2634/2634/2634 2935/2935/2935
f 2935/2935/2935 2634/2634/2634 2932/2932/2932
f 2635/2635/2635 2936/2936/2936 2636/2636/2636
f 2936/2936/2936 2635/2635/2635 2937/2937/2937
f 2636/2636/2636 2936/2936/2936 2938/2938/2938
f 2940/2940/2940 2636/2636/2636 2939/2939/2939
f 2939/2939/2939 2636/2636/2636 2941/2941/2941
f 2636/2636/2636 2940/2940/2940 2637/2637/2637
f 2638/2638/2638 2942/2942/2942 2943/2943/2943
f 2942/2942/2942 2637/2637/2637 2944/2944/2944
f 2945/2945/2945 2638/2638/2638 2943/2943/2943
f 2638/2638/2638 2945/2945/2945 2639/2639/2639
f 2947/2947/2947 2639/2639/2639 2946/2946/2946
f 2639/2639/2639 2947/2947/2947 2640/2640/2640
f 2948/2948/2948 2641/2641/2641 2640/2640/2640
f 2948/2948/2948 2640/2640/2640 2949/2949/2949
f 2949/2949/2949 2640/2640/2640 2950/2950/2950
f 2642/2642/2642 2951/2951/2951 2952/2952/2952
f 2951/2951/2951 2641/2641/2641 2953/2953/2953
f 2953/2953/2953 2641/2641/2641 2954/2954/2954
f 2643/2643/2643 2955/2955/2955 2956/2956/2956
f 2955/2955/2955 2642/2642/2642 2952/2952/2952
f 2643/2643/2643 2957/2957/2957 2644/2644/2644
f 2957/2957/2957 2643/2643/2643 2956/2956/2956
f 2644/2644/2644 2957/2957/2957 2958/2958/2958
f 2959/2959/2959 2645/2645/2645 2644/2644/2644
f 2959/2959/2959 2644/2644/2644 2960/2960/2960
f 2960/2960/2960 2644/2644/2644 2961/2961/2961
f 2963/2963/2963 2645/2645/2645 2962/2962/2962
f 2645/2645/2645 2963/2963/2963 2646/2646/2646
f 2962/2962/2962 2645/2645/2645 2964/2964/2964
f 2647/2647/2647 2965/2965/2965 2966/2966/2966
f 2965/2965/2965 2646/2646/2646 2967/2967/2967
f 2969/2969/2969 2647/2647/2647 2968/2968/2968
f 2647/2647/2647 2969/2969/2969 2648/2648/2648
f 2968/2968/2968 2647/2647/2647 2966/2966/2966
f 2971/2971/2971 2648/2648/2648 2970/2970/2970
f 2970/2970/2970 2648/2648/2648 2972/2972/2972
f 2648/2648/2648 2971/2971/2971 2649/2649/2649
f 2650/2650/2650 2973/2973/2973 2974/2974/2974
f 2973/2973/2973 2649/2649/2649 2975/2975/2975
f 2976/2976/2976 2650/2650/2650 2974/2974/2974
f 2650/2650/2650 2976/2976/2976 2651/2651/2651
f 2978/2978/2978 2651/2651/2651 2977/2977/2977
f 2977/2977/2977 2651/2651/2651 2979/2979/2979
f 2651/2651/2651 2978/2978/2978 2652/2652/2652
f 2980/2980/2980 2653/2653/2653 2652/2652/2652
f 2980/2980/2980 2652/2652/2652 2981/2981/2981
f 2653/2653/2653 2980/2980/2980 2982/2982/2982
f 2654/2654/2654 2983/2983/2983 2984/2984/2984
f 2983/2983/2983 2653/2653/2653 2985/2985/2985
f 2985/2985/2985 2653/2653/2653 2986/2986/2986
f 2655/2655/2655 2984/2984/2984 2987/2987/2987
f 2989/2989/2989 2656/2656/2656 2988/2988/2988
f 2990/2990/2990 2656/2656/2656 2655/2655/2655
f 2990/2990/2990 2655/2655/2655 2987/2987/2987
f 2656/2656/2656 2990/2990/2990 2988/2988/2988
f 2991/2991/2991 2657/2657/2657 2656/2656/2656
f 2991/2991/2991 2656/2656/2656 2992/2992/2992
f 2657/2657/2657 2991/2991/2991 2993/2993/2993
f 2658/2658/2658 2994/2994/2994 2995/2995/2995
f 2994/2994/2994 2657/2657/2657 2996/2996/2996
f 2997/2997/2997 2659/2659/2659 2658/2658/2658
f 2997/2997/2997 2658/2658/2658 2998/2998/2998
f 2998/2998/2998 2658/2658/2658 2995/2995/2995
f 3000/3000/3000 2659/2659/2659 2999/2999/2999
f 2659/2659/2659 3000/3000/3000 2660/2660/2660
f 3001/3001/3001 2661/2661/2661 2660/2660/2660
f 3003/3003/3003 2660/2660/2660 3002/3002/3002
f 2660/2660/2660 3003/3003/3003 3001/3001/3001
f 2662/2662/2662 3004/3004/3004 3005/3005/3005
f 3004/3004/3004 2661/2661/2661 3006/3006/3006
f 3007/3007/3007 2663/2663/2663 2662/2662/2662
f 3007/3007/3007 2662/2662/2662 3005/3005/3005
f 2663/2663/2663 3007/3007/3007 3008/3008/3008
f 3010/3010/3010 2663/2663/2663 3009/3009/3009
f 2663/2663/2663 3010/3010/3010 2664/2664/2664
f 3011/3011/3011 2665/2665/2665 2664/2664/2664
f 3011/3011/3011 2664/2664/2664 3012/3012/3012
f 2666/2666/2666 3013/3013/3013 3014/3014/3014
f 3013/3013/3013 2665/2665/2665 3015/3015/3015
f 3015/3015/3015 2665/2665/2665 3016/3016/3016
f 3017/3017/3017 2666/2666/2666 3014/3014/3014
f 3018/3018/3018 2667/2667/2667 3017/3017/3017
f 2667/2667/2667 3018/3018/3018 2668/2668/2668
f 3019/3019/3019 2669/2669/2669 2668/2668/2668
f 3019/3019/3019 2668/2668/2668 3020/3020/3020
f 2670/2670/2670 3021/3021/3021 3022/3022/3022
f 3021/3021/3021 2669/2669/2669 3023/3023/3023
f 2671/2671/2671 3022/3022/3022 3024/3024/3024
f 3025/3025/3025 2671/2671/2671 3024/3024/3024
f 2671/2671/2671 3025/3025/3025 2672/2672/2672
f 3026/3026/3026 2673/2673/2673 2672/2672/2672
f 3026/3026/3026 2672/2672/2672 3027/3027/3027
f 3029/3029/3029 2673/2673/2673 3028/3028/3028
f 2673/2673/2673 3029/3029/3029 2674/2674/2674
f 3028/3028/3028 2673/2673/2673 3030/3030/3030
f 3032/3032/3032 2674/2674/2674 3031/3031/3031
f 2675/2675/2675 3033/3033/3033 2676/2676/2676
f 3033/3033/3033 2675/2675/2675 3032/3032/3032
f 3034/3034/3034 2677/2677/2677 2676/2676/2676
f 3034/3034/3034 2676/2676/2676 3035/3035/3035
f 2678/2678/2678 3036/3036/3036 3037/3037/3037
f 3036/3036/3036 2677/2677/2677 3038/3038/3038
f 3039/3039/3039 2678/2678/2678 3037/3037/3037
f 3041/3041/3041 2679/2679/2679 3040/3040/3040
f 3040/3040/3040 2679/2679/2679 3039/3039/3039
f 2679/2679/2679 3041/3041/3041 2680/2680/2680
f 3042/3042/3042 2681/2681/2681 2680/2680/2680
f 3042/3042/3042 2680/2680/2680 3043/3043/3043
f 2682/2682/2682 3044/3044/3044 3045/3045/3045
f 3044/3044/3044 2681/2681/2681 3046/3046/3046
f 3047/3047/3047 2682/2682/2682 3045/3045/3045
f 3048/3048/3048 2683/2683/2683 3047/3047/3047
f 3049/3049/3049 2684/2684/2684 3048/3048/3048
f 2684/2684/2684 3049/3049/3049 2685/2685/2685
f 2685/2685/2685 3049/3049/3049 3050/3050/3050
f 2686/2686/2686 3051/3051/3051 3052/3052/3052
f 3051/3051/3051 2685/2685/2685 3053/3053/3053
f 2687/2687/2687 3052/3052/3052 3054/3054/3054
f 3055/3055/3055 2687/2687/2687 3054/3054/3054
f 3056/3056/3056 2688/2688/2688 3055/3055/3055
f 2688/2688/2688 3056/3056/3056 2689/2689/2689
f 3057/3057/3057 2690/2690/2690 2689/2689/2689
f 3057/3057/3057 2689/2689/2689 3058/3058/3058
f 3060/3060/3060 2690/2690/2690 3059/3059/3059
f 3061/3061/3061 2691/2691/2691 3060/3060/3060
f 3062/3062/3062 2693/2693/2693 2692/2692/2692
f 3062/3062/3062 2692/2692/2692 3061/3061/3061
f 2694/2694/2694 3063/3063/3063 3064/3064/3064
f 3063/3063/3063 2693/2693/2693 3065/3065/3065
f 3064/3064/3064 2695/2695/2695 2694/2694/2694
f 3067/3067/3067 2695/2695/2695 3066/3066/3066
f 3069/3069/3069 2696/2696/2696 3068/3068/3068
f 3068/3068/3068 2696/2696/2696 3067/3067/3067
f 2696/2696/2696 3069/3069/3069 2697/2697/2697
f 2698/2698/2698 3070/3070/3070 3071/3071/3071
f 3070/3070/3070 2697/2697/2697 3072/3072/3072
f 3071/3071/3071 2699/2699/2699 2698/2698/2698
f 3074/3074/3074 2699/2699/2699 3073/3073/3073
f 3075/3075/3075 2700/2700/2700 3074/3074/3074
f 2700/2700/2700 3075/3075/3075 2701/2701/2701
f 3076/3076/3076 2702/2702/2702 2701/2701/2701
f 3076/3076/3076 2701/2701/2701 3077/3077/3077
f 2702/2702/2702 3076/3076/3076 3078/3078/3078
f 3079/3079/3079 2703/2703/2703 2702/2702/2702
f 3081/3081/3081 2703/2703/2703 3080/3080/3080
f 3082/3082/3082 2705/2705/2705 2704/2704/2704
f 3082/3082/3082 2704/2704/2704 3081/3081/3081
f 2706/2706/2706 3083/3083/3083 3084/3084/3084
f 3083/3083/3083 2705/2705/2705 3085/3085/3085
f 3084/3084/3084 2707/2707/2707 2706/2706/2706
f 3087/3087/3087 2707/2707/2707 3086/3086/3086
f 2707/2707/2707 3087/3087/3087 2708/2708/2708
f 3089/3089/3089 2708/2708/2708 3088/3088/3088
f 2708/2708/2708 3089/3089/3089 2709/2709/2709
f 2710/2710/2710 3090/3090/3090 3091/3091/3091
f 3091/3091/3091 2711/2711/2711 2710/2710/2710
f 3093/3093/3093 2711/2711/2711 3092/3092/3092
f 2384/2384/2384 3094/3094/3094 2386/2386/2386
f 3094/3094/3094 2384/2384/2384 2712/2712/2712
f 2388/2388/2388 3095/3095/3095 3096/3096/3096
f 3095/3095/3095 2386/2386/2386 3097/3097/3097
f 2390/2390/2390 3096/3096/3096 3098/3098/3098
f 2390/2390/2390 3099/3099/3099 2393/2393/2393
f 2395/2395/2395 3100/3100/3100 3101/3101/3101
f 3100/3100/3100 2393/2393/2393 3099/3099/3099
f 2397/2397/2397 3102/3102/3102 3103/3103/3103
f 3102/3102/3102 2395/2395/2395 3101/3101/3101
f 2399/2399/2399 3103/3103/3103 3104/3104/3104
f 2399/2399/2399 3105/3105/3105 2402/2402/2402
f 3105/3105/3105 2399/2399/2399 3104/3104/3104
f 2402/2402/2402 3106/3106/3106 2404/2404/2404
f 3106/3106/3106 2402/2402/2402 3107/3107/3107
f 2406/2406/2406 3108/3108/3108 3109/3109/3109
f 2408/2408/2408 3109/3109/3109 3110/3110/3110
f 3111/3111/3111 2408/2408/2408 3110/3110/3110
f 3112/3112/3112 2412/2412/2412 2410/2410/2410
f 3113/3113/3113 2410/2410/2410 3111/3111/3111
f 2410/2410/2410 3113/3113/3113 3112/3112/3112
f 2414/2414/2414 3114/3114/3114 3115/3115/3115
f 3114/3114/3114 2412/2412/2412 3116/3116/3116
f 2417/2417/2417 3115/3115/3115 3117/3117/3117
f 2419/2419/2419 3117/3117/3117 3118/3118/3118
f 3119/3119/3119 2419/2419/2419 3118/3118/3118
f 2423/2423/2423 3120/3120/3120 3121/3121/3121
f 3120/3120/3120 2421/2421/2421 3119/3119/3119
f 2426/2426/2426 3122/3122/3122 3123/3123/3123
f 3122/3122/3122 2423/2423/2423 3121/3121/3121
f 2426/2426/2426 3124/3124/3124 2428/2428/2428
f 2428/2428/2428 3125/3125/3125 2430/2430/2430
f 2432/2432/2432 3126/3126/3126 3127/3127/3127
f 3126/3126/3126 2430/2430/2430 3125/3125/3125
f 2434/2434/2434 3127/3127/3127 3128/3128/3128
f 3129/3129/3129 2434/2434/2434 3128/3128/3128
f 2436/2436/2436 3130/3130/3130 2438/2438/2438
f 2438/2438/2438 3131/3131/3131 2441/2441/2441
f 2443/2443/2443 3132/3132/3132 3133/3133/3133
f 3132/3132/3132 2441/2441/2441 3131/3131/3131
f 2445/2445/2445 3133/3133/3133 3134/3134/3134
f 3135/3135/3135 2445/2445/2445 3134/3134/3134
f 2447/2447/2447 3136/3136/3136 2450/2450/2450
f 3137/3137/3137 2452/2452/2452 2450/2450/2450
f 3137/3137/3137 2450/2450/2450 3136/3136/3136
f 2454/2454/2454 3138/3138/3138 3139/3139/3139
f 2456/2456/2456 3139/3139/3139 3140/3140/3140
f 2459/2459/2459 3141/3141/3141 3142/3142/3142
f 3141/3141/3141 2456/2456/2456 3140/3140/3140
f 2461/2461/2461 3143/3143/3143 3144/3144/3144
f 3143/3143/3143 2459/2459/2459 3142/3142/3142
f 3144/3144/3144 2463/2463/2463 2461/2461/2461
f 2463/2463/2463 3145/3145/3145 2465/2465/2465
f 2465/2465/2465 3146/3146/3146 2467/2467/2467
f 2469/2469/2469 3147/3147/3147 3148/3148/3148
f 3147/3147/3147 2467/2467/2467 3146/3146/3146
f 2471/2471/2471 3148/3148/3148 3149/3149/3149
f 3150/3150/3150 2471/2471/2471 3149/3149/3149
f 2474/2474/2474 3151/3151/3151 2476/2476/2476
f 2476/2476/2476 3152/3152/3152 2478/2478/2478
f 2480/2480/2480 3153/3153/3153 3154/3154/3154
f 3153/3153/3153 2478/2478/2478 3152/3152/3152
f 2483/2483/2483 3154/3154/3154 3155/3155/3155
f 3156/3156/3156 2483/2483/2483 3155/3155/3155
f 2485/2485/2485 3157/3157/3157 2487/2487/2487
f 2487/2487/2487 3158/3158/3158 2489/2489/2489
f 3158/3158/3158 2487/2487/2487 3157/3157/3157
f 2492/2492/2492 3159/3159/3159 3160/3160/3160
f 2494/2494/2494 3160/3160/3160 3161/3161/3161
f 3162/3162/3162 2494/2494/2494 3161/3161/3161
f 2496/2496/2496 3163/3163/3163 2498/2498/2498
f 2498/2498/2498 3164/3164/3164 2500/2500/2500
f 3164/3164/3164 2498/2498/2498 3163/3163/3163
f 2500/2500/2500 3165/3165/3165 2502/2502/2502
f 2504/2504/2504 3165/3165/3165 3166/3166/3166
f 2507/2507/2507 3167/3167/3167 3168/3168/3168
f 3167/3167/3167 2504/2504/2504 3166/3166/3166
f 2509/2509/2509 3169/3169/3169 2511/2511/2511
f 3169/3169/3169 2509/2509/2509 3168/3168/3168
f 2511/2511/2511 3170/3170/3170 2513/2513/2513
f 2516/2516/2516 3170/3170/3170 3171/3171/3171
f 2518/2518/2518 3172/3172/3172 3173/3173/3173
f 3172/3172/3172 2516/2516/2516 3171/3171/3171
f 2520/2520/2520 3173/3173/3173 3174/3174/3174
f 3174/3174/3174 2522/2522/2522 2520/2520/2520
f 2522/2522/2522 3175/3175/3175 2525/2525/2525
f 2525/2525/2525 3176/3176/3176 2527/2527/2527
f 2529/2529/2529 3177/3177/3177 3178/3178/3178
f 3177/3177/3177 2527/2527/2527 3176/3176/3176
f 2531/2531/2531 3178/3178/3178 3179/3179/3179
f 3180/3180/3180 2533/2533/2533 3179/3179/3179
f 3182/3182/3182 2534/2534/2534 3181/3181/3181
f 3181/3181/3181 2534/2534/2534 2533/2533/2533
f 3184/3184/3184 3182/3182/3182 3183/3183/3183
f 3184/3184/3184 3183/3183/3183 3185/3185/3185
f 3188/3188/3188 3186/3186/3186 3187/3187/3187
f 3186/3186/3186 3185/3185/3185 3183/3183/3183
f 3190/3190/3190 3188/3188/3188 3189/3189/3189
f 3189/3189/3189 3188/3188/3188 3187/3187/3187
f 3193/3193/3193 3191/3191/3191 3192/3192/3192
f 3192/3192/3192 3191/3191/3191 3190/3190/3190
f 3195/3195/3195 3193/3193/3193 3194/3194/3194
f 3196/3196/3196 3195/3195/3195 3194/3194/3194
f 3195/3195/3195 3196/3196/3196 3197/3197/3197
f 3197/3197/3197 3198/3198/3198 3199/3199/3199
f 3202/3202/3202 3200/3200/3200 3201/3201/3201
f 3200/3200/3200 3199/3199/3199 3198/3198/3198
f 3204/3204/3204 3202/3202/3202 3203/3203/3203
f 3203/3203/3203 3202/3202/3202 3201/3201/3201
f 3207/3207/3207 3205/3205/3205 3206/3206/3206
f 3206/3206/3206 3205/3205/3205 3204/3204/3204
f 3205/3205/3205 3207/3207/3207 3208/3208/3208
f 3210/3210/3210 3208/3208/3208 3209/3209/3209
f 3209/3209/3209 3208/3208/3208 3207/3207/3207
f 3212/3212/3212 3211/3211/3211 3210/3210/3210
f 3215/3215/3215 3213/3213/3213 3214/3214/3214
f 3214/3214/3214 3213/3213/3213 3212/3212/3212
f 3218/3218/3218 3216/3216/3216 3217/3217/3217
f 3217/3217/3217 3216/3216/3216 3215/3215/3215
f 3221/3221/3221 3219/3219/3219 3220/3220/3220
f 3220/3220/3220 3219/3219/3219 3218/3218/3218
f 3224/3224/3224 3222/3222/3222 3223/3223/3223
f 3223/3223/3223 3222/3222/3222 3221/3221/3221
f 3226/3226/3226 3224/3224/3224 3225/3225/3225
f 3226/3226/3226 3225/3225/3225 3227/3227/3227
f 3229/3229/3229 3227/3227/3227 3228/3228/3228
f 3228/3228/3228 3227/3227/3227 3225/3225/3225
f 3232/3232/3232 3230/3230/3230 3231/3231/3231
f 3231/3231/3231 3230/3230/3230 3229/3229/3229
f 3235/3235/3235 3233/3233/3233 3234/3234/3234
f 3234/3234/3234 3233/3233/3233 3232/3232/3232
f 3238/3238/3238 3236/3236/3236 3237/3237/3237
f 3236/3236/3236 3238/3238/3238 3235/3235/3235
f 3240/3240/3240 3237/3237/3237 3239/3239/3239
f 3239/3239/3239 3237/3237/3237 3236/3236/3236
f 3243/3243/3243 3241/3241/3241 3242/3242/3242
f 3242/3242/3242 3241/3241/3241 3240/3240/3240
f 3246/3246/3246 3244/3244/3244 3245/3245/3245
f 3245/3245/3245 3244/3244/3244 3243/3243/3243
f 3248/3248/3248 3247/3247/3247 3246/3246/3246
f 3251/3251/3251 3249/3249/3249 3250/3250/3250
f 3250/3250/3250 3249/3249/3249 3248/3248/3248
f 3254/3254/3254 3252/3252/3252 3253/3253/3253
f 3253/3253/3253 3252/3252/3252 3251/3251/3251
f 3256/3256/3256 3255/3255/3255 3254/3254/3254
f 3258/3258/3258 3257/3257/3257 3256/3256/3256
f 3257/3257/3257 3258/3258/3258 3259/3259/3259
f 3261/3261/3261 3259/3259/3259 3260/3260/3260
f 3260/3260/3260 3259/3259/3259 3258/3258/3258
f 3263/3263/3263 3262/3262/3262 3261/3261/3261
f 3266/3266/3266 3264/3264/3264 3265/3265/3265
f 3265/3265/3265 3264/3264/3264 3263/3263/3263
f 3268/3268/3268 3267/3267/3267 3266/3266/3266
f 3270/3270/3270 3269/3269/3269 3268/3268/3268
f 3269/3269/3269 3270/3270/3270 3271/3271/3271
f 3272/3272/3272 3271/3271/3271 3270/3270/3270
f 3275/3275/3275 3273/3273/3273 3274/3274/3274
f 3274/3274/3274 3273/3273/3273 3272/3272/3272
f 3278/3278/3278 3276/3276/3276 3277/3277/3277
f 3277/3277/3277 3276/3276/3276 3275/3275/3275
f 3281/3281/3281 3279/3279/3279 3280/3280/3280
f 3280/3280/3280 3279/3279/3279 3278/3278/3278
f 3279/3279/3279 3281/3281/3281 3282/3282/3282
f 3284/3284/3284 3282/3282/3282 3283/3283/3283
f 3283/3283/3283 3282/3282/3282 3281/3281/3281
f 3286/3286/3286 3285/3285/3285 3284/3284/3284
f 3289/3289/3289 3287/3287/3287 3288/3288/3288
f 3288/3288/3288 3287/3287/3287 3286/3286/3286
f 3292/3292/3292 3290/3290/3290 3291/3291/3291
f 3291/3291/3291 3290/3290/3290 3289/3289/3289
f 3294/3294/3294 3293/3293/3293 3292/3292/3292
f 3297/3297/3297 3295/3295/3295 3296/3296/3296
f 3296/3296/3296 3295/3295/3295 3294/3294/3294
f 3299/3299/3299 3298/3298/3298 3297/3297/3297
f 3301/3301/3301 3300/3300/3300 3299/3299/3299
f 3300/3300/3300 3301/3301/3301 3302/3302/3302
f 3304/3304/3304 3301/3301/3301 3303/3303/3303
f 3305/3305/3305 3304/3304/3304 3303/3303/3303
f 3308/3308/3308 3306/3306/3306 3307/3307/3307
f 3307/3307/3307 3306/3306/3306 3305/3305/3305
f 3311/3311/3311 3309/3309/3309 3310/3310/3310
f 3309/3309/3309 3311/3311/3311 3308/3308/3308
f 3313/3313/3313 3309/3309/3309 3312/3312/3312
f 3314/3314/3314 3313/3313/3313 3312/3312/3312
f 3316/3316/3316 3314/3314/3314 3315/3315/3315
f 3318/3318/3318 3315/3315/3315 3317/3317/3317
f 3317/3317/3317 3319/3319/3319 3320/3320/3320
f 3322/3322/3322 3319/3319/3319 3321/3321/3321
f 3325/3325/3325 3323/3323/3323 3324/3324/3324
f 3327/3327/3327 3323/3323/3323 3326/3326/3326
f 3330/3330/3330 3328/3328/3328 3329/3329/3329
f 3328/3328/3328 3330/3330/3330 3326/3326/3326
f 3332/3332/3332 3328/3328/3328 3331/3331/3331
f 3333/3333/3333 3332/3332/3332 3331/3331/3331
f 3332/3332/3332 3333/3333/3333 3334/3334/3334
f 3328/3328/3328 3332/3332/3332 3335/3335/3335
f 3329/3329/3329 3328/3328/3328 3335/3335/3335
f 3326/3326/3326 3330/3330/3330 3336/3336/3336
f 3327/3327/3327 3326/3326/3326 3336/3336/3336
f 3323/3323/3323 3327/3327/3327 3324/3324/3324
f 3323/3323/3323 3325/3325/3325 3321/3321/3321
f 3322/3322/3322 3321/3321/3321 3325/3325/3325
f 3319/3319/3319 3322/3322/3322 3320/3320/3320
f 3319/3319/3319 3317/3317/3317 3315/3315/3315
f 3315/3315/3315 3318/3318/3318 3316/3316/3316
f 3314/3314/3314 3316/3316/3316 3337/3337/3337
f 3313/3313/3313 3314/3314/3314 3337/3337/3337
f 3309/3309/3309 3313/3313/3313 3310/3310/3310
f 3308/3308/3308 3311/3311/3311 3338/3338/3338
f 3306/3306/3306 3308/3308/3308 3338/3338/3338
f 3304/3304/3304 3305/3305/3305 3306/3306/3306
f 3301/3301/3301 3304/3304/3304 3302/3302/3302
f 3298/3298/3298 3299/3299/3299 3300/3300/3300
f 3295/3295/3295 3297/3297/3297 3298/3298/3298
f 3293/3293/3293 3294/3294/3294 3295/3295/3295
f 3290/3290/3290 3292/3292/3292 3293/3293/3293
f 3287/3287/3287 3289/3289/3289 3290/3290/3290
f 3285/3285/3285 3286/3286/3286 3287/3287/3287
f 3282/3282/3282 3284/3284/3284 3285/3285/3285
f 3278/3278/3278 3279/3279/3279 3339/3339/3339
f 3276/3276/3276 3278/3278/3278 3339/3339/3339
f 3273/3273/3273 3275/3275/3275 3276/3276/3276
f 3271/3271/3271 3272/3272/3272 3273/3273/3273
f 3267/3267/3267 3268/3268/3268 3269/3269/3269
f 3264/3264/3264 3266/3266/3266 3267/3267/3267
f 3262/3262/3262 3263/3263/3263 3264/3264/3264
f 3259/3259/3259 3261/3261/3261 3262/3262/3262
f 3255/3255/3255 3256/3256/3256 3257/3257/3257
f 3252/3252/3252 3254/3254/3254 3255/3255/3255
f 3249/3249/3249 3251/3251/3251 3252/3252/3252
f 3247/3247/3247 3248/3248/3248 3249/3249/3249
f 3244/3244/3244 3246/3246/3246 3247/3247/3247
f 3241/3241/3241 3243/3243/3243 3244/3244/3244
f 3237/3237/3237 3240/3240/3240 3241/3241/3241
f 3235/3235/3235 3238/3238/3238 3340/3340/3340
f 3233/3233/3233 3235/3235/3235 3340/3340/3340
f 3230/3230/3230 3232/3232/3232 3233/3233/3233
f 3227/3227/3227 3229/3229/3229 3230/3230/3230
f 3224/3224/3224 3226/3226/3226 3341/3341/3341
f 3222/3222/3222 3224/3224/3224 3341/3341/3341
f 3219/3219/3219 3221/3221/3221 3222/3222/3222
f 3216/3216/3216 3218/3218/3218 3219/3219/3219
f 3213/3213/3213 3215/3215/3215 3216/3216/3216
f 3211/3211/3211 3212/3212/3212 3213/3213/3213
f 3208/3208/3208 3210/3210/3210 3211/3211/3211
f 3204/3204/3204 3205/3205/3205 3342/3342/3342
f 3202/3202/3202 3204/3204/3204 3342/3342/3342
f 3200/3200/3200 3202/3202/3202 3199/3199/3199
f 3198/3198/3198 3197/3197/3197 3196/3196/3196
f 3193/3193/3193 3195/3195/3195 3343/3343/3343
f 3191/3191/3191 3193/3193/3193 3343/3343/3343
f 3188/3188/3188 3190/3190/3190 3191/3191/3191
f 3186/3186/3186 3188/3188/3188 3185/3185/3185
f 3182/3182/3182 3184/3184/3184 3344/3344/3344
f 2534/2534/2534 3182/3182/3182 3344/3344/3344
f 2533/2533/2533 3180/3180/3180 3181/3181/3181
f 2531/2531/2531 3179/3179/3179 2533/2533/2533
f 3178/3178/3178 2531/2531/2531 2529/2529/2529
f 3177/3177/3177 2529/2529/2529 2527/2527/2527
f 3176/3176/3176 2525/2525/2525 3175/3175/3175
f 3175/3175/3175 2522/2522/2522 3345/3345/3345
f 2522/2522/2522 3174/3174/3174 3345/3345/3345
f 3173/3173/3173 2520/2520/2520 2518/2518/2518
f 3172/3172/3172 2518/2518/2518 2516/2516/2516
f 3170/3170/3170 2516/2516/2516 2513/2513/2513
f 3170/3170/3170 2511/2511/2511 3346/3346/3346
f 2511/2511/2511 3169/3169/3169 3346/3346/3346
f 2507/2507/2507 3168/3168/3168 2509/2509/2509
f 3167/3167/3167 2507/2507/2507 2504/2504/2504
f 3165/3165/3165 2504/2504/2504 2502/2502/2502
f 3165/3165/3165 2500/2500/2500 3347/3347/3347
f 2500/2500/2500 3164/3164/3164 3347/3347/3347
f 3163/3163/3163 2496/2496/2496 3162/3162/3162
f 2494/2494/2494 3162/3162/3162 2496/2496/2496
f 3160/3160/3160 2494/2494/2494 2492/2492/2492
f 3159/3159/3159 2492/2492/2492 2489/2489/2489
f 2489/2489/2489 3158/3158/3158 3159/3159/3159
f 3157/3157/3157 2485/2485/2485 3156/3156/3156
f 2483/2483/2483 3156/3156/3156 2485/2485/2485
f 3154/3154/3154 2483/2483/2483 2480/2480/2480
f 3153/3153/3153 2480/2480/2480 2478/2478/2478
f 3152/3152/3152 2476/2476/2476 3151/3151/3151
f 3151/3151/3151 2474/2474/2474 3150/3150/3150
f 2471/2471/2471 3150/3150/3150 2474/2474/2474
f 3148/3148/3148 2471/2471/2471 2469/2469/2469
f 3147/3147/3147 2469/2469/2469 2467/2467/2467
f 3146/3146/3146 2465/2465/2465 3145/3145/3145
f 3145/3145/3145 2463/2463/2463 3348/3348/3348
f 2463/2463/2463 3144/3144/3144 3348/3348/3348
f 3143/3143/3143 2461/2461/2461 2459/2459/2459
f 3141/3141/3141 2459/2459/2459 2456/2456/2456
f 3139/3139/3139 2456/2456/2456 2454/2454/2454
f 3138/3138/3138 2454/2454/2454 2452/2452/2452
f 2452/2452/2452 3137/3137/3137 3138/3138/3138
f 3136/3136/3136 2447/2447/2447 3135/3135/3135
f 2445/2445/2445 3135/3135/3135 2447/2447/2447
f 3133/3133/3133 2445/2445/2445 2443/2443/2443
f 3132/3132/3132 2443/2443/2443 2441/2441/2441
f 3131/3131/3131 2438/2438/2438 3130/3130/3130
f 3130/3130/3130 2436/2436/2436 3129/3129/3129
f 2434/2434/2434 3129/3129/3129 2436/2436/2436
f 3127/3127/3127 2434/2434/2434 2432/2432/2432
f 3126/3126/3126 2432/2432/2432 2430/2430/2430
f 3125/3125/3125 2428/2428/2428 3124/3124/3124
f 3124/3124/3124 2426/2426/2426 3123/3123/3123
f 3122/3122/3122 2426/2426/2426 2423/2423/2423
f 3120/3120/3120 2423/2423/2423 2421/2421/2421
f 2419/2419/2419 3119/3119/3119 2421/2421/2421
f 3117/3117/3117 2419/2419/2419 2417/2417/2417
f 3115/3115/3115 2417/2417/2417 2414/2414/2414
f 3114/3114/3114 2414/2414/2414 2412/2412/2412
f 2412/2412/2412 3112/3112/3112 3116/3116/3116
f 2408/2408/2408 3111/3111/3111 2410/2410/2410
f 3109/3109/3109 2408/2408/2408 2406/2406/2406
f 3108/3108/3108 2406/2406/2406 2404/2404/2404
f 2404/2404/2404 3106/3106/3106 3108/3108/3108
f 2402/2402/2402 3105/3105/3105 3107/3107/3107
f 3103/3103/3103 2399/2399/2399 2397/2397/2397
f 3102/3102/3102 2397/2397/2397 2395/2395/2395
f 3100/3100/3100 2395/2395/2395 2393/2393/2393
f 3099/3099/3099 2390/2390/2390 3098/3098/3098
f 3096/3096/3096 2390/2390/2390 2388/2388/2388
f 3095/3095/3095 2388/2388/2388 2386/2386/2386
f 2386/2386/2386 3094/3094/3094 3097/3097/3097
f 3093/3093/3093 3094/3094/3094 2712/2712/2712
f 2711/2711/2711 3093/3093/3093 2712/2712/2712
f 2711/2711/2711 3091/3091/3091 3092/3092/3092
f 3090/3090/3090 2710/2710/2710 2709/2709/2709
f 2709/2709/2709 3089/3089/3089 3090/3090/3090
f 2708/2708/2708 3087/3087/3087 3088/3088/3088
f 2707/2707/2707 3084/3084/3084 3086/3086/3086
f 3083/3083/3083 2706/2706/2706 2705/2705/2705
f 2705/2705/2705 3082/3082/3082 3085/3085/3085
f 2703/2703/2703 3081/3081/3081 2704/2704/2704
f 2703/2703/2703 3079/3079/3079 3080/3080/3080
f 2702/2702/2702 3078/3078/3078 3079/3079/3079
f 2701/2701/2701 3075/3075/3075 3077/3077/3077
f 2699/2699/2699 3074/3074/3074 2700/2700/2700
f 2699/2699/2699 3071/3071/3071 3073/3073/3073
f 3070/3070/3070 2698/2698/2698 2697/2697/2697
f 2697/2697/2697 3069/3069/3069 3072/3072/3072
f 2695/2695/2695 3067/3067/3067 2696/2696/2696
f 2695/2695/2695 3064/3064/3064 3066/3066/3066
f 3063/3063/3063 2694/2694/2694 2693/2693/2693
f 2693/2693/2693 3062/3062/3062 3065/3065/3065
f 2691/2691/2691 3061/3061/3061 2692/2692/2692
f 2690/2690/2690 3060/3060/3060 2691/2691/2691
f 2690/2690/2690 3057/3057/3057 3059/3059/3059
f 2689/2689/2689 3056/3056/3056 3058/3058/3058
f 2687/2687/2687 3055/3055/3055 2688/2688/2688
f 3052/3052/3052 2687/2687/2687 2686/2686/2686
f 3051/3051/3051 2686/2686/2686 2685/2685/2685
f 2685/2685/2685 3050/3050/3050 3053/3053/3053
f 2683/2683/2683 3048/3048/3048 2684/2684/2684
f 2682/2682/2682 3047/3047/3047 2683/2683/2683
f 3044/3044/3044 2682/2682/2682 2681/2681/2681
f 2681/2681/2681 3042/3042/3042 3046/3046/3046
f 2680/2680/2680 3041/3041/3041 3043/3043/3043
f 2678/2678/2678 3039/3039/3039 2679/2679/2679
f 3036/3036/3036 2678/2678/2678 2677/2677/2677
f 2677/2677/2677 3034/3034/3034 3038/3038/3038
f 2676/2676/2676 3033/3033/3033 3035/3035/3035
f 2674/2674/2674 3032/3032/3032 2675/2675/2675
f 2674/2674/2674 3029/3029/3029 3031/3031/3031
f 2673/2673/2673 3026/3026/3026 3030/3030/3030
f 2672/2672/2672 3025/3025/3025 3027/3027/3027
f 3022/3022/3022 2671/2671/2671 2670/2670/2670
f 3021/3021/3021 2670/2670/2670 2669/2669/2669
f 2669/2669/2669 3019/3019/3019 3023/3023/3023
f 2668/2668/2668 3018/3018/3018 3020/3020/3020
f 2666/2666/2666 3017/3017/3017 2667/2667/2667
f 3013/3013/3013 2666/2666/2666 2665/2665/2665
f 2665/2665/2665 3011/3011/3011 3016/3016/3016
f 2664/2664/2664 3010/3010/3010 3012/3012/3012
f 2663/2663/2663 3008/3008/3008 3009/3009/3009
f 3004/3004/3004 2662/2662/2662 2661/2661/2661
f 2661/2661/2661 3001/3001/3001 3006/3006/3006
f 2660/2660/2660 3000/3000/3000 3002/3002/3002
f 2659/2659/2659 2997/2997/2997 2999/2999/2999
f 2994/2994/2994 2658/2658/2658 2657/2657/2657
f 2657/2657/2657 2993/2993/2993 2996/2996/2996
f 2656/2656/2656 2989/2989/2989 2992/2992/2992
f 2984/2984/2984 2655/2655/2655 2654/2654/2654
f 2983/2983/2983 2654/2654/2654 2653/2653/2653
f 2653/2653/2653 2982/2982/2982 2986/2986/2986
f 2652/2652/2652 2978/2978/2978 2981/2981/2981
f 2651/2651/2651 2976/2976/2976 2979/2979/2979
f 2973/2973/2973 2650/2650/2650 2649/2649/2649
f 2649/2649/2649 2971/2971/2971 2975/2975/2975
f 2648/2648/2648 2969/2969/2969 2972/2972/2972
f 2965/2965/2965 2647/2647/2647 2646/2646/2646
f 2646/2646/2646 2963/2963/2963 2967/2967/2967
f 2645/2645/2645 2959/2959/2959 2964/2964/2964
f 2644/2644/2644 2958/2958/2958 2961/2961/2961
f 2955/2955/2955 2643/2643/2643 2642/2642/2642
f 2951/2951/2951 2642/2642/2642 2641/2641/2641
f 2641/2641/2641 2948/2948/2948 2954/2954/2954
f 2640/2640/2640 2947/2947/2947 2950/2950/2950
f 2639/2639/2639 2945/2945/2945 2946/2946/2946
f 2942/2942/2942 2638/2638/2638 2637/2637/2637
f 2637/2637/2637 2940/2940/2940 2944/2944/2944
f 2636/2636/2636 2938/2938/2938 2941/2941/2941
f 2635/2635/2635 2934/2934/2934 2937/2937/2937
f 2931/2931/2931 2634/2634/2634 2633/2633/2633
f 2633/2633/2633 2929/2929/2929 2933/2933/2933
f 2632/2632/2632 2928/2928/2928 2930/2930/2930
f 2924/2924/2924 2631/2631/2631 2630/2630/2630
f 2921/2921/2921 2630/2630/2630 2629/2629/2629
f 2918/2918/2918 2629/2629/2629 2628/2628/2628
f 2628/2628/2628 2917/2917/2917 2920/2920/2920
f 2627/2627/2627 2912/2912/2912 2916/2916/2916
f 2909/2909/2909 2626/2626/2626 2625/2625/2625
f 2625/2625/2625 2907/2907/2907 2911/2911/2911
f 2624/2624/2624 2905/2905/2905 2908/2908/2908
f 2901/2901/2901 2623/2623/2623 2622/2622/2622
f 2622/2622/2622 2899/2899/2899 2903/2903/2903
f 2621/2621/2621 2896/2896/2896 2900/2900/2900
f 2620/2620/2620 2894/2894/2894 2897/2897/2897
f 2619/2619/2619 2891/2891/2891 2895/2895/2895
f 2618/2618/2618 2888/2888/2888 2892/2892/2892
f 2883/2883/2883 2617/2617/2617 2616/2616/2616
f 2616/2616/2616 2881/2881/2881 2886/2886/2886
f 2615/2615/2615 2878/2878/2878 2882/2882/2882
f 2874/2874/2874 2614/2614/2614 2613/2613/2613
f 2613/2613/2613 2871/2871/2871 2877/2877/2877
f 2612/2612/2612 2868/2868/2868 2873/2873/2873
f 2611/2611/2611 2867/2867/2867 2869/2869/2869
f 2863/2863/2863 2610/2610/2610 2609/2609/2609
f 2609/2609/2609 2861/2861/2861 2865/2865/2865
f 2608/2608/2608 2860/2860/2860 2862/2862/2862
f 2607/2607/2607 2856/2856/2856 2859/2859/2859
f 2851/2851/2851 2606/2606/2606 2605/2605/2605
f 2848/2848/2848 2605/2605/2605 2604/2604/2604
f 2604/2604/2604 2847/2847/2847 2850/2850/2850
f 2603/2603/2603 2842/2842/2842 2846/2846/2846
f 2838/2838/2838 2602/2602/2602 2601/2601/2601
f 2601/2601/2601 2837/2837/2837 2840/2840/2840
f 2600/2600/2600 2832/2832/2832 2836/2836/2836
f 2828/2828/2828 2599/2599/2599 2598/2598/2598
f 2825/2825/2825 2598/2598/2598 2597/2597/2597
f 2597/2597/2597 2824/2824/2824 2827/2827/2827
f 2820/2820/2820 2596/2596/2596 2595/2595/2595
f 2595/2595/2595 2818/2818/2818 2823/2823/2823
f 2594/2594/2594 2816/2816/2816 2819/2819/2819
f 2810/2810/2810 2593/2593/2593 2592/2592/2592
f 2592/2592/2592 2807/2807/2807 2813/2813/2813
f 2591/2591/2591 2804/2804/2804 2809/2809/2809
f 2800/2800/2800 2590/2590/2590 2589/2589/2589
f 2589/2589/2589 2797/2797/2797 2802/2802/2802
f 2588/2588/2588 2793/2793/2793 2799/2799/2799
f 2587/2587/2587 2791/2791/2791 2795/2795/2795
f 2586/2586/2586 2787/2787/2787 2792/2792/2792
f 2585/2585/2585 2784/2784/2784 2789/2789/2789
f 2781/2781/2781 2584/2584/2584 2583/2583/2583
f 2583/2583/2583 2780/2780/2780 2783/2783/2783
f 2774/2774/2774 2582/2582/2582 2581/2581/2581
f 2771/2771/2771 2581/2581/2581 2580/2580/2580
f 2580/2580/2580 2770/2770/2770 2773/2773/2773
f 2579/2579/2579 2765/2765/2765 2769/2769/2769
f 2761/2761/2761 2578/2578/2578 2577/2577/2577
f 2577/2577/2577 2760/2760/2760 2763/2763/2763
f 2756/2756/2756 2576/2576/2576 2575/2575/2575
f 2754/2754/2754 2575/2575/2575 2574/2574/2574
f 2752/2752/2752 2574/2574/2574 2573/2573/2573
f 2751/2751/2751 2573/2573/2573 2572/2572/2572
f 2750/2750/2750 2572/2572/2572 2571/2571/2571
f 2749/2749/2749 2571/2571/2571 2570/2570/2570
f 2748/2748/2748 2570/2570/2570 2569/2569/2569
f 2747/2747/2747 2569/2569/2569 2568/2568/2568
f 2746/2746/2746 2568/2568/2568 2567/2567/2567
f 2745/2745/2745 2567/2567/2567 2566/2566/2566
f 2744/2744/2744 2566/2566/2566 2565/2565/2565
f 2743/2743/2743 2565/2565/2565 2564/2564/2564
f 2742/2742/2742 2564/2564/2564 2563/2563/2563
f 2741/2741/2741 2563/2563/2563 2562/2562/2562
f 2740/2740/2740 2562/2562/2562 2561/2561/2561
f 2739/2739/2739 2561/2561/2561 2560/2560/2560
f 2738/2738/2738 2560/2560/2560 2559/2559/2559
f 2737/2737/2737 2559/2559/2559 2558/2558/2558
f 2736/2736/2736 2558/2558/2558 2557/2557/2557
f 2735/2735/2735 2557/2557/2557 2556/2556/2556
f 2734/2734/2734 2556/2556/2556 2555/2555/2555
f 2733/2733/2733 2555/2555/2555 2554/2554/2554
f 2732/2732/2732 2554/2554/2554 2553/2553/2553
f 2731/2731/2731 2553/2553/2553 2552/2552/2552
f 2730/2730/2730 2552/2552/2552 2551/2551/2551
f 2729/2729/2729 2551/2551/2551 2550/2550/2550
f 2728/2728/2728 2550/2550/2550 2549/2549/2549
f 2727/2727/2727 2549/2549/2549 2548/2548/2548
f 2726/2726/2726 2548/2548/2548 2547/2547/2547
f 2725/2725/2725 2547/2547/2547 2546/2546/2546
f 2724/2724/2724 2546/2546/2546 2545/2545/2545
f 2723/2723/2723 2545/2545/2545 2544/2544/2544
f 2722/2722/2722 2544/2544/2544 2543/2543/2543
f 2721/2721/2721 2543/2543/2543 2542/2542/2542
f 2720/2720/2720 2542/2542/2542 2541/2541/2541
f 2719/2719/2719 2541/2541/2541 2540/2540/2540
f 2718/2718/2718 2540/2540/2540 2539/2539/2539
f 2717/2717/2717 2539/2539/2539 2538/2538/2538
f 2715/2715/2715 2538/2538/2538 2537/2537/2537
f 2714/2714/2714 2537/2537/2537 2535/2535/2535
f 2713/2713/2713 2535/2535/2535 3349/3349/3349
f 2712/2712/2712 2381/2381/2381 2711/2711/2711
f 2711/2711/2711 2379/2379/2379 2710/2710/2710
f 2710/2710/2710 2377/2377/2377 2709/2709/2709
f 2709/2709/2709 2375/2375/2375 2708/2708/2708
f 2708/2708/2708 2373/2373/2373 2707/2707/2707
f 2707/2707/2707 2371/2371/2371 2706/2706/2706
f 2706/2706/2706 2369/2369/2369 2705/2705/2705
f 2705/2705/2705 2366/2366/2366 2704/2704/2704
f 2704/2704/2704 2364/2364/2364 2703/2703/2703
f 2703/2703/2703 2362/2362/2362 2702/2702/2702
f 2702/2702/2702 2360/2360/2360 2701/2701/2701
f 2701/2701/2701 2357/2357/2357 2700/2700/2700
f 2700/2700/2700 2355/2355/2355 2699/2699/2699
f 2699/2699/2699 2353/2353/2353 2698/2698/2698
f 2698/2698/2698 2351/2351/2351 2697/2697/2697
f 2697/2697/2697 2348/2348/2348 2696/2696/2696
f 2696/2696/2696 2346/2346/2346 2695/2695/2695
f 2695/2695/2695 2344/2344/2344 2694/2694/2694
f 2694/2694/2694 2342/2342/2342 2693/2693/2693
f 2693/2693/2693 2340/2340/2340 2692/2692/2692
f 2692/2692/2692 2338/2338/2338 2691/2691/2691
f 2691/2691/2691 2336/2336/2336 2690/2690/2690
f 2690/2690/2690 2333/2333/2333 2689/2689/2689
f 2689/2689/2689 2331/2331/2331 2688/2688/2688
f 2688/2688/2688 2329/2329/2329 2687/2687/2687
f 2687/2687/2687 2327/2327/2327 2686/2686/2686
f 2686/2686/2686 2324/2324/2324 2685/2685/2685
f 2685/2685/2685 2322/2322/2322 2684/2684/2684
f 2684/2684/2684 2320/2320/2320 2683/2683/2683
f 2683/2683/2683 2318/2318/2318 2682/2682/2682
f 2682/2682/2682 2315/2315/2315 2681/2681/2681
f 2681/2681/2681 2313/2313/2313 2680/2680/2680
f 2680/2680/2680 2311/2311/2311 2679/2679/2679
f 2679/2679/2679 2309/2309/2309 2678/2678/2678
f 2678/2678/2678 2307/2307/2307 2677/2677/2677
f 2677/2677/2677 2305/2305/2305 2676/2676/2676
f 2676/2676/2676 2303/2303/2303 2675/2675/2675
f 2675/2675/2675 2300/2300/2300 2674/2674/2674
f 2674/2674/2674 2298/2298/2298 2673/2673/2673
f 2673/2673/2673 2296/2296/2296 2672/2672/2672
f 2672/2672/2672 2294/2294/2294 2671/2671/2671
f 2671/2671/2671 2291/2291/2291 2670/2670/2670
f 2670/2670/2670 2289/2289/2289 2669/2669/2669
f 2669/2669/2669 2287/2287/2287 2668/2668/2668
f 2668/2668/2668 2285/2285/2285 2667/2667/2667
f 2667/2667/2667 2282/2282/2282 2666/2666/2666
f 2666/2666/2666 2280/2280/2280 2665/2665/2665
f 2665/2665/2665 2278/2278/2278 2664/2664/2664
f 2664/2664/2664 2276/2276/2276 2663/2663/2663
f 2663/2663/2663 2274/2274/2274 2662/2662/2662
f 2662/2662/2662 2272/2272/2272 2661/2661/2661
f 2661/2661/2661 2270/2270/2270 2660/2660/2660
f 2660/2660/2660 2267/2267/2267 2659/2659/2659
f 2659/2659/2659 2265/2265/2265 2658/2658/2658
f 2658/2658/2658 2263/2263/2263 2657/2657/2657
f 2657/2657/2657 2261/2261/2261 2656/2656/2656
f 2656/2656/2656 2258/2258/2258 2655/2655/2655
f 2655/2655/2655 2256/2256/2256 2654/2654/2654
f 2654/2654/2654 2254/2254/2254 2653/2653/2653
f 2653/2653/2653 2252/2252/2252 2652/2652/2652
f 2652/2652/2652 2249/2249/2249 2651/2651/2651
f 2651/2651/2651 2247/2247/2247 2650/2650/2650
f 2650/2650/2650 2245/2245/2245 2649/2649/2649
f 2649/2649/2649 2243/2243/2243 2648/2648/2648
f 2648/2648/2648 2241/2241/2241 2647/2647/2647
f 2647/2647/2647 2239/2239/2239 2646/2646/2646
f 2646/2646/2646 2237/2237/2237 2645/2645/2645
f 2645/2645/2645 2234/2234/2234 2644/2644/2644
f 2644/2644/2644 2232/2232/2232 2643/2643/2643
f 2643/2643/2643 2230/2230/2230 2642/2642/2642
f 2642/2642/2642 2228/2228/2228 2641/2641/2641
f 2641/2641/2641 2225/2225/2225 2640/2640/2640
f 2640/2640/2640 2223/2223/2223 2639/2639/2639
f 2639/2639/2639 2221/2221/2221 2638/2638/2638
f 2638/2638/2638 2219/2219/2219 2637/2637/2637
f 2637/2637/2637 2217/2217/2217 2636/2636/2636
f 2636/2636/2636 2215/2215/2215 2635/2635/2635
f 2635/2635/2635 2213/2213/2213 2634/2634/2634
f 2634/2634/2634 2210/2210/2210 2633/2633/2633
f 2633/2633/2633 2208/2208/2208 2632/2632/2632
f 2632/2632/2632 2206/2206/2206 2631/2631/2631
f 2631/2631/2631 2204/2204/2204 2630/2630/2630
f 2630/2630/2630 2201/2201/2201 2629/2629/2629
f 2629/2629/2629 2199/2199/2199 2628/2628/2628
f 2628/2628/2628 2197/2197/2197 2627/2627/2627
f 2627/2627/2627 2195/2195/2195 2626/2626/2626
f 2626/2626/2626 2192/2192/2192 2625/2625/2625
f 2625/2625/2625 2190/2190/2190 2624/2624/2624
f 2624/2624/2624 2188/2188/2188 2623/2623/2623
f 2623/2623/2623 2186/2186/2186 2622/2622/2622
f 2622/2622/2622 2184/2184/2184 2621/2621/2621
f 2621/2621/2621 2182/2182/2182 2620/2620/2620
f 2620/2620/2620 2180/2180/2180 2619/2619/2619
f 2619/2619/2619 2177/2177/2177 2618/2618/2618
f 2618/2618/2618 2175/2175/2175 2617/2617/2617
f 2617/2617/2617 2173/2173/2173 2616/2616/2616
f 2616/2616/2616 2171/2171/2171 2615/2615/2615
f 2615/2615/2615 2168/2168/2168 2614/2614/2614
f 2614/2614/2614 2166/2166/2166 2613/2613/2613
f 2613/2613/2613 2164/2164/2164 2612/2612/2612
f 2612/2612/2612 2162/2162/2162 2611/2611/2611
f 2611/2611/2611 2159/2159/2159 2610/2610/2610
f 2610/2610/2610 2157/2157/2157 2609/2609/2609
f 2609/2609/2609 2155/2155/2155 2608/2608/2608
f 2608/2608/2608 2153/2153/2153 2607/2607/2607
f 2607/2607/2607 2151/2151/2151 2606/2606/2606
f 2606/2606/2606 2149/2149/2149 2605/2605/2605
f 2605/2605/2605 2147/2147/2147 2604/2604/2604
f 2604/2604/2604 2144/2144/2144 2603/2603/2603
f 2603/2603/2603 2142/2142/2142 2602/2602/2602
f 2602/2602/2602 2140/2140/2140 2601/2601/2601
f 2601/2601/2601 2138/2138/2138 2600/2600/2600
f 2600/2600/2600 2135/2135/2135 2599/2599/2599
f 2599/2599/2599 2133/2133/2133 2598/2598/2598
f 2598/2598/2598 2131/2131/2131 2597/2597/2597
f 2597/2597/2597 2129/2129/2129 2596/2596/2596
f 2596/2596/2596 2126/2126/2126 2595/2595/2595
f 2595/2595/2595 2124/2124/2124 2594/2594/2594
f 2594/2594/2594 2122/2122/2122 2593/2593/2593
f 2593/2593/2593 2120/2120/2120 2592/2592/2592
f 2592/2592/2592 2118/2118/2118 2591/2591/2591
f 2591/2591/2591 2116/2116/2116 2590/2590/2590
f 2590/2590/2590 2114/2114/2114 2589/2589/2589
f 2589/2589/2589 2111/2111/2111 2588/2588/2588
f 2588/2588/2588 2109/2109/2109 2587/2587/2587
f 2587/2587/2587 2107/2107/2107 2586/2586/2586
f 2586/2586/2586 2105/2105/2105 2585/2585/2585
f 2585/2585/2585 2102/2102/2102 2584/2584/2584
f 2584/2584/2584 2100/2100/2100 2583/2583/2583
f 2583/2583/2583 2098/2098/2098 2582/2582/2582
f 2582/2582/2582 2096/2096/2096 2581/2581/2581
f 2581/2581/2581 2093/2093/2093 2580/2580/2580
f 2580/2580/2580 2091/2091/2091 2579/2579/2579
f 2579/2579/2579 2089/2089/2089 2578/2578/2578
f 2578/2578/2578 2087/2087/2087 2577/2577/2577
f 2577/2577/2577 2085/2085/2085 2576/2576/2576
f 2576/2576/2576 2083/2083/2083 2575/2575/2575
f 2575/2575/2575 2081/2081/2081 2574/2574/2574
f 2574/2574/2574 2078/2078/2078 2573/2573/2573
f 2573/2573/2573 2076/2076/2076 2572/2572/2572
f 2572/2572/2572 2074/2074/2074 2571/2571/2571
f 2571/2571/2571 2072/2072/2072 2570/2570/2570
f 2570/2570/2570 2069/2069/2069 2569/2569/2569
f 2569/2569/2569 2067/2067/2067 2568/2568/2568
f 2568/2568/2568 2065/2065/2065 2567/2567/2567
f 2567/2567/2567 2063/2063/2063 2566/2566/2566
f 2566/2566/2566 2061/2061/2061 2565/2565/2565
f 2565/2565/2565 2059/2059/2059 2564/2564/2564
f 2564/2564/2564 2057/2057/2057 2563/2563/2563
f 2563/2563/2563 2054/2054/2054 2562/2562/2562
f 2562/2562/2562 2052/2052/2052 2561/2561/2561
f 2561/2561/2561 2050/2050/2050 2560/2560/2560
f 2560/2560/2560 2048/2048/2048 2559/2559/2559
f 2559/2559/2559 2045/2045/2045 2558/2558/2558
f 2558/2558/2558 2043/2043/2043 2557/2557/2557
f 2557/2557/2557 2041/2041/2041 2556/2556/2556
f 2556/2556/2556 2039/2039/2039 2555/2555/2555
f 2555/2555/2555 2036/2036/2036 2554/2554/2554
f 2554/2554/2554 2034/2034/2034 2553/2553/2553
f 2553/2553/2553 2032/2032/2032 2552/2552/2552
f 2552/2552/2552 2030/2030/2030 2551/2551/2551
f 2551/2551/2551 2028/2028/2028 2550/2550/2550
f 2550/2550/2550 2026/2026/2026 2549/2549/2549
f 2549/2549/2549 2024/2024/2024 2548/2548/2548
f 2548/2548/2548 2021/2021/2021 2547/2547/2547
f 2547/2547/2547 2019/2019/2019 2546/2546/2546
f 2546/2546/2546 2017/2017/2017 2545/2545/2545
f 2545/2545/2545 2015/2015/2015 2544/2544/2544
f 2544/2544/2544 2012/2012/2012 2543/2543/2543
f 2543/2543/2543 2010/2010/2010 2542/2542/2542
f 2542/2542/2542 2008/2008/2008 2541/2541/2541
f 2541/2541/2541 2006/2006/2006 2540/2540/2540
f 2540/2540/2540 2003/2003/2003 2539/2539/2539
f 2539/2539/2539 2001/2001/2001 2538/2538/2538
f 2538/2538/2538 1999/1999/1999 2537/2537/2537
f 2537/2537/2537 1996/1996/1996 2535/2535/2535
f 2535/2535/2535 2536/2536/2536 3349/3349/3349
f 2531/2531/2531 2534/2534/2534 2532/2532/2532
f 2531/2531/2531 2530/2530/2530 2529/2529/2529
f 2527/2527/2527 2530/2530/2530 2528/2528/2528
f 2525/2525/2525 2528/2528/2528 2526/2526/2526
f 2525/2525/2525 2523/2523/2523 2522/2522/2522
f 2520/2520/2520 2524/2524/2524 2521/2521/2521
f 2520/2520/2520 2519/2519/2519 2518/2518/2518
f 2516/2516/2516 2519/2519/2519 2517/2517/2517
f 2516/2516/2516 2514/2514/2514 2513/2513/2513
f 2511/2511/2511 2515/2515/2515 2512/2512/2512
f 2509/2509/2509 2512/2512/2512 2510/2510/2510
f 2509/2509/2509 2508/2508/2508 2507/2507/2507
f 2504/2504/2504 2508/2508/2508 2506/2506/2506
f 2502/2502/2502 2505/2505/2505 2503/2503/2503
f 2500/2500/2500 2503/2503/2503 2501/2501/2501
f 2500/2500/2500 2499/2499/2499 2498/2498/2498
f 2498/2498/2498 2497/2497/2497 2496/2496/2496
f 2494/2494/2494 2497/2497/2497 2495/2495/2495
f 2494/2494/2494 2493/2493/2493 2492/2492/2492
f 2489/2489/2489 2493/2493/2493 2490/2490/2490
f 2487/2487/2487 2491/2491/2491 2488/2488/2488
f 2485/2485/2485 2488/2488/2488 2486/2486/2486
f 2483/2483/2483 2486/2486/2486 2484/2484/2484
f 2483/2483/2483 2482/2482/2482 2480/2480/2480
f 2478/2478/2478 2481/2481/2481 2479/2479/2479
f 2478/2478/2478 2477/2477/2477 2476/2476/2476
f 2474/2474/2474 2477/2477/2477 2475/2475/2475
f 2474/2474/2474 2473/2473/2473 2471/2471/2471
f 2469/2469/2469 2472/2472/2472 2470/2470/2470
f 2467/2467/2467 2470/2470/2470 2468/2468/2468
f 2467/2467/2467 2466/2466/2466 2465/2465/2465
f 2463/2463/2463 2466/2466/2466 2464/2464/2464
f 2463/2463/2463 2462/2462/2462 2461/2461/2461
f 2459/2459/2459 2462/2462/2462 2460/2460/2460
f 2459/2459/2459 2457/2457/2457 2456/2456/2456
f 2454/2454/2454 2458/2458/2458 2455/2455/2455
f 2452/2452/2452 2455/2455/2455 2453/2453/2453
f 2452/2452/2452 2451/2451/2451 2450/2450/2450
f 2447/2447/2447 2451/2451/2451 2449/2449/2449
f 2445/2445/2445 2448/2448/2448 2446/2446/2446
f 2443/2443/2443 2446/2446/2446 2444/2444/2444
f 2441/2441/2441 2444/2444/2444 2442/2442/2442
f 2441/2441/2441 2440/2440/2440 2438/2438/2438
f 2436/2436/2436 2439/2439/2439 2437/2437/2437
f 2436/2436/2436 2435/2435/2435 2434/2434/2434
f 2432/2432/2432 2435/2435/2435 2433/2433/2433
f 2432/2432/2432 2431/2431/2431 2430/2430/2430
f 2430/2430/2430 2429/2429/2429 2428/2428/2428
f 2426/2426/2426 2429/2429/2429 2427/2427/2427
f 2426/2426/2426 2424/2424/2424 2423/2423/2423
f 2421/2421/2421 2425/2425/2425 2422/2422/2422
f 2421/2421/2421 2420/2420/2420 2419/2419/2419
f 2417/2417/2417 2420/2420/2420 2418/2418/2418
f 2417/2417/2417 2416/2416/2416 2414/2414/2414
f 2412/2412/2412 2415/2415/2415 2413/2413/2413
f 2410/2410/2410 2413/2413/2413 2411/2411/2411
f 2410/2410/2410 2409/2409/2409 2408/2408/2408
f 2406/2406/2406 2409/2409/2409 2407/2407/2407
f 2406/2406/2406 2405/2405/2405 2404/2404/2404
f 2402/2402/2402 2405/2405/2405 2403/2403/2403
f 2399/2399/2399 2403/2403/2403 2400/2400/2400
f 2397/2397/2397 2401/2401/2401 2398/2398/2398
f 2395/2395/2395 2398/2398/2398 2396/2396/2396
f 2395/2395/2395 2394/2394/2394 2393/2393/2393
f 2390/2390/2390 2394/2394/2394 2391/2391/2391
f 2388/2388/2388 2392/2392/2392 2389/2389/2389
f 2388/2388/2388 2387/2387/2387 2386/2386/2386
f 2384/2384/2384 2387/2387/2387 2385/2385/2385
f 2384/2384/2384 2383/2383/2383 2381/2381/2381
f 2379/2379/2379 2382/2382/2382 2380/2380/2380
f 2379/2379/2379 2378/2378/2378 2377/2377/2377
f 2375/2375/2375 2378/2378/2378 2376/2376/2376
f 2373/2373/2373 2376/2376/2376 2374/2374/2374
f 2373/2373/2373 2372/2372/2372 2371/2371/2371
f 2369/2369/2369 2372/2372/2372 2370/2370/2370
f 2369/2369/2369 2367/2367/2367 2366/2366/2366
f 2364/2364/2364 2368/2368/2368 2365/2365/2365
f 2364/2364/2364 2363/2363/2363 2362/2362/2362
f 2360/2360/2360 2363/2363/2363 2361/2361/2361
f 2357/2357/2357 2361/2361/2361 2358/2358/2358
f 2355/2355/2355 2359/2359/2359 2356/2356/2356
f 2353/2353/2353 2356/2356/2356 2354/2354/2354
f 2353/2353/2353 2352/2352/2352 2351/2351/2351
f 2348/2348/2348 2352/2352/2352 2350/2350/2350
f 2346/2346/2346 2349/2349/2349 2347/2347/2347
f 2346/2346/2346 2345/2345/2345 2344/2344/2344
f 2342/2342/2342 2345/2345/2345 2343/2343/2343
f 2342/2342/2342 2341/2341/2341 2340/2340/2340
f 2338/2338/2338 2341/2341/2341 2339/2339/2339
f 2338/2338/2338 2337/2337/2337 2336/2336/2336
f 2333/2333/2333 2337/2337/2337 2334/2334/2334
f 2331/2331/2331 2335/2335/2335 2332/2332/2332
f 2331/2331/2331 2330/2330/2330 2329/2329/2329
f 2327/2327/2327 2330/2330/2330 2328/2328/2328
f 2327/2327/2327 2326/2326/2326 2324/2324/2324
f 2322/2322/2322 2325/2325/2325 2323/2323/2323
f 2322/2322/2322 2321/2321/2321 2320/2320/2320
f 2318/2318/2318 2321/2321/2321 2319/2319/2319
f 2315/2315/2315 2319/2319/2319 2317/2317/2317
f 2313/2313/2313 2316/2316/2316 2314/2314/2314
f 2311/2311/2311 2314/2314/2314 2312/2312/2312
f 2311/2311/2311 2310/2310/2310 2309/2309/2309
f 2307/2307/2307 2310/2310/2310 2308/2308/2308
f 2307/2307/2307 2306/2306/2306 2305/2305/2305
f 2305/2305/2305 2304/2304/2304 2303/2303/2303
f 2300/2300/2300 2304/2304/2304 2301/2301/2301
f 2298/2298/2298 2302/2302/2302 2299/2299/2299
f 2296/2296/2296 2299/2299/2299 2297/2297/2297
f 2296/2296/2296 2295/2295/2295 2294/2294/2294
f 2291/2291/2291 2295/2295/2295 2293/2293/2293
f 2289/2289/2289 2292/2292/2292 2290/2290/2290
f 2289/2289/2289 2288/2288/2288 2287/2287/2287
f 2285/2285/2285 2288/2288/2288 2286/2286/2286
f 2285/2285/2285 2284/2284/2284 2282/2282/2282
f 2280/2280/2280 2283/2283/2283 2281/2281/2281
f 2280/2280/2280 2279/2279/2279 2278/2278/2278
f 2278/2278/2278 2277/2277/2277 2276/2276/2276
f 2274/2274/2274 2277/2277/2277 2275/2275/2275
f 2274/2274/2274 2273/2273/2273 2272/2272/2272
f 2270/2270/2270 2273/2273/2273 2271/2271/2271
f 2270/2270/2270 2268/2268/2268 2267/2267/2267
f 2265/2265/2265 2269/2269/2269 2266/2266/2266
f 2265/2265/2265 2264/2264/2264 2263/2263/2263
f 2263/2263/2263 2262/2262/2262 2261/2261/2261
f 2258/2258/2258 2262/2262/2262 2260/2260/2260
f 2256/2256/2256 2259/2259/2259 2257/2257/2257
f 2254/2254/2254 2257/2257/2257 2255/2255/2255
f 2254/2254/2254 2253/2253/2253 2252/2252/2252
f 2249/2249/2249 2253/2253/2253 2251/2251/2251
f 2247/2247/2247 2250/2250/2250 2248/2248/2248
f 2247/2247/2247 2246/2246/2246 2245/2245/2245
f 2243/2243/2243 2246/2246/2246 2244/2244/2244
f 2243/2243/2243 2242/2242/2242 2241/2241/2241
f 2239/2239/2239 2242/2242/2242 2240/2240/2240
f 2239/2239/2239 2238/2238/2238 2237/2237/2237
f 2237/2237/2237 2235/2235/2235 2234/2234/2234
f 2232/2232/2232 2236/2236/2236 2233/2233/2233
f 2232/2232/2232 2231/2231/2231 2230/2230/2230
f 2228/2228/2228 2231/2231/2231 2229/2229/2229
f 2228/2228/2228 2227/2227/2227 2225/2225/2225
f 2223/2223/2223 2226/2226/2226 2224/2224/2224
f 2221/2221/2221 2224/2224/2224 2222/2222/2222
f 2221/2221/2221 2220/2220/2220 2219/2219/2219
f 2217/2217/2217 2220/2220/2220 2218/2218/2218
f 2217/2217/2217 2216/2216/2216 2215/2215/2215
f 2213/2213/2213 2216/2216/2216 2214/2214/2214
f 2213/2213/2213 2211/2211/2211 2210/2210/2210
f 2208/2208/2208 2212/2212/2212 2209/2209/2209
f 2206/2206/2206 2209/2209/2209 2207/2207/2207
f 2206/2206/2206 2205/2205/2205 2204/2204/2204
f 2201/2201/2201 2205/2205/2205 2202/2202/2202
f 2199/2199/2199 2203/2203/2203 2200/2200/2200
f 2197/2197/2197 2200/2200/2200 2198/2198/2198
f 2197/2197/2197 2196/2196/2196 2195/2195/2195
f 2195/2195/2195 2194/2194/2194 2192/2192/2192
f 2190/2190/2190 2193/2193/2193 2191/2191/2191
f 2190/2190/2190 2189/2189/2189 2188/2188/2188
f 2186/2186/2186 2189/2189/2189 2187/2187/2187
f 2186/2186/2186 2185/2185/2185 2184/2184/2184
f 2182/2182/2182 2185/2185/2185 2183/2183/2183
f 2180/2180/2180 2183/2183/2183 2181/2181/2181
f 2180/2180/2180 2178/2178/2178 2177/2177/2177
f 2175/2175/2175 2179/2179/2179 2176/2176/2176
f 2175/2175/2175 2174/2174/2174 2173/2173/2173
f 2171/2171/2171 2174/2174/2174 2172/2172/2172
f 2171/2171/2171 2169/2169/2169 2168/2168/2168
f 2166/2166/2166 2170/2170/2170 2167/2167/2167
f 2164/2164/2164 2167/2167/2167 2165/2165/2165
f 2164/2164/2164 2163/2163/2163 2162/2162/2162
f 2159/2159/2159 2163/2163/2163 2161/2161/2161
f 2157/2157/2157 2160/2160/2160 2158/2158/2158
f 2155/2155/2155 2158/2158/2158 2156/2156/2156
f 2155/2155/2155 2154/2154/2154 2153/2153/2153
f 2153/2153/2153 2152/2152/2152 2151/2151/2151
f 2149/2149/2149 2152/2152/2152 2150/2150/2150
f 2149/2149/2149 2148/2148/2148 2147/2147/2147
f 2144/2144/2144 2148/2148/2148 2145/2145/2145
f 2142/2142/2142 2146/2146/2146 2143/2143/2143
f 2140/2140/2140 2143/2143/2143 2141/2141/2141
f 2138/2138/2138 2141/2141/2141 2139/2139/2139
f 2138/2138/2138 2137/2137/2137 2135/2135/2135
f 2133/2133/2133 2136/2136/2136 2134/2134/2134
f 2133/2133/2133 2132/2132/2132 2131/2131/2131
f 2129/2129/2129 2132/2132/2132 2130/2130/2130
f 2129/2129/2129 2128/2128/2128 2126/2126/2126
f 2124/2124/2124 2127/2127/2127 2125/2125/2125
f 2122/2122/2122 2125/2125/2125 2123/2123/2123
f 2122/2122/2122 2121/2121/2121 2120/2120/2120
f 2118/2118/2118 2121/2121/2121 2119/2119/2119
f 2118/2118/2118 2117/2117/2117 2116/2116/2116
f 2114/2114/2114 2117/2117/2117 2115/2115/2115
f 2114/2114/2114 2112/2112/2112 2111/2111/2111
f 2109/2109/2109 2113/2113/2113 2110/2110/2110
f 2107/2107/2107 2110/2110/2110 2108/2108/2108
f 2107/2107/2107 2106/2106/2106 2105/2105/2105
f 2102/2102/2102 2106/2106/2106 2104/2104/2104
f 2100/2100/2100 2103/2103/2103 2101/2101/2101
f 2098/2098/2098 2101/2101/2101 2099/2099/2099
f 2096/2096/2096 2099/2099/2099 2097/2097/2097
f 2096/2096/2096 2095/2095/2095 2093/2093/2093
f 2091/2091/2091 2094/2094/2094 2092/2092/2092
f 2091/2091/2091 2090/2090/2090 2089/2089/2089
f 2087/2087/2087 2090/2090/2090 2088/2088/2088
f 2087/2087/2087 2086/2086/2086 2085/2085/2085
f 2085/2085/2085 2084/2084/2084 2083/2083/2083
f 2081/2081/2081 2084/2084/2084 2082/2082/2082
f 2081/2081/2081 2079/2079/2079 2078/2078/2078
f 2076/2076/2076 2080/2080/2080 2077/2077/2077
f 2076/2076/2076 2075/2075/2075 2074/2074/2074
f 2072/2072/2072 2075/2075/2075 2073/2073/2073
f 2069/2069/2069 2073/2073/2073 2071/2071/2071
f 2067/2067/2067 2070/2070/2070 2068/2068/2068
f 2065/2065/2065 2068/2068/2068 2066/2066/2066
f 2065/2065/2065 2064/2064/2064 2063/2063/2063
f 2061/2061/2061 2064/2064/2064 2062/2062/2062
f 2061/2061/2061 2060/2060/2060 2059/2059/2059
f 2057/2057/2057 2060/2060/2060 2058/2058/2058
f 2054/2054/2054 2058/2058/2058 2055/2055/2055
f 2052/2052/2052 2056/2056/2056 2053/2053/2053
f 2050/2050/2050 2053/2053/2053 2051/2051/2051
f 2050/2050/2050 2049/2049/2049 2048/2048/2048
f 2045/2045/2045 2049/2049/2049 2046/2046/2046
f 2043/2043/2043 2047/2047/2047 2044/2044/2044
f 2043/2043/2043 2042/2042/2042 2041/2041/2041
f 2039/2039/2039 2042/2042/2042 2040/2040/2040
f 2039/2039/2039 2038/2038/2038 2036/2036/2036
f 2034/2034/2034 2037/2037/2037 2035/2035/2035
f 2034/2034/2034 2033/2033/2033 2032/2032/2032
f 2030/2030/2030 2033/2033/2033 2031/2031/2031
f 2028/2028/2028 2031/2031/2031 2029/2029/2029
f 2028/2028/2028 2027/2027/2027 2026/2026/2026
f 2024/2024/2024 2027/2027/2027 2025/2025/2025
f 2024/2024/2024 2022/2022/2022 2021/2021/2021
f 2019/2019/2019 2023/2023/2023 2020/2020/2020
f 2019/2019/2019 2018/2018/2018 2017/2017/2017
f 2015/2015/2015 2018/2018/2018 2016/2016/2016
f 2012/2012/2012 2016/2016/2016 2013/2013/2013
f 2010/2010/2010 2014/2014/2014 2011/2011/2011
f 2008/2008/2008 2011/2011/2011 2009/2009/2009
f 2008/2008/2008 2007/2007/2007 2006/2006/2006
f 2003/2003/2003 2007/2007/2007 2005/2005/2005
f 2001/2001/2001 2004/2004/2004 2002/2002/2002
f 2001/2001/2001 2000/2000/2000 1999/1999/1999
f 1996/1996/1996 2000/2000/2000 1997/1997/1997
f 1996/1996/1996 1998/1998/1998 2536/2536/2536
f 2515/2515/2515 2513/2513/2513 2514/2514/2514
f 2512/2512/2512 2509/2509/2509 2511/2511/2511
f 2508/2508/2508 2509/2509/2509 2510/2510/2510
f 2508/2508/2508 2504/2504/2504 2507/2507/2507
f 2505/2505/2505 2504/2504/2504 2506/2506/2506
f 2505/2505/2505 2502/2502/2502 2504/2504/2504
f 2503/2503/2503 2500/2500/2500 2502/2502/2502
f 2499/2499/2499 2500/2500/2500 2501/2501/2501
f 2497/2497/2497 2498/2498/2498 2499/2499/2499
f 2497/2497/2497 2494/2494/2494 2496/2496/2496
f 2493/2493/2493 2494/2494/2494 2495/2495/2495
f 2493/2493/2493 2489/2489/2489 2492/2492/2492
f 2489/2489/2489 2491/2491/2491 2487/2487/2487
f 2491/2491/2491 2489/2489/2489 2490/2490/2490
f 2488/2488/2488 2485/2485/2485 2487/2487/2487
f 2486/2486/2486 2483/2483/2483 2485/2485/2485
f 2482/2482/2482 2483/2483/2483 2484/2484/2484
f 2481/2481/2481 2480/2480/2480 2482/2482/2482
f 2481/2481/2481 2478/2478/2478 2480/2480/2480
f 2477/2477/2477 2478/2478/2478 2479/2479/2479
f 2477/2477/2477 2474/2474/2474 2476/2476/2476
f 2473/2473/2473 2474/2474/2474 2475/2475/2475
f 2472/2472/2472 2471/2471/2471 2473/2473/2473
f 2472/2472/2472 2469/2469/2469 2471/2471/2471
f 2470/2470/2470 2467/2467/2467 2469/2469/2469
f 2466/2466/2466 2467/2467/2467 2468/2468/2468
f 2466/2466/2466 2463/2463/2463 2465/2465/2465
f 2462/2462/2462 2463/2463/2463 2464/2464/2464
f 2462/2462/2462 2459/2459/2459 2461/2461/2461
f 2457/2457/2457 2459/2459/2459 2460/2460/2460
f 2456/2456/2456 2458/2458/2458 2454/2454/2454
f 2458/2458/2458 2456/2456/2456 2457/2457/2457
f 2455/2455/2455 2452/2452/2452 2454/2454/2454
f 2451/2451/2451 2452/2452/2452 2453/2453/2453
f 2451/2451/2451 2447/2447/2447 2450/2450/2450
f 2448/2448/2448 2447/2447/2447 2449/2449/2449
f 2448/2448/2448 2445/2445/2445 2447/2447/2447
f 2446/2446/2446 2443/2443/2443 2445/2445/2445
f 2444/2444/2444 2441/2441/2441 2443/2443/2443
f 2440/2440/2440 2441/2441/2441 2442/2442/2442
f 2439/2439/2439 2438/2438/2438 2440/2440/2440
f 2439/2439/2439 2436/2436/2436 2438/2438/2438
f 2435/2435/2435 2436/2436/2436 2437/2437/2437
f 2435/2435/2435 2432/2432/2432 2434/2434/2434
f 2431/2431/2431 2432/2432/2432 2433/2433/2433
f 2429/2429/2429 2430/2430/2430 2431/2431/2431
f 2429/2429/2429 2426/2426/2426 2428/2428/2428
f 2424/2424/2424 2426/2426/2426 2427/2427/2427
f 2423/2423/2423 2425/2425/2425 2421/2421/2421
f 2425/2425/2425 2423/2423/2423 2424/2424/2424
f 2420/2420/2420 2421/2421/2421 2422/2422/2422
f 2420/2420/2420 2417/2417/2417 2419/2419/2419
f 2416/2416/2416 2417/2417/2417 2418/2418/2418
f 2415/2415/2415 2414/2414/2414 2416/2416/2416
f 2415/2415/2415 2412/2412/2412 2414/2414/2414
f 2413/2413/2413 2410/2410/2410 2412/2412/2412
f 2409/2409/2409 2410/2410/2410 2411/2411/2411
f 2409/2409/2409 2406/2406/2406 2408/2408/2408
f 2405/2405/2405 2406/2406/2406 2407/2407/2407
f 2405/2405/2405 2402/2402/2402 2404/2404/2404
f 2403/2403/2403 2399/2399/2399 2402/2402/2402
f 2399/2399/2399 2401/2401/2401 2397/2397/2397
f 2401/2401/2401 2399/2399/2399 2400/2400/2400
f 2398/2398/2398 2395/2395/2395 2397/2397/2397
f 2394/2394/2394 2395/2395/2395 2396/2396/2396
f 2394/2394/2394 2390/2390/2390 2393/2393/2393
f 2390/2390/2390 2392/2392/2392 2388/2388/2388
f 2392/2392/2392 2390/2390/2390 2391/2391/2391
f 2387/2387/2387 2388/2388/2388 2389/2389/2389
f 2387/2387/2387 2384/2384/2384 2386/2386/2386
f 2383/2383/2383 2384/2384/2384 2385/2385/2385
f 2382/2382/2382 2381/2381/2381 2383/2383/2383
f 2382/2382/2382 2379/2379/2379 2381/2381/2381
f 2378/2378/2378 2379/2379/2379 2380/2380/2380
f 2378/2378/2378 2375/2375/2375 2377/2377/2377
f 2376/2376/2376 2373/2373/2373 2375/2375/2375
f 2372/2372/2372 2373/2373/2373 2374/2374/2374
f 2372/2372/2372 2369/2369/2369 2371/2371/2371
f 2367/2367/2367 2369/2369/2369 2370/2370/2370
f 2366/2366/2366 2368/2368/2368 2364/2364/2364
f 2368/2368/2368 2366/2366/2366 2367/2367/2367
f 2363/2363/2363 2364/2364/2364 2365/2365/2365
f 2363/2363/2363 2360/2360/2360 2362/2362/2362
f 2361/2361/2361 2357/2357/2357 2360/2360/2360
f 2357/2357/2357 2359/2359/2359 2355/2355/2355
f 2359/2359/2359 2357/2357/2357 2358/2358/2358
f 2356/2356/2356 2353/2353/2353 2355/2355/2355
f 2352/2352/2352 2353/2353/2353 2354/2354/2354
f 2352/2352/2352 2348/2348/2348 2351/2351/2351
f 2349/2349/2349 2348/2348/2348 2350/2350/2350
f 2349/2349/2349 2346/2346/2346 2348/2348/2348
f 2345/2345/2345 2346/2346/2346 2347/2347/2347
f 2345/2345/2345 2342/2342/2342 2344/2344/2344
f 2341/2341/2341 2342/2342/2342 2343/2343/2343
f 2341/2341/2341 2338/2338/2338 2340/2340/2340
f 2337/2337/2337 2338/2338/2338 2339/2339/2339
f 2337/2337/2337 2333/2333/2333 2336/2336/2336
f 2333/2333/2333 2335/2335/2335 2331/2331/2331
f 2335/2335/2335 2333/2333/2333 2334/2334/2334
f 2330/2330/2330 2331/2331/2331 2332/2332/2332
f 2330/2330/2330 2327/2327/2327 2329/2329/2329
f 2326/2326/2326 2327/2327/2327 2328/2328/2328
f 2325/2325/2325 2324/2324/2324 2326/2326/2326
f 2325/2325/2325 2322/2322/2322 2324/2324/2324
f 2321/2321/2321 2322/2322/2322 2323/2323/2323
f 2321/2321/2321 2318/2318/2318 2320/2320/2320
f 2319/2319/2319 2315/2315/2315 2318/2318/2318
f 2316/2316/2316 2315/2315/2315 2317/2317/2317
f 2316/2316/2316 2313/2313/2313 2315/2315/2315
f 2314/2314/2314 2311/2311/2311 2313/2313/2313
f 2310/2310/2310 2311/2311/2311 2312/2312/2312
f 2310/2310/2310 2307/2307/2307 2309/2309/2309
f 2306/2306/2306 2307/2307/2307 2308/2308/2308
f 2304/2304/2304 2305/2305/2305 2306/2306/2306
f 2304/2304/2304 2300/2300/2300 2303/2303/2303
f 2300/2300/2300 2302/2302/2302 2298/2298/2298
f 2302/2302/2302 2300/2300/2300 2301/2301/2301
f 2299/2299/2299 2296/2296/2296 2298/2298/2298
f 2295/2295/2295 2296/2296/2296 2297/2297/2297
f 2295/2295/2295 2291/2291/2291 2294/2294/2294
f 2292/2292/2292 2291/2291/2291 2293/2293/2293
f 2292/2292/2292 2289/2289/2289 2291/2291/2291
f 2288/2288/2288 2289/2289/2289 2290/2290/2290
f 2288/2288/2288 2285/2285/2285 2287/2287/2287
f 2284/2284/2284 2285/2285/2285 2286/2286/2286
f 2283/2283/2283 2282/2282/2282 2284/2284/2284
f 2283/2283/2283 2280/2280/2280 2282/2282/2282
f 2279/2279/2279 2280/2280/2280 2281/2281/2281
f 2277/2277/2277 2278/2278/2278 2279/2279/2279
f 2277/2277/2277 2274/2274/2274 2276/2276/2276
f 2273/2273/2273 2274/2274/2274 2275/2275/2275
f 2273/2273/2273 2270/2270/2270 2272/2272/2272
f 2268/2268/2268 2270/2270/2270 2271/2271/2271
f 2267/2267/2267 2269/2269/2269 2265/2265/2265
f 2269/2269/2269 2267/2267/2267 2268/2268/2268
f 2264/2264/2264 2265/2265/2265 2266/2266/2266
f 2262/2262/2262 2263/2263/2263 2264/2264/2264
f 2262/2262/2262 2258/2258/2258 2261/2261/2261
f 2259/2259/2259 2258/2258/2258 2260/2260/2260
f 2259/2259/2259 2256/2256/2256 2258/2258/2258
f 2257/2257/2257 2254/2254/2254 2256/2256/2256
f 2253/2253/2253 2254/2254/2254 2255/2255/2255
f 2253/2253/2253 2249/2249/2249 2252/2252/2252
f 2250/2250/2250 2249/2249/2249 2251/2251/2251
f 2250/2250/2250 2247/2247/2247 2249/2249/2249
f 2246/2246/2246 2247/2247/2247 2248/2248/2248
f 2246/2246/2246 2243/2243/2243 2245/2245/2245
f 2242/2242/2242 2243/2243/2243 2244/2244/2244
f 2242/2242/2242 2239/2239/2239 2241/2241/2241
f 2238/2238/2238 2239/2239/2239 2240/2240/2240
f 2235/2235/2235 2237/2237/2237 2238/2238/2238
f 2234/2234/2234 2236/2236/2236 2232/2232/2232
f 2236/2236/2236 2234/2234/2234 2235/2235/2235
f 2231/2231/2231 2232/2232/2232 2233/2233/2233
f 2231/2231/2231 2228/2228/2228 2230/2230/2230
f 2227/2227/2227 2228/2228/2228 2229/2229/2229
f 2226/2226/2226 2225/2225/2225 2227/2227/2227
f 2226/2226/2226 2223/2223/2223 2225/2225/2225
f 2224/2224/2224 2221/2221/2221 2223/2223/2223
f 2220/2220/2220 2221/2221/2221 2222/2222/2222
f 2220/2220/2220 2217/2217/2217 2219/2219/2219
f 2216/2216/2216 2217/2217/2217 2218/2218/2218
f 2216/2216/2216 2213/2213/2213 2215/2215/2215
f 2211/2211/2211 2213/2213/2213 2214/2214/2214
f 2210/2210/2210 2212/2212/2212 2208/2208/2208
f 2212/2212/2212 2210/2210/2210 2211/2211/2211
f 2209/2209/2209 2206/2206/2206 2208/2208/2208
f 2205/2205/2205 2206/2206/2206 2207/2207/2207
f 2205/2205/2205 2201/2201/2201 2204/2204/2204
f 2201/2201/2201 2203/2203/2203 2199/2199/2199
f 2203/2203/2203 2201/2201/2201 2202/2202/2202
f 2200/2200/2200 2197/2197/2197 2199/2199/2199
f 2196/2196/2196 2197/2197/2197 2198/2198/2198
f 2194/2194/2194 2195/2195/2195 2196/2196/2196
f 2193/2193/2193 2192/2192/2192 2194/2194/2194
f 2193/2193/2193 2190/2190/2190 2192/2192/2192
f 2189/2189/2189 2190/2190/2190 2191/2191/2191
f 2189/2189/2189 2186/2186/2186 2188/2188/2188
f 2185/2185/2185 2186/2186/2186 2187/2187/2187
f 2185/2185/2185 2182/2182/2182 2184/2184/2184
f 2183/2183/2183 2180/2180/2180 2182/2182/2182
f 2178/2178/2178 2180/2180/2180 2181/2181/2181
f 2177/2177/2177 2179/2179/2179 2175/2175/2175
f 2179/2179/2179 2177/2177/2177 2178/2178/2178
f 2174/2174/2174 2175/2175/2175 2176/2176/2176
f 2174/2174/2174 2171/2171/2171 2173/2173/2173
f 2169/2169/2169 2171/2171/2171 2172/2172/2172
f 2168/2168/2168 2170/2170/2170 2166/2166/2166
f 2170/2170/2170 2168/2168/2168 2169/2169/2169
f 2167/2167/2167 2164/2164/2164 2166/2166/2166
f 2163/2163/2163 2164/2164/2164 2165/2165/2165
f 2163/2163/2163 2159/2159/2159 2162/2162/2162
f 2160/2160/2160 2159/2159/2159 2161/2161/2161
f 2160/2160/2160 2157/2157/2157 2159/2159/2159
f 2158/2158/2158 2155/2155/2155 2157/2157/2157
f 2154/2154/2154 2155/2155/2155 2156/2156/2156
f 2152/2152/2152 2153/2153/2153 2154/2154/2154
f 2152/2152/2152 2149/2149/2149 2151/2151/2151
f 2148/2148/2148 2149/2149/2149 2150/2150/2150
f 2148/2148/2148 2144/2144/2144 2147/2147/2147
f 2144/2144/2144 2146/2146/2146 2142/2142/2142
f 2146/2146/2146 2144/2144/2144 2145/2145/2145
f 2143/2143/2143 2140/2140/2140 2142/2142/2142
f 2141/2141/2141 2138/2138/2138 2140/2140/2140
f 2137/2137/2137 2138/2138/2138 2139/2139/2139
f 2136/2136/2136 2135/2135/2135 2137/2137/2137
f 2136/2136/2136 2133/2133/2133 2135/2135/2135
f 2132/2132/2132 2133/2133/2133 2134/2134/2134
f 2132/2132/2132 2129/2129/2129 2131/2131/2131
f 2128/2128/2128 2129/2129/2129 2130/2130/2130
f 2127/2127/2127 2126/2126/2126 2128/2128/2128
f 2127/2127/2127 2124/2124/2124 2126/2126/2126
f 2125/2125/2125 2122/2122/2122 2124/2124/2124
f 2121/2121/2121 2122/2122/2122 2123/2123/2123
f 2121/2121/2121 2118/2118/2118 2120/2120/2120
f 2117/2117/2117 2118/2118/2118 2119/2119/2119
f 2117/2117/2117 2114/2114/2114 2116/2116/2116
f 2112/2112/2112 2114/2114/2114 2115/2115/2115
f 2111/2111/2111 2113/2113/2113 2109/2109/2109
f 2113/2113/2113 2111/2111/2111 2112/2112/2112
f 2110/2110/2110 2107/2107/2107 2109/2109/2109
f 2106/2106/2106 2107/2107/2107 2108/2108/2108
f 2106/2106/2106 2102/2102/2102 2105/2105/2105
f 2103/2103/2103 2102/2102/2102 2104/2104/2104
f 2103/2103/2103 2100/2100/2100 2102/2102/2102
f 2101/2101/2101 2098/2098/2098 2100/2100/2100
f 2099/2099/2099 2096/2096/2096 2098/2098/2098
f 2095/2095/2095 2096/2096/2096 2097/2097/2097
f 2094/2094/2094 2093/2093/2093 2095/2095/2095
f 2094/2094/2094 2091/2091/2091 2093/2093/2093
f 2090/2090/2090 2091/2091/2091 2092/2092/2092
f 2090/2090/2090 2087/2087/2087 2089/2089/2089
f 2086/2086/2086 2087/2087/2087 2088/2088/2088
f 2084/2084/2084 2085/2085/2085 2086/2086/2086
f 2084/2084/2084 2081/2081/2081 2083/2083/2083
f 2079/2079/2079 2081/2081/2081 2082/2082/2082
f 2078/2078/2078 2080/2080/2080 2076/2076/2076
f 2080/2080/2080 2078/2078/2078 2079/2079/2079
f 2075/2075/2075 2076/2076/2076 2077/2077/2077
f 2075/2075/2075 2072/2072/2072 2074/2074/2074
f 2073/2073/2073 2069/2069/2069 2072/2072/2072
f 2070/2070/2070 2069/2069/2069 2071/2071/2071
f 2070/2070/2070 2067/2067/2067 2069/2069/2069
f 2068/2068/2068 2065/2065/2065 2067/2067/2067
f 2064/2064/2064 2065/2065/2065 2066/2066/2066
f 2064/2064/2064 2061/2061/2061 2063/2063/2063
f 2060/2060/2060 2061/2061/2061 2062/2062/2062
f 2060/2060/2060 2057/2057/2057 2059/2059/2059
f 2058/2058/2058 2054/2054/2054 2057/2057/2057
f 2054/2054/2054 2056/2056/2056 2052/2052/2052
f 2056/2056/2056 2054/2054/2054 2055/2055/2055
f 2053/2053/2053 2050/2050/2050 2052/2052/2052
f 2049/2049/2049 2050/2050/2050 2051/2051/2051
f 2049/2049/2049 2045/2045/2045 2048/2048/2048
f 2045/2045/2045 2047/2047/2047 2043/2043/2043
f 2047/2047/2047 2045/2045/2045 2046/2046/2046
f 2042/2042/2042 2043/2043/2043 2044/2044/2044
f 2042/2042/2042 2039/2039/2039 2041/2041/2041
f 2038/2038/2038 2039/2039/2039 2040/2040/2040
f 2037/2037/2037 2036/2036/2036 2038/2038/2038
f 2037/2037/2037 2034/2034/2034 2036/2036/2036
f 2033/2033/2033 2034/2034/2034 2035/2035/2035
f 2033/2033/2033 2030/2030/2030 2032/2032/2032
f 2031/2031/2031 2028/2028/2028 2030/2030/2030
f 2027/2027/2027 2028/2028/2028 2029/2029/2029
f 2027/2027/2027 2024/2024/2024 2026/2026/2026
f 2022/2022/2022 2024/2024/2024 2025/2025/2025
f 2021/2021/2021 2023/2023/2023 2019/2019/2019
f 2023/2023/2023 2021/2021/2021 2022/2022/2022
f 2018/2018/2018 2019/2019/2019 2020/2020/2020
f 2018/2018/2018 2015/2015/2015 2017/2017/2017
f 2016/2016/2016 2012/2012/2012 2015/2015/2015
f 2012/2012/2012 2014/2014/2014 2010/2010/2010
f 2014/2014/2014 2012/2012/2012 2013/2013/2013
f 2011/2011/2011 2008/2008/2008 2010/2010/2010
f 2007/2007/2007 2008/2008/2008 2009/2009/2009
f 2007/2007/2007 2003/2003/2003 2006/2006/2006
f 2004/2004/2004 2003/2003/2003 2005/2005/2005
f 2004/2004/2004 2001/2001/2001 2003/2003/2003
f 2000/2000/2000 2001/2001/2001 2002/2002/2002
f 2000/2000/2000 1996/1996/1996 1999/1999/1999
f 1998/1998/1998 1996/1996/1996 1997/1997/1997
f 2329/2329/2329 2688/2688/2688 2331/2331/2331
f 2215/2215/2215 2636/2636/2636 2217/2217/2217
f 4031/4031/4031 4029/4029/4029 4032/4032/4032
f 3350/3350/3350 3353/3353/3353 3354/3354/3354
f 3353/3353/3353 3355/3355/3355 3356/3356/3356
f 3359/3359/3359 3357/3357/3357 3358/3358/3358
f 3361/3361/3361 3360/3360/3360 3359/3359/3359
f 3363/3363/3363 3362/3362/3362 3361/3361/3361
f 3366/3366/3366 3364/3364/3364 3365/3365/3365
f 3368/3368/3368 3367/3367/3367 3366/3366/3366
f 3370/3370/3370 3369/3369/3369 3368/3368/3368
f 3373/3373/3373 3371/3371/3371 3372/3372/3372
f 3372/3372/3372 3371/3371/3371 3370/3370/3370
f 3376/3376/3376 3374/3374/3374 3375/3375/3375
f 3378/3378/3378 3376/3376/3376 3377/3377/3377
f 3375/3375/3375 3374/3374/3374 3373/3373/3373
f 3379/3379/3379 3377/3377/3377 3376/3376/3376
f 3382/3382/3382 3380/3380/3380 3381/3381/3381
f 3384/3384/3384 3382/3382/3382 3383/3383/3383
f 3350/3350/3350 3352/3352/3352 3355/3355/3355
f 3351/3351/3351 4405/4405/4405 3352/3352/3352
f 3353/3353/3353 3350/3350/3350 3355/3355/3355
f 3353/3353/3353 3358/3358/3358 3354/3354/3354
f 3354/3354/3354 3358/3358/3358 3357/3357/3357
f 3357/3357/3357 3359/3359/3359 3360/3360/3360
f 3360/3360/3360 3361/3361/3361 3362/3362/3362
f 3362/3362/3362 3363/3363/3363 3364/3364/3364
f 3363/3363/3363 3365/3365/3365 3364/3364/3364
f 3364/3364/3364 3366/3366/3366 3367/3367/3367
f 3367/3367/3367 3368/3368/3368 3369/3369/3369
f 3369/3369/3369 3370/3370/3370 3371/3371/3371
f 3371/3371/3371 3373/3373/3373 3374/3374/3374
f 3374/3374/3374 3376/3376/3376 3378/3378/3378
f 3377/3377/3377 3379/3379/3379 3380/3380/3380
f 3380/3380/3380 3382/3382/3382 3384/3384/3384
f 3385/3385/3385 3383/3383/3383 3390/3390/3390
f 3388/3388/3388 3392/3392/3392 3394/3394/3394
f 3395/3395/3395 3393/3393/3393 3399/3399/3399
f 3400/3400/3400 3402/3402/3402 3404/3404/3404
f 3405/3405/3405 3403/3403/3403 3409/3409/3409
f 3410/3410/3410 3412/3412/3412 3407/3407/3407
f 3413/3413/3413 3415/3415/3415 3418/3418/3418
f 3419/3419/3419 3421/3421/3421 3416/3416/3416
f 3424/3424/3424 3422/3422/3422 3427/3427/3427
f 3428/3428/3428 3430/3430/3430 3433/3433/3433
f 3434/3434/3434 3431/3431/3431 3437/3437/3437
f 3436/3436/3436 3439/3439/3439 3442/3442/3442
f 3443/3443/3443 3440/3440/3440 3447/3447/3447
f 3448/3448/3448 3445/3445/3445 3452/3452/3452
f 3453/3453/3453 3455/3455/3455 3450/3450/3450
f 3458/3458/3458 3456/3456/3456 3461/3461/3461
f 3462/3462/3462 3464/3464/3464 3471/3471/3471
f 3466/3466/3466 3468/3468/3468 3477/3477/3477
f 3472/3472/3472 3474/3474/3474 3476/3476/3476
f 3478/3478/3478 3480/3480/3480 3483/3483/3483
f 3484/3484/3484 3486/3486/3486 3488/3488/3488
f 3489/3489/3489 3490/3490/3490 3491/3491/3491
f 3498/3498/3498 3497/3497/3497 3493/3493/3493
f 3499/3499/3499 3501/3501/3501 3505/3505/3505
f 3506/3506/3506 3508/3508/3508 3502/3502/3502
f 3510/3510/3510 3512/3512/3512 3514/3514/3514
f 3517/3517/3517 3519/3519/3519 3520/3520/3520
f 3521/3521/3521 3523/3523/3523 3526/3526/3526
f 3528/3528/3528 3530/3530/3530 3531/3531/3531
f 3531/3531/3531 3533/3533/3533 3538/3538/3538
f 3535/3535/3535 3537/3537/3537 4404/4404/4404
f 3537/3537/3537 3540/3540/3540 4404/4404/4404
f 3541/3541/3541 3543/3543/3543 4403/4403/4403
f 3543/3543/3543 3545/3545/3545 4403/4403/4403
f 3546/3546/3546 3548/3548/3548 3552/3552/3552
f 3549/3549/3549 3551/3551/3551 3556/3556/3556
f 3553/3553/3553 3555/3555/3555 3557/3557/3557
f 3554/3554/3554 3558/3558/3558 3560/3560/3560
f 3559/3559/3559 3561/3561/3561 3562/3562/3562
f 3564/3564/3564 3565/3565/3565 3567/3567/3567
f 3566/3566/3566 3567/3567/3567 3568/3568/3568
f 3570/3570/3570 3571/3571/3571 3572/3572/3572
f 3575/3575/3575 3574/3574/3574 3577/3577/3577
f 3576/3576/3576 3577/3577/3577 3578/3578/3578
f 3580/3580/3580 3581/3581/3581 3582/3582/3582
f 3584/3584/3584 3585/3585/3585 3589/3589/3589
f 3586/3586/3586 3588/3588/3588 3590/3590/3590
f 3590/3590/3590 3591/3591/3591 3593/3593/3593
f 3592/3592/3592 3595/3595/3595 3599/3599/3599
f 3596/3596/3596 3598/3598/3598 3600/3600/3600
f 3600/3600/3600 3601/3601/3601 3605/3605/3605
f 3602/3602/3602 3604/3604/3604 3606/3606/3606
f 3608/3608/3608 3607/3607/3607 3613/3613/3613
f 3609/3609/3609 3611/3611/3611 3612/3612/3612
f 3614/3614/3614 3616/3616/3616 3619/3619/3619
f 3619/3619/3619 3621/3621/3621 3614/3614/3614
f 3623/3623/3623 3624/3624/3624 3628/3628/3628
f 3625/3625/3625 3627/3627/3627 3633/3633/3633
f 3629/3629/3629 3631/3631/3631 3634/3634/3634
f 3635/3635/3635 3629/3629/3629 3639/3639/3639
f 3636/3636/3636 3638/3638/3638 3640/3640/3640
f 3641/3641/3641 3643/3643/3643 3644/3644/3644
f 3644/3644/3644 3649/3649/3649 3641/3641/3641
f 3647/3647/3647 3651/3651/3651 3655/3655/3655
f 3652/3652/3652 3654/3654/3654 3657/3657/3657
f 3656/3656/3656 3658/3658/3658 3663/3663/3663
f 3659/3659/3659 3661/3661/3661 3664/3664/3664
f 3665/3665/3665 3666/3666/3666 3667/3667/3667
f 3670/3670/3670 3669/3669/3669 3675/3675/3675
f 3671/3671/3671 3673/3673/3673 3680/3680/3680
f 3676/3676/3676 3678/3678/3678 3681/3681/3681
f 3682/3682/3682 3684/3684/3684 3679/3679/3679
f 3685/3685/3685 3687/3687/3687 3694/3694/3694
f 3688/3688/3688 3690/3690/3690 3692/3692/3692
f 3695/3695/3695 3697/3697/3697 3699/3699/3699
f 3698/3698/3698 3700/3700/3700 3704/3704/3704
f 3701/3701/3701 3703/3703/3703 3705/3705/3705
f 3707/3707/3707 3706/3706/3706 3712/3712/3712
f 3708/3708/3708 3710/3710/3710 3713/3713/3713
f 3714/3714/3714 3716/3716/3716 3721/3721/3721
f 3717/3717/3717 3719/3719/3719 3720/3720/3720
f 3722/3722/3722 3724/3724/3724 3729/3729/3729
f 3726/3726/3726 3728/3728/3728 3734/3734/3734
f 3730/3730/3730 3732/3732/3732 3740/3740/3740
f 3735/3735/3735 3737/3737/3737 3738/3738/3738
f 3743/3743/3743 3742/3742/3742 3748/3748/3748
f 3744/3744/3744 3746/3746/3746 3750/3750/3750
f 3749/3749/3749 3751/3751/3751 3752/3752/3752
f 3757/3757/3757 3756/3756/3756 3758/3758/3758
f 3759/3759/3759 3761/3761/3761 3764/3764/3764
f 3763/3763/3763 3765/3765/3765 3766/3766/3766
f 3771/3771/3771 3770/3770/3770 3767/3767/3767
f 3772/3772/3772 3774/3774/3774 3780/3780/3780
f 3777/3777/3777 3779/3779/3779 3785/3785/3785
f 3781/3781/3781 3783/3783/3783 3791/3791/3791
f 3786/3786/3786 3788/3788/3788 3790/3790/3790
f 3792/3792/3792 3794/3794/3794 3795/3795/3795
f 3797/3797/3797 3796/3796/3796 3805/3805/3805
f 3801/3801/3801 3803/3803/3803 3806/3806/3806
f 3810/3810/3810 3811/3811/3811 3812/3812/3812
f 3813/3813/3813 3815/3815/3815 3816/3816/3816
f 3819/3819/3819 3821/3821/3821 3829/3829/3829
f 3828/3828/3828 3827/3827/3827 3830/3830/3830
f 3831/3831/3831 3833/3833/3833 3836/3836/3836
f 3841/3841/3841 3840/3840/3840 3844/3844/3844
f 3845/3845/3845 3847/3847/3847 3848/3848/3848
f 3851/3851/3851 3855/3855/3855 3856/3856/3856
f 3858/3858/3858 3860/3860/3860 3863/3863/3863
f 3868/3868/3868 3867/3867/3867 3870/3870/3870
f 3871/3871/3871 3873/3873/3873 3882/3882/3882
f 3876/3876/3876 3878/3878/3878 3880/3880/3880
f 3886/3886/3886 3885/3885/3885 3888/3888/3888
f 3889/3889/3889 3891/3891/3891 3904/3904/3904
f 3896/3896/3896 3895/3895/3895 3900/3900/3900
f 3905/3905/3905 3907/3907/3907 3917/3917/3917
f 3912/3912/3912 3911/3911/3911 3924/3924/3924
f 3921/3921/3921 3920/3920/3920 3922/3922/3922
f 3926/3926/3926 3925/3925/3925 3942/3942/3942
f 3934/3934/3934 3936/3936/3936 3948/3948/3948
f 3944/3944/3944 3943/3943/3943 3947/3947/3947
f 3949/3949/3949 3951/3951/3951 3954/3954/3954
f 3957/3957/3957 3959/3959/3959 3969/3969/3969
f 3963/3963/3963 3967/3967/3967 3968/3968/3968
f 3972/3972/3972 3971/3971/3971 3975/3975/3975
f 3978/3978/3978 3980/3980/3980 3981/3981/3981
f 3987/3987/3987 3989/3989/3989 3993/3993/3993
f 3996/3996/3996 3998/3998/3998 4010/4010/4010
f 4002/4002/4002 4004/4004/4004 4008/4008/4008
f 4011/4011/4011 4013/4013/4013 4014/4014/4014
f 4017/4017/4017 4019/4019/4019 4032/4032/4032
f 4024/4024/4024 4026/4026/4026 4028/4028/4028
f 4036/4036/4036 4035/4035/4035 4038/4038/4038
f 4039/4039/4039 4041/4041/4041 4044/4044/4044
f 4048/4048/4048 4050/4050/4050 4059/4059/4059
f 4056/4056/4056 4054/4054/4054 4068/4068/4068
f 4061/4061/4061 4063/4063/4063 4064/4064/4064
f 4072/4072/4072 4071/4071/4071 4075/4075/4075
f 4076/4076/4076 4078/4078/4078 4091/4091/4091
f 4084/4084/4084 4086/4086/4086 4098/4098/4098
f 4092/4092/4092 4094/4094/4094 4107/4107/4107
f 4099/4099/4099 4101/4101/4101 4116/4116/4116
f 4108/4108/4108 4110/4110/4110 4111/4111/4111
f 4117/4117/4117 4120/4120/4120 4130/4130/4130
f 4124/4124/4124 4123/4123/4123 4129/4129/4129
f 4131/4131/4131 4133/4133/4133 4136/4136/4136
f 4138/4138/4138 4140/4140/4140 4143/4143/4143
f 4148/4148/4148 4150/4150/4150 4153/4153/4153
f 4157/4157/4157 4160/4160/4160 4171/4171/4171
f 4167/4167/4167 4166/4166/4166 4168/4168/4168
f 4172/4172/4172 4174/4174/4174 4177/4177/4177
f 4184/4184/4184 4183/4183/4183 4185/4185/4185
f 4193/4193/4193 4192/4192/4192 4196/4196/4196
f 4197/4197/4197 4199/4199/4199 4200/4200/4200
f 4206/4206/4206 4208/4208/4208 4210/4210/4210
f 4217/4217/4217 4216/4216/4216 4231/4231/4231
f 4222/4222/4222 4224/4224/4224 4240/4240/4240
f 4232/4232/4232 4234/4234/4234 4235/4235/4235
f 4241/4241/4241 4243/4243/4243 4244/4244/4244
f 4251/4251/4251 4253/4253/4253 4265/4265/4265
f 4259/4259/4259 4261/4261/4261 4264/4264/4264
f 4269/4269/4269 4271/4271/4271 4273/4273/4273
f 4278/4278/4278 4280/4280/4280 4294/4294/4294
f 4284/4284/4284 4286/4286/4286 4289/4289/4289
f 4295/4295/4295 4297/4297/4297 4309/4309/4309
f 4303/4303/4303 4305/4305/4305 4320/4320/4320
f 4311/4311/4311 4313/4313/4313 4330/4330/4330
f 4321/4321/4321 4323/4323/4323 4326/4326/4326
f 4332/4332/4332 4331/4331/4331 4335/4335/4335
f 4344/4344/4344 4343/4343/4343 4345/4345/4345
f 4349/4349/4349 4351/4351/4351 4355/4355/4355
f 4358/4358/4358 4360/4360/4360 4362/4362/4362
f 4368/4368/4368 4370/4370/4370 4384/4384/4384
f 4375/4375/4375 4377/4377/4377 4392/4392/4392
f 4386/4386/4386 4388/4388/4388 4396/4396/4396
f 4393/4393/4393 4395/4395/4395 4401/4401/4401
f 4398/4398/4398 4400/4400/4400 4402/4402/4402
f 4399/4399/4399 4401/4401/4401 4395/4395/4395
f 4401/4401/4401 4399/4399/4399 4398/4398/4398
f 4400/4400/4400 4398/4398/4398 4399/4399/4399
f 4393/4393/4393 4397/4397/4397 4394/4394/4394
f 4386/4386/4386 4397/4397/4397 4393/4393/4393
f 4397/4397/4397 4386/4386/4386 4396/4396/4396
f 4395/4395/4395 4393/4393/4393 4394/4394/4394
f 4392/4392/4392 4391/4391/4391 4375/4375/4375
f 4391/4391/4391 4389/4389/4389 4387/4387/4387
f 4389/4389/4389 4391/4391/4391 4392/4392/4392
f 4387/4387/4387 4390/4390/4390 4388/4388/4388
f 4390/4390/4390 4387/4387/4387 4389/4389/4389
f 4388/4388/4388 4386/4386/4386 4387/4387/4387
f 4382/4382/4382 4381/4381/4381 4383/4383/4383
f 4383/4383/4383 4385/4385/4385 4382/4382/4382
f 4385/4385/4385 4384/4384/4384 4370/4370/4370
f 4385/4385/4385 4383/4383/4383 4384/4384/4384
f 4381/4381/4381 4380/4380/4380 4379/4379/4379
f 4380/4380/4380 4381/4381/4381 4382/4382/4382
f 4378/4378/4378 4379/4379/4379 4380/4380/4380
f 4379/4379/4379 4378/4378/4378 4376/4376/4376
f 4377/4377/4377 4376/4376/4376 4378/4378/4378
f 4377/4377/4377 4375/4375/4375 4376/4376/4376
f 4369/4369/4369 4371/4371/4371 4372/4372/4372
f 4361/4361/4361 4374/4374/4374 4373/4373/4373
f 4374/4374/4374 4361/4361/4361 4359/4359/4359
f 4372/4372/4372 4373/4373/4373 4374/4374/4374
f 4373/4373/4373 4372/4372/4372 4371/4371/4371
f 4371/4371/4371 4369/4369/4369 4368/4368/4368
f 4370/4370/4370 4368/4368/4368 4369/4369/4369
f 4367/4367/4367 4366/4366/4366 4352/4352/4352
f 4367/4367/4367 4352/4352/4352 4349/4349/4349
f 4366/4366/4366 4365/4365/4365 4364/4364/4364
f 4365/4365/4365 4366/4366/4366 4367/4367/4367
f 4363/4363/4363 4364/4364/4364 4365/4365/4365
f 4364/4364/4364 4363/4363/4363 4362/4362/4362
f 4358/4358/4358 4362/4362/4362 4363/4363/4363
f 4360/4360/4360 4359/4359/4359 4361/4361/4361
f 4360/4360/4360 4358/4358/4358 4359/4359/4359
f 4353/4353/4353 4355/4355/4355 4351/4351/4351
f 4357/4357/4357 4356/4356/4356 4342/4342/4342
f 4357/4357/4357 4342/4342/4342 4341/4341/4341
f 4354/4354/4354 4356/4356/4356 4357/4357/4357
f 4356/4356/4356 4354/4354/4354 4353/4353/4353
f 4355/4355/4355 4353/4353/4353 4354/4354/4354
f 4350/4350/4350 4349/4349/4349 4352/4352/4352
f 4351/4351/4351 4349/4349/4349 4350/4350/4350
f 4333/4333/4333 4346/4346/4346 4334/4334/4334
f 4346/4346/4346 4333/4333/4333 4347/4347/4347
f 4345/4345/4345 4348/4348/4348 4344/4344/4344
f 4345/4345/4345 4347/4347/4347 4348/4348/4348
f 4347/4347/4347 4345/4345/4345 4346/4346/4346
f 4341/4341/4341 4343/4343/4343 4344/4344/4344
f 4343/4343/4343 4341/4341/4341 4342/4342/4342
f 4339/4339/4339 4338/4338/4338 4337/4337/4337
f 4322/4322/4322 4340/4340/4340 4339/4339/4339
f 4340/4340/4340 4322/4322/4322 4321/4321/4321
f 4338/4338/4338 4339/4339/4339 4340/4340/4340
f 4337/4337/4337 4336/4336/4336 4335/4335/4335
f 4336/4336/4336 4337/4337/4337 4338/4338/4338
f 4332/4332/4332 4335/4335/4335 4336/4336/4336
f 4331/4331/4331 4333/4333/4333 4334/4334/4334
f 4333/4333/4333 4331/4331/4331 4332/4332/4332
f 4329/4329/4329 4330/4330/4330 4313/4313/4313
f 4330/4330/4330 4329/4329/4329 4328/4328/4328
f 4328/4328/4328 4327/4327/4327 4324/4324/4324
f 4327/4327/4327 4328/4328/4328 4329/4329/4329
f 4325/4325/4325 4324/4324/4324 4327/4327/4327
f 4323/4323/4323 4325/4325/4325 4326/4326/4326
f 4325/4325/4325 4323/4323/4323 4324/4324/4324
f 4323/4323/4323 4321/4321/4321 4322/4322/4322
f 4319/4319/4319 4318/4318/4318 4303/4303/4303
f 4319/4319/4319 4303/4303/4303 4320/4320/4320
f 4317/4317/4317 4318/4318/4318 4319/4319/4319
f 4318/4318/4318 4317/4317/4317 4316/4316/4316
f 4315/4315/4315 4316/4316/4316 4317/4317/4317
f 4316/4316/4316 4315/4315/4315 4314/4314/4314
f 4314/4314/4314 4312/4312/4312 4311/4311/4311
f 4312/4312/4312 4314/4314/4314 4315/4315/4315
f 4313/4313/4313 4311/4311/4311 4312/4312/4312
f 4306/4306/4306 4304/4304/4304 4307/4307/4307
f 4306/4306/4306 4308/4308/4308 4310/4310/4310
f 4309/4309/4309 4310/4310/4310 4308/4308/4308
f 4310/4310/4310 4309/4309/4309 4297/4297/4297
f 4308/4308/4308 4306/4306/4306 4307/4307/4307
f 4304/4304/4304 4306/4306/4306 4305/4305/4305
f 4305/4305/4305 4303/4303/4303 4304/4304/4304
f 4302/4302/4302 4285/4285/4285 4284/4284/4284
f 4300/4300/4300 4299/4299/4299 4298/4298/4298
f 4300/4300/4300 4302/4302/4302 4301/4301/4301
f 4302/4302/4302 4300/4300/4300 4285/4285/4285
f 4299/4299/4299 4300/4300/4300 4301/4301/4301
f 4296/4296/4296 4298/4298/4298 4299/4299/4299
f 4298/4298/4298 4296/4296/4296 4295/4295/4295
f 4297/4297/4297 4295/4295/4295 4296/4296/4296
f 4290/4290/4290 4287/4287/4287 4292/4292/4292
f 4291/4291/4291 4292/4292/4292 4293/4293/4293
f 4291/4291/4291 4278/4278/4278 4294/4294/4294
f 4278/4278/4278 4291/4291/4291 4293/4293/4293
f 4292/4292/4292 4291/4291/4291 4290/4290/4290
f 4287/4287/4287 4290/4290/4290 4288/4288/4288
f 4286/4286/4286 4288/4288/4288 4289/4289/4289
f 4288/4288/4288 4286/4286/4286 4287/4287/4287
f 4286/4286/4286 4284/4284/4284 4285/4285/4285
f 4270/4270/4270 4283/4283/4283 4272/4272/4272
f 4283/4283/4283 4281/4281/4281 4282/4282/4282
f 4283/4283/4283 4270/4270/4270 4281/4281/4281
f 4281/4281/4281 4279/4279/4279 4282/4282/4282
f 4279/4279/4279 4281/4281/4281 4280/4280/4280
f 4280/4280/4280 4278/4278/4278 4279/4279/4279
f 4276/4276/4276 4274/4274/4274 4277/4277/4277
f 4276/4276/4276 4260/4260/4260 4259/4259/4259
f 4260/4260/4260 4276/4276/4276 4277/4277/4277
f 4274/4274/4274 4276/4276/4276 4275/4275/4275
f 4273/4273/4273 4275/4275/4275 4269/4269/4269
f 4275/4275/4275 4273/4273/4273 4274/4274/4274
f 4271/4271/4271 4270/4270/4270 4272/4272/4272
f 4271/4271/4271 4269/4269/4269 4270/4270/4270
f 4263/4263/4263 4262/4262/4262 4268/4268/4268
f 4268/4268/4268 4266/4266/4266 4263/4263/4263
f 4265/4265/4265 4267/4267/4267 4251/4251/4251
f 4267/4267/4267 4266/4266/4266 4268/4268/4268
f 4267/4267/4267 4265/4265/4265 4266/4266/4266
f 4262/4262/4262 4264/4264/4264 4261/4261/4261
f 4264/4264/4264 4262/4262/4262 4263/4263/4263
f 4261/4261/4261 4259/4259/4259 4260/4260/4260
f 4258/4258/4258 4256/4256/4256 4242/4242/4242
f 4258/4258/4258 4242/4242/4242 4241/4241/4241
f 4256/4256/4256 4258/4258/4258 4257/4257/4257
f 4255/4255/4255 4257/4257/4257 4254/4254/4254
f 4257/4257/4257 4255/4255/4255 4256/4256/4256
f 4254/4254/4254 4252/4252/4252 4255/4255/4255
f 4252/4252/4252 4254/4254/4254 4253/4253/4253
f 4253/4253/4253 4251/4251/4251 4252/4252/4252
f 4247/4247/4247 4248/4248/4248 4249/4249/4249
f 4249/4249/4249 4250/4250/4250 4247/4247/4247
f 4250/4250/4250 4236/4236/4236 4235/4235/4235
f 4250/4250/4250 4249/4249/4249 4236/4236/4236
f 4248/4248/4248 4246/4246/4246 4245/4245/4245
f 4248/4248/4248 4247/4247/4247 4246/4246/4246
f 4244/4244/4244 4245/4245/4245 4246/4246/4246
f 4245/4245/4245 4244/4244/4244 4243/4243/4243
f 4243/4243/4243 4241/4241/4241 4242/4242/4242
f 4237/4237/4237 4233/4233/4233 4238/4238/4238
f 4222/4222/4222 4239/4239/4239 4238/4238/4238
f 4239/4239/4239 4222/4222/4222 4240/4240/4240
f 4237/4237/4237 4238/4238/4238 4239/4239/4239
f 4233/4233/4233 4237/4237/4237 4234/4234/4234
f 4232/4232/4232 4235/4235/4235 4236/4236/4236
f 4234/4234/4234 4232/4232/4232 4233/4233/4233
f 4229/4229/4229 4230/4230/4230 4217/4217/4217
f 4229/4229/4229 4217/4217/4217 4231/4231/4231
f 4229/4229/4229 4227/4227/4227 4230/4230/4230
f 4227/4227/4227 4229/4229/4229 4228/4228/4228
f 4226/4226/4226 4228/4228/4228 4225/4225/4225
f 4226/4226/4226 4225/4225/4225 4223/4223/4223
f 4228/4228/4228 4226/4226/4226 4227/4227/4227
f 4224/4224/4224 4223/4223/4223 4225/4225/4225
f 4224/4224/4224 4222/4222/4222 4223/4223/4223
f 4218/4218/4218 4215/4215/4215 4214/4214/4214
f 4219/4219/4219 4220/4220/4220 4221/4221/4221
f 4209/4209/4209 4221/4221/4221 4220/4220/4220
f 4221/4221/4221 4209/4209/4209 4207/4207/4207
f 4220/4220/4220 4219/4219/4219 4218/4218/4218
f 4215/4215/4215 4218/4218/4218 4219/4219/4219
f 4214/4214/4214 4216/4216/4216 4217/4217/4217
f 4216/4216/4216 4214/4214/4214 4215/4215/4215
f 4213/4213/4213 4199/4199/4199 4198/4198/4198
f 4212/4212/4212 4213/4213/4213 4211/4211/4211
f 4212/4212/4212 4211/4211/4211 4210/4210/4210
f 4213/4213/4213 4212/4212/4212 4199/4199/4199
f 4206/4206/4206 4210/4210/4210 4211/4211/4211
f 4208/4208/4208 4207/4207/4207 4209/4209/4209
f 4208/4208/4208 4206/4206/4206 4207/4207/4207
f 4204/4204/4204 4203/4203/4203 4205/4205/4205
f 4204/4204/4204 4191/4191/4191 4190/4190/4190
f 4191/4191/4191 4204/4204/4204 4205/4205/4205
f 4203/4203/4203 4202/4202/4202 4201/4201/4201
f 4202/4202/4202 4203/4203/4203 4204/4204/4204
f 4197/4197/4197 4201/4201/4201 4202/4202/4202
f 4201/4201/4201 4197/4197/4197 4200/4200/4200
f 4199/4199/4199 4197/4197/4197 4198/4198/4198
f 4194/4194/4194 4193/4193/4193 4196/4196/4196
f 4195/4195/4195 4182/4182/4182 4181/4181/4181
f 4182/4182/4182 4195/4195/4195 4194/4194/4194
f 4193/4193/4193 4194/4194/4194 4195/4195/4195
f 4190/4190/4190 4192/4192/4192 4193/4193/4193
f 4192/4192/4192 4190/4190/4190 4191/4191/4191
f 4184/4184/4184 4186/4186/4186 4189/4189/4189
f 4188/4188/4188 4187/4187/4187 4173/4173/4173
f 4188/4188/4188 4173/4173/4173 4172/4172/4172
f 4187/4187/4187 4189/4189/4189 4186/4186/4186
f 4189/4189/4189 4187/4187/4187 4188/4188/4188
f 4186/4186/4186 4184/4184/4184 4185/4185/4185
f 4181/4181/4181 4183/4183/4183 4184/4184/4184
f 4183/4183/4183 4181/4181/4181 4182/4182/4182
f 4179/4179/4179 4180/4180/4180 4178/4178/4178
f 4180/4180/4180 4165/4165/4165 4164/4164/4164
f 4180/4180/4180 4179/4179/4179 4165/4165/4165
f 4178/4178/4178 4175/4175/4175 4179/4179/4179
f 4175/4175/4175 4178/4178/4178 4176/4176/4176
f 4175/4175/4175 4177/4177/4177 4174/4174/4174
f 4177/4177/4177 4175/4175/4175 4176/4176/4176
f 4174/4174/4174 4172/4172/4172 4173/4173/4173
f 4171/4171/4171 4170/4170/4170 4157/4157/4157
f 4169/4169/4169 4170/4170/4170 4171/4171/4171
f 4170/4170/4170 4169/4169/4169 4168/4168/4168
f 4167/4167/4167 4168/4168/4168 4169/4169/4169
f 4164/4164/4164 4166/4166/4166 4167/4167/4167
f 4166/4166/4166 4164/4164/4164 4165/4165/4165
f 4161/4161/4161 4163/4163/4163 4162/4162/4162
f 4163/4163/4163 4149/4149/4149 4148/4148/4148
f 4149/4149/4149 4163/4163/4163 4161/4161/4161
f 4158/4158/4158 4162/4162/4162 4159/4159/4159
f 4162/4162/4162 4158/4158/4158 4161/4161/4161
f 4157/4157/4157 4159/4159/4159 4160/4160/4160
f 4159/4159/4159 4157/4157/4157 4158/4158/4158
f 4151/4151/4151 4153/4153/4153 4150/4150/4150
f 4152/4152/4152 4154/4154/4154 4156/4156/4156
f 4154/4154/4154 4155/4155/4155 4156/4156/4156
f 4155/4155/4155 4139/4139/4139 4138/4138/4138
f 4155/4155/4155 4154/4154/4154 4139/4139/4139
f 4154/4154/4154 4152/4152/4152 4151/4151/4151
f 4153/4153/4153 4151/4151/4151 4152/4152/4152
f 4150/4150/4150 4148/4148/4148 4149/4149/4149
f 4144/4144/4144 4145/4145/4145 4146/4146/4146
f 4146/4146/4146 4147/4147/4147 4144/4144/4144
f 4147/4147/4147 4132/4132/4132 4131/4131/4131
f 4147/4147/4147 4146/4146/4146 4132/4132/4132
f 4144/4144/4144 4141/4141/4141 4145/4145/4145
f 4141/4141/4141 4144/4144/4144 4142/4142/4142
f 4140/4140/4140 4142/4142/4142 4143/4143/4143
f 4142/4142/4142 4140/4140/4140 4141/4141/4141
f 4140/4140/4140 4138/4138/4138 4139/4139/4139
f 4125/4125/4125 4137/4137/4137 4126/4126/4126
f 4137/4137/4137 4135/4135/4135 4134/4134/4134
f 4137/4137/4137 4125/4125/4125 4135/4135/4135
f 4134/4134/4134 4136/4136/4136 4133/4133/4133
f 4136/4136/4136 4134/4134/4134 4135/4135/4135
f 4133/4133/4133 4131/4131/4131 4132/4132/4132
f 4127/4127/4127 4130/4130/4130 4128/4128/4128
f 4130/4130/4130 4127/4127/4127 4117/4117/4117
f 4127/4127/4127 4124/4124/4124 4129/4129/4129
f 4124/4124/4124 4127/4127/4127 4128/4128/4128
f 4123/4123/4123 4125/4125/4125 4126/4126/4126
f 4125/4125/4125 4123/4123/4123 4124/4124/4124
f 4110/4110/4110 4121/4121/4121 4122/4122/4122
f 4121/4121/4121 4110/4110/4110 4109/4109/4109
f 4121/4121/4121 4118/4118/4118 4122/4122/4122
f 4118/4118/4118 4121/4121/4121 4119/4119/4119
f 4117/4117/4117 4119/4119/4119 4120/4120/4120
f 4119/4119/4119 4117/4117/4117 4118/4118/4118
f 4115/4115/4115 4116/4116/4116 4101/4101/4101
f 4116/4116/4116 4115/4115/4115 4114/4114/4114
f 4114/4114/4114 4113/4113/4113 4112/4112/4112
f 4113/4113/4113 4114/4114/4114 4115/4115/4115
f 4108/4108/4108 4112/4112/4112 4113/4113/4113
f 4112/4112/4112 4108/4108/4108 4111/4111/4111
f 4110/4110/4110 4108/4108/4108 4109/4109/4109
f 4105/4105/4105 4104/4104/4104 4106/4106/4106
f 4106/4106/4106 4107/4107/4107 4105/4105/4105
f 4107/4107/4107 4106/4106/4106 4092/4092/4092
f 4104/4104/4104 4103/4103/4103 4102/4102/4102
f 4103/4103/4103 4104/4104/4104 4105/4105/4105
f 4100/4100/4100 4102/4102/4102 4103/4103/4103
f 4102/4102/4102 4100/4100/4100 4099/4099/4099
f 4101/4101/4101 4099/4099/4099 4100/4100/4100
f 4095/4095/4095 4093/4093/4093 4096/4096/4096
f 4084/4084/4084 4097/4097/4097 4096/4096/4096
f 4097/4097/4097 4084/4084/4084 4098/4098/4098
f 4095/4095/4095 4096/4096/4096 4097/4097/4097
f 4093/4093/4093 4095/4095/4095 4094/4094/4094
f 4094/4094/4094 4092/4092/4092 4093/4093/4093
f 4091/4091/4091 4090/4090/4090 4076/4076/4076
f 4090/4090/4090 4091/4091/4091 4089/4089/4089
f 4089/4089/4089 4088/4088/4088 4090/4090/4090
f 4087/4087/4087 4088/4088/4088 4089/4089/4089
f 4088/4088/4088 4087/4087/4087 4085/4085/4085
f 4086/4086/4086 4085/4085/4085 4087/4087/4087
f 4086/4086/4086 4084/4084/4084 4085/4085/4085
f 4081/4081/4081 4080/4080/4080 4082/4082/4082
f 4082/4082/4082 4083/4083/4083 4081/4081/4081
f 4083/4083/4083 4070/4070/4070 4069/4069/4069
f 4083/4083/4083 4082/4082/4082 4070/4070/4070
f 4080/4080/4080 4079/4079/4079 4077/4077/4077
f 4079/4079/4079 4080/4080/4080 4081/4081/4081
f 4078/4078/4078 4077/4077/4077 4079/4079/4079
f 4078/4078/4078 4076/4076/4076 4077/4077/4077
f 4073/4073/4073 4074/4074/4074 4072/4072/4072
f 4074/4074/4074 4063/4063/4063 4062/4062/4062
f 4073/4073/4073 4072/4072/4072 4075/4075/4075
f 4074/4074/4074 4073/4073/4073 4063/4063/4063
f 4069/4069/4069 4071/4071/4071 4072/4072/4072
f 4071/4071/4071 4069/4069/4069 4070/4070/4070
f 4068/4068/4068 4067/4067/4067 4056/4056/4056
f 4067/4067/4067 4066/4066/4066 4065/4065/4065
f 4066/4066/4066 4067/4067/4067 4068/4068/4068
f 4061/4061/4061 4065/4065/4065 4066/4066/4066
f 4065/4065/4065 4061/4061/4061 4064/4064/4064
f 4063/4063/4063 4061/4061/4061 4062/4062/4062
f 4053/4053/4053 4055/4055/4055 4060/4060/4060
f 4057/4057/4057 4053/4053/4053 4060/4060/4060
f 4058/4058/4058 4059/4059/4059 4050/4050/4050
f 4059/4059/4059 4058/4058/4058 4057/4057/4057
f 4053/4053/4053 4057/4057/4057 4058/4058/4058
f 4055/4055/4055 4054/4054/4054 4056/4056/4056
f 4055/4055/4055 4053/4053/4053 4054/4054/4054
f 4051/4051/4051 4049/4049/4049 4048/4048/4048
f 4040/4040/4040 4052/4052/4052 4051/4051/4051
f 4052/4052/4052 4040/4040/4040 4039/4039/4039
f 4049/4049/4049 4051/4051/4051 4052/4052/4052
f 4050/4050/4050 4048/4048/4048 4049/4049/4049
f 4034/4034/4034 4047/4047/4047 4046/4046/4046
f 4047/4047/4047 4034/4034/4034 4033/4033/4033
f 4042/4042/4042 4045/4045/4045 4043/4043/4043
f 4045/4045/4045 4046/4046/4046 4047/4047/4047
f 4046/4046/4046 4045/4045/4045 4042/4042/4042
f 4041/4041/4041 4043/4043/4043 4044/4044/4044
f 4043/4043/4043 4041/4041/4041 4042/4042/4042
f 4041/4041/4041 4039/4039/4039 4040/4040/4040
f 4025/4025/4025 4037/4037/4037 4027/4027/4027
f 4037/4037/4037 4036/4036/4036 4038/4038/4038
f 4037/4037/4037 4025/4025/4025 4036/4036/4036
f 4033/4033/4033 4035/4035/4035 4036/4036/4036
f 4035/4035/4035 4033/4033/4033 4034/4034/4034
f 4028/4028/4028 4030/4030/4030 4024/4024/4024
f 3352/3352/3352 3350/3350/3350 3351/3351/3351
f 4031/4031/4031 4032/4032/4032 4019/4019/4019
f 4029/4029/4029 4031/4031/4031 4030/4030/4030
f 4030/4030/4030 4028/4028/4028 4029/4029/4029
f 4026/4026/4026 4025/4025/4025 4027/4027/4027
f 4026/4026/4026 4024/4024/4024 4025/4025/4025
f 4021/4021/4021 4020/4020/4020 4023/4023/4023
f 4023/4023/4023 4022/4022/4022 4021/4021/4021
f 4013/4013/4013 4022/4022/4022 4023/4023/4023
f 4022/4022/4022 4013/4013/4013 4012/4012/4012
f 4018/4018/4018 4020/4020/4020 4021/4021/4021
f 4020/4020/4020 4018/4018/4018 4017/4017/4017
f 4019/4019/4019 4017/4017/4017 4018/4018/4018
f 4002/4002/4002 4015/4015/4015 4005/4005/4005
f 4015/4015/4015 4002/4002/4002 4016/4016/4016
f 4014/4014/4014 4016/4016/4016 4011/4011/4011
f 4016/4016/4016 4014/4014/4014 4015/4015/4015
f 4013/4013/4013 4011/4011/4011 4012/4012/4012
f 4006/4006/4006 4008/4008/4008 4004/4004/4004
f 4009/4009/4009 4010/4010/4010 3998/3998/3998
f 4010/4010/4010 4009/4009/4009 4006/4006/4006
f 4007/4007/4007 4006/4006/4006 4009/4009/4009
f 4008/4008/4008 4006/4006/4006 4007/4007/4007
f 4003/4003/4003 4002/4002/4002 4005/4005/4005
f 4004/4004/4004 4002/4002/4002 4003/4003/4003
f 4001/4001/4001 3990/3990/3990 3987/3987/3987
f 4000/4000/4000 4001/4001/4001 3999/3999/3999
f 4001/4001/4001 4000/4000/4000 3990/3990/3990
f 3999/3999/3999 3996/3996/3996 4000/4000/4000
f 3996/3996/3996 3999/3999/3999 3997/3997/3997
f 3998/3998/3998 3996/3996/3996 3997/3997/3997
f 3994/3994/3994 3991/3991/3991 3995/3995/3995
f 3994/3994/3994 3982/3982/3982 3981/3981/3981
f 3982/3982/3982 3994/3994/3994 3995/3995/3995
f 3991/3991/3991 3994/3994/3994 3992/3992/3992
f 3989/3989/3989 3992/3992/3992 3993/3993/3993
f 3992/3992/3992 3989/3989/3989 3991/3991/3991
f 3988/3988/3988 3987/3987/3987 3990/3990/3990
f 3989/3989/3989 3987/3987/3987 3988/3988/3988
f 3983/3983/3983 3979/3979/3979 3984/3984/3984
f 3986/3986/3986 3985/3985/3985 3974/3974/3974
f 3986/3986/3986 3974/3974/3974 3973/3973/3973
f 3983/3983/3983 3985/3985/3985 3986/3986/3986
f 3985/3985/3985 3983/3983/3983 3984/3984/3984
f 3979/3979/3979 3983/3983/3983 3980/3980/3980
f 3978/3978/3978 3981/3981/3981 3982/3982/3982
f 3980/3980/3980 3978/3978/3978 3979/3979/3979
f 3964/3964/3964 3976/3976/3976 3966/3966/3966
f 3976/3976/3976 3964/3964/3964 3977/3977/3977
f 3975/3975/3975 3977/3977/3977 3972/3972/3972
f 3977/3977/3977 3975/3975/3975 3976/3976/3976
f 3971/3971/3971 3973/3973/3973 3974/3974/3974
f 3973/3973/3973 3971/3971/3971 3972/3972/3972
f 3968/3968/3968 3970/3970/3970 3963/3963/3963
f 3968/3968/3968 3969/3969/3969 3970/3970/3970
f 3969/3969/3969 3968/3968/3968 3957/3957/3957
f 3963/3963/3963 3965/3965/3965 3967/3967/3967
f 3965/3965/3965 3964/3964/3964 3966/3966/3966
f 3965/3965/3965 3963/3963/3963 3964/3964/3964
f 3961/3961/3961 3950/3950/3950 3949/3949/3949
f 3961/3961/3961 3962/3962/3962 3950/3950/3950
f 3962/3962/3962 3960/3960/3960 3958/3958/3958
f 3962/3962/3962 3961/3961/3961 3960/3960/3960
f 3959/3959/3959 3958/3958/3958 3960/3960/3960
f 3959/3959/3959 3957/3957/3957 3958/3958/3958
f 3945/3945/3945 3956/3956/3956 3946/3946/3946
f 3956/3956/3956 3955/3955/3955 3952/3952/3952
f 3955/3955/3955 3956/3956/3956 3945/3945/3945
f 3952/3952/3952 3954/3954/3954 3951/3951/3951
f 3953/3953/3953 3952/3952/3952 3955/3955/3955
f 3954/3954/3954 3952/3952/3952 3953/3953/3953
f 3951/3951/3951 3949/3949/3949 3950/3950/3950
f 3944/3944/3944 3948/3948/3948 3936/3936/3936
f 3948/3948/3948 3944/3944/3944 3947/3947/3947
f 3943/3943/3943 3945/3945/3945 3946/3946/3946
f 3945/3945/3945 3943/3943/3943 3944/3944/3944
f 3926/3926/3926 3941/3941/3941 3940/3940/3940
f 3941/3941/3941 3926/3926/3926 3942/3942/3942
f 3939/3939/3939 3940/3940/3940 3941/3941/3941
f 3940/3940/3940 3939/3939/3939 3937/3937/3937
f 3938/3938/3938 3937/3937/3937 3939/3939/3939
f 3934/3934/3934 3938/3938/3938 3935/3935/3935
f 3938/3938/3938 3934/3934/3934 3937/3937/3937
f 3936/3936/3936 3934/3934/3934 3935/3935/3935
f 3930/3930/3930 3931/3931/3931 3932/3932/3932
f 3932/3932/3932 3933/3933/3933 3930/3930/3930
f 3933/3933/3933 3919/3919/3919 3918/3918/3918
f 3933/3933/3933 3932/3932/3932 3919/3919/3919
f 3930/3930/3930 3929/3929/3929 3931/3931/3931
f 3929/3929/3929 3928/3928/3928 3927/3927/3927
f 3928/3928/3928 3929/3929/3929 3930/3930/3930
f 3925/3925/3925 3927/3927/3927 3928/3928/3928
f 3927/3927/3927 3925/3925/3925 3926/3926/3926
f 3924/3924/3924 3923/3923/3923 3912/3912/3912
f 3921/3921/3921 3923/3923/3923 3924/3924/3924
f 3923/3923/3923 3921/3921/3921 3922/3922/3922
f 3918/3918/3918 3920/3920/3920 3921/3921/3921
f 3920/3920/3920 3918/3918/3918 3919/3919/3919
f 3914/3914/3914 3913/3913/3913 3916/3916/3916
f 3916/3916/3916 3915/3915/3915 3914/3914/3914
f 3915/3915/3915 3917/3917/3917 3907/3907/3907
f 3917/3917/3917 3915/3915/3915 3916/3916/3916
f 3911/3911/3911 3913/3913/3913 3914/3914/3914
f 3913/3913/3913 3911/3911/3911 3912/3912/3912
f 3909/3909/3909 3898/3898/3898 3897/3897/3897
f 3898/3898/3898 3909/3909/3909 3910/3910/3910
f 3909/3909/3909 3908/3908/3908 3910/3910/3910
f 3906/3906/3906 3908/3908/3908 3909/3909/3909
f 3908/3908/3908 3906/3906/3906 3905/3905/3905
f 3907/3907/3907 3905/3905/3905 3906/3906/3906
f 3903/3903/3903 3904/3904/3904 3891/3891/3891
f 3904/3904/3904 3903/3903/3903 3902/3902/3902
f 3901/3901/3901 3903/3903/3903 3899/3899/3899
f 3903/3903/3903 3901/3901/3901 3902/3902/3902
f 3899/3899/3899 3900/3900/3900 3901/3901/3901
f 3900/3900/3900 3899/3899/3899 3896/3896/3896
f 3895/3895/3895 3897/3897/3897 3898/3898/3898
f 3897/3897/3897 3895/3895/3895 3896/3896/3896
f 3890/3890/3890 3892/3892/3892 3894/3894/3894
f 3887/3887/3887 3894/3894/3894 3892/3892/3892
f 3893/3893/3893 3887/3887/3887 3883/3883/3883
f 3894/3894/3894 3887/3887/3887 3893/3893/3893
f 3892/3892/3892 3890/3890/3890 3889/3889/3889
f 3891/3891/3891 3889/3889/3889 3890/3890/3890
f 3877/3877/3877 3888/3888/3888 3879/3879/3879
f 3888/3888/3888 3877/3877/3877 3886/3886/3886
f 3884/3884/3884 3883/3883/3883 3887/3887/3887
f 3883/3883/3883 3885/3885/3885 3886/3886/3886
f 3885/3885/3885 3883/3883/3883 3884/3884/3884
f 3882/3882/3882 3881/3881/3881 3871/3871/3871
f 3876/3876/3876 3881/3881/3881 3882/3882/3882
f 3881/3881/3881 3876/3876/3876 3880/3880/3880
f 3878/3878/3878 3877/3877/3877 3879/3879/3879
f 3878/3878/3878 3876/3876/3876 3877/3877/3877
f 3874/3874/3874 3872/3872/3872 3875/3875/3875
f 3875/3875/3875 3865/3865/3865 3874/3874/3874
f 3865/3865/3865 3875/3875/3875 3866/3866/3866
f 3872/3872/3872 3874/3874/3874 3873/3873/3873
f 3873/3873/3873 3871/3871/3871 3872/3872/3872
f 3859/3859/3859 3869/3869/3869 3861/3861/3861
f 3869/3869/3869 3868/3868/3868 3870/3870/3870
f 3869/3869/3869 3859/3859/3859 3868/3868/3868
f 3865/3865/3865 3867/3867/3867 3868/3868/3868
f 3867/3867/3867 3865/3865/3865 3866/3866/3866
f 3862/3862/3862 3863/3863/3863 3864/3864/3864
f 3862/3862/3862 3854/3854/3854 3852/3852/3852
f 3854/3854/3854 3862/3862/3862 3864/3864/3864
f 3863/3863/3863 3862/3862/3862 3858/3858/3858
f 3860/3860/3860 3859/3859/3859 3861/3861/3861
f 3860/3860/3860 3858/3858/3858 3859/3859/3859
f 3857/3857/3857 3846/3846/3846 3845/3845/3845
f 3856/3856/3856 3857/3857/3857 3851/3851/3851
f 3857/3857/3857 3856/3856/3856 3846/3846/3846
f 3851/3851/3851 3853/3853/3853 3855/3855/3855
f 3853/3853/3853 3852/3852/3852 3854/3854/3854
f 3853/3853/3853 3851/3851/3851 3852/3852/3852
f 3838/3838/3838 3850/3850/3850 3839/3839/3839
f 3838/3838/3838 3849/3849/3849 3850/3850/3850
f 3849/3849/3849 3848/3848/3848 3847/3847/3847
f 3849/3849/3849 3838/3838/3838 3848/3848/3848
f 3847/3847/3847 3845/3845/3845 3846/3846/3846
f 3844/3844/3844 3842/3842/3842 3841/3841/3841
f 3831/3831/3831 3843/3843/3843 3832/3832/3832
f 3843/3843/3843 3842/3842/3842 3844/3844/3844
f 3843/3843/3843 3831/3831/3831 3842/3842/3842
f 3838/3838/3838 3840/3840/3840 3841/3841/3841
f 3840/3840/3840 3838/3838/3838 3839/3839/3839
f 3825/3825/3825 3837/3837/3837 3826/3826/3826
f 3825/3825/3825 3834/3834/3834 3837/3837/3837
f 3834/3834/3834 3825/3825/3825 3835/3835/3835
f 3833/3833/3833 3835/3835/3835 3836/3836/3836
f 3835/3835/3835 3833/3833/3833 3834/3834/3834
f 3833/3833/3833 3831/3831/3831 3832/3832/3832
f 3819/3819/3819 3828/3828/3828 3830/3830/3830
f 3828/3828/3828 3819/3819/3819 3829/3829/3829
f 3825/3825/3825 3827/3827/3827 3828/3828/3828
f 3827/3827/3827 3825/3825/3825 3826/3826/3826
f 3814/3814/3814 3824/3824/3824 3815/3815/3815
f 3823/3823/3823 3822/3822/3822 3820/3820/3820
f 3822/3822/3822 3824/3824/3824 3814/3814/3814
f 3824/3824/3824 3822/3822/3822 3823/3823/3823
f 3821/3821/3821 3820/3820/3820 3822/3822/3822
f 3821/3821/3821 3819/3819/3819 3820/3820/3820
f 3807/3807/3807 3818/3818/3818 3808/3808/3808
f 3818/3818/3818 3817/3817/3817 3816/3816/3816
f 3817/3817/3817 3818/3818/3818 3807/3807/3807
f 3813/3813/3813 3816/3816/3816 3817/3817/3817
f 3815/3815/3815 3813/3813/3813 3814/3814/3814
f 3810/3810/3810 3804/3804/3804 3801/3801/3801
f 3804/3804/3804 3810/3810/3810 3812/3812/3812
f 3810/3810/3810 3809/3809/3809 3811/3811/3811
f 3807/3807/3807 3809/3809/3809 3810/3810/3810
f 3809/3809/3809 3807/3807/3807 3808/3808/3808
f 3797/3797/3797 3806/3806/3806 3803/3803/3803
f 3806/3806/3806 3797/3797/3797 3805/3805/3805
f 3802/3802/3802 3801/3801/3801 3804/3804/3804
f 3803/3803/3803 3801/3801/3801 3802/3802/3802
f 3793/3793/3793 3800/3800/3800 3794/3794/3794
f 3800/3800/3800 3799/3799/3799 3798/3798/3798
f 3799/3799/3799 3800/3800/3800 3793/3793/3793
f 3796/3796/3796 3798/3798/3798 3799/3799/3799
f 3798/3798/3798 3796/3796/3796 3797/3797/3797
f 3789/3789/3789 3792/3792/3792 3795/3795/3795
f 3792/3792/3792 3789/3789/3789 3787/3787/3787
f 3794/3794/3794 3792/3792/3792 3793/3793/3793
f 3786/3786/3786 3791/3791/3791 3783/3783/3783
f 3791/3791/3791 3786/3786/3786 3790/3790/3790
f 3788/3788/3788 3787/3787/3787 3789/3789/3789
f 3788/3788/3788 3786/3786/3786 3787/3787/3787
f 3785/3785/3785 3784/3784/3784 3777/3777/3777
f 3782/3782/3782 3784/3784/3784 3785/3785/3785
f 3784/3784/3784 3782/3782/3782 3781/3781/3781
f 3783/3783/3783 3781/3781/3781 3782/3782/3782
f 3780/3780/3780 3778/3778/3778 3772/3772/3772
f 3778/3778/3778 3780/3780/3780 3779/3779/3779
f 3779/3779/3779 3777/3777/3777 3778/3778/3778
f 3774/3774/3774 3775/3775/3775 3776/3776/3776
f 3769/3769/3769 3776/3776/3776 3775/3775/3775
f 3776/3776/3776 3769/3769/3769 3768/3768/3768
f 3775/3775/3775 3774/3774/3774 3773/3773/3773
f 3774/3774/3774 3772/3772/3772 3773/3773/3773
f 3771/3771/3771 3767/3767/3767 3766/3766/3766
f 3768/3768/3768 3770/3770/3770 3771/3771/3771
f 3770/3770/3770 3768/3768/3768 3769/3769/3769
f 3765/3765/3765 3764/3764/3764 3761/3761/3761
f 3763/3763/3763 3766/3766/3766 3767/3767/3767
f 3765/3765/3765 3763/3763/3763 3764/3764/3764
f 3759/3759/3759 3762/3762/3762 3760/3760/3760
f 3759/3759/3759 3754/3754/3754 3762/3762/3762
f 3754/3754/3754 3759/3759/3759 3755/3755/3755
f 3761/3761/3761 3759/3759/3759 3760/3760/3760
f 3752/3752/3752 3758/3758/3758 3753/3753/3753
f 3758/3758/3758 3752/3752/3752 3757/3757/3757
f 3754/3754/3754 3756/3756/3756 3757/3757/3757
f 3756/3756/3756 3754/3754/3754 3755/3755/3755
f 3751/3751/3751 3750/3750/3750 3746/3746/3746
f 3749/3749/3749 3752/3752/3752 3753/3753/3753
f 3751/3751/3751 3749/3749/3749 3750/3750/3750
f 3744/3744/3744 3747/3747/3747 3745/3745/3745
f 3747/3747/3747 3743/3743/3743 3748/3748/3748
f 3747/3747/3747 3744/3744/3744 3743/3743/3743
f 3746/3746/3746 3744/3744/3744 3745/3745/3745
f 3741/3741/3741 3736/3736/3736 3742/3742/3742
f 3741/3741/3741 3742/3742/3742 3743/3743/3743
f 3736/3736/3736 3741/3741/3741 3737/3737/3737
f 3732/3732/3732 3739/3739/3739 3740/3740/3740
f 3735/3735/3735 3739/3739/3739 3732/3732/3732
f 3739/3739/3739 3735/3735/3735 3738/3738/3738
f 3737/3737/3737 3735/3735/3735 3736/3736/3736
f 3734/3734/3734 3733/3733/3733 3730/3730/3730
f 3733/3733/3733 3734/3734/3734 3728/3728/3728
f 3731/3731/3731 3730/3730/3730 3733/3733/3733
f 3732/3732/3732 3730/3730/3730 3731/3731/3731
f 3727/3727/3727 3729/3729/3729 3724/3724/3724
f 3729/3729/3729 3727/3727/3727 3726/3726/3726
f 3728/3728/3728 3726/3726/3726 3727/3727/3727
f 3718/3718/3718 3725/3725/3725 3719/3719/3719
f 3723/3723/3723 3725/3725/3725 3718/3718/3718
f 3725/3725/3725 3723/3723/3723 3722/3722/3722
f 3724/3724/3724 3722/3722/3722 3723/3723/3723
f 3717/3717/3717 3721/3721/3721 3716/3716/3716
f 3721/3721/3721 3717/3717/3717 3720/3720/3720
f 3719/3719/3719 3717/3717/3717 3718/3718/3718
f 3709/3709/3709 3715/3715/3715 3714/3714/3714
f 3715/3715/3715 3709/3709/3709 3708/3708/3708
f 3716/3716/3716 3714/3714/3714 3715/3715/3715
f 3712/3712/3712 3711/3711/3711 3707/3707/3707
f 3711/3711/3711 3713/3713/3713 3710/3710/3710
f 3713/3713/3713 3711/3711/3711 3712/3712/3712
f 3710/3710/3710 3708/3708/3708 3709/3709/3709
f 3703/3703/3703 3706/3706/3706 3707/3707/3707
f 3706/3706/3706 3703/3703/3703 3702/3702/3702
f 3698/3698/3698 3701/3701/3701 3705/3705/3705
f 3701/3701/3701 3698/3698/3698 3704/3704/3704
f 3703/3703/3703 3701/3701/3701 3702/3702/3702
f 3700/3700/3700 3699/3699/3699 3697/3697/3697
f 3700/3700/3700 3698/3698/3698 3699/3699/3699
f 3695/3695/3695 3688/3688/3688 3696/3696/3696
f 3688/3688/3688 3695/3695/3695 3689/3689/3689
f 3697/3697/3697 3695/3695/3695 3696/3696/3696
f 3691/3691/3691 3693/3693/3693 3685/3685/3685
f 3691/3691/3691 3685/3685/3685 3694/3694/3694
f 3693/3693/3693 3692/3692/3692 3690/3690/3690
f 3693/3693/3693 3691/3691/3691 3692/3692/3692
f 3690/3690/3690 3688/3688/3688 3689/3689/3689
f 3686/3686/3686 3683/3683/3683 3687/3687/3687
f 3683/3683/3683 3686/3686/3686 3684/3684/3684
f 3687/3687/3687 3685/3685/3685 3686/3686/3686
f 3682/3682/3682 3679/3679/3679 3677/3677/3677
f 3684/3684/3684 3682/3682/3682 3683/3683/3683
f 3680/3680/3680 3681/3681/3681 3671/3671/3671
f 3681/3681/3681 3680/3680/3680 3676/3676/3676
f 3678/3678/3678 3677/3677/3677 3679/3679/3679
f 3678/3678/3678 3676/3676/3676 3677/3677/3677
f 3672/3672/3672 3675/3675/3675 3674/3674/3674
f 3675/3675/3675 3672/3672/3672 3670/3670/3670
f 3673/3673/3673 3672/3672/3672 3674/3674/3674
f 3673/3673/3673 3671/3671/3671 3672/3672/3672
f 3668/3668/3668 3669/3669/3669 3670/3670/3670
f 3669/3669/3669 3668/3668/3668 3667/3667/3667
f 3666/3666/3666 3662/3662/3662 3659/3659/3659
f 3665/3665/3665 3667/3667/3667 3668/3668/3668
f 3666/3666/3666 3665/3665/3665 3662/3662/3662
f 3656/3656/3656 3664/3664/3664 3661/3661/3661
f 3664/3664/3664 3656/3656/3656 3663/3663/3663
f 3660/3660/3660 3659/3659/3659 3662/3662/3662
f 3661/3661/3661 3659/3659/3659 3660/3660/3660
f 3658/3658/3658 3657/3657/3657 3654/3654/3654
f 3658/3658/3658 3656/3656/3656 3657/3657/3657
f 3653/3653/3653 3655/3655/3655 3651/3651/3651
f 3655/3655/3655 3653/3653/3653 3652/3652/3652
f 3654/3654/3654 3652/3652/3652 3653/3653/3653
f 3650/3650/3650 3647/3647/3647 3645/3645/3645
f 3651/3651/3651 3647/3647/3647 3650/3650/3650
f 3644/3644/3644 3646/3646/3646 3649/3649/3649
f 3645/3645/3645 3648/3648/3648 3646/3646/3646
f 3648/3648/3648 3645/3645/3645 3647/3647/3647
f 3646/3646/3646 3644/3644/3644 3645/3645/3645
f 3642/3642/3642 3636/3636/3636 3643/3643/3643
f 3636/3636/3636 3642/3642/3642 3637/3637/3637
f 3643/3643/3643 3641/3641/3641 3642/3642/3642
f 3635/3635/3635 3640/3640/3640 3638/3638/3638
f 3640/3640/3640 3635/3635/3635 3639/3639/3639
f 3638/3638/3638 3636/3636/3636 3637/3637/3637
f 3629/3629/3629 3635/3635/3635 3630/3630/3630
f 3633/3633/3633 3632/3632/3632 3625/3625/3625
f 3632/3632/3632 3634/3634/3634 3631/3631/3631
f 3634/3634/3634 3632/3632/3632 3633/3633/3633
f 3631/3631/3631 3629/3629/3629 3630/3630/3630
f 3628/3628/3628 3626/3626/3626 3623/3623/3623
f 3626/3626/3626 3628/3628/3628 3627/3627/3627
f 3627/3627/3627 3625/3625/3625 3626/3626/3626
f 3624/3624/3624 3622/3622/3622 3620/3620/3620
f 3624/3624/3624 3623/3623/3623 3622/3622/3622
f 3621/3621/3621 3620/3620/3620 3622/3622/3622
f 3621/3621/3621 3619/3619/3619 3620/3620/3620
f 3616/3616/3616 3617/3617/3617 3618/3618/3618
f 3611/3611/3611 3618/3618/3618 3617/3617/3617
f 3618/3618/3618 3611/3611/3611 3610/3610/3610
f 3617/3617/3617 3616/3616/3616 3615/3615/3615
f 3616/3616/3616 3614/3614/3614 3615/3615/3615
f 3612/3612/3612 3613/3613/3613 3609/3609/3609
f 3613/3613/3613 3612/3612/3612 3608/3608/3608
f 3611/3611/3611 3609/3609/3609 3610/3610/3610
f 3606/3606/3606 3607/3607/3607 3608/3608/3608
f 3607/3607/3607 3606/3606/3606 3604/3604/3604
f 3605/3605/3605 3603/3603/3603 3602/3602/3602
f 3603/3603/3603 3605/3605/3605 3601/3601/3601
f 3604/3604/3604 3602/3602/3602 3603/3603/3603
f 3601/3601/3601 3600/3600/3600 3598/3598/3598
f 3599/3599/3599 3597/3597/3597 3596/3596/3596
f 3597/3597/3597 3599/3599/3599 3595/3595/3595
f 3598/3598/3598 3596/3596/3596 3597/3597/3597
f 3594/3594/3594 3592/3592/3592 3591/3591/3591
f 3595/3595/3595 3592/3592/3592 3594/3594/3594
f 3593/3593/3593 3591/3591/3591 3592/3592/3592
f 3591/3591/3591 3590/3590/3590 3588/3588/3588
f 3584/3584/3584 3587/3587/3587 3586/3586/3586
f 3587/3587/3587 3584/3584/3584 3589/3589/3589
f 3588/3588/3588 3586/3586/3586 3587/3587/3587
f 3585/3585/3585 3583/3583/3583 3582/3582/3582
f 3585/3585/3585 3584/3584/3584 3583/3583/3583
f 3581/3581/3581 3579/3579/3579 3578/3578/3578
f 3580/3580/3580 3582/3582/3582 3583/3583/3583
f 3581/3581/3581 3580/3580/3580 3579/3579/3579
f 3576/3576/3576 3578/3578/3578 3579/3579/3579
f 3577/3577/3577 3576/3576/3576 3575/3575/3575
f 3574/3574/3574 3573/3573/3573 3572/3572/3572
f 3573/3573/3573 3574/3574/3574 3575/3575/3575
f 3571/3571/3571 3569/3569/3569 3568/3568/3568
f 3570/3570/3570 3572/3572/3572 3573/3573/3573
f 3571/3571/3571 3570/3570/3570 3569/3569/3569
f 3566/3566/3566 3568/3568/3568 3569/3569/3569
f 3567/3567/3567 3566/3566/3566 3564/3564/3564
f 3565/3565/3565 3563/3563/3563 3562/3562/3562
f 3565/3565/3565 3564/3564/3564 3563/3563/3563
f 3561/3561/3561 3560/3560/3560 3558/3558/3558
f 3559/3559/3559 3562/3562/3562 3563/3563/3563
f 3561/3561/3561 3559/3559/3559 3560/3560/3560
f 3558/3558/3558 3554/3554/3554 3553/3553/3553
f 3556/3556/3556 3557/3557/3557 3555/3555/3555
f 3557/3557/3557 3556/3556/3556 3551/3551/3551
f 3555/3555/3555 3553/3553/3553 3554/3554/3554
f 3550/3550/3550 3552/3552/3552 3548/3548/3548
f 3552/3552/3552 3550/3550/3550 3549/3549/3549
f 3551/3551/3551 3549/3549/3549 3550/3550/3550
f 3546/3546/3546 3544/3544/3544 3547/3547/3547
f 3544/3544/3544 3546/3546/3546 3545/3545/3545
f 3548/3548/3548 3546/3546/3546 3547/3547/3547
f 3545/3545/3545 3543/3543/3543 3544/3544/3544
f 3541/3541/3541 3539/3539/3539 3542/3542/3542
f 3539/3539/3539 3541/3541/3541 3540/3540/3540
f 3543/3543/3543 3541/3541/3541 3542/3542/3542
f 3540/3540/3540 3537/3537/3537 3539/3539/3539
f 3536/3536/3536 3538/3538/3538 3533/3533/3533
f 3538/3538/3538 3536/3536/3536 3535/3535/3535
f 3537/3537/3537 3535/3535/3535 3536/3536/3536
f 3534/3534/3534 3531/3531/3531 3530/3530/3530
f 3532/3532/3532 3531/3531/3531 3534/3534/3534
f 3533/3533/3533 3531/3531/3531 3532/3532/3532
f 3523/3523/3523 3529/3529/3529 3528/3528/3528
f 3529/3529/3529 3523/3523/3523 3522/3522/3522
f 3530/3530/3530 3528/3528/3528 3529/3529/3529
f 3518/3518/3518 3527/3527/3527 3525/3525/3525
f 3527/3527/3527 3518/3518/3518 3517/3517/3517
f 3521/3521/3521 3525/3525/3525 3527/3527/3527
f 3524/3524/3524 3521/3521/3521 3526/3526/3526
f 3525/3525/3525 3521/3521/3521 3524/3524/3524
f 3523/3523/3523 3521/3521/3521 3522/3522/3522
f 3513/3513/3513 3520/3520/3520 3519/3519/3519
f 3520/3520/3520 3513/3513/3513 3512/3512/3512
f 3519/3519/3519 3517/3517/3517 3518/3518/3518
f 3516/3516/3516 3515/3515/3515 3509/3509/3509
f 3516/3516/3516 3509/3509/3509 3507/3507/3507
f 3511/3511/3511 3515/3515/3515 3516/3516/3516
f 3515/3515/3515 3511/3511/3511 3510/3510/3510
f 3514/3514/3514 3512/3512/3512 3513/3513/3513
f 3512/3512/3512 3510/3510/3510 3511/3511/3511
f 3506/3506/3506 3502/3502/3502 3499/3499/3499
f 3508/3508/3508 3507/3507/3507 3509/3509/3509
f 3508/3508/3508 3506/3506/3506 3507/3507/3507
f 3503/3503/3503 3505/3505/3505 3501/3501/3501
f 3504/3504/3504 3496/3496/3496 3495/3495/3495
f 3496/3496/3496 3504/3504/3504 3503/3503/3503
f 3505/3505/3505 3503/3503/3503 3504/3504/3504
f 3500/3500/3500 3499/3499/3499 3502/3502/3502
f 3501/3501/3501 3499/3499/3499 3500/3500/3500
f 3498/3498/3498 3493/3493/3493 3491/3491/3491
f 3495/3495/3495 3497/3497/3497 3498/3498/3498
f 3497/3497/3497 3495/3495/3495 3496/3496/3496
f 3494/3494/3494 3487/3487/3487 3486/3486/3486
f 3490/3490/3490 3487/3487/3487 3494/3494/3494
f 3492/3492/3492 3491/3491/3491 3493/3493/3493
f 3489/3489/3489 3491/3491/3491 3492/3492/3492
f 3490/3490/3490 3489/3489/3489 3487/3487/3487
f 3485/3485/3485 3481/3481/3481 3478/3478/3478
f 3481/3481/3481 3485/3485/3485 3484/3484/3484
f 3488/3488/3488 3486/3486/3486 3487/3487/3487
f 3486/3486/3486 3484/3484/3484 3485/3485/3485
f 3482/3482/3482 3475/3475/3475 3474/3474/3474
f 3475/3475/3475 3483/3483/3483 3480/3480/3480
f 3483/3483/3483 3475/3475/3475 3482/3482/3482
f 3479/3479/3479 3478/3478/3478 3481/3481/3481
f 3480/3480/3480 3478/3478/3478 3479/3479/3479
f 3473/3473/3473 3477/3477/3477 3468/3468/3468
f 3477/3477/3477 3473/3473/3473 3472/3472/3472
f 3476/3476/3476 3474/3474/3474 3475/3475/3475
f 3474/3474/3474 3472/3472/3472 3473/3473/3473
f 3462/3462/3462 3470/3470/3470 3469/3469/3469
f 3470/3470/3470 3462/3462/3462 3471/3471/3471
f 3467/3467/3467 3469/3469/3469 3470/3470/3470
f 3469/3469/3469 3467/3467/3467 3466/3466/3466
f 3468/3468/3468 3466/3466/3466 3467/3467/3467
f 3464/3464/3464 3460/3460/3460 3465/3465/3465
f 3465/3465/3465 3460/3460/3460 3458/3458/3458
f 3460/3460/3460 3464/3464/3464 3463/3463/3463
f 3464/3464/3464 3462/3462/3462 3463/3463/3463
f 3461/3461/3461 3456/3456/3456 3454/3454/3454
f 3459/3459/3459 3458/3458/3458 3460/3460/3460
f 3456/3456/3456 3458/3458/3458 3459/3459/3459
f 3450/3450/3450 3457/3457/3457 3453/3453/3453
f 3457/3457/3457 3450/3450/3450 3448/3448/3448
f 3455/3455/3455 3454/3454/3454 3456/3456/3456
f 3455/3455/3455 3453/3453/3453 3454/3454/3454
f 3452/3452/3452 3445/3445/3445 3443/3443/3443
f 3448/3448/3448 3451/3451/3451 3449/3449/3449
f 3451/3451/3451 3448/3448/3448 3450/3450/3450
f 3445/3445/3445 3448/3448/3448 3449/3449/3449
f 3440/3440/3440 3446/3446/3446 3447/3447/3447
f 3446/3446/3446 3440/3440/3440 3439/3439/3439
f 3444/3444/3444 3443/3443/3443 3445/3445/3445
f 3440/3440/3440 3443/3443/3443 3444/3444/3444
f 3438/3438/3438 3436/3436/3436 3434/3434/3434
f 3439/3439/3439 3441/3441/3441 3442/3442/3442
f 3441/3441/3441 3439/3439/3439 3440/3440/3440
f 3439/3439/3439 3436/3436/3436 3438/3438/3438
f 3437/3437/3437 3431/3431/3431 3428/3428/3428
f 3435/3435/3435 3434/3434/3434 3436/3436/3436
f 3431/3431/3431 3434/3434/3434 3435/3435/3435
f 3432/3432/3432 3426/3426/3426 3424/3424/3424
f 3426/3426/3426 3433/3433/3433 3430/3430/3430
f 3433/3433/3433 3426/3426/3426 3432/3432/3432
f 3429/3429/3429 3428/3428/3428 3431/3431/3431
f 3430/3430/3430 3428/3428/3428 3429/3429/3429
f 3427/3427/3427 3422/3422/3422 3420/3420/3420
f 3425/3425/3425 3424/3424/3424 3426/3426/3426
f 3422/3422/3422 3424/3424/3424 3425/3425/3425
f 3423/3423/3423 3416/3416/3416 3415/3415/3415
f 3419/3419/3419 3416/3416/3416 3423/3423/3423
f 3421/3421/3421 3420/3420/3420 3422/3422/3422
f 3421/3421/3421 3419/3419/3419 3420/3420/3420
f 3414/3414/3414 3413/3413/3413 3411/3411/3411
f 3415/3415/3415 3417/3417/3417 3418/3418/3418
f 3417/3417/3417 3415/3415/3415 3416/3416/3416
f 3415/3415/3415 3413/3413/3413 3414/3414/3414
f 3410/3410/3410 3407/3407/3407 3405/3405/3405
f 3412/3412/3412 3411/3411/3411 3413/3413/3413
f 3412/3412/3412 3410/3410/3410 3411/3411/3411
f 3408/3408/3408 3403/3403/3403 3402/3402/3402
f 3409/3409/3409 3403/3403/3403 3408/3408/3408
f 3406/3406/3406 3405/3405/3405 3407/3407/3407
f 3403/3403/3403 3405/3405/3405 3406/3406/3406
f 3401/3401/3401 3397/3397/3397 3395/3395/3395
f 3397/3397/3397 3401/3401/3401 3400/3400/3400
f 3404/3404/3404 3402/3402/3402 3403/3403/3403
f 3402/3402/3402 3400/3400/3400 3401/3401/3401
f 3398/3398/3398 3393/3393/3393 3392/3392/3392
f 3399/3399/3399 3393/3393/3393 3398/3398/3398
f 3396/3396/3396 3395/3395/3395 3397/3397/3397
f 3393/3393/3393 3395/3395/3395 3396/3396/3396
f 3391/3391/3391 3388/3388/3388 3385/3385/3385
f 3394/3394/3394 3392/3392/3392 3393/3393/3393
f 3392/3392/3392 3388/3388/3388 3391/3391/3391
f 3389/3389/3389 3383/3383/3383 3382/3382/3382
f 3390/3390/3390 3383/3383/3383 3389/3389/3389
f 3387/3387/3387 3385/3385/3385 3388/3388/3388
f 3386/3386/3386 3385/3385/3385 3387/3387/3387
f 3383/3383/3383 3385/3385/3385 3386/3386/3386
f 3381/3381/3381 3380/3380/3380 3379/3379/3379
f 4429/4429/4429 4428/4428/4428 4427/4427/4427
f 4430/4430/4430 4431/4431/4431 4434/4434/4434
f 4432/4432/4432 4434/4434/4434 4431/4431/4431
f 4435/4435/4435 4433/4433/4433 4432/4432/4432
f 4437/4437/4437 4436/4436/4436 4435/4435/4435
f 4406/4406/4406 4408/4408/4408 4409/4409/4409
f 4409/4409/4409 4410/4410/4410 4413/4413/4413
f 4411/4411/4411 4413/4413/4413 4410/4410/4410
f 4415/4415/4415 4414/4414/4414 4411/4411/4411
f 4417/4417/4417 4416/4416/4416 4415/4415/4415
f 4418/4418/4418 4419/4419/4419 4422/4422/4422
f 4420/4420/4420 4422/4422/4422 4419/4419/4419
f 4421/4421/4421 4423/4423/4423 4426/4426/4426
f 4424/4424/4424 4426/4426/4426 4423/4423/4423
f 4438/4438/4438 4439/4439/4439 4442/4442/4442
f 4440/4440/4440 4442/4442/4442 4439/4439/4439
f 4441/4441/4441 4443/4443/4443 4446/4446/4446
f 4444/4444/4444 4446/4446/4446 4443/4443/4443
f 4447/4447/4447 4445/4445/4445 4444/4444/4444
f 4448/4448/4448 4449/4449/4449 4452/4452/4452
f 4450/4450/4450 4452/4452/4452 4449/4449/4449
f 4451/4451/4451 4453/4453/4453 4456/4456/4456
f 4454/4454/4454 4456/4456/4456 4453/4453/4453
f 4455/4455/4455 4457/4457/4457 4458/4458/4458
f 4458/4458/4458 4459/4459/4459 4462/4462/4462
f 4460/4460/4460 4462/4462/4462 4459/4459/4459
f 4463/4463/4463 4461/4461/4461 4460/4460/4460
f 4465/4465/4465 4464/4464/4464 4463/4463/4463
f 4467/4467/4467 4466/4466/4466 4465/4465/4465
f 4469/4469/4469 4468/4468/4468 4467/4467/4467
f 4470/4470/4470 4471/4471/4471 4474/4474/4474
f 4472/4472/4472 4474/4474/4474 4471/4471/4471
f 4473/4473/4473 4475/4475/4475 4478/4478/4478
f 4476/4476/4476 4478/4478/4478 4475/4475/4475
f 4477/4477/4477 4479/4479/4479 4482/4482/4482
f 4480/4480/4480 4482/4482/4482 4479/4479/4479
f 4481/4481/4481 4483/4483/4483 4486/4486/4486
f 4484/4484/4484 4486/4486/4486 4483/4483/4483
f 4488/4488/4488 4487/4487/4487 4484/4484/4484
f 4491/4491/4491 4490/4490/4490 4488/4488/4488
f 4407/4407/4407 4495/4495/4495 4408/4408/4408
f 4408/4408/4408 4496/4496/4496 4410/4410/4410
f 4410/4410/4410 4497/4497/4497 4411/4411/4411
f 4411/4411/4411 4498/4498/4498 4415/4415/4415
f 4415/4415/4415 4499/4499/4499 4417/4417/4417
f 4417/4417/4417 4500/4500/4500 4419/4419/4419
f 4419/4419/4419 4501/4501/4501 4420/4420/4420
f 4420/4420/4420 4502/4502/4502 4423/4423/4423
f 4423/4423/4423 4503/4503/4503 4424/4424/4424
f 4424/4424/4424 4504/4504/4504 4427/4427/4427
f 4427/4427/4427 4505/4505/4505 4429/4429/4429
f 4429/4429/4429 4506/4506/4506 4431/4431/4431
f 4431/4431/4431 4507/4507/4507 4432/4432/4432
f 4432/4432/4432 4508/4508/4508 4435/4435/4435
f 4435/4435/4435 4509/4509/4509 4437/4437/4437
f 4437/4437/4437 4510/4510/4510 4439/4439/4439
f 4439/4439/4439 4511/4511/4511 4440/4440/4440
f 4440/4440/4440 4512/4512/4512 4443/4443/4443
f 4443/4443/4443 4513/4513/4513 4444/4444/4444
f 4444/4444/4444 4514/4514/4514 4447/4447/4447
f 4447/4447/4447 4515/4515/4515 4449/4449/4449
f 4449/4449/4449 4516/4516/4516 4450/4450/4450
f 4450/4450/4450 4517/4517/4517 4453/4453/4453
f 4453/4453/4453 4518/4518/4518 4454/4454/4454
f 4454/4454/4454 4519/4519/4519 4457/4457/4457
f 4457/4457/4457 4520/4520/4520 4459/4459/4459
f 4459/4459/4459 4521/4521/4521 4460/4460/4460
f 4460/4460/4460 4522/4522/4522 4463/4463/4463
f 4463/4463/4463 4523/4523/4523 4465/4465/4465
f 4465/4465/4465 4524/4524/4524 4467/4467/4467
f 4467/4467/4467 4525/4525/4525 4469/4469/4469
f 4469/4469/4469 4526/4526/4526 4471/4471/4471
f 4471/4471/4471 4527/4527/4527 4472/4472/4472
f 4472/4472/4472 4528/4528/4528 4475/4475/4475
f 4475/4475/4475 4529/4529/4529 4476/4476/4476
f 4476/4476/4476 4530/4530/4530 4479/4479/4479
f 4480/4480/4480 4531/4531/4531 4532/4532/4532
f 4483/4483/4483 4533/4533/4533 4534/4534/4534
f 4484/4484/4484 4535/4535/4535 4536/4536/4536
f 4488/4488/4488 4537/4537/4537 4538/4538/4538
f 4491/4491/4491 4539/4539/4539 4540/4540/4540
f 4542/4542/4542 4541/4541/4541 4543/4543/4543
f 4545/4545/4545 4544/4544/4544 4549/4549/4549
f 4554/4554/4554 4547/4547/4547 4546/4546/4546
f 4549/4549/4549 4548/4548/4548 4545/4545/4545
f 4548/4548/4548 4550/4550/4550 4545/4545/4545
f 4542/4542/4542 4551/4551/4551 4553/4553/4553
f 4491/4491/4491 4552/4552/4552 4493/4493/4493
f 4552/4552/4552 4542/4542/4542 4553/4553/4553
f 4552/4552/4552 4491/4491/4491 4542/4542/4542
f 4545/4545/4545 4551/4551/4551 4542/4542/4542
f 4551/4551/4551 4545/4545/4545 4550/4550/4550
f 4546/4546/4546 4548/4548/4548 4549/4549/4549
f 4548/4548/4548 4546/4546/4546 4547/4547/4547
f 4542/4542/4542 4544/4544/4544 4545/4545/4545
f 4544/4544/4544 4542/4542/4542 4543/4543/4543
f 4491/4491/4491 4541/4541/4541 4542/4542/4542
f 4541/4541/4541 4491/4491/4491 4540/4540/4540
f 4488/4488/4488 4539/4539/4539 4491/4491/4491
f 4539/4539/4539 4488/4488/4488 4538/4538/4538
f 4484/4484/4484 4537/4537/4537 4488/4488/4488
f 4537/4537/4537 4484/4484/4484 4536/4536/4536
f 4483/4483/4483 4535/4535/4535 4484/4484/4484
f 4535/4535/4535 4483/4483/4483 4534/4534/4534
f 4480/4480/4480 4533/4533/4533 4483/4483/4483
f 4533/4533/4533 4480/4480/4480 4532/4532/4532
f 4479/4479/4479 4531/4531/4531 4480/4480/4480
f 4531/4531/4531 4479/4479/4479 4530/4530/4530
f 4530/4530/4530 4476/4476/4476 4529/4529/4529
f 4529/4529/4529 4475/4475/4475 4528/4528/4528
f 4528/4528/4528 4472/4472/4472 4527/4527/4527
f 4527/4527/4527 4471/4471/4471 4526/4526/4526
f 4526/4526/4526 4469/4469/4469 4525/4525/4525
f 4525/4525/4525 4467/4467/4467 4524/4524/4524
f 4524/4524/4524 4465/4465/4465 4523/4523/4523
f 4523/4523/4523 4463/4463/4463 4522/4522/4522
f 4522/4522/4522 4460/4460/4460 4521/4521/4521
f 4521/4521/4521 4459/4459/4459 4520/4520/4520
f 4520/4520/4520 4457/4457/4457 4519/4519/4519
f 4519/4519/4519 4454/4454/4454 4518/4518/4518
f 4518/4518/4518 4453/4453/4453 4517/4517/4517
f 4517/4517/4517 4450/4450/4450 4516/4516/4516
f 4516/4516/4516 4449/4449/4449 4515/4515/4515
f 4515/4515/4515 4447/4447/4447 4514/4514/4514
f 4514/4514/4514 4444/4444/4444 4513/4513/4513
f 4513/4513/4513 4443/4443/4443 4512/4512/4512
f 4512/4512/4512 4440/4440/4440 4511/4511/4511
f 4511/4511/4511 4439/4439/4439 4510/4510/4510
f 4510/4510/4510 4437/4437/4437 4509/4509/4509
f 4509/4509/4509 4435/4435/4435 4508/4508/4508
f 4508/4508/4508 4432/4432/4432 4507/4507/4507
f 4507/4507/4507 4431/4431/4431 4506/4506/4506
f 4506/4506/4506 4429/4429/4429 4505/4505/4505
f 4505/4505/4505 4427/4427/4427 4504/4504/4504
f 4504/4504/4504 4424/4424/4424 4503/4503/4503
f 4503/4503/4503 4423/4423/4423 4502/4502/4502
f 4502/4502/4502 4420/4420/4420 4501/4501/4501
f 4501/4501/4501 4419/4419/4419 4500/4500/4500
f 4500/4500/4500 4417/4417/4417 4499/4499/4499
f 4499/4499/4499 4415/4415/4415 4498/4498/4498
f 4498/4498/4498 4411/4411/4411 4497/4497/4497
f 4497/4497/4497 4410/4410/4410 4496/4496/4496
f 4496/4496/4496 4408/4408/4408 4495/4495/4495
f 4495/4495/4495 4407/4407/4407 4494/4494/4494
f 4492/4492/4492 4491/4491/4491 4493/4493/4493
f 4490/4490/4490 4491/4491/4491 4492/4492/4492
f 4489/4489/4489 4488/4488/4488 4490/4490/4490
f 4487/4487/4487 4488/4488/4488 4489/4489/4489
f 4485/4485/4485 4484/4484/4484 4487/4487/4487
f 4486/4486/4486 4484/4484/4484 4485/4485/4485
f 4483/4483/4483 4481/4481/4481 4480/4480/4480
f 4482/4482/4482 4480/4480/4480 4481/4481/4481
f 4479/4479/4479 4477/4477/4477 4476/4476/4476
f 4478/4478/4478 4476/4476/4476 4477/4477/4477
f 4475/4475/4475 4473/4473/4473 4472/4472/4472
f 4474/4474/4474 4472/4472/4472 4473/4473/4473
f 4471/4471/4471 4470/4470/4470 4469/4469/4469
f 4468/4468/4468 4469/4469/4469 4470/4470/4470
f 4466/4466/4466 4467/4467/4467 4468/4468/4468
f 4464/4464/4464 4465/4465/4465 4466/4466/4466
f 4461/4461/4461 4463/4463/4463 4464/4464/4464
f 4462/4462/4462 4460/4460/4460 4461/4461/4461
f 4459/4459/4459 4458/4458/4458 4457/4457/4457
f 4457/4457/4457 4455/4455/4455 4454/4454/4454
f 4456/4456/4456 4454/4454/4454 4455/4455/4455
f 4453/4453/4453 4451/4451/4451 4450/4450/4450
f 4452/4452/4452 4450/4450/4450 4451/4451/4451
f 4449/4449/4449 4448/4448/4448 4447/4447/4447
f 4445/4445/4445 4447/4447/4447 4448/4448/4448
f 4446/4446/4446 4444/4444/4444 4445/4445/4445
f 4443/4443/4443 4441/4441/4441 4440/4440/4440
f 4442/4442/4442 4440/4440/4440 4441/4441/4441
f 4439/4439/4439 4438/4438/4438 4437/4437/4437
f 4436/4436/4436 4437/4437/4437 4438/4438/4438
f 4433/4433/4433 4435/4435/4435 4436/4436/4436
f 4434/4434/4434 4432/4432/4432 4433/4433/4433
f 4431/4431/4431 4430/4430/4430 4429/4429/4429
f 4428/4428/4428 4429/4429/4429 4430/4430/4430
f 4425/4425/4425 4427/4427/4427 4428/4428/4428
f 4426/4426/4426 4424/4424/4424 4425/4425/4425
f 4423/4423/4423 4421/4421/4421 4420/4420/4420
f 4422/4422/4422 4420/4420/4420 4421/4421/4421
f 4419/4419/4419 4418/4418/4418 4417/4417/4417
f 4416/4416/4416 4417/4417/4417 4418/4418/4418
f 4414/4414/4414 4415/4415/4415 4416/4416/4416
f 4412/4412/4412 4411/4411/4411 4414/4414/4414
f 4413/4413/4413 4411/4411/4411 4412/4412/4412
f 4410/4410/4410 4409/4409/4409 4408/4408/4408
f 4408/4408/4408 4406/4406/4406 4407/4407/4407
f 4427/4427/4427 4425/4425/4425 4424/4424/4424
f 646/646/646 645/645/645 649/649/649
f 648/648/648 644/644/644 647/647/647
f 644/644/644 645/645/645 646/646/646
f 642/642/642 638/638/638 644/644/644
f 643/643/643 628/628/628 636/636/636
f 639/639/639 628/628/628 643/643/643
f 640/640/640 638/638/638 642/642/642
f 641/641/641 638/638/638 640/640/640
f 637/637/637 628/628/628 639/639/639
f 638/638/638 628/628/628 637/637/637
f 628/628/628 630/630/630 636/636/636
f 622/622/622 632/632/632 634/634/634
f 635/635/635 632/632/632 628/628/628
f 633/633/633 632/632/632 635/635/635
f 634/634/634 632/632/632 633/633/633
f 632/632/632 622/622/622 627/627/627
f 631/631/631 628/628/628 632/632/632
f 629/629/629 628/628/628 631/631/631
f 630/630/630 628/628/628 629/629/629
f 611/611/611 619/619/619 617/617/617
f 622/622/622 624/624/624 627/627/627
f 621/621/621 626/626/626 622/622/622
f 626/626/626 621/621/621 611/611/611
f 625/625/625 622/622/622 626/626/626
f 623/623/623 622/622/622 625/625/625
f 624/624/624 622/622/622 623/623/623
f 620/620/620 611/611/611 621/621/621
f 618/618/618 611/611/611 620/620/620
f 619/619/619 611/611/611 618/618/618
f 615/615/615 609/609/609 602/602/602
f 616/616/616 611/611/611 617/617/617
f 612/612/612 611/611/611 616/616/616
f 614/614/614 609/609/609 615/615/615
f 610/610/610 609/609/609 614/614/614
f 613/613/613 611/611/611 612/612/612
f 611/611/611 609/609/609 610/610/610
f 608/608/608 602/602/602 609/609/609
f 607/607/607 592/592/592 601/601/601
f 604/604/604 602/602/602 608/608/608
f 605/605/605 592/592/592 607/607/607
f 606/606/606 592/592/592 605/605/605
f 603/603/603 602/602/602 604/604/604
f 592/592/592 602/602/602 603/603/603
f 592/592/592 594/594/594 601/601/601
f 588/588/588 596/596/596 598/598/598
f 596/596/596 600/600/600 599/599/599
f 600/600/600 596/596/596 592/592/592
f 597/597/597 596/596/596 599/599/599
f 598/598/598 596/596/596 597/597/597
f 596/596/596 588/588/588 587/587/587
f 595/595/595 592/592/592 596/596/596
f 593/593/593 592/592/592 595/595/595
f 594/594/594 592/592/592 593/593/593
f 576/576/576 584/584/584 582/582/582
f 587/587/587 586/586/586 590/590/590
f 591/591/591 586/586/586 576/576/576
f 589/589/589 586/586/586 591/591/591
f 590/590/590 586/586/586 589/589/589
f 586/586/586 587/587/587 588/588/588
f 585/585/585 576/576/576 586/586/586
f 583/583/583 576/576/576 585/585/585
f 584/584/584 576/576/576 583/583/583
f 580/580/580 576/576/576 582/582/582
f 581/581/581 574/574/574 567/567/567
f 577/577/577 574/574/574 581/581/581
f 578/578/578 576/576/576 580/580/580
f 579/579/579 576/576/576 578/578/578
f 575/575/575 574/574/574 577/577/577
f 576/576/576 574/574/574 575/575/575
f 573/573/573 556/556/556 565/565/565
f 572/572/572 567/567/567 574/574/574
f 571/571/571 556/556/556 573/573/573
f 568/568/568 567/567/567 572/572/572
f 570/570/570 556/556/556 571/571/571
f 566/566/566 556/556/556 570/570/570
f 569/569/569 567/567/567 568/568/568
f 567/567/567 556/556/556 566/566/566
f 556/556/556 558/558/558 565/565/565
f 552/552/552 562/562/562 553/553/553
f 560/560/560 564/564/564 552/552/552
f 564/564/564 560/560/560 556/556/556
f 563/563/563 552/552/552 564/564/564
f 561/561/561 552/552/552 563/563/563
f 562/562/562 552/552/552 561/561/561
f 559/559/559 556/556/556 560/560/560
f 557/557/557 556/556/556 559/559/559
f 558/558/558 556/556/556 557/557/557
f 547/547/547 546/546/546 540/540/540
f 547/547/547 549/549/549 546/546/546
f 552/552/552 551/551/551 555/555/555
f 554/554/554 551/551/551 547/547/547
f 555/555/555 551/551/551 554/554/554
f 551/551/551 552/552/552 553/553/553
f 550/550/550 547/547/547 551/551/551
f 548/548/548 547/547/547 550/550/550
f 549/549/549 547/547/547 548/548/548
f 545/545/545 538/538/538 531/531/531
f 544/544/544 540/540/540 546/546/546
f 541/541/541 538/538/538 545/545/545
f 542/542/542 540/540/540 544/544/544
f 543/543/543 540/540/540 542/542/542
f 539/539/539 538/538/538 541/541/541
f 540/540/540 538/538/538 539/539/539
f 536/536/536 531/531/531 538/538/538
f 537/537/537 520/520/520 529/529/529
f 534/534/534 520/520/520 537/537/537
f 532/532/532 531/531/531 536/536/536
f 520/520/520 535/535/535 530/530/530
f 535/535/535 520/520/520 534/534/534
f 533/533/533 531/531/531 532/532/532
f 531/531/531 520/520/520 530/530/530
f 520/520/520 522/522/522 529/529/529
f 511/511/511 526/526/526 519/519/519
f 524/524/524 528/528/528 511/511/511
f 528/528/528 524/524/524 520/520/520
f 527/527/527 511/511/511 528/528/528
f 525/525/525 511/511/511 527/527/527
f 526/526/526 511/511/511 525/525/525
f 523/523/523 520/520/520 524/524/524
f 521/521/521 520/520/520 523/523/523
f 522/522/522 520/520/520 521/521/521
f 518/518/518 511/511/511 519/519/519
f 517/517/517 510/510/510 503/503/503
f 516/516/516 511/511/511 518/518/518
f 513/513/513 510/510/510 517/517/517
f 515/515/515 511/511/511 516/516/516
f 512/512/512 511/511/511 515/515/515
f 514/514/514 510/510/510 513/513/513
f 510/510/510 511/511/511 512/512/512
f 508/508/508 501/501/501 495/495/495
f 509/509/509 503/503/503 510/510/510
f 505/505/505 503/503/503 509/509/509
f 506/506/506 501/501/501 508/508/508
f 507/507/507 501/501/501 506/506/506
f 504/504/504 503/503/503 505/505/505
f 501/501/501 503/503/503 504/504/504
f 502/502/502 492/492/492 491/491/491
f 499/499/499 492/492/492 502/502/502
f 500/500/500 495/495/495 501/501/501
f 496/496/496 495/495/495 500/500/500
f 498/498/498 492/492/492 499/499/499
f 494/494/494 492/492/492 498/498/498
f 497/497/497 495/495/495 496/496/496
f 495/495/495 492/492/492 494/494/494
f 491/491/491 493/493/493 484/484/484
f 493/493/493 491/491/491 492/492/492
f 484/484/484 486/486/486 491/491/491
f 483/483/483 488/488/488 490/490/490
f 489/489/489 488/488/488 484/484/484
f 490/490/490 488/488/488 489/489/489
f 488/488/488 483/483/483 475/475/475
f 487/487/487 484/484/484 488/488/488
f 485/485/485 484/484/484 487/487/487
f 486/486/486 484/484/484 485/485/485
f 482/482/482 475/475/475 483/483/483
f 481/481/481 474/474/474 468/468/468
f 480/480/480 475/475/475 482/482/482
f 477/477/477 474/474/474 481/481/481
f 479/479/479 475/475/475 480/480/480
f 476/476/476 475/475/475 479/479/479
f 478/478/478 474/474/474 477/477/477
f 474/474/474 475/475/475 476/476/476
f 472/472/472 468/468/468 474/474/474
f 473/473/473 466/466/466 459/459/459
f 469/469/469 466/466/466 473/473/473
f 470/470/470 468/468/468 472/472/472
f 471/471/471 468/468/468 470/470/470
f 467/467/467 466/466/466 469/469/469
f 468/468/468 466/466/466 467/467/467
f 465/465/465 453/453/453 452/452/452
f 464/464/464 459/459/459 466/466/466
f 463/463/463 453/453/453 465/465/465
f 460/460/460 459/459/459 464/464/464
f 462/462/462 453/453/453 463/463/463
f 458/458/458 453/453/453 462/462/462
f 461/461/461 459/459/459 460/460/460
f 459/459/459 453/453/453 458/458/458
f 441/441/441 449/449/449 447/447/447
f 452/452/452 451/451/451 455/455/455
f 451/451/451 457/457/457 456/456/456
f 457/457/457 451/451/451 441/441/441
f 454/454/454 451/451/451 456/456/456
f 455/455/455 451/451/451 454/454/454
f 451/451/451 452/452/452 453/453/453
f 450/450/450 441/441/441 451/451/451
f 448/448/448 441/441/441 450/450/450
f 449/449/449 441/441/441 448/448/448
f 445/445/445 439/439/439 432/432/432
f 446/446/446 441/441/441 447/447/447
f 442/442/442 441/441/441 446/446/446
f 444/444/444 439/439/439 445/445/445
f 440/440/440 439/439/439 444/444/444
f 443/443/443 441/441/441 442/442/442
f 441/441/441 439/439/439 440/440/440
f 437/437/437 432/432/432 439/439/439
f 438/438/438 422/422/422 431/431/431
f 434/434/434 422/422/422 438/438/438
f 436/436/436 432/432/432 437/437/437
f 433/433/433 432/432/432 436/436/436
f 435/435/435 422/422/422 434/434/434
f 422/422/422 432/432/432 433/433/433
f 422/422/422 424/424/424 431/431/431
f 416/416/416 426/426/426 428/428/428
f 426/426/426 430/430/430 429/429/429
f 430/430/430 426/426/426 422/422/422
f 427/427/427 426/426/426 429/429/429
f 428/428/428 426/426/426 427/427/427
f 426/426/426 416/416/416 421/421/421
f 425/425/425 422/422/422 426/426/426
f 423/423/423 422/422/422 425/425/425
f 424/424/424 422/422/422 423/423/423
f 405/405/405 413/413/413 411/411/411
f 416/416/416 418/418/418 421/421/421
f 415/415/415 420/420/420 416/416/416
f 420/420/420 415/415/415 405/405/405
f 419/419/419 416/416/416 420/420/420
f 417/417/417 416/416/416 419/419/419
f 418/418/418 416/416/416 417/417/417
f 414/414/414 405/405/405 415/415/415
f 412/412/412 405/405/405 414/414/414
f 413/413/413 405/405/405 412/412/412
f 409/409/409 403/403/403 396/396/396
f 410/410/410 405/405/405 411/411/411
f 406/406/406 405/405/405 410/410/410
f 408/408/408 403/403/403 409/409/409
f 404/404/404 403/403/403 408/408/408
f 407/407/407 405/405/405 406/406/406
f 405/405/405 403/403/403 404/404/404
f 401/401/401 386/386/386 395/395/395
f 402/402/402 396/396/396 403/403/403
f 398/398/398 396/396/396 402/402/402
f 399/399/399 386/386/386 401/401/401
f 400/400/400 386/386/386 399/399/399
f 397/397/397 396/396/396 398/398/398
f 386/386/386 396/396/396 397/397/397
f 386/386/386 388/388/388 395/395/395
f 383/383/383 390/390/390 392/392/392
f 390/390/390 394/394/394 393/393/393
f 394/394/394 390/390/390 386/386/386
f 391/391/391 390/390/390 393/393/393
f 392/392/392 390/390/390 391/391/391
f 390/390/390 383/383/383 382/382/382
f 389/389/389 386/386/386 390/390/390
f 387/387/387 386/386/386 389/389/389
f 388/388/388 386/386/386 387/387/387
f 377/377/377 376/376/376 370/370/370
f 377/377/377 379/379/379 376/376/376
f 382/382/382 381/381/381 385/385/385
f 384/384/384 381/381/381 377/377/377
f 385/385/385 381/381/381 384/384/384
f 381/381/381 382/382/382 383/383/383
f 380/380/380 377/377/377 381/381/381
f 378/378/378 377/377/377 380/380/380
f 379/379/379 377/377/377 378/378/378
f 374/374/374 370/370/370 376/376/376
f 375/375/375 368/368/368 361/361/361
f 371/371/371 368/368/368 375/375/375
f 372/372/372 370/370/370 374/374/374
f 373/373/373 370/370/370 372/372/372
f 369/369/369 368/368/368 371/371/371
f 370/370/370 368/368/368 369/369/369
f 367/367/367 350/350/350 359/359/359
f 366/366/366 361/361/361 368/368/368
f 365/365/365 350/350/350 367/367/367
f 362/362/362 361/361/361 366/366/366
f 364/364/364 350/350/350 365/365/365
f 360/360/360 350/350/350 364/364/364
f 363/363/363 361/361/361 362/362/362
f 361/361/361 350/350/350 360/360/360
f 350/350/350 352/352/352 359/359/359
f 346/346/346 356/356/356 347/347/347
f 354/354/354 358/358/358 346/346/346
f 358/358/358 354/354/354 350/350/350
f 357/357/357 346/346/346 358/358/358
f 355/355/355 346/346/346 357/357/357
f 356/356/356 346/346/346 355/355/355
f 353/353/353 350/350/350 354/354/354
f 351/351/351 350/350/350 353/353/353
f 352/352/352 350/350/350 351/351/351
f 341/341/341 340/340/340 333/333/333
f 341/341/341 343/343/343 340/340/340
f 346/346/346 345/345/345 349/349/349
f 348/348/348 345/345/345 341/341/341
f 349/349/349 345/345/345 348/348/348
f 345/345/345 346/346/346 347/347/347
f 649/649/649 645/645/645 650/650/650
f 342/342/342 341/341/341 344/344/344
f 343/343/343 341/341/341 342/342/342
f 338/338/338 332/332/332 325/325/325
f 339/339/339 333/333/333 340/340/340
f 335/335/335 333/333/333 339/339/339
f 336/336/336 332/332/332 338/338/338
f 337/337/337 332/332/332 336/336/336
f 334/334/334 333/333/333 335/335/335
f 332/332/332 333/333/333 334/334/334
f 328/328/328 325/325/325 332/332/332
f 331/331/331 314/314/314 323/323/323
f 329/329/329 314/314/314 331/331/331
f 314/314/314 330/330/330 324/324/324
f 330/330/330 314/314/314 329/329/329
f 326/326/326 325/325/325 328/328/328
f 327/327/327 325/325/325 326/326/326
f 325/325/325 314/314/314 324/324/324
f 314/314/314 316/316/316 323/323/323
f 313/313/313 318/318/318 320/320/320
f 318/318/318 322/322/322 321/321/321
f 322/322/322 318/318/318 314/314/314
f 319/319/319 318/318/318 321/321/321
f 320/320/320 318/318/318 319/319/319
f 318/318/318 313/313/313 305/305/305
f 317/317/317 314/314/314 318/318/318
f 315/315/315 314/314/314 317/317/317
f 316/316/316 314/314/314 315/315/315
f 312/312/312 305/305/305 313/313/313
f 311/311/311 304/304/304 297/297/297
f 310/310/310 305/305/305 312/312/312
f 307/307/307 304/304/304 311/311/311
f 309/309/309 305/305/305 310/310/310
f 306/306/306 305/305/305 309/309/309
f 308/308/308 304/304/304 307/307/307
f 304/304/304 305/305/305 306/306/306
f 302/302/302 296/296/296 289/289/289
f 303/303/303 297/297/297 304/304/304
f 299/299/299 297/297/297 303/303/303
f 300/300/300 296/296/296 302/302/302
f 301/301/301 296/296/296 300/300/300
f 298/298/298 297/297/297 299/299/299
f 296/296/296 297/297/297 298/298/298
f 295/295/295 284/284/284 283/283/283
f 294/294/294 289/289/289 296/296/296
f 293/293/293 284/284/284 295/295/295
f 290/290/290 289/289/289 294/294/294
f 292/292/292 284/284/284 293/293/293
f 288/288/288 284/284/284 292/292/292
f 291/291/291 289/289/289 290/290/290
f 289/289/289 284/284/284 288/288/288
f 277/277/277 287/287/287 278/278/278
f 287/287/287 277/277/277 269/269/269
f 278/278/278 280/280/280 277/277/277
f 283/283/283 282/282/282 286/286/286
f 285/285/285 282/282/282 278/278/278
f 286/286/286 282/282/282 285/285/285
f 282/282/282 283/283/283 284/284/284
f 281/281/281 278/278/278 282/282/282
f 279/279/279 278/278/278 281/281/281
f 280/280/280 278/278/278 279/279/279
f 276/276/276 269/269/269 277/277/277
f 274/274/274 269/269/269 276/276/276
f 275/275/275 268/268/268 262/262/262
f 271/271/271 268/268/268 275/275/275
f 273/273/273 269/269/269 274/274/274
f 270/270/270 269/269/269 273/273/273
f 272/272/272 268/268/268 271/271/271
f 268/268/268 269/269/269 270/270/270
f 266/266/266 262/262/262 268/268/268
f 267/267/267 252/252/252 260/260/260
f 263/263/263 252/252/252 267/267/267
f 264/264/264 262/262/262 266/266/266
f 265/265/265 262/262/262 264/264/264
f 261/261/261 252/252/252 263/263/263
f 262/262/262 252/252/252 261/261/261
f 252/252/252 254/254/254 260/260/260
f 246/246/246 256/256/256 258/258/258
f 259/259/259 256/256/256 252/252/252
f 257/257/257 256/256/256 259/259/259
f 258/258/258 256/256/256 257/257/257
f 256/256/256 246/246/246 251/251/251
f 255/255/255 252/252/252 256/256/256
f 253/253/253 252/252/252 255/255/255
f 254/254/254 252/252/252 253/253/253
f 235/235/235 243/243/243 241/241/241
f 246/246/246 248/248/248 251/251/251
f 245/245/245 250/250/250 246/246/246
f 250/250/250 245/245/245 235/235/235
f 249/249/249 246/246/246 250/250/250
f 247/247/247 246/246/246 249/249/249
f 248/248/248 246/246/246 247/247/247
f 244/244/244 235/235/235 245/245/245
f 242/242/242 235/235/235 244/244/244
f 243/243/243 235/235/235 242/242/242
f 239/239/239 233/233/233 226/226/226
f 240/240/240 235/235/235 241/241/241
f 236/236/236 235/235/235 240/240/240
f 238/238/238 233/233/233 239/239/239
f 234/234/234 233/233/233 238/238/238
f 237/237/237 235/235/235 236/236/236
f 235/235/235 233/233/233 234/234/234
f 232/232/232 226/226/226 233/233/233
f 231/231/231 216/216/216 225/225/225
f 228/228/228 226/226/226 232/232/232
f 229/229/229 216/216/216 231/231/231
f 230/230/230 216/216/216 229/229/229
f 227/227/227 226/226/226 228/228/228
f 216/216/216 226/226/226 227/227/227
f 216/216/216 218/218/218 225/225/225
f 212/212/212 220/220/220 222/222/222
f 220/220/220 224/224/224 223/223/223
f 224/224/224 220/220/220 216/216/216
f 221/221/221 220/220/220 223/223/223
f 222/222/222 220/220/220 221/221/221
f 220/220/220 212/212/212 211/211/211
f 219/219/219 216/216/216 220/220/220
f 217/217/217 216/216/216 219/219/219
f 218/218/218 216/216/216 217/217/217
f 200/200/200 208/208/208 206/206/206
f 211/211/211 210/210/210 214/214/214
f 215/215/215 210/210/210 200/200/200
f 213/213/213 210/210/210 215/215/215
f 214/214/214 210/210/210 213/213/213
f 210/210/210 211/211/211 212/212/212
f 209/209/209 200/200/200 210/210/210
f 207/207/207 200/200/200 209/209/209
f 208/208/208 200/200/200 207/207/207
f 204/204/204 200/200/200 206/206/206
f 205/205/205 198/198/198 191/191/191
f 201/201/201 198/198/198 205/205/205
f 202/202/202 200/200/200 204/204/204
f 203/203/203 200/200/200 202/202/202
f 199/199/199 198/198/198 201/201/201
f 200/200/200 198/198/198 199/199/199
f 197/197/197 180/180/180 189/189/189
f 196/196/196 191/191/191 198/198/198
f 195/195/195 180/180/180 197/197/197
f 192/192/192 191/191/191 196/196/196
f 194/194/194 180/180/180 195/195/195
f 190/190/190 180/180/180 194/194/194
f 193/193/193 191/191/191 192/192/192
f 191/191/191 180/180/180 190/190/190
f 180/180/180 182/182/182 189/189/189
f 176/176/176 186/186/186 177/177/177
f 184/184/184 188/188/188 176/176/176
f 188/188/188 184/184/184 180/180/180
f 187/187/187 176/176/176 188/188/188
f 185/185/185 176/176/176 187/187/187
f 186/186/186 176/176/176 185/185/185
f 183/183/183 180/180/180 184/184/184
f 181/181/181 180/180/180 183/183/183
f 182/182/182 180/180/180 181/181/181
f 171/171/171 170/170/170 164/164/164
f 171/171/171 173/173/173 170/170/170
f 176/176/176 175/175/175 179/179/179
f 178/178/178 175/175/175 171/171/171
f 179/179/179 175/175/175 178/178/178
f 175/175/175 176/176/176 177/177/177
f 174/174/174 171/171/171 175/175/175
f 172/172/172 171/171/171 174/174/174
f 173/173/173 171/171/171 172/172/172
f 168/168/168 164/164/164 170/170/170
f 169/169/169 162/162/162 155/155/155
f 165/165/165 162/162/162 169/169/169
f 166/166/166 164/164/164 168/168/168
f 167/167/167 164/164/164 166/166/166
f 163/163/163 162/162/162 165/165/165
f 164/164/164 162/162/162 163/163/163
f 160/160/160 155/155/155 162/162/162
f 161/161/161 144/144/144 153/153/153
f 158/158/158 144/144/144 161/161/161
f 156/156/156 155/155/155 160/160/160
f 144/144/144 159/159/159 154/154/154
f 159/159/159 144/144/144 158/158/158
f 157/157/157 155/155/155 156/156/156
f 155/155/155 144/144/144 154/154/154
f 144/144/144 146/146/146 153/153/153
f 135/135/135 150/150/150 143/143/143
f 148/148/148 152/152/152 135/135/135
f 152/152/152 148/148/148 144/144/144
f 151/151/151 135/135/135 152/152/152
f 149/149/149 135/135/135 151/151/151
f 150/150/150 135/135/135 149/149/149
f 147/147/147 144/144/144 148/148/148
f 145/145/145 144/144/144 147/147/147
f 146/146/146 144/144/144 145/145/145
f 142/142/142 135/135/135 143/143/143
f 141/141/141 134/134/134 127/127/127
f 140/140/140 135/135/135 142/142/142
f 137/137/137 134/134/134 141/141/141
f 139/139/139 135/135/135 140/140/140
f 136/136/136 135/135/135 139/139/139
f 138/138/138 134/134/134 137/137/137
f 134/134/134 135/135/135 136/136/136
f 132/132/132 125/125/125 119/119/119
f 133/133/133 127/127/127 134/134/134
f 129/129/129 127/127/127 133/133/133
f 130/130/130 125/125/125 132/132/132
f 131/131/131 125/125/125 130/130/130
f 128/128/128 127/127/127 129/129/129
f 125/125/125 127/127/127 128/128/128
f 126/126/126 116/116/116 115/115/115
f 123/123/123 116/116/116 126/126/126
f 124/124/124 119/119/119 125/125/125
f 120/120/120 119/119/119 124/124/124
f 122/122/122 116/116/116 123/123/123
f 118/118/118 116/116/116 122/122/122
f 121/121/121 119/119/119 120/120/120
f 119/119/119 116/116/116 118/118/118
f 115/115/115 117/117/117 108/108/108
f 117/117/117 115/115/115 116/116/116
f 108/108/108 110/110/110 115/115/115
f 107/107/107 112/112/112 114/114/114
f 113/113/113 112/112/112 108/108/108
f 114/114/114 112/112/112 113/113/113
f 112/112/112 107/107/107 99/99/99
f 111/111/111 108/108/108 112/112/112
f 109/109/109 108/108/108 111/111/111
f 110/110/110 108/108/108 109/109/109
f 106/106/106 99/99/99 107/107/107
f 105/105/105 98/98/98 92/92/92
f 104/104/104 99/99/99 106/106/106
f 101/101/101 98/98/98 105/105/105
f 103/103/103 99/99/99 104/104/104
f 100/100/100 99/99/99 103/103/103
f 102/102/102 98/98/98 101/101/101
f 98/98/98 99/99/99 100/100/100
f 96/96/96 92/92/92 98/98/98
f 97/97/97 90/90/90 83/83/83
f 93/93/93 90/90/90 97/97/97
f 94/94/94 92/92/92 96/96/96
f 95/95/95 92/92/92 94/94/94
f 91/91/91 90/90/90 93/93/93
f 92/92/92 90/90/90 91/91/91
f 89/89/89 78/78/78 77/77/77
f 88/88/88 83/83/83 90/90/90
f 87/87/87 78/78/78 89/89/89
f 84/84/84 83/83/83 88/88/88
f 86/86/86 78/78/78 87/87/87
f 82/82/82 78/78/78 86/86/86
f 85/85/85 83/83/83 84/84/84
f 83/83/83 78/78/78 82/82/82
f 14/14/14 74/74/74 19/19/19
f 77/77/77 76/76/76 80/80/80
f 14/14/14 79/79/79 76/76/76
f 79/79/79 14/14/14 81/81/81
f 80/80/80 76/76/76 79/79/79
f 76/76/76 77/77/77 78/78/78
f 75/75/75 14/14/14 76/76/76
f 73/73/73 14/14/14 75/75/75
f 74/74/74 14/14/14 73/73/73
f 72/72/72 69/69/69 66/66/66
f 70/70/70 69/69/69 72/72/72
f 71/71/71 69/69/69 70/70/70
f 68/68/68 64/64/64 61/61/61
f 67/67/67 64/64/64 68/68/68
f 65/65/65 64/64/64 67/67/67
f 66/66/66 64/64/64 65/65/65
f 63/63/63 59/59/59 55/55/55
f 62/62/62 59/59/59 63/63/63
f 60/60/60 59/59/59 62/62/62
f 61/61/61 59/59/59 60/60/60
f 58/58/58 47/47/47 53/53/53
f 57/57/57 47/47/47 58/58/58
f 56/56/56 47/47/47 57/57/57
f 54/54/54 47/47/47 56/56/56
f 55/55/55 47/47/47 54/54/54
f 47/47/47 49/49/49 53/53/53
f 52/52/52 51/51/51 47/47/47
f 51/51/51 52/52/52 44/44/44
f 50/50/50 47/47/47 51/51/51
f 48/48/48 47/47/47 50/50/50
f 49/49/49 47/47/47 48/48/48
f 46/46/46 42/42/42 39/39/39
f 45/45/45 42/42/42 46/46/46
f 43/43/43 42/42/42 45/45/45
f 44/44/44 42/42/42 43/43/43
f 41/41/41 37/37/37 33/33/33
f 40/40/40 37/37/37 41/41/41
f 38/38/38 37/37/37 40/40/40
f 39/39/39 37/37/37 38/38/38
f 36/36/36 31/31/31 27/27/27
f 35/35/35 31/31/31 36/36/36
f 34/34/34 31/31/31 35/35/35
f 32/32/32 31/31/31 34/34/34
f 33/33/33 31/31/31 32/32/32
f 25/25/25 30/30/30 29/29/29
f 30/30/30 25/25/25 22/22/22
f 28/28/28 25/25/25 29/29/29
f 26/26/26 25/25/25 28/28/28
f 27/27/27 25/25/25 26/26/26
f 24/24/24 20/20/20 16/16/16
f 23/23/23 20/20/20 24/24/24
f 21/21/21 20/20/20 23/23/23
f 647/647/647 644/644/644 651/651/651
f 651/651/651 644/644/644 638/638/638
f 650/650/650 645/645/645 652/652/652
f 652/652/652 645/645/645 653/653/653
f 656/656/656 654/654/654 655/655/655
f 655/655/655 654/654/654 657/657/657
f 657/657/657 654/654/654 658/658/658
f 658/658/658 659/659/659 660/660/660
f 662/662/662 658/658/658 661/661/661
f 661/661/661 658/658/658 654/654/654
f 659/659/659 658/658/658 662/662/662
f 654/654/654 656/656/656 653/653/653
f 663/663/663 653/653/653 645/645/645
f 653/653/653 663/663/663 654/654/654
f 665/665/665 660/660/660 664/664/664
f 667/667/667 665/665/665 666/666/666
f 664/664/664 660/660/660 668/668/668
f 668/668/668 660/660/660 669/669/669
f 666/666/666 665/665/665 670/670/670
f 669/669/669 660/660/660 671/671/671
f 670/670/670 665/665/665 672/672/672
f 671/671/671 660/660/660 659/659/659
f 672/672/672 673/673/673 674/674/674
f 674/674/674 673/673/673 675/675/675
f 677/677/677 672/672/672 676/676/676
f 676/676/676 672/672/672 678/678/678
f 675/675/675 673/673/673 679/679/679
f 679/679/679 673/673/673 680/680/680
f 678/678/678 672/672/672 665/665/665
f 680/680/680 681/681/681 682/682/682
f 684/684/684 680/680/680 683/683/683
f 682/682/682 681/681/681 685/685/685
f 685/685/685 681/681/681 686/686/686
f 683/683/683 680/680/680 687/687/687
f 686/686/686 681/681/681 688/688/688
f 687/687/687 680/680/680 673/673/673
f 688/688/688 681/681/681 689/689/689
f 692/692/692 690/690/690 691/691/691
f 691/691/691 690/690/690 693/693/693
f 693/693/693 690/690/690 694/694/694
f 694/694/694 689/689/689 681/681/681
f 696/696/696 694/694/694 695/695/695
f 695/695/695 694/694/694 697/697/697
f 698/698/698 694/694/694 690/690/690
f 694/694/694 698/698/698 697/697/697
f 689/689/689 694/694/694 696/696/696
f 690/690/690 692/692/692 699/699/699
f 701/701/701 690/690/690 700/700/700
f 703/703/703 701/701/701 702/702/702
f 702/702/702 701/701/701 704/704/704
f 706/706/706 690/690/690 705/705/705
f 690/690/690 706/706/706 700/700/700
f 705/705/705 690/690/690 707/707/707
f 707/707/707 690/690/690 699/699/699
f 704/704/704 701/701/701 708/708/708
f 708/708/708 709/709/709 710/710/710
f 712/712/712 708/708/708 711/711/711
f 711/711/711 708/708/708 713/713/713
f 710/710/710 714/714/714 715/715/715
f 714/714/714 710/710/710 709/709/709
f 713/713/713 708/708/708 701/701/701
f 718/718/718 716/716/716 717/717/717
f 717/717/717 716/716/716 719/719/719
f 716/716/716 718/718/718 720/720/720
f 719/719/719 714/714/714 709/709/709
f 714/714/714 719/719/719 716/716/716
f 723/723/723 721/721/721 722/722/722
f 722/722/722 721/721/721 724/724/724
f 721/721/721 723/723/723 725/725/725
f 721/721/721 725/725/725 726/726/726
f 724/724/724 716/716/716 720/720/720
f 716/716/716 724/724/724 721/721/721
f 729/729/729 727/727/727 728/728/728
f 728/728/728 727/727/727 730/730/730
f 727/727/727 729/729/729 731/731/731
f 727/727/727 731/731/731 732/732/732
f 730/730/730 721/721/721 726/726/726
f 721/721/721 730/730/730 727/727/727
f 735/735/735 733/733/733 734/734/734
f 734/734/734 733/733/733 736/736/736
f 733/733/733 735/735/735 737/737/737
f 736/736/736 727/727/727 732/732/732
f 727/727/727 736/736/736 733/733/733
f 740/740/740 738/738/738 739/739/739
f 739/739/739 738/738/738 741/741/741
f 738/738/738 740/740/740 742/742/742
f 741/741/741 733/733/733 737/737/737
f 733/733/733 741/741/741 738/738/738
f 745/745/745 743/743/743 744/744/744
f 744/744/744 743/743/743 746/746/746
f 743/743/743 745/745/745 747/747/747
f 743/743/743 747/747/747 748/748/748
f 746/746/746 738/738/738 742/742/742
f 738/738/738 746/746/746 743/743/743
f 751/751/751 749/749/749 750/750/750
f 750/750/750 749/749/749 752/752/752
f 749/749/749 751/751/751 753/753/753
f 752/752/752 743/743/743 748/748/748
f 743/743/743 752/752/752 749/749/749
f 756/756/756 754/754/754 755/755/755
f 755/755/755 754/754/754 757/757/757
f 754/754/754 756/756/756 758/758/758
f 757/757/757 749/749/749 753/753/753
f 749/749/749 757/757/757 754/754/754
f 761/761/761 759/759/759 760/760/760
f 760/760/760 759/759/759 762/762/762
f 759/759/759 761/761/761 763/763/763
f 759/759/759 763/763/763 764/764/764
f 762/762/762 754/754/754 758/758/758
f 754/754/754 762/762/762 759/759/759
f 767/767/767 765/765/765 766/766/766
f 766/766/766 765/765/765 768/768/768
f 765/765/765 767/767/767 769/769/769
f 765/765/765 769/769/769 770/770/770
f 768/768/768 759/759/759 764/764/764
f 759/759/759 768/768/768 765/765/765
f 772/772/772 715/715/715 771/771/771
f 715/715/715 772/772/772 773/773/773
f 715/715/715 773/773/773 710/710/710
f 771/771/771 765/765/765 770/770/770
f 765/765/765 771/771/771 715/715/715
f 709/709/709 708/708/708 712/712/712
f 690/690/690 701/701/701 703/703/703
f 681/681/681 680/680/680 684/684/684
f 673/673/673 672/672/672 677/677/677
f 660/660/660 665/665/665 667/667/667
f 645/645/645 644/644/644 648/648/648
f 628/628/628 638/638/638 641/641/641
f 609/609/609 611/611/611 613/613/613
f 602/602/602 592/592/592 606/606/606
f 574/574/574 576/576/576 579/579/579
f 556/556/556 567/567/567 569/569/569
f 538/538/538 540/540/540 543/543/543
f 520/520/520 531/531/531 533/533/533
f 511/511/511 510/510/510 514/514/514
f 503/503/503 501/501/501 507/507/507
f 492/492/492 495/495/495 497/497/497
f 475/475/475 474/474/474 478/478/478
f 466/466/466 468/468/468 471/471/471
f 453/453/453 459/459/459 461/461/461
f 439/439/439 441/441/441 443/443/443
f 432/432/432 422/422/422 435/435/435
f 403/403/403 405/405/405 407/407/407
f 396/396/396 386/386/386 400/400/400
f 368/368/368 370/370/370 373/373/373
f 350/350/350 361/361/361 363/363/363
f 333/333/333 332/332/332 337/337/337
f 314/314/314 325/325/325 327/327/327
f 305/305/305 304/304/304 308/308/308
f 297/297/297 296/296/296 301/301/301
f 284/284/284 289/289/289 291/291/291
f 269/269/269 268/268/268 272/272/272
f 252/252/252 262/262/262 265/265/265
f 233/233/233 235/235/235 237/237/237
f 226/226/226 216/216/216 230/230/230
f 198/198/198 200/200/200 203/203/203
f 180/180/180 191/191/191 193/193/193
f 162/162/162 164/164/164 167/167/167
f 144/144/144 155/155/155 157/157/157
f 135/135/135 134/134/134 138/138/138
f 127/127/127 125/125/125 131/131/131
f 116/116/116 119/119/119 121/121/121
f 99/99/99 98/98/98 102/102/102
f 90/90/90 92/92/92 95/95/95
f 78/78/78 83/83/83 85/85/85
f 69/69/69 71/71/71 774/774/774
f 64/64/64 66/66/66 69/69/69
f 59/59/59 61/61/61 64/64/64
f 47/47/47 55/55/55 59/59/59
f 42/42/42 44/44/44 52/52/52
f 37/37/37 39/39/39 42/42/42
f 31/31/31 33/33/33 37/37/37
f 25/25/25 27/27/27 31/31/31
f 20/20/20 22/22/22 25/25/25
f 14/14/14 16/16/16 20/20/20
f 22/22/22 20/20/20 21/21/21
f 18/18/18 14/14/14 19/19/19
f 17/17/17 14/14/14 18/18/18
f 15/15/15 14/14/14 17/17/17
f 16/16/16 14/14/14 15/15/15
f 344/344/344 341/341/341 345/345/345
f 777/777/777 775/775/775 776/776/776
f 780/780/780 778/778/778 779/779/779
f 782/782/782 780/780/780 781/781/781
f 775/775/775 777/777/777 783/783/783
f 785/785/785 775/775/775 784/784/784
f 778/778/778 784/784/784 786/786/786
f 782/782/782 781/781/781 787/787/787
f 775/775/775 785/785/785 776/776/776
f 786/786/786 784/784/784 775/775/775
f 780/780/780 782/782/782 788/788/788
f 781/781/781 779/779/779 789/789/789
f 778/778/778 780/780/780 784/784/784
f 779/779/779 781/781/781 780/780/780
f 780/780/780 788/788/788 790/790/790
f 775/775/775 783/783/783 791/791/791
f 1/1/1 12/12/12 13/13/13
f 1/1/1 11/11/11 12/12/12
f 1/1/1 13/13/13 2/2/2
f 1/1/1 9/9/9 10/10/10
f 1/1/1 8/8/8 9/9/9
f 1/1/1 7/7/7 8/8/8
f 1/1/1 6/6/6 7/7/7
f 1/1/1 5/5/5 6/6/6
f 1/1/1 4/4/4 5/5/5
f 1/1/1 3/3/3 4/4/4
f 1/1/1 10/10/10 11/11/11
f 3/3/3 1/1/1 2/2/2
f 4557/4557/4557 4555/4555/4555 4556/4556/4556
f 4555/4555/4555 4558/4558/4558 4559/4559/4559
f 4561/4561/4561 4560/4560/4560 4558/4558/4558
f 4558/4558/4558 4555/4555/4555 4561/4561/4561
f 4555/4555/4555 4557/4557/4557 4561/4561/4561
f 4560/4560/4560 4561/4561/4561 4562/4562/4562
