# Wavefront .OBJ file for tesselated shape: Auger_002_RB_out-1 path: C:\Users\Jiaqi\OneDrive - Northwestern University\Desktop\Computation\Robot_System\SLDWK_assemble\Auger_002_RB_out.SLDPRT

g body_1
v 0.074878 -0.160000 0.004284
v 0.074932 -0.160000 -0.003192
v 0.069989 -0.160000 0.000000
v 0.069974 -0.160000 0.001428
v 0.069456 -0.160000 0.008615
v 0.069750 -0.160000 -0.005774
v 0.049215 -0.160000 0.056594
v 0.046483 -0.160000 0.052323
v 0.040857 -0.160000 0.056825
v 0.054606 -0.160000 0.051412
v 0.051617 -0.160000 0.047266
v 0.059453 -0.160000 0.045720
v 0.056203 -0.160000 0.041708
v 0.063710 -0.160000 0.039573
v 0.060194 -0.160000 0.035709
v 0.067334 -0.160000 0.033033
v 0.063546 -0.160000 0.029330
v 0.070288 -0.160000 0.026165
v 0.066225 -0.160000 0.022641
v 0.074242 -0.160000 -0.010637
v 0.068787 -0.160000 -0.012915
v 0.067808 -0.160000 -0.032048
v 0.064280 -0.160000 -0.038640
v 0.061601 -0.160000 -0.033223
v -0.074571 -0.160000 -0.008011
v -0.069808 -0.160000 -0.005029
v -0.068921 -0.160000 -0.012180
v -0.074998 -0.160000 -0.000547
v -0.069955 -0.160000 0.002176
v 0.016156 -0.160000 0.073239
v 0.023368 -0.160000 0.071267
v 0.021640 -0.160000 0.066559
v 0.030347 -0.160000 0.068586
v 0.028369 -0.160000 0.063981
v 0.037025 -0.160000 0.065224
v 0.034798 -0.160000 0.060725
v 0.043336 -0.160000 0.061213
v 0.072544 -0.160000 0.019036
v 0.068202 -0.160000 0.015711
v 0.072814 -0.160000 -0.017976
v 0.067094 -0.160000 -0.019920
v 0.070662 -0.160000 -0.025137
v 0.064690 -0.160000 -0.026713
v -0.073403 -0.160000 -0.015397
v -0.067303 -0.160000 -0.019201
v 0.074079 -0.160000 0.011719
v 0.060113 -0.160000 -0.044848
v 0.057858 -0.160000 -0.039380
v 0.055349 -0.160000 -0.050611
v 0.053503 -0.160000 -0.045121
v 0.050035 -0.160000 -0.055870
v 0.048580 -0.160000 -0.050383
v -0.074680 -0.160000 0.006923
v -0.069360 -0.160000 0.009357
v 0.008783 -0.160000 0.074484
v 0.014682 -0.160000 0.068431
v -0.012485 -0.160000 -0.073954
v -0.019786 -0.160000 -0.072343
v -0.018185 -0.160000 -0.067585
v -0.026891 -0.160000 -0.070013
v -0.025038 -0.160000 -0.065357
v -0.065603 -0.160000 -0.036348
v -0.061952 -0.160000 -0.032562
v -0.058276 -0.160000 -0.038760
v -0.068896 -0.160000 -0.029636
v -0.064972 -0.160000 -0.026020
v -0.071505 -0.160000 -0.022629
v 0.001323 -0.160000 0.074988
v 0.007568 -0.160000 0.069578
v 0.037973 -0.160000 -0.064677
v 0.031344 -0.160000 -0.068136
v 0.030957 -0.160000 -0.062770
v 0.024404 -0.160000 -0.070919
v 0.024338 -0.160000 -0.065620
v 0.017222 -0.160000 -0.072996
v 0.017462 -0.160000 -0.067775
v 0.009868 -0.160000 -0.074348
v 0.010401 -0.160000 -0.069211
v 0.002416 -0.160000 -0.074961
v 0.003229 -0.160000 -0.069914
v -0.005059 -0.160000 -0.074829
v -0.003976 -0.160000 -0.069875
v -0.033728 -0.160000 -0.066988
v -0.031625 -0.160000 -0.062436
v -0.040231 -0.160000 -0.063297
v -0.037878 -0.160000 -0.058853
v -0.046333 -0.160000 -0.058977
v -0.043728 -0.160000 -0.054647
v -0.051975 -0.160000 -0.054070
v -0.049115 -0.160000 -0.049861
v -0.057100 -0.160000 -0.048627
v -0.053982 -0.160000 -0.044546
v -0.061658 -0.160000 -0.042700
v -0.073619 -0.160000 0.014325
v -0.068030 -0.160000 0.016439
v -0.069321 -0.160000 0.028628
v -0.063229 -0.160000 0.030007
v -0.065980 -0.160000 0.023347
v -0.062274 -0.160000 0.041796
v -0.057803 -0.160000 0.047789
v -0.055754 -0.160000 0.042307
v -0.052758 -0.160000 0.053307
v -0.051109 -0.160000 0.047815
v 0.044224 -0.160000 -0.060575
v 0.043142 -0.160000 -0.055111
v 0.037247 -0.160000 -0.059254
v -0.011140 -0.160000 -0.069096
v -0.071827 -0.160000 0.021584
v -0.066126 -0.160000 0.035388
v -0.059809 -0.160000 0.036350
v -0.047188 -0.160000 0.058295
v -0.045922 -0.160000 0.052817
v -0.041149 -0.160000 0.062704
v -0.040247 -0.160000 0.057258
v -0.034701 -0.160000 0.066489
v -0.034147 -0.160000 0.061093
v -0.027909 -0.160000 0.069614
v -0.027684 -0.160000 0.064280
v -0.020839 -0.160000 0.072047
v -0.020928 -0.160000 0.066786
v -0.013562 -0.160000 0.073764
v -0.013950 -0.160000 0.068584
v -0.006150 -0.160000 0.074747
v -0.006824 -0.160000 0.069655
v 0.000374 -0.160000 0.069988
v 0.030347 -0.160000 0.068586
v 0.023368 -0.160000 0.071267
v 0.031957 -0.220000 0.064164
v 0.016156 -0.160000 0.073239
v 0.025410 -0.220000 0.067027
v 0.008783 -0.160000 0.074484
v 0.018610 -0.220000 0.069224
v 0.001323 -0.160000 0.074988
v 0.011625 -0.220000 0.070733
v -0.006150 -0.160000 0.074747
v 0.004525 -0.220000 0.071539
v -0.013562 -0.160000 0.073764
v -0.002621 -0.220000 0.071634
v -0.020839 -0.160000 0.072047
v -0.009740 -0.220000 0.071017
v -0.027909 -0.160000 0.069614
v -0.016763 -0.220000 0.069694
v -0.034701 -0.160000 0.066489
v -0.023619 -0.220000 0.067679
v -0.041149 -0.160000 0.062704
v -0.030240 -0.220000 0.064991
v -0.047188 -0.160000 0.058295
v -0.036561 -0.220000 0.061657
v -0.052758 -0.160000 0.053307
v -0.042518 -0.220000 0.057710
v -0.057803 -0.160000 0.047789
v -0.048053 -0.220000 0.053190
v -0.062274 -0.160000 0.041796
v -0.053110 -0.220000 0.048141
v -0.066126 -0.160000 0.035388
v -0.057640 -0.220000 0.042614
v -0.069321 -0.160000 0.028628
v -0.061596 -0.220000 0.036663
v -0.071827 -0.160000 0.021584
v -0.064940 -0.220000 0.030348
v -0.073619 -0.160000 0.014325
v -0.067639 -0.220000 0.023731
v -0.074680 -0.160000 0.006923
v -0.069666 -0.220000 0.016878
v -0.074998 -0.160000 -0.000547
v -0.071001 -0.220000 0.009858
v -0.074571 -0.160000 -0.008011
v -0.071629 -0.220000 0.002740
v -0.073403 -0.160000 -0.015397
v -0.071546 -0.220000 -0.004406
v -0.071505 -0.160000 -0.022629
v -0.070752 -0.220000 -0.011508
v -0.068896 -0.160000 -0.029636
v -0.069255 -0.220000 -0.018495
v -0.065603 -0.160000 -0.036348
v -0.067069 -0.220000 -0.025299
v -0.061658 -0.160000 -0.042700
v -0.064217 -0.220000 -0.031851
v -0.057100 -0.160000 -0.048627
v -0.060726 -0.220000 -0.038087
v -0.051975 -0.160000 -0.054070
v -0.056632 -0.220000 -0.043944
v -0.046333 -0.160000 -0.058977
v -0.051975 -0.220000 -0.049364
v -0.040231 -0.160000 -0.063297
v -0.046802 -0.220000 -0.054294
v -0.033728 -0.160000 -0.066988
v -0.041164 -0.220000 -0.058684
v -0.026891 -0.160000 -0.070013
v -0.035116 -0.220000 -0.062491
v -0.019786 -0.160000 -0.072343
v -0.028719 -0.220000 -0.065677
v -0.012485 -0.160000 -0.073954
v -0.022037 -0.220000 -0.068210
v -0.005059 -0.160000 -0.074829
v -0.015136 -0.220000 -0.070065
v 0.002416 -0.160000 -0.074961
v -0.008085 -0.220000 -0.071224
v 0.009868 -0.160000 -0.074348
v -0.000953 -0.220000 -0.071675
v 0.017222 -0.160000 -0.072996
v 0.006188 -0.220000 -0.071414
v 0.024404 -0.160000 -0.070919
v 0.013268 -0.220000 -0.070443
v 0.031344 -0.160000 -0.068136
v 0.020216 -0.220000 -0.068772
v 0.037973 -0.160000 -0.064677
v 0.026963 -0.220000 -0.066417
v 0.044224 -0.160000 -0.060575
v 0.033442 -0.220000 -0.063403
v 0.050035 -0.160000 -0.055870
v 0.039589 -0.220000 -0.059758
v 0.055349 -0.160000 -0.050611
v 0.045342 -0.220000 -0.055519
v 0.060113 -0.160000 -0.044848
v 0.050644 -0.220000 -0.050729
v 0.064280 -0.160000 -0.038640
v 0.055444 -0.220000 -0.045434
v 0.067808 -0.160000 -0.032048
v 0.059692 -0.220000 -0.039688
v 0.070662 -0.160000 -0.025137
v 0.063347 -0.220000 -0.033547
v 0.072814 -0.160000 -0.017976
v 0.066372 -0.220000 -0.027073
v 0.074242 -0.160000 -0.010637
v 0.068738 -0.220000 -0.020330
v 0.074932 -0.160000 -0.003192
v 0.070421 -0.220000 -0.013385
v 0.074878 -0.160000 0.004284
v 0.071404 -0.220000 -0.006307
v 0.074079 -0.160000 0.011719
v 0.071677 -0.220000 0.000834
v 0.072544 -0.160000 0.019036
v 0.071238 -0.220000 0.007967
v 0.070288 -0.160000 0.026165
v 0.070090 -0.220000 0.015020
v 0.067334 -0.160000 0.033033
v 0.068247 -0.220000 0.021924
v 0.063710 -0.160000 0.039573
v 0.065724 -0.220000 0.028610
v 0.059453 -0.160000 0.045720
v 0.062549 -0.220000 0.035012
v 0.054606 -0.160000 0.051412
v 0.058752 -0.220000 0.041066
v 0.049215 -0.160000 0.056594
v 0.054371 -0.220000 0.046712
v 0.043336 -0.160000 0.061213
v 0.049450 -0.220000 0.051893
v 0.037025 -0.160000 0.065224
v 0.044038 -0.220000 0.056559
v 0.038187 -0.220000 0.060663
v 0.040547 -0.280000 0.057061
v 0.042995 -0.280000 0.055240
v 0.034665 -0.280000 0.060814
v 0.028437 -0.280000 0.063964
v 0.033316 -0.280000 0.061563
v 0.021927 -0.280000 0.066477
v 0.022729 -0.280000 0.066207
v 0.015199 -0.280000 0.068330
v 0.008320 -0.280000 0.069504
v 0.011522 -0.280000 0.069045
v 0.001358 -0.280000 0.069987
v -0.005617 -0.280000 0.069774
v 0.000000 -0.280000 0.070000
v -0.012536 -0.280000 0.068868
v -0.011522 -0.280000 0.069045
v -0.019331 -0.280000 0.067278
v -0.025934 -0.280000 0.065019
v -0.022729 -0.280000 0.066207
v -0.032278 -0.280000 0.062114
v -0.038303 -0.280000 0.058591
v -0.033316 -0.280000 0.061563
v -0.043946 -0.280000 0.054486
v -0.042995 -0.280000 0.055240
v -0.049153 -0.280000 0.049840
v -0.053871 -0.280000 0.044698
v -0.051501 -0.280000 0.047410
v -0.058054 -0.280000 0.039112
v -0.061660 -0.280000 0.033138
v -0.058602 -0.280000 0.038286
v -0.064653 -0.280000 0.026834
v -0.064104 -0.280000 0.028119
v -0.067003 -0.280000 0.020263
v -0.068688 -0.280000 0.013491
v -0.067858 -0.280000 0.017184
v -0.069690 -0.280000 0.006585
v -0.069999 -0.280000 -0.000387
v -0.069761 -0.280000 0.005781
v -0.069613 -0.280000 -0.007354
v -0.069761 -0.280000 -0.005781
v -0.068534 -0.280000 -0.014249
v -0.066775 -0.280000 -0.021002
v -0.067858 -0.280000 -0.017184
v -0.064352 -0.280000 -0.027546
v -0.061290 -0.280000 -0.033817
v -0.064104 -0.280000 -0.028119
v -0.057618 -0.280000 -0.039751
v -0.058602 -0.280000 -0.038286
v -0.053374 -0.280000 -0.045291
v -0.048599 -0.280000 -0.050380
v -0.051501 -0.280000 -0.047410
v -0.043341 -0.280000 -0.054969
v -0.037653 -0.280000 -0.059011
v -0.042995 -0.280000 -0.055240
v -0.031590 -0.280000 -0.062467
v -0.033316 -0.280000 -0.061563
v -0.025213 -0.280000 -0.065301
v -0.018586 -0.280000 -0.067487
v -0.022729 -0.280000 -0.066207
v -0.011774 -0.280000 -0.069003
v -0.004845 -0.280000 -0.069832
v -0.011522 -0.280000 -0.069045
v 0.002132 -0.280000 -0.069968
v 0.000000 -0.280000 -0.070000
v 0.009088 -0.280000 -0.069408
v 0.015953 -0.280000 -0.068158
v 0.011522 -0.280000 -0.069045
v 0.022660 -0.280000 -0.066231
v 0.029142 -0.280000 -0.063645
v 0.035334 -0.280000 -0.060427
v 0.033316 -0.280000 -0.061563
v 0.041175 -0.280000 -0.056609
v 0.046607 -0.280000 -0.052228
v 0.042995 -0.280000 -0.055240
v 0.051576 -0.280000 -0.047328
v 0.056032 -0.280000 -0.041957
v 0.059931 -0.280000 -0.036170
v 0.058602 -0.280000 -0.038286
v 0.063235 -0.280000 -0.030023
v 0.065910 -0.280000 -0.023578
v 0.064104 -0.280000 -0.028119
v 0.067930 -0.280000 -0.016898
v 0.067858 -0.280000 -0.017184
v 0.069275 -0.280000 -0.010050
v 0.069931 -0.280000 -0.003103
v 0.069761 -0.280000 -0.005781
v 0.069893 -0.280000 0.003875
v 0.069159 -0.280000 0.010815
v 0.069761 -0.280000 0.005781
v 0.067739 -0.280000 0.017648
v 0.067858 -0.280000 0.017184
v 0.065645 -0.280000 0.024304
v 0.062899 -0.280000 0.030720
v 0.064104 -0.280000 0.028119
v 0.059528 -0.280000 0.036830
v 0.055565 -0.280000 0.042574
v 0.058602 -0.280000 0.038286
v 0.051050 -0.280000 0.047895
v 0.051501 -0.280000 0.047410
v 0.046027 -0.280000 0.052740
v 0.008320 -0.280000 0.069504
v 0.003585 -0.340000 0.034816
v 0.005761 -0.340000 0.034523
v 0.001358 -0.280000 0.069987
v 0.000000 -0.340000 0.035000
v 0.000000 -0.280000 0.070000
v 0.021927 -0.280000 0.066477
v 0.015199 -0.280000 0.068330
v 0.008857 -0.340000 0.033861
v 0.011364 -0.340000 0.033104
v 0.022729 -0.280000 0.066207
v 0.011522 -0.280000 0.069045
v 0.028437 -0.280000 0.063964
v 0.013922 -0.340000 0.032112
v 0.016658 -0.340000 0.030782
v 0.040547 -0.280000 0.057061
v 0.034665 -0.280000 0.060814
v 0.018661 -0.340000 0.029610
v 0.021497 -0.340000 0.027620
v 0.042995 -0.280000 0.055240
v 0.033316 -0.280000 0.061563
v 0.051050 -0.280000 0.047895
v 0.046027 -0.280000 0.052740
v 0.022962 -0.340000 0.026415
v 0.025750 -0.340000 0.023705
v 0.051501 -0.280000 0.047410
v 0.055565 -0.280000 0.042574
v 0.026725 -0.340000 0.022600
v 0.029301 -0.340000 0.019143
v 0.062899 -0.280000 0.030720
v 0.059528 -0.280000 0.036830
v 0.029862 -0.340000 0.018255
v 0.032052 -0.340000 0.014059
v 0.064104 -0.280000 0.028119
v 0.058602 -0.280000 0.038286
v 0.065645 -0.280000 0.024304
v 0.032299 -0.340000 0.013483
v 0.033929 -0.340000 0.008592
v 0.067858 -0.280000 0.017184
v 0.067739 -0.280000 0.017648
v 0.033978 -0.340000 0.008395
v 0.069761 -0.280000 0.005781
v 0.069159 -0.280000 0.010815
v 0.034862 -0.340000 0.003110
v 0.069761 -0.280000 -0.005781
v 0.069931 -0.280000 -0.003103
v 0.034928 -0.340000 -0.002249
v 0.069893 -0.280000 0.003875
v 0.034880 -0.340000 0.002890
v 0.033929 -0.340000 -0.008592
v 0.067858 -0.280000 -0.017184
v 0.067930 -0.280000 -0.016898
v 0.069275 -0.280000 -0.010050
v 0.034880 -0.340000 -0.002890
v 0.034175 -0.340000 -0.007554
v 0.064104 -0.280000 -0.028119
v 0.065910 -0.280000 -0.023578
v 0.032622 -0.340000 -0.012682
v 0.059931 -0.280000 -0.036170
v 0.030303 -0.340000 -0.017513
v 0.029301 -0.340000 -0.019143
v 0.063235 -0.280000 -0.030023
v 0.032052 -0.340000 -0.014059
v 0.051576 -0.280000 -0.047328
v 0.056032 -0.280000 -0.041957
v 0.027275 -0.340000 -0.021934
v 0.058602 -0.280000 -0.038286
v 0.046607 -0.280000 -0.052228
v 0.023607 -0.340000 -0.025840
v 0.021497 -0.340000 -0.027620
v 0.025750 -0.340000 -0.023705
v 0.035334 -0.280000 -0.060427
v 0.041175 -0.280000 -0.056609
v 0.019386 -0.340000 -0.029141
v 0.016658 -0.340000 -0.030782
v 0.033316 -0.280000 -0.061563
v 0.042995 -0.280000 -0.055240
v 0.029142 -0.280000 -0.063645
v 0.014710 -0.340000 -0.031759
v 0.011364 -0.340000 -0.033104
v 0.015953 -0.280000 -0.068158
v 0.009690 -0.340000 -0.033632
v 0.005761 -0.340000 -0.034523
v 0.022660 -0.280000 -0.066231
v 0.002132 -0.280000 -0.069968
v 0.009088 -0.280000 -0.069408
v 0.004443 -0.340000 -0.034717
v 0.000000 -0.340000 -0.035000
v 0.000000 -0.280000 -0.070000
v 0.011522 -0.280000 -0.069045
v -0.004845 -0.280000 -0.069832
v -0.000909 -0.340000 -0.034988
v -0.005761 -0.340000 -0.034523
v -0.018586 -0.280000 -0.067487
v -0.011774 -0.280000 -0.069003
v -0.006239 -0.340000 -0.034439
v -0.011423 -0.340000 -0.033083
v -0.022729 -0.280000 -0.066207
v -0.011522 -0.280000 -0.069045
v -0.033316 -0.280000 -0.061563
v -0.031590 -0.280000 -0.062467
v -0.016340 -0.340000 -0.030952
v -0.025213 -0.280000 -0.065301
v -0.037653 -0.280000 -0.059011
v -0.016658 -0.340000 -0.030782
v -0.020873 -0.340000 -0.028095
v -0.042995 -0.280000 -0.055240
v -0.051501 -0.280000 -0.047410
v -0.048599 -0.280000 -0.050380
v -0.024917 -0.340000 -0.024579
v -0.043341 -0.280000 -0.054969
v -0.021497 -0.340000 -0.027620
v -0.057618 -0.280000 -0.039751
v -0.028377 -0.340000 -0.020488
v -0.029301 -0.340000 -0.019143
v -0.053374 -0.280000 -0.045291
v -0.025750 -0.340000 -0.023705
v -0.064104 -0.280000 -0.028119
v -0.061290 -0.280000 -0.033817
v -0.031172 -0.340000 -0.015916
v -0.058602 -0.280000 -0.038286
v -0.066775 -0.280000 -0.021002
v -0.033236 -0.340000 -0.010971
v -0.033929 -0.340000 -0.008592
v -0.064352 -0.280000 -0.027546
v -0.032052 -0.340000 -0.014059
v -0.069613 -0.280000 -0.007354
v -0.068534 -0.280000 -0.014249
v -0.034521 -0.340000 -0.005769
v -0.034880 -0.340000 -0.002890
v -0.069761 -0.280000 -0.005781
v -0.067858 -0.280000 -0.017184
v -0.069999 -0.280000 -0.000387
v -0.034997 -0.340000 -0.000432
v -0.034880 -0.340000 0.002890
v -0.068688 -0.280000 0.013491
v -0.034653 -0.340000 0.004916
v -0.033929 -0.340000 0.008592
v -0.069690 -0.280000 0.006585
v -0.069761 -0.280000 0.005781
v -0.064653 -0.280000 0.026834
v -0.067003 -0.280000 0.020263
v -0.033497 -0.340000 0.010148
v -0.032052 -0.340000 0.014059
v -0.064104 -0.280000 0.028119
v -0.067858 -0.280000 0.017184
v -0.061660 -0.280000 0.033138
v -0.031555 -0.340000 0.015142
v -0.029301 -0.340000 0.019143
v -0.053871 -0.280000 0.044698
v -0.058054 -0.280000 0.039112
v -0.028874 -0.340000 0.019781
v -0.025750 -0.340000 0.023705
v -0.051501 -0.280000 0.047410
v -0.058602 -0.280000 0.038286
v -0.049153 -0.280000 0.049840
v -0.025516 -0.340000 0.023957
v -0.021560 -0.340000 0.027571
v -0.042995 -0.280000 0.055240
v -0.043946 -0.280000 0.054486
v -0.038303 -0.280000 0.058591
v -0.017098 -0.340000 0.030539
v -0.033316 -0.280000 0.061563
v -0.022729 -0.280000 0.066207
v -0.025934 -0.280000 0.065019
v -0.012236 -0.340000 0.032791
v -0.032278 -0.280000 0.062114
v -0.016658 -0.340000 0.030782
v -0.012536 -0.280000 0.068868
v -0.007087 -0.340000 0.034275
v -0.005761 -0.340000 0.034523
v -0.019331 -0.280000 0.067278
v -0.011364 -0.340000 0.033104
v -0.005617 -0.280000 0.069774
v -0.001772 -0.340000 0.034955
v -0.011522 -0.280000 0.069045
v 0.013922 -0.340000 0.032112
v 0.005125 -0.405000 0.027155
v 0.009210 -0.405000 0.026054
v 0.018661 -0.340000 0.029610
v 0.016658 -0.340000 0.030782
v 0.011364 -0.340000 0.033104
v 0.008857 -0.340000 0.033861
v 0.000920 -0.405000 0.027619
v 0.005761 -0.340000 0.034523
v 0.003585 -0.340000 0.034816
v -0.003307 -0.405000 0.027436
v 0.000000 -0.340000 0.035000
v -0.001772 -0.340000 0.034955
v -0.007456 -0.405000 0.026610
v -0.005761 -0.340000 0.034523
v -0.007087 -0.340000 0.034275
v -0.011431 -0.405000 0.025160
v -0.011364 -0.340000 0.033104
v -0.012236 -0.340000 0.032791
v -0.015137 -0.405000 0.023120
v -0.016658 -0.340000 0.030782
v -0.017098 -0.340000 0.030539
v -0.021560 -0.340000 0.027571
v -0.021408 -0.405000 0.017475
v -0.018489 -0.405000 0.020538
v -0.025516 -0.340000 0.023957
v -0.023824 -0.405000 0.014002
v -0.028874 -0.340000 0.019781
v -0.025683 -0.405000 0.010202
v -0.025750 -0.340000 0.023705
v -0.031555 -0.340000 0.015142
v -0.026939 -0.405000 0.006162
v -0.029301 -0.340000 0.019143
v -0.033497 -0.340000 0.010148
v -0.027564 -0.405000 0.001977
v -0.032052 -0.340000 0.014059
v -0.034653 -0.340000 0.004916
v -0.027542 -0.405000 -0.002254
v -0.033929 -0.340000 0.008592
v -0.034997 -0.340000 -0.000432
v -0.026876 -0.405000 -0.006432
v -0.034880 -0.340000 0.002890
v -0.034521 -0.340000 -0.005769
v -0.025579 -0.405000 -0.010459
v -0.034880 -0.340000 -0.002890
v -0.033929 -0.340000 -0.008592
v -0.033236 -0.340000 -0.010971
v -0.023683 -0.405000 -0.014241
v -0.032052 -0.340000 -0.014059
v -0.031172 -0.340000 -0.015916
v -0.021231 -0.405000 -0.017689
v -0.029301 -0.340000 -0.019143
v -0.028377 -0.340000 -0.020488
v -0.018282 -0.405000 -0.020723
v -0.025750 -0.340000 -0.023705
v -0.024917 -0.340000 -0.024579
v -0.014905 -0.405000 -0.023271
v -0.021497 -0.340000 -0.027620
v -0.020873 -0.340000 -0.028095
v -0.011178 -0.405000 -0.025273
v -0.016658 -0.340000 -0.030782
v -0.016340 -0.340000 -0.030952
v -0.011423 -0.340000 -0.033083
v -0.003031 -0.405000 -0.027468
v -0.007189 -0.405000 -0.026683
v -0.006239 -0.340000 -0.034439
v 0.001197 -0.405000 -0.027609
v -0.000909 -0.340000 -0.034988
v 0.005397 -0.405000 -0.027102
v -0.005761 -0.340000 -0.034523
v 0.004443 -0.340000 -0.034717
v 0.009471 -0.405000 -0.025961
v 0.000000 -0.340000 -0.035000
v 0.009690 -0.340000 -0.033632
v 0.013323 -0.405000 -0.024211
v 0.005761 -0.340000 -0.034523
v 0.014710 -0.340000 -0.031759
v 0.016863 -0.405000 -0.021893
v 0.011364 -0.340000 -0.033104
v 0.019386 -0.340000 -0.029141
v 0.020007 -0.405000 -0.019063
v 0.016658 -0.340000 -0.030782
v 0.021497 -0.340000 -0.027620
v 0.023607 -0.340000 -0.025840
v 0.022683 -0.405000 -0.015785
v 0.025750 -0.340000 -0.023705
v 0.027275 -0.340000 -0.021934
v 0.024826 -0.405000 -0.012138
v 0.029301 -0.340000 -0.019143
v 0.030303 -0.340000 -0.017513
v 0.026388 -0.405000 -0.008206
v 0.032052 -0.340000 -0.014059
v 0.032622 -0.340000 -0.012682
v 0.027331 -0.405000 -0.004081
v 0.033929 -0.340000 -0.008592
v 0.034175 -0.340000 -0.007554
v 0.027634 -0.405000 0.000139
v 0.034880 -0.340000 -0.002890
v 0.034928 -0.340000 -0.002249
v 0.027289 -0.405000 0.004355
v 0.034880 -0.340000 0.002890
v 0.034862 -0.340000 0.003110
v 0.033978 -0.340000 0.008395
v 0.024703 -0.405000 0.012386
v 0.026304 -0.405000 0.008470
v 0.032299 -0.340000 0.013483
v 0.022523 -0.405000 0.016012
v 0.033929 -0.340000 0.008592
v 0.029862 -0.340000 0.018255
v 0.019815 -0.405000 0.019262
v 0.032052 -0.340000 0.014059
v 0.026725 -0.340000 0.022600
v 0.016642 -0.405000 0.022061
v 0.029301 -0.340000 0.019143
v 0.022962 -0.340000 0.026415
v 0.013080 -0.405000 0.024343
v 0.025750 -0.340000 0.023705
v 0.021497 -0.340000 0.027620
v -0.003672 -0.470000 0.022198
v -0.000240 -0.470000 0.022499
v -0.007017 -0.470000 0.021378
v -0.010198 -0.470000 0.020056
v -0.013141 -0.470000 0.018264
v -0.015775 -0.470000 0.016044
v -0.018039 -0.470000 0.013448
v -0.019880 -0.470000 0.010537
v -0.021256 -0.470000 0.007379
v -0.022133 -0.470000 0.004048
v -0.022491 -0.470000 0.000622
v -0.022323 -0.470000 -0.002819
v -0.021631 -0.470000 -0.006193
v -0.020432 -0.470000 -0.009423
v -0.018754 -0.470000 -0.012431
v -0.016637 -0.470000 -0.015148
v -0.014129 -0.470000 -0.017510
v -0.011291 -0.470000 -0.019462
v -0.008188 -0.470000 -0.020957
v -0.004892 -0.470000 -0.021962
v -0.001483 -0.470000 -0.022451
v 0.001962 -0.470000 -0.022414
v 0.005360 -0.470000 -0.021852
v 0.008633 -0.470000 -0.020778
v 0.011704 -0.470000 -0.019216
v 0.014500 -0.470000 -0.017205
v 0.016956 -0.470000 -0.014790
v 0.019015 -0.470000 -0.012028
v 0.020628 -0.470000 -0.008984
v 0.021758 -0.470000 -0.005730
v 0.022378 -0.470000 -0.002341
v 0.022473 -0.470000 0.001102
v 0.022041 -0.470000 0.004519
v 0.021093 -0.470000 0.007831
v 0.019651 -0.470000 0.010959
v 0.017747 -0.470000 0.013830
v 0.015428 -0.470000 0.016377
v 0.012747 -0.470000 0.018541
v 0.009768 -0.470000 0.020269
v 0.006559 -0.470000 0.021523
v 0.003197 -0.470000 0.022272
v 0.019651 -0.470000 0.010959
v 0.017747 -0.470000 0.013830
v 0.014272 -0.470000 0.010115
v 0.015428 -0.470000 0.016377
v 0.012465 -0.470000 0.012273
v 0.012747 -0.470000 0.018541
v 0.010335 -0.470000 0.014114
v 0.009768 -0.470000 0.020269
v 0.007937 -0.470000 0.015589
v 0.006559 -0.470000 0.021523
v 0.005333 -0.470000 0.016660
v 0.003197 -0.470000 0.022272
v 0.002592 -0.470000 0.017300
v -0.000240 -0.470000 0.022499
v -0.000217 -0.470000 0.017492
v -0.007017 -0.470000 0.021378
v -0.005745 -0.470000 0.016523
v -0.003020 -0.470000 0.017230
v -0.010198 -0.470000 0.020056
v -0.008321 -0.470000 0.015387
v -0.022491 -0.470000 0.000622
v -0.017469 -0.470000 -0.000921
v -0.017390 -0.470000 0.001893
v 0.001962 -0.470000 -0.022414
v 0.001624 -0.470000 -0.017417
v 0.000000 -0.470000 -0.017493
v 0.005360 -0.470000 -0.021852
v 0.004397 -0.470000 -0.016931
v 0.014500 -0.470000 -0.017205
v 0.011761 -0.470000 -0.012949
v 0.009532 -0.470000 -0.014668
v 0.016956 -0.470000 -0.014790
v 0.013686 -0.470000 -0.010895
v 0.020628 -0.470000 -0.008984
v 0.016432 -0.470000 -0.006000
v 0.015257 -0.470000 -0.008558
v 0.021758 -0.470000 -0.005730
v 0.017182 -0.470000 -0.003286
v -0.003672 -0.470000 0.022198
v -0.022133 -0.470000 0.004048
v -0.022323 -0.470000 -0.002819
v -0.021631 -0.470000 -0.006193
v -0.017095 -0.470000 -0.003711
v 0.008633 -0.470000 -0.020778
v 0.007056 -0.470000 -0.016007
v 0.019015 -0.470000 -0.012028
v 0.022378 -0.470000 -0.002341
v 0.017486 -0.470000 -0.000488
v 0.022473 -0.470000 0.001102
v 0.022041 -0.470000 0.004519
v 0.017338 -0.470000 0.002324
v -0.013141 -0.470000 0.018264
v -0.010681 -0.470000 0.013853
v -0.015775 -0.470000 0.016044
v -0.012765 -0.470000 0.011960
v -0.021256 -0.470000 0.007379
v -0.016861 -0.470000 0.004658
v -0.015896 -0.470000 0.007303
v -0.020432 -0.470000 -0.009423
v -0.016278 -0.470000 -0.006405
v -0.018754 -0.470000 -0.012431
v -0.016637 -0.470000 -0.015148
v -0.013412 -0.470000 -0.011230
v -0.014129 -0.470000 -0.017510
v -0.011437 -0.470000 -0.013236
v 0.011704 -0.470000 -0.019216
v 0.021093 -0.470000 0.007831
v 0.016741 -0.470000 0.005075
v -0.018039 -0.470000 0.013448
v -0.014519 -0.470000 0.009758
v -0.019880 -0.470000 0.010537
v -0.015040 -0.470000 -0.008934
v 0.015710 -0.470000 0.007694
v -0.004892 -0.470000 -0.021962
v -0.001483 -0.470000 -0.022451
v -0.001191 -0.470000 -0.017452
v -0.011291 -0.470000 -0.019462
v -0.009165 -0.470000 -0.014900
v -0.008188 -0.470000 -0.020957
v -0.006657 -0.470000 -0.016177
v -0.003975 -0.470000 -0.017035
v 0.037872 -0.239385 0.053990
v 0.040846 -0.278616 0.050587
v 0.037304 -0.278616 0.053253
v 0.042582 -0.278616 0.049135
v 0.032120 -0.239385 0.057598
v 0.031631 -0.278616 0.056806
v 0.026028 -0.239385 0.060595
v 0.025622 -0.278616 0.059757
v 0.019659 -0.239385 0.062950
v 0.021660 -0.278616 0.061305
v 0.019342 -0.278616 0.062075
v 0.013082 -0.239385 0.064638
v 0.012857 -0.278616 0.063735
v 0.006367 -0.239385 0.065641
v 0.010988 -0.278616 0.064084
v 0.006235 -0.278616 0.064719
v -0.000416 -0.239385 0.065947
v 0.000000 -0.278616 0.065019
v -0.000452 -0.278616 0.065017
v -0.007195 -0.239385 0.065555
v -0.007135 -0.278616 0.064626
v -0.013897 -0.239385 0.064468
v -0.010988 -0.278616 0.064084
v -0.013742 -0.278616 0.063550
v -0.020452 -0.239385 0.062697
v -0.020203 -0.278616 0.061800
v -0.026790 -0.239385 0.060262
v -0.021660 -0.278616 0.061305
v -0.026451 -0.278616 0.059395
v -0.032844 -0.239385 0.057188
v -0.031709 -0.278616 0.056762
v -0.032418 -0.278616 0.056361
v -0.038550 -0.239385 0.053508
v -0.038041 -0.278616 0.052729
v -0.043848 -0.239385 0.049260
v -0.040846 -0.278616 0.050587
v -0.043261 -0.278616 0.048538
v -0.048681 -0.239385 0.044491
v -0.048022 -0.278616 0.043833
v -0.052997 -0.239385 0.039250
v -0.048808 -0.278616 0.042956
v -0.052275 -0.278616 0.038663
v -0.056752 -0.239385 0.033592
v -0.055365 -0.278616 0.034090
v -0.055973 -0.278616 0.033083
v -0.059905 -0.239385 0.027579
v -0.059078 -0.278616 0.027152
v -0.062423 -0.239385 0.021273
v -0.060330 -0.278616 0.024243
v -0.061557 -0.278616 0.020934
v -0.064280 -0.239385 0.014742
v -0.063383 -0.278616 0.014494
v -0.065455 -0.239385 0.008055
v -0.063559 -0.278616 0.013698
v -0.064537 -0.278616 0.007900
v -0.065936 -0.239385 0.001282
v -0.064960 -0.278616 0.002759
v -0.065007 -0.278616 0.001222
v -0.065719 -0.239385 -0.005504
v -0.064788 -0.278616 -0.005469
v -0.064804 -0.239385 -0.012232
v -0.064492 -0.278616 -0.008259
v -0.063883 -0.278616 -0.012101
v -0.063203 -0.239385 -0.018831
v -0.062300 -0.278616 -0.018606
v -0.060932 -0.239385 -0.025230
v -0.062169 -0.278616 -0.019039
v -0.060057 -0.278616 -0.024913
v -0.058015 -0.239385 -0.031361
v -0.058057 -0.278616 -0.029272
v -0.057177 -0.278616 -0.030956
v -0.054483 -0.239385 -0.037160
v -0.053691 -0.278616 -0.036671
v -0.050373 -0.239385 -0.042565
v -0.052275 -0.278616 -0.038662
v -0.049636 -0.278616 -0.041997
v -0.045730 -0.239385 -0.047519
v -0.045054 -0.278616 -0.046878
v -0.040601 -0.239385 -0.051969
v -0.039996 -0.278616 -0.051262
v -0.035043 -0.239385 -0.055868
v -0.036409 -0.278616 -0.053869
v -0.034513 -0.278616 -0.055103
v -0.029112 -0.239385 -0.059175
v -0.028664 -0.278616 -0.058359
v -0.022874 -0.239385 -0.061855
v -0.026781 -0.278616 -0.059247
v -0.022512 -0.278616 -0.060997
v -0.016392 -0.239385 -0.063879
v -0.016121 -0.278616 -0.062989
v -0.009738 -0.239385 -0.065226
v -0.009559 -0.278616 -0.064312
v -0.002979 -0.239385 -0.065881
v -0.005514 -0.278616 -0.064785
v -0.002895 -0.278616 -0.064954
v 0.003810 -0.239385 -0.065839
v 0.003799 -0.278616 -0.064908
v 0.010560 -0.239385 -0.065098
v 0.005514 -0.278616 -0.064785
v 0.010452 -0.278616 -0.064173
v 0.017197 -0.239385 -0.063667
v 0.016383 -0.278616 -0.062921
v 0.016995 -0.278616 -0.062758
v 0.023652 -0.239385 -0.061561
v 0.023358 -0.278616 -0.060678
v 0.029857 -0.239385 -0.058803
v 0.026781 -0.278616 -0.059247
v 0.029473 -0.278616 -0.057955
v 0.035745 -0.239385 -0.055421
v 0.035276 -0.278616 -0.054617
v 0.041254 -0.239385 -0.051452
v 0.036409 -0.278616 -0.053869
v 0.040705 -0.278616 -0.050701
v 0.046326 -0.239385 -0.046938
v 0.044989 -0.278616 -0.046941
v 0.045702 -0.278616 -0.046247
v 0.050906 -0.239385 -0.041926
v 0.050215 -0.278616 -0.041302
v 0.054947 -0.239385 -0.036469
v 0.052275 -0.278616 -0.038662
v 0.054196 -0.278616 -0.035920
v 0.058406 -0.239385 -0.030626
v 0.057602 -0.278616 -0.030157
v 0.061245 -0.239385 -0.024459
v 0.058057 -0.278616 -0.029272
v 0.060397 -0.278616 -0.024075
v 0.063436 -0.239385 -0.018032
v 0.062169 -0.278616 -0.019039
v 0.062553 -0.278616 -0.017737
v 0.064954 -0.239385 -0.011414
v 0.064045 -0.278616 -0.011211
v 0.065783 -0.239385 -0.004675
v 0.064492 -0.278616 -0.008259
v 0.064858 -0.278616 -0.004567
v 0.065915 -0.239385 0.002114
v 0.065019 -0.278616 0.000000
v 0.064984 -0.278616 0.002126
v 0.065348 -0.239385 0.008880
v 0.064960 -0.278616 0.002759
v 0.064421 -0.278616 0.008797
v 0.064089 -0.239385 0.015552
v 0.063559 -0.278616 0.013698
v 0.063175 -0.278616 0.015374
v 0.062150 -0.239385 0.022060
v 0.061259 -0.278616 0.021788
v 0.059552 -0.239385 0.028333
v 0.060330 -0.278616 0.024243
v 0.058694 -0.278616 0.027971
v 0.056323 -0.239385 0.034306
v 0.055507 -0.278616 0.033858
v 0.052498 -0.239385 0.039915
v 0.051732 -0.278616 0.039386
v 0.048115 -0.239385 0.045102
v 0.048808 -0.278616 0.042956
v 0.047408 -0.278616 0.044496
v 0.043223 -0.239385 0.049810
v 0.028369 -0.160000 0.063981
v 0.021640 -0.160000 0.066559
v 0.014682 -0.160000 0.068431
v 0.007568 -0.160000 0.069578
v 0.000374 -0.160000 0.069988
v -0.006824 -0.160000 0.069655
v -0.013950 -0.160000 0.068584
v -0.020928 -0.160000 0.066786
v -0.027684 -0.160000 0.064280
v -0.034147 -0.160000 0.061093
v -0.040247 -0.160000 0.057258
v -0.045922 -0.160000 0.052817
v -0.051109 -0.160000 0.047815
v -0.055754 -0.160000 0.042307
v -0.059809 -0.160000 0.036350
v -0.063229 -0.160000 0.030007
v -0.065980 -0.160000 0.023347
v -0.068030 -0.160000 0.016439
v -0.069360 -0.160000 0.009357
v -0.069955 -0.160000 0.002176
v -0.069808 -0.160000 -0.005029
v -0.068921 -0.160000 -0.012180
v -0.067303 -0.160000 -0.019201
v -0.064972 -0.160000 -0.026020
v -0.061952 -0.160000 -0.032562
v -0.058276 -0.160000 -0.038760
v -0.053982 -0.160000 -0.044546
v -0.049115 -0.160000 -0.049861
v -0.043728 -0.160000 -0.054647
v -0.037878 -0.160000 -0.058853
v -0.031625 -0.160000 -0.062436
v -0.025038 -0.160000 -0.065357
v -0.018185 -0.160000 -0.067585
v -0.011140 -0.160000 -0.069096
v -0.003976 -0.160000 -0.069875
v 0.003229 -0.160000 -0.069914
v 0.010401 -0.160000 -0.069211
v 0.017462 -0.160000 -0.067775
v 0.024338 -0.160000 -0.065620
v 0.030957 -0.160000 -0.062770
v 0.037247 -0.160000 -0.059254
v 0.043142 -0.160000 -0.055111
v 0.048580 -0.160000 -0.050383
v 0.053503 -0.160000 -0.045121
v 0.057858 -0.160000 -0.039380
v 0.061601 -0.160000 -0.033223
v 0.064690 -0.160000 -0.026713
v 0.067094 -0.160000 -0.019920
v 0.068787 -0.160000 -0.012915
v 0.069989 -0.160000 0.000000
v 0.069750 -0.160000 -0.005774
v 0.069974 -0.160000 0.001428
v 0.069456 -0.160000 0.008615
v 0.068202 -0.160000 0.015711
v 0.066225 -0.160000 0.022641
v 0.063546 -0.160000 0.029330
v 0.060194 -0.160000 0.035709
v 0.056203 -0.160000 0.041708
v 0.051617 -0.160000 0.047266
v 0.046483 -0.160000 0.052323
v 0.040857 -0.160000 0.056825
v 0.034798 -0.160000 0.060725
v 0.000000 -0.278616 0.065019
v 0.006235 -0.278616 0.064719
v 0.002463 -0.338367 0.030063
v 0.010988 -0.278616 0.064084
v 0.005098 -0.338367 0.029730
v 0.012857 -0.278616 0.063735
v 0.007254 -0.338367 0.029279
v 0.019342 -0.278616 0.062075
v 0.010049 -0.338367 0.028441
v 0.021660 -0.278616 0.061305
v 0.025622 -0.278616 0.059757
v 0.011856 -0.338367 0.027736
v 0.031631 -0.278616 0.056806
v 0.014711 -0.338367 0.026334
v 0.037304 -0.278616 0.053253
v 0.016152 -0.338367 0.025475
v 0.040846 -0.278616 0.050587
v 0.018950 -0.338367 0.023469
v 0.042582 -0.278616 0.049135
v 0.020029 -0.338367 0.022554
v 0.047408 -0.278616 0.044496
v 0.022643 -0.338367 0.019929
v 0.048808 -0.278616 0.042956
v 0.051732 -0.278616 0.039386
v 0.023388 -0.338367 0.019049
v 0.055507 -0.278616 0.033858
v 0.025686 -0.338367 0.015815
v 0.058694 -0.278616 0.027971
v 0.027989 -0.338367 0.011247
v 0.026141 -0.338367 0.015051
v 0.060330 -0.278616 0.024243
v 0.061259 -0.278616 0.021788
v 0.028217 -0.338367 0.010663
v 0.063175 -0.278616 0.015374
v 0.029487 -0.338367 0.006355
v 0.063559 -0.278616 0.013698
v 0.064421 -0.278616 0.008797
v 0.064960 -0.278616 0.002759
v 0.030141 -0.338367 0.001179
v 0.029562 -0.338367 0.005998
v 0.064492 -0.278616 -0.008259
v 0.029920 -0.338367 -0.003831
v 0.029940 -0.338367 -0.003671
v 0.065019 -0.278616 0.000000
v 0.064858 -0.278616 -0.004567
v 0.064984 -0.278616 0.002126
v 0.064045 -0.278616 -0.011211
v 0.062553 -0.278616 -0.017737
v 0.028963 -0.338367 -0.008427
v 0.062169 -0.278616 -0.019039
v 0.028842 -0.338367 -0.008833
v 0.060397 -0.278616 -0.024075
v 0.027236 -0.338367 -0.012964
v 0.058057 -0.278616 -0.029272
v 0.026934 -0.338367 -0.013580
v 0.054196 -0.278616 -0.035920
v 0.024804 -0.338367 -0.017165
v 0.057602 -0.278616 -0.030157
v 0.052275 -0.278616 -0.038662
v 0.024252 -0.338367 -0.017937
v 0.050215 -0.278616 -0.041302
v 0.045702 -0.278616 -0.046247
v 0.021730 -0.338367 -0.020921
v 0.044989 -0.278616 -0.046941
v 0.020872 -0.338367 -0.021777
v 0.040705 -0.278616 -0.050701
v 0.018092 -0.338367 -0.024136
v 0.036409 -0.278616 -0.053869
v 0.016891 -0.338367 -0.024991
v 0.035276 -0.278616 -0.054617
v 0.029473 -0.278616 -0.057955
v 0.013986 -0.338367 -0.026726
v 0.026781 -0.278616 -0.059247
v 0.012425 -0.338367 -0.027486
v 0.023358 -0.278616 -0.060678
v 0.009518 -0.338367 -0.028623
v 0.016995 -0.278616 -0.062758
v 0.007601 -0.338367 -0.029191
v 0.016383 -0.278616 -0.062921
v 0.010452 -0.278616 -0.064173
v 0.004803 -0.338367 -0.029779
v 0.005514 -0.278616 -0.064785
v 0.002558 -0.338367 -0.030055
v 0.003799 -0.278616 -0.064908
v 0.000000 -0.338367 -0.030164
v -0.002895 -0.278616 -0.064954
v -0.000036 -0.338367 -0.030164
v -0.005514 -0.278616 -0.064785
v -0.002558 -0.338367 -0.030055
v -0.009559 -0.278616 -0.064312
v -0.004874 -0.338367 -0.029768
v -0.016121 -0.278616 -0.062989
v -0.007601 -0.338367 -0.029191
v -0.022512 -0.278616 -0.060997
v -0.009586 -0.338367 -0.028600
v -0.026781 -0.278616 -0.059247
v -0.012425 -0.338367 -0.027486
v -0.028664 -0.278616 -0.058359
v -0.014050 -0.338367 -0.026692
v -0.034513 -0.278616 -0.055103
v -0.016891 -0.338367 -0.024991
v -0.036409 -0.278616 -0.053869
v -0.039996 -0.278616 -0.051262
v -0.018150 -0.338367 -0.024093
v -0.045054 -0.278616 -0.046878
v -0.020872 -0.338367 -0.021777
v -0.049636 -0.278616 -0.041997
v -0.021779 -0.338367 -0.020870
v -0.052275 -0.278616 -0.038662
v -0.024252 -0.338367 -0.017937
v -0.053691 -0.278616 -0.036671
v -0.024845 -0.338367 -0.017106
v -0.057177 -0.278616 -0.030956
v -0.026934 -0.338367 -0.013580
v -0.058057 -0.278616 -0.029272
v -0.060057 -0.278616 -0.024913
v -0.027267 -0.338367 -0.012899
v -0.062169 -0.278616 -0.019039
v -0.028842 -0.338367 -0.008833
v -0.062300 -0.278616 -0.018606
v -0.028983 -0.338367 -0.008358
v -0.063883 -0.278616 -0.012101
v -0.029920 -0.338367 -0.003831
v -0.064492 -0.278616 -0.008259
v -0.064788 -0.278616 -0.005469
v -0.029949 -0.338367 -0.003600
v -0.065007 -0.278616 0.001222
v -0.030138 -0.338367 0.001250
v -0.064960 -0.278616 0.002759
v -0.063559 -0.278616 0.013698
v -0.029487 -0.338367 0.006355
v -0.029547 -0.338367 0.006069
v -0.064537 -0.278616 0.007900
v -0.061557 -0.278616 0.020934
v -0.028191 -0.338367 0.010730
v -0.063383 -0.278616 0.014494
v -0.060330 -0.278616 0.024243
v -0.027989 -0.338367 0.011247
v -0.059078 -0.278616 0.027152
v -0.055973 -0.278616 0.033083
v -0.026105 -0.338367 0.015113
v -0.055365 -0.278616 0.034090
v -0.025686 -0.338367 0.015815
v -0.052275 -0.278616 0.038663
v -0.023343 -0.338367 0.019105
v -0.048808 -0.278616 0.042956
v -0.022643 -0.338367 0.019929
v -0.048022 -0.278616 0.043833
v -0.043261 -0.278616 0.048538
v -0.019976 -0.338367 0.022602
v -0.040846 -0.278616 0.050587
v -0.018950 -0.338367 0.023469
v -0.038041 -0.278616 0.052729
v -0.032418 -0.278616 0.056361
v -0.016091 -0.338367 0.025514
v -0.014711 -0.338367 0.026334
v -0.031709 -0.278616 0.056762
v -0.026451 -0.278616 0.059395
v -0.011790 -0.338367 0.027764
v -0.021660 -0.278616 0.061305
v -0.010049 -0.338367 0.028441
v -0.020203 -0.278616 0.061800
v -0.013742 -0.278616 0.063550
v -0.007184 -0.338367 0.029296
v -0.010988 -0.278616 0.064084
v -0.005098 -0.338367 0.029730
v -0.007135 -0.278616 0.064626
v -0.002391 -0.338367 0.030069
v -0.000452 -0.278616 0.065017
v 0.000000 -0.338367 0.030164
v -0.000503 -0.445799 0.019027
v 0.002555 -0.445799 0.018861
v -0.000217 -0.470000 0.017492
v -0.003549 -0.445799 0.018700
v -0.003020 -0.470000 0.017230
v -0.006503 -0.445799 0.017888
v -0.005745 -0.470000 0.016523
v -0.009288 -0.445799 0.016614
v -0.008321 -0.470000 0.015387
v -0.011833 -0.445799 0.014909
v -0.010681 -0.470000 0.013853
v -0.014071 -0.445799 0.012817
v -0.012765 -0.470000 0.011960
v -0.015945 -0.445799 0.010394
v -0.014519 -0.470000 0.009758
v -0.017406 -0.445799 0.007702
v -0.015896 -0.470000 0.007303
v -0.018416 -0.445799 0.004810
v -0.016861 -0.470000 0.004658
v -0.018949 -0.445799 0.001794
v -0.017390 -0.470000 0.001893
v -0.018991 -0.445799 -0.001269
v -0.017469 -0.470000 -0.000921
v -0.018542 -0.445799 -0.004299
v -0.017095 -0.470000 -0.003711
v -0.017612 -0.445799 -0.007218
v -0.016278 -0.470000 -0.006405
v -0.016226 -0.445799 -0.009949
v -0.015040 -0.470000 -0.008934
v -0.014420 -0.445799 -0.012423
v -0.013412 -0.470000 -0.011230
v -0.012240 -0.445799 -0.014575
v -0.011437 -0.470000 -0.013236
v -0.009744 -0.445799 -0.016350
v -0.009165 -0.470000 -0.014900
v -0.006995 -0.445799 -0.017702
v -0.006657 -0.470000 -0.016177
v -0.004065 -0.445799 -0.018594
v -0.003975 -0.470000 -0.017035
v -0.001029 -0.445799 -0.019006
v -0.001191 -0.470000 -0.017452
v 0.000000 -0.470000 -0.017493
v 0.002033 -0.445799 -0.018925
v 0.001624 -0.470000 -0.017417
v 0.005042 -0.445799 -0.018354
v 0.004397 -0.470000 -0.016931
v 0.007921 -0.445799 -0.017307
v 0.007056 -0.470000 -0.016007
v 0.010595 -0.445799 -0.015812
v 0.009532 -0.470000 -0.014668
v 0.012994 -0.445799 -0.013908
v 0.011761 -0.470000 -0.012949
v 0.015057 -0.445799 -0.011644
v 0.013686 -0.470000 -0.010895
v 0.016729 -0.445799 -0.009078
v 0.015257 -0.470000 -0.008558
v 0.017969 -0.445799 -0.006276
v 0.016432 -0.470000 -0.006000
v 0.018743 -0.445799 -0.003313
v 0.017182 -0.470000 -0.003286
v 0.019032 -0.445799 -0.000263
v 0.017486 -0.470000 -0.000488
v 0.018827 -0.445799 0.002793
v 0.017338 -0.470000 0.002324
v 0.018136 -0.445799 0.005777
v 0.016741 -0.470000 0.005075
v 0.016974 -0.445799 0.008611
v 0.015710 -0.470000 0.007694
v 0.015373 -0.445799 0.011223
v 0.014272 -0.470000 0.010115
v 0.013374 -0.445799 0.013543
v 0.012465 -0.470000 0.012273
v 0.011028 -0.445799 0.015513
v 0.010335 -0.470000 0.014114
v 0.008397 -0.445799 0.017081
v 0.007937 -0.470000 0.015589
v 0.005548 -0.445799 0.018207
v 0.005333 -0.470000 0.016660
v 0.002592 -0.470000 0.017300
v 0.002743 -0.415929 0.021376
v -0.000722 -0.415929 0.021539
v -0.004168 -0.415929 0.021144
v -0.007505 -0.415929 0.020202
v -0.010649 -0.415929 0.018736
v -0.013516 -0.415929 0.016785
v -0.016034 -0.415929 0.014400
v -0.018136 -0.415929 0.011641
v -0.019769 -0.415929 0.008581
v -0.020889 -0.415929 0.005299
v -0.021469 -0.415929 0.001880
v -0.021492 -0.415929 -0.001589
v -0.020959 -0.415929 -0.005016
v -0.019883 -0.415929 -0.008313
v -0.018292 -0.415929 -0.011395
v -0.016228 -0.415929 -0.014181
v -0.013743 -0.415929 -0.016601
v -0.010902 -0.415929 -0.018590
v -0.007778 -0.415929 -0.020098
v -0.004454 -0.415929 -0.021086
v -0.001014 -0.415929 -0.021527
v 0.002453 -0.415929 -0.021411
v 0.005855 -0.415929 -0.020740
v 0.009107 -0.415929 -0.019532
v 0.012122 -0.415929 -0.017819
v 0.014823 -0.415929 -0.015643
v 0.017141 -0.415929 -0.013063
v 0.019014 -0.415929 -0.010144
v 0.020395 -0.415929 -0.006963
v 0.021248 -0.415929 -0.003601
v 0.021550 -0.415929 -0.000146
v 0.021295 -0.415929 0.003313
v 0.020488 -0.415929 0.006686
v 0.019150 -0.415929 0.009886
v 0.017316 -0.415929 0.012830
v 0.015034 -0.415929 0.015441
v 0.012362 -0.415929 0.017653
v 0.009370 -0.415929 0.019407
v 0.006136 -0.415929 0.020659
v 0.006536 -0.382732 0.024078
v 0.002589 -0.382732 0.024814
v -0.001425 -0.382732 0.024908
v -0.005402 -0.382732 0.024357
v -0.009239 -0.382732 0.023175
v -0.012837 -0.382732 0.021393
v -0.016102 -0.382732 0.019057
v -0.018951 -0.382732 0.016227
v -0.021308 -0.382732 0.012977
v -0.023114 -0.382732 0.009391
v -0.024321 -0.382732 0.005561
v -0.024898 -0.382732 0.001588
v -0.024831 -0.382732 -0.002427
v -0.024120 -0.382732 -0.006378
v -0.022784 -0.382732 -0.010165
v -0.020859 -0.382732 -0.013688
v -0.018393 -0.382732 -0.016857
v -0.015451 -0.382732 -0.019589
v -0.012108 -0.382732 -0.021814
v -0.008453 -0.382732 -0.023474
v -0.004578 -0.382732 -0.024525
v -0.000584 -0.382732 -0.024942
v 0.003424 -0.382732 -0.024713
v 0.007344 -0.382732 -0.023844
v 0.011074 -0.382732 -0.022357
v 0.014517 -0.382732 -0.020291
v 0.017584 -0.382732 -0.017699
v 0.020195 -0.382732 -0.014650
v 0.022284 -0.382732 -0.011220
v 0.023795 -0.382732 -0.007500
v 0.024690 -0.382732 -0.003586
v 0.024945 -0.382732 0.000421
v 0.024555 -0.382732 0.004417
v 0.023528 -0.382732 0.008298
v 0.021893 -0.382732 0.011965
v 0.019690 -0.382732 0.015322
v 0.016977 -0.382732 0.018282
v 0.013824 -0.382732 0.020769
v 0.010314 -0.382732 0.022717
v 0.011856 -0.338367 0.027736
v 0.014711 -0.338367 0.026334
v 0.007254 -0.338367 0.029279
v 0.010049 -0.338367 0.028441
v 0.002463 -0.338367 0.030063
v 0.005098 -0.338367 0.029730
v -0.002391 -0.338367 0.030069
v 0.000000 -0.338367 0.030164
v -0.007184 -0.338367 0.029296
v -0.005098 -0.338367 0.029730
v -0.011790 -0.338367 0.027764
v -0.010049 -0.338367 0.028441
v -0.016091 -0.338367 0.025514
v -0.014711 -0.338367 0.026334
v -0.019976 -0.338367 0.022602
v -0.018950 -0.338367 0.023469
v -0.023343 -0.338367 0.019105
v -0.022643 -0.338367 0.019929
v -0.026105 -0.338367 0.015113
v -0.025686 -0.338367 0.015815
v -0.028191 -0.338367 0.010730
v -0.027989 -0.338367 0.011247
v -0.029547 -0.338367 0.006069
v -0.029487 -0.338367 0.006355
v -0.030138 -0.338367 0.001250
v -0.029949 -0.338367 -0.003600
v -0.028983 -0.338367 -0.008358
v -0.029920 -0.338367 -0.003831
v -0.027267 -0.338367 -0.012899
v -0.028842 -0.338367 -0.008833
v -0.024845 -0.338367 -0.017106
v -0.026934 -0.338367 -0.013580
v -0.021779 -0.338367 -0.020870
v -0.024252 -0.338367 -0.017937
v -0.018150 -0.338367 -0.024093
v -0.020872 -0.338367 -0.021777
v -0.014050 -0.338367 -0.026692
v -0.016891 -0.338367 -0.024991
v -0.009586 -0.338367 -0.028600
v -0.012425 -0.338367 -0.027486
v -0.004874 -0.338367 -0.029768
v -0.007601 -0.338367 -0.029191
v -0.000036 -0.338367 -0.030164
v -0.002558 -0.338367 -0.030055
v 0.004803 -0.338367 -0.029779
v 0.002558 -0.338367 -0.030055
v 0.000000 -0.338367 -0.030164
v 0.009518 -0.338367 -0.028623
v 0.007601 -0.338367 -0.029191
v 0.013986 -0.338367 -0.026726
v 0.012425 -0.338367 -0.027486
v 0.018092 -0.338367 -0.024136
v 0.016891 -0.338367 -0.024991
v 0.021730 -0.338367 -0.020921
v 0.020872 -0.338367 -0.021777
v 0.024804 -0.338367 -0.017165
v 0.024252 -0.338367 -0.017937
v 0.027236 -0.338367 -0.012964
v 0.026934 -0.338367 -0.013580
v 0.028963 -0.338367 -0.008427
v 0.028842 -0.338367 -0.008833
v 0.029940 -0.338367 -0.003671
v 0.029920 -0.338367 -0.003831
v 0.030141 -0.338367 0.001179
v 0.029562 -0.338367 0.005998
v 0.028217 -0.338367 0.010663
v 0.029487 -0.338367 0.006355
v 0.026141 -0.338367 0.015051
v 0.027989 -0.338367 0.011247
v 0.023388 -0.338367 0.019049
v 0.025686 -0.338367 0.015815
v 0.020029 -0.338367 0.022554
v 0.022643 -0.338367 0.019929
v 0.016152 -0.338367 0.025475
v 0.018950 -0.338367 0.023469
vn 0.000 1.000 0.000
vn 0.000 1.000 0.000
vn 0.000 1.000 0.000
vn 0.000 1.000 0.000
vn 0.000 1.000 0.000
vn 0.000 1.000 0.000
vn 0.000 1.000 0.000
vn 0.000 1.000 0.000
vn 0.000 1.000 0.000
vn 0.000 1.000 0.000
vn 0.000 1.000 0.000
vn 0.000 1.000 0.000
vn 0.000 1.000 0.000
vn 0.000 1.000 0.000
vn 0.000 1.000 0.000
vn 0.000 1.000 0.000
vn 0.000 1.000 0.000
vn 0.000 1.000 0.000
vn 0.000 1.000 0.000
vn 0.000 1.000 0.000
vn 0.000 1.000 0.000
vn 0.000 1.000 0.000
vn 0.000 1.000 0.000
vn 0.000 1.000 0.000
vn 0.000 1.000 0.000
vn 0.000 1.000 0.000
vn 0.000 1.000 0.000
vn 0.000 1.000 0.000
vn 0.000 1.000 0.000
vn 0.000 1.000 0.000
vn 0.000 1.000 0.000
vn 0.000 1.000 0.000
vn 0.000 1.000 0.000
vn 0.000 1.000 0.000
vn 0.000 1.000 0.000
vn 0.000 1.000 0.000
vn 0.000 1.000 0.000
vn 0.000 1.000 0.000
vn 0.000 1.000 0.000
vn 0.000 1.000 0.000
vn 0.000 1.000 0.000
vn 0.000 1.000 0.000
vn 0.000 1.000 0.000
vn 0.000 1.000 0.000
vn 0.000 1.000 0.000
vn 0.000 1.000 0.000
vn 0.000 1.000 0.000
vn 0.000 1.000 0.000
vn 0.000 1.000 0.000
vn 0.000 1.000 0.000
vn 0.000 1.000 0.000
vn 0.000 1.000 0.000
vn 0.000 1.000 0.000
vn 0.000 1.000 0.000
vn 0.000 1.000 0.000
vn 0.000 1.000 0.000
vn 0.000 1.000 0.000
vn 0.000 1.000 0.000
vn 0.000 1.000 0.000
vn 0.000 1.000 0.000
vn 0.000 1.000 0.000
vn 0.000 1.000 0.000
vn 0.000 1.000 0.000
vn 0.000 1.000 0.000
vn 0.000 1.000 0.000
vn 0.000 1.000 0.000
vn 0.000 1.000 0.000
vn 0.000 1.000 0.000
vn 0.000 1.000 0.000
vn 0.000 1.000 0.000
vn 0.000 1.000 0.000
vn 0.000 1.000 0.000
vn 0.000 1.000 0.000
vn 0.000 1.000 0.000
vn 0.000 1.000 0.000
vn 0.000 1.000 0.000
vn 0.000 1.000 0.000
vn 0.000 1.000 0.000
vn 0.000 1.000 0.000
vn 0.000 1.000 0.000
vn 0.000 1.000 0.000
vn 0.000 1.000 0.000
vn 0.000 1.000 0.000
vn 0.000 1.000 0.000
vn 0.000 1.000 0.000
vn 0.000 1.000 0.000
vn 0.000 1.000 0.000
vn 0.000 1.000 0.000
vn 0.000 1.000 0.000
vn 0.000 1.000 0.000
vn 0.000 1.000 0.000
vn 0.000 1.000 0.000
vn 0.000 1.000 0.000
vn 0.000 1.000 0.000
vn 0.000 1.000 0.000
vn 0.000 1.000 0.000
vn 0.000 1.000 0.000
vn 0.000 1.000 0.000
vn 0.000 1.000 0.000
vn 0.000 1.000 0.000
vn 0.000 1.000 0.000
vn 0.000 1.000 0.000
vn 0.000 1.000 0.000
vn 0.000 1.000 0.000
vn 0.000 1.000 0.000
vn 0.000 1.000 0.000
vn 0.000 1.000 0.000
vn 0.000 1.000 0.000
vn 0.000 1.000 0.000
vn 0.000 1.000 0.000
vn 0.000 1.000 0.000
vn 0.000 1.000 0.000
vn 0.000 1.000 0.000
vn 0.000 1.000 0.000
vn 0.000 1.000 0.000
vn 0.000 1.000 0.000
vn 0.000 1.000 0.000
vn 0.000 1.000 0.000
vn 0.000 1.000 0.000
vn 0.000 1.000 0.000
vn 0.000 1.000 0.000
vn 0.000 1.000 0.000
vn 0.000 1.000 0.000
vn 0.000 1.000 0.000
vn 0.000 1.000 0.000
vn 0.404 -0.068 0.912
vn 0.311 -0.068 0.948
vn 0.445 -0.042 0.894
vn 0.215 -0.068 0.974
vn 0.354 -0.042 0.934
vn 0.117 -0.068 0.991
vn 0.259 -0.042 0.965
vn 0.018 -0.068 0.998
vn 0.162 -0.042 0.986
vn -0.082 -0.068 0.994
vn 0.063 -0.042 0.997
vn -0.180 -0.068 0.981
vn -0.037 -0.042 0.998
vn -0.277 -0.068 0.958
vn -0.136 -0.042 0.990
vn -0.371 -0.068 0.926
vn -0.234 -0.042 0.971
vn -0.462 -0.068 0.884
vn -0.329 -0.042 0.943
vn -0.547 -0.068 0.834
vn -0.421 -0.042 0.906
vn -0.628 -0.068 0.775
vn -0.510 -0.042 0.859
vn -0.702 -0.068 0.709
vn -0.593 -0.042 0.804
vn -0.769 -0.068 0.636
vn -0.670 -0.042 0.741
vn -0.828 -0.068 0.556
vn -0.740 -0.042 0.671
vn -0.880 -0.068 0.471
vn -0.803 -0.042 0.594
vn -0.922 -0.068 0.381
vn -0.859 -0.042 0.511
vn -0.955 -0.068 0.287
vn -0.905 -0.042 0.423
vn -0.979 -0.068 0.191
vn -0.943 -0.042 0.331
vn -0.993 -0.068 0.092
vn -0.971 -0.042 0.235
vn -0.998 -0.068 -0.007
vn -0.990 -0.042 0.137
vn -0.992 -0.068 -0.107
vn -0.998 -0.042 0.038
vn -0.976 -0.068 -0.205
vn -0.997 -0.042 -0.061
vn -0.951 -0.068 -0.301
vn -0.986 -0.042 -0.160
vn -0.917 -0.068 -0.394
vn -0.965 -0.042 -0.258
vn -0.873 -0.068 -0.484
vn -0.935 -0.042 -0.353
vn -0.820 -0.068 -0.568
vn -0.895 -0.042 -0.444
vn -0.760 -0.068 -0.647
vn -0.846 -0.042 -0.531
vn -0.691 -0.068 -0.719
vn -0.789 -0.042 -0.612
vn -0.616 -0.068 -0.785
vn -0.724 -0.042 -0.688
vn -0.535 -0.068 -0.842
vn -0.652 -0.042 -0.757
vn -0.449 -0.068 -0.891
vn -0.574 -0.042 -0.818
vn -0.358 -0.068 -0.931
vn -0.489 -0.042 -0.871
vn -0.263 -0.068 -0.962
vn -0.400 -0.042 -0.915
vn -0.166 -0.068 -0.984
vn -0.307 -0.042 -0.951
vn -0.067 -0.068 -0.995
vn -0.211 -0.042 -0.977
vn 0.032 -0.068 -0.997
vn -0.113 -0.042 -0.993
vn 0.131 -0.068 -0.989
vn -0.013 -0.042 -0.999
vn 0.229 -0.068 -0.971
vn 0.086 -0.042 -0.995
vn 0.325 -0.068 -0.943
vn 0.185 -0.042 -0.982
vn 0.417 -0.068 -0.906
vn 0.282 -0.042 -0.959
vn 0.505 -0.068 -0.860
vn 0.376 -0.042 -0.926
vn 0.588 -0.068 -0.806
vn 0.466 -0.042 -0.884
vn 0.666 -0.068 -0.743
vn 0.552 -0.042 -0.833
vn 0.736 -0.068 -0.673
vn 0.632 -0.042 -0.774
vn 0.800 -0.068 -0.597
vn 0.706 -0.042 -0.707
vn 0.855 -0.068 -0.514
vn 0.773 -0.042 -0.633
vn 0.902 -0.068 -0.426
vn 0.832 -0.042 -0.553
vn 0.940 -0.068 -0.334
vn 0.883 -0.042 -0.468
vn 0.969 -0.068 -0.239
vn 0.925 -0.042 -0.377
vn 0.988 -0.068 -0.142
vn 0.958 -0.042 -0.283
vn 0.997 -0.068 -0.042
vn 0.982 -0.042 -0.187
vn 0.996 -0.068 0.057
vn 0.995 -0.042 -0.088
vn 0.985 -0.068 0.156
vn 0.999 -0.042 0.012
vn 0.965 -0.068 0.253
vn 0.993 -0.042 0.111
vn 0.935 -0.068 0.348
vn 0.977 -0.042 0.209
vn 0.896 -0.068 0.439
vn 0.951 -0.042 0.306
vn 0.848 -0.068 0.526
vn 0.916 -0.042 0.399
vn 0.791 -0.068 0.608
vn 0.872 -0.042 0.488
vn 0.726 -0.068 0.684
vn 0.819 -0.042 0.572
vn 0.655 -0.068 0.753
vn 0.758 -0.042 0.651
vn 0.576 -0.068 0.814
vn 0.689 -0.042 0.723
vn 0.493 -0.068 0.868
vn 0.614 -0.042 0.788
vn 0.532 -0.042 0.846
vn 0.579 -0.014 0.815
vn 0.614 -0.014 0.789
vn 0.495 -0.014 0.869
vn 0.406 -0.014 0.914
vn 0.476 -0.014 0.879
vn 0.313 -0.014 0.950
vn 0.325 -0.014 0.946
vn 0.217 -0.014 0.976
vn 0.119 -0.014 0.993
vn 0.165 -0.014 0.986
vn 0.019 -0.014 1.000
vn -0.080 -0.014 0.997
vn 0.000 -0.014 1.000
vn -0.179 -0.014 0.984
vn -0.165 -0.014 0.986
vn -0.276 -0.014 0.961
vn -0.370 -0.014 0.929
vn -0.325 -0.014 0.946
vn -0.461 -0.014 0.887
vn -0.547 -0.014 0.837
vn -0.476 -0.014 0.879
vn -0.628 -0.014 0.778
vn -0.614 -0.014 0.789
vn -0.702 -0.014 0.712
vn -0.770 -0.014 0.638
vn -0.736 -0.014 0.677
vn -0.829 -0.014 0.559
vn -0.881 -0.014 0.473
vn -0.837 -0.014 0.547
vn -0.924 -0.014 0.383
vn -0.916 -0.014 0.402
vn -0.957 -0.014 0.289
vn -0.981 -0.014 0.193
vn -0.969 -0.014 0.245
vn -0.995 -0.014 0.094
vn -1.000 -0.014 -0.006
vn -0.996 -0.014 0.083
vn -0.994 -0.014 -0.105
vn -0.996 -0.014 -0.083
vn -0.979 -0.014 -0.204
vn -0.954 -0.014 -0.300
vn -0.969 -0.014 -0.245
vn -0.919 -0.014 -0.393
vn -0.875 -0.014 -0.483
vn -0.916 -0.014 -0.402
vn -0.823 -0.014 -0.568
vn -0.837 -0.014 -0.547
vn -0.762 -0.014 -0.647
vn -0.694 -0.014 -0.720
vn -0.736 -0.014 -0.677
vn -0.619 -0.014 -0.785
vn -0.538 -0.014 -0.843
vn -0.614 -0.014 -0.789
vn -0.451 -0.014 -0.892
vn -0.476 -0.014 -0.879
vn -0.360 -0.014 -0.933
vn -0.265 -0.014 -0.964
vn -0.325 -0.014 -0.946
vn -0.168 -0.014 -0.986
vn -0.069 -0.014 -0.998
vn -0.165 -0.014 -0.986
vn 0.030 -0.014 -0.999
vn 0.000 -0.014 -1.000
vn 0.130 -0.014 -0.991
vn 0.228 -0.014 -0.974
vn 0.165 -0.014 -0.986
vn 0.324 -0.014 -0.946
vn 0.416 -0.014 -0.909
vn 0.505 -0.014 -0.863
vn 0.476 -0.014 -0.879
vn 0.588 -0.014 -0.809
vn 0.666 -0.014 -0.746
vn 0.614 -0.014 -0.789
vn 0.737 -0.014 -0.676
vn 0.800 -0.014 -0.599
vn 0.856 -0.014 -0.517
vn 0.837 -0.014 -0.547
vn 0.903 -0.014 -0.429
vn 0.941 -0.014 -0.337
vn 0.916 -0.014 -0.402
vn 0.970 -0.014 -0.241
vn 0.969 -0.014 -0.245
vn 0.990 -0.014 -0.144
vn 0.999 -0.014 -0.044
vn 0.996 -0.014 -0.083
vn 0.998 -0.014 0.055
vn 0.988 -0.014 0.154
vn 0.996 -0.014 0.083
vn 0.968 -0.014 0.252
vn 0.969 -0.014 0.245
vn 0.938 -0.014 0.347
vn 0.898 -0.014 0.439
vn 0.916 -0.014 0.402
vn 0.850 -0.014 0.526
vn 0.794 -0.014 0.608
vn 0.837 -0.014 0.547
vn 0.729 -0.014 0.684
vn 0.736 -0.014 0.677
vn 0.657 -0.014 0.753
vn 0.103 -0.504 0.858
vn 0.088 -0.504 0.859
vn 0.142 -0.504 0.852
vn 0.017 -0.504 0.864
vn 0.000 -0.504 0.864
vn 0.000 -0.504 0.864
vn 0.271 -0.504 0.820
vn 0.188 -0.504 0.843
vn 0.219 -0.504 0.836
vn 0.280 -0.504 0.817
vn 0.280 -0.504 0.817
vn 0.142 -0.504 0.852
vn 0.351 -0.504 0.789
vn 0.344 -0.504 0.793
vn 0.411 -0.504 0.760
vn 0.500 -0.504 0.704
vn 0.428 -0.504 0.750
vn 0.461 -0.504 0.731
vn 0.531 -0.504 0.682
vn 0.531 -0.504 0.682
vn 0.411 -0.504 0.760
vn 0.630 -0.504 0.591
vn 0.568 -0.504 0.651
vn 0.567 -0.504 0.652
vn 0.636 -0.504 0.585
vn 0.636 -0.504 0.585
vn 0.686 -0.504 0.525
vn 0.660 -0.504 0.558
vn 0.723 -0.504 0.472
vn 0.776 -0.504 0.379
vn 0.735 -0.504 0.454
vn 0.737 -0.504 0.451
vn 0.791 -0.504 0.347
vn 0.791 -0.504 0.347
vn 0.723 -0.504 0.472
vn 0.810 -0.504 0.300
vn 0.797 -0.504 0.333
vn 0.837 -0.504 0.212
vn 0.837 -0.504 0.212
vn 0.836 -0.504 0.218
vn 0.839 -0.504 0.207
vn 0.861 -0.504 0.071
vn 0.853 -0.504 0.133
vn 0.860 -0.504 0.077
vn 0.861 -0.504 -0.071
vn 0.863 -0.504 -0.038
vn 0.862 -0.504 -0.055
vn 0.862 -0.504 0.048
vn 0.861 -0.504 0.071
vn 0.837 -0.504 -0.212
vn 0.837 -0.504 -0.212
vn 0.838 -0.504 -0.209
vn 0.855 -0.504 -0.124
vn 0.861 -0.504 -0.071
vn 0.843 -0.504 -0.186
vn 0.791 -0.504 -0.347
vn 0.813 -0.504 -0.291
vn 0.805 -0.504 -0.313
vn 0.740 -0.504 -0.446
vn 0.748 -0.504 -0.432
vn 0.723 -0.504 -0.472
vn 0.780 -0.504 -0.370
vn 0.791 -0.504 -0.347
vn 0.636 -0.504 -0.584
vn 0.691 -0.504 -0.518
vn 0.673 -0.504 -0.541
vn 0.723 -0.504 -0.472
vn 0.575 -0.504 -0.644
vn 0.583 -0.504 -0.638
vn 0.531 -0.504 -0.682
vn 0.636 -0.504 -0.585
vn 0.436 -0.504 -0.746
vn 0.508 -0.504 -0.699
vn 0.478 -0.504 -0.719
vn 0.411 -0.504 -0.760
vn 0.411 -0.504 -0.760
vn 0.531 -0.504 -0.682
vn 0.360 -0.504 -0.785
vn 0.363 -0.504 -0.784
vn 0.280 -0.504 -0.817
vn 0.197 -0.504 -0.841
vn 0.239 -0.504 -0.830
vn 0.142 -0.504 -0.852
vn 0.280 -0.504 -0.817
vn 0.026 -0.504 -0.863
vn 0.112 -0.504 -0.856
vn 0.110 -0.504 -0.857
vn 0.000 -0.504 -0.864
vn 0.000 -0.504 -0.864
vn 0.142 -0.504 -0.852
vn -0.060 -0.504 -0.862
vn -0.022 -0.504 -0.863
vn -0.142 -0.504 -0.852
vn -0.229 -0.504 -0.833
vn -0.145 -0.504 -0.851
vn -0.154 -0.504 -0.850
vn -0.282 -0.504 -0.816
vn -0.280 -0.504 -0.817
vn -0.142 -0.504 -0.852
vn -0.411 -0.504 -0.760
vn -0.390 -0.504 -0.771
vn -0.403 -0.504 -0.764
vn -0.311 -0.504 -0.806
vn -0.465 -0.504 -0.728
vn -0.411 -0.504 -0.760
vn -0.515 -0.504 -0.693
vn -0.531 -0.504 -0.682
vn -0.636 -0.504 -0.585
vn -0.600 -0.504 -0.622
vn -0.615 -0.504 -0.607
vn -0.535 -0.504 -0.678
vn -0.531 -0.504 -0.682
vn -0.711 -0.504 -0.491
vn -0.700 -0.504 -0.506
vn -0.723 -0.504 -0.472
vn -0.659 -0.504 -0.559
vn -0.636 -0.504 -0.585
vn -0.791 -0.504 -0.347
vn -0.756 -0.504 -0.417
vn -0.769 -0.504 -0.393
vn -0.723 -0.504 -0.472
vn -0.824 -0.504 -0.259
vn -0.820 -0.504 -0.271
vn -0.837 -0.504 -0.212
vn -0.794 -0.504 -0.340
vn -0.791 -0.504 -0.347
vn -0.859 -0.504 -0.091
vn -0.846 -0.504 -0.176
vn -0.852 -0.504 -0.142
vn -0.861 -0.504 -0.071
vn -0.861 -0.504 -0.071
vn -0.837 -0.504 -0.212
vn -0.864 -0.504 -0.005
vn -0.864 -0.504 -0.011
vn -0.861 -0.504 0.071
vn -0.848 -0.504 0.166
vn -0.855 -0.504 0.121
vn -0.837 -0.504 0.212
vn -0.860 -0.504 0.081
vn -0.861 -0.504 0.071
vn -0.798 -0.504 0.331
vn -0.827 -0.504 0.250
vn -0.827 -0.504 0.250
vn -0.791 -0.504 0.347
vn -0.791 -0.504 0.347
vn -0.837 -0.504 0.212
vn -0.761 -0.504 0.409
vn -0.779 -0.504 0.374
vn -0.723 -0.504 0.472
vn -0.665 -0.504 0.552
vn -0.716 -0.504 0.483
vn -0.713 -0.504 0.488
vn -0.636 -0.504 0.585
vn -0.636 -0.504 0.585
vn -0.723 -0.504 0.472
vn -0.607 -0.504 0.615
vn -0.630 -0.504 0.591
vn -0.532 -0.504 0.680
vn -0.531 -0.504 0.682
vn -0.542 -0.504 0.672
vn -0.473 -0.504 0.723
vn -0.422 -0.504 0.754
vn -0.411 -0.504 0.760
vn -0.280 -0.504 0.817
vn -0.320 -0.504 0.802
vn -0.302 -0.504 0.809
vn -0.398 -0.504 0.766
vn -0.411 -0.504 0.760
vn -0.155 -0.504 0.850
vn -0.175 -0.504 0.846
vn -0.142 -0.504 0.852
vn -0.239 -0.504 0.830
vn -0.280 -0.504 0.817
vn -0.069 -0.504 0.861
vn -0.044 -0.504 0.863
vn -0.142 -0.504 0.852
vn 0.395 -0.123 0.911
vn 0.185 -0.100 0.978
vn 0.332 -0.100 0.938
vn 0.529 -0.123 0.840
vn 0.472 -0.123 0.873
vn 0.322 -0.123 0.939
vn 0.251 -0.123 0.960
vn 0.033 -0.100 0.994
vn 0.163 -0.123 0.979
vn 0.102 -0.123 0.987
vn -0.119 -0.100 0.988
vn 0.000 -0.123 0.992
vn -0.050 -0.123 0.991
vn -0.268 -0.100 0.958
vn -0.163 -0.123 0.979
vn -0.201 -0.123 0.972
vn -0.412 -0.100 0.906
vn -0.322 -0.123 0.939
vn -0.347 -0.123 0.930
vn -0.545 -0.100 0.832
vn -0.472 -0.123 0.873
vn -0.485 -0.123 0.866
vn -0.611 -0.123 0.782
vn -0.771 -0.100 0.629
vn -0.666 -0.100 0.740
vn -0.723 -0.123 0.679
vn -0.858 -0.100 0.504
vn -0.819 -0.123 0.561
vn -0.925 -0.100 0.367
vn -0.730 -0.123 0.672
vn -0.895 -0.123 0.429
vn -0.970 -0.100 0.222
vn -0.831 -0.123 0.543
vn -0.950 -0.123 0.288
vn -0.992 -0.100 0.071
vn -0.909 -0.123 0.399
vn -0.983 -0.123 0.139
vn -0.992 -0.100 -0.081
vn -0.962 -0.123 0.244
vn -0.992 -0.123 -0.012
vn -0.968 -0.100 -0.232
vn -0.989 -0.123 0.082
vn -0.979 -0.123 -0.164
vn -0.921 -0.100 -0.377
vn -0.989 -0.123 -0.082
vn -0.962 -0.123 -0.244
vn -0.942 -0.123 -0.311
vn -0.853 -0.100 -0.513
vn -0.909 -0.123 -0.399
vn -0.884 -0.123 -0.451
vn -0.764 -0.100 -0.637
vn -0.831 -0.123 -0.543
vn -0.805 -0.123 -0.581
vn -0.658 -0.100 -0.746
vn -0.730 -0.123 -0.672
vn -0.707 -0.123 -0.697
vn -0.537 -0.100 -0.838
vn -0.610 -0.123 -0.783
vn -0.592 -0.123 -0.797
vn -0.402 -0.100 -0.910
vn -0.472 -0.123 -0.873
vn -0.463 -0.123 -0.878
vn -0.324 -0.123 -0.938
vn -0.109 -0.100 -0.989
vn -0.259 -0.100 -0.961
vn -0.177 -0.123 -0.977
vn 0.043 -0.100 -0.994
vn -0.026 -0.123 -0.992
vn 0.194 -0.100 -0.976
vn -0.163 -0.123 -0.979
vn 0.126 -0.123 -0.984
vn 0.341 -0.100 -0.935
vn 0.000 -0.123 -0.992
vn 0.275 -0.123 -0.954
vn 0.480 -0.100 -0.872
vn 0.163 -0.123 -0.979
vn 0.417 -0.123 -0.901
vn 0.607 -0.100 -0.788
vn 0.322 -0.123 -0.939
vn 0.550 -0.123 -0.826
vn 0.720 -0.100 -0.686
vn 0.472 -0.123 -0.873
vn 0.610 -0.123 -0.783
vn 0.669 -0.123 -0.733
vn 0.817 -0.100 -0.568
vn 0.730 -0.123 -0.672
vn 0.773 -0.123 -0.622
vn 0.894 -0.100 -0.437
vn 0.831 -0.123 -0.543
vn 0.859 -0.123 -0.497
vn 0.950 -0.100 -0.295
vn 0.909 -0.123 -0.399
vn 0.925 -0.123 -0.360
vn 0.984 -0.100 -0.147
vn 0.962 -0.123 -0.244
vn 0.969 -0.123 -0.214
vn 0.995 -0.100 0.005
vn 0.989 -0.123 -0.082
vn 0.990 -0.123 -0.064
vn 0.983 -0.100 0.157
vn 0.989 -0.123 0.082
vn 0.988 -0.123 0.088
vn 0.963 -0.123 0.238
vn 0.889 -0.100 0.446
vn 0.947 -0.100 0.305
vn 0.916 -0.123 0.382
vn 0.811 -0.100 0.577
vn 0.962 -0.123 0.244
vn 0.847 -0.123 0.518
vn 0.713 -0.100 0.694
vn 0.909 -0.123 0.399
vn 0.758 -0.123 0.641
vn 0.599 -0.100 0.794
vn 0.831 -0.123 0.543
vn 0.651 -0.123 0.749
vn 0.471 -0.100 0.877
vn 0.730 -0.123 0.672
vn 0.610 -0.123 0.783
vn -0.163 -0.053 0.985
vn -0.011 -0.053 0.999
vn -0.311 -0.053 0.949
vn -0.453 -0.053 0.890
vn -0.583 -0.053 0.811
vn -0.700 -0.053 0.712
vn -0.801 -0.053 0.597
vn -0.882 -0.053 0.468
vn -0.943 -0.053 0.327
vn -0.982 -0.053 0.180
vn -0.998 -0.053 0.028
vn -0.991 -0.053 -0.125
vn -0.960 -0.053 -0.275
vn -0.907 -0.053 -0.418
vn -0.832 -0.053 -0.552
vn -0.738 -0.053 -0.672
vn -0.627 -0.053 -0.777
vn -0.501 -0.053 -0.864
vn -0.363 -0.053 -0.930
vn -0.217 -0.053 -0.975
vn -0.066 -0.053 -0.996
vn 0.087 -0.053 -0.995
vn 0.238 -0.053 -0.970
vn 0.383 -0.053 -0.922
vn 0.519 -0.053 -0.853
vn 0.644 -0.053 -0.764
vn 0.753 -0.053 -0.656
vn 0.844 -0.053 -0.534
vn 0.916 -0.053 -0.399
vn 0.966 -0.053 -0.254
vn 0.993 -0.053 -0.104
vn 0.997 -0.053 0.049
vn 0.978 -0.053 0.201
vn 0.936 -0.053 0.348
vn 0.872 -0.053 0.486
vn 0.788 -0.053 0.614
vn 0.685 -0.053 0.727
vn 0.566 -0.053 0.823
vn 0.434 -0.053 0.900
vn 0.291 -0.053 0.955
vn 0.142 -0.053 0.988
vn 0.000 -1.000 0.000
vn 0.000 -1.000 0.000
vn 0.000 -1.000 0.000
vn 0.000 -1.000 0.000
vn 0.000 -1.000 0.000
vn 0.000 -1.000 0.000
vn 0.000 -1.000 0.000
vn 0.000 -1.000 0.000
vn 0.000 -1.000 0.000
vn 0.000 -1.000 0.000
vn 0.000 -1.000 0.000
vn 0.000 -1.000 0.000
vn 0.000 -1.000 0.000
vn 0.000 -1.000 0.000
vn 0.000 -1.000 0.000
vn 0.000 -1.000 0.000
vn 0.000 -1.000 0.000
vn 0.000 -1.000 0.000
vn 0.000 -1.000 0.000
vn 0.000 -1.000 0.000
vn 0.000 -1.000 0.000
vn 0.000 -1.000 0.000
vn 0.000 -1.000 0.000
vn 0.000 -1.000 0.000
vn 0.000 -1.000 0.000
vn 0.000 -1.000 0.000
vn 0.000 -1.000 0.000
vn 0.000 -1.000 0.000
vn 0.000 -1.000 0.000
vn 0.000 -1.000 0.000
vn 0.000 -1.000 0.000
vn 0.000 -1.000 0.000
vn 0.000 -1.000 0.000
vn 0.000 -1.000 0.000
vn 0.000 -1.000 0.000
vn 0.000 -1.000 0.000
vn 0.000 -1.000 0.000
vn 0.000 -1.000 0.000
vn 0.000 -1.000 0.000
vn 0.000 -1.000 0.000
vn 0.000 -1.000 0.000
vn 0.000 -1.000 0.000
vn 0.000 -1.000 0.000
vn 0.000 -1.000 0.000
vn 0.000 -1.000 0.000
vn 0.000 -1.000 0.000
vn 0.000 -1.000 0.000
vn 0.000 -1.000 0.000
vn 0.000 -1.000 0.000
vn 0.000 -1.000 0.000
vn 0.000 -1.000 0.000
vn 0.000 -1.000 0.000
vn 0.000 -1.000 0.000
vn 0.000 -1.000 0.000
vn 0.000 -1.000 0.000
vn 0.000 -1.000 0.000
vn 0.000 -1.000 0.000
vn 0.000 -1.000 0.000
vn 0.000 -1.000 0.000
vn 0.000 -1.000 0.000
vn 0.000 -1.000 0.000
vn 0.000 -1.000 0.000
vn 0.000 -1.000 0.000
vn 0.000 -1.000 0.000
vn 0.000 -1.000 0.000
vn 0.000 -1.000 0.000
vn 0.000 -1.000 0.000
vn 0.000 -1.000 0.000
vn 0.000 -1.000 0.000
vn 0.000 -1.000 0.000
vn 0.000 -1.000 0.000
vn 0.000 -1.000 0.000
vn 0.000 -1.000 0.000
vn 0.000 -1.000 0.000
vn 0.000 -1.000 0.000
vn 0.000 -1.000 0.000
vn 0.000 -1.000 0.000
vn 0.000 -1.000 0.000
vn 0.000 -1.000 0.000
vn 0.000 -1.000 0.000
vn 0.000 -1.000 0.000
vn -0.574 0.033 -0.818
vn -0.628 0.014 -0.778
vn -0.574 0.014 -0.819
vn -0.655 0.014 -0.756
vn -0.487 0.033 -0.873
vn -0.486 0.014 -0.874
vn -0.394 0.033 -0.918
vn -0.394 0.014 -0.919
vn -0.298 0.033 -0.954
vn -0.333 0.014 -0.943
vn -0.297 0.014 -0.955
vn -0.198 0.033 -0.980
vn -0.198 0.014 -0.980
vn -0.096 0.033 -0.995
vn -0.169 0.014 -0.986
vn -0.096 0.014 -0.995
vn 0.006 0.033 -0.999
vn 0.000 0.014 -1.000
vn 0.007 0.014 -1.000
vn 0.109 0.033 -0.993
vn 0.110 0.014 -0.994
vn 0.211 0.033 -0.977
vn 0.169 0.014 -0.986
vn 0.211 0.014 -0.977
vn 0.310 0.033 -0.950
vn 0.311 0.014 -0.950
vn 0.406 0.033 -0.913
vn 0.333 0.014 -0.943
vn 0.407 0.014 -0.913
vn 0.498 0.033 -0.867
vn 0.488 0.014 -0.873
vn 0.499 0.014 -0.867
vn 0.584 0.033 -0.811
vn 0.585 0.014 -0.811
vn 0.665 0.033 -0.747
vn 0.628 0.014 -0.778
vn 0.665 0.014 -0.746
vn 0.738 0.033 -0.674
vn 0.739 0.014 -0.674
vn 0.803 0.033 -0.595
vn 0.751 0.014 -0.661
vn 0.804 0.014 -0.595
vn 0.860 0.033 -0.509
vn 0.851 0.014 -0.524
vn 0.861 0.014 -0.509
vn 0.908 0.033 -0.418
vn 0.909 0.014 -0.418
vn 0.946 0.033 -0.322
vn 0.928 0.014 -0.373
vn 0.947 0.014 -0.322
vn 0.974 0.033 -0.223
vn 0.975 0.014 -0.223
vn 0.992 0.033 -0.122
vn 0.977 0.014 -0.211
vn 0.992 0.014 -0.121
vn 0.999 0.033 -0.019
vn 0.999 0.014 -0.042
vn 1.000 0.014 -0.019
vn 0.996 0.033 0.083
vn 0.996 0.014 0.084
vn 0.982 0.033 0.185
vn 0.992 0.014 0.127
vn 0.982 0.014 0.186
vn 0.958 0.033 0.285
vn 0.958 0.014 0.286
vn 0.923 0.033 0.382
vn 0.956 0.014 0.293
vn 0.924 0.014 0.383
vn 0.879 0.033 0.475
vn 0.893 0.014 0.450
vn 0.879 0.014 0.476
vn 0.826 0.033 0.563
vn 0.826 0.014 0.564
vn 0.763 0.033 0.645
vn 0.804 0.014 0.595
vn 0.763 0.014 0.646
vn 0.693 0.033 0.720
vn 0.693 0.014 0.721
vn 0.615 0.033 0.788
vn 0.615 0.014 0.788
vn 0.531 0.033 0.847
vn 0.560 0.014 0.828
vn 0.531 0.014 0.847
vn 0.441 0.033 0.897
vn 0.441 0.014 0.897
vn 0.347 0.033 0.937
vn 0.412 0.014 0.911
vn 0.346 0.014 0.938
vn 0.248 0.033 0.968
vn 0.248 0.014 0.969
vn 0.148 0.033 0.988
vn 0.147 0.014 0.989
vn 0.045 0.033 0.998
vn 0.085 0.014 0.996
vn 0.045 0.014 0.999
vn -0.058 0.033 0.998
vn -0.058 0.014 0.998
vn -0.160 0.033 0.987
vn -0.085 0.014 0.996
vn -0.161 0.014 0.987
vn -0.261 0.033 0.965
vn -0.252 0.014 0.968
vn -0.261 0.014 0.965
vn -0.358 0.033 0.933
vn -0.359 0.014 0.933
vn -0.452 0.033 0.891
vn -0.412 0.014 0.911
vn -0.453 0.014 0.891
vn -0.542 0.033 0.840
vn -0.542 0.014 0.840
vn -0.625 0.033 0.780
vn -0.560 0.014 0.828
vn -0.626 0.014 0.780
vn -0.702 0.033 0.711
vn -0.692 0.014 0.722
vn -0.703 0.014 0.711
vn -0.771 0.033 0.635
vn -0.772 0.014 0.635
vn -0.833 0.033 0.553
vn -0.804 0.014 0.595
vn -0.833 0.014 0.552
vn -0.885 0.033 0.464
vn -0.886 0.014 0.464
vn -0.928 0.033 0.371
vn -0.893 0.014 0.450
vn -0.929 0.014 0.370
vn -0.961 0.033 0.273
vn -0.956 0.014 0.293
vn -0.962 0.014 0.273
vn -0.984 0.033 0.173
vn -0.985 0.014 0.172
vn -0.997 0.033 0.071
vn -0.992 0.014 0.127
vn -0.997 0.014 0.070
vn -0.999 0.033 -0.032
vn -1.000 0.014 0.000
vn -0.999 0.014 -0.033
vn -0.990 0.033 -0.135
vn -0.999 0.014 -0.042
vn -0.991 0.014 -0.135
vn -0.971 0.033 -0.236
vn -0.977 0.014 -0.211
vn -0.972 0.014 -0.236
vn -0.942 0.033 -0.334
vn -0.942 0.014 -0.335
vn -0.903 0.033 -0.429
vn -0.928 0.014 -0.373
vn -0.903 0.014 -0.430
vn -0.854 0.033 -0.520
vn -0.854 0.014 -0.521
vn -0.796 0.033 -0.605
vn -0.796 0.014 -0.606
vn -0.729 0.033 -0.684
vn -0.751 0.014 -0.661
vn -0.729 0.014 -0.684
vn -0.655 0.033 -0.755
vn -0.404 0.068 -0.912
vn -0.308 0.068 -0.949
vn -0.209 0.068 -0.976
vn -0.108 0.068 -0.992
vn -0.005 0.068 -0.998
vn 0.097 0.068 -0.993
vn 0.199 0.068 -0.978
vn 0.298 0.068 -0.952
vn 0.395 0.068 -0.916
vn 0.487 0.068 -0.871
vn 0.574 0.068 -0.816
vn 0.655 0.068 -0.753
vn 0.729 0.068 -0.682
vn 0.795 0.068 -0.603
vn 0.853 0.068 -0.518
vn 0.901 0.068 -0.428
vn 0.941 0.068 -0.333
vn 0.970 0.068 -0.234
vn 0.989 0.068 -0.133
vn 0.997 0.068 -0.031
vn 0.995 0.068 0.072
vn 0.982 0.068 0.174
vn 0.959 0.068 0.274
vn 0.926 0.068 0.371
vn 0.883 0.068 0.464
vn 0.831 0.068 0.553
vn 0.770 0.068 0.635
vn 0.700 0.068 0.711
vn 0.623 0.068 0.779
vn 0.540 0.068 0.839
vn 0.451 0.068 0.890
vn 0.357 0.068 0.932
vn 0.259 0.068 0.963
vn 0.159 0.068 0.985
vn 0.057 0.068 0.996
vn -0.046 0.068 0.997
vn -0.148 0.068 0.987
vn -0.249 0.068 0.966
vn -0.347 0.068 0.935
vn -0.441 0.068 0.895
vn -0.531 0.068 0.845
vn -0.615 0.068 0.786
vn -0.693 0.068 0.718
vn -0.763 0.068 0.643
vn -0.825 0.068 0.561
vn -0.878 0.068 0.474
vn -0.922 0.068 0.381
vn -0.956 0.068 0.284
vn -0.981 0.068 0.184
vn -0.998 0.068 0.000
vn -0.994 0.068 0.082
vn -0.998 0.068 -0.020
vn -0.990 0.068 -0.123
vn -0.972 0.068 -0.224
vn -0.944 0.068 -0.323
vn -0.906 0.068 -0.418
vn -0.858 0.068 -0.509
vn -0.801 0.068 -0.595
vn -0.736 0.068 -0.674
vn -0.663 0.068 -0.746
vn -0.582 0.068 -0.810
vn -0.496 0.068 -0.866
vn 0.000 0.504 -0.864
vn -0.083 0.504 -0.860
vn -0.071 0.504 -0.861
vn -0.146 0.504 -0.851
vn -0.146 0.504 -0.851
vn -0.171 0.504 -0.847
vn -0.208 0.504 -0.838
vn -0.257 0.504 -0.825
vn -0.288 0.504 -0.814
vn -0.288 0.504 -0.814
vn -0.340 0.504 -0.794
vn -0.340 0.504 -0.794
vn -0.420 0.504 -0.755
vn -0.421 0.504 -0.754
vn -0.496 0.504 -0.707
vn -0.463 0.504 -0.730
vn -0.543 0.504 -0.672
vn -0.543 0.504 -0.672
vn -0.566 0.504 -0.653
vn -0.574 0.504 -0.646
vn -0.630 0.504 -0.591
vn -0.648 0.504 -0.571
vn -0.648 0.504 -0.571
vn -0.687 0.504 -0.523
vn -0.670 0.504 -0.545
vn -0.737 0.504 -0.450
vn -0.736 0.504 -0.453
vn -0.780 0.504 -0.372
vn -0.801 0.504 -0.322
vn -0.749 0.504 -0.431
vn -0.801 0.504 -0.322
vn -0.814 0.504 -0.289
vn -0.808 0.504 -0.305
vn -0.839 0.504 -0.204
vn -0.844 0.504 -0.182
vn -0.844 0.504 -0.182
vn -0.856 0.504 -0.117
vn -0.863 0.504 -0.037
vn -0.863 0.504 -0.034
vn -0.847 0.504 -0.172
vn -0.857 0.504 0.110
vn -0.857 0.504 0.110
vn -0.857 0.504 0.105
vn -0.864 0.504 0.000
vn -0.862 0.504 0.061
vn -0.863 0.504 -0.028
vn -0.851 0.504 0.149
vn -0.831 0.504 0.236
vn -0.829 0.504 0.241
vn -0.826 0.504 0.253
vn -0.826 0.504 0.253
vn -0.802 0.504 0.320
vn -0.780 0.504 0.371
vn -0.771 0.504 0.389
vn -0.771 0.504 0.389
vn -0.720 0.504 0.477
vn -0.710 0.504 0.492
vn -0.765 0.504 0.401
vn -0.694 0.504 0.514
vn -0.694 0.504 0.514
vn -0.667 0.504 0.549
vn -0.607 0.504 0.614
vn -0.622 0.504 0.599
vn -0.598 0.504 0.624
vn -0.598 0.504 0.624
vn -0.541 0.504 0.674
vn -0.518 0.504 0.691
vn -0.484 0.504 0.716
vn -0.484 0.504 0.716
vn -0.469 0.504 0.726
vn -0.392 0.504 0.770
vn -0.401 0.504 0.765
vn -0.356 0.504 0.787
vn -0.356 0.504 0.787
vn -0.310 0.504 0.806
vn -0.273 0.504 0.820
vn -0.226 0.504 0.834
vn -0.218 0.504 0.836
vn -0.218 0.504 0.836
vn -0.139 0.504 0.853
vn -0.138 0.504 0.853
vn -0.073 0.504 0.861
vn -0.073 0.504 0.861
vn -0.050 0.504 0.862
vn 0.000 0.504 0.864
vn 0.038 0.504 0.863
vn 0.001 0.504 0.864
vn 0.073 0.504 0.861
vn 0.073 0.504 0.861
vn 0.127 0.504 0.854
vn 0.140 0.504 0.852
vn 0.214 0.504 0.837
vn 0.218 0.504 0.836
vn 0.299 0.504 0.810
vn 0.275 0.504 0.819
vn 0.356 0.504 0.787
vn 0.356 0.504 0.787
vn 0.381 0.504 0.775
vn 0.402 0.504 0.764
vn 0.459 0.504 0.732
vn 0.484 0.504 0.716
vn 0.484 0.504 0.716
vn 0.531 0.504 0.681
vn 0.520 0.504 0.690
vn 0.599 0.504 0.623
vn 0.598 0.504 0.624
vn 0.659 0.504 0.558
vn 0.624 0.504 0.598
vn 0.694 0.504 0.514
vn 0.694 0.504 0.514
vn 0.713 0.504 0.487
vn 0.711 0.504 0.490
vn 0.760 0.504 0.411
vn 0.771 0.504 0.389
vn 0.771 0.504 0.389
vn 0.798 0.504 0.331
vn 0.781 0.504 0.369
vn 0.826 0.504 0.253
vn 0.826 0.504 0.253
vn 0.828 0.504 0.247
vn 0.830 0.504 0.239
vn 0.849 0.504 0.161
vn 0.857 0.504 0.110
vn 0.857 0.504 0.110
vn 0.861 0.504 0.073
vn 0.858 0.504 0.103
vn 0.864 0.504 -0.016
vn 0.863 0.504 -0.036
vn 0.863 0.504 -0.037
vn 0.844 0.504 -0.182
vn 0.844 0.504 -0.182
vn 0.846 0.504 -0.174
vn 0.857 0.504 -0.105
vn 0.818 0.504 -0.278
vn 0.807 0.504 -0.307
vn 0.842 0.504 -0.193
vn 0.801 0.504 -0.322
vn 0.801 0.504 -0.322
vn 0.785 0.504 -0.361
vn 0.744 0.504 -0.440
vn 0.748 0.504 -0.433
vn 0.736 0.504 -0.453
vn 0.736 0.504 -0.453
vn 0.694 0.504 -0.514
vn 0.668 0.504 -0.547
vn 0.648 0.504 -0.571
vn 0.648 0.504 -0.571
vn 0.638 0.504 -0.582
vn 0.575 0.504 -0.645
vn 0.572 0.504 -0.647
vn 0.543 0.504 -0.672
vn 0.543 0.504 -0.672
vn 0.505 0.504 -0.701
vn 0.431 0.504 -0.749
vn 0.461 0.504 -0.731
vn 0.421 0.504 -0.754
vn 0.421 0.504 -0.754
vn 0.351 0.504 -0.789
vn 0.338 0.504 -0.795
vn 0.288 0.504 -0.814
vn 0.288 0.504 -0.814
vn 0.268 0.504 -0.821
vn 0.183 0.504 -0.844
vn 0.206 0.504 -0.839
vn 0.146 0.504 -0.851
vn 0.146 0.504 -0.851
vn 0.095 0.504 -0.859
vn 0.068 0.504 -0.861
vn 0.006 0.504 -0.864
vn 0.000 0.504 -0.864
vn 0.026 0.074 -0.997
vn -0.134 0.074 -0.988
vn 0.012 0.053 -0.999
vn 0.186 0.074 -0.980
vn 0.172 0.053 -0.984
vn 0.341 0.074 -0.937
vn 0.328 0.053 -0.943
vn 0.487 0.074 -0.870
vn 0.475 0.053 -0.878
vn 0.620 0.074 -0.781
vn 0.610 0.053 -0.791
vn 0.737 0.074 -0.672
vn 0.729 0.053 -0.683
vn 0.835 0.074 -0.545
vn 0.829 0.053 -0.557
vn 0.912 0.074 -0.404
vn 0.907 0.053 -0.417
vn 0.965 0.074 -0.252
vn 0.963 0.053 -0.266
vn 0.993 0.074 -0.094
vn 0.993 0.053 -0.108
vn 0.995 0.074 0.066
vn 0.997 0.053 0.053
vn 0.972 0.074 0.225
vn 0.976 0.053 0.212
vn 0.923 0.074 0.378
vn 0.929 0.053 0.366
vn 0.850 0.074 0.521
vn 0.859 0.053 0.510
vn 0.756 0.074 0.651
vn 0.766 0.053 0.641
vn 0.641 0.074 0.764
vn 0.653 0.053 0.756
vn 0.511 0.074 0.857
vn 0.523 0.053 0.851
vn 0.367 0.074 0.928
vn 0.380 0.053 0.923
vn 0.213 0.074 0.974
vn 0.227 0.053 0.972
vn 0.054 0.074 0.996
vn 0.068 0.053 0.996
vn 0.000 0.053 0.999
vn -0.107 0.074 0.992
vn -0.093 0.053 0.994
vn -0.264 0.074 0.962
vn -0.251 0.053 0.967
vn -0.415 0.074 0.907
vn -0.403 0.053 0.914
vn -0.555 0.074 0.829
vn -0.544 0.053 0.837
vn -0.681 0.074 0.729
vn -0.671 0.053 0.739
vn -0.789 0.074 0.610
vn -0.781 0.053 0.622
vn -0.877 0.074 0.476
vn -0.871 0.053 0.489
vn -0.942 0.074 0.329
vn -0.938 0.053 0.343
vn -0.982 0.074 0.174
vn -0.981 0.053 0.188
vn -0.997 0.074 0.014
vn -0.998 0.053 0.028
vn -0.986 0.074 -0.146
vn -0.990 0.053 -0.133
vn -0.950 0.074 -0.303
vn -0.956 0.053 -0.290
vn -0.889 0.074 -0.451
vn -0.897 0.053 -0.439
vn -0.805 0.074 -0.588
vn -0.815 0.053 -0.577
vn -0.701 0.074 -0.710
vn -0.712 0.053 -0.701
vn -0.578 0.074 -0.813
vn -0.590 0.053 -0.806
vn -0.440 0.074 -0.895
vn -0.453 0.053 -0.890
vn -0.291 0.074 -0.954
vn -0.304 0.053 -0.951
vn -0.148 0.053 -0.988
vn -0.127 0.093 -0.988
vn 0.033 0.093 -0.995
vn 0.193 0.093 -0.977
vn 0.347 0.093 -0.933
vn 0.492 0.093 -0.866
vn 0.624 0.093 -0.775
vn 0.741 0.093 -0.665
vn 0.838 0.093 -0.538
vn 0.913 0.093 -0.396
vn 0.965 0.093 -0.245
vn 0.992 0.093 -0.087
vn 0.993 0.093 0.073
vn 0.968 0.093 0.232
vn 0.919 0.093 0.384
vn 0.845 0.093 0.526
vn 0.750 0.093 0.655
vn 0.635 0.093 0.767
vn 0.504 0.093 0.859
vn 0.359 0.093 0.929
vn 0.206 0.093 0.974
vn 0.047 0.093 0.995
vn -0.113 0.093 0.989
vn -0.271 0.093 0.958
vn -0.421 0.093 0.902
vn -0.560 0.093 0.823
vn -0.685 0.093 0.723
vn -0.792 0.093 0.603
vn -0.878 0.093 0.469
vn -0.942 0.093 0.322
vn -0.982 0.093 0.166
vn -0.996 0.093 0.007
vn -0.984 0.093 -0.153
vn -0.947 0.093 -0.309
vn -0.885 0.093 -0.457
vn -0.800 0.093 -0.593
vn -0.695 0.093 -0.713
vn -0.571 0.093 -0.816
vn -0.433 0.093 -0.897
vn -0.283 0.093 -0.954
vn -0.260 0.109 -0.959
vn -0.103 0.109 -0.989
vn 0.057 0.109 -0.992
vn 0.215 0.109 -0.970
vn 0.368 0.109 -0.923
vn 0.511 0.109 -0.852
vn 0.642 0.109 -0.759
vn 0.755 0.109 -0.647
vn 0.849 0.109 -0.517
vn 0.921 0.109 -0.374
vn 0.969 0.109 -0.222
vn 0.992 0.109 -0.063
vn 0.989 0.109 0.097
vn 0.961 0.109 0.254
vn 0.908 0.109 0.405
vn 0.831 0.109 0.545
vn 0.733 0.109 0.672
vn 0.616 0.109 0.780
vn 0.482 0.109 0.869
vn 0.337 0.109 0.935
vn 0.182 0.109 0.977
vn 0.023 0.109 0.994
vn -0.136 0.109 0.985
vn -0.293 0.109 0.950
vn -0.441 0.109 0.891
vn -0.578 0.109 0.808
vn -0.701 0.109 0.705
vn -0.805 0.109 0.584
vn -0.888 0.109 0.447
vn -0.948 0.109 0.299
vn -0.984 0.109 0.143
vn -0.994 0.109 -0.017
vn -0.978 0.109 -0.176
vn -0.937 0.109 -0.331
vn -0.872 0.109 -0.477
vn -0.784 0.109 -0.610
vn -0.676 0.109 -0.728
vn -0.551 0.109 -0.827
vn -0.411 0.109 -0.905
vn -0.390 0.123 -0.913
vn -0.484 0.123 -0.866
vn -0.239 0.123 -0.963
vn -0.331 0.123 -0.936
vn -0.081 0.123 -0.989
vn -0.168 0.123 -0.978
vn 0.079 0.123 -0.989
vn 0.000 0.123 -0.992
vn 0.236 0.123 -0.964
vn 0.168 0.123 -0.978
vn 0.388 0.123 -0.913
vn 0.331 0.123 -0.936
vn 0.529 0.123 -0.839
vn 0.484 0.123 -0.866
vn 0.657 0.123 -0.744
vn 0.623 0.123 -0.772
vn 0.768 0.123 -0.629
vn 0.745 0.123 -0.656
vn 0.859 0.123 -0.497
vn 0.845 0.123 -0.520
vn 0.927 0.123 -0.353
vn 0.921 0.123 -0.370
vn 0.972 0.123 -0.200
vn 0.970 0.123 -0.209
vn 0.992 0.123 -0.041
vn 0.985 0.123 0.118
vn 0.954 0.123 0.275
vn 0.984 0.123 0.126
vn 0.897 0.123 0.424
vn 0.949 0.123 0.291
vn 0.817 0.123 0.563
vn 0.886 0.123 0.447
vn 0.717 0.123 0.687
vn 0.798 0.123 0.590
vn 0.597 0.123 0.793
vn 0.687 0.123 0.716
vn 0.462 0.123 0.878
vn 0.556 0.123 0.822
vn 0.315 0.123 0.941
vn 0.409 0.123 0.904
vn 0.160 0.123 0.979
vn 0.250 0.123 0.960
vn 0.001 0.123 0.992
vn 0.084 0.123 0.989
vn -0.158 0.123 0.980
vn -0.084 0.123 0.989
vn 0.000 0.123 0.992
vn -0.313 0.123 0.942
vn -0.250 0.123 0.960
vn -0.460 0.123 0.879
vn -0.409 0.123 0.904
vn -0.595 0.123 0.794
vn -0.556 0.123 0.822
vn -0.715 0.123 0.688
vn -0.687 0.123 0.716
vn -0.816 0.123 0.565
vn -0.798 0.123 0.590
vn -0.896 0.123 0.426
vn -0.886 0.123 0.447
vn -0.953 0.123 0.277
vn -0.949 0.123 0.291
vn -0.985 0.123 0.121
vn -0.984 0.123 0.126
vn -0.992 0.123 -0.039
vn -0.973 0.123 -0.197
vn -0.928 0.123 -0.351
vn -0.970 0.123 -0.209
vn -0.860 0.123 -0.495
vn -0.921 0.123 -0.370
vn -0.769 0.123 -0.627
vn -0.845 0.123 -0.520
vn -0.659 0.123 -0.742
vn -0.745 0.123 -0.656
vn -0.531 0.123 -0.838
vn -0.623 0.123 -0.772
vt 0.0043 0.0749 0
vt -0.0032 0.0749 0
vt 0.0000 0.0700 0
vt 0.0014 0.0700 0
vt 0.0086 0.0695 0
vt -0.0058 0.0697 0
vt 0.0566 0.0492 0
vt 0.0523 0.0465 0
vt 0.0568 0.0409 0
vt 0.0514 0.0546 0
vt 0.0473 0.0516 0
vt 0.0457 0.0595 0
vt 0.0417 0.0562 0
vt 0.0396 0.0637 0
vt 0.0357 0.0602 0
vt 0.0330 0.0673 0
vt 0.0293 0.0635 0
vt 0.0262 0.0703 0
vt 0.0226 0.0662 0
vt -0.0106 0.0742 0
vt -0.0129 0.0688 0
vt -0.0320 0.0678 0
vt -0.0386 0.0643 0
vt -0.0332 0.0616 0
vt -0.0080 -0.0746 0
vt -0.0050 -0.0698 0
vt -0.0122 -0.0689 0
vt -0.0005 -0.0750 0
vt 0.0022 -0.0700 0
vt 0.0732 0.0162 0
vt 0.0713 0.0234 0
vt 0.0666 0.0216 0
vt 0.0686 0.0303 0
vt 0.0640 0.0284 0
vt 0.0652 0.0370 0
vt 0.0607 0.0348 0
vt 0.0612 0.0433 0
vt 0.0190 0.0725 0
vt 0.0157 0.0682 0
vt -0.0180 0.0728 0
vt -0.0199 0.0671 0
vt -0.0251 0.0707 0
vt -0.0267 0.0647 0
vt -0.0154 -0.0734 0
vt -0.0192 -0.0673 0
vt 0.0117 0.0741 0
vt -0.0448 0.0601 0
vt -0.0394 0.0579 0
vt -0.0506 0.0553 0
vt -0.0451 0.0535 0
vt -0.0559 0.0500 0
vt -0.0504 0.0486 0
vt 0.0069 -0.0747 0
vt 0.0094 -0.0694 0
vt 0.0745 0.0088 0
vt 0.0684 0.0147 0
vt -0.0740 -0.0125 0
vt -0.0723 -0.0198 0
vt -0.0676 -0.0182 0
vt -0.0700 -0.0269 0
vt -0.0654 -0.0250 0
vt -0.0363 -0.0656 0
vt -0.0326 -0.0620 0
vt -0.0388 -0.0583 0
vt -0.0296 -0.0689 0
vt -0.0260 -0.0650 0
vt -0.0226 -0.0715 0
vt 0.0750 0.0013 0
vt 0.0696 0.0076 0
vt -0.0647 0.0380 0
vt -0.0681 0.0313 0
vt -0.0628 0.0310 0
vt -0.0709 0.0244 0
vt -0.0656 0.0243 0
vt -0.0730 0.0172 0
vt -0.0678 0.0175 0
vt -0.0743 0.0099 0
vt -0.0692 0.0104 0
vt -0.0750 0.0024 0
vt -0.0699 0.0032 0
vt -0.0748 -0.0051 0
vt -0.0699 -0.0040 0
vt -0.0670 -0.0337 0
vt -0.0624 -0.0316 0
vt -0.0633 -0.0402 0
vt -0.0589 -0.0379 0
vt -0.0590 -0.0463 0
vt -0.0546 -0.0437 0
vt -0.0541 -0.0520 0
vt -0.0499 -0.0491 0
vt -0.0486 -0.0571 0
vt -0.0445 -0.0540 0
vt -0.0427 -0.0617 0
vt 0.0143 -0.0736 0
vt 0.0164 -0.0680 0
vt 0.0286 -0.0693 0
vt 0.0300 -0.0632 0
vt 0.0233 -0.0660 0
vt 0.0418 -0.0623 0
vt 0.0478 -0.0578 0
vt 0.0423 -0.0558 0
vt 0.0533 -0.0528 0
vt 0.0478 -0.0511 0
vt -0.0606 0.0442 0
vt -0.0551 0.0431 0
vt -0.0593 0.0372 0
vt -0.0691 -0.0111 0
vt 0.0216 -0.0718 0
vt 0.0354 -0.0661 0
vt 0.0363 -0.0598 0
vt 0.0583 -0.0472 0
vt 0.0528 -0.0459 0
vt 0.0627 -0.0411 0
vt 0.0573 -0.0402 0
vt 0.0665 -0.0347 0
vt 0.0611 -0.0341 0
vt 0.0696 -0.0279 0
vt 0.0643 -0.0277 0
vt 0.0720 -0.0208 0
vt 0.0668 -0.0209 0
vt 0.0738 -0.0136 0
vt 0.0686 -0.0140 0
vt 0.0747 -0.0061 0
vt 0.0697 -0.0068 0
vt 0.0700 0.0004 0
vt 0.0000 0.0000 0
vt 0.0238 0.0000 0
vt 1.0238 0.5000 0
vt 0.0455 0.0000 0
vt 0.0455 0.5000 0
vt 0.0655 0.0000 0
vt 0.0655 0.5000 0
vt 0.0841 0.0000 0
vt 0.0841 0.5000 0
vt 0.1015 0.0000 0
vt 0.1015 0.5000 0
vt 0.1179 0.0000 0
vt 0.1179 0.5000 0
vt 0.1334 0.0000 0
vt 0.1334 0.5000 0
vt 0.1483 0.0000 0
vt 0.1483 0.5000 0
vt 0.1625 0.0000 0
vt 0.1625 0.5000 0
vt 0.1763 0.0000 0
vt 0.1763 0.5000 0
vt 0.1897 0.0000 0
vt 0.1897 0.5000 0
vt 0.2027 0.0000 0
vt 0.2027 0.5000 0
vt 0.2155 0.0000 0
vt 0.2155 0.5000 0
vt 0.2281 0.0000 0
vt 0.2281 0.5000 0
vt 0.2406 0.0000 0
vt 0.2406 0.5000 0
vt 0.2531 0.0000 0
vt 0.2531 0.5000 0
vt 0.2656 0.0000 0
vt 0.2656 0.5000 0
vt 0.2782 0.0000 0
vt 0.2782 0.5000 0
vt 0.2909 0.0000 0
vt 0.2909 0.5000 0
vt 0.3038 0.0000 0
vt 0.3038 0.5000 0
vt 0.3170 0.0000 0
vt 0.3170 0.5000 0
vt 0.3305 0.0000 0
vt 0.3305 0.5000 0
vt 0.3445 0.0000 0
vt 0.3445 0.5000 0
vt 0.3591 0.0000 0
vt 0.3591 0.5000 0
vt 0.3743 0.0000 0
vt 0.3743 0.5000 0
vt 0.3902 0.0000 0
vt 0.3902 0.5000 0
vt 0.4071 0.0000 0
vt 0.4071 0.5000 0
vt 0.4251 0.0000 0
vt 0.4251 0.5000 0
vt 0.4443 0.0000 0
vt 0.4443 0.5000 0
vt 0.4651 0.0000 0
vt 0.4651 0.5000 0
vt 0.4878 0.0000 0
vt 0.4878 0.5000 0
vt 0.5122 0.0000 0
vt 0.5122 0.5000 0
vt 0.5349 0.0000 0
vt 0.5349 0.5000 0
vt 0.5557 0.0000 0
vt 0.5557 0.5000 0
vt 0.5749 0.0000 0
vt 0.5749 0.5000 0
vt 0.5929 0.0000 0
vt 0.5929 0.5000 0
vt 0.6098 0.0000 0
vt 0.6098 0.5000 0
vt 0.6257 0.0000 0
vt 0.6257 0.5000 0
vt 0.6409 0.0000 0
vt 0.6409 0.5000 0
vt 0.6555 0.0000 0
vt 0.6555 0.5000 0
vt 0.6695 0.0000 0
vt 0.6695 0.5000 0
vt 0.6830 0.0000 0
vt 0.6830 0.5000 0
vt 0.6962 0.0000 0
vt 0.6962 0.5000 0
vt 0.7091 0.0000 0
vt 0.7091 0.5000 0
vt 0.7218 0.0000 0
vt 0.7218 0.5000 0
vt 0.7344 0.0000 0
vt 0.7344 0.5000 0
vt 0.7469 0.0000 0
vt 0.7469 0.5000 0
vt 0.7594 0.0000 0
vt 0.7594 0.5000 0
vt 0.7719 0.0000 0
vt 0.7719 0.5000 0
vt 0.7845 0.0000 0
vt 0.7845 0.5000 0
vt 0.7973 0.0000 0
vt 0.7973 0.5000 0
vt 0.8103 0.0000 0
vt 0.8103 0.5000 0
vt 0.8237 0.0000 0
vt 0.8237 0.5000 0
vt 0.8375 0.0000 0
vt 0.8375 0.5000 0
vt 0.8517 0.0000 0
vt 0.8517 0.5000 0
vt 0.8666 0.0000 0
vt 0.8666 0.5000 0
vt 0.8821 0.0000 0
vt 0.8821 0.5000 0
vt 0.8985 0.0000 0
vt 0.8985 0.5000 0
vt 0.9159 0.0000 0
vt 0.9159 0.5000 0
vt 0.9345 0.0000 0
vt 0.9345 0.5000 0
vt 0.9545 0.0000 0
vt 0.9545 0.5000 0
vt -0.0238 0.0000 0
vt 0.9762 0.5000 0
vt 1.0000 0.5000 0
vt 0.0238 1.0000 0
vt 0.0137 1.0000 0
vt 0.0455 1.0000 0
vt 0.0655 1.0000 0
vt 0.0500 1.0000 0
vt 0.0841 1.0000 0
vt 0.0819 1.0000 0
vt 0.1015 1.0000 0
vt 0.1179 1.0000 0
vt 0.1104 1.0000 0
vt -0.8666 1.0000 0
vt -0.8517 1.0000 0
vt -0.8636 1.0000 0
vt 0.1625 1.0000 0
vt 0.1605 1.0000 0
vt 0.1763 1.0000 0
vt 0.1897 1.0000 0
vt 0.1832 1.0000 0
vt 0.2027 1.0000 0
vt 0.2155 1.0000 0
vt 0.2049 1.0000 0
vt 0.2281 1.0000 0
vt 0.2259 1.0000 0
vt 0.2406 1.0000 0
vt 0.2531 1.0000 0
vt 0.2467 1.0000 0
vt 0.2656 1.0000 0
vt 0.2782 1.0000 0
vt 0.2674 1.0000 0
vt 0.2909 1.0000 0
vt 0.2883 1.0000 0
vt 0.3038 1.0000 0
vt 0.3170 1.0000 0
vt 0.3098 1.0000 0
vt 0.3305 1.0000 0
vt 0.3445 1.0000 0
vt 0.3321 1.0000 0
vt 0.3591 1.0000 0
vt 0.3557 1.0000 0
vt 0.3743 1.0000 0
vt 0.3902 1.0000 0
vt 0.3810 1.0000 0
vt 0.4071 1.0000 0
vt 0.4251 1.0000 0
vt 0.4086 1.0000 0
vt 0.4443 1.0000 0
vt 0.4393 1.0000 0
vt 0.4651 1.0000 0
vt 0.4878 1.0000 0
vt 0.4741 1.0000 0
vt 0.5122 1.0000 0
vt 0.5349 1.0000 0
vt 0.5137 1.0000 0
vt 0.5557 1.0000 0
vt 0.5500 1.0000 0
vt 0.5749 1.0000 0
vt 0.5929 1.0000 0
vt 0.5819 1.0000 0
vt 0.6098 1.0000 0
vt 0.6257 1.0000 0
vt 0.6104 1.0000 0
vt 0.6409 1.0000 0
vt 0.6364 1.0000 0
vt 0.6555 1.0000 0
vt 0.6695 1.0000 0
vt 0.6605 1.0000 0
vt 0.6830 1.0000 0
vt 0.6962 1.0000 0
vt 0.7091 1.0000 0
vt 0.7049 1.0000 0
vt 0.7218 1.0000 0
vt 0.7344 1.0000 0
vt 0.7259 1.0000 0
vt 0.7469 1.0000 0
vt 0.7594 1.0000 0
vt 0.7719 1.0000 0
vt 0.7674 1.0000 0
vt 0.7845 1.0000 0
vt 0.7973 1.0000 0
vt 0.7883 1.0000 0
vt 0.8103 1.0000 0
vt 0.8098 1.0000 0
vt 0.8237 1.0000 0
vt 0.8375 1.0000 0
vt 0.8321 1.0000 0
vt 0.8517 1.0000 0
vt 0.8666 1.0000 0
vt 0.8557 1.0000 0
vt 0.8821 1.0000 0
vt 0.8810 1.0000 0
vt 0.8985 1.0000 0
vt 0.9159 1.0000 0
vt 0.9086 1.0000 0
vt 0.9345 1.0000 0
vt 0.9545 1.0000 0
vt 0.9393 1.0000 0
vt 0.9762 1.0000 0
vt 0.9741 1.0000 0
vt 1.0000 1.0000 0
vt 0.1191 0.0600 0
vt 0.1026 0.0000 0
vt 0.1653 0.0000 0
vt 0.0194 0.0600 0
vt 0.0000 0.0000 0
vt 0.0000 0.0600 0
vt 0.3186 0.0600 0
vt 0.2189 0.0600 0
vt 0.2558 0.0000 0
vt 0.3307 0.0000 0
vt 0.3307 0.0600 0
vt 0.1653 0.0600 0
vt 0.4183 0.0600 0
vt 0.4091 0.0000 0
vt 0.4960 0.0000 0
vt 0.6178 0.0600 0
vt 0.5181 0.0600 0
vt 0.5623 0.0000 0
vt 0.6614 0.0000 0
vt 0.6614 0.0600 0
vt 0.4960 0.0600 0
vt 0.8173 0.0600 0
vt 0.7175 0.0600 0
vt 0.7156 0.0000 0
vt 0.8267 0.0000 0
vt 0.8267 0.0600 0
vt 0.9170 0.0600 0
vt 0.8688 0.0000 0
vt 0.9921 0.0000 0
vt 1.1165 0.0600 0
vt 1.0167 0.0600 0
vt 1.0221 0.0000 0
vt 1.1574 0.0000 0
vt 1.1574 0.0600 0
vt 0.9921 0.0600 0
vt 1.2162 0.0600 0
vt 1.1753 0.0000 0
vt 1.3228 0.0000 0
vt 1.3228 0.0600 0
vt 1.3159 0.0600 0
vt 1.3286 0.0000 0
vt 1.4881 0.0600 0
vt 1.4157 0.0600 0
vt 1.4818 0.0000 0
vt 1.6535 0.0600 0
vt 1.6151 0.0600 0
vt 1.6351 0.0000 0
vt 1.5154 0.0600 0
vt 1.4881 0.0000 0
vt 1.8188 0.0000 0
vt 1.8188 0.0600 0
vt 1.8146 0.0600 0
vt 1.7149 0.0600 0
vt 1.6535 0.0000 0
vt 1.7883 0.0000 0
vt 1.9842 0.0600 0
vt 1.9143 0.0600 0
vt 1.9416 0.0000 0
vt 2.1138 0.0600 0
vt 2.0948 0.0000 0
vt 2.1495 0.0000 0
vt 2.0141 0.0600 0
vt 1.9842 0.0000 0
vt 2.3133 0.0600 0
vt 2.2135 0.0600 0
vt 2.2481 0.0000 0
vt 2.1495 0.0600 0
vt 2.4130 0.0600 0
vt 2.4013 0.0000 0
vt 2.4802 0.0000 0
vt 2.3149 0.0000 0
vt 2.6125 0.0600 0
vt 2.5127 0.0600 0
vt 2.5546 0.0000 0
vt 2.6456 0.0000 0
vt 2.6456 0.0600 0
vt 2.4802 0.0600 0
vt 2.7122 0.0600 0
vt 2.7078 0.0000 0
vt 2.8109 0.0000 0
vt 2.9117 0.0600 0
vt 2.8611 0.0000 0
vt 2.9762 0.0000 0
vt 2.8119 0.0600 0
vt 3.1111 0.0600 0
vt 3.0114 0.0600 0
vt 3.0143 0.0000 0
vt 3.1416 0.0000 0
vt 3.1416 0.0600 0
vt 2.9762 0.0600 0
vt 3.2109 0.0600 0
vt 3.1676 0.0000 0
vt 3.3069 0.0000 0
vt 3.4103 0.0600 0
vt 3.3106 0.0600 0
vt 3.3208 0.0000 0
vt 3.4741 0.0000 0
vt 3.4723 0.0600 0
vt 3.3069 0.0600 0
vt 3.6376 0.0600 0
vt 3.6098 0.0600 0
vt 3.6273 0.0000 0
vt 3.5101 0.0600 0
vt 3.7095 0.0600 0
vt 3.6376 0.0000 0
vt 3.7806 0.0000 0
vt 3.8030 0.0600 0
vt 3.9683 0.0600 0
vt 3.9090 0.0600 0
vt 3.9338 0.0000 0
vt 3.8093 0.0600 0
vt 3.8030 0.0000 0
vt 4.1085 0.0600 0
vt 4.0871 0.0000 0
vt 4.1337 0.0000 0
vt 4.0087 0.0600 0
vt 3.9683 0.0000 0
vt 4.2990 0.0600 0
vt 4.2082 0.0600 0
vt 4.2403 0.0000 0
vt 4.1337 0.0600 0
vt 4.4077 0.0600 0
vt 4.3936 0.0000 0
vt 4.4644 0.0000 0
vt 4.3079 0.0600 0
vt 4.2990 0.0000 0
vt 4.6071 0.0600 0
vt 4.5074 0.0600 0
vt 4.5468 0.0000 0
vt 4.6297 0.0000 0
vt 4.6297 0.0600 0
vt 4.4644 0.0600 0
vt 4.7069 0.0600 0
vt 4.7001 0.0000 0
vt 4.7951 0.0000 0
vt 4.9063 0.0600 0
vt 4.8533 0.0000 0
vt 4.9604 0.0000 0
vt 4.8066 0.0600 0
vt 4.7951 0.0600 0
vt 5.1058 0.0600 0
vt 5.0061 0.0600 0
vt 5.0065 0.0000 0
vt 5.1258 0.0000 0
vt 5.1258 0.0600 0
vt 4.9604 0.0600 0
vt 5.2055 0.0600 0
vt 5.1598 0.0000 0
vt 5.2911 0.0000 0
vt 5.4050 0.0600 0
vt 5.3053 0.0600 0
vt 5.3130 0.0000 0
vt 5.4565 0.0000 0
vt 5.4565 0.0600 0
vt 5.2911 0.0600 0
vt 5.5047 0.0600 0
vt 5.4663 0.0000 0
vt 5.6195 0.0000 0
vt 5.6218 0.0600 0
vt 5.6045 0.0600 0
vt 5.7042 0.0600 0
vt 5.7728 0.0000 0
vt 5.7871 0.0600 0
vt 5.9525 0.0600 0
vt 5.9037 0.0600 0
vt 5.9260 0.0000 0
vt 5.8039 0.0600 0
vt 5.7871 0.0000 0
vt 6.1031 0.0600 0
vt 6.0793 0.0000 0
vt 6.1178 0.0000 0
vt 6.0034 0.0600 0
vt 5.9525 0.0000 0
vt 6.2029 0.0600 0
vt 6.2325 0.0000 0
vt 6.1178 0.0600 0
vt 0.0357 0.0000 0
vt 0.0357 0.5000 0
vt 0.0000 0.5000 0
vt 1.0000 0.0000 0
vt 0.0160 0.0000 0
vt 0.0521 0.0000 0
vt 0.0669 0.0000 0
vt 0.0669 0.5000 0
vt 0.0837 0.0000 0
vt 0.0948 0.0000 0
vt 0.0948 0.5000 0
vt 0.1120 0.0000 0
vt 0.1202 0.0000 0
vt 0.1202 0.5000 0
vt 0.1379 0.0000 0
vt 0.1436 0.0000 0
vt 0.1436 0.5000 0
vt 0.1619 0.0000 0
vt 0.1656 0.0000 0
vt 0.1656 0.5000 0
vt 0.1845 0.0000 0
vt 0.1864 0.0000 0
vt 0.2065 0.0000 0
vt 0.2065 0.5000 0
vt 0.1864 0.5000 0
vt 0.2260 0.0000 0
vt 0.2260 0.5000 0
vt 0.2452 0.0000 0
vt 0.2452 0.5000 0
vt 0.2272 0.0000 0
vt 0.2644 0.0000 0
vt 0.2644 0.5000 0
vt 0.2480 0.0000 0
vt 0.2837 0.0000 0
vt 0.2837 0.5000 0
vt 0.2687 0.0000 0
vt 0.3035 0.0000 0
vt 0.3035 0.5000 0
vt 0.2896 0.0000 0
vt 0.3239 0.0000 0
vt 0.3239 0.5000 0
vt 0.3111 0.0000 0
vt 0.3452 0.0000 0
vt 0.3452 0.5000 0
vt 0.3335 0.0000 0
vt 0.3572 0.0000 0
vt 0.3679 0.0000 0
vt 0.3679 0.5000 0
vt 0.3827 0.0000 0
vt 0.3922 0.0000 0
vt 0.3922 0.5000 0
vt 0.4104 0.0000 0
vt 0.4188 0.0000 0
vt 0.4188 0.5000 0
vt 0.4413 0.0000 0
vt 0.4483 0.0000 0
vt 0.4483 0.5000 0
vt 0.4764 0.0000 0
vt 0.4815 0.0000 0
vt 0.4815 0.5000 0
vt 0.5160 0.0000 0
vt 0.5185 0.0000 0
vt 0.5517 0.0000 0
vt 0.5517 0.5000 0
vt 0.5185 0.5000 0
vt 0.5812 0.0000 0
vt 0.5812 0.5000 0
vt 0.6078 0.0000 0
vt 0.6078 0.5000 0
vt 0.5837 0.0000 0
vt 0.6321 0.0000 0
vt 0.6321 0.5000 0
vt 0.6120 0.0000 0
vt 0.6548 0.0000 0
vt 0.6548 0.5000 0
vt 0.6379 0.0000 0
vt 0.6761 0.0000 0
vt 0.6761 0.5000 0
vt 0.6619 0.0000 0
vt 0.6965 0.0000 0
vt 0.6965 0.5000 0
vt 0.6845 0.0000 0
vt 0.7062 0.0000 0
vt 0.7163 0.0000 0
vt 0.7163 0.5000 0
vt 0.7272 0.0000 0
vt 0.7356 0.0000 0
vt 0.7356 0.5000 0
vt 0.7480 0.0000 0
vt 0.7548 0.0000 0
vt 0.7548 0.5000 0
vt 0.7687 0.0000 0
vt 0.7740 0.0000 0
vt 0.7740 0.5000 0
vt 0.7896 0.0000 0
vt 0.7935 0.0000 0
vt 0.7935 0.5000 0
vt 0.8111 0.0000 0
vt 0.8136 0.0000 0
vt 0.8136 0.5000 0
vt 0.8335 0.0000 0
vt 0.8344 0.0000 0
vt 0.8564 0.0000 0
vt 0.8564 0.5000 0
vt 0.8344 0.5000 0
vt 0.8798 0.0000 0
vt 0.8798 0.5000 0
vt 0.8572 0.0000 0
vt 0.9052 0.0000 0
vt 0.9052 0.5000 0
vt 0.8827 0.0000 0
vt 0.9331 0.0000 0
vt 0.9331 0.5000 0
vt 0.9104 0.0000 0
vt 0.9643 0.0000 0
vt 0.9643 0.5000 0
vt 0.9413 0.0000 0
vt 0.9764 0.0000 0
vt 0.0357 1.0000 0
vt 0.0000 1.0000 0
vt 0.0669 1.0000 0
vt 0.0948 1.0000 0
vt 0.1202 1.0000 0
vt 0.1436 1.0000 0
vt 0.1656 1.0000 0
vt 0.1864 1.0000 0
vt 0.2065 1.0000 0
vt 0.2260 1.0000 0
vt 0.2452 1.0000 0
vt 0.2644 1.0000 0
vt 0.2837 1.0000 0
vt 0.3035 1.0000 0
vt 0.3239 1.0000 0
vt 0.3452 1.0000 0
vt 0.3679 1.0000 0
vt 0.3922 1.0000 0
vt 0.4188 1.0000 0
vt 0.4483 1.0000 0
vt 0.4815 1.0000 0
vt 0.5185 1.0000 0
vt 0.5517 1.0000 0
vt 0.5812 1.0000 0
vt 0.6078 1.0000 0
vt 0.6321 1.0000 0
vt 0.6548 1.0000 0
vt 0.6761 1.0000 0
vt 0.6965 1.0000 0
vt 0.7163 1.0000 0
vt 0.7356 1.0000 0
vt 0.7548 1.0000 0
vt 0.7740 1.0000 0
vt 0.7935 1.0000 0
vt 0.8136 1.0000 0
vt 0.8344 1.0000 0
vt 0.8564 1.0000 0
vt 0.8798 1.0000 0
vt 0.9052 1.0000 0
vt 0.9331 1.0000 0
vt -0.0357 1.0000 0
vt 0.0110 0.0197 0
vt 0.0138 0.0177 0
vt 0.0101 0.0143 0
vt 0.0164 0.0154 0
vt 0.0123 0.0125 0
vt 0.0185 0.0127 0
vt 0.0141 0.0103 0
vt 0.0203 0.0098 0
vt 0.0156 0.0079 0
vt 0.0215 0.0066 0
vt 0.0167 0.0053 0
vt 0.0223 0.0032 0
vt 0.0173 0.0026 0
vt 0.0225 -0.0002 0
vt 0.0175 -0.0002 0
vt 0.0214 -0.0070 0
vt 0.0165 -0.0057 0
vt 0.0172 -0.0030 0
vt 0.0201 -0.0102 0
vt 0.0154 -0.0083 0
vt 0.0006 -0.0225 0
vt -0.0009 -0.0175 0
vt 0.0019 -0.0174 0
vt -0.0224 0.0020 0
vt -0.0174 0.0016 0
vt -0.0175 0.0000 0
vt -0.0219 0.0054 0
vt -0.0169 0.0044 0
vt -0.0172 0.0145 0
vt -0.0129 0.0118 0
vt -0.0147 0.0095 0
vt -0.0148 0.0170 0
vt -0.0109 0.0137 0
vt -0.0090 0.0206 0
vt -0.0060 0.0164 0
vt -0.0086 0.0153 0
vt -0.0057 0.0218 0
vt -0.0033 0.0172 0
vt 0.0222 -0.0037 0
vt 0.0040 -0.0221 0
vt -0.0028 -0.0223 0
vt -0.0062 -0.0216 0
vt -0.0037 -0.0171 0
vt -0.0208 0.0086 0
vt -0.0160 0.0071 0
vt -0.0120 0.0190 0
vt -0.0023 0.0224 0
vt -0.0005 0.0175 0
vt 0.0011 0.0225 0
vt 0.0045 0.0220 0
vt 0.0023 0.0173 0
vt 0.0183 -0.0131 0
vt 0.0139 -0.0107 0
vt 0.0160 -0.0158 0
vt 0.0120 -0.0128 0
vt 0.0074 -0.0213 0
vt 0.0047 -0.0169 0
vt 0.0073 -0.0159 0
vt -0.0094 -0.0204 0
vt -0.0064 -0.0163 0
vt -0.0124 -0.0188 0
vt -0.0151 -0.0166 0
vt -0.0112 -0.0134 0
vt -0.0175 -0.0141 0
vt -0.0132 -0.0114 0
vt -0.0192 0.0117 0
vt 0.0078 0.0211 0
vt 0.0051 0.0167 0
vt 0.0134 -0.0180 0
vt 0.0098 -0.0145 0
vt 0.0105 -0.0199 0
vt -0.0089 -0.0150 0
vt 0.0077 0.0157 0
vt -0.0220 -0.0049 0
vt -0.0225 -0.0015 0
vt -0.0175 -0.0012 0
vt -0.0195 -0.0113 0
vt -0.0149 -0.0092 0
vt -0.0210 -0.0082 0
vt -0.0162 -0.0067 0
vt -0.0170 -0.0040 0
vt 0.0000 0.6629 0
vt 0.0086 0.9891 0
vt 0.0245 0.9891 0
vt 1.0000 0.9891 0
vt 0.0245 0.6629 0
vt 0.0468 0.9891 0
vt 0.0468 0.6629 0
vt 0.0674 0.9891 0
vt 0.0674 0.6629 0
vt 0.0796 0.9891 0
vt 0.0864 0.9891 0
vt 0.0864 0.6629 0
vt 0.1042 0.9891 0
vt 0.1042 0.6629 0
vt 0.1091 0.9891 0
vt 0.1210 0.9891 0
vt 0.1210 0.6629 0
vt 0.1358 0.9891 0
vt 0.1369 0.9891 0
vt 0.1369 0.6629 0
vt 0.1521 0.9891 0
vt 0.1521 0.6629 0
vt 0.1606 0.9891 0
vt 0.1666 0.9891 0
vt 0.1666 0.6629 0
vt 0.1807 0.9891 0
vt 0.1807 0.6629 0
vt 0.1839 0.9891 0
vt 0.1944 0.9891 0
vt 0.1944 0.6629 0
vt 0.2061 0.9891 0
vt 0.2078 0.9891 0
vt 0.2078 0.6629 0
vt 0.2209 0.9891 0
vt 0.2209 0.6629 0
vt 0.2278 0.9891 0
vt 0.2339 0.9891 0
vt 0.2339 0.6629 0
vt 0.2468 0.9891 0
vt 0.2468 0.6629 0
vt 0.2490 0.9891 0
vt 0.2597 0.9891 0
vt 0.2597 0.6629 0
vt 0.2703 0.9891 0
vt 0.2726 0.9891 0
vt 0.2726 0.6629 0
vt 0.2856 0.9891 0
vt 0.2856 0.6629 0
vt 0.2919 0.9891 0
vt 0.2989 0.9891 0
vt 0.2989 0.6629 0
vt 0.3124 0.9891 0
vt 0.3124 0.6629 0
vt 0.3141 0.9891 0
vt 0.3263 0.9891 0
vt 0.3263 0.6629 0
vt 0.3373 0.9891 0
vt 0.3406 0.9891 0
vt 0.3406 0.6629 0
vt 0.3554 0.9891 0
vt 0.3554 0.6629 0
vt 0.3619 0.9891 0
vt 0.3710 0.9891 0
vt 0.3710 0.6629 0
vt 0.3873 0.9891 0
vt 0.3873 0.6629 0
vt 0.3884 0.9891 0
vt 0.4045 0.9891 0
vt 0.4045 0.6629 0
vt 0.4176 0.9891 0
vt 0.4229 0.9891 0
vt 0.4229 0.6629 0
vt 0.4427 0.9891 0
vt 0.4427 0.6629 0
vt 0.4503 0.9891 0
vt 0.4641 0.9891 0
vt 0.4641 0.6629 0
vt 0.4874 0.9891 0
vt 0.4874 0.6629 0
vt 0.5126 0.9891 0
vt 0.5126 0.6629 0
vt 0.5283 0.9891 0
vt 0.5359 0.9891 0
vt 0.5359 0.6629 0
vt 0.5573 0.9891 0
vt 0.5573 0.6629 0
vt 0.5636 0.9891 0
vt 0.5771 0.9891 0
vt 0.5771 0.6629 0
vt 0.5955 0.9891 0
vt 0.5955 0.6629 0
vt 0.6127 0.9891 0
vt 0.6127 0.6629 0
vt 0.6228 0.9891 0
vt 0.6290 0.9891 0
vt 0.6290 0.6629 0
vt 0.6446 0.9891 0
vt 0.6446 0.6629 0
vt 0.6484 0.9891 0
vt 0.6594 0.9891 0
vt 0.6594 0.6629 0
vt 0.6724 0.9891 0
vt 0.6737 0.9891 0
vt 0.6737 0.6629 0
vt 0.6876 0.9891 0
vt 0.6876 0.6629 0
vt 0.6951 0.9891 0
vt 0.7011 0.9891 0
vt 0.7011 0.6629 0
vt 0.7144 0.9891 0
vt 0.7144 0.6629 0
vt 0.7170 0.9891 0
vt 0.7274 0.9891 0
vt 0.7274 0.6629 0
vt 0.7384 0.9891 0
vt 0.7403 0.9891 0
vt 0.7403 0.6629 0
vt 0.7532 0.9891 0
vt 0.7532 0.6629 0
vt 0.7597 0.9891 0
vt 0.7661 0.9891 0
vt 0.7661 0.6629 0
vt 0.7791 0.9891 0
vt 0.7791 0.6629 0
vt 0.7810 0.9891 0
vt 0.7922 0.9891 0
vt 0.7922 0.6629 0
vt 0.8029 0.9891 0
vt 0.8056 0.9891 0
vt 0.8056 0.6629 0
vt 0.8193 0.9891 0
vt 0.8193 0.6629 0
vt 0.8255 0.9891 0
vt -1.1666 0.9891 0
vt 0.8334 0.6629 0
vt -1.1567 0.9891 0
vt -1.1521 0.9891 0
vt 0.8479 0.6629 0
vt 0.8493 0.9891 0
vt 0.8631 0.9891 0
vt 0.8631 0.6629 0
vt 0.8749 0.9891 0
vt 0.8790 0.9891 0
vt 0.8790 0.6629 0
vt 0.8958 0.9891 0
vt 0.8958 0.6629 0
vt 0.9026 0.9891 0
vt 0.9136 0.9891 0
vt 0.9136 0.6629 0
vt 0.9326 0.9891 0
vt 0.9326 0.6629 0
vt 0.9532 0.9891 0
vt 0.9532 0.6629 0
vt 0.9683 0.9891 0
vt 0.9755 0.9891 0
vt 0.9755 0.6629 0
vt -1.0000 0.0028 0
vt -0.9755 0.0028 0
vt -0.9532 0.0028 0
vt -0.9326 0.0028 0
vt -0.9136 0.0028 0
vt -0.8958 0.0028 0
vt -0.8790 0.0028 0
vt -0.8631 0.0028 0
vt -0.8479 0.0028 0
vt -0.8334 0.0028 0
vt -0.8193 0.0028 0
vt -0.8056 0.0028 0
vt -0.7922 0.0028 0
vt -0.7791 0.0028 0
vt -0.7661 0.0028 0
vt -0.7532 0.0028 0
vt -0.7403 0.0028 0
vt -0.7274 0.0028 0
vt -0.7144 0.0028 0
vt -0.7011 0.0028 0
vt -0.6876 0.0028 0
vt -0.6737 0.0028 0
vt -0.6594 0.0028 0
vt -0.6446 0.0028 0
vt -0.6290 0.0028 0
vt -0.6127 0.0028 0
vt -0.5955 0.0028 0
vt -0.5771 0.0028 0
vt -0.5573 0.0028 0
vt -0.5359 0.0028 0
vt -0.5126 0.0028 0
vt -0.4874 0.0028 0
vt -0.4641 0.0028 0
vt -0.4427 0.0028 0
vt -0.4229 0.0028 0
vt -0.4045 0.0028 0
vt -0.3873 0.0028 0
vt -0.3710 0.0028 0
vt -0.3554 0.0028 0
vt -0.3406 0.0028 0
vt -0.3263 0.0028 0
vt -0.3124 0.0028 0
vt -0.2989 0.0028 0
vt -0.2856 0.0028 0
vt -0.2726 0.0028 0
vt -0.2597 0.0028 0
vt -0.2468 0.0028 0
vt -0.2339 0.0028 0
vt -0.2209 0.0028 0
vt -0.1971 0.0028 0
vt -0.2078 0.0028 0
vt -0.1944 0.0028 0
vt 0.8193 0.0028 0
vt 0.8334 0.0028 0
vt 0.8479 0.0028 0
vt 0.8631 0.0028 0
vt 0.8790 0.0028 0
vt 0.8958 0.0028 0
vt 0.9136 0.0028 0
vt 0.9326 0.0028 0
vt 0.9532 0.0028 0
vt 0.9755 0.0028 0
vt 0.0000 0.0589 0
vt -12.4703 0.0589 0
vt -12.4846 -0.0009 0
vt 0.1698 0.0589 0
vt 0.1698 -0.0009 0
vt -12.3673 0.0589 0
vt -12.3235 -0.0009 0
vt -12.2643 0.0589 0
vt 0.3396 -0.0009 0
vt 0.3396 0.0589 0
vt -12.1613 0.0589 0
vt -12.1624 -0.0009 0
vt -12.0583 0.0589 0
vt 0.5094 -0.0009 0
vt -11.9553 0.0589 0
vt -12.0013 -0.0009 0
vt 0.6793 0.0589 0
vt 0.6793 -0.0009 0
vt -11.8523 0.0589 0
vt -11.8402 -0.0009 0
vt -11.7493 0.0589 0
vt 0.8491 -0.0009 0
vt 0.8491 0.0589 0
vt -11.6463 0.0589 0
vt -11.6791 -0.0009 0
vt -11.5433 0.0589 0
vt 1.0189 -0.0009 0
vt -11.4403 0.0589 0
vt 1.1887 -0.0009 0
vt -11.5180 -0.0009 0
vt 1.1887 0.0589 0
vt -11.3373 0.0589 0
vt -11.3569 -0.0009 0
vt -11.2343 0.0589 0
vt 1.3585 -0.0009 0
vt 1.3585 0.0589 0
vt -11.1313 0.0589 0
vt 1.5283 0.0589 0
vt -11.0347 -0.0009 0
vt -11.1958 -0.0009 0
vt 1.6982 0.0589 0
vt 1.6982 -0.0009 0
vt -10.8736 -0.0009 0
vt 1.5708 0.0589 0
vt -10.9253 0.0589 0
vt -11.0283 0.0589 0
vt -10.8223 0.0589 0
vt -10.7193 0.0589 0
vt -10.7124 -0.0009 0
vt 1.8680 0.0589 0
vt 1.8680 -0.0009 0
vt -10.6163 0.0589 0
vt -10.5513 -0.0009 0
vt 2.0378 0.0589 0
vt 2.0378 -0.0009 0
vt -10.4103 0.0589 0
vt -10.3902 -0.0009 0
vt -10.5133 0.0589 0
vt 2.2076 0.0589 0
vt 2.2076 -0.0009 0
vt -10.3073 0.0589 0
vt -10.2043 0.0589 0
vt -10.2291 -0.0009 0
vt 2.3774 0.0589 0
vt 2.3774 -0.0009 0
vt -10.1013 0.0589 0
vt -10.0680 -0.0009 0
vt 2.5472 0.0589 0
vt 2.5472 -0.0009 0
vt -9.9983 0.0589 0
vt -9.8952 0.0589 0
vt -9.9069 -0.0009 0
vt 2.7171 0.0589 0
vt 2.7171 -0.0009 0
vt -9.7922 0.0589 0
vt -9.7458 -0.0009 0
vt -9.6892 0.0589 0
vt 2.8869 -0.0009 0
vt 2.8869 0.0589 0
vt -9.5862 0.0589 0
vt -9.5847 -0.0009 0
vt 3.0567 0.0589 0
vt 3.0567 -0.0009 0
vt -15.7664 0.0589 0
vt 3.1416 -0.0009 0
vt -15.6634 0.0589 0
vt -15.7068 -0.0009 0
vt 3.2265 0.0589 0
vt 3.2265 -0.0009 0
vt -15.5604 0.0589 0
vt -15.5457 -0.0009 0
vt -15.4574 0.0589 0
vt 3.3963 -0.0009 0
vt -15.3544 0.0589 0
vt -15.3846 -0.0009 0
vt 3.5661 0.0589 0
vt 3.5661 -0.0009 0
vt -15.2514 0.0589 0
vt -15.2235 -0.0009 0
vt -15.1484 0.0589 0
vt 3.7359 -0.0009 0
vt 3.7359 0.0589 0
vt -15.0454 0.0589 0
vt -15.0623 -0.0009 0
vt -14.9424 0.0589 0
vt 3.9058 -0.0009 0
vt -14.8394 0.0589 0
vt -14.9012 -0.0009 0
vt 4.0756 0.0589 0
vt 4.0756 -0.0009 0
vt -14.7364 0.0589 0
vt -14.7401 -0.0009 0
vt -14.6334 0.0589 0
vt 4.2454 -0.0009 0
vt 4.2454 0.0589 0
vt -14.5304 0.0589 0
vt -14.5790 -0.0009 0
vt 4.4152 0.0589 0
vt 4.4152 -0.0009 0
vt -14.4274 0.0589 0
vt -14.4179 -0.0009 0
vt -14.3244 0.0589 0
vt 4.5850 -0.0009 0
vt 4.5850 0.0589 0
vt -14.2214 0.0589 0
vt -14.2568 -0.0009 0
vt -14.1184 0.0589 0
vt -14.0957 -0.0009 0
vt 4.7548 0.0589 0
vt 4.9247 0.0589 0
vt 4.9247 -0.0009 0
vt -13.9346 -0.0009 0
vt -14.0154 0.0589 0
vt -13.8094 0.0589 0
vt -13.7735 -0.0009 0
vt -13.9124 0.0589 0
vt 5.0945 0.0589 0
vt 5.0945 -0.0009 0
vt -13.7064 0.0589 0
vt -13.6034 0.0589 0
vt -13.6124 -0.0009 0
vt 5.2643 0.0589 0
vt 5.2643 -0.0009 0
vt -13.5004 0.0589 0
vt -13.4513 -0.0009 0
vt 5.4341 0.0589 0
vt 5.4341 -0.0009 0
vt -13.3974 0.0589 0
vt -13.2943 0.0589 0
vt -13.2902 -0.0009 0
vt 5.6039 0.0589 0
vt 5.6039 -0.0009 0
vt -13.1913 0.0589 0
vt -13.0883 0.0589 0
vt -13.1291 -0.0009 0
vt 5.7737 -0.0009 0
vt 5.7737 0.0589 0
vt -12.9853 0.0589 0
vt -12.9680 -0.0009 0
vt 5.9436 0.0589 0
vt 5.9436 -0.0009 0
vt -12.8823 0.0589 0
vt -12.7793 0.0589 0
vt -12.8068 -0.0009 0
vt 6.1134 0.0589 0
vt 6.1134 -0.0009 0
vt -12.6763 0.0589 0
vt -12.6457 -0.0009 0
vt -12.5733 0.0589 0
vt 0.0000 -0.0009 0
vt -3.9627 0.8167 0
vt -4.0000 0.8167 0
vt 0.0000 1.0020 0
vt -3.9301 0.8167 0
vt 0.0373 1.0020 0
vt -3.9011 0.8167 0
vt 0.0699 1.0020 0
vt -3.8749 0.8167 0
vt 0.0989 1.0020 0
vt -3.8506 0.8167 0
vt 0.1251 1.0020 0
vt -3.8279 0.8167 0
vt 0.1494 1.0020 0
vt -3.8063 0.8167 0
vt 0.1721 1.0020 0
vt -3.7855 0.8167 0
vt 0.1937 1.0020 0
vt -3.7651 0.8167 0
vt 0.2145 1.0020 0
vt -3.7450 0.8167 0
vt 0.2349 1.0020 0
vt -3.7247 0.8167 0
vt 0.2550 1.0020 0
vt -3.7042 0.8167 0
vt 0.2753 1.0020 0
vt -3.6830 0.8167 0
vt 0.2958 1.0020 0
vt -3.6609 0.8167 0
vt 0.3170 1.0020 0
vt -3.6375 0.8167 0
vt 0.3391 1.0020 0
vt -3.6123 0.8167 0
vt 0.3625 1.0020 0
vt -3.5848 0.8167 0
vt 0.3877 1.0020 0
vt -3.5541 0.8167 0
vt 0.4152 1.0020 0
vt -3.5194 0.8167 0
vt 0.4459 1.0020 0
vt -3.4806 0.8167 0
vt -3.5194 1.0020 0
vt -3.5031 1.0020 0
vt -3.4459 0.8167 0
vt -3.4806 1.0020 0
vt -3.4152 0.8167 0
vt 0.5541 1.0020 0
vt -3.3877 0.8167 0
vt 0.5848 1.0020 0
vt -3.3625 0.8167 0
vt 0.6123 1.0020 0
vt -3.3391 0.8167 0
vt 0.6375 1.0020 0
vt -3.3170 0.8167 0
vt 0.6609 1.0020 0
vt -3.2958 0.8167 0
vt 0.6830 1.0020 0
vt -3.2753 0.8167 0
vt 0.7042 1.0020 0
vt -3.2550 0.8167 0
vt 0.7247 1.0020 0
vt -3.2349 0.8167 0
vt 0.7450 1.0020 0
vt -3.2145 0.8167 0
vt 0.7651 1.0020 0
vt -3.1937 0.8167 0
vt 0.7855 1.0020 0
vt -3.1721 0.8167 0
vt 0.8063 1.0020 0
vt -3.1494 0.8167 0
vt 0.8279 1.0020 0
vt -3.1251 0.8167 0
vt 0.8506 1.0020 0
vt -3.0989 0.8167 0
vt 0.8749 1.0020 0
vt -3.0699 0.8167 0
vt 0.9011 1.0020 0
vt -3.0373 0.8167 0
vt 0.9301 1.0020 0
vt 0.9627 1.0020 0
vt -3.9627 0.5877 0
vt -3.9301 0.5877 0
vt -3.9011 0.5877 0
vt -3.8749 0.5877 0
vt -3.8506 0.5877 0
vt -3.8279 0.5877 0
vt -3.8063 0.5877 0
vt -3.7855 0.5877 0
vt -3.7651 0.5877 0
vt -3.7450 0.5877 0
vt -3.7247 0.5877 0
vt -3.7042 0.5877 0
vt -3.6830 0.5877 0
vt -3.6609 0.5877 0
vt -3.6375 0.5877 0
vt -3.6123 0.5877 0
vt -3.5848 0.5877 0
vt -3.5541 0.5877 0
vt -3.5194 0.5877 0
vt -3.4806 0.5877 0
vt -3.4459 0.5877 0
vt -3.4152 0.5877 0
vt -3.3877 0.5877 0
vt -3.3625 0.5877 0
vt -3.3391 0.5877 0
vt -3.3170 0.5877 0
vt -3.2958 0.5877 0
vt -3.2753 0.5877 0
vt -3.2550 0.5877 0
vt -3.2349 0.5877 0
vt -3.2145 0.5877 0
vt -3.1937 0.5877 0
vt -3.1721 0.5877 0
vt -3.1494 0.5877 0
vt -3.1251 0.5877 0
vt -3.0989 0.5877 0
vt -3.0699 0.5877 0
vt -3.0373 0.5877 0
vt -4.0000 0.5877 0
vt -2.9627 0.3329 0
vt -2.9301 0.3329 0
vt -2.9011 0.3329 0
vt -2.8749 0.3329 0
vt -2.8506 0.3329 0
vt -2.8279 0.3329 0
vt -2.8063 0.3329 0
vt -2.7855 0.3329 0
vt -2.7651 0.3329 0
vt -2.7450 0.3329 0
vt -2.7247 0.3329 0
vt -2.7042 0.3329 0
vt -2.6830 0.3329 0
vt -2.6609 0.3329 0
vt -2.6375 0.3329 0
vt -2.6123 0.3329 0
vt -2.5848 0.3329 0
vt -2.5541 0.3329 0
vt -2.5194 0.3329 0
vt -2.4806 0.3329 0
vt -2.4459 0.3329 0
vt -2.4152 0.3329 0
vt -2.3877 0.3329 0
vt -2.3625 0.3329 0
vt -2.3391 0.3329 0
vt -2.3170 0.3329 0
vt -2.2958 0.3329 0
vt -2.2753 0.3329 0
vt -2.2550 0.3329 0
vt -2.2349 0.3329 0
vt -2.2145 0.3329 0
vt -2.1937 0.3329 0
vt -2.1721 0.3329 0
vt -2.1494 0.3329 0
vt -2.1251 0.3329 0
vt -2.0989 0.3329 0
vt -2.0699 0.3329 0
vt -2.0373 0.3329 0
vt -3.0000 0.3329 0
vt -0.9627 -0.0078 0
vt 0.0135 -0.0078 0
vt -0.9301 -0.0078 0
vt 0.0508 -0.0078 0
vt -0.9011 -0.0078 0
vt 0.0834 -0.0078 0
vt -0.8749 -0.0078 0
vt 0.1125 -0.0078 0
vt -0.8506 -0.0078 0
vt 0.1390 -0.0078 0
vt -0.8279 -0.0078 0
vt 0.1635 -0.0078 0
vt -0.8063 -0.0078 0
vt 0.1867 -0.0078 0
vt -0.7855 -0.0078 0
vt 0.2088 -0.0078 0
vt -0.7651 -0.0078 0
vt 0.2304 -0.0078 0
vt -0.7450 -0.0078 0
vt 0.2516 -0.0078 0
vt -0.7247 -0.0078 0
vt 0.2729 -0.0078 0
vt -0.7042 -0.0078 0
vt 0.2946 -0.0078 0
vt -0.6830 -0.0078 0
vt -0.6609 -0.0078 0
vt -0.6375 -0.0078 0
vt 0.3402 -0.0078 0
vt -0.6123 -0.0078 0
vt 0.3650 -0.0078 0
vt -0.5848 -0.0078 0
vt 0.3918 -0.0078 0
vt -0.5541 -0.0078 0
vt 0.4214 -0.0078 0
vt -0.5194 -0.0078 0
vt 0.4546 -0.0078 0
vt -0.4806 -0.0078 0
vt 0.4928 -0.0078 0
vt -0.4459 -0.0078 0
vt 0.5329 -0.0078 0
vt -0.4152 -0.0078 0
vt 0.5676 -0.0078 0
vt -0.3877 -0.0078 0
vt 0.5983 -0.0078 0
vt -0.3625 -0.0078 0
vt 0.6260 -0.0078 0
vt -0.3875 -0.0078 0
vt 0.6609 -0.0078 0
vt 0.6514 -0.0078 0
vt 0.6830 -0.0078 0
vt 0.6752 -0.0078 0
vt 0.7042 -0.0078 0
vt 0.6978 -0.0078 0
vt 0.7247 -0.0078 0
vt 0.7197 -0.0078 0
vt 0.7450 -0.0078 0
vt 0.7410 -0.0078 0
vt 0.7651 -0.0078 0
vt 0.7623 -0.0078 0
vt 0.7855 -0.0078 0
vt 0.7837 -0.0078 0
vt 0.8063 -0.0078 0
vt 0.8056 -0.0078 0
vt 0.8279 -0.0078 0
vt 0.8506 -0.0078 0
vt 0.8749 -0.0078 0
vt 0.8524 -0.0078 0
vt 0.9011 -0.0078 0
vt 0.8781 -0.0078 0
vt 0.9301 -0.0078 0
vt 0.9062 -0.0078 0
vt 0.9627 -0.0078 0
vt 0.9375 -0.0078 0
vt -1.0000 -0.0078 0
vt 0.9730 -0.0078 0
f 123/123/123 125/125/125 124/124/124
f 125/125/125 123/123/123 68/68/68
f 99/99/99 101/101/101 110/110/110
f 119/119/119 122/122/122 120/120/120
f 57/57/57 59/59/59 107/107/107
f 121/121/121 124/124/124 122/122/122
f 115/115/115 118/118/118 116/116/116
f 67/67/67 66/66/66 65/65/65
f 70/70/70 72/72/72 106/106/106
f 124/124/124 121/121/121 123/123/123
f 122/122/122 119/119/119 121/121/121
f 117/117/117 120/120/120 118/118/118
f 111/111/111 114/114/114 112/112/112
f 97/97/97 96/96/96 109/109/109
f 89/89/89 88/88/88 87/87/87
f 77/77/77 80/80/80 78/78/78
f 51/51/51 105/105/105 52/52/52
f 120/120/120 117/117/117 119/119/119
f 118/118/118 115/115/115 117/117/117
f 113/113/113 116/116/116 114/114/114
f 102/102/102 112/112/112 103/103/103
f 109/109/109 110/110/110 97/97/97
f 108/108/108 95/95/95 94/94/94
f 93/93/93 92/92/92 91/91/91
f 85/85/85 84/84/84 83/83/83
f 81/81/81 107/107/107 82/82/82
f 73/73/73 76/76/76 74/74/74
f 104/104/104 106/106/106 105/105/105
f 7/7/7 9/9/9 37/37/37
f 116/116/116 113/113/113 115/115/115
f 114/114/114 111/111/111 113/113/113
f 112/112/112 102/102/102 111/111/111
f 100/100/100 103/103/103 101/101/101
f 110/110/110 109/109/109 99/99/99
f 96/96/96 98/98/98 108/108/108
f 95/95/95 108/108/108 98/98/98
f 94/94/94 54/54/54 53/53/53
f 62/62/62 64/64/64 93/93/93
f 91/91/91 90/90/90 89/89/89
f 87/87/87 86/86/86 85/85/85
f 83/83/83 61/61/61 60/60/60
f 107/107/107 81/81/81 57/57/57
f 79/79/79 82/82/82 80/80/80
f 75/75/75 78/78/78 76/76/76
f 71/71/71 74/74/74 72/72/72
f 106/106/106 104/104/104 70/70/70
f 105/105/105 51/51/51 104/104/104
f 42/42/42 41/41/41 40/40/40
f 55/55/55 56/56/56 69/69/69
f 103/103/103 100/100/100 102/102/102
f 101/101/101 99/99/99 100/100/100
f 98/98/98 96/96/96 97/97/97
f 54/54/54 94/94/94 95/95/95
f 44/44/44 45/45/45 67/67/67
f 65/65/65 63/63/63 62/62/62
f 92/92/92 93/93/93 64/64/64
f 90/90/90 91/91/91 92/92/92
f 88/88/88 89/89/89 90/90/90
f 86/86/86 87/87/87 88/88/88
f 84/84/84 85/85/85 86/86/86
f 61/61/61 83/83/83 84/84/84
f 58/58/58 61/61/61 59/59/59
f 82/82/82 79/79/79 81/81/81
f 80/80/80 77/77/77 79/79/79
f 78/78/78 75/75/75 77/77/77
f 76/76/76 73/73/73 75/75/75
f 74/74/74 71/71/71 73/73/73
f 72/72/72 70/70/70 71/71/71
f 47/47/47 50/50/50 48/48/48
f 46/46/46 39/39/39 38/38/38
f 30/30/30 32/32/32 56/56/56
f 69/69/69 68/68/68 55/55/55
f 53/53/53 29/29/29 28/28/28
f 66/66/66 67/67/67 45/45/45
f 63/63/63 65/65/65 66/66/66
f 64/64/64 62/62/62 63/63/63
f 61/61/61 58/58/58 60/60/60
f 59/59/59 57/57/57 58/58/58
f 49/49/49 52/52/52 50/50/50
f 23/23/23 48/48/48 24/24/24
f 1/1/1 5/5/5 46/46/46
f 16/16/16 15/15/15 14/14/14
f 35/35/35 34/34/34 33/33/33
f 56/56/56 55/55/55 30/30/30
f 29/29/29 53/53/53 54/54/54
f 25/25/25 27/27/27 44/44/44
f 52/52/52 49/49/49 51/51/51
f 50/50/50 47/47/47 49/49/49
f 48/48/48 23/23/23 47/47/47
f 22/22/22 24/24/24 43/43/43
f 40/40/40 21/21/21 20/20/20
f 39/39/39 46/46/46 5/5/5
f 38/38/38 19/19/19 18/18/18
f 12/12/12 11/11/11 10/10/10
f 37/37/37 36/36/36 35/35/35
f 31/31/31 34/34/34 32/32/32
f 28/28/28 26/26/26 25/25/25
f 45/45/45 44/44/44 27/27/27
f 22/22/22 43/43/43 42/42/42
f 41/41/41 42/42/42 43/43/43
f 21/21/21 40/40/40 41/41/41
f 20/20/20 6/6/6 2/2/2
f 19/19/19 38/38/38 39/39/39
f 18/18/18 17/17/17 16/16/16
f 14/14/14 13/13/13 12/12/12
f 10/10/10 8/8/8 7/7/7
f 36/36/36 37/37/37 9/9/9
f 34/34/34 35/35/35 36/36/36
f 34/34/34 31/31/31 33/33/33
f 32/32/32 30/30/30 31/31/31
f 26/26/26 28/28/28 29/29/29
f 27/27/27 25/25/25 26/26/26
f 24/24/24 22/22/22 23/23/23
f 6/6/6 20/20/20 21/21/21
f 3/3/3 1/1/1 2/2/2
f 1/1/1 3/3/3 4/4/4
f 17/17/17 18/18/18 19/19/19
f 15/15/15 16/16/16 17/17/17
f 13/13/13 14/14/14 15/15/15
f 11/11/11 12/12/12 13/13/13
f 8/8/8 10/10/10 11/11/11
f 9/9/9 7/7/7 8/8/8
f 3/3/3 2/2/2 6/6/6
f 5/5/5 1/1/1 4/4/4
f 68/68/68 69/69/69 125/125/125
f 191/191/191 194/194/194 192/192/192
f 127/127/127 130/130/130 128/128/128
f 129/129/129 132/132/132 130/130/130
f 131/131/131 134/134/134 132/132/132
f 133/133/133 136/136/136 134/134/134
f 135/135/135 138/138/138 136/136/136
f 137/137/137 140/140/140 138/138/138
f 139/139/139 142/142/142 140/140/140
f 141/141/141 144/144/144 142/142/142
f 143/143/143 146/146/146 144/144/144
f 145/145/145 148/148/148 146/146/146
f 147/147/147 150/150/150 148/148/148
f 149/149/149 152/152/152 150/150/150
f 151/151/151 154/154/154 152/152/152
f 153/153/153 156/156/156 154/154/154
f 155/155/155 158/158/158 156/156/156
f 157/157/157 160/160/160 158/158/158
f 159/159/159 162/162/162 160/160/160
f 161/161/161 164/164/164 162/162/162
f 163/163/163 166/166/166 164/164/164
f 165/165/165 168/168/168 166/166/166
f 167/167/167 170/170/170 168/168/168
f 169/169/169 172/172/172 170/170/170
f 171/171/171 174/174/174 172/172/172
f 173/173/173 176/176/176 174/174/174
f 175/175/175 178/178/178 176/176/176
f 177/177/177 180/180/180 178/178/178
f 179/179/179 182/182/182 180/180/180
f 181/181/181 184/184/184 182/182/182
f 183/183/183 186/186/186 184/184/184
f 185/185/185 188/188/188 186/186/186
f 187/187/187 190/190/190 188/188/188
f 189/189/189 192/192/192 190/190/190
f 193/193/193 196/196/196 194/194/194
f 195/195/195 198/198/198 196/196/196
f 197/197/197 200/200/200 198/198/198
f 199/199/199 202/202/202 200/200/200
f 201/201/201 204/204/204 202/202/202
f 203/203/203 206/206/206 204/204/204
f 205/205/205 208/208/208 206/206/206
f 207/207/207 210/210/210 208/208/208
f 209/209/209 212/212/212 210/210/210
f 211/211/211 214/214/214 212/212/212
f 213/213/213 216/216/216 214/214/214
f 215/215/215 218/218/218 216/216/216
f 217/217/217 220/220/220 218/218/218
f 219/219/219 222/222/222 220/220/220
f 221/221/221 224/224/224 222/222/222
f 223/223/223 226/226/226 224/224/224
f 225/225/225 228/228/228 226/226/226
f 227/227/227 230/230/230 228/228/228
f 229/229/229 232/232/232 230/230/230
f 231/231/231 234/234/234 232/232/232
f 233/233/233 236/236/236 234/234/234
f 235/235/235 238/238/238 236/236/236
f 237/237/237 240/240/240 238/238/238
f 239/239/239 242/242/242 240/240/240
f 241/241/241 244/244/244 242/242/242
f 243/243/243 246/246/246 244/244/244
f 245/245/245 248/248/248 246/246/246
f 247/247/247 250/250/250 248/248/248
f 249/249/249 251/251/251 250/250/250
f 251/251/251 253/253/253 350/350/350
f 128/128/128 254/254/254 252/252/252
f 130/130/130 256/256/256 254/254/254
f 132/132/132 258/258/258 255/255/255
f 134/134/134 259/259/259 257/257/257
f 136/136/136 261/261/261 259/259/259
f 138/138/138 262/262/262 260/260/260
f 140/140/140 264/264/264 262/262/262
f 142/142/142 266/266/266 263/263/263
f 144/144/144 267/267/267 265/265/265
f 146/146/146 269/269/269 267/267/267
f 148/148/148 270/270/270 268/268/268
f 150/150/150 272/272/272 270/270/270
f 152/152/152 274/274/274 271/271/271
f 154/154/154 275/275/275 273/273/273
f 156/156/156 277/277/277 275/275/275
f 158/158/158 278/278/278 276/276/276
f 160/160/160 280/280/280 278/278/278
f 162/162/162 282/282/282 279/279/279
f 164/164/164 283/283/283 281/281/281
f 166/166/166 285/285/285 283/283/283
f 168/168/168 286/286/286 284/284/284
f 170/170/170 288/288/288 286/286/286
f 172/172/172 290/290/290 287/287/287
f 174/174/174 291/291/291 289/289/289
f 176/176/176 293/293/293 291/291/291
f 178/178/178 294/294/294 292/292/292
f 180/180/180 296/296/296 294/294/294
f 182/182/182 298/298/298 295/295/295
f 184/184/184 299/299/299 297/297/297
f 186/186/186 301/301/301 299/299/299
f 188/188/188 302/302/302 300/300/300
f 190/190/190 304/304/304 302/302/302
f 192/192/192 306/306/306 303/303/303
f 194/194/194 307/307/307 305/305/305
f 196/196/196 309/309/309 307/307/307
f 198/198/198 310/310/310 308/308/308
f 200/200/200 312/312/312 310/310/310
f 202/202/202 314/314/314 311/311/311
f 204/204/204 315/315/315 313/313/313
f 206/206/206 317/317/317 315/315/315
f 208/208/208 318/318/318 316/316/316
f 210/210/210 319/319/319 318/318/318
f 212/212/212 321/321/321 319/319/319
f 214/214/214 322/322/322 320/320/320
f 216/216/216 324/324/324 322/322/322
f 218/218/218 325/325/325 323/323/323
f 220/220/220 326/326/326 325/325/325
f 222/222/222 328/328/328 326/326/326
f 224/224/224 329/329/329 327/327/327
f 226/226/226 331/331/331 329/329/329
f 228/228/228 333/333/333 330/330/330
f 230/230/230 334/334/334 332/332/332
f 232/232/232 336/336/336 334/334/334
f 234/234/234 337/337/337 335/335/335
f 236/236/236 339/339/339 337/337/337
f 238/238/238 341/341/341 338/338/338
f 240/240/240 342/342/342 340/340/340
f 242/242/242 344/344/344 342/342/342
f 244/244/244 345/345/345 343/343/343
f 246/246/246 347/347/347 345/345/345
f 248/248/248 349/349/349 346/346/346
f 250/250/250 350/350/350 348/348/348
f 128/128/128 126/126/126 127/127/127
f 130/130/130 127/127/127 129/129/129
f 132/132/132 129/129/129 131/131/131
f 134/134/134 131/131/131 133/133/133
f 136/136/136 133/133/133 135/135/135
f 138/138/138 135/135/135 137/137/137
f 140/140/140 137/137/137 139/139/139
f 142/142/142 139/139/139 141/141/141
f 144/144/144 141/141/141 143/143/143
f 146/146/146 143/143/143 145/145/145
f 148/148/148 145/145/145 147/147/147
f 150/150/150 147/147/147 149/149/149
f 152/152/152 149/149/149 151/151/151
f 154/154/154 151/151/151 153/153/153
f 156/156/156 153/153/153 155/155/155
f 158/158/158 155/155/155 157/157/157
f 160/160/160 157/157/157 159/159/159
f 162/162/162 159/159/159 161/161/161
f 164/164/164 161/161/161 163/163/163
f 166/166/166 163/163/163 165/165/165
f 168/168/168 165/165/165 167/167/167
f 170/170/170 167/167/167 169/169/169
f 172/172/172 169/169/169 171/171/171
f 174/174/174 171/171/171 173/173/173
f 176/176/176 173/173/173 175/175/175
f 178/178/178 175/175/175 177/177/177
f 180/180/180 177/177/177 179/179/179
f 182/182/182 179/179/179 181/181/181
f 184/184/184 181/181/181 183/183/183
f 186/186/186 183/183/183 185/185/185
f 188/188/188 185/185/185 187/187/187
f 190/190/190 187/187/187 189/189/189
f 192/192/192 189/189/189 191/191/191
f 194/194/194 191/191/191 193/193/193
f 196/196/196 193/193/193 195/195/195
f 198/198/198 195/195/195 197/197/197
f 200/200/200 197/197/197 199/199/199
f 202/202/202 199/199/199 201/201/201
f 204/204/204 201/201/201 203/203/203
f 206/206/206 203/203/203 205/205/205
f 208/208/208 205/205/205 207/207/207
f 210/210/210 207/207/207 209/209/209
f 212/212/212 209/209/209 211/211/211
f 214/214/214 211/211/211 213/213/213
f 216/216/216 213/213/213 215/215/215
f 218/218/218 215/215/215 217/217/217
f 220/220/220 217/217/217 219/219/219
f 222/222/222 219/219/219 221/221/221
f 224/224/224 221/221/221 223/223/223
f 226/226/226 223/223/223 225/225/225
f 228/228/228 225/225/225 227/227/227
f 230/230/230 227/227/227 229/229/229
f 232/232/232 229/229/229 231/231/231
f 234/234/234 231/231/231 233/233/233
f 236/236/236 233/233/233 235/235/235
f 238/238/238 235/235/235 237/237/237
f 240/240/240 237/237/237 239/239/239
f 242/242/242 239/239/239 241/241/241
f 244/244/244 241/241/241 243/243/243
f 246/246/246 243/243/243 245/245/245
f 248/248/248 245/245/245 247/247/247
f 250/250/250 247/247/247 249/249/249
f 251/251/251 249/249/249 126/126/126
f 252/252/252 251/251/251 128/128/128
f 251/251/251 252/252/252 253/253/253
f 254/254/254 128/128/128 130/130/130
f 255/255/255 130/130/130 132/132/132
f 130/130/130 255/255/255 256/256/256
f 257/257/257 132/132/132 134/134/134
f 132/132/132 257/257/257 258/258/258
f 259/259/259 134/134/134 136/136/136
f 260/260/260 136/136/136 138/138/138
f 136/136/136 260/260/260 261/261/261
f 262/262/262 138/138/138 140/140/140
f 263/263/263 140/140/140 142/142/142
f 140/140/140 263/263/263 264/264/264
f 265/265/265 142/142/142 144/144/144
f 142/142/142 265/265/265 266/266/266
f 267/267/267 144/144/144 146/146/146
f 268/268/268 146/146/146 148/148/148
f 146/146/146 268/268/268 269/269/269
f 270/270/270 148/148/148 150/150/150
f 271/271/271 150/150/150 152/152/152
f 150/150/150 271/271/271 272/272/272
f 273/273/273 152/152/152 154/154/154
f 152/152/152 273/273/273 274/274/274
f 275/275/275 154/154/154 156/156/156
f 276/276/276 156/156/156 158/158/158
f 156/156/156 276/276/276 277/277/277
f 278/278/278 158/158/158 160/160/160
f 279/279/279 160/160/160 162/162/162
f 160/160/160 279/279/279 280/280/280
f 281/281/281 162/162/162 164/164/164
f 162/162/162 281/281/281 282/282/282
f 283/283/283 164/164/164 166/166/166
f 284/284/284 166/166/166 168/168/168
f 166/166/166 284/284/284 285/285/285
f 286/286/286 168/168/168 170/170/170
f 287/287/287 170/170/170 172/172/172
f 170/170/170 287/287/287 288/288/288
f 289/289/289 172/172/172 174/174/174
f 172/172/172 289/289/289 290/290/290
f 291/291/291 174/174/174 176/176/176
f 292/292/292 176/176/176 178/178/178
f 176/176/176 292/292/292 293/293/293
f 294/294/294 178/178/178 180/180/180
f 295/295/295 180/180/180 182/182/182
f 180/180/180 295/295/295 296/296/296
f 297/297/297 182/182/182 184/184/184
f 182/182/182 297/297/297 298/298/298
f 299/299/299 184/184/184 186/186/186
f 300/300/300 186/186/186 188/188/188
f 186/186/186 300/300/300 301/301/301
f 302/302/302 188/188/188 190/190/190
f 303/303/303 190/190/190 192/192/192
f 190/190/190 303/303/303 304/304/304
f 305/305/305 192/192/192 194/194/194
f 192/192/192 305/305/305 306/306/306
f 307/307/307 194/194/194 196/196/196
f 308/308/308 196/196/196 198/198/198
f 196/196/196 308/308/308 309/309/309
f 310/310/310 198/198/198 200/200/200
f 311/311/311 200/200/200 202/202/202
f 200/200/200 311/311/311 312/312/312
f 313/313/313 202/202/202 204/204/204
f 202/202/202 313/313/313 314/314/314
f 315/315/315 204/204/204 206/206/206
f 316/316/316 206/206/206 208/208/208
f 206/206/206 316/316/316 317/317/317
f 318/318/318 208/208/208 210/210/210
f 319/319/319 210/210/210 212/212/212
f 320/320/320 212/212/212 214/214/214
f 212/212/212 320/320/320 321/321/321
f 322/322/322 214/214/214 216/216/216
f 323/323/323 216/216/216 218/218/218
f 216/216/216 323/323/323 324/324/324
f 325/325/325 218/218/218 220/220/220
f 326/326/326 220/220/220 222/222/222
f 327/327/327 222/222/222 224/224/224
f 222/222/222 327/327/327 328/328/328
f 329/329/329 224/224/224 226/226/226
f 330/330/330 226/226/226 228/228/228
f 226/226/226 330/330/330 331/331/331
f 332/332/332 228/228/228 230/230/230
f 228/228/228 332/332/332 333/333/333
f 334/334/334 230/230/230 232/232/232
f 335/335/335 232/232/232 234/234/234
f 232/232/232 335/335/335 336/336/336
f 337/337/337 234/234/234 236/236/236
f 338/338/338 236/236/236 238/238/238
f 236/236/236 338/338/338 339/339/339
f 340/340/340 238/238/238 240/240/240
f 238/238/238 340/340/340 341/341/341
f 342/342/342 240/240/240 242/242/242
f 343/343/343 242/242/242 244/244/244
f 242/242/242 343/343/343 344/344/344
f 345/345/345 244/244/244 246/246/246
f 346/346/346 246/246/246 248/248/248
f 246/246/246 346/346/346 347/347/347
f 348/348/348 248/248/248 250/250/250
f 248/248/248 348/348/348 349/349/349
f 350/350/350 250/250/250 251/251/251
f 126/126/126 128/128/128 251/251/251
f 406/406/406 408/408/408 413/413/413
f 444/444/444 446/446/446 447/447/447
f 441/441/441 443/443/443 449/449/449
f 435/435/435 437/437/437 438/438/438
f 431/431/431 433/433/433 440/440/440
f 428/428/428 430/430/430 434/434/434
f 422/422/422 424/424/424 425/425/425
f 418/418/418 420/420/420 427/427/427
f 414/414/414 416/416/416 421/421/421
f 409/409/409 411/411/411 417/417/417
f 400/400/400 402/402/402 405/405/405
f 395/395/395 397/397/397 404/404/404
f 392/392/392 394/394/394 399/399/399
f 386/386/386 388/388/388 390/390/390
f 380/380/380 382/382/382 383/383/383
f 377/377/377 379/379/379 385/385/385
f 372/372/372 374/374/374 375/375/375
f 366/366/366 368/368/368 369/369/369
f 363/363/363 365/365/365 371/371/371
f 357/357/357 359/359/359 360/360/360
f 351/351/351 353/353/353 362/362/362
f 457/457/457 456/456/456 462/462/462
f 458/458/458 460/460/460 467/467/467
f 463/463/463 465/465/465 471/471/471
f 468/468/468 470/470/470 476/476/476
f 472/472/472 474/474/474 482/482/482
f 477/477/477 479/479/479 480/480/480
f 483/483/483 485/485/485 490/490/490
f 486/486/486 488/488/488 496/496/496
f 491/491/491 493/493/493 494/494/494
f 497/497/497 499/499/499 505/505/505
f 500/500/500 502/502/502 503/503/503
f 506/506/506 508/508/508 510/510/510
f 513/513/513 512/512/512 518/518/518
f 514/514/514 516/516/516 523/523/523
f 519/519/519 521/521/521 526/526/526
f 356/356/356 525/525/525 355/355/355
f 524/524/524 521/521/521 525/525/525
f 521/521/521 524/524/524 526/526/526
f 525/525/525 356/356/356 524/524/524
f 523/523/523 522/522/522 514/514/514
f 522/522/522 520/520/520 519/519/519
f 520/520/520 522/522/522 523/523/523
f 521/521/521 519/519/519 520/520/520
f 518/518/518 517/517/517 513/513/513
f 515/515/515 518/518/518 516/516/516
f 518/518/518 515/515/515 517/517/517
f 516/516/516 514/514/514 515/515/515
f 511/511/511 508/508/508 512/512/512
f 511/511/511 512/512/512 513/513/513
f 508/508/508 511/511/511 509/509/509
f 504/504/504 507/507/507 506/506/506
f 507/507/507 504/504/504 503/503/503
f 510/510/510 508/508/508 509/509/509
f 508/508/508 506/506/506 507/507/507
f 501/501/501 499/499/499 502/502/502
f 499/499/499 501/501/501 505/505/505
f 500/500/500 503/503/503 504/504/504
f 502/502/502 500/500/500 501/501/501
f 495/495/495 498/498/498 497/497/497
f 498/498/498 495/495/495 494/494/494
f 499/499/499 497/497/497 498/498/498
f 492/492/492 488/488/488 493/493/493
f 488/488/488 492/492/492 496/496/496
f 491/491/491 494/494/494 495/495/495
f 493/493/493 491/491/491 492/492/492
f 485/485/485 489/489/489 490/490/490
f 489/489/489 487/487/487 486/486/486
f 487/487/487 489/489/489 485/485/485
f 488/488/488 486/486/486 487/487/487
f 481/481/481 484/484/484 483/483/483
f 484/484/484 481/481/481 480/480/480
f 485/485/485 483/483/483 484/484/484
f 478/478/478 474/474/474 479/479/479
f 474/474/474 478/478/478 482/482/482
f 477/477/477 480/480/480 481/481/481
f 479/479/479 477/477/477 478/478/478
f 476/476/476 475/475/475 468/468/468
f 475/475/475 473/473/473 472/472/472
f 473/473/473 475/475/475 476/476/476
f 474/474/474 472/472/472 473/473/473
f 469/469/469 465/465/465 470/470/470
f 465/465/465 469/469/469 471/471/471
f 470/470/470 468/468/468 469/469/469
f 467/467/467 466/466/466 458/458/458
f 466/466/466 464/464/464 463/463/463
f 464/464/464 466/466/466 467/467/467
f 465/465/465 463/463/463 464/464/464
f 462/462/462 461/461/461 457/457/457
f 459/459/459 462/462/462 460/460/460
f 462/462/462 459/459/459 461/461/461
f 460/460/460 458/458/458 459/459/459
f 455/455/455 454/454/454 450/450/450
f 454/454/454 456/456/456 457/457/457
f 456/456/456 454/454/454 455/455/455
f 447/447/447 453/453/453 448/448/448
f 453/453/453 452/452/452 451/451/451
f 452/452/452 453/453/453 447/447/447
f 452/452/452 450/450/450 451/451/451
f 443/443/443 445/445/445 449/449/449
f 445/445/445 443/443/443 446/446/446
f 444/444/444 447/447/447 448/448/448
f 446/446/446 444/444/444 445/445/445
f 439/439/439 442/442/442 441/441/441
f 442/442/442 439/439/439 438/438/438
f 443/443/443 441/441/441 442/442/442
f 436/436/436 433/433/433 437/437/437
f 433/433/433 436/436/436 440/440/440
f 435/435/435 438/438/438 439/439/439
f 437/437/437 435/435/435 436/436/436
f 434/434/434 432/432/432 431/431/431
f 432/432/432 434/434/434 430/430/430
f 433/433/433 431/431/431 432/432/432
f 426/426/426 429/429/429 428/428/428
f 429/429/429 426/426/426 425/425/425
f 430/430/430 428/428/428 429/429/429
f 423/423/423 420/420/420 424/424/424
f 420/420/420 423/423/423 427/427/427
f 422/422/422 425/425/425 426/426/426
f 424/424/424 422/422/422 423/423/423
f 414/414/414 419/419/419 418/418/418
f 419/419/419 414/414/414 421/421/421
f 420/420/420 418/418/418 419/419/419
f 415/415/415 411/411/411 416/416/416
f 411/411/411 415/415/415 417/417/417
f 353/353/353 351/351/351 352/352/352
f 352/352/352 354/354/354 355/355/355
f 354/354/354 352/352/352 351/351/351
f 355/355/355 354/354/354 356/356/356
f 359/359/359 357/357/357 358/358/358
f 357/357/357 360/360/360 361/361/361
f 353/353/353 358/358/358 362/362/362
f 358/358/358 353/353/353 359/359/359
f 365/365/365 363/363/363 364/364/364
f 364/364/364 361/361/361 360/360/360
f 361/361/361 364/364/364 363/363/363
f 368/368/368 366/366/366 367/367/367
f 366/366/366 369/369/369 370/370/370
f 367/367/367 365/365/365 368/368/368
f 365/365/365 367/367/367 371/371/371
f 374/374/374 372/372/372 373/373/373
f 372/372/372 375/375/375 376/376/376
f 374/374/374 370/370/370 369/369/369
f 370/370/370 374/374/374 373/373/373
f 379/379/379 377/377/377 378/378/378
f 378/378/378 376/376/376 375/375/375
f 376/376/376 378/378/378 377/377/377
f 382/382/382 380/380/380 381/381/381
f 380/380/380 383/383/383 384/384/384
f 379/379/379 381/381/381 385/385/385
f 381/381/381 379/379/379 382/382/382
f 388/388/388 386/386/386 387/387/387
f 390/390/390 388/388/388 389/389/389
f 387/387/387 384/384/384 383/383/383
f 384/384/384 387/387/387 386/386/386
f 391/391/391 389/389/389 388/388/388
f 393/393/393 391/391/391 392/392/392
f 389/389/389 391/391/391 393/393/393
f 392/392/392 391/391/391 394/394/394
f 397/397/397 395/395/395 396/396/396
f 397/397/397 398/398/398 399/399/399
f 398/398/398 397/397/397 396/396/396
f 399/399/399 398/398/398 392/392/392
f 402/402/402 400/400/400 401/401/401
f 405/405/405 403/403/403 404/404/404
f 403/403/403 405/405/405 402/402/402
f 404/404/404 403/403/403 395/395/395
f 408/408/408 406/406/406 407/407/407
f 400/400/400 407/407/407 401/401/401
f 407/407/407 400/400/400 408/408/408
f 411/411/411 409/409/409 410/410/410
f 410/410/410 412/412/412 413/413/413
f 412/412/412 410/410/410 409/409/409
f 413/413/413 412/412/412 406/406/406
f 416/416/416 414/414/414 415/415/415
f 450/450/450 452/452/452 455/455/455
f 688/688/688 686/686/686 687/687/687
f 690/690/690 687/687/687 689/689/689
f 687/687/687 690/690/690 688/688/688
f 692/692/692 689/689/689 691/691/691
f 694/694/694 691/691/691 693/693/693
f 696/696/696 693/693/693 695/695/695
f 689/689/689 692/692/692 690/690/690
f 693/693/693 696/696/696 694/694/694
f 698/698/698 695/695/695 697/697/697
f 700/700/700 697/697/697 699/699/699
f 703/703/703 701/701/701 702/702/702
f 702/702/702 704/704/704 705/705/705
f 708/708/708 706/706/706 707/707/707
f 711/711/711 709/709/709 710/710/710
f 710/710/710 712/712/712 713/713/713
f 716/716/716 714/714/714 715/715/715
f 715/715/715 717/717/717 718/718/718
f 709/709/709 711/711/711 760/760/760
f 749/749/749 763/763/763 750/750/750
f 764/764/764 766/766/766 765/765/765
f 686/686/686 688/688/688 758/758/758
f 759/759/759 761/761/761 766/766/766
f 762/762/762 765/765/765 763/763/763
f 741/741/741 743/743/743 756/756/756
f 734/734/734 736/736/736 733/733/733
f 761/761/761 760/760/760 711/711/711
f 766/766/766 764/764/764 759/759/759
f 765/765/765 762/762/762 764/764/764
f 763/763/763 749/749/749 762/762/762
f 744/744/744 757/757/757 745/745/745
f 754/754/754 740/740/740 739/739/739
f 752/752/752 758/758/758 753/753/753
f 714/714/714 716/716/716 751/751/751
f 761/761/761 759/759/759 760/760/760
f 746/746/746 748/748/748 757/757/757
f 707/707/707 706/706/706 726/726/726
f 756/756/756 755/755/755 754/754/754
f 737/737/737 705/705/705 704/704/704
f 758/758/758 752/752/752 686/686/686
f 735/735/735 753/753/753 736/736/736
f 719/719/719 721/721/721 731/731/731
f 751/751/751 730/730/730 729/729/729
f 747/747/747 750/750/750 748/748/748
f 757/757/757 744/744/744 746/746/746
f 727/727/727 745/745/745 728/728/728
f 725/725/725 742/742/742 741/741/741
f 755/755/755 756/756/756 743/743/743
f 740/740/740 754/754/754 755/755/755
f 739/739/739 738/738/738 737/737/737
f 724/724/724 700/700/700 699/699/699
f 753/753/753 735/735/735 752/752/752
f 734/734/734 733/733/733 732/732/732
f 732/732/732 723/723/723 722/722/722
f 731/731/731 718/718/718 717/717/717
f 730/730/730 751/751/751 716/716/716
f 729/729/729 713/713/713 712/712/712
f 750/750/750 747/747/747 749/749/749
f 748/748/748 746/746/746 747/747/747
f 745/745/745 727/727/727 744/744/744
f 726/726/726 728/728/728 707/707/707
f 742/742/742 725/725/725 708/708/708
f 743/743/743 741/741/741 742/742/742
f 738/738/738 739/739/739 740/740/740
f 705/705/705 737/737/737 738/738/738
f 701/701/701 703/703/703 724/724/724
f 695/695/695 698/698/698 696/696/696
f 736/736/736 734/734/734 735/735/735
f 723/723/723 732/732/732 733/733/733
f 722/722/722 720/720/720 719/719/719
f 718/718/718 731/731/731 721/721/721
f 717/717/717 715/715/715 714/714/714
f 713/713/713 729/729/729 730/730/730
f 712/712/712 710/710/710 709/709/709
f 728/728/728 726/726/726 727/727/727
f 706/706/706 708/708/708 725/725/725
f 704/704/704 702/702/702 701/701/701
f 700/700/700 724/724/724 703/703/703
f 697/697/697 700/700/700 698/698/698
f 691/691/691 694/694/694 692/692/692
f 720/720/720 722/722/722 723/723/723
f 721/721/721 719/719/719 720/720/720
f 529/529/529 527/527/527 528/528/528
f 531/531/531 529/529/529 530/530/530
f 533/533/533 528/528/528 532/532/532
f 532/532/532 528/528/528 527/527/527
f 536/536/536 534/534/534 535/535/535
f 535/535/535 534/534/534 533/533/533
f 539/539/539 537/537/537 538/538/538
f 538/538/538 537/537/537 536/536/536
f 542/542/542 540/540/540 541/541/541
f 541/541/541 540/540/540 539/539/539
f 545/545/545 543/543/543 544/544/544
f 544/544/544 543/543/543 542/542/542
f 548/548/548 546/546/546 547/547/547
f 547/547/547 546/546/546 545/545/545
f 551/551/551 549/549/549 550/550/550
f 550/550/550 552/552/552 553/553/553
f 553/553/553 554/554/554 555/555/555
f 556/556/556 553/553/553 552/552/552
f 555/555/555 557/557/557 558/558/558
f 559/559/559 555/555/555 554/554/554
f 558/558/558 560/560/560 561/561/561
f 562/562/562 558/558/558 557/557/557
f 561/561/561 563/563/563 564/564/564
f 565/565/565 561/561/561 560/560/560
f 564/564/564 566/566/566 567/567/567
f 568/568/568 564/564/564 563/563/563
f 567/567/567 569/569/569 570/570/570
f 571/571/571 567/567/567 566/566/566
f 573/573/573 570/570/570 572/572/572
f 572/572/572 570/570/570 569/569/569
f 576/576/576 574/574/574 575/575/575
f 575/575/575 574/574/574 573/573/573
f 579/579/579 577/577/577 578/578/578
f 578/578/578 577/577/577 576/576/576
f 582/582/582 580/580/580 581/581/581
f 581/581/581 580/580/580 579/579/579
f 585/585/585 583/583/583 584/584/584
f 584/584/584 583/583/583 582/582/582
f 588/588/588 586/586/586 587/587/587
f 587/587/587 586/586/586 585/585/585
f 591/591/591 589/589/589 590/590/590
f 590/590/590 592/592/592 593/593/593
f 593/593/593 594/594/594 595/595/595
f 596/596/596 593/593/593 592/592/592
f 595/595/595 597/597/597 598/598/598
f 599/599/599 595/595/595 594/594/594
f 598/598/598 600/600/600 601/601/601
f 602/602/602 598/598/598 597/597/597
f 601/601/601 603/603/603 604/604/604
f 605/605/605 601/601/601 600/600/600
f 604/604/604 606/606/606 607/607/607
f 608/608/608 604/604/604 603/603/603
f 610/610/610 607/607/607 609/609/609
f 609/609/609 607/607/607 606/606/606
f 613/613/613 611/611/611 612/612/612
f 612/612/612 611/611/611 610/610/610
f 616/616/616 614/614/614 615/615/615
f 615/615/615 614/614/614 613/613/613
f 619/619/619 617/617/617 618/618/618
f 618/618/618 617/617/617 616/616/616
f 622/622/622 620/620/620 621/621/621
f 621/621/621 620/620/620 619/619/619
f 625/625/625 623/623/623 624/624/624
f 624/624/624 623/623/623 622/622/622
f 628/628/628 626/626/626 627/627/627
f 627/627/627 626/626/626 625/625/625
f 631/631/631 629/629/629 630/630/630
f 630/630/630 632/632/632 633/633/633
f 634/634/634 630/630/630 629/629/629
f 633/633/633 635/635/635 636/636/636
f 637/637/637 633/633/633 632/632/632
f 636/636/636 638/638/638 639/639/639
f 640/640/640 636/636/636 635/635/635
f 639/639/639 641/641/641 642/642/642
f 643/643/643 639/639/639 638/638/638
f 642/642/642 530/530/530 529/529/529
f 644/644/644 642/642/642 641/641/641
f 646/646/646 528/528/528 645/645/645
f 645/645/645 534/534/534 647/647/647
f 647/647/647 537/537/537 648/648/648
f 527/527/527 529/529/529 531/531/531
f 528/528/528 533/533/533 534/534/534
f 534/534/534 536/536/536 537/537/537
f 537/537/537 539/539/539 540/540/540
f 540/540/540 542/542/542 543/543/543
f 543/543/543 545/545/545 546/546/546
f 546/546/546 548/548/548 551/551/551
f 549/549/549 551/551/551 548/548/548
f 552/552/552 550/550/550 549/549/549
f 554/554/554 553/553/553 556/556/556
f 557/557/557 555/555/555 559/559/559
f 560/560/560 558/558/558 562/562/562
f 563/563/563 561/561/561 565/565/565
f 566/566/566 564/564/564 568/568/568
f 569/569/569 567/567/567 571/571/571
f 570/570/570 573/573/573 574/574/574
f 574/574/574 576/576/576 577/577/577
f 577/577/577 579/579/579 580/580/580
f 580/580/580 582/582/582 583/583/583
f 583/583/583 585/585/585 586/586/586
f 586/586/586 588/588/588 591/591/591
f 589/589/589 591/591/591 588/588/588
f 592/592/592 590/590/590 589/589/589
f 594/594/594 593/593/593 596/596/596
f 597/597/597 595/595/595 599/599/599
f 600/600/600 598/598/598 602/602/602
f 603/603/603 601/601/601 605/605/605
f 606/606/606 604/604/604 608/608/608
f 607/607/607 610/610/610 611/611/611
f 611/611/611 613/613/613 614/614/614
f 614/614/614 616/616/616 617/617/617
f 617/617/617 619/619/619 620/620/620
f 620/620/620 622/622/622 623/623/623
f 623/623/623 625/625/625 626/626/626
f 626/626/626 628/628/628 631/631/631
f 629/629/629 631/631/631 628/628/628
f 632/632/632 630/630/630 634/634/634
f 635/635/635 633/633/633 637/637/637
f 638/638/638 636/636/636 640/640/640
f 641/641/641 639/639/639 643/643/643
f 530/530/530 642/642/642 644/644/644
f 528/528/528 646/646/646 529/529/529
f 534/534/534 645/645/645 528/528/528
f 537/537/537 647/647/647 534/534/534
f 540/540/540 648/648/648 537/537/537
f 543/543/543 649/649/649 540/540/540
f 546/546/546 650/650/650 543/543/543
f 551/551/551 651/651/651 546/546/546
f 550/550/550 652/652/652 551/551/551
f 553/553/553 653/653/653 550/550/550
f 555/555/555 654/654/654 553/553/553
f 558/558/558 655/655/655 555/555/555
f 561/561/561 656/656/656 558/558/558
f 564/564/564 657/657/657 561/561/561
f 567/567/567 658/658/658 564/564/564
f 570/570/570 659/659/659 567/567/567
f 574/574/574 660/660/660 570/570/570
f 577/577/577 661/661/661 574/574/574
f 580/580/580 662/662/662 577/577/577
f 583/583/583 663/663/663 580/580/580
f 586/586/586 664/664/664 583/583/583
f 591/591/591 665/665/665 586/586/586
f 590/590/590 666/666/666 591/591/591
f 593/593/593 667/667/667 590/590/590
f 595/595/595 668/668/668 593/593/593
f 598/598/598 669/669/669 595/595/595
f 601/601/601 670/670/670 598/598/598
f 604/604/604 671/671/671 601/601/601
f 607/607/607 672/672/672 604/604/604
f 611/611/611 673/673/673 607/607/607
f 614/614/614 674/674/674 611/611/611
f 617/617/617 675/675/675 614/614/614
f 620/620/620 676/676/676 617/617/617
f 623/623/623 677/677/677 620/620/620
f 626/626/626 678/678/678 623/623/623
f 631/631/631 679/679/679 626/626/626
f 630/630/630 680/680/680 631/631/631
f 633/633/633 681/681/681 630/630/630
f 636/636/636 682/682/682 633/633/633
f 639/639/639 683/683/683 636/636/636
f 642/642/642 684/684/684 639/639/639
f 529/529/529 685/685/685 642/642/642
f 685/685/685 529/529/529 646/646/646
f 684/684/684 642/642/642 685/685/685
f 683/683/683 639/639/639 684/684/684
f 682/682/682 636/636/636 683/683/683
f 681/681/681 633/633/633 682/682/682
f 680/680/680 630/630/630 681/681/681
f 679/679/679 631/631/631 680/680/680
f 678/678/678 626/626/626 679/679/679
f 677/677/677 623/623/623 678/678/678
f 676/676/676 620/620/620 677/677/677
f 675/675/675 617/617/617 676/676/676
f 674/674/674 614/614/614 675/675/675
f 673/673/673 611/611/611 674/674/674
f 672/672/672 607/607/607 673/673/673
f 671/671/671 604/604/604 672/672/672
f 670/670/670 601/601/601 671/671/671
f 669/669/669 598/598/598 670/670/670
f 668/668/668 595/595/595 669/669/669
f 667/667/667 593/593/593 668/668/668
f 666/666/666 590/590/590 667/667/667
f 665/665/665 591/591/591 666/666/666
f 664/664/664 586/586/586 665/665/665
f 663/663/663 583/583/583 664/664/664
f 662/662/662 580/580/580 663/663/663
f 661/661/661 577/577/577 662/662/662
f 660/660/660 574/574/574 661/661/661
f 659/659/659 570/570/570 660/660/660
f 658/658/658 567/567/567 659/659/659
f 657/657/657 564/564/564 658/658/658
f 656/656/656 561/561/561 657/657/657
f 655/655/655 558/558/558 656/656/656
f 654/654/654 555/555/555 655/655/655
f 653/653/653 553/553/553 654/654/654
f 652/652/652 550/550/550 653/653/653
f 651/651/651 551/551/551 652/652/652
f 650/650/650 546/546/546 651/651/651
f 649/649/649 543/543/543 650/650/650
f 648/648/648 540/540/540 649/649/649
f 769/769/769 767/767/767 768/768/768
f 768/768/768 767/767/767 770/770/770
f 772/772/772 771/771/771 769/769/769
f 774/774/774 773/773/773 772/772/772
f 777/777/777 775/775/775 776/776/776
f 776/776/776 775/775/775 774/774/774
f 779/779/779 778/778/778 777/777/777
f 782/782/782 780/780/780 781/781/781
f 781/781/781 780/780/780 779/779/779
f 785/785/785 783/783/783 784/784/784
f 784/784/784 783/783/783 782/782/782
f 787/787/787 786/786/786 785/785/785
f 790/790/790 788/788/788 789/789/789
f 789/789/789 788/788/788 787/787/787
f 792/792/792 791/791/791 790/790/790
f 795/795/795 793/793/793 794/794/794
f 794/794/794 793/793/793 792/792/792
f 798/798/798 796/796/796 797/797/797
f 797/797/797 796/796/796 795/795/795
f 800/800/800 799/799/799 798/798/798
f 803/803/803 801/801/801 802/802/802
f 802/802/802 801/801/801 800/800/800
f 805/805/805 804/804/804 803/803/803
f 808/808/808 806/806/806 807/807/807
f 807/807/807 806/806/806 805/805/805
f 811/811/811 809/809/809 810/810/810
f 810/810/810 809/809/809 808/808/808
f 813/813/813 812/812/812 811/811/811
f 816/816/816 814/814/814 815/815/815
f 815/815/815 814/814/814 813/813/813
f 818/818/818 817/817/817 816/816/816
f 821/821/821 819/819/819 820/820/820
f 820/820/820 819/819/819 818/818/818
f 824/824/824 822/822/822 823/823/823
f 823/823/823 822/822/822 821/821/821
f 826/826/826 825/825/825 824/824/824
f 829/829/829 827/827/827 828/828/828
f 828/828/828 827/827/827 826/826/826
f 831/831/831 830/830/830 829/829/829
f 834/834/834 832/832/832 833/833/833
f 833/833/833 832/832/832 831/831/831
f 837/837/837 835/835/835 836/836/836
f 836/836/836 835/835/835 834/834/834
f 839/839/839 838/838/838 837/837/837
f 842/842/842 840/840/840 841/841/841
f 841/841/841 840/840/840 839/839/839
f 844/844/844 843/843/843 842/842/842
f 846/846/846 845/845/845 844/844/844
f 849/849/849 847/847/847 848/848/848
f 848/848/848 847/847/847 846/846/846
f 851/851/851 850/850/850 849/849/849
f 854/854/854 852/852/852 853/853/853
f 853/853/853 852/852/852 851/851/851
f 856/856/856 855/855/855 854/854/854
f 858/858/858 857/857/857 856/856/856
f 861/861/861 859/859/859 860/860/860
f 860/860/860 859/859/859 858/858/858
f 863/863/863 862/862/862 861/861/861
f 866/866/866 864/864/864 865/865/865
f 865/865/865 864/864/864 863/863/863
f 869/869/869 867/867/867 868/868/868
f 868/868/868 867/867/867 866/866/866
f 871/871/871 870/870/870 869/869/869
f 874/874/874 872/872/872 873/873/873
f 873/873/873 872/872/872 871/871/871
f 876/876/876 875/875/875 874/874/874
f 879/879/879 877/877/877 878/878/878
f 878/878/878 877/877/877 876/876/876
f 882/882/882 880/880/880 881/881/881
f 881/881/881 880/880/880 879/879/879
f 884/884/884 883/883/883 882/882/882
f 887/887/887 885/885/885 886/886/886
f 886/886/886 885/885/885 884/884/884
f 889/889/889 888/888/888 887/887/887
f 892/892/892 890/890/890 891/891/891
f 891/891/891 890/890/890 889/889/889
f 895/895/895 893/893/893 894/894/894
f 894/894/894 893/893/893 892/892/892
f 897/897/897 896/896/896 895/895/895
f 900/900/900 898/898/898 899/899/899
f 899/899/899 898/898/898 897/897/897
f 903/903/903 901/901/901 902/902/902
f 902/902/902 901/901/901 900/900/900
f 906/906/906 904/904/904 905/905/905
f 905/905/905 904/904/904 903/903/903
f 909/909/909 907/907/907 908/908/908
f 908/908/908 907/907/907 906/906/906
f 911/911/911 910/910/910 909/909/909
f 914/914/914 912/912/912 913/913/913
f 913/913/913 912/912/912 911/911/911
f 916/916/916 915/915/915 914/914/914
f 918/918/918 917/917/917 916/916/916
f 921/921/921 919/919/919 920/920/920
f 920/920/920 919/919/919 918/918/918
f 770/770/770 922/922/922 921/921/921
f 771/771/771 923/923/923 767/767/767
f 773/773/773 924/924/924 771/771/771
f 775/775/775 925/925/925 773/773/773
f 778/778/778 926/926/926 775/775/775
f 780/780/780 927/927/927 778/778/778
f 783/783/783 928/928/928 780/780/780
f 786/786/786 929/929/929 783/783/783
f 788/788/788 930/930/930 786/786/786
f 791/791/791 931/931/931 788/788/788
f 793/793/793 932/932/932 791/791/791
f 796/796/796 933/933/933 793/793/793
f 799/799/799 934/934/934 796/796/796
f 801/801/801 935/935/935 799/799/799
f 804/804/804 936/936/936 801/801/801
f 806/806/806 937/937/937 804/804/804
f 809/809/809 938/938/938 806/806/806
f 812/812/812 939/939/939 809/809/809
f 814/814/814 940/940/940 812/812/812
f 817/817/817 941/941/941 814/814/814
f 819/819/819 942/942/942 817/817/817
f 822/822/822 943/943/943 819/819/819
f 825/825/825 944/944/944 822/822/822
f 827/827/827 945/945/945 825/825/825
f 830/830/830 946/946/946 827/827/827
f 832/832/832 947/947/947 830/830/830
f 835/835/835 948/948/948 832/832/832
f 838/838/838 949/949/949 835/835/835
f 840/840/840 950/950/950 838/838/838
f 843/843/843 951/951/951 840/840/840
f 845/845/845 952/952/952 843/843/843
f 847/847/847 953/953/953 845/845/845
f 850/850/850 954/954/954 847/847/847
f 852/852/852 955/955/955 850/850/850
f 855/855/855 956/956/956 852/852/852
f 857/857/857 957/957/957 855/855/855
f 859/859/859 958/958/958 857/857/857
f 862/862/862 959/959/959 859/859/859
f 864/864/864 960/960/960 862/862/862
f 867/867/867 961/961/961 864/864/864
f 870/870/870 962/962/962 867/867/867
f 872/872/872 963/963/963 870/870/870
f 875/875/875 964/964/964 872/872/872
f 877/877/877 965/965/965 875/875/875
f 880/880/880 966/966/966 877/877/877
f 883/883/883 967/967/967 880/880/880
f 885/885/885 968/968/968 883/883/883
f 888/888/888 969/969/969 885/885/885
f 890/890/890 970/970/970 888/888/888
f 893/893/893 971/971/971 890/890/890
f 973/973/973 896/896/896 972/972/972
f 972/972/972 896/896/896 974/974/974
f 898/898/898 974/974/974 896/896/896
f 901/901/901 975/975/975 898/898/898
f 904/904/904 976/976/976 901/901/901
f 907/907/907 977/977/977 904/904/904
f 910/910/910 978/978/978 907/907/907
f 912/912/912 979/979/979 910/910/910
f 915/915/915 980/980/980 912/912/912
f 917/917/917 981/981/981 915/915/915
f 919/919/919 982/982/982 917/917/917
f 922/922/922 983/983/983 919/919/919
f 767/767/767 984/984/984 922/922/922
f 984/984/984 767/767/767 923/923/923
f 983/983/983 922/922/922 984/984/984
f 982/982/982 919/919/919 983/983/983
f 981/981/981 917/917/917 982/982/982
f 980/980/980 915/915/915 981/981/981
f 979/979/979 912/912/912 980/980/980
f 978/978/978 910/910/910 979/979/979
f 977/977/977 907/907/907 978/978/978
f 976/976/976 904/904/904 977/977/977
f 975/975/975 901/901/901 976/976/976
f 974/974/974 898/898/898 975/975/975
f 896/896/896 973/973/973 893/893/893
f 971/971/971 893/893/893 973/973/973
f 970/970/970 890/890/890 971/971/971
f 969/969/969 888/888/888 970/970/970
f 968/968/968 885/885/885 969/969/969
f 967/967/967 883/883/883 968/968/968
f 966/966/966 880/880/880 967/967/967
f 965/965/965 877/877/877 966/966/966
f 964/964/964 875/875/875 965/965/965
f 963/963/963 872/872/872 964/964/964
f 962/962/962 870/870/870 963/963/963
f 961/961/961 867/867/867 962/962/962
f 960/960/960 864/864/864 961/961/961
f 959/959/959 862/862/862 960/960/960
f 958/958/958 859/859/859 959/959/959
f 957/957/957 857/857/857 958/958/958
f 956/956/956 855/855/855 957/957/957
f 955/955/955 852/852/852 956/956/956
f 954/954/954 850/850/850 955/955/955
f 953/953/953 847/847/847 954/954/954
f 952/952/952 845/845/845 953/953/953
f 951/951/951 843/843/843 952/952/952
f 950/950/950 840/840/840 951/951/951
f 949/949/949 838/838/838 950/950/950
f 948/948/948 835/835/835 949/949/949
f 947/947/947 832/832/832 948/948/948
f 946/946/946 830/830/830 947/947/947
f 945/945/945 827/827/827 946/946/946
f 944/944/944 825/825/825 945/945/945
f 943/943/943 822/822/822 944/944/944
f 942/942/942 819/819/819 943/943/943
f 941/941/941 817/817/817 942/942/942
f 940/940/940 814/814/814 941/941/941
f 939/939/939 812/812/812 940/940/940
f 938/938/938 809/809/809 939/939/939
f 937/937/937 806/806/806 938/938/938
f 936/936/936 804/804/804 937/937/937
f 935/935/935 801/801/801 936/936/936
f 934/934/934 799/799/799 935/935/935
f 933/933/933 796/796/796 934/934/934
f 932/932/932 793/793/793 933/933/933
f 931/931/931 791/791/791 932/932/932
f 930/930/930 788/788/788 931/931/931
f 929/929/929 786/786/786 930/930/930
f 928/928/928 783/783/783 929/929/929
f 927/927/927 780/780/780 928/928/928
f 926/926/926 778/778/778 927/927/927
f 925/925/925 775/775/775 926/926/926
f 924/924/924 773/773/773 925/925/925
f 923/923/923 771/771/771 924/924/924
f 767/767/767 769/769/769 771/771/771
f 771/771/771 772/772/772 773/773/773
f 773/773/773 774/774/774 775/775/775
f 775/775/775 777/777/777 778/778/778
f 778/778/778 779/779/779 780/780/780
f 780/780/780 782/782/782 783/783/783
f 783/783/783 785/785/785 786/786/786
f 786/786/786 787/787/787 788/788/788
f 788/788/788 790/790/790 791/791/791
f 791/791/791 792/792/792 793/793/793
f 793/793/793 795/795/795 796/796/796
f 796/796/796 798/798/798 799/799/799
f 799/799/799 800/800/800 801/801/801
f 801/801/801 803/803/803 804/804/804
f 804/804/804 805/805/805 806/806/806
f 806/806/806 808/808/808 809/809/809
f 809/809/809 811/811/811 812/812/812
f 812/812/812 813/813/813 814/814/814
f 814/814/814 816/816/816 817/817/817
f 817/817/817 818/818/818 819/819/819
f 819/819/819 821/821/821 822/822/822
f 822/822/822 824/824/824 825/825/825
f 825/825/825 826/826/826 827/827/827
f 827/827/827 829/829/829 830/830/830
f 830/830/830 831/831/831 832/832/832
f 832/832/832 834/834/834 835/835/835
f 835/835/835 837/837/837 838/838/838
f 838/838/838 839/839/839 840/840/840
f 840/840/840 842/842/842 843/843/843
f 843/843/843 844/844/844 845/845/845
f 845/845/845 846/846/846 847/847/847
f 847/847/847 849/849/849 850/850/850
f 850/850/850 851/851/851 852/852/852
f 852/852/852 854/854/854 855/855/855
f 855/855/855 856/856/856 857/857/857
f 857/857/857 858/858/858 859/859/859
f 859/859/859 861/861/861 862/862/862
f 862/862/862 863/863/863 864/864/864
f 864/864/864 866/866/866 867/867/867
f 867/867/867 869/869/869 870/870/870
f 870/870/870 871/871/871 872/872/872
f 872/872/872 874/874/874 875/875/875
f 875/875/875 876/876/876 877/877/877
f 877/877/877 879/879/879 880/880/880
f 880/880/880 882/882/882 883/883/883
f 883/883/883 884/884/884 885/885/885
f 885/885/885 887/887/887 888/888/888
f 888/888/888 889/889/889 890/890/890
f 890/890/890 892/892/892 893/893/893
f 893/893/893 895/895/895 896/896/896
f 896/896/896 897/897/897 898/898/898
f 898/898/898 900/900/900 901/901/901
f 901/901/901 903/903/903 904/904/904
f 904/904/904 906/906/906 907/907/907
f 907/907/907 909/909/909 910/910/910
f 910/910/910 911/911/911 912/912/912
f 912/912/912 914/914/914 915/915/915
f 915/915/915 916/916/916 917/917/917
f 917/917/917 918/918/918 919/919/919
f 919/919/919 921/921/921 922/922/922
f 922/922/922 770/770/770 767/767/767
f 1043/1043/1043 1041/1041/1041 1040/1040/1040
f 1047/1047/1047 1045/1045/1045 1046/1046/1046
f 1045/1045/1045 1044/1044/1044 1043/1043/1043
f 1049/1049/1049 1046/1046/1046 1048/1048/1048
f 1046/1046/1046 1049/1049/1049 1047/1047/1047
f 1049/1049/1049 1050/1050/1050 1051/1051/1051
f 1051/1051/1051 1052/1052/1052 1053/1053/1053
f 1052/1052/1052 1051/1051/1051 1050/1050/1050
f 1056/1056/1056 1054/1054/1054 1055/1055/1055
f 1054/1054/1054 1053/1053/1053 1052/1052/1052
f 1058/1058/1058 1055/1055/1055 1057/1057/1057
f 1055/1055/1055 1058/1058/1058 1056/1056/1056
f 1058/1058/1058 1059/1059/1059 1060/1060/1060
f 1060/1060/1060 1061/1061/1061 1062/1062/1062
f 1061/1061/1061 1060/1060/1060 1059/1059/1059
f 1062/1062/1062 1061/1061/1061 1063/1063/1063
f 1062/1062/1062 1064/1064/1064 1065/1065/1065
f 1065/1065/1065 1066/1066/1066 1067/1067/1067
f 1066/1066/1066 1065/1065/1065 1064/1064/1064
f 1067/1067/1067 1068/1068/1068 1069/1069/1069
f 1069/1069/1069 1070/1070/1070 1071/1071/1071
f 1073/1073/1073 1070/1070/1070 1072/1072/1072
f 1070/1070/1070 1073/1073/1073 1071/1071/1071
f 1070/1070/1070 1069/1069/1069 1068/1068/1068
f 1073/1073/1073 1074/1074/1074 1075/1075/1075
f 1075/1075/1075 1076/1076/1076 1077/1077/1077
f 1076/1076/1076 1075/1075/1075 1074/1074/1074
f 1079/1079/1079 1076/1076/1076 1078/1078/1078
f 1081/1081/1081 1078/1078/1078 1080/1080/1080
f 1078/1078/1078 1081/1081/1081 1079/1079/1079
f 1081/1081/1081 1082/1082/1082 1083/1083/1083
f 1083/1083/1083 1084/1084/1084 1085/1085/1085
f 1084/1084/1084 1083/1083/1083 1082/1082/1082
f 1085/1085/1085 1084/1084/1084 1086/1086/1086
f 1088/1088/1088 1086/1086/1086 1087/1087/1087
f 1090/1090/1090 1087/1087/1087 1089/1089/1089
f 1087/1087/1087 1090/1090/1090 1088/1088/1088
f 1092/1092/1092 1089/1089/1089 1091/1091/1091
f 1094/1094/1094 1091/1091/1091 1093/1093/1093
f 1091/1091/1091 1094/1094/1094 1092/1092/1092
f 1096/1096/1096 1093/1093/1093 1095/1095/1095
f 1096/1096/1096 1097/1097/1097 1098/1098/1098
f 1097/1097/1097 1096/1096/1096 1095/1095/1095
f 1098/1098/1098 1097/1097/1097 1099/1099/1099
f 1101/1101/1101 1099/1099/1099 1100/1100/1100
f 1103/1103/1103 1100/1100/1100 1102/1102/1102
f 1100/1100/1100 1103/1103/1103 1101/1101/1101
f 1103/1103/1103 1104/1104/1104 1105/1105/1105
f 1105/1105/1105 1106/1106/1106 1107/1107/1107
f 1106/1106/1106 1105/1105/1105 1104/1104/1104
f 1107/1107/1107 1106/1106/1106 1108/1108/1108
f 1110/1110/1110 1108/1108/1108 1109/1109/1109
f 1112/1112/1112 1109/1109/1109 1111/1111/1111
f 1109/1109/1109 1112/1112/1112 1110/1110/1110
f 1112/1112/1112 1111/1111/1111 1113/1113/1113
f 1116/1116/1116 1114/1114/1114 1115/1115/1115
f 1117/1117/1117 1116/1116/1116 1113/1113/1113
f 1114/1114/1114 1116/1116/1116 1117/1117/1117
f 1113/1113/1113 1116/1116/1116 1112/1112/1112
f 1115/1115/1115 1118/1118/1118 1119/1119/1119
f 1120/1120/1120 1115/1115/1115 1114/1114/1114
f 1119/1119/1119 1121/1121/1121 1122/1122/1122
f 1121/1121/1121 1119/1119/1119 1118/1118/1118
f 1125/1125/1125 1123/1123/1123 1124/1124/1124
f 1123/1123/1123 1122/1122/1122 1121/1121/1121
f 1127/1127/1127 1124/1124/1124 1126/1126/1126
f 1124/1124/1124 1127/1127/1127 1125/1125/1125
f 1127/1127/1127 1128/1128/1128 1129/1129/1129
f 1129/1129/1129 1130/1130/1130 1131/1131/1131
f 1130/1130/1130 1129/1129/1129 1128/1128/1128
f 1134/1134/1134 1132/1132/1132 1133/1133/1133
f 1132/1132/1132 1131/1131/1131 1130/1130/1130
f 1134/1134/1134 1135/1135/1135 1136/1136/1136
f 1135/1135/1135 1134/1134/1134 1133/1133/1133
f 1139/1139/1139 1137/1137/1137 1138/1138/1138
f 1137/1137/1137 1136/1136/1136 1135/1135/1135
f 1138/1138/1138 1140/1140/1140 1139/1139/1139
f 1140/1140/1140 1138/1138/1138 1141/1141/1141
f 1140/1140/1140 1142/1142/1142 1143/1143/1143
f 1143/1143/1143 1144/1144/1144 1145/1145/1145
f 1144/1144/1144 1143/1143/1143 1142/1142/1142
f 1148/1148/1148 1146/1146/1146 1147/1147/1147
f 1146/1146/1146 1145/1145/1145 1144/1144/1144
f 1150/1150/1150 1147/1147/1147 1149/1149/1149
f 1147/1147/1147 1150/1150/1150 1148/1148/1148
f 1150/1150/1150 1151/1151/1151 1152/1152/1152
f 1152/1152/1152 1153/1153/1153 1154/1154/1154
f 1153/1153/1153 1152/1152/1152 1151/1151/1151
f 1154/1154/1154 1153/1153/1153 985/985/985
f 1151/1151/1151 1150/1150/1150 1149/1149/1149
f 1146/1146/1146 1148/1148/1148 1145/1145/1145
f 987/987/987 985/985/985 986/986/986
f 1142/1142/1142 1140/1140/1140 1141/1141/1141
f 1137/1137/1137 1139/1139/1139 1136/1136/1136
f 1132/1132/1132 1134/1134/1134 1131/1131/1131
f 1128/1128/1128 1127/1127/1127 1126/1126/1126
f 1123/1123/1123 1125/1125/1125 1122/1122/1122
f 1118/1118/1118 1115/1115/1115 1120/1120/1120
f 1108/1108/1108 1110/1110/1110 1107/1107/1107
f 1104/1104/1104 1103/1103/1103 1102/1102/1102
f 1099/1099/1099 1101/1101/1101 1098/1098/1098
f 1093/1093/1093 1096/1096/1096 1094/1094/1094
f 1089/1089/1089 1092/1092/1092 1090/1090/1090
f 1086/1086/1086 1088/1088/1088 1085/1085/1085
f 1082/1082/1082 1081/1081/1081 1080/1080/1080
f 1076/1076/1076 1079/1079/1079 1077/1077/1077
f 1074/1074/1074 1073/1073/1073 1072/1072/1072
f 1068/1068/1068 1067/1067/1067 1066/1066/1066
f 1064/1064/1064 1062/1062/1062 1063/1063/1063
f 1059/1059/1059 1058/1058/1058 1057/1057/1057
f 1054/1054/1054 1056/1056/1056 1053/1053/1053
f 1050/1050/1050 1049/1049/1049 1048/1048/1048
f 1045/1045/1045 1047/1047/1047 1044/1044/1044
f 1040/1040/1040 1039/1039/1039 1042/1042/1042
f 1037/1037/1037 1036/1036/1036 1038/1038/1038
f 1031/1031/1031 1033/1033/1033 1026/1026/1026
f 1020/1020/1020 1024/1024/1024 1019/1019/1019
f 1015/1015/1015 1017/1017/1017 1013/1013/1013
f 1010/1010/1010 1014/1014/1014 1011/1011/1011
f 1007/1007/1007 1009/1009/1009 1006/1006/1006
f 1003/1003/1003 1002/1002/1002 1001/1001/1001
f 997/997/997 1000/1000/1000 998/998/998
f 994/994/994 996/996/996 993/993/993
f 990/990/990 989/989/989 988/988/988
f 1041/1041/1041 1043/1043/1043 1044/1044/1044
f 1042/1042/1042 1039/1039/1039 1038/1038/1038
f 1039/1039/1039 1040/1040/1040 1041/1041/1041
f 1037/1037/1037 1038/1038/1038 1039/1039/1039
f 1036/1036/1036 1035/1035/1035 1034/1034/1034
f 1035/1035/1035 1036/1036/1036 1037/1037/1037
f 1034/1034/1034 1033/1033/1033 1032/1032/1032
f 1033/1033/1033 1034/1034/1034 1035/1035/1035
f 1031/1031/1031 1026/1026/1026 1025/1025/1025
f 1033/1033/1033 1031/1031/1031 1032/1032/1032
f 1022/1022/1022 1027/1027/1027 1023/1023/1023
f 1025/1025/1025 1027/1027/1027 1029/1029/1029
f 1030/1030/1030 1027/1027/1027 1022/1022/1022
f 1028/1028/1028 1027/1027/1027 1030/1030/1030
f 1029/1029/1029 1027/1027/1027 1028/1028/1028
f 1027/1027/1027 1025/1025/1025 1026/1026/1026
f 1021/1021/1021 1023/1023/1023 1024/1024/1024
f 1021/1021/1021 1024/1024/1024 1020/1020/1020
f 1023/1023/1023 1021/1021/1021 1022/1022/1022
f 1019/1019/1019 1018/1018/1018 1020/1020/1020
f 1018/1018/1018 1017/1017/1017 1016/1016/1016
f 1017/1017/1017 1018/1018/1018 1019/1019/1019
f 1017/1017/1017 1015/1015/1015 1016/1016/1016
f 1013/1013/1013 1012/1012/1012 1015/1015/1015
f 1012/1012/1012 1014/1014/1014 1010/1010/1010
f 1014/1014/1014 1012/1012/1012 1013/1013/1013
f 1008/1008/1008 1011/1011/1011 1009/1009/1009
f 1011/1011/1011 1008/1008/1008 1010/1010/1010
f 1009/1009/1009 1007/1007/1007 1008/1008/1008
f 1006/1006/1006 1005/1005/1005 1007/1007/1007
f 1005/1005/1005 1004/1004/1004 1003/1003/1003
f 1004/1004/1004 1005/1005/1005 1006/1006/1006
f 1002/1002/1002 1003/1003/1003 1004/1004/1004
f 999/999/999 1002/1002/1002 1000/1000/1000
f 1002/1002/1002 999/999/999 1001/1001/1001
f 1000/1000/1000 997/997/997 999/999/999
f 997/997/997 996/996/996 995/995/995
f 996/996/996 997/997/997 998/998/998
f 996/996/996 994/994/994 995/995/995
f 993/993/993 992/992/992 994/994/994
f 992/992/992 991/991/991 990/990/990
f 991/991/991 992/992/992 993/993/993
f 989/989/989 990/990/990 991/991/991
f 986/986/986 989/989/989 987/987/987
f 989/989/989 986/986/986 988/988/988
f 985/985/985 987/987/987 1154/1154/1154
f 1302/1302/1302 1371/1371/1371 1372/1372/1372
f 1371/1371/1371 1302/1302/1302 1303/1303/1303
f 1301/1301/1301 1369/1369/1369 1370/1370/1370
f 1369/1369/1369 1301/1301/1301 1302/1302/1302
f 1300/1300/1300 1367/1367/1367 1368/1368/1368
f 1367/1367/1367 1300/1300/1300 1301/1301/1301
f 1299/1299/1299 1365/1365/1365 1366/1366/1366
f 1365/1365/1365 1299/1299/1299 1300/1300/1300
f 1298/1298/1298 1363/1363/1363 1364/1364/1364
f 1363/1363/1363 1298/1298/1298 1299/1299/1299
f 1297/1297/1297 1361/1361/1361 1362/1362/1362
f 1361/1361/1361 1297/1297/1297 1298/1298/1298
f 1296/1296/1296 1359/1359/1359 1360/1360/1360
f 1359/1359/1359 1296/1296/1296 1297/1297/1297
f 1295/1295/1295 1357/1357/1357 1358/1358/1358
f 1295/1295/1295 1356/1356/1356 1357/1357/1357
f 1356/1356/1356 1295/1295/1295 1296/1296/1296
f 1294/1294/1294 1354/1354/1354 1355/1355/1355
f 1354/1354/1354 1294/1294/1294 1295/1295/1295
f 1293/1293/1293 1352/1352/1352 1353/1353/1353
f 1352/1352/1352 1293/1293/1293 1294/1294/1294
f 1292/1292/1292 1350/1350/1350 1351/1351/1351
f 1350/1350/1350 1292/1292/1292 1293/1293/1293
f 1291/1291/1291 1348/1348/1348 1349/1349/1349
f 1348/1348/1348 1291/1291/1291 1292/1292/1292
f 1346/1346/1346 1290/1290/1290 1291/1291/1291
f 1290/1290/1290 1346/1346/1346 1347/1347/1347
f 1344/1344/1344 1289/1289/1289 1290/1290/1290
f 1289/1289/1289 1344/1344/1344 1345/1345/1345
f 1342/1342/1342 1288/1288/1288 1289/1289/1289
f 1288/1288/1288 1342/1342/1342 1343/1343/1343
f 1340/1340/1340 1287/1287/1287 1288/1288/1288
f 1287/1287/1287 1340/1340/1340 1341/1341/1341
f 1338/1338/1338 1286/1286/1286 1287/1287/1287
f 1286/1286/1286 1338/1338/1338 1339/1339/1339
f 1285/1285/1285 1337/1337/1337 1336/1336/1336
f 1284/1284/1284 1336/1336/1336 1334/1334/1334
f 1283/1283/1283 1334/1334/1334 1335/1335/1335
f 1334/1334/1334 1283/1283/1283 1284/1284/1284
f 1282/1282/1282 1332/1332/1332 1333/1333/1333
f 1332/1332/1332 1282/1282/1282 1283/1283/1283
f 1281/1281/1281 1330/1330/1330 1331/1331/1331
f 1330/1330/1330 1281/1281/1281 1282/1282/1282
f 1280/1280/1280 1328/1328/1328 1329/1329/1329
f 1328/1328/1328 1280/1280/1280 1281/1281/1281
f 1279/1279/1279 1326/1326/1326 1327/1327/1327
f 1326/1326/1326 1279/1279/1279 1280/1280/1280
f 1278/1278/1278 1324/1324/1324 1325/1325/1325
f 1324/1324/1324 1278/1278/1278 1279/1279/1279
f 1277/1277/1277 1322/1322/1322 1323/1323/1323
f 1322/1322/1322 1277/1277/1277 1278/1278/1278
f 1276/1276/1276 1320/1320/1320 1321/1321/1321
f 1320/1320/1320 1276/1276/1276 1277/1277/1277
f 1275/1275/1275 1318/1318/1318 1319/1319/1319
f 1318/1318/1318 1275/1275/1275 1276/1276/1276
f 1274/1274/1274 1316/1316/1316 1317/1317/1317
f 1316/1316/1316 1274/1274/1274 1275/1275/1275
f 1273/1273/1273 1314/1314/1314 1315/1315/1315
f 1314/1314/1314 1273/1273/1273 1274/1274/1274
f 1311/1311/1311 1312/1312/1312 1313/1313/1313
f 1312/1312/1312 1311/1311/1311 1273/1273/1273
f 1311/1311/1311 1271/1271/1271 1272/1272/1272
f 1310/1310/1310 1270/1270/1270 1271/1271/1271
f 1309/1309/1309 1269/1269/1269 1270/1270/1270
f 1308/1308/1308 1268/1268/1268 1269/1269/1269
f 1307/1307/1307 1267/1267/1267 1268/1268/1268
f 1306/1306/1306 1266/1266/1266 1267/1267/1267
f 1305/1305/1305 1265/1265/1265 1266/1266/1266
f 1304/1304/1304 1264/1264/1264 1265/1265/1265
f 1303/1303/1303 1263/1263/1263 1264/1264/1264
f 1302/1302/1302 1262/1262/1262 1263/1263/1263
f 1301/1301/1301 1261/1261/1261 1262/1262/1262
f 1300/1300/1300 1260/1260/1260 1261/1261/1261
f 1299/1299/1299 1259/1259/1259 1260/1260/1260
f 1298/1298/1298 1258/1258/1258 1259/1259/1259
f 1297/1297/1297 1257/1257/1257 1258/1258/1258
f 1296/1296/1296 1256/1256/1256 1257/1257/1257
f 1295/1295/1295 1255/1255/1255 1256/1256/1256
f 1294/1294/1294 1254/1254/1254 1255/1255/1255
f 1293/1293/1293 1253/1253/1253 1254/1254/1254
f 1292/1292/1292 1252/1252/1252 1253/1253/1253
f 1291/1291/1291 1251/1251/1251 1252/1252/1252
f 1290/1290/1290 1250/1250/1250 1251/1251/1251
f 1289/1289/1289 1249/1249/1249 1250/1250/1250
f 1288/1288/1288 1248/1248/1248 1249/1249/1249
f 1287/1287/1287 1247/1247/1247 1248/1248/1248
f 1286/1286/1286 1246/1246/1246 1247/1247/1247
f 1285/1285/1285 1245/1245/1245 1246/1246/1246
f 1284/1284/1284 1244/1244/1244 1245/1245/1245
f 1283/1283/1283 1243/1243/1243 1244/1244/1244
f 1282/1282/1282 1242/1242/1242 1243/1243/1243
f 1281/1281/1281 1241/1241/1241 1242/1242/1242
f 1280/1280/1280 1240/1240/1240 1241/1241/1241
f 1279/1279/1279 1239/1239/1239 1240/1240/1240
f 1278/1278/1278 1238/1238/1238 1239/1239/1239
f 1277/1277/1277 1237/1237/1237 1238/1238/1238
f 1276/1276/1276 1236/1236/1236 1237/1237/1237
f 1275/1275/1275 1235/1235/1235 1236/1236/1236
f 1274/1274/1274 1234/1234/1234 1235/1235/1235
f 1273/1273/1273 1272/1272/1272 1234/1234/1234
f 1272/1272/1272 1231/1231/1231 1156/1156/1156
f 1271/1271/1271 1229/1229/1229 1231/1231/1231
f 1270/1270/1270 1227/1227/1227 1229/1229/1229
f 1269/1269/1269 1225/1225/1225 1227/1227/1227
f 1268/1268/1268 1223/1223/1223 1225/1225/1225
f 1267/1267/1267 1221/1221/1221 1223/1223/1223
f 1266/1266/1266 1219/1219/1219 1221/1221/1221
f 1265/1265/1265 1217/1217/1217 1219/1219/1219
f 1264/1264/1264 1215/1215/1215 1217/1217/1217
f 1263/1263/1263 1213/1213/1213 1215/1215/1215
f 1262/1262/1262 1211/1211/1211 1213/1213/1213
f 1261/1261/1261 1209/1209/1209 1211/1211/1211
f 1260/1260/1260 1207/1207/1207 1209/1209/1209
f 1259/1259/1259 1205/1205/1205 1207/1207/1207
f 1258/1258/1258 1203/1203/1203 1205/1205/1205
f 1257/1257/1257 1201/1201/1201 1203/1203/1203
f 1256/1256/1256 1199/1199/1199 1201/1201/1201
f 1255/1255/1255 1197/1197/1197 1199/1199/1199
f 1254/1254/1254 1194/1194/1194 1197/1197/1197
f 1253/1253/1253 1192/1192/1192 1194/1194/1194
f 1252/1252/1252 1190/1190/1190 1192/1192/1192
f 1251/1251/1251 1188/1188/1188 1190/1190/1190
f 1250/1250/1250 1186/1186/1186 1188/1188/1188
f 1249/1249/1249 1184/1184/1184 1186/1186/1186
f 1248/1248/1248 1182/1182/1182 1184/1184/1184
f 1247/1247/1247 1180/1180/1180 1182/1182/1182
f 1246/1246/1246 1178/1178/1178 1180/1180/1180
f 1245/1245/1245 1176/1176/1176 1178/1178/1178
f 1244/1244/1244 1174/1174/1174 1176/1176/1176
f 1243/1243/1243 1172/1172/1172 1174/1174/1174
f 1242/1242/1242 1170/1170/1170 1172/1172/1172
f 1303/1303/1303 1373/1373/1373 1374/1374/1374
f 1304/1304/1304 1375/1375/1375 1373/1373/1373
f 1305/1305/1305 1376/1376/1376 1375/1375/1375
f 1306/1306/1306 1377/1377/1377 1378/1378/1378
f 1377/1377/1377 1306/1306/1306 1307/1307/1307
f 1307/1307/1307 1379/1379/1379 1380/1380/1380
f 1379/1379/1379 1307/1307/1307 1308/1308/1308
f 1308/1308/1308 1381/1381/1381 1382/1382/1382
f 1381/1381/1381 1308/1308/1308 1309/1309/1309
f 1309/1309/1309 1383/1383/1383 1384/1384/1384
f 1383/1383/1383 1309/1309/1309 1310/1310/1310
f 1310/1310/1310 1385/1385/1385 1386/1386/1386
f 1385/1385/1385 1310/1310/1310 1311/1311/1311
f 1310/1310/1310 1386/1386/1386 1383/1383/1383
f 1309/1309/1309 1384/1384/1384 1381/1381/1381
f 1308/1308/1308 1382/1382/1382 1379/1379/1379
f 1307/1307/1307 1380/1380/1380 1377/1377/1377
f 1306/1306/1306 1378/1378/1378 1376/1376/1376
f 1376/1376/1376 1305/1305/1305 1306/1306/1306
f 1375/1375/1375 1304/1304/1304 1305/1305/1305
f 1303/1303/1303 1374/1374/1374 1371/1371/1371
f 1302/1302/1302 1372/1372/1372 1369/1369/1369
f 1301/1301/1301 1370/1370/1370 1367/1367/1367
f 1300/1300/1300 1368/1368/1368 1365/1365/1365
f 1299/1299/1299 1366/1366/1366 1363/1363/1363
f 1298/1298/1298 1364/1364/1364 1361/1361/1361
f 1297/1297/1297 1362/1362/1362 1359/1359/1359
f 1296/1296/1296 1360/1360/1360 1356/1356/1356
f 1295/1295/1295 1358/1358/1358 1354/1354/1354
f 1294/1294/1294 1355/1355/1355 1352/1352/1352
f 1293/1293/1293 1353/1353/1353 1350/1350/1350
f 1292/1292/1292 1351/1351/1351 1348/1348/1348
f 1291/1291/1291 1349/1349/1349 1346/1346/1346
f 1290/1290/1290 1347/1347/1347 1344/1344/1344
f 1289/1289/1289 1345/1345/1345 1342/1342/1342
f 1288/1288/1288 1343/1343/1343 1340/1340/1340
f 1287/1287/1287 1341/1341/1341 1338/1338/1338
f 1286/1286/1286 1339/1339/1339 1337/1337/1337
f 1337/1337/1337 1285/1285/1285 1286/1286/1286
f 1336/1336/1336 1284/1284/1284 1285/1285/1285
f 1283/1283/1283 1335/1335/1335 1332/1332/1332
f 1282/1282/1282 1333/1333/1333 1330/1330/1330
f 1281/1281/1281 1331/1331/1331 1328/1328/1328
f 1280/1280/1280 1329/1329/1329 1326/1326/1326
f 1279/1279/1279 1327/1327/1327 1324/1324/1324
f 1278/1278/1278 1325/1325/1325 1322/1322/1322
f 1277/1277/1277 1323/1323/1323 1320/1320/1320
f 1276/1276/1276 1321/1321/1321 1318/1318/1318
f 1275/1275/1275 1319/1319/1319 1316/1316/1316
f 1274/1274/1274 1317/1317/1317 1314/1314/1314
f 1273/1273/1273 1315/1315/1315 1312/1312/1312
f 1311/1311/1311 1313/1313/1313 1385/1385/1385
f 1271/1271/1271 1311/1311/1311 1310/1310/1310
f 1270/1270/1270 1310/1310/1310 1309/1309/1309
f 1269/1269/1269 1309/1309/1309 1308/1308/1308
f 1268/1268/1268 1308/1308/1308 1307/1307/1307
f 1267/1267/1267 1307/1307/1307 1306/1306/1306
f 1266/1266/1266 1306/1306/1306 1305/1305/1305
f 1265/1265/1265 1305/1305/1305 1304/1304/1304
f 1264/1264/1264 1304/1304/1304 1303/1303/1303
f 1263/1263/1263 1303/1303/1303 1302/1302/1302
f 1262/1262/1262 1302/1302/1302 1301/1301/1301
f 1261/1261/1261 1301/1301/1301 1300/1300/1300
f 1260/1260/1260 1300/1300/1300 1299/1299/1299
f 1259/1259/1259 1299/1299/1299 1298/1298/1298
f 1258/1258/1258 1298/1298/1298 1297/1297/1297
f 1257/1257/1257 1297/1297/1297 1296/1296/1296
f 1256/1256/1256 1296/1296/1296 1295/1295/1295
f 1255/1255/1255 1295/1295/1295 1294/1294/1294
f 1254/1254/1254 1294/1294/1294 1293/1293/1293
f 1253/1253/1253 1293/1293/1293 1292/1292/1292
f 1252/1252/1252 1292/1292/1292 1291/1291/1291
f 1251/1251/1251 1291/1291/1291 1290/1290/1290
f 1250/1250/1250 1290/1290/1290 1289/1289/1289
f 1249/1249/1249 1289/1289/1289 1288/1288/1288
f 1248/1248/1248 1288/1288/1288 1287/1287/1287
f 1247/1247/1247 1287/1287/1287 1286/1286/1286
f 1246/1246/1246 1286/1286/1286 1285/1285/1285
f 1245/1245/1245 1285/1285/1285 1284/1284/1284
f 1244/1244/1244 1284/1284/1284 1283/1283/1283
f 1243/1243/1243 1283/1283/1283 1282/1282/1282
f 1242/1242/1242 1282/1282/1282 1281/1281/1281
f 1241/1241/1241 1281/1281/1281 1280/1280/1280
f 1240/1240/1240 1280/1280/1280 1279/1279/1279
f 1239/1239/1239 1279/1279/1279 1278/1278/1278
f 1238/1238/1238 1278/1278/1278 1277/1277/1277
f 1237/1237/1237 1277/1277/1277 1276/1276/1276
f 1236/1236/1236 1276/1276/1276 1275/1275/1275
f 1235/1235/1235 1275/1275/1275 1274/1274/1274
f 1234/1234/1234 1274/1274/1274 1273/1273/1273
f 1272/1272/1272 1273/1273/1273 1311/1311/1311
f 1231/1231/1231 1272/1272/1272 1271/1271/1271
f 1229/1229/1229 1271/1271/1271 1270/1270/1270
f 1227/1227/1227 1270/1270/1270 1269/1269/1269
f 1225/1225/1225 1269/1269/1269 1268/1268/1268
f 1223/1223/1223 1268/1268/1268 1267/1267/1267
f 1221/1221/1221 1267/1267/1267 1266/1266/1266
f 1219/1219/1219 1266/1266/1266 1265/1265/1265
f 1217/1217/1217 1265/1265/1265 1264/1264/1264
f 1215/1215/1215 1264/1264/1264 1263/1263/1263
f 1213/1213/1213 1263/1263/1263 1262/1262/1262
f 1211/1211/1211 1262/1262/1262 1261/1261/1261
f 1209/1209/1209 1261/1261/1261 1260/1260/1260
f 1207/1207/1207 1260/1260/1260 1259/1259/1259
f 1205/1205/1205 1259/1259/1259 1258/1258/1258
f 1203/1203/1203 1258/1258/1258 1257/1257/1257
f 1201/1201/1201 1257/1257/1257 1256/1256/1256
f 1199/1199/1199 1256/1256/1256 1255/1255/1255
f 1197/1197/1197 1255/1255/1255 1254/1254/1254
f 1194/1194/1194 1254/1254/1254 1253/1253/1253
f 1192/1192/1192 1253/1253/1253 1252/1252/1252
f 1190/1190/1190 1252/1252/1252 1251/1251/1251
f 1188/1188/1188 1251/1251/1251 1250/1250/1250
f 1186/1186/1186 1250/1250/1250 1249/1249/1249
f 1184/1184/1184 1249/1249/1249 1248/1248/1248
f 1182/1182/1182 1248/1248/1248 1247/1247/1247
f 1180/1180/1180 1247/1247/1247 1246/1246/1246
f 1178/1178/1178 1246/1246/1246 1245/1245/1245
f 1176/1176/1176 1245/1245/1245 1244/1244/1244
f 1174/1174/1174 1244/1244/1244 1243/1243/1243
f 1172/1172/1172 1243/1243/1243 1242/1242/1242
f 1170/1170/1170 1242/1242/1242 1241/1241/1241
f 1168/1168/1168 1241/1241/1241 1240/1240/1240
f 1166/1166/1166 1240/1240/1240 1239/1239/1239
f 1164/1164/1164 1239/1239/1239 1238/1238/1238
f 1162/1162/1162 1238/1238/1238 1237/1237/1237
f 1160/1160/1160 1237/1237/1237 1236/1236/1236
f 1158/1158/1158 1236/1236/1236 1235/1235/1235
f 1155/1155/1155 1235/1235/1235 1234/1234/1234
f 1156/1156/1156 1234/1234/1234 1272/1272/1272
f 1156/1156/1156 1233/1233/1233 1157/1157/1157
f 1231/1231/1231 1232/1232/1232 1233/1233/1233
f 1229/1229/1229 1230/1230/1230 1232/1232/1232
f 1227/1227/1227 1228/1228/1228 1230/1230/1230
f 1225/1225/1225 1226/1226/1226 1228/1228/1228
f 1223/1223/1223 1224/1224/1224 1226/1226/1226
f 1221/1221/1221 1222/1222/1222 1224/1224/1224
f 1219/1219/1219 1220/1220/1220 1222/1222/1222
f 1217/1217/1217 1218/1218/1218 1220/1220/1220
f 1215/1215/1215 1216/1216/1216 1218/1218/1218
f 1213/1213/1213 1214/1214/1214 1216/1216/1216
f 1211/1211/1211 1212/1212/1212 1214/1214/1214
f 1209/1209/1209 1210/1210/1210 1212/1212/1212
f 1207/1207/1207 1208/1208/1208 1210/1210/1210
f 1205/1205/1205 1206/1206/1206 1208/1208/1208
f 1203/1203/1203 1204/1204/1204 1206/1206/1206
f 1201/1201/1201 1202/1202/1202 1204/1204/1204
f 1199/1199/1199 1200/1200/1200 1202/1202/1202
f 1197/1197/1197 1198/1198/1198 1200/1200/1200
f 1194/1194/1194 1196/1196/1196 1198/1198/1198
f 1192/1192/1192 1193/1193/1193 1195/1195/1195
f 1190/1190/1190 1191/1191/1191 1193/1193/1193
f 1188/1188/1188 1189/1189/1189 1191/1191/1191
f 1186/1186/1186 1187/1187/1187 1189/1189/1189
f 1184/1184/1184 1185/1185/1185 1187/1187/1187
f 1182/1182/1182 1183/1183/1183 1185/1185/1185
f 1180/1180/1180 1181/1181/1181 1183/1183/1183
f 1178/1178/1178 1179/1179/1179 1181/1181/1181
f 1176/1176/1176 1177/1177/1177 1179/1179/1179
f 1174/1174/1174 1175/1175/1175 1177/1177/1177
f 1172/1172/1172 1173/1173/1173 1175/1175/1175
f 1170/1170/1170 1171/1171/1171 1173/1173/1173
f 1168/1168/1168 1169/1169/1169 1171/1171/1171
f 1166/1166/1166 1167/1167/1167 1169/1169/1169
f 1164/1164/1164 1165/1165/1165 1167/1167/1167
f 1162/1162/1162 1163/1163/1163 1165/1165/1165
f 1160/1160/1160 1161/1161/1161 1163/1163/1163
f 1158/1158/1158 1159/1159/1159 1161/1161/1161
f 1373/1373/1373 1303/1303/1303 1304/1304/1304
f 1157/1157/1157 1155/1155/1155 1156/1156/1156
f 1159/1159/1159 1158/1158/1158 1155/1155/1155
f 1161/1161/1161 1160/1160/1160 1158/1158/1158
f 1163/1163/1163 1162/1162/1162 1160/1160/1160
f 1165/1165/1165 1164/1164/1164 1162/1162/1162
f 1167/1167/1167 1166/1166/1166 1164/1164/1164
f 1169/1169/1169 1168/1168/1168 1166/1166/1166
f 1171/1171/1171 1170/1170/1170 1168/1168/1168
f 1173/1173/1173 1172/1172/1172 1170/1170/1170
f 1175/1175/1175 1174/1174/1174 1172/1172/1172
f 1177/1177/1177 1176/1176/1176 1174/1174/1174
f 1179/1179/1179 1178/1178/1178 1176/1176/1176
f 1181/1181/1181 1180/1180/1180 1178/1178/1178
f 1183/1183/1183 1182/1182/1182 1180/1180/1180
f 1185/1185/1185 1184/1184/1184 1182/1182/1182
f 1187/1187/1187 1186/1186/1186 1184/1184/1184
f 1189/1189/1189 1188/1188/1188 1186/1186/1186
f 1191/1191/1191 1190/1190/1190 1188/1188/1188
f 1193/1193/1193 1192/1192/1192 1190/1190/1190
f 1195/1195/1195 1194/1194/1194 1192/1192/1192
f 1194/1194/1194 1195/1195/1195 1196/1196/1196
f 1198/1198/1198 1197/1197/1197 1194/1194/1194
f 1200/1200/1200 1199/1199/1199 1197/1197/1197
f 1202/1202/1202 1201/1201/1201 1199/1199/1199
f 1204/1204/1204 1203/1203/1203 1201/1201/1201
f 1206/1206/1206 1205/1205/1205 1203/1203/1203
f 1208/1208/1208 1207/1207/1207 1205/1205/1205
f 1210/1210/1210 1209/1209/1209 1207/1207/1207
f 1212/1212/1212 1211/1211/1211 1209/1209/1209
f 1214/1214/1214 1213/1213/1213 1211/1211/1211
f 1216/1216/1216 1215/1215/1215 1213/1213/1213
f 1218/1218/1218 1217/1217/1217 1215/1215/1215
f 1220/1220/1220 1219/1219/1219 1217/1217/1217
f 1222/1222/1222 1221/1221/1221 1219/1219/1219
f 1224/1224/1224 1223/1223/1223 1221/1221/1221
f 1226/1226/1226 1225/1225/1225 1223/1223/1223
f 1228/1228/1228 1227/1227/1227 1225/1225/1225
f 1230/1230/1230 1229/1229/1229 1227/1227/1227
f 1232/1232/1232 1231/1231/1231 1229/1229/1229
f 1233/1233/1233 1156/1156/1156 1231/1231/1231
f 1234/1234/1234 1156/1156/1156 1155/1155/1155
f 1235/1235/1235 1155/1155/1155 1158/1158/1158
f 1236/1236/1236 1158/1158/1158 1160/1160/1160
f 1237/1237/1237 1160/1160/1160 1162/1162/1162
f 1238/1238/1238 1162/1162/1162 1164/1164/1164
f 1239/1239/1239 1164/1164/1164 1166/1166/1166
f 1240/1240/1240 1166/1166/1166 1168/1168/1168
f 1241/1241/1241 1168/1168/1168 1170/1170/1170
f 1155/1155/1155 1157/1157/1157 1159/1159/1159
g body_2
v 0.000000 -0.089509 0.010000
v -0.000959 -0.083290 0.009954
v -0.000669 -0.082988 0.009978
v -0.003050 -0.085487 0.009524
v -0.004329 -0.086841 0.009014
v -0.000933 -0.090481 0.009956
v -0.003025 -0.092676 0.009532
v -0.000646 -0.090182 0.009979
v -0.004329 -0.094053 0.009014
v -0.006337 -0.088976 0.007736
v -0.005005 -0.087559 0.008657
v -0.007763 -0.090501 0.006304
v -0.004982 -0.094744 0.008671
v -0.006316 -0.096160 0.007753
v -0.007746 -0.097682 0.006325
v -0.008342 -0.098318 0.005514
v -0.009390 -0.092246 0.003439
v -0.009240 -0.092085 0.003824
v -0.009747 -0.092630 0.002234
v -0.009232 -0.099267 0.003844
v -0.009384 -0.099430 0.003455
v -0.009747 -0.099818 0.002234
v -0.008355 -0.091136 0.005495
v -0.009944 -0.092842 0.001061
v -0.009855 -0.092747 0.001695
v -0.009853 -0.099931 0.001709
v -0.009974 -0.092876 -0.000724
v -0.009942 -0.100027 0.001072
v -0.009974 -0.100062 -0.000716
v -0.009913 -0.099997 -0.001319
v -0.009747 -0.099822 -0.002234
v -0.009747 -0.092634 -0.002234
v -0.009912 -0.092810 -0.001324
v -0.009218 -0.099259 -0.003877
v -0.008374 -0.098361 -0.005467
v -0.009523 -0.092394 -0.003052
v -0.009523 -0.099584 -0.003051
v -0.007685 -0.097628 -0.006398
v -0.009218 -0.092068 -0.003877
v -0.008374 -0.091166 -0.005465
v -0.007686 -0.090430 -0.006397
v -0.005551 -0.095362 -0.008318
v -0.004330 -0.094069 -0.009014
v -0.006350 -0.096210 -0.007725
v -0.004330 -0.086857 -0.009014
v -0.005562 -0.088165 -0.008310
v -0.006352 -0.089007 -0.007723
v -0.000001 -0.089527 -0.010000
v -0.003792 -0.086287 -0.009253
v -0.003781 -0.093489 -0.009258
v -0.001868 -0.091477 -0.009824
v -0.001407 -0.090993 -0.009901
v -0.000001 -0.082309 -0.010000
v -0.001421 -0.083791 -0.009899
v -0.001878 -0.084271 -0.009822
v 0.004333 -0.085073 -0.009012
v 0.000724 -0.081556 -0.009974
v 0.004333 -0.077862 -0.009012
v 0.002845 -0.079375 -0.009587
v 0.000738 -0.088760 -0.009973
v 0.002858 -0.086576 -0.009583
v 0.004635 -0.077557 -0.008861
v 0.007310 -0.082086 -0.006824
v 0.007808 -0.081593 -0.006248
v 0.007297 -0.074899 -0.006837
v 0.006367 -0.075821 -0.007711
v 0.007808 -0.074395 -0.006248
v 0.006382 -0.083011 -0.007699
v 0.004651 -0.084751 -0.008852
v 0.009493 -0.072750 -0.003143
v 0.008740 -0.073483 -0.004860
v 0.009658 -0.079778 -0.002593
v 0.009748 -0.079690 -0.002229
v 0.009656 -0.072592 -0.002600
v 0.009748 -0.072502 -0.002229
v 0.009497 -0.079935 -0.003133
v 0.008494 -0.073722 -0.005277
v 0.008504 -0.080908 -0.005262
v 0.008746 -0.080670 -0.004848
v 0.009999 -0.079445 0.000102
v 0.009814 -0.079623 0.001918
v 0.009749 -0.072498 0.002227
v 0.009814 -0.072436 0.001919
v 0.010000 -0.072258 0.000100
v 0.009969 -0.072289 -0.000787
v 0.009969 -0.079474 -0.000783
v 0.007809 -0.074384 0.006246
v 0.008998 -0.080416 0.004363
v 0.008470 -0.080933 0.005316
v 0.009640 -0.079792 0.002661
v 0.008465 -0.073742 0.005324
v 0.008995 -0.073227 0.004370
v 0.009638 -0.072605 0.002665
v 0.009749 -0.079686 0.002227
v 0.004577 -0.077601 0.008891
v 0.006202 -0.075973 0.007845
v 0.007809 -0.081582 0.006246
v 0.007342 -0.082044 0.006789
v 0.007336 -0.074850 0.006796
v 0.006207 -0.083173 0.007841
v 0.000000 -0.082291 0.010000
v 0.002044 -0.080179 0.009789
v 0.004582 -0.084807 0.008889
v 0.004011 -0.085385 0.009160
v 0.004008 -0.078175 0.009161
v 0.002045 -0.087394 0.009789
v -0.010269 -0.094267 -0.055369
v -0.010407 -0.091618 -0.063794
v -0.007439 -0.087904 -0.060836
v -0.007869 -0.086536 -0.064800
v -0.005715 -0.093489 -0.031852
v -0.022665 -0.112856 -0.029692
v -0.022076 -0.112072 -0.036235
v -0.040270 -0.131703 -0.014329
v -0.039494 -0.131333 -0.021133
v -0.023143 -0.113487 -0.022721
v -0.005336 -0.094714 -0.016559
v -0.005497 -0.094194 -0.024398
v -0.038444 -0.130826 -0.027639
v -0.006299 -0.091598 -0.045245
v -0.021392 -0.111152 -0.042283
v -0.021019 -0.110646 -0.045105
v -0.005985 -0.092616 -0.038825
v -0.037147 -0.130190 -0.033765
v -0.035638 -0.129435 -0.039447
v -0.006650 -0.090457 -0.051065
v -0.020628 -0.110113 -0.047784
v -0.020223 -0.109555 -0.050318
v -0.033958 -0.128571 -0.044634
v -0.006470 -0.091041 -0.048232
v -0.033066 -0.128103 -0.047031
v -0.006837 -0.089849 -0.053743
v -0.013476 -0.099242 -0.054476
v -0.019805 -0.108975 -0.052705
v -0.032148 -0.127612 -0.049292
v -0.026028 -0.118427 -0.050970
v -0.024623 -0.117286 -0.055176
v -0.009313 -0.082309 -0.073432
v -0.008801 -0.083721 -0.071048
v -0.010583 -0.088830 -0.069917
v -0.012174 -0.092490 -0.070936
v -0.018941 -0.107757 -0.057029
v -0.008322 -0.085136 -0.068189
v -0.013215 -0.097967 -0.058929
v -0.012948 -0.096635 -0.062778
v -0.012683 -0.095266 -0.066043
v -0.012423 -0.093879 -0.068752
v -0.018055 -0.106477 -0.060754
v -0.017168 -0.105153 -0.063886
v -0.016302 -0.103801 -0.066439
v -0.015483 -0.102435 -0.068429
v -0.014747 -0.101070 -0.069866
v -0.013259 -0.096114 -0.071186
v -0.019102 -0.112227 -0.066279
v -0.030256 -0.126572 -0.053402
v -0.023190 -0.116078 -0.058798
v -0.021766 -0.114821 -0.061842
v -0.020389 -0.113531 -0.064327
v -0.026413 -0.124310 -0.059984
v -0.028328 -0.125465 -0.056962
v -0.024553 -0.123130 -0.062496
v -0.022786 -0.121949 -0.064536
v -0.017947 -0.110932 -0.067738
v -0.021138 -0.120795 -0.066156
v -0.044062 -0.145249 -0.046156
v -0.041306 -0.144493 -0.050159
v -0.053176 -0.147538 -0.025692
v -0.051302 -0.147095 -0.031426
v -0.049121 -0.146562 -0.036773
v -0.046687 -0.145943 -0.041691
v -0.024206 -0.130671 -0.064888
v -0.035610 -0.142880 -0.056817
v -0.038473 -0.143696 -0.053707
v -0.032754 -0.142069 -0.059515
v -0.028691 -0.132638 -0.060913
v -0.029932 -0.141285 -0.061829
v -0.027160 -0.140545 -0.063789
v -0.020331 -0.109597 0.050047
v -0.006890 -0.089894 0.053478
v -0.013561 -0.099288 0.054222
v -0.007087 -0.089265 0.056013
v -0.008390 -0.085188 0.068018
v -0.008871 -0.083774 0.070899
v -0.012529 -0.093931 0.068607
v -0.012283 -0.092542 0.070817
v -0.009384 -0.082362 0.073304
v -0.010917 -0.086099 0.073971
v -0.009909 -0.080882 0.075278
v -0.015618 -0.102488 0.068316
v -0.013381 -0.096167 0.071099
v -0.012050 -0.091165 0.072532
v -0.018097 -0.110982 0.067646
v -0.019258 -0.112278 0.066161
v -0.021314 -0.120840 0.066049
v -0.022965 -0.121996 0.064407
v -0.020547 -0.113581 0.064182
v -0.016436 -0.103853 0.066298
v -0.024734 -0.123177 0.062342
v -0.017300 -0.105204 0.063716
v -0.007500 -0.087953 0.060613
v -0.007934 -0.086588 0.064604
v -0.013046 -0.096685 0.062580
v -0.012785 -0.095318 0.065872
v -0.013307 -0.098015 0.058702
v -0.018182 -0.106526 0.060554
v -0.019061 -0.107803 0.056800
v -0.023343 -0.116125 0.058595
v -0.026593 -0.124356 0.059803
v -0.021922 -0.114870 0.061669
v -0.028505 -0.125509 0.056753
v -0.032308 -0.127650 0.049027
v -0.019918 -0.109018 0.052447
v -0.024770 -0.117330 0.054944
v -0.035838 -0.142914 0.056615
v -0.028896 -0.132679 0.060747
v -0.024413 -0.130709 0.064766
v -0.027398 -0.140575 0.063652
v -0.030168 -0.141317 0.061672
v -0.038694 -0.143730 0.053481
v -0.041518 -0.144525 0.049908
v -0.030425 -0.126613 0.053165
v -0.034105 -0.128606 0.044342
v -0.044262 -0.145278 0.045879
v -0.039567 -0.131349 0.020755
v -0.005520 -0.094216 0.024028
v -0.022731 -0.112882 0.029335
v -0.005746 -0.093517 0.031500
v -0.006023 -0.092650 0.038495
v -0.006343 -0.091637 0.044940
v -0.021484 -0.111187 0.041972
v -0.006517 -0.091082 0.047941
v -0.020732 -0.110153 0.047499
v -0.006700 -0.090500 0.050788
v -0.022156 -0.112103 0.035900
v -0.035770 -0.129465 0.039129
v -0.037261 -0.130216 0.033424
v -0.005352 -0.094729 0.016175
v -0.038538 -0.130847 0.027277
v -0.053294 -0.147553 0.025326
v -0.049286 -0.146585 0.036447
v -0.046871 -0.145969 0.041389
v -0.051445 -0.147115 0.031079
v 0.008117 -0.018773 0.082040
v 0.003107 -0.018114 0.083109
v -0.001864 -0.039157 0.081187
v 0.001773 -0.040242 0.079767
v 0.005491 -0.041391 0.077780
v 0.009356 -0.030497 0.079116
v 0.013924 -0.031501 0.076662
v 0.018728 -0.020263 0.078103
v 0.013339 -0.019494 0.080399
v 0.024220 -0.021063 0.075073
v 0.030055 -0.009374 0.076626
v 0.023659 -0.008858 0.079516
v 0.029736 -0.021873 0.071235
v 0.036525 -0.009904 0.072896
v 0.035180 -0.022668 0.066533
v 0.042956 -0.010431 0.068257
v 0.023135 -0.033561 0.069561
v 0.018539 -0.032531 0.073496
v 0.009251 -0.042579 0.075168
v 0.013008 -0.043784 0.071877
v 0.027638 -0.034566 0.064810
v 0.016715 -0.044977 0.067861
v 0.020317 -0.046134 0.063082
v 0.022061 -0.046691 0.060398
v 0.037842 -0.023054 0.063845
v 0.023755 -0.047230 0.057517
v 0.040444 -0.023427 0.060929
v 0.025391 -0.047748 0.054437
v 0.042970 -0.023786 0.057784
v 0.026960 -0.048241 0.051161
v 0.045404 -0.024128 0.054410
v 0.007196 -0.068947 0.056946
v 0.013202 -0.057382 0.061340
v 0.001754 -0.052176 0.076353
v -0.001214 -0.050883 0.078520
v -0.004044 -0.061465 0.077110
v 0.007619 -0.054822 0.070196
v 0.004707 -0.053498 0.073593
v -0.001852 -0.062851 0.074776
v 0.000282 -0.064251 0.071896
v 0.010461 -0.056125 0.066123
v 0.002354 -0.065643 0.068430
v 0.004357 -0.067005 0.064337
v -0.005362 -0.073397 0.072975
v -0.006728 -0.071975 0.075416
v -0.004062 -0.074824 0.070042
v -0.002816 -0.076236 0.066565
v 0.006275 -0.068317 0.059580
v -0.001621 -0.077616 0.062498
v -0.000481 -0.078943 0.057803
v 0.012564 -0.072592 0.033781
v 0.013620 -0.073300 0.025810
v 0.033460 -0.050255 0.032019
v 0.034423 -0.050548 0.027705
v 0.028453 -0.048708 0.047691
v 0.009761 -0.070696 0.048007
v 0.011266 -0.071717 0.041206
v 0.029859 -0.049146 0.044034
v 0.008086 -0.069555 0.054138
v 0.008943 -0.070139 0.051158
v 0.031168 -0.049551 0.040196
v 0.032372 -0.049921 0.036187
v 0.035942 -0.051009 0.018709
v 0.035253 -0.050801 0.023262
v 0.028381 -0.048675 -0.047987
v 0.026885 -0.048206 -0.051442
v 0.045255 -0.024102 -0.054673
v 0.025313 -0.047710 -0.054703
v 0.042815 -0.023759 -0.058031
v 0.023674 -0.047190 -0.057768
v 0.040284 -0.023398 -0.061160
v 0.021977 -0.046650 -0.060635
v 0.037678 -0.023024 -0.064060
v 0.020232 -0.046091 -0.063303
v 0.027513 -0.034528 -0.065021
v 0.020351 -0.060613 -0.042920
v 0.029791 -0.049115 -0.044343
v 0.031105 -0.049522 -0.040518
v 0.012555 -0.072564 -0.034125
v 0.011255 -0.071682 -0.041526
v 0.032314 -0.049895 -0.036522
v 0.013612 -0.073278 -0.026174
v 0.034377 -0.050528 -0.028061
v 0.035214 -0.050784 -0.023628
v 0.014395 -0.073805 -0.017779
v 0.033408 -0.050232 -0.032365
v 0.015757 -0.058528 -0.056084
v 0.018173 -0.059629 -0.049861
v 0.009750 -0.070657 -0.048302
v 0.013155 -0.057337 -0.061571
v 0.008075 -0.069511 -0.054405
v 0.006265 -0.068270 -0.059819
v 0.001598 -0.081308 -0.046763
v 0.000612 -0.080151 -0.052731
v -0.000457 -0.078896 -0.058048
v -0.007031 -0.089218 -0.056263
v 0.010413 -0.056077 -0.066326
v 0.023007 -0.033521 -0.069740
v 0.029565 -0.021840 -0.071401
v 0.035013 -0.022637 -0.066731
v 0.036311 -0.009881 -0.073048
v 0.024049 -0.021030 -0.075208
v 0.029841 -0.009351 -0.076747
v 0.018559 -0.020230 -0.078211
v 0.023449 -0.008836 -0.079609
v 0.018409 -0.032490 -0.073646
v 0.013795 -0.031461 -0.076783
v 0.016627 -0.044932 -0.068053
v 0.012919 -0.043737 -0.072040
v 0.009230 -0.030458 -0.079212
v 0.013175 -0.019463 -0.080480
v 0.009161 -0.042533 -0.075304
v 0.005402 -0.041345 -0.077890
v 0.001686 -0.040199 -0.079853
v 0.007959 -0.018745 -0.082098
v -0.001947 -0.039116 -0.081251
v 0.001704 -0.052126 -0.076477
v -0.001265 -0.050834 -0.078619
v -0.001594 -0.077566 -0.062716
v 0.007570 -0.054772 -0.070371
v 0.004657 -0.053447 -0.073742
v 0.004347 -0.066956 -0.064548
v 0.002344 -0.065591 -0.068616
v 0.000271 -0.064198 -0.072056
v -0.001864 -0.062798 -0.074912
v -0.002787 -0.076184 -0.066758
v -0.004033 -0.074770 -0.070210
v -0.005333 -0.073343 -0.073120
v -0.006701 -0.071921 -0.075541
v -0.004058 -0.061412 -0.077224
v 0.037109 -0.051361 0.004590
v 0.009814 -0.079623 0.001918
v 0.009999 -0.079445 0.000102
v 0.037184 -0.051383 -0.000194
v 0.036875 -0.051291 0.009350
v 0.009640 -0.079792 0.002661
v 0.009749 -0.079686 0.002227
v 0.008998 -0.080416 0.004363
v 0.007342 -0.082044 0.006789
v 0.007809 -0.081582 0.006246
v 0.006207 -0.083173 0.007841
v 0.008470 -0.080933 0.005316
v 0.004582 -0.084807 0.008889
v 0.036859 -0.051284 -0.009734
v 0.007808 -0.081593 -0.006248
v 0.007310 -0.082086 -0.006824
v 0.008746 -0.080670 -0.004848
v 0.008504 -0.080908 -0.005262
v 0.009497 -0.079935 -0.003133
v 0.006382 -0.083011 -0.007699
v 0.009748 -0.079690 -0.002229
v 0.009658 -0.079778 -0.002593
v 0.037100 -0.051357 -0.004976
v 0.009969 -0.079474 -0.000783
v -0.000001 -0.089527 -0.010000
v -0.001407 -0.090993 -0.009901
v 0.000738 -0.088760 -0.009973
v -0.001868 -0.091477 -0.009824
v -0.003781 -0.093489 -0.009258
v 0.002858 -0.086576 -0.009583
v 0.036461 -0.051163 -0.014443
v 0.004651 -0.084751 -0.008852
v 0.004333 -0.085073 -0.009012
v 0.035911 -0.050996 -0.019082
v -0.005551 -0.095362 -0.008318
v -0.040749 -0.131928 -0.007318
v -0.004330 -0.094069 -0.009014
v -0.009913 -0.099997 -0.001319
v -0.009974 -0.100062 -0.000716
v -0.009747 -0.099822 -0.002234
v -0.009218 -0.099259 -0.003877
v -0.009523 -0.099584 -0.003051
v -0.006350 -0.096210 -0.007725
v -0.007685 -0.097628 -0.006398
v -0.008374 -0.098361 -0.005467
v -0.040774 -0.131933 0.006921
v -0.008342 -0.098318 0.005514
v -0.007746 -0.097682 0.006325
v -0.009747 -0.099818 0.002234
v -0.009384 -0.099430 0.003455
v -0.009942 -0.100027 0.001072
v -0.009853 -0.099931 0.001709
v -0.009232 -0.099267 0.003844
v -0.040919 -0.132005 -0.000200
v -0.040319 -0.131713 0.013939
v -0.006316 -0.096160 0.007753
v 0.036485 -0.051173 0.014064
v 0.004011 -0.085385 0.009160
v 0.002045 -0.087394 0.009789
v -0.000933 -0.090481 0.009956
v -0.000646 -0.090182 0.009979
v -0.003025 -0.092676 0.009532
v 0.000000 -0.089509 0.010000
v -0.004982 -0.094744 0.008671
v -0.004329 -0.094053 0.009014
v 0.013660 0.000000 -0.083948
v 0.005082 -0.010000 -0.083831
v 0.002957 -0.018088 -0.083148
v 0.017781 0.000000 -0.083196
v 0.020304 0.000000 -0.082635
v 0.023977 0.000000 -0.081676
v 0.027275 0.000000 -0.080669
v 0.030057 0.000000 -0.079708
v 0.033674 0.000000 -0.078300
v 0.039529 0.000000 -0.075620
v 0.042745 -0.010409 -0.068442
v 0.041908 0.000000 -0.074378
v 0.045127 0.000000 -0.072548
v 0.050465 0.000000 -0.069096
v 0.055537 0.000000 -0.065270
v 0.058639 0.000000 -0.062625
v 0.047587 -0.024426 -0.051091
v 0.063212 0.000000 -0.058226
v 0.070077 0.000000 -0.050190
v 0.071243 0.000000 -0.048603
v 0.073029 0.000000 -0.046013
v 0.074695 0.000000 -0.043395
v 0.075763 0.000000 -0.041598
v 0.076986 0.000000 -0.039406
v 0.078251 0.000000 -0.036962
v 0.079750 0.000000 -0.033782
v 0.082068 0.000000 -0.028018
v 0.083943 0.000000 -0.022124
v 0.085375 0.000000 -0.016108
v 0.086069 0.000000 -0.012101
v 0.086751 0.000000 -0.005892
v 0.086961 0.000000 0.000300
v 0.086708 0.000000 0.006469
v 0.085994 0.000000 0.012607
v 0.085420 0.000000 0.015887
v 0.083983 0.000000 0.021988
v 0.082104 0.000000 0.027926
v 0.079791 0.000000 0.033696
v 0.078414 0.000000 0.036639
v 0.077050 0.000000 0.039293
v 0.075630 0.000000 0.041833
v 0.073226 0.000000 0.045720
v 0.072236 0.000000 0.047194
v 0.070288 0.000000 0.049913
v 0.068471 0.000000 0.052261
v 0.067158 0.000000 0.053859
v 0.064347 0.000000 0.057034
v 0.059871 0.000000 0.061507
v 0.057750 0.000000 0.063412
v 0.052740 0.000000 0.067454
v 0.047477 0.000000 0.071098
v 0.041975 0.000000 0.074345
v 0.036245 0.000000 0.077189
v 0.033228 0.000000 0.078486
v 0.027196 0.000000 0.080696
v 0.021071 0.000000 0.082449
v 0.014862 0.000000 0.083751
v 0.008579 0.000000 0.084598
v 0.005083 0.000000 0.084870
v -0.000291 -0.029491 0.082223
v -0.003636 -0.047849 0.080269
v -0.006410 -0.062860 0.078323
v -0.008846 -0.075569 0.076277
v -0.007914 -0.070783 0.077100
v -0.009600 -0.079357 0.075575
v -0.010923 -0.085773 0.074273
v -0.011437 -0.088176 0.073750
v -0.012888 -0.094650 0.072193
v -0.013176 -0.095817 0.071862
v -0.014107 -0.099936 0.071071
v -0.016025 -0.108782 0.069744
v -0.014878 -0.101124 0.069783
v -0.017412 -0.115070 0.068923
v -0.020579 -0.129206 0.067311
v -0.021178 -0.131812 0.067032
v -0.022092 -0.135734 0.066617
v -0.030294 -0.150426 0.062635
v -0.023557 -0.141886 0.065975
v -0.026035 -0.151898 0.064938
v -0.033514 -0.160000 0.061447
v -0.027083 -0.155993 0.064515
v -0.038290 -0.160000 0.058563
v -0.040609 -0.160000 0.056954
v -0.032987 -0.142102 0.059336
v -0.042793 -0.160000 0.055298
v -0.044897 -0.160000 0.053556
v -0.047805 -0.160000 0.050882
v -0.048844 -0.160000 0.049841
v -0.051175 -0.160000 0.047318
v -0.052449 -0.160000 0.045814
v -0.054349 -0.160000 0.043382
v -0.055718 -0.160000 0.041466
v -0.057292 -0.160000 0.039064
v -0.058639 -0.160000 0.036805
v -0.060570 -0.160000 0.033158
v -0.062824 -0.160000 0.028051
v -0.064679 -0.160000 0.022748
v -0.054782 -0.147897 0.019247
v -0.067191 -0.160000 0.011589
v -0.067862 -0.160000 0.005316
v -0.068035 -0.160000 -0.000720
v -0.067749 -0.160000 -0.006774
v -0.066995 -0.160000 -0.012826
v -0.066209 -0.160000 -0.016912
v -0.065840 -0.160000 -0.018504
v -0.064716 -0.160000 -0.022610
v -0.062796 -0.160000 -0.028110
v -0.060446 -0.160000 -0.033398
v -0.060034 -0.160000 -0.034216
v -0.057308 -0.160000 -0.039030
v -0.054222 -0.160000 -0.043547
v -0.050770 -0.160000 -0.047772
v -0.046942 -0.160000 -0.051708
v -0.044005 -0.160000 -0.054311
v -0.046286 -0.160000 -0.052318
v -0.042121 -0.160000 -0.055821
v -0.037672 -0.160000 -0.058967
v -0.032948 -0.160000 -0.061754
v -0.025862 -0.151880 -0.065012
v -0.027141 -0.156861 -0.064497
v -0.023401 -0.141906 -0.066040
v -0.027956 -0.160000 -0.064175
v -0.022812 -0.139444 -0.066295
v -0.021023 -0.131802 -0.067095
v -0.020428 -0.129198 -0.067372
v -0.017808 -0.117455 -0.068682
v -0.015279 -0.105980 -0.070201
v -0.013815 -0.098981 -0.071217
v -0.012402 -0.093006 -0.072651
v -0.010827 -0.085774 -0.074317
v -0.010825 -0.086046 -0.074076
v -0.011940 -0.091112 -0.072627
v -0.010453 -0.083985 -0.074694
v -0.009830 -0.080942 -0.075310
v -0.005863 -0.060286 -0.078723
v -0.002675 -0.042850 -0.080862
v 0.003268 -0.010000 -0.084021
v 0.001698 -0.018666 -0.083254
v -0.008276 -0.073070 -0.076757
v -0.066136 -0.160000 0.017258
v -0.028127 -0.160000 0.064100
v 0.067414 0.000000 -0.053549
v 0.049343 0.000000 -0.069868
v 0.011480 0.000000 -0.084264
v 0.005082 0.000000 -0.084870
v -0.009047 -0.080705 0.079914
v -0.007426 -0.080522 0.088618
v -0.010690 -0.100846 0.083314
v -0.016560 -0.121385 0.072913
v -0.014156 -0.121069 0.077710
v -0.016069 -0.131115 0.074746
v -0.012713 -0.101081 0.076557
v -0.012382 -0.110974 0.080560
v -0.014601 -0.111245 0.074781
v -0.020938 -0.141536 0.068834
v -0.018216 -0.141100 0.071677
v -0.020703 -0.151029 0.068590
v -0.018643 -0.131487 0.070931
v -0.005785 -0.080330 0.097252
v -0.008644 -0.100599 0.089984
v -0.010142 -0.110689 0.086245
v -0.011731 -0.120736 0.082408
v -0.013477 -0.130725 0.078461
v -0.015478 -0.140651 0.074424
v -0.017829 -0.150537 0.070408
v -0.001069 -0.039741 0.098774
v -0.000259 -0.039611 0.111316
v -0.003006 -0.059990 0.104338
v -0.004234 -0.060146 0.093748
v -0.001870 -0.039867 0.086197
v -0.005446 -0.060295 0.083105
v -0.020365 -0.160000 0.066781
v -0.022892 -0.160000 0.066065
v -0.023556 -0.151521 0.066685
v -0.023653 -0.160000 0.065820
v -0.026086 -0.160000 0.064947
v -0.027083 -0.155993 0.064515
v -0.028127 -0.160000 0.064100
v -0.023557 -0.141886 0.065975
v -0.022092 -0.135734 0.066617
v -0.020579 -0.129206 0.067311
v -0.017412 -0.115070 0.068923
v -0.021178 -0.131812 0.067032
v -0.016025 -0.108782 0.069744
v -0.011437 -0.088176 0.073750
v -0.010923 -0.085773 0.074273
v -0.012888 -0.094650 0.072193
v -0.014107 -0.099936 0.071071
v -0.013176 -0.095817 0.071862
v -0.007914 -0.070783 0.077100
v -0.009909 -0.080882 0.075278
v -0.009600 -0.079357 0.075575
v -0.008846 -0.075569 0.076277
v -0.006410 -0.062860 0.078323
v -0.003636 -0.047849 0.080269
v 0.005075 0.000000 0.092068
v -0.000291 -0.029491 0.082223
v 0.005059 0.000000 0.108387
v 0.005049 0.000000 0.119647
v 0.005037 0.000000 0.134614
v 0.002630 -0.019765 0.126370
v -0.004153 -0.073574 0.103946
v -0.008859 -0.107974 0.089591
v -0.009234 -0.110551 0.088512
v -0.010728 -0.120535 0.084323
v -0.012303 -0.130525 0.080110
v -0.012656 -0.132691 0.079192
v -0.015645 -0.150098 0.071747
v -0.017399 -0.160000 0.067444
v -0.018225 -0.160000 0.067278
v -0.013932 -0.140298 0.075956
v 0.005083 0.000000 0.084870
v -0.026035 -0.151898 0.064938
v 0.018158 -0.077977 0.101868
v 0.029145 -0.077137 0.100960
v 0.016861 -0.118658 0.085175
v -0.001868 -0.079680 0.101559
v 0.007806 -0.078827 0.102026
v -0.000102 -0.119924 0.085408
v 0.008105 -0.119293 0.085619
v 0.029102 -0.077153 -0.100329
v 0.016865 -0.118679 -0.084859
v 0.026107 -0.118051 -0.083531
v 0.007762 -0.078829 -0.101753
v -0.000098 -0.119929 -0.085276
v 0.008109 -0.119307 -0.085399
v -0.001911 -0.079676 -0.101448
v -0.007723 -0.120542 -0.084610
v 0.018115 -0.077986 -0.101423
v 0.045604 -0.116826 -0.077995
v 0.058712 -0.075167 -0.093370
v 0.052616 -0.075548 -0.095311
v 0.064846 -0.074796 -0.091122
v 0.040644 -0.076338 -0.098337
v 0.035735 -0.117430 -0.081284
v 0.050572 -0.116534 -0.075925
v 0.070988 -0.074437 -0.088555
v 0.055524 -0.116250 -0.073556
v -0.010171 -0.160000 -0.068910
v -0.007593 -0.160000 -0.069240
v -0.013146 -0.160000 -0.068404
v -0.004565 -0.160000 -0.069502
v -0.001604 -0.160000 -0.069628
v 0.001098 -0.160000 -0.069632
v 0.004797 -0.160000 -0.069463
v 0.007246 -0.160000 -0.069241
v 0.012804 -0.160000 -0.068403
v 0.018290 -0.160000 -0.067108
v 0.024394 -0.160000 -0.065085
v 0.025848 -0.160000 -0.064507
v 0.023692 -0.160000 -0.065351
v 0.033112 -0.160000 -0.061008
v 0.029561 -0.160000 -0.062850
v 0.034517 -0.160000 -0.060204
v 0.083159 -0.073761 -0.082421
v 0.077104 -0.074092 -0.085658
v 0.039254 -0.160000 -0.057150
v 0.089111 -0.073448 -0.078839
v 0.043759 -0.160000 -0.053687
v 0.094919 -0.073152 -0.074909
v 0.048658 -0.160000 -0.049167
v 0.100538 -0.072876 -0.070633
v 0.044539 -0.160000 -0.053024
v 0.052443 -0.160000 -0.044991
v 0.111028 -0.072389 -0.061069
v 0.105924 -0.072621 -0.066016
v 0.055886 -0.160000 -0.040505
v 0.115806 -0.072180 -0.055804
v 0.058977 -0.160000 -0.035711
v 0.120212 -0.071995 -0.050243
v 0.060866 -0.160000 -0.032282
v 0.124205 -0.071835 -0.044408
v 0.059516 -0.160000 -0.034778
v 0.062117 -0.160000 -0.029726
v 0.127744 -0.071699 -0.038329
v 0.064296 -0.160000 -0.024486
v 0.130794 -0.071588 -0.032037
v 0.066050 -0.160000 -0.019067
v 0.133327 -0.071500 -0.025568
v 0.067370 -0.160000 -0.013475
v 0.135317 -0.071434 -0.018962
v 0.068025 -0.160000 -0.009476
v 0.136748 -0.071390 -0.012260
v 0.067514 -0.160000 -0.012705
v 0.068309 -0.160000 -0.007039
v 0.068500 -0.160000 -0.004734
v 0.137608 -0.071363 -0.005502
v 0.068644 -0.160000 -0.001337
v 0.137896 -0.071353 0.001267
v 0.068516 -0.160000 0.004391
v 0.067920 -0.160000 0.010136
v 0.136754 -0.071378 0.014772
v 0.067211 -0.160000 0.014182
v 0.135326 -0.071417 0.021449
v 0.066756 -0.160000 0.016244
v 0.133338 -0.071477 0.028019
v 0.066083 -0.160000 0.018862
v 0.065219 -0.160000 0.021738
v 0.130809 -0.071560 0.034442
v 0.063238 -0.160000 0.027099
v 0.127761 -0.071667 0.040679
v 0.060809 -0.160000 0.032315
v 0.124224 -0.071799 0.046695
v 0.057787 -0.160000 0.037588
v 0.120234 -0.071956 0.052458
v 0.054566 -0.160000 0.042249
v 0.115830 -0.072139 0.057940
v 0.050969 -0.160000 0.046638
v 0.105951 -0.072577 0.067977
v 0.046996 -0.160000 0.050744
v 0.100568 -0.072832 0.072499
v 0.042385 -0.160000 0.054757
v 0.094950 -0.073108 0.076676
v 0.037837 -0.160000 0.058077
v 0.083193 -0.073719 0.083981
v 0.033022 -0.160000 0.061019
v 0.077140 -0.074051 0.087112
v 0.027942 -0.160000 0.063571
v 0.071025 -0.074399 0.089903
v 0.025770 -0.160000 0.064507
v 0.064884 -0.074760 0.092364
v 0.022126 -0.160000 0.065883
v 0.052657 -0.075519 0.096343
v 0.058752 -0.075134 0.094506
v 0.040686 -0.076315 0.099164
v 0.018537 -0.160000 0.067014
v 0.016745 -0.160000 0.067498
v 0.011233 -0.160000 0.068668
v 0.005598 -0.160000 0.069385
v -0.000634 -0.160000 0.069631
v -0.006249 -0.160000 0.069367
v -0.011841 -0.160000 0.068639
v -0.007728 -0.120544 0.084660
v -0.013932 -0.140298 0.075956
v -0.012656 -0.132691 0.079192
v -0.012303 -0.130525 0.080110
v -0.017399 -0.160000 0.067444
v -0.015645 -0.150098 0.071747
v -0.008859 -0.107974 0.089591
v -0.010728 -0.120535 0.084323
v -0.009234 -0.110551 0.088512
v -0.004153 -0.073574 0.103946
v 0.002630 -0.019765 0.126370
v 0.016054 0.000000 0.134332
v 0.023165 0.000000 0.133916
v 0.026968 0.000000 0.133617
v 0.037771 0.000000 0.132475
v 0.048454 0.000000 0.130908
v 0.052073 0.000000 0.130275
v 0.059008 0.000000 0.128915
v 0.067433 0.000000 0.126993
v 0.069424 0.000000 0.126494
v 0.077286 0.000000 0.124350
v 0.086514 0.000000 0.121465
v 0.095503 0.000000 0.118243
v 0.104245 0.000000 0.114686
v 0.112734 0.000000 0.110792
v 0.120960 0.000000 0.106559
v 0.128912 0.000000 0.101981
v 0.089144 -0.073404 0.080503
v 0.136254 0.000000 0.097269
v 0.142910 0.000000 0.092531
v 0.149235 0.000000 0.087548
v 0.155222 0.000000 0.082318
v 0.111054 -0.072346 0.063120
v 0.158789 0.000000 0.078923
v 0.160861 0.000000 0.076840
v 0.166141 0.000000 0.071109
v 0.170567 0.000000 0.065740
v 0.174793 0.000000 0.059989
v 0.178622 0.000000 0.054081
v 0.180361 0.000000 0.051113
v 0.182047 0.000000 0.048017
v 0.185060 0.000000 0.041796
v 0.187650 0.000000 0.035419
v 0.188230 0.000000 0.033797
v 0.190221 0.000000 0.027399
v 0.191756 0.000000 0.020951
v 0.137611 -0.071358 0.008031
v 0.192111 0.000000 0.019097
v 0.192836 0.000000 0.014457
v 0.193459 0.000000 0.007922
v 0.193624 0.000000 0.001352
v 0.193248 0.000000 0.010725
v 0.193503 0.000000 -0.002542
v 0.193248 0.000000 -0.006143
v 0.192913 0.000000 -0.009267
v 0.191849 0.000000 -0.015928
v 0.190316 0.000000 -0.022532
v 0.188315 0.000000 -0.029081
v 0.186550 0.000000 -0.033849
v 0.184316 0.000000 -0.039055
v 0.180220 0.000000 -0.047080
v 0.183621 0.000000 -0.040536
v 0.176353 0.000000 -0.053487
v 0.172018 0.000000 -0.059757
v 0.170062 0.000000 -0.062344
v 0.164716 0.000000 -0.068811
v 0.158914 0.000000 -0.075025
v 0.152667 0.000000 -0.080991
v 0.145981 0.000000 -0.086708
v 0.138861 0.000000 -0.092172
v 0.132469 0.000000 -0.096614
v 0.124001 0.000000 -0.101923
v 0.115182 0.000000 -0.106846
v 0.106026 0.000000 -0.111387
v 0.096550 0.000000 -0.115545
v 0.086766 0.000000 -0.119318
v 0.076691 0.000000 -0.122699
v 0.067333 0.000000 -0.125416
v 0.056090 0.000000 -0.128177
v 0.051967 0.000000 -0.129058
v 0.066934 0.000000 -0.125523
v 0.037172 0.000000 -0.131664
v 0.045104 0.000000 -0.130373
v 0.022781 0.000000 -0.133398
v 0.033994 0.000000 -0.132113
v 0.011484 0.000000 -0.134225
v 0.003531 -0.012427 -0.129315
v -0.003570 -0.069307 -0.105655
v 0.005036 0.000000 -0.134490
v -0.008436 -0.105324 -0.090668
v -0.009188 -0.110544 -0.088489
v -0.015580 -0.150093 -0.071762
v -0.016458 -0.155032 -0.069623
v -0.013870 -0.140286 -0.075967
v -0.012378 -0.131332 -0.079766
v -0.012251 -0.130549 -0.080096
v -0.010679 -0.120546 -0.084304
v -0.017331 -0.160000 -0.067461
v -0.015708 -0.160000 -0.067859
v 0.005037 0.000000 0.134614
v -0.007359 -0.080523 -0.088644
v -0.010604 -0.100848 -0.083350
v -0.008576 -0.100603 -0.090017
v -0.014050 -0.121072 -0.077754
v -0.015953 -0.131118 -0.074793
v -0.013383 -0.130731 -0.078499
v -0.012287 -0.110977 -0.080600
v -0.010065 -0.110694 -0.086280
v -0.011645 -0.120741 -0.082445
v -0.018092 -0.141103 -0.071724
v -0.020577 -0.151030 -0.068634
v -0.017727 -0.150539 -0.070439
v -0.015377 -0.140656 -0.074460
v -0.021962 -0.155985 -0.067143
v -0.019034 -0.155486 -0.068499
v -0.008966 -0.080706 -0.079941
v -0.012611 -0.101082 -0.076598
v -0.014487 -0.111247 -0.074829
v -0.016434 -0.121386 -0.072966
v -0.018507 -0.131489 -0.070989
v -0.020792 -0.141538 -0.068893
v -0.023406 -0.151522 -0.066743
v -0.001831 -0.039867 -0.086199
v -0.005386 -0.060296 -0.083119
v -0.004184 -0.060147 -0.093764
v -0.001037 -0.039742 -0.098782
v -0.002968 -0.059993 -0.104358
v -0.005732 -0.080333 -0.097278
v 0.005058 0.000000 -0.108379
v -0.000233 -0.039613 -0.111331
v 0.005074 0.000000 -0.092045
v 0.005062 0.000000 -0.104710
v 0.003278 -0.010000 -0.084870
v 0.003268 -0.010000 -0.084021
v 0.001698 -0.018666 -0.083254
v 0.005082 0.000000 -0.084870
v -0.002675 -0.042850 -0.080862
v -0.005863 -0.060286 -0.078723
v -0.008276 -0.073070 -0.076757
v -0.012402 -0.093006 -0.072651
v -0.013815 -0.098981 -0.071217
v -0.010827 -0.085774 -0.074317
v -0.009830 -0.080942 -0.075310
v -0.010453 -0.083985 -0.074694
v -0.017808 -0.117455 -0.068682
v -0.015279 -0.105980 -0.070201
v -0.020428 -0.129198 -0.067372
v -0.021023 -0.131802 -0.067095
v -0.022812 -0.139444 -0.066295
v -0.023401 -0.141906 -0.066040
v -0.025862 -0.151880 -0.065012
v -0.027141 -0.156861 -0.064497
v -0.024859 -0.156494 -0.065703
v -0.027197 -0.160000 -0.064499
v -0.025938 -0.160000 -0.065006
v -0.027956 -0.160000 -0.064175
v -0.023138 -0.160000 -0.065991
v -0.022703 -0.160000 -0.066127
v -0.022008 -0.160000 -0.066336
v -0.017331 -0.160000 -0.067461
v -0.016458 -0.155032 -0.069623
v -0.015580 -0.150093 -0.071762
v -0.013870 -0.140286 -0.075967
v -0.012378 -0.131332 -0.079766
v -0.012251 -0.130549 -0.080096
v -0.010679 -0.120546 -0.084304
v -0.009188 -0.110544 -0.088489
v -0.008436 -0.105324 -0.090668
v -0.003570 -0.069307 -0.105655
v 0.003531 -0.012427 -0.129315
v 0.005044 0.000000 -0.124694
v 0.005036 0.000000 -0.134490
v 0.005082 -0.010000 -0.084870
v 0.005082 -0.010000 -0.083831
v 0.003268 -0.010000 -0.084021
v 0.003278 -0.010000 -0.084870
v 0.005082 0.000000 -0.084870
v 0.005082 -0.010000 -0.084870
v 0.003278 -0.010000 -0.084870
v 0.005082 -0.010000 -0.083831
v 0.005082 -0.010000 -0.084870
v 0.005082 0.000000 -0.084870
v -0.060568 -0.160000 0.044232
v -0.055718 -0.160000 0.041466
v -0.054349 -0.160000 0.043382
v -0.057292 -0.160000 0.039064
v -0.053595 -0.160000 0.052465
v -0.048844 -0.160000 0.049841
v -0.047805 -0.160000 0.050882
v -0.053939 -0.160000 0.052112
v -0.057183 -0.160000 0.048529
v -0.052449 -0.160000 0.045814
v -0.051175 -0.160000 0.047318
v -0.061622 -0.160000 0.042751
v -0.063701 -0.160000 0.039587
v -0.058639 -0.160000 0.036805
v 0.068309 -0.160000 -0.007039
v 0.068025 -0.160000 -0.009476
v 0.074335 -0.160000 -0.009964
v 0.074592 -0.160000 -0.007809
v 0.074836 -0.160000 -0.004953
v 0.068500 -0.160000 -0.004734
v 0.072289 -0.160000 0.019981
v 0.066083 -0.160000 0.018862
v 0.066756 -0.160000 0.016244
v -0.044897 -0.160000 0.053556
v -0.049580 -0.160000 0.056275
v -0.049848 -0.160000 0.056037
v -0.057963 -0.160000 0.047595
v -0.066209 -0.160000 -0.016912
v -0.066995 -0.160000 -0.012826
v -0.073214 -0.160000 -0.016272
v 0.065068 -0.160000 -0.037297
v 0.066786 -0.160000 -0.034126
v 0.060866 -0.160000 -0.032282
v 0.073677 -0.160000 -0.014027
v 0.068644 -0.160000 -0.001337
v 0.073083 -0.160000 0.016848
v 0.071435 -0.160000 0.022849
v 0.065219 -0.160000 0.021738
v -0.042052 -0.160000 0.062101
v -0.044919 -0.160000 0.060061
v -0.040609 -0.160000 0.056954
v -0.042793 -0.160000 0.055298
v -0.045987 -0.160000 0.059247
v -0.064889 -0.160000 0.037609
v -0.064679 -0.160000 0.022748
v -0.071126 -0.160000 0.023792
v -0.072082 -0.160000 0.020715
v -0.072753 -0.160000 -0.018220
v -0.065840 -0.160000 -0.018504
v -0.071587 -0.160000 -0.022367
v 0.059516 -0.160000 -0.034778
v 0.062117 -0.160000 -0.029726
v 0.067514 -0.160000 -0.012705
v 0.074984 -0.160000 -0.001562
v 0.074225 -0.160000 0.010751
v 0.067211 -0.160000 0.014182
v -0.038290 -0.160000 0.058563
v -0.039989 -0.160000 0.063450
v -0.060570 -0.160000 0.033158
v -0.062824 -0.160000 0.028051
v -0.069025 -0.160000 0.029336
v -0.070141 -0.160000 0.026556
v -0.066136 -0.160000 0.017258
v -0.072802 -0.160000 0.018024
v -0.073543 -0.160000 0.014714
v -0.074962 -0.160000 0.002390
v -0.068035 -0.160000 -0.000720
v -0.067862 -0.160000 0.005316
v -0.074319 -0.160000 -0.010085
v -0.064716 -0.160000 -0.022610
v -0.022008 -0.160000 -0.066336
v -0.024142 -0.160000 -0.071008
v -0.021163 -0.160000 -0.071952
v 0.061779 -0.160000 -0.042525
v 0.058977 -0.160000 -0.035711
v 0.067926 -0.160000 -0.031798
v 0.068944 -0.160000 -0.029526
v 0.072250 -0.160000 -0.020124
v 0.067370 -0.160000 -0.013475
v 0.069286 -0.160000 0.028714
v 0.063238 -0.160000 0.027099
v -0.033514 -0.160000 0.061447
v -0.038081 -0.160000 0.064613
v -0.066535 -0.160000 0.034613
v -0.067191 -0.160000 0.011589
v -0.074506 -0.160000 0.008592
v -0.074901 -0.160000 -0.003850
v -0.067749 -0.160000 -0.006774
v -0.069446 -0.160000 -0.028325
v -0.062796 -0.160000 -0.028110
v -0.017331 -0.160000 -0.067461
v -0.015708 -0.160000 -0.067859
v -0.018150 -0.160000 -0.072771
v 0.064296 -0.160000 -0.024486
v 0.074859 -0.160000 0.004603
v 0.068516 -0.160000 0.004391
v 0.067920 -0.160000 0.010136
v -0.018222 -0.160000 0.072753
v -0.017399 -0.160000 0.067444
v -0.011841 -0.160000 0.068639
v -0.027238 -0.160000 0.069879
v -0.026086 -0.160000 0.064947
v -0.023653 -0.160000 0.065820
v -0.034825 -0.160000 0.066424
v -0.067736 -0.160000 0.032199
v -0.017375 -0.160000 -0.072960
v -0.011558 -0.160000 -0.074104
v -0.013146 -0.160000 -0.068404
v -0.005740 -0.160000 -0.074780
v -0.007593 -0.160000 -0.069240
v 0.023530 -0.160000 -0.071213
v 0.029152 -0.160000 -0.069103
v 0.024394 -0.160000 -0.065085
v 0.049595 -0.160000 -0.056262
v 0.054012 -0.160000 -0.052036
v 0.048658 -0.160000 -0.049167
v 0.070327 -0.160000 -0.026061
v 0.066050 -0.160000 -0.019067
v 0.024105 -0.160000 0.071021
v 0.017832 -0.160000 0.072849
v 0.018537 -0.160000 0.067014
v 0.016745 -0.160000 0.067498
v 0.014069 -0.160000 0.073669
v -0.018225 -0.160000 0.067278
v -0.021265 -0.160000 0.071922
v -0.020365 -0.160000 0.066781
v -0.024273 -0.160000 0.070963
v -0.022892 -0.160000 0.066065
v -0.066798 -0.160000 -0.034102
v -0.063658 -0.160000 -0.039657
v -0.060034 -0.160000 -0.034216
v -0.027079 -0.160000 -0.069941
v -0.025938 -0.160000 -0.065006
v -0.027197 -0.160000 -0.064499
v -0.023138 -0.160000 -0.065991
v -0.022703 -0.160000 -0.066127
v -0.010171 -0.160000 -0.068910
v 0.025848 -0.160000 -0.064507
v 0.034607 -0.160000 -0.066538
v 0.029561 -0.160000 -0.062850
v 0.039857 -0.160000 -0.063533
v 0.034517 -0.160000 -0.060204
v 0.044865 -0.160000 -0.060101
v 0.043759 -0.160000 -0.053687
v 0.044539 -0.160000 -0.053024
v 0.058084 -0.160000 -0.047448
v 0.052443 -0.160000 -0.044991
v 0.055886 -0.160000 -0.040505
v 0.022126 -0.160000 0.065883
v 0.025770 -0.160000 0.064507
v 0.011233 -0.160000 0.068668
v -0.060446 -0.160000 -0.033398
v -0.057308 -0.160000 -0.039030
v -0.046942 -0.160000 -0.051708
v -0.050770 -0.160000 -0.047772
v -0.053453 -0.160000 -0.052609
v -0.049697 -0.160000 -0.056171
v -0.046548 -0.160000 -0.058807
v -0.044005 -0.160000 -0.054311
v -0.029967 -0.160000 -0.068753
v 0.000141 -0.160000 -0.075000
v -0.001604 -0.160000 -0.069628
v 0.006046 -0.160000 -0.074756
v 0.004797 -0.160000 -0.069463
v 0.001098 -0.160000 -0.069632
v 0.006845 -0.160000 -0.074687
v 0.007246 -0.160000 -0.069241
v 0.011938 -0.160000 -0.074044
v 0.023692 -0.160000 -0.065351
v 0.018290 -0.160000 -0.067108
v 0.033112 -0.160000 -0.061008
v 0.039254 -0.160000 -0.057150
v 0.066646 -0.160000 0.034398
v 0.060809 -0.160000 0.032315
v 0.054566 -0.160000 0.042249
v 0.057787 -0.160000 0.037588
v 0.061572 -0.160000 0.042824
v 0.030166 -0.160000 0.068666
v 0.011409 -0.160000 0.074127
v -0.030152 -0.160000 0.068672
v -0.028127 -0.160000 0.064100
v -0.055967 -0.160000 -0.049927
v -0.046286 -0.160000 -0.052318
v -0.027956 -0.160000 -0.064175
v -0.032948 -0.160000 -0.061754
v -0.004565 -0.160000 -0.069502
v 0.012804 -0.160000 -0.068403
v 0.063530 -0.160000 0.039862
v 0.055934 -0.160000 0.049964
v 0.050969 -0.160000 0.046638
v 0.027942 -0.160000 0.063571
v 0.033022 -0.160000 0.061019
v 0.006772 -0.160000 0.074694
v -0.006186 -0.160000 0.074744
v -0.006249 -0.160000 0.069367
v -0.000634 -0.160000 0.069631
v -0.012016 -0.160000 0.074031
v -0.060041 -0.160000 -0.044945
v -0.054222 -0.160000 -0.043547
v -0.057053 -0.160000 -0.048683
v -0.051461 -0.160000 -0.054560
v -0.042121 -0.160000 -0.055821
v -0.037672 -0.160000 -0.058967
v -0.037907 -0.160000 -0.064715
v 0.014142 -0.160000 -0.073655
v 0.017779 -0.160000 -0.072862
v 0.059952 -0.160000 0.045064
v 0.051499 -0.160000 0.054524
v 0.046996 -0.160000 0.050744
v 0.041486 -0.160000 0.062481
v 0.037837 -0.160000 0.058077
v 0.042385 -0.160000 0.054757
v 0.035972 -0.160000 0.065810
v 0.005598 -0.160000 0.069385
v -0.041259 -0.160000 -0.062632
v 0.005564 -0.160000 0.074793
v -0.035634 -0.160000 -0.065994
v 0.046673 -0.160000 0.058708
v -0.000313 -0.160000 0.074999
v -0.015170 -0.100000 0.085606
v -0.012880 -0.080000 0.086472
v -0.013619 -0.080000 0.082442
v -0.012136 -0.080000 0.090486
v -0.010632 -0.080000 0.098468
v -0.013291 -0.100000 0.091832
v -0.011389 -0.100000 0.097978
v 0.000000 0.000000 0.095005
v -0.006440 -0.040000 0.094489
v -0.006068 -0.040000 0.100248
v -0.006809 -0.040000 0.088723
v 0.000000 0.000000 0.125014
v -0.005316 -0.040000 0.111741
v -0.004556 -0.040000 0.123202
v -0.020428 -0.120000 0.076160
v -0.022130 -0.130000 0.074590
v -0.019722 -0.130000 0.078284
v -0.014351 -0.080000 0.078397
v -0.016018 -0.085000 0.073982
v -0.016960 -0.090000 0.073628
v -0.015076 -0.080000 0.074336
v -0.017023 -0.100000 0.079301
v -0.018204 -0.120000 0.080725
v -0.020729 -0.110000 0.072212
v -0.018845 -0.100000 0.072920
v -0.023833 -0.140000 0.073020
v -0.025535 -0.150000 0.071449
v -0.022756 -0.150000 0.073404
v -0.022614 -0.120000 0.071504
v -0.024498 -0.130000 0.070796
v -0.021239 -0.140000 0.075844
v -0.026383 -0.140000 0.070088
v -0.024273 -0.160000 0.070963
v -0.028267 -0.150000 0.069380
v -0.030152 -0.160000 0.068672
v -0.027238 -0.160000 0.069879
v -0.015949 -0.120000 0.085195
v -0.017278 -0.130000 0.081877
v -0.014805 -0.130000 0.085365
v -0.013667 -0.120000 0.089569
v -0.017083 -0.150000 0.076957
v -0.015944 -0.140000 0.081161
v -0.018607 -0.140000 0.078558
v -0.018222 -0.160000 0.072753
v -0.019936 -0.150000 0.075240
v -0.021265 -0.160000 0.071922
v -0.007974 -0.060000 0.105105
v -0.006833 -0.060000 0.114794
v 0.000000 0.000000 0.110009
v -0.009102 -0.060000 0.095367
v -0.009111 -0.080000 0.106386
v 0.000000 0.000000 0.080000
v -0.007175 -0.040000 0.082949
v -0.007538 -0.040000 0.077168
v -0.013191 -0.070000 0.075044
v -0.014134 -0.075000 0.074690
v -0.011307 -0.060000 0.075752
v 0.000000 0.000000 0.140019
v 0.143576 -0.072204 0.001303
v 0.143284 -0.072206 0.008349
v 0.074859 -0.160000 0.004603
v -0.006117 -0.119360 -0.090609
v -0.013613 -0.120000 -0.089583
v -0.011344 -0.100000 -0.097989
v 0.000285 -0.079151 -0.107105
v 0.199844 0.000000 0.007365
v 0.199973 0.000000 0.002344
v -0.004538 -0.040000 -0.123207
v 0.000000 0.000000 -0.140019
v 0.006521 0.000000 -0.139868
v -0.009075 -0.080000 -0.106395
v 0.012888 0.000000 -0.139577
v 0.063530 -0.160000 0.039862
v 0.125619 -0.072515 0.054658
v 0.121141 -0.072626 0.060388
v 0.072289 -0.160000 0.019981
v 0.138937 -0.072255 0.029171
v 0.136366 -0.072295 0.035864
v 0.074225 -0.160000 0.010751
v 0.142410 -0.072213 0.015372
v 0.140958 -0.072229 0.022326
v 0.073083 -0.160000 0.016848
v 0.069286 -0.160000 0.028714
v 0.133269 -0.072350 0.042366
v 0.129675 -0.072423 0.048641
v 0.071435 -0.160000 0.022849
v 0.066646 -0.160000 0.034398
v 0.051499 -0.160000 0.054524
v 0.105607 -0.073091 0.075645
v 0.099881 -0.073290 0.080039
v 0.059952 -0.160000 0.045064
v 0.116283 -0.072759 0.065808
v 0.111089 -0.072914 0.070898
v 0.061572 -0.160000 0.042824
v 0.055934 -0.160000 0.049964
v 0.046673 -0.160000 0.058708
v 0.093958 -0.073510 0.084075
v 0.087882 -0.073751 0.087753
v 0.041486 -0.160000 0.062481
v 0.081696 -0.074013 0.091076
v 0.021038 -0.077495 0.107246
v 0.010614 -0.118091 0.091379
v 0.019854 -0.117476 0.090742
v 0.044296 -0.075949 0.104087
v 0.014069 -0.160000 0.073669
v 0.017832 -0.160000 0.072849
v 0.030166 -0.160000 0.068666
v 0.069151 -0.074594 0.096684
v 0.062863 -0.074910 0.098991
v 0.035972 -0.160000 0.065810
v 0.075440 -0.074294 0.094050
v 0.024105 -0.160000 0.071021
v 0.056607 -0.075242 0.100983
v 0.032396 -0.076703 0.106128
v 0.006772 -0.160000 0.074694
v 0.011409 -0.160000 0.074127
v 0.000249 -0.079151 0.107251
v -0.006171 -0.119360 0.090676
v 0.001927 -0.118721 0.091317
v 0.010306 -0.078313 0.107577
v 0.005564 -0.160000 0.074793
v -0.000313 -0.160000 0.074999
v -0.006186 -0.160000 0.074744
v -0.011389 -0.100000 0.097978
v -0.009111 -0.080000 0.106386
v -0.012016 -0.160000 0.074031
v -0.015944 -0.140000 0.081161
v -0.017083 -0.150000 0.076957
v -0.014805 -0.130000 0.085365
v -0.013667 -0.120000 0.089569
v 0.014142 -0.160000 -0.073655
v 0.011938 -0.160000 -0.074044
v 0.019908 -0.117476 -0.090388
v 0.044330 -0.075949 -0.103198
v 0.032432 -0.076703 -0.105442
v 0.010342 -0.078313 -0.107263
v 0.021074 -0.077495 -0.106751
v 0.010669 -0.118091 -0.091128
v 0.001981 -0.118721 -0.091161
v -0.011558 -0.160000 -0.074104
v -0.015882 -0.140000 -0.081177
v -0.014747 -0.130000 -0.085380
v -0.017375 -0.160000 -0.072960
v -0.017016 -0.150000 -0.076974
v -0.005740 -0.160000 -0.074780
v 0.000141 -0.160000 -0.075000
v 0.006845 -0.160000 -0.074687
v 0.006046 -0.160000 -0.074756
v 0.023530 -0.160000 -0.071213
v 0.017779 -0.160000 -0.072862
v 0.056640 -0.075242 -0.099885
v 0.034607 -0.160000 -0.066538
v 0.029152 -0.160000 -0.069103
v 0.069183 -0.074594 -0.095371
v 0.062896 -0.074910 -0.097786
v 0.039857 -0.160000 -0.063533
v 0.075471 -0.074294 -0.092629
v 0.066786 -0.160000 -0.034126
v 0.065068 -0.160000 -0.037297
v 0.125636 -0.072515 -0.052368
v 0.049595 -0.160000 -0.056262
v 0.044865 -0.160000 -0.060101
v 0.093985 -0.073510 -0.082335
v 0.087911 -0.073751 -0.086118
v 0.054012 -0.160000 -0.052036
v 0.099907 -0.073290 -0.078196
v 0.061779 -0.160000 -0.042525
v 0.058084 -0.160000 -0.047448
v 0.116304 -0.072759 -0.063680
v 0.111112 -0.072914 -0.068861
v 0.121160 -0.072626 -0.058176
v 0.073677 -0.160000 -0.014027
v 0.072250 -0.160000 -0.020124
v 0.138946 -0.072255 -0.026647
v 0.070327 -0.160000 -0.026061
v 0.068944 -0.160000 -0.029526
v 0.133282 -0.072350 -0.039941
v 0.067926 -0.160000 -0.031798
v 0.129690 -0.072423 -0.046280
v 0.136377 -0.072295 -0.033385
v 0.142415 -0.072213 -0.012787
v 0.143286 -0.072206 -0.005749
v 0.074836 -0.160000 -0.004953
v 0.074592 -0.160000 -0.007809
v 0.074335 -0.160000 -0.009964
v 0.140965 -0.072229 -0.019767
v 0.074984 -0.160000 -0.001562
v 0.122745 0.000000 -0.109100
v 0.131327 0.000000 -0.104053
v 0.055992 0.000000 -0.133762
v 0.063011 0.000000 -0.132148
v 0.026545 0.000000 -0.138469
v 0.029455 0.000000 -0.138146
v 0.018012 0.000000 -0.139239
v 0.040800 0.000000 -0.136595
v 0.052002 0.000000 -0.134592
v 0.084281 0.000000 -0.125988
v 0.094459 0.000000 -0.122306
v 0.071608 0.000000 -0.129894
v 0.073785 0.000000 -0.129274
v 0.104284 0.000000 -0.118250
v 0.113723 0.000000 -0.113840
v 0.081726 -0.074013 -0.089548
v 0.177663 0.000000 -0.062186
v 0.182218 0.000000 -0.055544
v 0.154226 0.000000 -0.087321
v 0.160862 0.000000 -0.081294
v 0.139446 0.000000 -0.098725
v 0.147084 0.000000 -0.093139
v 0.105631 -0.073091 -0.073703
v 0.166984 0.000000 -0.075082
v 0.172585 0.000000 -0.068705
v 0.193820 0.000000 -0.032194
v 0.195217 0.000000 -0.028069
v 0.186248 0.000000 -0.048795
v 0.189757 0.000000 -0.041957
v 0.192746 0.000000 -0.035044
v 0.198613 0.000000 -0.013977
v 0.196489 0.000000 -0.023722
v 0.197172 0.000000 -0.021043
v 0.199539 0.000000 -0.006882
v 0.199950 0.000000 0.000235
v 0.112881 0.000000 0.116901
v 0.168940 0.000000 0.076899
v 0.191373 0.000000 0.042863
v 0.198064 0.000000 0.021624
v 0.196377 0.000000 0.028735
v 0.198417 0.000000 0.019760
v 0.199217 0.000000 0.014497
v 0.199583 0.000000 0.011082
v 0.194150 0.000000 0.035819
v 0.184136 0.000000 0.056769
v 0.181709 0.000000 0.060591
v 0.186390 0.000000 0.052909
v 0.188039 0.000000 0.049852
v 0.179657 0.000000 0.063597
v 0.174594 0.000000 0.070315
v 0.140379 0.000000 0.101365
v 0.155847 0.000000 0.089563
v 0.162691 0.000000 0.083324
v 0.148408 0.000000 0.095587
v 0.131772 0.000000 0.106865
v 0.122600 0.000000 0.112055
v 0.040936 0.000000 0.137534
v 0.055992 0.000000 0.135074
v 0.046210 0.000000 0.136771
v 0.071608 0.000000 0.131573
v 0.091912 0.000000 0.125430
v 0.102642 0.000000 0.121370
v 0.080726 0.000000 0.129049
v 0.058432 0.000000 0.134593
v 0.069156 0.000000 0.132190
v 0.012315 0.000000 0.139897
v 0.026545 0.000000 0.139091
v 0.023726 0.000000 0.139308
v 0.035040 0.000000 0.138263
v -0.004556 -0.040000 0.123202
v -0.006833 -0.060000 0.114794
v 0.000000 0.000000 0.140019
v -0.018150 -0.160000 -0.072771
v -0.018222 -0.160000 0.072753
v -0.013227 -0.100000 -0.091850
v -0.015089 -0.100000 -0.085633
v -0.012071 -0.080000 -0.090509
v -0.011329 -0.080000 -0.094504
v -0.013540 -0.080000 -0.082473
v -0.016856 -0.090000 -0.073674
v -0.015920 -0.085000 -0.074025
v -0.016925 -0.100000 -0.079340
v -0.017793 -0.095000 -0.073322
v -0.018729 -0.100000 -0.072971
v 0.000000 0.000000 -0.110009
v 0.000000 0.000000 -0.125014
v -0.005291 -0.040000 -0.111749
v -0.005664 -0.040000 -0.106008
v 0.000000 0.000000 -0.080000
v 0.000000 0.000000 -0.095005
v -0.006770 -0.040000 -0.088739
v -0.018107 -0.120000 -0.080758
v -0.015873 -0.120000 -0.085217
v -0.017195 -0.130000 -0.081901
v -0.010582 -0.080000 -0.098483
v -0.009830 -0.080000 -0.102447
v -0.011344 -0.100000 -0.097989
v -0.012288 -0.100000 -0.094929
v -0.014746 -0.120000 -0.087412
v -0.013613 -0.120000 -0.089583
v -0.021124 -0.140000 -0.075883
v -0.018518 -0.140000 -0.078585
v -0.019841 -0.150000 -0.075268
v -0.014747 -0.130000 -0.085380
v -0.019616 -0.130000 -0.078320
v -0.015882 -0.140000 -0.081177
v -0.021163 -0.160000 -0.071952
v -0.024142 -0.160000 -0.071008
v -0.022633 -0.150000 -0.073445
v -0.017016 -0.150000 -0.076974
v -0.018150 -0.160000 -0.072771
v -0.022475 -0.120000 -0.071565
v -0.020309 -0.120000 -0.076207
v -0.022002 -0.130000 -0.074640
v -0.020602 -0.110000 -0.072268
v -0.026221 -0.140000 -0.070159
v -0.023694 -0.140000 -0.073074
v -0.025387 -0.150000 -0.071507
v -0.024348 -0.130000 -0.070862
v -0.028094 -0.150000 -0.069456
v -0.027079 -0.160000 -0.069941
v -0.007492 -0.040000 -0.077188
v -0.010155 -0.060000 -0.085606
v -0.006036 -0.040000 -0.100259
v -0.009053 -0.060000 -0.095384
v -0.014983 -0.080000 -0.074377
v -0.013110 -0.070000 -0.075079
v 0.000000 0.000000 -0.140019
v -0.004538 -0.040000 -0.123207
v -0.004915 -0.040000 -0.117482
v -0.009075 -0.080000 -0.106395
v -0.011238 -0.060000 -0.075782
v -0.029967 -0.160000 -0.068753
v -0.010438 -0.093355 -0.000059
v -0.010463 -0.093269 -0.007781
v -0.045063 -0.129189 -0.006942
v -0.014362 -0.082073 0.071762
v -0.015880 -0.087062 0.071305
v -0.016018 -0.085000 0.073982
v 0.079911 0.000000 -0.003780
v 0.030596 -0.050909 -0.004413
v 0.030663 -0.050929 -0.000032
v -0.007538 -0.040000 0.077168
v 0.000000 0.000000 0.080000
v 0.000138 -0.020451 0.078167
v 0.004564 0.000000 0.079870
v -0.045206 -0.129245 -0.000081
v -0.074901 -0.160000 -0.003850
v -0.012044 -0.088587 -0.053145
v -0.012401 -0.087540 -0.057598
v -0.018438 -0.097336 -0.056392
v -0.010878 -0.092020 -0.029789
v -0.011117 -0.091315 -0.036403
v -0.027055 -0.110246 -0.034506
v -0.010547 -0.093011 -0.015384
v -0.010687 -0.092591 -0.022754
v -0.043984 -0.128754 -0.020322
v -0.044653 -0.129025 -0.013716
v -0.027558 -0.110861 -0.028180
v -0.011395 -0.090494 -0.042529
v -0.011707 -0.089578 -0.048119
v -0.025810 -0.108718 -0.045847
v -0.026468 -0.109526 -0.040410
v -0.041941 -0.127926 -0.032735
v -0.040613 -0.127386 -0.038422
v -0.011873 -0.089090 -0.050704
v -0.018656 -0.098340 -0.051950
v -0.025094 -0.107840 -0.050786
v -0.039116 -0.126778 -0.043703
v -0.037479 -0.126112 -0.048547
v -0.030098 -0.116259 -0.054064
v -0.024335 -0.106906 -0.055215
v -0.015785 -0.087062 -0.071360
v -0.015645 -0.089220 -0.067081
v -0.013526 -0.084250 -0.067622
v -0.013902 -0.083152 -0.069943
v -0.012771 -0.086458 -0.061481
v -0.013148 -0.085356 -0.064813
v -0.017982 -0.095229 -0.063670
v -0.018212 -0.096294 -0.060294
v -0.023545 -0.105935 -0.059131
v -0.022736 -0.104939 -0.062546
v -0.019842 -0.099060 -0.066009
v -0.017750 -0.094156 -0.066543
v -0.017293 -0.092034 -0.070907
v -0.018797 -0.096990 -0.070456
v -0.015920 -0.085000 -0.074025
v -0.014272 -0.082073 -0.071815
v -0.014633 -0.081020 -0.073279
v -0.016856 -0.090000 -0.073674
v -0.017793 -0.095000 -0.073322
v -0.020295 -0.101931 -0.070006
v -0.021103 -0.102927 -0.067954
v -0.018729 -0.100000 -0.072971
v -0.019502 -0.100953 -0.071666
v -0.024651 -0.112670 -0.066974
v -0.026034 -0.113581 -0.064427
v -0.021919 -0.103932 -0.065478
v -0.027413 -0.114490 -0.061440
v -0.028774 -0.115387 -0.057991
v -0.033901 -0.124656 -0.056873
v -0.032014 -0.123887 -0.060352
v -0.030095 -0.123105 -0.063389
v -0.021925 -0.110872 -0.070864
v -0.023277 -0.111764 -0.069110
v -0.028164 -0.122319 -0.066004
v -0.026241 -0.121535 -0.068220
v -0.022475 -0.120000 -0.071565
v -0.024340 -0.120760 -0.070064
v -0.020602 -0.110000 -0.072268
v -0.035732 -0.125401 -0.052939
v -0.046627 -0.143081 -0.050764
v -0.043073 -0.128385 -0.026683
v -0.055875 -0.144476 -0.031077
v -0.072753 -0.160000 -0.018220
v -0.073214 -0.160000 -0.016272
v -0.074319 -0.160000 -0.010085
v -0.057540 -0.144726 -0.025288
v -0.051691 -0.143845 -0.041676
v -0.053913 -0.144180 -0.036553
v -0.069446 -0.160000 -0.028325
v -0.071587 -0.160000 -0.022367
v -0.066798 -0.160000 -0.034102
v -0.049249 -0.143477 -0.046420
v -0.063658 -0.160000 -0.039657
v -0.060041 -0.160000 -0.044945
v -0.035090 -0.141340 -0.064091
v -0.038062 -0.141788 -0.061354
v -0.040997 -0.142231 -0.058228
v -0.043863 -0.142664 -0.054700
v -0.057053 -0.160000 -0.048683
v -0.053453 -0.160000 -0.052609
v -0.055967 -0.160000 -0.049927
v -0.049697 -0.160000 -0.056171
v -0.051461 -0.160000 -0.054560
v -0.046548 -0.160000 -0.058807
v -0.029147 -0.140442 -0.068471
v -0.032111 -0.140890 -0.066456
v -0.041259 -0.160000 -0.062632
v -0.037907 -0.160000 -0.064715
v -0.035634 -0.160000 -0.065994
v -0.024348 -0.130000 -0.070862
v -0.026221 -0.140000 -0.070159
v -0.028094 -0.150000 -0.069456
v -0.025882 -0.108718 0.045730
v -0.025175 -0.107840 0.050677
v -0.018729 -0.098340 0.051850
v -0.011766 -0.089578 0.048023
v -0.024476 -0.120760 0.069995
v -0.029305 -0.140442 0.068391
v -0.024498 -0.130000 0.070796
v -0.026383 -0.140000 0.070088
v -0.013228 -0.085356 0.064741
v -0.018072 -0.095229 0.063590
v -0.017844 -0.094156 0.066470
v -0.020729 -0.110000 0.072212
v -0.018845 -0.100000 0.072920
v -0.019616 -0.100953 0.071608
v -0.017617 -0.093088 0.068878
v -0.017393 -0.092034 0.070849
v -0.013989 -0.083152 0.069884
v -0.016960 -0.090000 0.073628
v -0.017174 -0.091003 0.072419
v -0.021210 -0.102927 0.067882
v -0.020406 -0.101931 0.069941
v -0.013610 -0.084250 0.067557
v -0.022023 -0.103932 0.065398
v -0.023399 -0.111764 0.069038
v -0.022614 -0.120000 0.071504
v -0.022049 -0.110872 0.070800
v -0.026373 -0.121535 0.068142
v -0.024768 -0.112670 0.066895
v -0.028292 -0.122319 0.065918
v -0.026147 -0.113581 0.064339
v -0.022835 -0.104939 0.062458
v -0.027521 -0.114490 0.061344
v -0.012473 -0.087540 0.057513
v -0.018517 -0.097336 0.056299
v -0.018297 -0.096294 0.060208
v -0.012847 -0.086458 0.061403
v -0.023639 -0.105935 0.059036
v -0.024423 -0.106906 0.055112
v -0.012110 -0.088587 0.053055
v -0.030193 -0.116259 0.053953
v -0.028876 -0.115387 0.057887
v -0.031177 -0.123497 0.061826
v -0.030218 -0.123105 0.063294
v -0.032131 -0.123887 0.060248
v -0.033077 -0.124274 0.058561
v -0.034012 -0.124656 0.056761
v -0.031454 -0.117094 0.049533
v -0.034932 -0.125032 0.054847
v -0.035834 -0.125401 0.052819
v -0.036716 -0.125761 0.050676
v -0.037573 -0.126112 0.048419
v -0.038203 -0.141788 0.061245
v -0.032264 -0.140890 0.066366
v -0.034825 -0.160000 0.066424
v -0.028267 -0.150000 0.069380
v -0.030152 -0.160000 0.068672
v -0.035238 -0.141340 0.063991
v -0.038081 -0.160000 0.064613
v -0.042052 -0.160000 0.062101
v -0.039989 -0.160000 0.063450
v -0.045987 -0.160000 0.059247
v -0.044919 -0.160000 0.060061
v -0.043989 -0.142664 0.054572
v -0.041131 -0.142231 0.058109
v -0.039674 -0.142011 0.059726
v -0.049848 -0.160000 0.056037
v -0.049580 -0.160000 0.056275
v -0.042571 -0.142449 0.056391
v -0.048070 -0.143282 0.048501
v -0.046744 -0.143081 0.050627
v -0.053939 -0.160000 0.052112
v -0.053595 -0.160000 0.052465
v -0.057183 -0.160000 0.048529
v -0.045382 -0.142875 0.052651
v -0.049356 -0.143477 0.046274
v -0.057963 -0.160000 0.047595
v -0.060568 -0.160000 0.044232
v -0.039201 -0.126778 0.043567
v -0.051787 -0.143845 0.041523
v -0.044023 -0.128754 0.020164
v -0.043124 -0.128385 0.026530
v -0.027603 -0.110861 0.028047
v -0.010715 -0.092591 0.022641
v -0.011162 -0.091315 0.036297
v -0.027110 -0.110246 0.034378
v -0.026532 -0.109526 0.040288
v -0.011448 -0.090494 0.042428
v -0.040687 -0.127386 0.038280
v -0.010915 -0.092020 0.029679
v -0.042004 -0.127926 0.032587
v -0.010472 -0.093269 0.007664
v -0.045077 -0.129189 0.006780
v -0.044679 -0.129025 0.013556
v -0.010566 -0.093011 0.015268
v -0.058919 -0.144927 0.019057
v -0.057598 -0.144726 0.025115
v -0.055946 -0.144476 0.030909
v -0.053997 -0.144180 0.036391
v -0.061622 -0.160000 0.042751
v -0.063701 -0.160000 0.039587
v -0.064889 -0.160000 0.037609
v -0.066535 -0.160000 0.034613
v -0.067736 -0.160000 0.032199
v -0.069025 -0.160000 0.029336
v -0.070141 -0.160000 0.026556
v -0.071126 -0.160000 0.023792
v -0.074506 -0.160000 0.008592
v -0.073543 -0.160000 0.014714
v -0.072802 -0.160000 0.018024
v -0.072082 -0.160000 0.020715
v -0.074962 -0.160000 0.002390
v -0.004848 -0.040770 0.076512
v -0.009802 -0.060959 0.074867
v -0.011307 -0.060000 0.075752
v 0.017625 -0.022467 0.072075
v 0.013024 -0.021937 0.074393
v 0.022409 0.000000 0.076797
v 0.008554 -0.021421 0.076136
v 0.004250 -0.020925 0.077372
v 0.010557 0.000000 0.079300
v -0.002035 -0.041575 0.075478
v 0.016517 0.000000 0.078276
v 0.000888 -0.042412 0.074011
v 0.003904 -0.043275 0.072052
v 0.027012 -0.023550 0.065448
v 0.024662 -0.023279 0.067373
v 0.035056 0.000000 0.071910
v 0.039308 0.000000 0.069677
v 0.022308 -0.023007 0.069114
v 0.028196 0.000000 0.074867
v 0.033840 0.000000 0.072490
v 0.006984 -0.044156 0.069546
v 0.010097 -0.045047 0.066436
v 0.029347 -0.023819 0.063334
v 0.011652 -0.045492 0.064638
v 0.013199 -0.045935 0.062672
v 0.014731 -0.046373 0.060533
v 0.031657 -0.024085 0.061024
v 0.044562 0.000000 0.066440
v 0.016240 -0.046805 0.058217
v 0.050392 -0.026246 0.027184
v 0.047625 -0.025927 0.035402
v 0.070588 0.000000 0.037647
v 0.072641 0.000000 0.033515
v 0.044251 -0.025538 0.042963
v 0.040387 -0.025092 0.049781
v 0.060274 0.000000 0.052603
v 0.062776 0.000000 0.049590
v 0.036150 -0.024604 0.055807
v 0.054294 0.000000 0.058755
v 0.058707 0.000000 0.054346
v 0.019161 -0.047641 0.053047
v 0.033929 -0.024347 0.058516
v 0.049569 0.000000 0.062793
v 0.021896 -0.048423 0.047158
v 0.066472 0.000000 0.044514
v 0.069769 0.000000 0.039145
v 0.065765 0.000000 0.045552
v 0.024374 -0.049132 0.040572
v 0.026526 -0.049747 0.033339
v 0.030053 -0.050755 0.013027
v 0.029587 -0.050622 0.017285
v 0.077028 0.000000 0.021604
v 0.074566 0.000000 0.028981
v 0.075068 0.000000 0.027656
v 0.028995 -0.050453 0.021461
v 0.028284 -0.050250 0.025540
v 0.079484 0.000000 0.009069
v 0.079956 0.000000 0.002663
v 0.030594 -0.050909 0.004349
v 0.030390 -0.050851 0.008709
v 0.078505 0.000000 0.015396
v 0.003220 -0.069256 0.050458
v 0.001674 -0.068272 0.055565
v -0.012267 -0.071006 0.074048
v -0.013191 -0.070000 0.075044
v 0.001801 -0.054722 0.068314
v -0.000564 -0.053727 0.070906
v -0.006624 -0.062985 0.071927
v -0.008238 -0.061956 0.073608
v 0.004182 -0.055723 0.065138
v 0.006546 -0.056717 0.061335
v -0.003294 -0.065107 0.067103
v -0.004971 -0.064038 0.069774
v -0.001612 -0.066179 0.063867
v 0.000053 -0.067240 0.060031
v -0.008303 -0.075317 0.065912
v -0.009320 -0.074212 0.068658
v -0.014134 -0.075000 0.074690
v -0.011310 -0.072047 0.072682
v -0.010325 -0.073119 0.070901
v -0.012838 -0.077068 0.072222
v -0.015076 -0.080000 0.074336
v -0.011472 -0.079248 0.068106
v -0.007287 -0.076422 0.062623
v 0.007075 -0.071709 0.031438
v 0.005955 -0.070997 0.038356
v 0.004659 -0.070172 0.044713
v 0.047635 -0.025927 -0.035433
v 0.068761 0.000000 -0.040889
v 0.065765 0.000000 -0.045552
v 0.070588 0.000000 -0.037647
v 0.029597 -0.050622 -0.017348
v 0.078256 0.000000 -0.016615
v 0.076646 0.000000 -0.022922
v 0.030395 -0.050851 -0.008773
v 0.079344 0.000000 -0.010221
v 0.050400 -0.026246 -0.027216
v 0.071888 0.000000 -0.035101
v 0.074521 0.000000 -0.029098
v 0.029008 -0.050453 -0.021524
v 0.028299 -0.050250 -0.025602
v 0.040402 -0.025092 -0.049809
v 0.061086 0.000000 -0.051657
v 0.056579 0.000000 -0.056558
v 0.044264 -0.025538 -0.042993
v 0.065154 0.000000 -0.046421
v 0.026546 -0.049747 -0.033399
v 0.024399 -0.049132 -0.040629
v 0.042387 -0.025321 -0.046498
v 0.036167 -0.024604 -0.055833
v 0.051658 0.000000 -0.061085
v 0.021924 -0.048423 -0.047212
v 0.038323 -0.024852 -0.052922
v 0.020586 -0.048040 -0.050244
v 0.019193 -0.047641 -0.053098
v 0.033946 -0.024347 -0.058542
v 0.046352 0.000000 -0.065204
v 0.017753 -0.047228 -0.055772
v 0.031675 -0.024085 -0.061049
v 0.005990 -0.070997 -0.038439
v 0.008008 -0.072287 -0.024119
v 0.007104 -0.071709 -0.031523
v 0.003266 -0.069256 -0.050532
v 0.004700 -0.070172 -0.044791
v 0.002507 -0.068771 -0.053164
v 0.008898 -0.057689 -0.056931
v 0.016275 -0.046805 -0.058265
v -0.005253 -0.078567 -0.054373
v 0.001725 -0.068272 -0.055635
v 0.006592 -0.056717 -0.061390
v 0.014767 -0.046373 -0.060579
v 0.013046 -0.021937 -0.074410
v 0.023422 0.000000 -0.076494
v 0.017554 0.000000 -0.078050
v 0.022329 -0.023007 -0.069135
v 0.034728 0.000000 -0.072069
v 0.029158 0.000000 -0.074497
v 0.035056 0.000000 -0.071910
v 0.027031 -0.023550 -0.065471
v 0.040691 0.000000 -0.068879
v 0.024682 -0.023279 -0.067394
v 0.029366 -0.023819 -0.063357
v 0.013237 -0.045935 -0.062716
v 0.011691 -0.045492 -0.064681
v 0.017646 -0.022467 -0.072094
v 0.010137 -0.045047 -0.066476
v 0.007026 -0.044156 -0.069583
v 0.008576 -0.021421 -0.076152
v 0.011588 0.000000 -0.079156
v 0.010619 0.000000 -0.079292
v 0.003947 -0.043275 -0.072086
v 0.000933 -0.042412 -0.074040
v 0.004273 -0.020925 -0.077386
v -0.006559 -0.062985 -0.071971
v -0.004907 -0.064038 -0.069824
v -0.000510 -0.053727 -0.070947
v 0.000108 -0.067240 -0.060095
v -0.006221 -0.077511 -0.058831
v 0.004231 -0.055723 -0.065188
v -0.001553 -0.066179 -0.063927
v 0.001853 -0.054722 -0.068360
v -0.003233 -0.065107 -0.067157
v -0.008232 -0.075317 -0.065975
v -0.007219 -0.076422 -0.062691
v -0.009246 -0.074212 -0.068716
v -0.010249 -0.073119 -0.070952
v -0.001990 -0.041575 -0.075504
v -0.004802 -0.040770 -0.076535
v -0.009734 -0.060959 -0.074902
v -0.008171 -0.061956 -0.073648
v -0.007492 -0.040000 -0.077188
v -0.011238 -0.060000 -0.075782
v -0.012187 -0.071006 -0.074089
v -0.011232 -0.072047 -0.072728
v -0.013110 -0.070000 -0.075079
v -0.014983 -0.080000 -0.074377
v 0.002713 -0.010000 -0.079025
v 0.005156 0.000000 -0.079834
v 0.005082 -0.010000 -0.078758
v 0.000000 -0.010000 -0.079225
v -0.009855 -0.092747 0.001695
v -0.009747 -0.092630 0.002234
v -0.009240 -0.092085 0.003824
v -0.009390 -0.092246 0.003439
v -0.008355 -0.091136 0.005495
v -0.006337 -0.088976 0.007736
v -0.007763 -0.090501 0.006304
v -0.009944 -0.092842 0.001061
v -0.008374 -0.091166 -0.005465
v -0.007686 -0.090430 -0.006397
v -0.009218 -0.092068 -0.003877
v -0.009747 -0.092634 -0.002234
v -0.009523 -0.092394 -0.003052
v -0.009912 -0.092810 -0.001324
v -0.009974 -0.092876 -0.000724
v 0.030061 -0.050755 -0.013091
v 0.004635 -0.077557 -0.008861
v 0.006367 -0.075821 -0.007711
v 0.002845 -0.079375 -0.009587
v 0.004333 -0.077862 -0.009012
v 0.000724 -0.081556 -0.009974
v -0.001878 -0.084271 -0.009822
v -0.001421 -0.083791 -0.009899
v -0.000001 -0.082309 -0.010000
v -0.003792 -0.086287 -0.009253
v -0.005562 -0.088165 -0.008310
v -0.004330 -0.086857 -0.009014
v -0.006352 -0.089007 -0.007723
v 0.009969 -0.072289 -0.000787
v 0.009748 -0.072502 -0.002229
v 0.009493 -0.072750 -0.003143
v 0.009656 -0.072592 -0.002600
v 0.007808 -0.074395 -0.006248
v 0.008494 -0.073722 -0.005277
v 0.007297 -0.074899 -0.006837
v 0.008740 -0.073483 -0.004860
v 0.008465 -0.073742 0.005324
v 0.007809 -0.074384 0.006246
v 0.007336 -0.074850 0.006796
v 0.008995 -0.073227 0.004370
v 0.009814 -0.072436 0.001919
v 0.009749 -0.072498 0.002227
v 0.010000 -0.072258 0.000100
v 0.009638 -0.072605 0.002665
v -0.005005 -0.087559 0.008657
v -0.003050 -0.085487 0.009524
v -0.004329 -0.086841 0.009014
v 0.000000 -0.082291 0.010000
v -0.000669 -0.082988 0.009978
v -0.000959 -0.083290 0.009954
v 0.002044 -0.080179 0.009789
v 0.004577 -0.077601 0.008891
v 0.004008 -0.078175 0.009161
v 0.006202 -0.075973 0.007845
v 0.000000 0.000000 -0.080000
v 0.005082 0.000000 -0.079838
v -0.029967 -0.160000 -0.068753
v 0.005082 0.000000 -0.006178
v 0.005082 -0.010000 -0.006178
v 0.005082 -0.010000 -0.078758
v 0.005082 0.000000 -0.079838
v 0.000000 0.000000 -0.008000
v 0.000000 -0.010000 -0.008000
v -0.003896 -0.010000 -0.006987
v -0.003896 0.000000 -0.006987
v -0.006805 -0.010000 -0.004206
v -0.006805 0.000000 -0.004206
v -0.007992 -0.010000 -0.000359
v -0.007992 0.000000 -0.000359
v -0.007155 -0.010000 0.003578
v -0.007155 0.000000 0.003578
v -0.004507 -0.010000 0.006609
v -0.004507 0.000000 0.006609
v -0.000718 -0.010000 0.007968
v -0.000718 0.000000 0.007968
v 0.003253 -0.010000 0.007309
v 0.003253 0.000000 0.007309
v 0.006400 -0.010000 0.004800
v 0.006400 0.000000 0.004800
v 0.007927 -0.010000 0.001075
v 0.007927 0.000000 0.001075
v 0.007448 -0.010000 -0.002921
v 0.007448 0.000000 -0.002921
v 0.005082 -0.010000 -0.006178
v 0.005082 0.000000 -0.006178
v 0.000000 0.000000 -0.008000
v 0.000000 0.000000 -0.080000
v 0.000000 -0.010000 -0.079225
v 0.000000 -0.010000 -0.008000
v 0.004564 0.000000 0.079870
v 0.005083 0.000000 0.084870
v 0.008579 0.000000 0.084598
v 0.010557 0.000000 0.079300
v 0.014862 0.000000 0.083751
v 0.016517 0.000000 0.078276
v 0.033228 0.000000 0.078486
v 0.033840 0.000000 0.072490
v 0.028196 0.000000 0.074867
v 0.041975 0.000000 0.074345
v 0.039308 0.000000 0.069677
v 0.035056 0.000000 0.071910
v 0.065765 0.000000 0.045552
v 0.062776 0.000000 0.049590
v 0.068471 0.000000 0.052261
v 0.021071 0.000000 0.082449
v 0.022409 0.000000 0.076797
v 0.027196 0.000000 0.080696
v 0.036245 0.000000 0.077189
v 0.067158 0.000000 0.053859
v 0.072236 0.000000 0.047194
v 0.066472 0.000000 0.044514
v 0.069769 0.000000 0.039145
v 0.073226 0.000000 0.045720
v 0.072641 0.000000 0.033515
v 0.070588 0.000000 0.037647
v 0.077050 0.000000 0.039293
v 0.047477 0.000000 0.071098
v 0.044562 0.000000 0.066440
v 0.059871 0.000000 0.061507
v 0.064347 0.000000 0.057034
v 0.058707 0.000000 0.054346
v 0.060274 0.000000 0.052603
v 0.070288 0.000000 0.049913
v 0.075630 0.000000 0.041833
v 0.055992 0.000000 0.135074
v 0.052073 0.000000 0.130275
v 0.048454 0.000000 0.130908
v 0.059008 0.000000 0.128915
v 0.069156 0.000000 0.132190
v 0.071608 0.000000 0.131573
v 0.069424 0.000000 0.126494
v 0.080726 0.000000 0.129049
v 0.077286 0.000000 0.124350
v 0.040800 0.000000 -0.136595
v 0.029455 0.000000 -0.138146
v 0.033994 0.000000 -0.132113
v 0.054294 0.000000 0.058755
v 0.057750 0.000000 0.063412
v 0.078414 0.000000 0.036639
v 0.079791 0.000000 0.033696
v 0.082104 0.000000 0.027926
v 0.075068 0.000000 0.027656
v 0.074566 0.000000 0.028981
v 0.023726 0.000000 0.139308
v 0.023165 0.000000 0.133916
v 0.016054 0.000000 0.134332
v 0.026545 0.000000 0.139091
v 0.026968 0.000000 0.133617
v 0.035040 0.000000 0.138263
v 0.037771 0.000000 0.132475
v 0.040936 0.000000 0.137534
v 0.046210 0.000000 0.136771
v 0.058432 0.000000 0.134593
v 0.067433 0.000000 0.126993
v 0.067333 0.000000 -0.125416
v 0.076691 0.000000 -0.122699
v 0.073785 0.000000 -0.129274
v 0.056090 0.000000 -0.128177
v 0.066934 0.000000 -0.125523
v 0.063011 0.000000 -0.132148
v 0.051967 0.000000 -0.129058
v 0.055992 0.000000 -0.133762
v 0.052002 0.000000 -0.134592
v 0.045104 0.000000 -0.130373
v 0.037172 0.000000 -0.131664
v 0.022781 0.000000 -0.133398
v 0.052740 0.000000 0.067454
v 0.049569 0.000000 0.062793
v 0.077028 0.000000 0.021604
v 0.071608 0.000000 -0.129894
v 0.026545 0.000000 -0.138469
v 0.011484 0.000000 -0.134225
v 0.018012 0.000000 -0.139239
v 0.012888 0.000000 -0.139577
v 0.006521 0.000000 -0.139868
v 0.083983 0.000000 0.021988
v 0.012315 0.000000 0.139897
v 0.005037 0.000000 0.134614
v 0.091912 0.000000 0.125430
v 0.086514 0.000000 0.121465
v 0.005036 0.000000 -0.134490
v 0.000000 0.000000 -0.140019
v 0.078505 0.000000 0.015396
v 0.102642 0.000000 0.121370
v 0.095503 0.000000 0.118243
v 0.084281 0.000000 -0.125988
v 0.085420 0.000000 0.015887
v 0.085994 0.000000 0.012607
v 0.086708 0.000000 0.006469
v 0.086961 0.000000 0.000300
v 0.079956 0.000000 0.002663
v 0.094459 0.000000 -0.122306
v 0.086766 0.000000 -0.119318
v 0.079484 0.000000 0.009069
v 0.104245 0.000000 0.114686
v 0.112881 0.000000 0.116901
v 0.112734 0.000000 0.110792
v 0.104284 0.000000 -0.118250
v 0.096550 0.000000 -0.115545
v 0.086751 0.000000 -0.005892
v 0.079911 0.000000 -0.003780
v 0.065765 0.000000 -0.045552
v 0.068761 0.000000 -0.040889
v 0.073029 0.000000 -0.046013
v 0.122600 0.000000 0.112055
v 0.120960 0.000000 0.106559
v 0.147084 0.000000 -0.093139
v 0.139446 0.000000 -0.098725
v 0.138861 0.000000 -0.092172
v 0.131327 0.000000 -0.104053
v 0.122745 0.000000 -0.109100
v 0.124001 0.000000 -0.101923
v 0.113723 0.000000 -0.113840
v 0.106026 0.000000 -0.111387
v 0.079344 0.000000 -0.010221
v 0.070588 0.000000 -0.037647
v 0.071888 0.000000 -0.035101
v 0.076986 0.000000 -0.039406
v 0.074695 0.000000 -0.043395
v 0.070077 0.000000 -0.050190
v 0.065154 0.000000 -0.046421
v 0.131772 0.000000 0.106865
v 0.128912 0.000000 0.101981
v 0.140379 0.000000 0.101365
v 0.136254 0.000000 0.097269
v 0.148408 0.000000 0.095587
v 0.142910 0.000000 0.092531
v 0.162691 0.000000 0.083324
v 0.158789 0.000000 0.078923
v 0.155222 0.000000 0.082318
v 0.132469 0.000000 -0.096614
v 0.115182 0.000000 -0.106846
v 0.086069 0.000000 -0.012101
v 0.085375 0.000000 -0.016108
v 0.078251 0.000000 -0.036962
v 0.075763 0.000000 -0.041598
v 0.071243 0.000000 -0.048603
v 0.067414 0.000000 -0.053549
v 0.011480 0.000000 -0.084264
v 0.005082 0.000000 -0.084870
v 0.005156 0.000000 -0.079834
v 0.160861 0.000000 0.076840
v 0.168940 0.000000 0.076899
v 0.166141 0.000000 0.071109
v 0.078256 0.000000 -0.016615
v 0.083943 0.000000 -0.022124
v 0.082068 0.000000 -0.028018
v 0.079750 0.000000 -0.033782
v 0.074521 0.000000 -0.029098
v 0.061086 0.000000 -0.051657
v 0.017554 0.000000 -0.078050
v 0.017781 0.000000 -0.083196
v 0.013660 0.000000 -0.083948
v 0.005082 0.000000 -0.079838
v 0.155847 0.000000 0.089563
v 0.149235 0.000000 0.087548
v 0.154226 0.000000 -0.087321
v 0.145981 0.000000 -0.086708
v 0.076646 0.000000 -0.022922
v 0.033674 0.000000 -0.078300
v 0.029158 0.000000 -0.074497
v 0.034728 0.000000 -0.072069
v 0.023422 0.000000 -0.076494
v 0.023977 0.000000 -0.081676
v 0.020304 0.000000 -0.082635
v 0.011588 0.000000 -0.079156
v 0.010619 0.000000 -0.079292
v 0.178622 0.000000 0.054081
v 0.174793 0.000000 0.059989
v 0.181709 0.000000 0.060591
v 0.184136 0.000000 0.056769
v 0.186390 0.000000 0.052909
v 0.180361 0.000000 0.051113
v 0.182047 0.000000 0.048017
v 0.198064 0.000000 0.021624
v 0.198417 0.000000 0.019760
v 0.192111 0.000000 0.019097
v 0.199217 0.000000 0.014497
v 0.192836 0.000000 0.014457
v 0.189757 0.000000 -0.041957
v 0.184316 0.000000 -0.039055
v 0.186550 0.000000 -0.033849
v 0.177663 0.000000 -0.062186
v 0.172018 0.000000 -0.059757
v 0.176353 0.000000 -0.053487
v 0.172585 0.000000 -0.068705
v 0.170062 0.000000 -0.062344
v 0.160862 0.000000 -0.081294
v 0.152667 0.000000 -0.080991
v 0.063212 0.000000 -0.058226
v 0.058639 0.000000 -0.062625
v 0.056579 0.000000 -0.056558
v 0.039529 0.000000 -0.075620
v 0.030057 0.000000 -0.079708
v 0.027275 0.000000 -0.080669
v 0.006400 0.000000 0.004800
v 0.002598 0.000000 0.001500
v 0.001500 0.000000 0.002598
v 0.174594 0.000000 0.070315
v 0.170567 0.000000 0.065740
v 0.179657 0.000000 0.063597
v 0.188039 0.000000 0.049852
v 0.196377 0.000000 0.028735
v 0.191756 0.000000 0.020951
v 0.193248 0.000000 0.010725
v 0.199583 0.000000 0.011082
v 0.199844 0.000000 0.007365
v 0.193459 0.000000 0.007922
v 0.199539 0.000000 -0.006882
v 0.193248 0.000000 -0.006143
v 0.193503 0.000000 -0.002542
v 0.183621 0.000000 -0.040536
v 0.186248 0.000000 -0.048795
v 0.180220 0.000000 -0.047080
v 0.166984 0.000000 -0.075082
v 0.164716 0.000000 -0.068811
v 0.158914 0.000000 -0.075025
v 0.000000 0.000000 -0.095005
v 0.005074 0.000000 -0.092045
v 0.005062 0.000000 -0.104710
v 0.040691 0.000000 -0.068879
v 0.041908 0.000000 -0.074378
v 0.003253 0.000000 0.007309
v 0.007927 0.000000 0.001075
v 0.003000 0.000000 0.000000
v 0.191373 0.000000 0.042863
v 0.185060 0.000000 0.041796
v 0.194150 0.000000 0.035819
v 0.187650 0.000000 0.035419
v 0.193624 0.000000 0.001352
v 0.199973 0.000000 0.002344
v 0.199950 0.000000 0.000235
v 0.192913 0.000000 -0.009267
v 0.190316 0.000000 -0.022532
v 0.196489 0.000000 -0.023722
v 0.195217 0.000000 -0.028069
v 0.188315 0.000000 -0.029081
v 0.193820 0.000000 -0.032194
v 0.192746 0.000000 -0.035044
v 0.000000 0.000000 -0.110009
v 0.051658 0.000000 -0.061085
v 0.055537 0.000000 -0.065270
v 0.050465 0.000000 -0.069096
v 0.046352 0.000000 -0.065204
v 0.049343 0.000000 -0.069868
v 0.045127 0.000000 -0.072548
v 0.035056 0.000000 -0.071910
v 0.007448 0.000000 -0.002921
v 0.002598 0.000000 -0.001500
v 0.188230 0.000000 0.033797
v 0.190221 0.000000 0.027399
v 0.198613 0.000000 -0.013977
v 0.191849 0.000000 -0.015928
v 0.182218 0.000000 -0.055544
v 0.005044 0.000000 -0.124694
v 0.000000 0.000000 -0.125014
v 0.000000 0.000000 0.095005
v 0.005075 0.000000 0.092068
v 0.005059 0.000000 0.108387
v 0.000000 0.000000 -0.008000
v 0.001500 0.000000 -0.002598
v -0.003896 0.000000 -0.006987
v -0.001500 0.000000 -0.002598
v 0.000000 0.000000 -0.003000
v 0.197172 0.000000 -0.021043
v 0.005058 0.000000 -0.108379
v 0.000000 0.000000 0.110009
v 0.000000 0.000000 0.125014
v 0.005049 0.000000 0.119647
v -0.006805 0.000000 -0.004206
v -0.002598 0.000000 -0.001500
v -0.007992 0.000000 -0.000359
v -0.003000 0.000000 0.000000
v -0.007155 0.000000 0.003578
v -0.002598 0.000000 0.001500
v -0.004507 0.000000 0.006609
v -0.001500 0.000000 0.002598
v -0.000718 0.000000 0.007968
v 0.000000 0.000000 0.003000
v 0.000000 0.000000 0.140019
v 0.000000 0.000000 -0.080000
v 0.000000 0.000000 0.080000
v 0.005082 0.000000 -0.006178
v 0.002598 -0.010000 0.001500
v 0.007448 -0.010000 -0.002921
v 0.007927 -0.010000 0.001075
v -0.000718 -0.010000 0.007968
v -0.004507 -0.010000 0.006609
v -0.001500 -0.010000 0.002598
v -0.007155 -0.010000 0.003578
v -0.002598 -0.010000 0.001500
v -0.007992 -0.010000 -0.000359
v -0.006805 -0.010000 -0.004206
v -0.002598 -0.010000 -0.001500
v -0.003896 -0.010000 -0.006987
v -0.001500 -0.010000 -0.002598
v 0.002713 -0.010000 -0.079025
v 0.005082 -0.010000 -0.078758
v 0.005082 -0.010000 -0.006178
v 0.006400 -0.010000 0.004800
v 0.003253 -0.010000 0.007309
v 0.001500 -0.010000 0.002598
v -0.003000 -0.010000 0.000000
v 0.000000 -0.010000 -0.008000
v 0.000000 -0.010000 -0.003000
v 0.000000 -0.010000 0.003000
v 0.002598 -0.010000 -0.001500
v 0.001500 -0.010000 -0.002598
v 0.003000 -0.010000 0.000000
v 0.000000 -0.010000 -0.079225
v -0.001500 0.000000 0.002598
v 0.000000 0.000000 0.003000
v 0.000000 -0.010000 0.003000
v -0.002598 0.000000 0.001500
v -0.001500 -0.010000 0.002598
v -0.003000 0.000000 0.000000
v -0.002598 -0.010000 0.001500
v -0.002598 0.000000 -0.001500
v -0.003000 -0.010000 0.000000
v -0.001500 0.000000 -0.002598
v -0.002598 -0.010000 -0.001500
v 0.000000 0.000000 -0.003000
v -0.001500 -0.010000 -0.002598
v 0.001500 0.000000 -0.002598
v 0.000000 -0.010000 -0.003000
v 0.002598 0.000000 -0.001500
v 0.001500 -0.010000 -0.002598
v 0.003000 0.000000 0.000000
v 0.002598 -0.010000 -0.001500
v 0.002598 0.000000 0.001500
v 0.003000 -0.010000 0.000000
v 0.001500 0.000000 0.002598
v 0.002598 -0.010000 0.001500
v 0.001500 -0.010000 0.002598
vn 0.000 0.000 -1.000
vn 0.096 0.000 -0.995
vn 0.067 0.000 -0.998
vn 0.305 0.000 -0.952
vn 0.433 0.000 -0.901
vn 0.093 0.000 -0.996
vn 0.302 0.000 -0.953
vn 0.065 0.000 -0.998
vn 0.433 0.000 -0.901
vn 0.634 0.000 -0.774
vn 0.501 0.000 -0.866
vn 0.776 0.000 -0.630
vn 0.498 0.000 -0.867
vn 0.632 0.000 -0.775
vn 0.775 0.000 -0.632
vn 0.834 0.000 -0.551
vn 0.939 0.000 -0.344
vn 0.924 0.000 -0.382
vn 0.975 0.000 -0.223
vn 0.923 0.000 -0.384
vn 0.938 0.000 -0.345
vn 0.975 0.000 -0.223
vn 0.836 0.000 -0.549
vn 0.994 0.000 -0.106
vn 0.986 0.000 -0.170
vn 0.985 0.000 -0.171
vn 0.997 0.000 0.072
vn 0.994 0.000 -0.107
vn 0.997 0.000 0.072
vn 0.991 0.000 0.132
vn 0.975 0.000 0.223
vn 0.975 0.000 0.223
vn 0.991 0.000 0.132
vn 0.922 0.000 0.388
vn 0.837 0.000 0.547
vn 0.952 0.000 0.305
vn 0.952 0.000 0.305
vn 0.769 0.000 0.640
vn 0.922 0.000 0.388
vn 0.837 0.000 0.547
vn 0.769 0.000 0.640
vn 0.555 0.000 0.832
vn 0.433 0.000 0.901
vn 0.635 0.000 0.772
vn 0.433 0.000 0.901
vn 0.556 0.000 0.831
vn 0.635 0.000 0.772
vn 0.000 0.000 1.000
vn 0.379 0.000 0.925
vn 0.378 0.000 0.926
vn 0.187 0.000 0.982
vn 0.141 0.000 0.990
vn 0.000 0.000 1.000
vn 0.142 0.000 0.990
vn 0.188 0.000 0.982
vn -0.433 0.000 0.901
vn -0.072 0.000 0.997
vn -0.433 0.000 0.901
vn -0.284 0.000 0.959
vn -0.074 0.000 0.997
vn -0.286 0.000 0.958
vn -0.463 0.000 0.886
vn -0.731 0.000 0.682
vn -0.781 0.000 0.625
vn -0.730 0.000 0.684
vn -0.637 0.000 0.771
vn -0.781 0.000 0.625
vn -0.638 0.000 0.770
vn -0.465 0.000 0.885
vn -0.949 0.000 0.314
vn -0.874 0.000 0.486
vn -0.966 0.000 0.259
vn -0.975 0.000 0.223
vn -0.966 0.000 0.260
vn -0.975 0.000 0.223
vn -0.950 0.000 0.313
vn -0.849 0.000 0.528
vn -0.850 0.000 0.526
vn -0.875 0.000 0.485
vn -1.000 0.000 -0.010
vn -0.981 0.000 -0.192
vn -0.975 0.000 -0.223
vn -0.981 0.000 -0.192
vn -1.000 0.000 -0.010
vn -0.997 0.000 0.079
vn -0.997 0.000 0.078
vn -0.781 0.000 -0.625
vn -0.900 0.000 -0.436
vn -0.847 0.000 -0.532
vn -0.964 0.000 -0.266
vn -0.847 0.000 -0.532
vn -0.899 0.000 -0.437
vn -0.964 0.000 -0.266
vn -0.975 0.000 -0.223
vn -0.458 0.000 -0.889
vn -0.620 0.000 -0.784
vn -0.781 0.000 -0.625
vn -0.734 0.000 -0.679
vn -0.734 0.000 -0.680
vn -0.621 0.000 -0.784
vn 0.000 0.000 -1.000
vn -0.204 0.000 -0.979
vn -0.458 0.000 -0.889
vn -0.401 0.000 -0.916
vn -0.401 0.000 -0.916
vn -0.205 0.000 -0.979
vn 0.818 -0.554 -0.156
vn 0.859 -0.472 -0.197
vn 0.823 -0.514 -0.243
vn 0.838 -0.470 -0.278
vn 0.744 -0.661 -0.098
vn 0.751 -0.660 -0.010
vn 0.769 -0.639 -0.009
vn 0.727 -0.685 0.037
vn 0.738 -0.672 0.057
vn 0.737 -0.676 -0.009
vn 0.725 -0.687 -0.048
vn 0.733 -0.676 -0.073
vn 0.753 -0.653 0.081
vn 0.773 -0.617 -0.151
vn 0.790 -0.613 -0.005
vn 0.801 -0.598 -0.002
vn 0.757 -0.641 -0.124
vn 0.771 -0.628 0.110
vn 0.790 -0.596 0.144
vn 0.789 -0.587 -0.180
vn 0.813 -0.582 0.002
vn 0.825 -0.565 0.008
vn 0.809 -0.558 0.185
vn 0.781 -0.602 -0.165
vn 0.819 -0.535 0.208
vn 0.798 -0.571 -0.195
vn 0.827 -0.553 -0.100
vn 0.838 -0.546 0.014
vn 0.827 -0.512 0.234
vn 0.837 -0.532 0.127
vn 0.859 -0.485 0.167
vn 0.853 -0.316 -0.415
vn 0.855 -0.371 -0.363
vn 0.895 -0.374 -0.243
vn 0.942 -0.317 -0.109
vn 0.863 -0.504 0.032
vn 0.849 -0.422 -0.318
vn 0.851 -0.514 -0.108
vn 0.875 -0.470 -0.113
vn 0.899 -0.422 -0.116
vn 0.922 -0.371 -0.115
vn 0.888 -0.456 0.057
vn 0.910 -0.404 0.091
vn 0.928 -0.347 0.138
vn 0.937 -0.285 0.202
vn 0.932 -0.221 0.286
vn 0.964 -0.244 0.108
vn 0.865 -0.239 0.442
vn 0.840 -0.458 0.291
vn 0.876 -0.431 0.217
vn 0.885 -0.372 0.279
vn 0.883 -0.307 0.354
vn 0.838 -0.332 0.434
vn 0.845 -0.398 0.358
vn 0.815 -0.264 0.516
vn 0.774 -0.195 0.602
vn 0.823 -0.170 0.542
vn 0.714 -0.129 0.689
vn 0.783 -0.460 0.420
vn 0.775 -0.395 0.494
vn 0.748 -0.641 0.173
vn 0.761 -0.608 0.226
vn 0.773 -0.567 0.285
vn 0.781 -0.517 0.350
vn 0.626 -0.099 0.774
vn 0.723 -0.257 0.642
vn 0.755 -0.326 0.569
vn 0.678 -0.190 0.710
vn 0.743 -0.224 0.630
vn 0.623 -0.129 0.772
vn 0.559 -0.077 0.825
vn 0.824 -0.566 -0.006
vn 0.797 -0.572 0.194
vn 0.826 -0.555 0.100
vn 0.805 -0.555 0.210
vn 0.848 -0.425 0.317
vn 0.854 -0.373 0.361
vn 0.920 -0.374 0.117
vn 0.941 -0.319 0.111
vn 0.853 -0.319 0.413
vn 0.916 -0.269 0.299
vn 0.837 -0.265 0.479
vn 0.937 -0.289 -0.196
vn 0.964 -0.247 -0.103
vn 0.960 -0.263 0.097
vn 0.827 -0.174 -0.535
vn 0.867 -0.243 -0.436
vn 0.718 -0.133 -0.683
vn 0.778 -0.198 -0.596
vn 0.884 -0.311 -0.349
vn 0.927 -0.350 -0.134
vn 0.817 -0.267 -0.510
vn 0.909 -0.407 -0.088
vn 0.822 -0.516 0.242
vn 0.837 -0.472 0.278
vn 0.874 -0.472 0.114
vn 0.898 -0.425 0.117
vn 0.850 -0.516 0.108
vn 0.887 -0.459 -0.054
vn 0.862 -0.506 -0.029
vn 0.875 -0.434 -0.213
vn 0.839 -0.336 -0.428
vn 0.886 -0.375 -0.275
vn 0.845 -0.401 -0.353
vn 0.826 -0.514 -0.230
vn 0.837 -0.548 -0.012
vn 0.858 -0.487 -0.163
vn 0.726 -0.260 -0.637
vn 0.747 -0.227 -0.625
vn 0.631 -0.102 -0.769
vn 0.564 -0.080 -0.822
vn 0.627 -0.132 -0.768
vn 0.757 -0.330 -0.564
vn 0.776 -0.398 -0.489
vn 0.840 -0.461 -0.287
vn 0.809 -0.560 -0.181
vn 0.783 -0.463 -0.415
vn 0.738 -0.673 -0.055
vn 0.732 -0.677 0.073
vn 0.751 -0.661 0.011
vn 0.743 -0.662 0.098
vn 0.756 -0.642 0.124
vn 0.772 -0.618 0.151
vn 0.789 -0.615 0.006
vn 0.780 -0.604 0.165
vn 0.812 -0.584 -0.001
vn 0.788 -0.589 0.180
vn 0.768 -0.640 0.010
vn 0.789 -0.598 -0.141
vn 0.770 -0.629 -0.107
vn 0.725 -0.688 0.048
vn 0.752 -0.654 -0.079
vn 0.748 -0.642 -0.169
vn 0.773 -0.569 -0.281
vn 0.781 -0.520 -0.345
vn 0.761 -0.610 -0.222
vn 0.229 -0.167 0.959
vn 0.147 -0.123 0.981
vn 0.264 -0.151 0.953
vn 0.357 -0.204 0.912
vn 0.442 -0.264 0.858
vn 0.369 -0.239 0.898
vn 0.446 -0.300 0.843
vn 0.387 -0.277 0.879
vn 0.309 -0.219 0.925
vn 0.459 -0.339 0.821
vn 0.411 -0.318 0.855
vn 0.337 -0.257 0.906
vn 0.523 -0.402 0.751
vn 0.479 -0.381 0.791
vn 0.577 -0.462 0.673
vn 0.539 -0.443 0.716
vn 0.572 -0.425 0.702
vn 0.515 -0.363 0.777
vn 0.515 -0.326 0.793
vn 0.576 -0.388 0.719
vn 0.618 -0.482 0.621
vn 0.624 -0.448 0.641
vn 0.659 -0.502 0.560
vn 0.673 -0.527 0.520
vn 0.600 -0.491 0.631
vn 0.684 -0.550 0.480
vn 0.621 -0.518 0.588
vn 0.693 -0.571 0.441
vn 0.639 -0.543 0.545
vn 0.700 -0.591 0.402
vn 0.654 -0.567 0.501
vn 0.742 -0.557 0.374
vn 0.700 -0.520 0.488
vn 0.530 -0.292 0.796
vn 0.450 -0.230 0.863
vn 0.568 -0.261 0.781
vn 0.643 -0.415 0.644
vn 0.595 -0.354 0.722
vn 0.635 -0.323 0.702
vn 0.682 -0.383 0.623
vn 0.678 -0.470 0.565
vn 0.713 -0.440 0.546
vn 0.731 -0.491 0.474
vn 0.749 -0.353 0.560
vn 0.710 -0.294 0.640
vn 0.771 -0.409 0.489
vn 0.780 -0.460 0.424
vn 0.740 -0.536 0.406
vn 0.781 -0.507 0.366
vn 0.776 -0.548 0.313
vn 0.731 -0.658 0.180
vn 0.726 -0.675 0.132
vn 0.716 -0.662 0.222
vn 0.717 -0.671 0.189
vn 0.705 -0.608 0.364
vn 0.740 -0.609 0.285
vn 0.736 -0.636 0.231
vn 0.709 -0.624 0.327
vn 0.742 -0.576 0.343
vn 0.742 -0.593 0.313
vn 0.712 -0.638 0.291
vn 0.715 -0.651 0.256
vn 0.718 -0.685 0.124
vn 0.718 -0.679 0.156
vn 0.705 -0.607 -0.367
vn 0.700 -0.589 -0.405
vn 0.654 -0.564 -0.504
vn 0.693 -0.569 -0.443
vn 0.638 -0.541 -0.548
vn 0.683 -0.548 -0.483
vn 0.620 -0.515 -0.592
vn 0.672 -0.524 -0.523
vn 0.599 -0.488 -0.634
vn 0.658 -0.500 -0.563
vn 0.617 -0.480 -0.624
vn 0.724 -0.630 -0.282
vn 0.710 -0.623 -0.330
vn 0.713 -0.637 -0.294
vn 0.731 -0.657 -0.181
vn 0.737 -0.635 -0.232
vn 0.715 -0.650 -0.259
vn 0.726 -0.674 -0.133
vn 0.717 -0.670 -0.191
vn 0.718 -0.678 -0.158
vn 0.722 -0.686 -0.088
vn 0.716 -0.661 -0.224
vn 0.714 -0.562 -0.417
vn 0.721 -0.599 -0.348
vn 0.741 -0.607 -0.286
vn 0.700 -0.518 -0.491
vn 0.743 -0.574 -0.345
vn 0.741 -0.534 -0.408
vn 0.758 -0.613 -0.220
vn 0.768 -0.582 -0.265
vn 0.777 -0.546 -0.314
vn 0.806 -0.553 -0.210
vn 0.677 -0.468 -0.568
vn 0.570 -0.422 -0.705
vn 0.522 -0.399 -0.754
vn 0.576 -0.460 -0.676
vn 0.477 -0.377 -0.794
vn 0.457 -0.336 -0.823
vn 0.408 -0.315 -0.857
vn 0.385 -0.274 -0.881
vn 0.335 -0.254 -0.907
vn 0.513 -0.360 -0.780
vn 0.444 -0.297 -0.846
vn 0.623 -0.445 -0.644
vn 0.575 -0.385 -0.722
vn 0.366 -0.236 -0.900
vn 0.307 -0.216 -0.927
vn 0.513 -0.323 -0.795
vn 0.439 -0.260 -0.860
vn 0.353 -0.201 -0.914
vn 0.226 -0.164 -0.960
vn 0.260 -0.148 -0.954
vn 0.528 -0.289 -0.799
vn 0.446 -0.227 -0.866
vn 0.781 -0.504 -0.367
vn 0.642 -0.412 -0.647
vn 0.593 -0.351 -0.725
vn 0.731 -0.488 -0.476
vn 0.713 -0.437 -0.549
vn 0.681 -0.380 -0.626
vn 0.633 -0.320 -0.705
vn 0.780 -0.458 -0.426
vn 0.771 -0.406 -0.491
vn 0.749 -0.350 -0.563
vn 0.708 -0.291 -0.643
vn 0.565 -0.258 -0.784
vn 0.718 -0.695 0.030
vn 0.718 -0.696 0.009
vn 0.718 -0.696 0.001
vn 0.718 -0.696 -0.001
vn 0.718 -0.693 0.061
vn 0.718 -0.696 0.012
vn 0.718 -0.696 0.010
vn 0.719 -0.695 0.019
vn 0.719 -0.694 0.029
vn 0.719 -0.695 0.027
vn 0.719 -0.694 0.033
vn 0.719 -0.695 0.023
vn 0.720 -0.693 0.036
vn 0.718 -0.693 -0.063
vn 0.719 -0.695 -0.026
vn 0.719 -0.694 -0.028
vn 0.719 -0.695 -0.020
vn 0.719 -0.695 -0.022
vn 0.718 -0.696 -0.013
vn 0.719 -0.694 -0.031
vn 0.718 -0.696 -0.009
vn 0.718 -0.696 -0.011
vn 0.718 -0.695 -0.032
vn 0.718 -0.696 -0.003
vn 0.720 -0.693 -0.034
vn 0.720 -0.693 -0.032
vn 0.720 -0.693 -0.035
vn 0.720 -0.693 -0.032
vn 0.720 -0.693 -0.028
vn 0.720 -0.693 -0.036
vn 0.718 -0.689 -0.094
vn 0.720 -0.693 -0.034
vn 0.720 -0.693 -0.035
vn 0.718 -0.684 -0.126
vn 0.720 -0.694 -0.023
vn 0.721 -0.693 0.018
vn 0.720 -0.693 -0.026
vn 0.718 -0.696 -0.002
vn 0.718 -0.696 -0.001
vn 0.718 -0.696 -0.005
vn 0.719 -0.695 -0.009
vn 0.718 -0.696 -0.007
vn 0.720 -0.694 -0.021
vn 0.719 -0.695 -0.016
vn 0.719 -0.695 -0.013
vn 0.720 -0.693 -0.016
vn 0.719 -0.695 0.015
vn 0.719 -0.695 0.017
vn 0.718 -0.696 0.006
vn 0.719 -0.695 0.009
vn 0.718 -0.696 0.003
vn 0.718 -0.696 0.005
vn 0.719 -0.695 0.010
vn 0.718 -0.696 0.001
vn 0.727 -0.686 -0.035
vn 0.720 -0.694 0.022
vn 0.718 -0.690 0.092
vn 0.720 -0.693 0.036
vn 0.720 -0.693 0.037
vn 0.720 -0.693 0.034
vn 0.720 -0.693 0.035
vn 0.720 -0.693 0.031
vn 0.720 -0.693 0.035
vn 0.720 -0.693 0.026
vn 0.720 -0.693 0.028
vn 0.154 -0.143 -0.978
vn 0.116 -0.114 -0.987
vn 0.144 -0.120 -0.982
vn 0.200 -0.170 -0.965
vn 0.228 -0.188 -0.955
vn 0.267 -0.215 -0.939
vn 0.302 -0.241 -0.923
vn 0.330 -0.263 -0.907
vn 0.366 -0.292 -0.883
vn 0.422 -0.341 -0.840
vn 0.538 -0.440 -0.719
vn 0.444 -0.361 -0.820
vn 0.472 -0.388 -0.791
vn 0.516 -0.433 -0.739
vn 0.555 -0.475 -0.683
vn 0.577 -0.500 -0.646
vn 0.667 -0.586 -0.460
vn 0.607 -0.536 -0.587
vn 0.647 -0.587 -0.487
vn 0.653 -0.595 -0.468
vn 0.662 -0.608 -0.439
vn 0.670 -0.619 -0.409
vn 0.675 -0.626 -0.390
vn 0.680 -0.635 -0.367
vn 0.686 -0.643 -0.341
vn 0.692 -0.652 -0.309
vn 0.701 -0.667 -0.252
vn 0.708 -0.678 -0.197
vn 0.713 -0.687 -0.142
vn 0.715 -0.691 -0.106
vn 0.718 -0.695 -0.051
vn 0.718 -0.696 0.003
vn 0.717 -0.694 0.056
vn 0.715 -0.690 0.110
vn 0.713 -0.687 0.140
vn 0.708 -0.679 0.195
vn 0.701 -0.667 0.251
vn 0.692 -0.653 0.308
vn 0.686 -0.644 0.338
vn 0.680 -0.635 0.365
vn 0.674 -0.626 0.392
vn 0.663 -0.610 0.435
vn 0.658 -0.603 0.452
vn 0.648 -0.589 0.483
vn 0.638 -0.576 0.511
vn 0.630 -0.566 0.531
vn 0.614 -0.545 0.571
vn 0.585 -0.511 0.630
vn 0.571 -0.494 0.656
vn 0.534 -0.453 0.714
vn 0.492 -0.409 0.769
vn 0.444 -0.363 0.819
vn 0.391 -0.315 0.865
vn 0.362 -0.290 0.886
vn 0.301 -0.241 0.923
vn 0.236 -0.195 0.952
vn 0.168 -0.151 0.974
vn 0.097 -0.113 0.989
vn 0.057 -0.094 0.994
vn 0.189 -0.130 0.973
vn 0.340 -0.171 0.925
vn 0.531 -0.218 0.819
vn 0.743 -0.257 0.618
vn 0.659 -0.244 0.711
vn 0.810 -0.264 0.523
vn 0.915 -0.259 0.308
vn 0.947 -0.250 0.203
vn 0.965 -0.179 -0.193
vn 0.947 -0.160 -0.277
vn 0.870 -0.109 -0.481
vn 0.723 -0.064 -0.688
vn 0.934 -0.224 -0.280
vn 0.647 -0.049 -0.761
vn 0.530 -0.030 -0.848
vn 0.514 -0.027 -0.857
vn 0.492 -0.024 -0.870
vn 0.513 -0.063 -0.856
vn 0.464 -0.020 -0.886
vn 0.426 -0.014 -0.905
vn 0.480 -0.056 -0.875
vn 0.413 -0.013 -0.910
vn 0.549 -0.111 -0.828
vn 0.581 -0.144 -0.801
vn 0.682 -0.194 -0.705
vn 0.611 -0.179 -0.771
vn 0.638 -0.215 -0.739
vn 0.673 -0.271 -0.688
vn 0.685 -0.292 -0.668
vn 0.707 -0.342 -0.619
vn 0.718 -0.370 -0.590
vn 0.731 -0.413 -0.543
vn 0.739 -0.444 -0.508
vn 0.745 -0.479 -0.465
vn 0.748 -0.509 -0.426
vn 0.749 -0.552 -0.368
vn 0.745 -0.599 -0.294
vn 0.738 -0.635 -0.226
vn 0.736 -0.666 -0.122
vn 0.724 -0.681 -0.107
vn 0.720 -0.693 -0.048
vn 0.718 -0.696 0.007
vn 0.720 -0.691 0.062
vn 0.725 -0.678 0.119
vn 0.730 -0.664 0.161
vn 0.732 -0.658 0.178
vn 0.738 -0.637 0.225
vn 0.745 -0.599 0.294
vn 0.748 -0.550 0.371
vn 0.748 -0.541 0.384
vn 0.744 -0.481 0.464
vn 0.730 -0.411 0.546
vn 0.703 -0.335 0.627
vn 0.663 -0.255 0.703
vn 0.627 -0.201 0.753
vn 0.655 -0.243 0.715
vn 0.602 -0.169 0.780
vn 0.540 -0.104 0.835
vn 0.472 -0.051 0.880
vn 0.424 -0.014 0.906
vn 0.408 -0.012 0.913
vn 0.461 -0.019 0.887
vn 0.400 -0.010 0.917
vn 0.472 -0.021 0.882
vn 0.511 -0.027 0.859
vn 0.527 -0.029 0.850
vn 0.619 -0.044 0.784
vn 0.760 -0.070 0.646
vn 0.888 -0.120 0.443
vn 0.976 -0.204 0.073
vn 0.916 -0.258 -0.307
vn 0.916 -0.266 -0.299
vn 0.961 -0.260 -0.095
vn 0.889 -0.262 -0.376
vn 0.838 -0.264 -0.477
vn 0.493 -0.208 -0.845
vn 0.291 -0.157 -0.944
vn 0.092 -0.102 -0.991
vn 0.129 -0.113 -0.985
vn 0.699 -0.250 -0.670
vn 0.731 -0.663 -0.165
vn 0.402 -0.011 -0.916
vn 0.632 -0.568 -0.527
vn 0.507 -0.424 -0.750
vn 0.130 -0.129 -0.983
vn 0.057 -0.093 -0.994
vn 0.974 -0.145 -0.176
vn 0.977 -0.108 -0.182
vn 0.955 -0.080 -0.287
vn 0.895 -0.095 -0.436
vn 0.892 -0.032 -0.452
vn 0.824 0.005 -0.566
vn 0.952 -0.127 -0.277
vn 0.931 -0.059 -0.360
vn 0.931 -0.114 -0.347
vn 0.732 -0.032 -0.681
vn 0.710 0.055 -0.702
vn 0.527 0.115 -0.842
vn 0.834 -0.069 -0.547
vn 0.980 -0.070 -0.186
vn 0.955 -0.031 -0.295
vn 0.929 -0.002 -0.370
vn 0.884 0.035 -0.465
vn 0.809 0.083 -0.582
vn 0.682 0.145 -0.717
vn 0.485 0.214 -0.848
vn 0.989 -0.138 -0.062
vn 0.992 -0.112 -0.063
vn 0.989 -0.095 -0.114
vn 0.986 -0.126 -0.111
vn 0.985 -0.163 -0.061
vn 0.982 -0.156 -0.109
vn 0.238 0.275 -0.932
vn 0.293 0.186 -0.938
vn 0.564 0.017 -0.826
vn 0.309 0.158 -0.938
vn 0.362 0.067 -0.930
vn 0.501 -0.040 -0.865
vn 0.403 -0.011 -0.915
vn 0.743 -0.111 -0.660
vn 0.807 -0.129 -0.577
vn 0.855 -0.142 -0.499
vn 0.918 -0.158 -0.364
vn 0.838 -0.137 -0.529
vn 0.934 -0.162 -0.317
vn 0.965 -0.163 -0.203
vn 0.968 -0.163 -0.193
vn 0.958 -0.164 -0.233
vn 0.951 -0.164 -0.262
vn 0.957 -0.164 -0.240
vn 0.977 -0.165 -0.138
vn 0.971 -0.163 -0.174
vn 0.972 -0.164 -0.168
vn 0.974 -0.164 -0.154
vn 0.979 -0.167 -0.114
vn 0.982 -0.171 -0.077
vn 0.985 -0.172 0.001
vn 0.984 -0.175 -0.041
vn 0.988 -0.152 0.001
vn 0.990 -0.139 0.001
vn 0.993 -0.120 0.001
vn 0.994 -0.110 -0.027
vn 0.985 -0.062 -0.161
vn 0.936 0.012 -0.353
vn 0.927 0.021 -0.374
vn 0.881 0.062 -0.469
vn 0.800 0.119 -0.588
vn 0.776 0.134 -0.616
vn 0.453 0.285 -0.845
vn 0.178 0.367 -0.913
vn 0.193 0.343 -0.919
vn 0.666 0.194 -0.721
vn 0.984 -0.180 0.001
vn 0.587 -0.066 -0.807
vn -0.074 0.381 -0.922
vn -0.136 0.387 -0.912
vn -0.110 0.381 -0.918
vn 0.039 0.377 -0.925
vn -0.016 0.378 -0.926
vn 0.029 0.370 -0.929
vn -0.038 0.374 -0.927
vn -0.151 0.384 0.911
vn -0.119 0.377 0.918
vn -0.194 0.387 0.901
vn -0.031 0.377 0.926
vn 0.020 0.369 0.929
vn -0.048 0.371 0.927
vn 0.024 0.378 0.925
vn 0.083 0.369 0.926
vn -0.089 0.379 0.921
vn -0.349 0.421 0.837
vn -0.317 0.413 0.854
vn -0.283 0.405 0.869
vn -0.352 0.422 0.835
vn -0.215 0.392 0.894
vn -0.271 0.402 0.875
vn -0.389 0.433 0.814
vn -0.387 0.432 0.814
vn -0.427 0.445 0.787
vn 0.137 0.352 0.926
vn 0.101 0.353 0.930
vn 0.177 0.352 0.919
vn 0.060 0.354 0.933
vn 0.020 0.357 0.934
vn -0.017 0.360 0.933
vn -0.067 0.365 0.928
vn -0.101 0.370 0.924
vn -0.175 0.382 0.908
vn -0.248 0.396 0.884
vn -0.327 0.415 0.849
vn -0.345 0.420 0.839
vn -0.318 0.413 0.854
vn -0.435 0.447 0.782
vn -0.392 0.433 0.812
vn -0.452 0.453 0.769
vn -0.458 0.455 0.764
vn -0.422 0.443 0.791
vn -0.508 0.472 0.720
vn -0.492 0.468 0.734
vn -0.559 0.492 0.668
vn -0.527 0.481 0.701
vn -0.611 0.515 0.601
vn -0.560 0.495 0.664
vn -0.567 0.496 0.658
vn -0.650 0.533 0.542
vn -0.623 0.524 0.581
vn -0.592 0.510 0.624
vn -0.683 0.550 0.481
vn -0.652 0.538 0.534
vn -0.711 0.565 0.418
vn -0.679 0.552 0.484
vn -0.728 0.574 0.375
vn -0.704 0.565 0.431
vn -0.716 0.568 0.406
vn -0.738 0.581 0.343
vn -0.726 0.577 0.375
vn -0.756 0.592 0.279
vn -0.745 0.588 0.317
vn -0.770 0.601 0.215
vn -0.760 0.597 0.256
vn -0.780 0.608 0.151
vn -0.773 0.605 0.194
vn -0.784 0.611 0.105
vn -0.782 0.610 0.130
vn -0.781 0.609 0.142
vn -0.786 0.613 0.078
vn -0.787 0.614 0.052
vn -0.787 0.614 0.065
vn -0.788 0.615 0.014
vn -0.788 0.616 0.000
vn -0.787 0.615 -0.049
vn -0.782 0.613 -0.114
vn -0.780 0.613 -0.130
vn -0.776 0.610 -0.159
vn -0.770 0.608 -0.194
vn -0.773 0.608 -0.183
vn -0.757 0.601 -0.257
vn -0.767 0.605 -0.213
vn -0.760 0.601 -0.246
vn -0.740 0.593 -0.317
vn -0.744 0.592 -0.310
vn -0.720 0.583 -0.376
vn -0.723 0.581 -0.374
vn -0.697 0.572 -0.432
vn -0.696 0.567 -0.440
vn -0.672 0.560 -0.485
vn -0.666 0.552 -0.502
vn -0.644 0.546 -0.535
vn -0.631 0.535 -0.562
vn -0.583 0.518 -0.626
vn -0.590 0.517 -0.620
vn -0.550 0.504 -0.666
vn -0.540 0.497 -0.679
vn -0.516 0.490 -0.702
vn -0.489 0.477 -0.730
vn -0.446 0.464 -0.766
vn -0.432 0.458 -0.777
vn -0.410 0.451 -0.792
vn -0.370 0.438 -0.819
vn -0.375 0.440 -0.816
vn -0.343 0.430 -0.835
vn -0.339 0.429 -0.837
vn -0.297 0.418 -0.859
vn -0.269 0.411 -0.871
vn -0.304 0.420 -0.855
vn -0.201 0.397 -0.896
vn -0.250 0.406 -0.879
vn -0.227 0.401 -0.888
vn -0.154 0.386 -0.910
vn -0.079 0.373 -0.924
vn 0.006 0.363 -0.932
vn 0.082 0.357 -0.931
vn 0.159 0.354 -0.922
vn 0.092 0.369 -0.925
vn 0.165 0.363 -0.917
vn 0.145 0.366 -0.919
vn 0.139 0.367 -0.920
vn 0.233 0.355 -0.906
vn 0.196 0.359 -0.912
vn 0.095 0.373 -0.923
vn 0.117 0.370 -0.922
vn 0.099 0.372 -0.923
vn 0.050 0.379 -0.924
vn 0.006 0.384 -0.923
vn -0.042 0.385 -0.922
vn -0.066 0.385 -0.920
vn -0.079 0.386 -0.919
vn -0.115 0.388 -0.914
vn -0.152 0.391 -0.908
vn -0.165 0.393 -0.905
vn -0.189 0.396 -0.899
vn -0.219 0.401 -0.889
vn -0.226 0.402 -0.887
vn -0.255 0.408 -0.877
vn -0.289 0.416 -0.862
vn -0.323 0.425 -0.846
vn -0.357 0.435 -0.827
vn -0.391 0.445 -0.805
vn -0.425 0.457 -0.781
vn -0.459 0.469 -0.754
vn -0.481 0.477 -0.736
vn -0.491 0.481 -0.726
vn -0.521 0.494 -0.696
vn -0.551 0.506 -0.664
vn -0.579 0.518 -0.629
vn -0.614 0.533 -0.582
vn -0.597 0.526 -0.606
vn -0.607 0.531 -0.592
vn -0.634 0.543 -0.551
vn -0.657 0.554 -0.512
vn -0.679 0.565 -0.469
vn -0.700 0.575 -0.424
vn -0.710 0.579 -0.401
vn -0.719 0.584 -0.377
vn -0.736 0.592 -0.328
vn -0.751 0.599 -0.276
vn -0.755 0.601 -0.263
vn -0.767 0.607 -0.210
vn -0.776 0.611 -0.157
vn -0.786 0.615 -0.065
vn -0.778 0.612 -0.141
vn -0.783 0.614 -0.102
vn -0.787 0.615 -0.047
vn -0.788 0.615 0.008
vn -0.785 0.615 -0.071
vn -0.788 0.615 0.041
vn -0.786 0.614 0.071
vn -0.785 0.612 0.097
vn -0.779 0.609 0.153
vn -0.770 0.603 0.207
vn -0.759 0.597 0.260
vn -0.749 0.591 0.298
vn -0.737 0.584 0.339
vn -0.715 0.572 0.401
vn -0.733 0.582 0.351
vn -0.695 0.561 0.450
vn -0.672 0.550 0.495
vn -0.663 0.545 0.514
vn -0.636 0.532 0.559
vn -0.608 0.518 0.602
vn -0.579 0.505 0.641
vn -0.548 0.491 0.677
vn -0.517 0.478 0.710
vn -0.489 0.467 0.737
vn -0.454 0.454 0.767
vn -0.418 0.442 0.794
vn -0.382 0.431 0.818
vn -0.345 0.420 0.839
vn -0.309 0.411 0.858
vn -0.272 0.404 0.873
vn -0.239 0.398 0.886
vn -0.199 0.392 0.898
vn -0.185 0.391 0.902
vn -0.237 0.398 0.886
vn -0.135 0.387 0.912
vn -0.162 0.389 0.907
vn -0.086 0.385 0.919
vn -0.124 0.386 0.914
vn -0.049 0.386 0.921
vn -0.019 0.386 0.922
vn 0.029 0.381 0.924
vn -0.027 0.387 0.922
vn 0.078 0.374 0.924
vn 0.087 0.373 0.924
vn 0.193 0.360 0.913
vn 0.213 0.357 0.909
vn 0.159 0.364 0.918
vn 0.134 0.367 0.921
vn 0.131 0.367 0.921
vn 0.108 0.370 0.923
vn 0.232 0.355 0.906
vn 0.212 0.353 0.911
vn -0.005 0.386 -0.923
vn 0.978 -0.108 0.180
vn 0.955 -0.080 0.285
vn 0.956 -0.031 0.293
vn 0.893 -0.032 0.449
vn 0.826 0.005 0.564
vn 0.811 0.083 0.580
vn 0.932 -0.059 0.357
vn 0.930 -0.003 0.368
vn 0.886 0.034 0.463
vn 0.711 0.055 0.701
vn 0.528 0.116 0.842
vn 0.486 0.214 0.848
vn 0.684 0.144 0.715
vn 0.407 0.148 0.901
vn 0.360 0.248 0.899
vn 0.974 -0.144 0.175
vn 0.953 -0.127 0.275
vn 0.932 -0.113 0.345
vn 0.896 -0.095 0.433
vn 0.836 -0.069 0.545
vn 0.733 -0.032 0.680
vn 0.564 0.017 0.826
vn 0.985 -0.162 0.060
vn 0.982 -0.155 0.108
vn 0.986 -0.125 0.111
vn 0.989 -0.137 0.062
vn 0.989 -0.094 0.113
vn 0.980 -0.070 0.185
vn 0.988 -0.152 -0.001
vn 0.992 -0.111 0.063
vn 0.985 -0.171 -0.001
vn 0.988 -0.156 -0.001
vn 0.984 -0.176 0.011
vn 0.984 -0.177 0.011
vn 0.984 -0.176 0.023
vn 0.984 -0.179 -0.001
vn 0.983 -0.171 0.065
vn 0.980 -0.167 0.106
vn 0.976 -0.164 0.144
vn 0.961 -0.163 0.224
vn 0.953 -0.163 0.255
vn 0.968 -0.162 0.192
vn 0.971 -0.163 0.173
vn 0.969 -0.162 0.184
vn 0.911 -0.156 0.382
vn 0.941 -0.162 0.297
vn 0.856 -0.142 0.497
vn 0.839 -0.137 0.527
vn 0.772 -0.119 0.625
vn 0.744 -0.111 0.659
vn 0.587 -0.066 0.807
vn 0.479 -0.034 0.877
vn 0.450 0.046 0.892
vn 0.386 0.018 0.922
vn 0.359 0.067 0.931
vn 0.401 -0.011 0.916
vn 0.299 0.173 0.939
vn 0.289 0.189 0.938
vn 0.274 0.214 0.938
vn 0.176 0.368 0.913
vn 0.319 0.329 0.889
vn 0.454 0.284 0.844
vn 0.668 0.192 0.719
vn 0.794 0.123 0.595
vn 0.802 0.117 0.585
vn 0.882 0.061 0.467
vn 0.928 0.020 0.371
vn 0.944 0.003 0.330
vn 0.987 -0.068 0.144
vn 0.993 -0.114 0.016
vn 0.991 -0.132 -0.001
vn 0.993 -0.120 -0.001
vn 0.000 -1.000 0.000
vn 0.000 -1.000 0.000
vn 0.000 -1.000 0.000
vn 0.000 -1.000 0.000
vn 0.000 0.000 -1.000
vn 0.000 0.000 -1.000
vn 0.000 0.000 -1.000
vn 1.000 0.000 0.000
vn 1.000 0.000 0.000
vn 1.000 0.000 0.000
vn 0.000 -1.000 0.000
vn 0.000 -1.000 0.000
vn 0.000 -1.000 0.000
vn 0.000 -1.000 0.000
vn 0.000 -1.000 0.000
vn 0.000 -1.000 0.000
vn 0.000 -1.000 0.000
vn 0.000 -1.000 0.000
vn 0.000 -1.000 0.000
vn 0.000 -1.000 0.000
vn 0.000 -1.000 0.000
vn 0.000 -1.000 0.000
vn 0.000 -1.000 0.000
vn 0.000 -1.000 0.000
vn 0.000 -1.000 0.000
vn 0.000 -1.000 0.000
vn 0.000 -1.000 0.000
vn 0.000 -1.000 0.000
vn 0.000 -1.000 0.000
vn 0.000 -1.000 0.000
vn 0.000 -1.000 0.000
vn 0.000 -1.000 0.000
vn 0.000 -1.000 0.000
vn 0.000 -1.000 0.000
vn 0.000 -1.000 0.000
vn 0.000 -1.000 0.000
vn 0.000 -1.000 0.000
vn 0.000 -1.000 0.000
vn 0.000 -1.000 0.000
vn 0.000 -1.000 0.000
vn 0.000 -1.000 0.000
vn 0.000 -1.000 0.000
vn 0.000 -1.000 0.000
vn 0.000 -1.000 0.000
vn 0.000 -1.000 0.000
vn 0.000 -1.000 0.000
vn 0.000 -1.000 0.000
vn 0.000 -1.000 0.000
vn 0.000 -1.000 0.000
vn 0.000 -1.000 0.000
vn 0.000 -1.000 0.000
vn 0.000 -1.000 0.000
vn 0.000 -1.000 0.000
vn 0.000 -1.000 0.000
vn 0.000 -1.000 0.000
vn 0.000 -1.000 0.000
vn 0.000 -1.000 0.000
vn 0.000 -1.000 0.000
vn 0.000 -1.000 0.000
vn 0.000 -1.000 0.000
vn 0.000 -1.000 0.000
vn 0.000 -1.000 0.000
vn 0.000 -1.000 0.000
vn 0.000 -1.000 0.000
vn 0.000 -1.000 0.000
vn 0.000 -1.000 0.000
vn 0.000 -1.000 0.000
vn 0.000 -1.000 0.000
vn 0.000 -1.000 0.000
vn 0.000 -1.000 0.000
vn 0.000 -1.000 0.000
vn 0.000 -1.000 0.000
vn 0.000 -1.000 0.000
vn 0.000 -1.000 0.000
vn 0.000 -1.000 0.000
vn 0.000 -1.000 0.000
vn 0.000 -1.000 0.000
vn 0.000 -1.000 0.000
vn 0.000 -1.000 0.000
vn 0.000 -1.000 0.000
vn 0.000 -1.000 0.000
vn 0.000 -1.000 0.000
vn 0.000 -1.000 0.000
vn 0.000 -1.000 0.000
vn 0.000 -1.000 0.000
vn 0.000 -1.000 0.000
vn 0.000 -1.000 0.000
vn 0.000 -1.000 0.000
vn 0.000 -1.000 0.000
vn 0.000 -1.000 0.000
vn 0.000 -1.000 0.000
vn 0.000 -1.000 0.000
vn 0.000 -1.000 0.000
vn 0.000 -1.000 0.000
vn 0.000 -1.000 0.000
vn 0.000 -1.000 0.000
vn 0.000 -1.000 0.000
vn 0.000 -1.000 0.000
vn 0.000 -1.000 0.000
vn 0.000 -1.000 0.000
vn 0.000 -1.000 0.000
vn 0.000 -1.000 0.000
vn 0.000 -1.000 0.000
vn 0.000 -1.000 0.000
vn 0.000 -1.000 0.000
vn 0.000 -1.000 0.000
vn 0.000 -1.000 0.000
vn 0.000 -1.000 0.000
vn 0.000 -1.000 0.000
vn 0.000 -1.000 0.000
vn 0.000 -1.000 0.000
vn 0.000 -1.000 0.000
vn 0.000 -1.000 0.000
vn 0.000 -1.000 0.000
vn 0.000 -1.000 0.000
vn 0.000 -1.000 0.000
vn 0.000 -1.000 0.000
vn 0.000 -1.000 0.000
vn 0.000 -1.000 0.000
vn 0.000 -1.000 0.000
vn 0.000 -1.000 0.000
vn 0.000 -1.000 0.000
vn 0.000 -1.000 0.000
vn 0.000 -1.000 0.000
vn 0.000 -1.000 0.000
vn 0.000 -1.000 0.000
vn 0.000 -1.000 0.000
vn 0.000 -1.000 0.000
vn 0.000 -1.000 0.000
vn 0.000 -1.000 0.000
vn 0.000 -1.000 0.000
vn 0.000 -1.000 0.000
vn 0.000 -1.000 0.000
vn 0.000 -1.000 0.000
vn 0.000 -1.000 0.000
vn 0.000 -1.000 0.000
vn 0.000 -1.000 0.000
vn 0.000 -1.000 0.000
vn 0.000 -1.000 0.000
vn 0.000 -1.000 0.000
vn 0.000 -1.000 0.000
vn 0.000 -1.000 0.000
vn 0.000 -1.000 0.000
vn 0.000 -1.000 0.000
vn 0.000 -1.000 0.000
vn 0.000 -1.000 0.000
vn 0.000 -1.000 0.000
vn 0.000 -1.000 0.000
vn 0.000 -1.000 0.000
vn 0.000 -1.000 0.000
vn 0.000 -1.000 0.000
vn 0.000 -1.000 0.000
vn 0.000 -1.000 0.000
vn 0.000 -1.000 0.000
vn 0.000 -1.000 0.000
vn 0.000 -1.000 0.000
vn 0.000 -1.000 0.000
vn 0.000 -1.000 0.000
vn 0.000 -1.000 0.000
vn 0.000 -1.000 0.000
vn 0.000 -1.000 0.000
vn 0.000 -1.000 0.000
vn 0.000 -1.000 0.000
vn 0.000 -1.000 0.000
vn 0.000 -1.000 0.000
vn 0.000 -1.000 0.000
vn 0.000 -1.000 0.000
vn 0.000 -1.000 0.000
vn 0.000 -1.000 0.000
vn 0.000 -1.000 0.000
vn 0.000 -1.000 0.000
vn 0.000 -1.000 0.000
vn 0.000 -1.000 0.000
vn 0.000 -1.000 0.000
vn 0.000 -1.000 0.000
vn 0.000 -1.000 0.000
vn 0.000 -1.000 0.000
vn 0.000 -1.000 0.000
vn 0.000 -1.000 0.000
vn 0.000 -1.000 0.000
vn 0.000 -1.000 0.000
vn 0.000 -1.000 0.000
vn 0.000 -1.000 0.000
vn 0.000 -1.000 0.000
vn 0.000 -1.000 0.000
vn 0.000 -1.000 0.000
vn 0.000 -1.000 0.000
vn 0.000 -1.000 0.000
vn 0.000 -1.000 0.000
vn 0.000 -1.000 0.000
vn 0.000 -1.000 0.000
vn 0.000 -1.000 0.000
vn 0.000 -1.000 0.000
vn 0.000 -1.000 0.000
vn 0.000 -1.000 0.000
vn 0.000 -1.000 0.000
vn 0.000 -1.000 0.000
vn 0.000 -1.000 0.000
vn 0.000 -1.000 0.000
vn 0.000 -1.000 0.000
vn 0.000 -1.000 0.000
vn 0.000 -1.000 0.000
vn 0.000 -1.000 0.000
vn 0.000 -1.000 0.000
vn 0.000 -1.000 0.000
vn 0.000 -1.000 0.000
vn 0.000 -1.000 0.000
vn 0.000 -1.000 0.000
vn 0.000 -1.000 0.000
vn 0.000 -1.000 0.000
vn 0.000 -1.000 0.000
vn 0.000 -1.000 0.000
vn 0.000 -1.000 0.000
vn 0.000 -1.000 0.000
vn 0.000 -1.000 0.000
vn 0.000 -1.000 0.000
vn 0.000 -1.000 0.000
vn 0.000 -1.000 0.000
vn 0.000 -1.000 0.000
vn 0.000 -1.000 0.000
vn 0.000 -1.000 0.000
vn 0.000 -1.000 0.000
vn 0.000 -1.000 0.000
vn 0.000 -1.000 0.000
vn 0.000 -1.000 0.000
vn 0.000 -1.000 0.000
vn 0.000 -1.000 0.000
vn 0.000 -1.000 0.000
vn 0.000 -1.000 0.000
vn -0.956 0.075 0.285
vn -0.976 0.121 0.180
vn -0.974 0.138 0.177
vn -0.978 0.104 0.182
vn -0.980 0.068 0.187
vn -0.956 0.030 0.292
vn -0.954 -0.017 0.299
vn -0.986 0.168 0.000
vn -0.987 0.146 0.064
vn -0.989 0.134 0.064
vn -0.985 0.158 0.063
vn -0.991 0.132 0.000
vn -0.992 0.110 0.065
vn -0.994 0.085 0.066
vn -0.899 0.085 0.430
vn -0.842 0.059 0.537
vn -0.832 -0.009 0.554
vn -0.972 0.155 0.175
vn -0.967 0.169 0.192
vn -0.962 0.166 0.215
vn -0.970 0.171 0.172
vn -0.954 0.119 0.276
vn -0.896 0.027 0.444
vn -0.931 0.152 0.332
vn -0.950 0.160 0.267
vn -0.745 0.022 0.666
vn -0.589 -0.026 0.807
vn -0.557 -0.116 0.823
vn -0.899 0.140 0.414
vn -0.847 0.123 0.517
vn -0.726 -0.057 0.685
vn -0.760 0.098 0.643
vn -0.318 -0.179 0.931
vn -0.617 0.061 0.785
vn -0.402 0.011 0.916
vn -0.362 -0.084 0.928
vn -0.889 -0.033 0.456
vn -0.819 -0.080 0.569
vn -0.801 -0.152 0.579
vn -0.879 -0.096 0.466
vn -0.478 -0.294 0.828
vn -0.672 -0.220 0.707
vn -0.702 -0.139 0.699
vn -0.227 -0.355 0.907
vn -0.519 -0.206 0.829
vn -0.273 -0.270 0.923
vn -0.989 0.093 0.116
vn -0.991 0.063 0.118
vn -0.989 0.150 0.000
vn -0.986 0.122 0.113
vn -0.981 0.032 0.190
vn -0.983 0.185 0.000
vn -0.984 0.169 0.062
vn -0.982 0.181 0.061
vn -0.975 0.174 0.137
vn -0.973 0.172 0.154
vn -0.978 0.177 0.107
vn -0.994 0.113 0.000
vn 0.788 -0.616 0.000
vn 0.786 -0.615 0.065
vn 0.787 -0.615 0.048
vn -0.066 -0.370 -0.927
vn -0.124 -0.372 -0.920
vn -0.089 -0.377 -0.922
vn -0.010 -0.378 -0.926
vn 0.787 -0.616 0.040
vn 0.788 -0.616 0.000
vn -0.019 -0.386 -0.922
vn 0.011 -0.388 -0.921
vn 0.032 -0.387 -0.921
vn -0.061 -0.381 -0.923
vn 0.052 -0.386 -0.921
vn 0.697 -0.568 0.438
vn 0.674 -0.561 0.481
vn 0.647 -0.548 0.530
vn 0.767 -0.605 0.212
vn 0.757 -0.602 0.254
vn 0.741 -0.594 0.314
vn 0.782 -0.613 0.113
vn 0.780 -0.613 0.129
vn 0.770 -0.608 0.192
vn 0.773 -0.608 0.178
vn 0.744 -0.592 0.308
vn 0.721 -0.584 0.372
vn 0.699 -0.573 0.428
vn 0.761 -0.601 0.243
vn 0.723 -0.581 0.373
vn 0.588 -0.517 0.622
vn 0.555 -0.506 0.660
vn 0.521 -0.492 0.697
vn 0.666 -0.552 0.501
vn 0.618 -0.534 0.577
vn 0.587 -0.520 0.620
vn 0.681 -0.559 0.473
vn 0.630 -0.535 0.563
vn 0.540 -0.497 0.679
vn 0.487 -0.479 0.730
vn 0.453 -0.466 0.760
vn 0.486 -0.477 0.732
vn 0.418 -0.454 0.787
vn 0.086 -0.382 0.920
vn 0.054 -0.375 0.925
vn 0.124 -0.383 0.915
vn 0.212 -0.399 0.892
vn 0.173 -0.390 0.905
vn 0.218 -0.399 0.891
vn 0.362 -0.436 0.824
vn 0.348 -0.432 0.832
vn 0.313 -0.422 0.851
vn 0.427 -0.456 0.781
vn 0.383 -0.442 0.811
vn 0.292 -0.417 0.861
vn 0.279 -0.413 0.867
vn 0.147 -0.389 0.910
vn 0.084 -0.374 0.924
vn 0.140 -0.384 0.913
vn -0.026 -0.377 0.926
vn -0.076 -0.370 0.926
vn -0.013 -0.371 0.929
vn 0.029 -0.378 0.925
vn 0.069 -0.372 0.926
vn -0.004 -0.363 0.932
vn -0.077 -0.358 0.931
vn -0.102 -0.376 0.921
vn -0.077 -0.379 0.922
vn -0.150 -0.355 0.923
vn -0.174 -0.365 0.915
vn -0.199 -0.360 0.911
vn -0.153 -0.368 0.917
vn -0.134 -0.371 0.919
vn 0.174 -0.382 -0.908
vn 0.147 -0.377 -0.914
vn 0.134 -0.379 -0.916
vn 0.226 -0.394 -0.891
vn 0.162 -0.385 -0.908
vn 0.044 -0.378 -0.925
vn 0.102 -0.380 -0.919
vn 0.064 -0.373 -0.926
vn -0.003 -0.370 -0.929
vn -0.144 -0.353 -0.924
vn -0.168 -0.366 -0.915
vn -0.145 -0.369 -0.918
vn -0.217 -0.355 -0.909
vn -0.195 -0.361 -0.912
vn -0.072 -0.355 -0.932
vn 0.002 -0.359 -0.933
vn 0.085 -0.368 -0.926
vn 0.075 -0.367 -0.927
vn 0.287 -0.405 -0.868
vn 0.218 -0.390 -0.895
vn 0.293 -0.407 -0.865
vn 0.414 -0.440 -0.797
vn 0.352 -0.422 -0.835
vn 0.361 -0.424 -0.830
vn 0.326 -0.415 -0.849
vn 0.472 -0.460 -0.752
vn 0.395 -0.435 -0.809
vn 0.729 -0.575 -0.372
vn 0.715 -0.567 -0.410
vn 0.681 -0.553 -0.479
vn 0.573 -0.498 -0.650
vn 0.525 -0.479 -0.703
vn 0.498 -0.470 -0.728
vn 0.464 -0.458 -0.758
vn 0.616 -0.517 -0.594
vn 0.532 -0.484 -0.695
vn 0.687 -0.552 -0.473
vn 0.654 -0.535 -0.534
vn 0.626 -0.526 -0.576
vn 0.596 -0.512 -0.619
vn 0.655 -0.540 -0.529
vn 0.780 -0.608 -0.148
vn 0.770 -0.601 -0.214
vn 0.761 -0.597 -0.254
vn 0.756 -0.592 -0.280
vn 0.745 -0.585 -0.319
vn 0.727 -0.578 -0.372
vn 0.738 -0.580 -0.345
vn 0.705 -0.566 -0.427
vn 0.745 -0.588 -0.314
vn 0.782 -0.610 -0.129
vn 0.787 -0.614 -0.064
vn 0.787 -0.614 -0.052
vn 0.786 -0.613 -0.082
vn 0.784 -0.612 -0.105
vn 0.773 -0.605 -0.192
vn 0.788 -0.615 -0.016
vn 0.435 -0.447 -0.782
vn 0.469 -0.460 -0.754
vn 0.194 -0.392 -0.899
vn 0.218 -0.395 -0.893
vn 0.097 -0.386 -0.918
vn 0.106 -0.386 -0.916
vn 0.069 -0.386 -0.920
vn 0.144 -0.387 -0.911
vn 0.181 -0.390 -0.903
vn 0.292 -0.408 -0.865
vn 0.328 -0.416 -0.848
vn 0.247 -0.399 -0.883
vn 0.255 -0.400 -0.880
vn 0.364 -0.425 -0.828
vn 0.400 -0.436 -0.806
vn 0.430 -0.446 -0.785
vn 0.674 -0.551 -0.493
vn 0.696 -0.562 -0.446
vn 0.565 -0.499 -0.657
vn 0.595 -0.512 -0.620
vn 0.502 -0.472 -0.725
vn 0.534 -0.485 -0.692
vn 0.565 -0.497 -0.659
vn 0.623 -0.525 -0.580
vn 0.649 -0.538 -0.537
vn 0.756 -0.595 -0.273
vn 0.763 -0.599 -0.241
vn 0.717 -0.573 -0.397
vn 0.735 -0.583 -0.347
vn 0.750 -0.592 -0.295
vn 0.781 -0.610 -0.131
vn 0.770 -0.603 -0.207
vn 0.774 -0.606 -0.186
vn 0.786 -0.614 -0.074
vn 0.788 -0.615 -0.017
vn 0.380 -0.441 0.813
vn 0.622 -0.538 0.569
vn 0.738 -0.593 0.321
vn 0.776 -0.611 0.155
vn 0.766 -0.607 0.211
vn 0.778 -0.612 0.140
vn 0.783 -0.614 0.098
vn 0.785 -0.615 0.070
vn 0.754 -0.601 0.267
vn 0.699 -0.574 0.426
vn 0.686 -0.568 0.454
vn 0.711 -0.580 0.397
vn 0.720 -0.584 0.374
vn 0.676 -0.563 0.476
vn 0.650 -0.551 0.523
vn 0.492 -0.482 0.725
vn 0.560 -0.510 0.652
vn 0.592 -0.524 0.612
vn 0.527 -0.496 0.690
vn 0.456 -0.468 0.757
vn 0.418 -0.454 0.787
vn 0.123 -0.388 0.913
vn 0.174 -0.394 0.903
vn 0.141 -0.390 0.910
vn 0.228 -0.403 0.887
vn 0.300 -0.419 0.857
vn 0.340 -0.430 0.836
vn 0.260 -0.409 0.875
vn 0.182 -0.395 0.900
vn 0.219 -0.401 0.889
vn 0.029 -0.385 0.922
vn 0.075 -0.386 0.920
vn 0.066 -0.385 0.920
vn 0.103 -0.387 0.916
vn -0.038 -0.384 0.923
vn -0.056 -0.382 0.923
vn -0.011 -0.386 0.922
vn -0.226 -0.356 -0.907
vn -0.227 -0.355 0.907
vn -0.957 0.030 -0.290
vn -0.956 0.075 -0.283
vn -0.978 0.104 -0.181
vn -0.979 0.086 -0.183
vn -0.975 0.137 -0.176
vn -0.963 0.165 -0.213
vn -0.967 0.168 -0.191
vn -0.954 0.119 -0.274
vn -0.958 0.163 -0.238
vn -0.951 0.159 -0.265
vn -0.989 0.149 0.000
vn -0.991 0.131 0.000
vn -0.992 0.110 -0.065
vn -0.990 0.122 -0.064
vn -0.983 0.184 0.000
vn -0.986 0.167 0.000
vn -0.986 0.157 -0.062
vn -0.897 0.028 -0.442
vn -0.891 -0.033 -0.454
vn -0.821 -0.079 -0.566
vn -0.980 0.068 -0.185
vn -0.981 0.050 -0.187
vn -0.955 -0.016 -0.296
vn -0.956 0.007 -0.293
vn -0.886 -0.064 -0.459
vn -0.881 -0.095 -0.463
vn -0.728 -0.057 -0.684
vn -0.704 -0.138 -0.697
vn -0.520 -0.206 -0.829
vn -0.803 -0.151 -0.576
vn -0.834 -0.009 -0.552
vn -0.675 -0.220 -0.705
vn -0.272 -0.270 -0.924
vn -0.317 -0.179 -0.931
vn -0.557 -0.116 -0.822
vn -0.480 -0.293 -0.827
vn -0.226 -0.356 -0.907
vn -0.900 0.140 -0.412
vn -0.900 0.085 -0.428
vn -0.843 0.059 -0.535
vn -0.932 0.151 -0.330
vn -0.761 0.097 -0.642
vn -0.747 0.022 -0.665
vn -0.590 -0.027 -0.807
vn -0.848 0.123 -0.515
vn -0.617 0.060 -0.785
vn -0.360 -0.085 -0.929
vn -0.982 0.180 -0.061
vn -0.983 0.149 -0.110
vn -0.989 0.134 -0.064
vn -0.986 0.121 -0.112
vn -0.971 0.170 -0.171
vn -0.975 0.173 -0.136
vn -0.994 0.113 0.000
vn -0.994 0.085 -0.066
vn -0.993 0.097 -0.065
vn -0.982 0.032 -0.189
vn -0.979 0.176 -0.107
vn -0.400 0.010 -0.917
vn -0.718 0.696 0.000
vn -0.720 0.694 0.021
vn -0.720 0.693 -0.018
vn -0.872 0.301 -0.385
vn -0.926 0.303 -0.225
vn -0.945 0.197 -0.262
vn -0.718 0.695 0.034
vn -0.718 0.695 0.028
vn -0.718 0.696 0.000
vn -0.153 0.099 -0.983
vn 0.000 0.071 -0.998
vn -0.133 0.113 -0.985
vn -0.057 0.093 -0.994
vn -0.718 0.696 -0.001
vn -0.719 0.694 -0.037
vn -0.804 0.567 0.181
vn -0.821 0.532 0.208
vn -0.843 0.530 0.086
vn -0.742 0.665 0.086
vn -0.755 0.647 0.108
vn -0.765 0.644 0.002
vn -0.724 0.688 0.042
vn -0.732 0.678 0.064
vn -0.736 0.674 -0.057
vn -0.726 0.686 -0.036
vn -0.749 0.663 0.004
vn -0.770 0.624 0.132
vn -0.786 0.598 0.156
vn -0.806 0.592 -0.010
vn -0.784 0.621 -0.003
vn -0.766 0.634 -0.107
vn -0.784 0.605 -0.139
vn -0.795 0.583 0.168
vn -0.820 0.566 0.081
vn -0.829 0.559 -0.022
vn -0.802 0.570 -0.177
vn -0.820 0.528 -0.222
vn -0.849 0.503 -0.161
vn -0.853 0.521 -0.040
vn -0.927 0.301 0.224
vn -0.895 0.403 0.194
vn -0.865 0.402 0.301
vn -0.872 0.352 0.339
vn -0.838 0.492 0.236
vn -0.853 0.449 0.267
vn -0.891 0.446 0.087
vn -0.867 0.490 0.088
vn -0.876 0.477 -0.063
vn -0.898 0.429 -0.095
vn -0.921 0.389 -0.030
vn -0.913 0.398 0.082
vn -0.954 0.294 0.053
vn -0.954 0.279 -0.114
vn -0.945 0.195 0.262
vn -0.873 0.300 0.385
vn -0.863 0.246 0.442
vn -0.983 0.182 -0.027
vn -0.946 0.157 -0.284
vn -0.929 0.258 -0.265
vn -0.928 0.319 -0.193
vn -0.870 0.130 -0.475
vn -0.913 0.194 -0.358
vn -0.871 0.276 -0.407
vn -0.881 0.340 -0.329
vn -0.916 0.376 -0.137
vn -0.878 0.400 -0.263
vn -0.866 0.454 -0.207
vn -0.841 0.425 -0.336
vn -0.839 0.364 -0.405
vn -0.825 0.299 -0.480
vn -0.792 0.146 -0.592
vn -0.843 0.210 -0.495
vn -0.795 0.233 -0.560
vn -0.748 0.168 -0.642
vn -0.602 0.057 -0.796
vn -0.683 0.108 -0.722
vn -0.715 0.085 -0.694
vn -0.833 0.480 -0.275
vn -0.778 0.422 -0.466
vn -0.750 0.657 -0.080
vn -0.758 0.616 -0.214
vn -0.729 0.659 -0.183
vn -0.727 0.667 -0.162
vn -0.722 0.685 -0.098
vn -0.745 0.646 -0.165
vn -0.778 0.534 -0.330
vn -0.769 0.579 -0.270
vn -0.740 0.601 -0.302
vn -0.734 0.639 -0.229
vn -0.743 0.552 -0.379
vn -0.782 0.481 -0.396
vn -0.739 0.491 -0.461
vn -0.726 0.420 -0.544
vn -0.655 0.164 -0.737
vn -0.702 0.226 -0.675
vn -0.739 0.292 -0.607
vn -0.764 0.358 -0.537
vn -0.709 0.362 -0.605
vn -0.681 0.296 -0.670
vn -0.701 0.342 -0.626
vn -0.645 0.231 -0.729
vn -0.662 0.261 -0.702
vn -0.610 0.182 -0.771
vn -0.537 0.063 -0.841
vn -0.599 0.110 -0.793
vn -0.547 0.111 -0.830
vn -0.504 0.074 -0.860
vn -0.474 0.053 -0.879
vn -0.524 0.038 -0.851
vn -0.470 0.026 -0.882
vn -0.430 0.017 -0.903
vn -0.805 0.593 0.009
vn -0.829 0.560 0.021
vn -0.820 0.567 -0.082
vn -0.786 0.598 -0.157
vn -0.686 0.110 0.720
vn -0.539 0.064 0.840
vn -0.527 0.039 0.849
vn -0.473 0.027 0.881
vn -0.852 0.449 -0.268
vn -0.890 0.447 -0.089
vn -0.913 0.399 -0.084
vn -0.718 0.086 0.690
vn -0.872 0.131 0.471
vn -0.915 0.196 0.354
vn -0.934 0.349 -0.073
vn -0.954 0.295 -0.055
vn -0.872 0.353 -0.340
vn -0.983 0.183 0.025
vn -0.970 0.240 -0.025
vn -0.928 0.320 0.190
vn -0.930 0.259 0.262
vn -0.864 0.403 -0.302
vn -0.916 0.377 0.135
vn -0.844 0.212 0.492
vn -0.605 0.058 0.794
vn -0.795 0.147 0.589
vn -0.750 0.170 0.639
vn -0.872 0.277 0.404
vn -0.796 0.234 0.558
vn -0.882 0.341 0.326
vn -0.898 0.430 0.093
vn -0.878 0.401 0.260
vn -0.820 0.532 -0.209
vn -0.843 0.531 -0.087
vn -0.867 0.491 -0.089
vn -0.837 0.493 -0.237
vn -0.876 0.478 0.061
vn -0.853 0.521 0.038
vn -0.803 0.567 -0.182
vn -0.849 0.504 0.159
vn -0.866 0.455 0.205
vn -0.834 0.333 0.439
vn -0.826 0.301 0.477
vn -0.840 0.365 0.402
vn -0.842 0.396 0.367
vn -0.841 0.426 0.333
vn -0.828 0.547 0.122
vn -0.838 0.454 0.302
vn -0.834 0.480 0.273
vn -0.827 0.506 0.245
vn -0.820 0.529 0.220
vn -0.704 0.227 0.673
vn -0.602 0.111 0.791
vn -0.464 0.045 0.885
vn -0.432 0.018 0.901
vn -0.402 0.011 0.916
vn -0.657 0.166 0.735
vn -0.506 0.075 0.859
vn -0.557 0.120 0.822
vn -0.531 0.096 0.842
vn -0.604 0.173 0.778
vn -0.591 0.158 0.791
vn -0.765 0.359 0.534
vn -0.740 0.293 0.605
vn -0.724 0.260 0.639
vn -0.646 0.232 0.727
vn -0.644 0.228 0.731
vn -0.754 0.326 0.570
vn -0.782 0.453 0.428
vn -0.779 0.423 0.463
vn -0.685 0.303 0.662
vn -0.682 0.297 0.668
vn -0.710 0.364 0.603
vn -0.773 0.391 0.499
vn -0.782 0.482 0.394
vn -0.715 0.378 0.587
vn -0.729 0.429 0.533
vn -0.802 0.571 0.175
vn -0.779 0.535 0.328
vn -0.736 0.674 0.055
vn -0.750 0.657 0.078
vn -0.748 0.663 -0.006
vn -0.732 0.678 -0.065
vn -0.755 0.647 -0.109
vn -0.765 0.644 -0.003
vn -0.784 0.621 0.001
vn -0.769 0.625 -0.133
vn -0.784 0.606 0.137
vn -0.742 0.665 -0.087
vn -0.766 0.634 0.105
vn -0.720 0.694 -0.022
vn -0.720 0.693 0.017
vn -0.726 0.686 0.035
vn -0.724 0.688 -0.043
vn -0.734 0.668 0.117
vn -0.746 0.646 0.163
vn -0.758 0.617 0.213
vn -0.770 0.580 0.268
vn -0.734 0.450 0.509
vn -0.740 0.491 0.460
vn -0.742 0.514 0.430
vn -0.743 0.546 0.387
vn -0.743 0.569 0.353
vn -0.741 0.593 0.315
vn -0.739 0.613 0.280
vn -0.736 0.631 0.246
vn -0.721 0.688 0.083
vn -0.726 0.672 0.145
vn -0.730 0.660 0.181
vn -0.733 0.647 0.211
vn -0.718 0.695 0.023
vn -0.251 0.140 -0.958
vn -0.476 0.187 -0.859
vn -0.362 0.134 -0.923
vn -0.439 0.314 -0.842
vn -0.368 0.255 -0.894
vn -0.273 0.220 -0.937
vn -0.292 0.201 -0.935
vn -0.213 0.153 -0.965
vn -0.131 0.130 -0.983
vn -0.344 0.189 -0.920
vn -0.203 0.172 -0.964
vn -0.428 0.245 -0.870
vn -0.503 0.304 -0.810
vn -0.559 0.433 -0.707
vn -0.533 0.404 -0.744
vn -0.413 0.332 -0.848
vn -0.456 0.371 -0.809
vn -0.504 0.374 -0.779
vn -0.339 0.270 -0.901
vn -0.401 0.321 -0.858
vn -0.565 0.363 -0.741
vn -0.614 0.421 -0.667
vn -0.583 0.461 -0.669
vn -0.634 0.449 -0.629
vn -0.652 0.475 -0.591
vn -0.666 0.500 -0.553
vn -0.605 0.488 -0.629
vn -0.505 0.420 -0.754
vn -0.678 0.524 -0.515
vn -0.709 0.668 -0.224
vn -0.700 0.646 -0.303
vn -0.682 0.635 -0.363
vn -0.691 0.649 -0.319
vn -0.687 0.618 -0.383
vn -0.668 0.581 -0.465
vn -0.626 0.557 -0.546
vn -0.641 0.577 -0.506
vn -0.641 0.538 -0.548
vn -0.585 0.507 -0.633
vn -0.616 0.544 -0.570
vn -0.696 0.566 -0.441
vn -0.624 0.514 -0.589
vn -0.548 0.466 -0.695
vn -0.708 0.602 -0.369
vn -0.661 0.605 -0.443
vn -0.678 0.629 -0.380
vn -0.658 0.600 -0.455
vn -0.714 0.632 -0.301
vn -0.717 0.656 -0.236
vn -0.718 0.690 -0.086
vn -0.718 0.686 -0.115
vn -0.708 0.678 -0.199
vn -0.699 0.662 -0.272
vn -0.701 0.665 -0.258
vn -0.718 0.680 -0.144
vn -0.718 0.674 -0.174
vn -0.717 0.693 -0.082
vn -0.718 0.696 -0.024
vn -0.718 0.695 -0.029
vn -0.718 0.693 -0.057
vn -0.713 0.687 -0.140
vn -0.747 0.588 -0.309
vn -0.749 0.553 -0.365
vn -0.658 0.220 -0.720
vn -0.561 0.163 -0.811
vn -0.638 0.390 -0.663
vn -0.588 0.332 -0.738
vn -0.635 0.304 -0.710
vn -0.567 0.245 -0.787
vn -0.675 0.445 -0.589
vn -0.699 0.495 -0.515
vn -0.716 0.417 -0.561
vn -0.683 0.362 -0.634
vn -0.735 0.467 -0.491
vn -0.745 0.513 -0.426
vn -0.791 0.438 -0.428
vn -0.781 0.388 -0.490
vn -0.694 0.180 -0.697
vn -0.721 0.278 -0.635
vn -0.760 0.334 -0.558
vn -0.801 0.292 -0.523
vn -0.834 0.194 -0.516
vn -0.826 0.397 -0.401
vn -0.792 0.484 -0.373
vn -0.731 0.662 -0.164
vn -0.737 0.642 -0.209
vn -0.743 0.618 -0.258
vn -0.701 0.646 0.303
vn -0.673 0.622 0.400
vn -0.658 0.600 0.456
vn -0.682 0.635 0.364
vn -0.719 0.686 0.114
vn -0.712 0.685 0.151
vn -0.707 0.675 0.211
vn -0.718 0.693 0.057
vn -0.716 0.692 0.092
vn -0.709 0.668 0.224
vn -0.688 0.644 0.336
vn -0.699 0.661 0.273
vn -0.719 0.680 0.144
vn -0.719 0.673 0.174
vn -0.668 0.581 0.465
vn -0.631 0.563 0.534
vn -0.602 0.526 0.601
vn -0.687 0.617 0.383
vn -0.655 0.595 0.466
vn -0.718 0.655 0.236
vn -0.715 0.632 0.301
vn -0.678 0.600 0.424
vn -0.641 0.537 0.548
vn -0.565 0.483 0.668
vn -0.708 0.602 0.369
vn -0.655 0.560 0.507
vn -0.703 0.585 0.404
vn -0.697 0.566 0.441
vn -0.624 0.513 0.589
vn -0.522 0.436 0.734
vn -0.689 0.545 0.478
vn -0.605 0.487 0.630
vn -0.738 0.642 0.209
vn -0.726 0.677 0.120
vn -0.732 0.662 0.163
vn -0.748 0.588 0.309
vn -0.743 0.617 0.257
vn -0.749 0.571 0.337
vn -0.715 0.539 0.445
vn -0.679 0.523 0.515
vn -0.779 0.562 0.277
vn -0.749 0.553 0.365
vn -0.700 0.495 0.515
vn -0.667 0.500 0.553
vn -0.368 0.254 0.894
vn -0.285 0.227 0.931
vn -0.216 0.179 0.960
vn -0.504 0.373 0.779
vn -0.410 0.328 0.851
vn -0.350 0.277 0.895
vn -0.413 0.331 0.848
vn -0.559 0.432 0.708
vn -0.470 0.383 0.795
vn -0.533 0.403 0.744
vn -0.583 0.460 0.669
vn -0.652 0.474 0.591
vn -0.635 0.448 0.630
vn -0.440 0.313 0.842
vn -0.614 0.420 0.668
vn -0.565 0.362 0.741
vn -0.291 0.200 0.935
vn -0.144 0.136 0.980
vn -0.132 0.129 0.983
vn -0.502 0.302 0.810
vn -0.428 0.243 0.870
vn -0.212 0.152 0.965
vn -0.635 0.303 0.711
vn -0.684 0.361 0.634
vn -0.588 0.331 0.738
vn -0.746 0.512 0.426
vn -0.788 0.525 0.323
vn -0.675 0.444 0.589
vn -0.736 0.466 0.491
vn -0.638 0.389 0.664
vn -0.716 0.416 0.561
vn -0.791 0.437 0.428
vn -0.792 0.483 0.373
vn -0.782 0.387 0.490
vn -0.760 0.333 0.558
vn -0.343 0.188 0.920
vn -0.250 0.139 0.958
vn -0.475 0.186 0.860
vn -0.566 0.244 0.787
vn -0.153 0.098 0.983
vn -0.360 0.132 0.923
vn -0.657 0.219 0.721
vn -0.721 0.277 0.636
vn -0.560 0.162 0.813
vn -0.834 0.193 0.517
vn -0.094 0.103 0.990
vn -0.064 0.096 0.993
vn -0.129 0.120 0.984
vn -0.053 0.085 0.995
vn -0.718 0.696 -0.005
vn -0.718 0.696 -0.007
vn -0.719 0.695 -0.012
vn -0.719 0.695 -0.010
vn -0.719 0.695 -0.017
vn -0.720 0.694 -0.026
vn -0.719 0.695 -0.020
vn -0.718 0.696 -0.004
vn -0.719 0.695 0.016
vn -0.719 0.694 0.019
vn -0.719 0.695 0.011
vn -0.718 0.696 0.006
vn -0.718 0.695 0.008
vn -0.718 0.696 0.003
vn -0.718 0.696 0.001
vn -0.719 0.690 0.085
vn -0.720 0.693 0.038
vn -0.719 0.694 0.034
vn -0.720 0.693 0.040
vn -0.720 0.693 0.039
vn -0.720 0.693 0.039
vn -0.720 0.693 0.036
vn -0.720 0.693 0.037
vn -0.720 0.693 0.039
vn -0.720 0.693 0.032
vn -0.720 0.694 0.027
vn -0.720 0.693 0.031
vn -0.720 0.694 0.024
vn -0.718 0.696 0.003
vn -0.718 0.696 0.010
vn -0.718 0.695 0.015
vn -0.718 0.696 0.012
vn -0.719 0.695 0.029
vn -0.719 0.695 0.024
vn -0.719 0.694 0.031
vn -0.719 0.695 0.022
vn -0.719 0.695 -0.026
vn -0.719 0.695 -0.030
vn -0.719 0.694 -0.032
vn -0.718 0.695 -0.021
vn -0.718 0.696 -0.010
vn -0.718 0.696 -0.011
vn -0.718 0.696 -0.001
vn -0.718 0.696 -0.013
vn -0.720 0.693 -0.030
vn -0.720 0.693 -0.035
vn -0.720 0.693 -0.032
vn -0.720 0.693 -0.040
vn -0.720 0.693 -0.039
vn -0.720 0.693 -0.039
vn -0.720 0.693 -0.041
vn -0.720 0.693 -0.039
vn -0.720 0.693 -0.040
vn -0.719 0.694 -0.036
vn 0.000 0.070 0.998
vn -0.063 0.096 0.993
vn -0.400 0.010 -0.917
vn 1.000 0.000 0.000
vn 1.000 0.000 0.000
vn 1.000 0.000 0.000
vn 1.000 0.000 0.000
vn 0.000 0.000 -1.000
vn 0.000 0.000 -1.000
vn -0.487 0.000 -0.873
vn -0.487 0.000 -0.873
vn -0.851 0.000 -0.526
vn -0.851 0.000 -0.526
vn -0.999 0.000 -0.045
vn -0.999 0.000 -0.045
vn -0.894 0.000 0.447
vn -0.894 0.000 0.447
vn -0.563 0.000 0.826
vn -0.563 0.000 0.826
vn -0.090 0.000 0.996
vn -0.090 0.000 0.996
vn 0.407 0.000 0.914
vn 0.407 0.000 0.914
vn 0.800 0.000 0.600
vn 0.800 0.000 0.600
vn 0.991 0.000 0.134
vn 0.991 0.000 0.134
vn 0.931 0.000 -0.365
vn 0.931 0.000 -0.365
vn 0.635 0.000 -0.772
vn 0.635 0.000 -0.772
vn -1.000 0.000 0.000
vn -1.000 0.000 0.000
vn -1.000 0.000 0.000
vn -1.000 0.000 0.000
vn 0.000 1.000 0.000
vn 0.000 1.000 0.000
vn 0.000 1.000 0.000
vn 0.000 1.000 0.000
vn 0.000 1.000 0.000
vn 0.000 1.000 0.000
vn 0.000 1.000 0.000
vn 0.000 1.000 0.000
vn 0.000 1.000 0.000
vn 0.000 1.000 0.000
vn 0.000 1.000 0.000
vn 0.000 1.000 0.000
vn 0.000 1.000 0.000
vn 0.000 1.000 0.000
vn 0.000 1.000 0.000
vn 0.000 1.000 0.000
vn 0.000 1.000 0.000
vn 0.000 1.000 0.000
vn 0.000 1.000 0.000
vn 0.000 1.000 0.000
vn 0.000 1.000 0.000
vn 0.000 1.000 0.000
vn 0.000 1.000 0.000
vn 0.000 1.000 0.000
vn 0.000 1.000 0.000
vn 0.000 1.000 0.000
vn 0.000 1.000 0.000
vn 0.000 1.000 0.000
vn 0.000 1.000 0.000
vn 0.000 1.000 0.000
vn 0.000 1.000 0.000
vn 0.000 1.000 0.000
vn 0.000 1.000 0.000
vn 0.000 1.000 0.000
vn 0.000 1.000 0.000
vn 0.000 1.000 0.000
vn 0.000 1.000 0.000
vn 0.000 1.000 0.000
vn 0.000 1.000 0.000
vn 0.000 1.000 0.000
vn 0.000 1.000 0.000
vn 0.000 1.000 0.000
vn 0.000 1.000 0.000
vn 0.000 1.000 0.000
vn 0.000 1.000 0.000
vn 0.000 1.000 0.000
vn 0.000 1.000 0.000
vn 0.000 1.000 0.000
vn 0.000 1.000 0.000
vn 0.000 1.000 0.000
vn 0.000 1.000 0.000
vn 0.000 1.000 0.000
vn 0.000 1.000 0.000
vn 0.000 1.000 0.000
vn 0.000 1.000 0.000
vn 0.000 1.000 0.000
vn 0.000 1.000 0.000
vn 0.000 1.000 0.000
vn 0.000 1.000 0.000
vn 0.000 1.000 0.000
vn 0.000 1.000 0.000
vn 0.000 1.000 0.000
vn 0.000 1.000 0.000
vn 0.000 1.000 0.000
vn 0.000 1.000 0.000
vn 0.000 1.000 0.000
vn 0.000 1.000 0.000
vn 0.000 1.000 0.000
vn 0.000 1.000 0.000
vn 0.000 1.000 0.000
vn 0.000 1.000 0.000
vn 0.000 1.000 0.000
vn 0.000 1.000 0.000
vn 0.000 1.000 0.000
vn 0.000 1.000 0.000
vn 0.000 1.000 0.000
vn 0.000 1.000 0.000
vn 0.000 1.000 0.000
vn 0.000 1.000 0.000
vn 0.000 1.000 0.000
vn 0.000 1.000 0.000
vn 0.000 1.000 0.000
vn 0.000 1.000 0.000
vn 0.000 1.000 0.000
vn 0.000 1.000 0.000
vn 0.000 1.000 0.000
vn 0.000 1.000 0.000
vn 0.000 1.000 0.000
vn 0.000 1.000 0.000
vn 0.000 1.000 0.000
vn 0.000 1.000 0.000
vn 0.000 1.000 0.000
vn 0.000 1.000 0.000
vn 0.000 1.000 0.000
vn 0.000 1.000 0.000
vn 0.000 1.000 0.000
vn 0.000 1.000 0.000
vn 0.000 1.000 0.000
vn 0.000 1.000 0.000
vn 0.000 1.000 0.000
vn 0.000 1.000 0.000
vn 0.000 1.000 0.000
vn 0.000 1.000 0.000
vn 0.000 1.000 0.000
vn 0.000 1.000 0.000
vn 0.000 1.000 0.000
vn 0.000 1.000 0.000
vn 0.000 1.000 0.000
vn 0.000 1.000 0.000
vn 0.000 1.000 0.000
vn 0.000 1.000 0.000
vn 0.000 1.000 0.000
vn 0.000 1.000 0.000
vn 0.000 1.000 0.000
vn 0.000 1.000 0.000
vn 0.000 1.000 0.000
vn 0.000 1.000 0.000
vn 0.000 1.000 0.000
vn 0.000 1.000 0.000
vn 0.000 1.000 0.000
vn 0.000 1.000 0.000
vn 0.000 1.000 0.000
vn 0.000 1.000 0.000
vn 0.000 1.000 0.000
vn 0.000 1.000 0.000
vn 0.000 1.000 0.000
vn 0.000 1.000 0.000
vn 0.000 1.000 0.000
vn 0.000 1.000 0.000
vn 0.000 1.000 0.000
vn 0.000 1.000 0.000
vn 0.000 1.000 0.000
vn 0.000 1.000 0.000
vn 0.000 1.000 0.000
vn 0.000 1.000 0.000
vn 0.000 1.000 0.000
vn 0.000 1.000 0.000
vn 0.000 1.000 0.000
vn 0.000 1.000 0.000
vn 0.000 1.000 0.000
vn 0.000 1.000 0.000
vn 0.000 1.000 0.000
vn 0.000 1.000 0.000
vn 0.000 1.000 0.000
vn 0.000 1.000 0.000
vn 0.000 1.000 0.000
vn 0.000 1.000 0.000
vn 0.000 1.000 0.000
vn 0.000 1.000 0.000
vn 0.000 1.000 0.000
vn 0.000 1.000 0.000
vn 0.000 1.000 0.000
vn 0.000 1.000 0.000
vn 0.000 1.000 0.000
vn 0.000 1.000 0.000
vn 0.000 1.000 0.000
vn 0.000 1.000 0.000
vn 0.000 1.000 0.000
vn 0.000 1.000 0.000
vn 0.000 1.000 0.000
vn 0.000 1.000 0.000
vn 0.000 1.000 0.000
vn 0.000 1.000 0.000
vn 0.000 1.000 0.000
vn 0.000 1.000 0.000
vn 0.000 1.000 0.000
vn 0.000 1.000 0.000
vn 0.000 1.000 0.000
vn 0.000 1.000 0.000
vn 0.000 1.000 0.000
vn 0.000 1.000 0.000
vn 0.000 1.000 0.000
vn 0.000 1.000 0.000
vn 0.000 1.000 0.000
vn 0.000 1.000 0.000
vn 0.000 1.000 0.000
vn 0.000 1.000 0.000
vn 0.000 1.000 0.000
vn 0.000 1.000 0.000
vn 0.000 1.000 0.000
vn 0.000 1.000 0.000
vn 0.000 1.000 0.000
vn 0.000 1.000 0.000
vn 0.000 1.000 0.000
vn 0.000 1.000 0.000
vn 0.000 1.000 0.000
vn 0.000 1.000 0.000
vn 0.000 1.000 0.000
vn 0.000 1.000 0.000
vn 0.000 1.000 0.000
vn 0.000 1.000 0.000
vn 0.000 1.000 0.000
vn 0.000 1.000 0.000
vn 0.000 1.000 0.000
vn 0.000 1.000 0.000
vn 0.000 1.000 0.000
vn 0.000 1.000 0.000
vn 0.000 1.000 0.000
vn 0.000 1.000 0.000
vn 0.000 1.000 0.000
vn 0.000 1.000 0.000
vn 0.000 1.000 0.000
vn 0.000 1.000 0.000
vn 0.000 1.000 0.000
vn 0.000 1.000 0.000
vn 0.000 1.000 0.000
vn 0.000 1.000 0.000
vn 0.000 1.000 0.000
vn 0.000 1.000 0.000
vn 0.000 1.000 0.000
vn 0.000 1.000 0.000
vn 0.000 1.000 0.000
vn 0.000 1.000 0.000
vn 0.000 1.000 0.000
vn 0.000 1.000 0.000
vn 0.000 1.000 0.000
vn 0.000 1.000 0.000
vn 0.000 1.000 0.000
vn 0.000 1.000 0.000
vn 0.000 1.000 0.000
vn 0.000 1.000 0.000
vn 0.000 1.000 0.000
vn 0.000 1.000 0.000
vn 0.000 1.000 0.000
vn 0.000 1.000 0.000
vn 0.000 1.000 0.000
vn 0.000 1.000 0.000
vn 0.000 1.000 0.000
vn 0.000 1.000 0.000
vn 0.000 1.000 0.000
vn 0.000 1.000 0.000
vn 0.000 1.000 0.000
vn 0.000 1.000 0.000
vn 0.000 1.000 0.000
vn 0.000 1.000 0.000
vn 0.000 1.000 0.000
vn 0.000 1.000 0.000
vn 0.000 1.000 0.000
vn 0.000 1.000 0.000
vn 0.000 1.000 0.000
vn 0.000 1.000 0.000
vn 0.000 1.000 0.000
vn 0.000 1.000 0.000
vn 0.000 1.000 0.000
vn 0.000 1.000 0.000
vn 0.000 1.000 0.000
vn 0.000 1.000 0.000
vn 0.000 1.000 0.000
vn 0.000 1.000 0.000
vn 0.000 1.000 0.000
vn 0.000 1.000 0.000
vn 0.000 1.000 0.000
vn 0.000 1.000 0.000
vn 0.000 1.000 0.000
vn 0.000 1.000 0.000
vn 0.000 1.000 0.000
vn 0.000 1.000 0.000
vn 0.000 1.000 0.000
vn 0.000 1.000 0.000
vn 0.000 1.000 0.000
vn 0.000 1.000 0.000
vn 0.000 1.000 0.000
vn 0.000 1.000 0.000
vn 0.000 1.000 0.000
vn 0.000 1.000 0.000
vn 0.000 1.000 0.000
vn 0.000 1.000 0.000
vn 0.000 1.000 0.000
vn 0.000 1.000 0.000
vn 0.000 1.000 0.000
vn 0.000 1.000 0.000
vn 0.000 1.000 0.000
vn 0.000 1.000 0.000
vn 0.000 1.000 0.000
vn 0.000 1.000 0.000
vn 0.000 1.000 0.000
vn 0.000 1.000 0.000
vn 0.000 1.000 0.000
vn 0.000 1.000 0.000
vn 0.000 1.000 0.000
vn 0.000 1.000 0.000
vn 0.000 1.000 0.000
vn 0.000 1.000 0.000
vn 0.000 1.000 0.000
vn 0.000 1.000 0.000
vn 0.000 1.000 0.000
vn 0.000 1.000 0.000
vn 0.000 1.000 0.000
vn 0.000 1.000 0.000
vn 0.000 1.000 0.000
vn 0.000 1.000 0.000
vn 0.000 1.000 0.000
vn 0.000 1.000 0.000
vn 0.000 1.000 0.000
vn 0.000 -1.000 0.000
vn 0.000 -1.000 0.000
vn 0.000 -1.000 0.000
vn 0.000 -1.000 0.000
vn 0.000 -1.000 0.000
vn 0.000 -1.000 0.000
vn 0.000 -1.000 0.000
vn 0.000 -1.000 0.000
vn 0.000 -1.000 0.000
vn 0.000 -1.000 0.000
vn 0.000 -1.000 0.000
vn 0.000 -1.000 0.000
vn 0.000 -1.000 0.000
vn 0.000 -1.000 0.000
vn 0.000 -1.000 0.000
vn 0.000 -1.000 0.000
vn 0.000 -1.000 0.000
vn 0.000 -1.000 0.000
vn 0.000 -1.000 0.000
vn 0.000 -1.000 0.000
vn 0.000 -1.000 0.000
vn 0.000 -1.000 0.000
vn 0.000 -1.000 0.000
vn 0.000 -1.000 0.000
vn 0.000 -1.000 0.000
vn 0.000 -1.000 0.000
vn 0.000 -1.000 0.000
vn 0.500 0.000 -0.866
vn 0.000 0.000 -1.000
vn 0.000 0.000 -1.000
vn 0.866 0.000 -0.500
vn 0.500 0.000 -0.866
vn 1.000 0.000 0.000
vn 0.866 0.000 -0.500
vn 0.866 0.000 0.500
vn 1.000 0.000 0.000
vn 0.500 0.000 0.866
vn 0.866 0.000 0.500
vn 0.000 0.000 1.000
vn 0.500 0.000 0.866
vn -0.500 0.000 0.866
vn 0.000 0.000 1.000
vn -0.866 0.000 0.500
vn -0.500 0.000 0.866
vn -1.000 0.000 0.000
vn -0.866 0.000 0.500
vn -0.866 0.000 -0.500
vn -1.000 0.000 0.000
vn -0.500 0.000 -0.866
vn -0.866 0.000 -0.500
vn -0.500 0.000 -0.866
vt 0.0000 0.0605 0
vt -0.0960 0.0667 0
vt -0.0669 0.0670 0
vt -0.3099 0.0645 0
vt 5.8355 0.0632 0
vt -0.0934 0.0595 0
vt -0.3073 0.0573 0
vt -0.0647 0.0598 0
vt 5.8354 0.0559 0
vt -0.6863 0.0610 0
vt -0.5242 0.0624 0
vt -0.8887 0.0595 0
vt -0.5215 0.0553 0
vt -0.6836 0.0538 0
vt -0.8861 0.0523 0
vt -0.9868 0.0517 0
vt -1.2197 0.0578 0
vt -1.1784 0.0579 0
vt 4.9377 0.0574 0
vt -1.1763 0.0507 0
vt -1.2181 0.0506 0
vt 4.9377 0.0502 0
vt -0.9891 0.0589 0
vt 4.8187 0.0572 0
vt 4.8827 0.0573 0
vt -1.3991 0.0501 0
vt -1.6433 0.0571 0
vt -1.4634 0.0500 0
vt -1.6425 0.0499 0
vt -1.7031 0.0500 0
vt 4.4871 0.0502 0
vt 4.4871 0.0574 0
vt -1.7036 0.0572 0
vt -1.9689 0.0507 0
vt -2.1492 0.0516 0
vt -1.8810 0.0576 0
vt -1.8808 0.0504 0
vt -2.2651 0.0524 0
vt -1.9689 0.0579 0
vt -2.1490 0.0588 0
vt -2.2649 0.0596 0
vt -2.5531 0.0546 0
vt 3.5894 0.0559 0
vt -2.4535 0.0538 0
vt 3.5894 0.0631 0
vt -2.5518 0.0618 0
vt -2.4533 0.0610 0
vt 3.1417 0.0605 0
vt 3.5305 0.0637 0
vt -2.7539 0.0565 0
vt -2.9537 0.0585 0
vt -3.0005 0.0590 0
vt 3.1417 0.0677 0
vt -2.9990 0.0662 0
vt 3.3306 0.0657 0
vt 2.6934 0.0649 0
vt -3.2141 0.0684 0
vt 2.6934 0.0721 0
vt 2.8532 0.0706 0
vt -3.2155 0.0612 0
vt -3.4314 0.0634 0
vt -3.6235 0.0724 0
vt -3.9614 0.0679 0
vt 2.2456 0.0684 0
vt 2.3237 0.0751 0
vt 2.4514 0.0742 0
vt 2.2456 0.0756 0
vt -3.8337 0.0670 0
vt -3.6254 0.0652 0
vt 1.8905 0.0773 0
vt 2.0783 0.0765 0
vt -4.4500 0.0702 0
vt 1.7956 0.0703 0
vt 1.8338 0.0774 0
vt 1.7956 0.0775 0
vt -4.3938 0.0701 0
vt -4.1564 0.0763 0
vt -4.1583 0.0691 0
vt -4.2062 0.0693 0
vt -4.7226 0.0706 0
vt -4.9054 0.0704 0
vt 1.3463 0.0775 0
vt 1.3777 0.0776 0
vt 1.5608 0.0777 0
vt -4.6336 0.0777 0
vt -4.6340 0.0705 0
vt 0.8961 0.0756 0
vt -5.1639 0.0696 0
vt -5.2729 0.0691 0
vt -4.9817 0.0702 0
vt 1.0094 0.0763 0
vt 1.1186 0.0768 0
vt -4.9821 0.0774 0
vt 1.3463 0.0703 0
vt -5.8078 0.0724 0
vt -5.6142 0.0740 0
vt 0.8961 0.0684 0
vt -5.4587 0.0680 0
vt -5.4596 0.0752 0
vt -5.6136 0.0668 0
vt 0.0000 0.0677 0
vt -6.0774 0.0698 0
vt -5.8072 0.0652 0
vt -5.8704 0.0646 0
vt -5.8708 0.0718 0
vt -6.0772 0.0626 0
vt 0.2375 0.4789 0
vt 0.1720 0.4789 0
vt 0.2047 0.5108 0
vt 0.1720 0.5108 0
vt 0.3685 0.5108 0
vt 0.3685 0.3831 0
vt 0.3357 0.3831 0
vt 0.4339 0.2554 0
vt 0.4012 0.2554 0
vt 0.4012 0.3831 0
vt 0.4339 0.5108 0
vt 0.4012 0.5108 0
vt 0.3685 0.2554 0
vt 0.3030 0.5108 0
vt 0.3030 0.3831 0
vt 0.2866 0.3831 0
vt 0.3357 0.5108 0
vt 0.3357 0.2554 0
vt 0.3030 0.2554 0
vt 0.2702 0.5108 0
vt 0.2702 0.3831 0
vt 0.2538 0.3831 0
vt 0.2702 0.2554 0
vt 0.2866 0.5108 0
vt 0.2538 0.2554 0
vt 0.2538 0.5108 0
vt 0.2375 0.4470 0
vt 0.2375 0.3831 0
vt 0.2375 0.2554 0
vt 0.2375 0.3193 0
vt 0.2047 0.3193 0
vt 0.0737 0.5108 0
vt 0.1065 0.5108 0
vt 0.1065 0.4789 0
vt 0.0737 0.4470 0
vt 0.2047 0.3831 0
vt 0.1392 0.5108 0
vt 0.2047 0.4470 0
vt 0.1720 0.4470 0
vt 0.1392 0.4470 0
vt 0.1065 0.4470 0
vt 0.1720 0.3831 0
vt 0.1392 0.3831 0
vt 0.1065 0.3831 0
vt 0.0737 0.3831 0
vt 0.0410 0.3831 0
vt 0.0410 0.4150 0
vt 0.0737 0.3193 0
vt 0.2047 0.2554 0
vt 0.1720 0.3193 0
vt 0.1392 0.3193 0
vt 0.1065 0.3193 0
vt 0.1392 0.2554 0
vt 0.1720 0.2554 0
vt 0.1065 0.2554 0
vt 0.0737 0.2554 0
vt 0.0410 0.3193 0
vt 0.0410 0.2554 0
vt 0.2375 0.1277 0
vt 0.2047 0.1277 0
vt 0.3685 0.1277 0
vt 0.3357 0.1277 0
vt 0.3030 0.1277 0
vt 0.2702 0.1277 0
vt 0.0410 0.1916 0
vt 0.1392 0.1277 0
vt 0.1720 0.1277 0
vt 0.1065 0.1277 0
vt 0.1065 0.1916 0
vt 0.0737 0.1277 0
vt 0.0410 0.1277 0
vt 0.7450 0.3831 0
vt 0.7450 0.5108 0
vt 0.7614 0.4470 0
vt 0.7614 0.5108 0
vt 0.8597 0.5108 0
vt 0.8924 0.5108 0
vt 0.8924 0.4470 0
vt 0.9251 0.4470 0
vt 0.9251 0.5108 0
vt 0.9579 0.4789 0
vt 0.9570 0.5116 0
vt 0.9251 0.3831 0
vt 0.9579 0.4150 0
vt 0.9579 0.4470 0
vt 0.9579 0.3193 0
vt 0.9251 0.3193 0
vt 0.9579 0.2554 0
vt 0.9251 0.2554 0
vt 0.8924 0.3193 0
vt 0.8924 0.3831 0
vt 0.8924 0.2554 0
vt 0.8597 0.3831 0
vt 0.7942 0.5108 0
vt 0.8269 0.5108 0
vt 0.8269 0.4470 0
vt 0.8597 0.4470 0
vt 0.7942 0.4470 0
vt 0.8269 0.3831 0
vt 0.7942 0.3831 0
vt 0.8269 0.3193 0
vt 0.8597 0.2554 0
vt 0.8597 0.3193 0
vt 0.8269 0.2554 0
vt 0.7614 0.2554 0
vt 0.7614 0.3831 0
vt 0.7942 0.3193 0
vt 0.8597 0.1277 0
vt 0.8924 0.1916 0
vt 0.9579 0.1916 0
vt 0.9579 0.1277 0
vt 0.9251 0.1277 0
vt 0.8269 0.1277 0
vt 0.7942 0.1277 0
vt 0.7942 0.2554 0
vt 0.7287 0.2554 0
vt 0.7614 0.1277 0
vt 0.5977 0.2554 0
vt 0.5977 0.5108 0
vt 0.6304 0.3831 0
vt 0.6304 0.5108 0
vt 0.6632 0.5108 0
vt 0.6959 0.5108 0
vt 0.6959 0.3831 0
vt 0.7123 0.5108 0
vt 0.7287 0.3831 0
vt 0.7287 0.5108 0
vt 0.6632 0.3831 0
vt 0.6959 0.2554 0
vt 0.6632 0.2554 0
vt 0.5649 0.5108 0
vt 0.6304 0.2554 0
vt 0.6304 0.1277 0
vt 0.6959 0.1277 0
vt 0.7287 0.1277 0
vt 0.6632 0.1277 0
vt 0.9251 0.8939 0
vt 0.9579 0.8939 0
vt 0.9579 0.7662 0
vt 0.9251 0.7662 0
vt 0.8924 0.7662 0
vt 0.8924 0.8301 0
vt 0.8597 0.8301 0
vt 0.8597 0.8939 0
vt 0.8924 0.8939 0
vt 0.8269 0.8939 0
vt 0.8269 0.9578 0
vt 0.8597 0.9578 0
vt 0.7942 0.8939 0
vt 0.7942 0.9578 0
vt 0.7614 0.8939 0
vt 0.7614 0.9578 0
vt 0.7942 0.8301 0
vt 0.8269 0.8301 0
vt 0.8597 0.7662 0
vt 0.8269 0.7662 0
vt 0.7614 0.8301 0
vt 0.7942 0.7662 0
vt 0.7614 0.7662 0
vt 0.7450 0.7662 0
vt 0.7450 0.8939 0
vt 0.7287 0.7662 0
vt 0.7287 0.8939 0
vt 0.7123 0.7662 0
vt 0.7123 0.8939 0
vt 0.6959 0.7662 0
vt 0.6959 0.8939 0
vt 0.7450 0.6385 0
vt 0.7614 0.7024 0
vt 0.8924 0.7024 0
vt 0.9251 0.7024 0
vt 0.9251 0.6385 0
vt 0.8269 0.7024 0
vt 0.8597 0.7024 0
vt 0.8924 0.6385 0
vt 0.8597 0.6385 0
vt 0.7942 0.7024 0
vt 0.8269 0.6385 0
vt 0.7942 0.6385 0
vt 0.8924 0.5747 0
vt 0.9251 0.5747 0
vt 0.8597 0.5747 0
vt 0.8269 0.5747 0
vt 0.7614 0.6385 0
vt 0.7942 0.5747 0
vt 0.7614 0.5747 0
vt 0.6304 0.6385 0
vt 0.5977 0.6385 0
vt 0.6141 0.7662 0
vt 0.5977 0.7662 0
vt 0.6795 0.7662 0
vt 0.6959 0.6385 0
vt 0.6632 0.6385 0
vt 0.6632 0.7662 0
vt 0.7287 0.6385 0
vt 0.7123 0.6385 0
vt 0.6468 0.7662 0
vt 0.6304 0.7662 0
vt 0.5649 0.7662 0
vt 0.5813 0.7662 0
vt 0.3193 0.7662 0
vt 0.3030 0.7662 0
vt 0.3030 0.8939 0
vt 0.2866 0.7662 0
vt 0.2866 0.8939 0
vt 0.2702 0.7662 0
vt 0.2702 0.8939 0
vt 0.2538 0.7662 0
vt 0.2538 0.8939 0
vt 0.2375 0.7662 0
vt 0.2375 0.8301 0
vt 0.3357 0.7024 0
vt 0.3357 0.7662 0
vt 0.3521 0.7662 0
vt 0.3685 0.6385 0
vt 0.3357 0.6385 0
vt 0.3685 0.7662 0
vt 0.4012 0.6385 0
vt 0.4012 0.7662 0
vt 0.4176 0.7662 0
vt 0.4339 0.6385 0
vt 0.3848 0.7662 0
vt 0.2702 0.7024 0
vt 0.3030 0.7024 0
vt 0.3030 0.6385 0
vt 0.2375 0.7024 0
vt 0.2702 0.6385 0
vt 0.2375 0.6385 0
vt 0.3030 0.5747 0
vt 0.2702 0.5747 0
vt 0.2375 0.5747 0
vt 0.2375 0.5108 0
vt 0.2047 0.7024 0
vt 0.2047 0.8301 0
vt 0.2047 0.8939 0
vt 0.2375 0.8939 0
vt 0.2047 0.9578 0
vt 0.1720 0.8939 0
vt 0.1720 0.9578 0
vt 0.1392 0.8939 0
vt 0.1392 0.9578 0
vt 0.1720 0.8301 0
vt 0.1392 0.8301 0
vt 0.2047 0.7662 0
vt 0.1720 0.7662 0
vt 0.1065 0.8301 0
vt 0.1065 0.8939 0
vt 0.1392 0.7662 0
vt 0.1065 0.7662 0
vt 0.0737 0.7662 0
vt 0.0737 0.8939 0
vt 0.0410 0.7662 0
vt 0.1065 0.7024 0
vt 0.0737 0.7024 0
vt 0.2047 0.5747 0
vt 0.1720 0.7024 0
vt 0.1392 0.7024 0
vt 0.2047 0.6385 0
vt 0.1720 0.6385 0
vt 0.1392 0.6385 0
vt 0.1065 0.6385 0
vt 0.1720 0.5747 0
vt 0.1392 0.5747 0
vt 0.1065 0.5747 0
vt 0.0737 0.5747 0
vt 0.0737 0.6385 0
vt 0.5158 0.7662 0
vt 0.5074 0.6067 0
vt 0.5006 0.6078 0
vt 0.4994 0.7662 0
vt 0.5322 0.7662 0
vt 0.5101 0.6056 0
vt 0.5085 0.6063 0
vt 0.5166 0.6018 0
vt 0.5259 0.5918 0
vt 0.5238 0.5946 0
vt 0.5300 0.5848 0
vt 0.5202 0.5986 0
vt 0.5342 0.5747 0
vt 0.4667 0.7662 0
vt 0.4766 0.5945 0
vt 0.4744 0.5915 0
vt 0.4819 0.6002 0
vt 0.4804 0.5988 0
vt 0.4884 0.6048 0
vt 0.4709 0.5858 0
vt 0.4918 0.6063 0
vt 0.4905 0.6057 0
vt 0.4831 0.7662 0
vt 0.4972 0.6076 0
vt 0.4613 0.5453 0
vt 0.4614 0.5362 0
vt 0.4615 0.5501 0
vt 0.4617 0.5331 0
vt 0.4637 0.5205 0
vt 0.4633 0.5637 0
vt 0.4503 0.7662 0
vt 0.4663 0.5750 0
vt 0.4657 0.5730 0
vt 0.4339 0.7662 0
vt 0.4672 0.5088 0
vt 0.4667 0.2554 0
vt 0.4646 0.5169 0
vt 0.4949 0.4795 0
vt 0.4973 0.4791 0
vt 0.4912 0.4806 0
vt 0.4846 0.4842 0
vt 0.4880 0.4821 0
vt 0.4695 0.5034 0
vt 0.4746 0.4945 0
vt 0.4783 0.4899 0
vt 0.5322 0.2554 0
vt 0.5223 0.4901 0
vt 0.5255 0.4941 0
vt 0.5092 0.4806 0
vt 0.5141 0.4831 0
vt 0.5046 0.4793 0
vt 0.5071 0.4799 0
vt 0.5157 0.4841 0
vt 0.4994 0.2554 0
vt 0.5649 0.2554 0
vt 0.5311 0.5037 0
vt 0.5486 0.7662 0
vt 0.5353 0.5711 0
vt 0.5380 0.5586 0
vt 0.5391 0.5393 0
vt 0.5392 0.5412 0
vt 0.5378 0.5256 0
vt 0.5392 0.5454 0
vt 0.5346 0.5126 0
vt 0.5359 0.5170 0
vt 0.0737 1.0042 0
vt 0.0420 0.9429 0
vt 0.0410 0.8939 0
vt 0.0942 1.0049 0
vt 0.1065 1.0054 0
vt 0.1239 1.0061 0
vt 0.1392 1.0067 0
vt 0.1519 1.0072 0
vt 0.1682 1.0079 0
vt 0.1942 1.0090 0
vt 0.2375 0.9578 0
vt 0.2047 1.0095 0
vt 0.2189 1.0100 0
vt 0.2424 1.0110 0
vt 0.2652 1.0118 0
vt 0.2794 1.0123 0
vt 0.3193 0.8939 0
vt 0.3009 1.0130 0
vt 0.3357 1.0139 0
vt 0.3420 1.0140 0
vt 0.3521 1.0142 0
vt 0.3619 1.0144 0
vt 0.3684 1.0145 0
vt 0.3763 1.0146 0
vt 0.3848 1.0148 0
vt 0.3957 1.0149 0
vt 0.4146 1.0151 0
vt 0.4333 1.0153 0
vt 0.4518 1.0154 0
vt 0.4639 1.0155 0
vt 0.4825 1.0155 0
vt 0.5009 1.0155 0
vt 0.5192 1.0155 0
vt 0.5376 1.0155 0
vt 0.5475 1.0154 0
vt 0.5663 1.0153 0
vt 0.5851 1.0151 0
vt 0.6040 1.0149 0
vt 0.6141 1.0148 0
vt 0.6233 1.0147 0
vt 0.6324 1.0145 0
vt 0.6468 1.0142 0
vt 0.6524 1.0141 0
vt 0.6632 1.0139 0
vt 0.6728 1.0137 0
vt 0.6795 1.0135 0
vt 0.6936 1.0131 0
vt 0.7149 1.0125 0
vt 0.7248 1.0122 0
vt 0.7474 1.0114 0
vt 0.7708 1.0105 0
vt 0.7950 1.0095 0
vt 0.8203 1.0084 0
vt 0.8338 1.0078 0
vt 0.8612 1.0067 0
vt 0.8899 1.0055 0
vt 0.9202 1.0044 0
vt 0.9526 1.0034 0
vt 0.9715 1.0029 0
vt 0.9629 0.8242 0
vt 0.9564 0.7136 0
vt 0.9523 0.6232 0
vt 0.9535 0.5452 0
vt 0.9521 0.5749 0
vt 0.9557 0.5213 0
vt 0.9633 0.4795 0
vt 0.9683 0.4631 0
vt 0.9938 0.4152 0
vt 0.9992 0.4063 0
vt 1.0149 0.3760 0
vt 1.0229 0.3181 0
vt 0.9579 0.3831 0
vt 1.0215 0.2789 0
vt 1.0154 0.1915 0
vt 1.0141 0.1754 0
vt 1.0121 0.1512 0
vt 0.9579 0.0639 0
vt 1.0090 0.1131 0
vt 1.0040 0.0509 0
vt 0.9539 0.0018 0
vt 1.0020 0.0254 0
vt 0.9127 0.0037 0
vt 0.8924 0.0049 0
vt 0.8924 0.1277 0
vt 0.8730 0.0062 0
vt 0.8540 0.0076 0
vt 0.8269 0.0098 0
vt 0.8170 0.0107 0
vt 0.7942 0.0127 0
vt 0.7813 0.0139 0
vt 0.7614 0.0158 0
vt 0.7465 0.0172 0
vt 0.7287 0.0188 0
vt 0.7126 0.0203 0
vt 0.6879 0.0223 0
vt 0.6556 0.0247 0
vt 0.6240 0.0267 0
vt 0.5977 0.1277 0
vt 0.5619 0.0293 0
vt 0.5285 0.0300 0
vt 0.4967 0.0302 0
vt 0.4648 0.0299 0
vt 0.4324 0.0291 0
vt 0.4101 0.0283 0
vt 0.4012 0.0280 0
vt 0.3778 0.0268 0
vt 0.3451 0.0248 0
vt 0.3116 0.0222 0
vt 0.3061 0.0218 0
vt 0.2727 0.0189 0
vt 0.2384 0.0157 0
vt 0.2030 0.0124 0
vt 0.1662 0.0092 0
vt 0.1392 0.0071 0
vt 0.1601 0.0087 0
vt 0.1223 0.0059 0
vt 0.0833 0.0035 0
vt 0.0427 0.0016 0
vt -0.0041 0.0510 0
vt -0.0015 0.0200 0
vt -0.0091 0.1130 0
vt 0.0000 0.0003 0
vt -0.0104 0.1282 0
vt -0.0143 0.1754 0
vt -0.0156 0.1915 0
vt -0.0209 0.2640 0
vt -0.0234 0.3356 0
vt -0.0103 0.3832 0
vt 0.0152 0.4281 0
vt 0.0367 0.4795 0
vt 0.0410 0.4789 0
vt 0.0410 0.4470 0
vt 0.0395 0.4914 0
vt 0.0430 0.5112 0
vt 0.0473 0.6387 0
vt 0.0419 0.7437 0
vt 0.0311 0.9421 0
vt 0.0336 0.8896 0
vt 0.0475 0.5608 0
vt 0.5929 0.0282 0
vt 1.0000 0.0003 0
vt 0.3218 1.0135 0
vt 0.2375 1.0108 0
vt 0.0626 1.0038 0
vt 0.0285 1.0028 0
vt 0.1990 0.5001 0
vt 0.4699 0.5001 0
vt 0.4699 0.3722 0
vt 0.1990 0.2443 0
vt 0.4699 0.2443 0
vt 0.4699 0.1804 0
vt 0.1990 0.3722 0
vt 0.4699 0.3083 0
vt 0.1990 0.3083 0
vt 0.1990 0.1164 0
vt 0.4699 0.1164 0
vt 0.4699 0.0525 0
vt 0.1990 0.1804 0
vt 0.7409 0.5001 0
vt 0.7409 0.3722 0
vt 0.7409 0.3083 0
vt 0.7409 0.2443 0
vt 0.7409 0.1804 0
vt 0.7409 0.1164 0
vt 0.7409 0.0525 0
vt 0.4699 0.7559 0
vt 0.7409 0.7559 0
vt 0.7409 0.6280 0
vt 0.4699 0.6280 0
vt 0.1990 0.7559 0
vt 0.1990 0.6280 0
vt 0.7413 -0.0086 0
vt 0.5048 -0.0058 0
vt 0.1990 0.0525 0
vt 0.4327 -0.0049 0
vt 0.1990 -0.0021 0
vt -0.0204 0.0263 0
vt -0.0003 0.0004 0
vt -0.0626 0.1167 0
vt -0.0685 0.1557 0
vt -0.0690 0.1969 0
vt -0.0559 0.2857 0
vt -0.0694 0.1805 0
vt -0.0447 0.3252 0
vt 0.0318 0.4540 0
vt 0.0407 0.4690 0
vt 0.0001 0.4136 0
vt -0.0196 0.3804 0
vt -0.0024 0.4060 0
vt 0.0763 0.5628 0
vt 0.0558 0.4996 0
vt 0.0598 0.5091 0
vt 0.0682 0.5328 0
vt 0.0849 0.6123 0
vt 0.0907 0.7063 0
vt 0.1990 1.0054 0
vt 0.0887 0.8211 0
vt 0.4699 1.0048 0
vt 0.6570 1.0043 0
vt 0.9060 1.0038 0
vt 0.8978 0.8799 0
vt 0.8686 0.5421 0
vt 0.8503 0.3248 0
vt 0.8498 0.3084 0
vt 0.8514 0.2447 0
vt 0.8628 0.1805 0
vt 0.8674 0.1665 0
vt 0.9437 0.0530 0
vt 1.0116 -0.0115 0
vt 0.9376 -0.0107 0
vt 0.8913 0.1171 0
vt 0.0796 1.0056 0
vt -0.0374 0.0527 0
vt 0.0882 0.4860 0
vt 0.1199 0.4860 0
vt 0.1199 0.2320 0
vt 0.0248 0.4860 0
vt 0.0565 0.4860 0
vt 0.0565 0.2320 0
vt 0.0882 0.2320 0
vt 0.8801 0.4860 0
vt 0.8801 0.2320 0
vt 0.8485 0.2320 0
vt 0.9435 0.4860 0
vt 0.9435 0.2320 0
vt 0.9118 0.2320 0
vt 0.9752 0.4860 0
vt 0.9752 0.2320 0
vt 0.9118 0.4860 0
vt 0.7851 0.2320 0
vt 0.8009 0.4860 0
vt 0.8168 0.4860 0
vt 0.7851 0.4860 0
vt 0.8485 0.4860 0
vt 0.8168 0.2320 0
vt 0.7693 0.2320 0
vt 0.7693 0.4860 0
vt 0.7534 0.2320 0
vt 0.9579 -0.0107 0
vt 0.9435 -0.0106 0
vt 0.9752 -0.0108 0
vt 0.9272 -0.0105 0
vt 0.9118 -0.0105 0
vt 0.8982 -0.0105 0
vt 0.8801 -0.0106 0
vt 0.8685 -0.0106 0
vt 0.8428 -0.0108 0
vt 0.8182 -0.0110 0
vt 0.7914 -0.0114 0
vt 0.7851 -0.0115 0
vt 0.7945 -0.0113 0
vt 0.7534 -0.0120 0
vt 0.7689 -0.0118 0
vt 0.7473 -0.0122 0
vt 0.7376 0.4860 0
vt 0.7534 0.4860 0
vt 0.7262 -0.0126 0
vt 0.7217 0.4860 0
vt 0.7055 -0.0130 0
vt 0.7059 0.4860 0
vt 0.6819 -0.0135 0
vt 0.6901 0.4860 0
vt 0.7018 -0.0131 0
vt 0.6623 -0.0139 0
vt 0.6584 0.4860 0
vt 0.6742 0.4860 0
vt 0.6431 -0.0143 0
vt 0.6426 0.4860 0
vt 0.6239 -0.0146 0
vt 0.6267 0.4860 0
vt 0.6109 -0.0148 0
vt 0.6109 0.4860 0
vt 0.6203 -0.0147 0
vt 0.6015 -0.0150 0
vt 0.5950 0.4860 0
vt 0.5827 -0.0152 0
vt 0.5792 0.4860 0
vt 0.5640 -0.0155 0
vt 0.5634 0.4860 0
vt 0.5451 -0.0156 0
vt 0.5475 0.4860 0
vt 0.5317 -0.0157 0
vt 0.5317 0.4860 0
vt 0.5425 -0.0157 0
vt 0.5235 -0.0158 0
vt 0.5158 -0.0158 0
vt 0.5158 0.4860 0
vt 0.5045 -0.0158 0
vt 0.5000 0.4860 0
vt 0.4852 -0.0158 0
vt 0.4660 -0.0158 0
vt 0.4683 0.4860 0
vt 0.4525 -0.0157 0
vt 0.4525 0.4860 0
vt 0.4455 -0.0156 0
vt 0.4367 0.4860 0
vt 0.4367 -0.0156 0
vt 0.4268 -0.0155 0
vt 0.4208 0.4860 0
vt 0.4080 -0.0153 0
vt 0.4050 0.4860 0
vt 0.3890 -0.0150 0
vt 0.3891 0.4860 0
vt 0.3687 -0.0147 0
vt 0.3733 0.4860 0
vt 0.3496 -0.0144 0
vt 0.3575 0.4860 0
vt 0.3302 -0.0140 0
vt 0.3258 0.4860 0
vt 0.3103 -0.0136 0
vt 0.3099 0.4860 0
vt 0.2884 -0.0132 0
vt 0.2941 0.4860 0
vt 0.2678 -0.0127 0
vt 0.2624 0.4860 0
vt 0.2465 -0.0123 0
vt 0.2466 0.4860 0
vt 0.2244 -0.0119 0
vt 0.2308 0.4860 0
vt 0.2149 -0.0118 0
vt 0.2149 0.4860 0
vt 0.1990 -0.0115 0
vt 0.1832 0.4860 0
vt 0.1991 0.4860 0
vt 0.1516 0.4860 0
vt 0.1832 -0.0113 0
vt 0.1753 -0.0112 0
vt 0.1504 -0.0109 0
vt 0.1241 -0.0107 0
vt 0.0935 -0.0107 0
vt 0.0642 -0.0107 0
vt 0.0329 -0.0108 0
vt 0.0248 0.2320 0
vt 0.0072 0.1113 0
vt 0.0093 0.1584 0
vt 0.0098 0.1718 0
vt -0.0008 -0.0111 0
vt 0.0037 0.0505 0
vt 0.0129 0.3116 0
vt 0.0115 0.2337 0
vt 0.0127 0.2956 0
vt 0.0142 0.5259 0
vt 0.0136 0.8634 0
vt 0.0399 0.9876 0
vt 0.0565 0.9875 0
vt 0.0652 0.9874 0
vt 0.0893 0.9871 0
vt 0.1123 0.9868 0
vt 0.1199 0.9867 0
vt 0.1343 0.9865 0
vt 0.1516 0.9862 0
vt 0.1556 0.9861 0
vt 0.1714 0.9858 0
vt 0.1898 0.9854 0
vt 0.2076 0.9849 0
vt 0.2250 0.9844 0
vt 0.2419 0.9839 0
vt 0.2585 0.9834 0
vt 0.2748 0.9828 0
vt 0.2783 0.4860 0
vt 0.2902 0.9823 0
vt 0.3047 0.9818 0
vt 0.3189 0.9812 0
vt 0.3329 0.9807 0
vt 0.3416 0.4860 0
vt 0.3416 0.9804 0
vt 0.3468 0.9802 0
vt 0.3607 0.9796 0
vt 0.3731 0.9792 0
vt 0.3860 0.9788 0
vt 0.3987 0.9783 0
vt 0.4050 0.9782 0
vt 0.4114 0.9780 0
vt 0.4241 0.9776 0
vt 0.4368 0.9773 0
vt 0.4400 0.9773 0
vt 0.4524 0.9771 0
vt 0.4648 0.9769 0
vt 0.4842 0.4860 0
vt 0.4683 0.9768 0
vt 0.4771 0.9768 0
vt 0.4894 0.9767 0
vt 0.5018 0.9767 0
vt 0.4842 0.9767 0
vt 0.5091 0.9767 0
vt 0.5158 0.9768 0
vt 0.5217 0.9768 0
vt 0.5343 0.9770 0
vt 0.5469 0.9772 0
vt 0.5595 0.9774 0
vt 0.5689 0.9777 0
vt 0.5792 0.9779 0
vt 0.5955 0.9784 0
vt 0.5822 0.9780 0
vt 0.6090 0.9789 0
vt 0.6225 0.9793 0
vt 0.6283 0.9795 0
vt 0.6431 0.9801 0
vt 0.6580 0.9807 0
vt 0.6731 0.9812 0
vt 0.6884 0.9818 0
vt 0.7041 0.9824 0
vt 0.7177 0.9829 0
vt 0.7352 0.9835 0
vt 0.7531 0.9840 0
vt 0.7714 0.9846 0
vt 0.7901 0.9851 0
vt 0.8095 0.9855 0
vt 0.8296 0.9859 0
vt 0.8485 0.9863 0
vt 0.8715 0.9867 0
vt 0.8801 0.9868 0
vt 0.8493 0.9863 0
vt 0.9118 0.9872 0
vt 0.8947 0.9870 0
vt 0.9441 0.9875 0
vt 0.9188 0.9873 0
vt 0.9708 0.9877 0
vt 0.9863 0.9095 0
vt 0.9856 0.5525 0
vt 0.9866 0.9878 0
vt 0.9867 0.3280 0
vt 0.9871 0.2956 0
vt 0.9963 0.0506 0
vt 0.9985 0.0199 0
vt 0.9927 0.1113 0
vt 0.9903 0.1668 0
vt 0.9901 0.1716 0
vt 0.9883 0.2336 0
vt 1.0008 -0.0111 0
vt 0.9907 -0.0110 0
vt 0.0131 0.9878 0
vt 0.5302 0.5001 0
vt 0.5302 0.3722 0
vt 0.2590 0.3722 0
vt 0.5302 0.2443 0
vt 0.5302 0.1803 0
vt 0.2590 0.1803 0
vt 0.5302 0.3082 0
vt 0.2590 0.3082 0
vt 0.2590 0.2443 0
vt 0.5302 0.1164 0
vt 0.5302 0.0525 0
vt 0.2590 0.0525 0
vt 0.2590 0.1164 0
vt 0.5302 0.0205 0
vt 0.2590 0.0205 0
vt 0.8014 0.5001 0
vt 0.8014 0.3722 0
vt 0.8014 0.3082 0
vt 0.8014 0.2443 0
vt 0.8014 0.1803 0
vt 0.8014 0.1164 0
vt 0.8014 0.0525 0
vt 0.8014 0.7559 0
vt 0.8014 0.6280 0
vt 0.5302 0.6280 0
vt 0.5302 0.7559 0
vt 0.2590 0.6280 0
vt 0.2590 0.5001 0
vt 0.5302 1.0047 0
vt 0.2590 0.7559 0
vt 0.8014 1.0053 0
vt 0.5911 1.0049 0
vt 0.9021 0.9430 0
vt 0.9170 0.9430 0
vt 0.9142 0.8888 0
vt 0.9204 1.0056 0
vt 0.9091 0.7375 0
vt 0.9132 0.6284 0
vt 0.9272 0.5484 0
vt 0.9896 0.4237 0
vt 1.0161 0.3861 0
vt 0.9595 0.4690 0
vt 0.9443 0.4992 0
vt 0.9534 0.4802 0
vt 1.0603 0.2708 0
vt 1.0386 0.3427 0
vt 1.0701 0.1969 0
vt 1.0705 0.1805 0
vt 1.0669 0.1322 0
vt 1.0638 0.1165 0
vt 1.0382 0.0528 0
vt 1.0170 0.0207 0
vt 0.8014 0.0205 0
vt 0.9252 -0.0006 0
vt 0.8013 -0.0021 0
vt 1.0003 0.0003 0
vt 0.5301 -0.0054 0
vt 0.4886 -0.0059 0
vt 0.4224 -0.0067 0
vt -0.0120 -0.0115 0
vt 0.0235 0.0208 0
vt 0.0580 0.0530 0
vt 0.1114 0.1172 0
vt 0.1386 0.1753 0
vt 0.1401 0.1804 0
vt 0.1515 0.2447 0
vt 0.1531 0.3085 0
vt 0.1518 0.3416 0
vt 0.1311 0.5690 0
vt 0.1011 0.9259 0
vt 0.2590 1.0041 0
vt 0.0960 1.0038 0
vt -0.0849 0.0051 0
vt -0.0838 0.0051 0
vt -0.0840 0.0033 0
vt -0.0849 0.0033 0
vt 0.0000 0.0100 0
vt 0.0000 0.0000 0
vt 0.0018 0.0000 0
vt -0.0010 0.0000 0
vt 0.0000 0.0000 0
vt 0.0000 0.0100 0
vt 0.0442 -0.0606 0
vt 0.0415 -0.0557 0
vt 0.0434 -0.0543 0
vt 0.0391 -0.0573 0
vt 0.0525 -0.0536 0
vt 0.0498 -0.0488 0
vt 0.0509 -0.0478 0
vt 0.0521 -0.0539 0
vt 0.0485 -0.0572 0
vt 0.0458 -0.0524 0
vt 0.0473 -0.0512 0
vt 0.0428 -0.0616 0
vt 0.0396 -0.0637 0
vt 0.0368 -0.0586 0
vt -0.0070 0.0683 0
vt -0.0095 0.0680 0
vt -0.0100 0.0743 0
vt -0.0078 0.0746 0
vt -0.0050 0.0748 0
vt -0.0047 0.0685 0
vt 0.0200 0.0723 0
vt 0.0189 0.0661 0
vt 0.0162 0.0668 0
vt 0.0536 -0.0449 0
vt 0.0563 -0.0496 0
vt 0.0560 -0.0498 0
vt 0.0476 -0.0580 0
vt -0.0169 -0.0662 0
vt -0.0128 -0.0670 0
vt -0.0163 -0.0732 0
vt -0.0373 0.0651 0
vt -0.0341 0.0668 0
vt -0.0323 0.0609 0
vt -0.0140 0.0737 0
vt -0.0013 0.0686 0
vt 0.0168 0.0731 0
vt 0.0228 0.0714 0
vt 0.0217 0.0652 0
vt 0.0621 -0.0421 0
vt 0.0601 -0.0449 0
vt 0.0570 -0.0406 0
vt 0.0553 -0.0428 0
vt 0.0592 -0.0460 0
vt 0.0376 -0.0649 0
vt 0.0227 -0.0647 0
vt 0.0238 -0.0711 0
vt 0.0207 -0.0721 0
vt -0.0182 -0.0728 0
vt -0.0185 -0.0658 0
vt -0.0224 -0.0716 0
vt -0.0348 0.0595 0
vt -0.0297 0.0621 0
vt -0.0127 0.0675 0
vt -0.0016 0.0750 0
vt 0.0108 0.0742 0
vt 0.0142 0.0672 0
vt 0.0586 -0.0383 0
vt 0.0634 -0.0400 0
vt 0.0332 -0.0606 0
vt 0.0281 -0.0628 0
vt 0.0293 -0.0690 0
vt 0.0266 -0.0701 0
vt 0.0173 -0.0661 0
vt 0.0180 -0.0728 0
vt 0.0147 -0.0735 0
vt 0.0024 -0.0750 0
vt -0.0007 -0.0680 0
vt 0.0053 -0.0679 0
vt -0.0101 -0.0743 0
vt -0.0226 -0.0647 0
vt -0.0663 -0.0220 0
vt -0.0710 -0.0241 0
vt -0.0720 -0.0212 0
vt -0.0425 0.0618 0
vt -0.0357 0.0590 0
vt -0.0318 0.0679 0
vt -0.0295 0.0689 0
vt -0.0201 0.0722 0
vt -0.0135 0.0674 0
vt 0.0287 0.0693 0
vt 0.0271 0.0632 0
vt 0.0614 -0.0335 0
vt 0.0646 -0.0381 0
vt 0.0346 -0.0665 0
vt 0.0116 -0.0672 0
vt 0.0086 -0.0745 0
vt -0.0039 -0.0749 0
vt -0.0068 -0.0677 0
vt -0.0283 -0.0694 0
vt -0.0281 -0.0628 0
vt -0.0675 -0.0173 0
vt -0.0679 -0.0157 0
vt -0.0728 -0.0182 0
vt -0.0245 0.0643 0
vt 0.0046 0.0749 0
vt 0.0044 0.0685 0
vt 0.0101 0.0679 0
vt 0.0728 -0.0182 0
vt 0.0674 -0.0174 0
vt 0.0686 -0.0118 0
vt 0.0699 -0.0272 0
vt 0.0649 -0.0261 0
vt 0.0658 -0.0237 0
vt 0.0664 -0.0348 0
vt 0.0322 -0.0677 0
vt -0.0730 -0.0174 0
vt -0.0741 -0.0116 0
vt -0.0684 -0.0131 0
vt -0.0748 -0.0057 0
vt -0.0692 -0.0076 0
vt -0.0712 0.0235 0
vt -0.0691 0.0292 0
vt -0.0651 0.0244 0
vt -0.0563 0.0496 0
vt -0.0520 0.0540 0
vt -0.0492 0.0487 0
vt -0.0261 0.0703 0
vt -0.0191 0.0661 0
vt 0.0710 0.0241 0
vt 0.0728 0.0178 0
vt 0.0670 0.0185 0
vt 0.0675 0.0167 0
vt 0.0737 0.0141 0
vt 0.0673 -0.0182 0
vt 0.0719 -0.0213 0
vt 0.0668 -0.0204 0
vt 0.0710 -0.0243 0
vt 0.0661 -0.0229 0
vt -0.0341 -0.0668 0
vt -0.0397 -0.0637 0
vt -0.0342 -0.0600 0
vt -0.0699 -0.0271 0
vt -0.0650 -0.0259 0
vt -0.0645 -0.0272 0
vt -0.0660 -0.0231 0
vt -0.0661 -0.0227 0
vt -0.0689 -0.0102 0
vt -0.0645 0.0258 0
vt -0.0665 0.0346 0
vt -0.0629 0.0296 0
vt -0.0635 0.0399 0
vt -0.0602 0.0345 0
vt -0.0601 0.0449 0
vt -0.0537 0.0438 0
vt -0.0530 0.0445 0
vt -0.0474 0.0581 0
vt -0.0450 0.0524 0
vt -0.0405 0.0559 0
vt 0.0659 0.0221 0
vt 0.0645 0.0258 0
vt 0.0687 0.0112 0
vt -0.0334 -0.0604 0
vt -0.0390 -0.0573 0
vt -0.0517 -0.0469 0
vt -0.0478 -0.0508 0
vt -0.0526 -0.0535 0
vt -0.0562 -0.0497 0
vt -0.0588 -0.0465 0
vt -0.0543 -0.0440 0
vt -0.0688 -0.0300 0
vt -0.0750 0.0001 0
vt -0.0696 -0.0016 0
vt -0.0748 0.0060 0
vt -0.0695 0.0048 0
vt -0.0696 0.0011 0
vt -0.0747 0.0068 0
vt -0.0692 0.0072 0
vt -0.0740 0.0119 0
vt -0.0654 0.0237 0
vt -0.0671 0.0183 0
vt -0.0610 0.0331 0
vt -0.0571 0.0393 0
vt 0.0344 0.0666 0
vt 0.0323 0.0608 0
vt 0.0422 0.0546 0
vt 0.0376 0.0578 0
vt 0.0428 0.0616 0
vt 0.0687 0.0302 0
vt 0.0741 0.0114 0
vt 0.0687 -0.0302 0
vt 0.0641 -0.0281 0
vt -0.0499 -0.0560 0
vt -0.0523 -0.0463 0
vt -0.0642 -0.0280 0
vt -0.0618 -0.0329 0
vt -0.0695 -0.0046 0
vt -0.0684 0.0128 0
vt 0.0399 0.0635 0
vt 0.0500 0.0559 0
vt 0.0466 0.0510 0
vt 0.0636 0.0279 0
vt 0.0610 0.0330 0
vt 0.0747 0.0068 0
vt 0.0747 -0.0062 0
vt 0.0694 -0.0062 0
vt 0.0696 -0.0006 0
vt 0.0740 -0.0120 0
vt -0.0449 -0.0600 0
vt -0.0435 -0.0542 0
vt -0.0487 -0.0571 0
vt -0.0546 -0.0515 0
vt -0.0558 -0.0421 0
vt -0.0590 -0.0377 0
vt -0.0647 -0.0379 0
vt -0.0737 0.0141 0
vt -0.0729 0.0178 0
vt 0.0451 0.0600 0
vt 0.0545 0.0515 0
vt 0.0507 0.0470 0
vt 0.0625 0.0415 0
vt 0.0581 0.0378 0
vt 0.0548 0.0424 0
vt 0.0658 0.0360 0
vt 0.0694 0.0056 0
vt -0.0626 -0.0413 0
vt 0.0748 0.0056 0
vt -0.0660 -0.0356 0
vt 0.0587 0.0467 0
vt 0.0750 -0.0003 0
vt 0.5000 0.3750 0
vt 0.3750 0.5000 0
vt 0.2500 0.5000 0
vt 0.5000 0.5000 0
vt 0.7500 0.5000 0
vt 0.7500 0.3750 0
vt 1.0000 0.3750 0
vt 0.2500 1.0000 0
vt 0.3750 0.7500 0
vt 0.5000 0.7500 0
vt 0.2500 0.7500 0
vt 0.7500 1.0000 0
vt 0.7500 0.7500 0
vt 1.0000 0.7500 0
vt 0.2500 0.2500 0
vt 0.2500 0.1875 0
vt 0.5000 0.1875 0
vt 0.1250 0.5000 0
vt 0.0000 0.4688 0
vt 0.0000 0.4375 0
vt 0.0000 0.5000 0
vt 0.2500 0.3750 0
vt 0.5000 0.2500 0
vt 0.0000 0.3125 0
vt 0.0000 0.3750 0
vt 0.2500 0.1250 0
vt 0.2500 0.0625 0
vt 0.5000 0.0625 0
vt 0.0000 0.2500 0
vt 0.0000 0.1875 0
vt 0.5000 0.1250 0
vt 0.0000 0.1250 0
vt 0.5000 0.0000 0
vt 0.0000 0.0625 0
vt 0.0000 0.0000 0
vt 0.2500 0.0000 0
vt 0.7500 0.2500 0
vt 0.7500 0.1875 0
vt 1.0000 0.1875 0
vt 1.0000 0.2500 0
vt 1.0000 0.0625 0
vt 1.0000 0.1250 0
vt 0.7500 0.1250 0
vt 1.0000 0.0000 0
vt 0.7500 0.0625 0
vt 0.7500 0.0000 0
vt 0.7500 0.6250 0
vt 1.0000 0.6250 0
vt 0.5000 1.0000 0
vt 0.5000 0.6250 0
vt 1.0000 0.5000 0
vt 0.0000 1.0000 0
vt 0.1250 0.7500 0
vt 0.0000 0.7500 0
vt 0.0000 0.5625 0
vt 0.0000 0.5313 0
vt 0.0000 0.6250 0
vt 1.0000 1.0000 0
vt 0.5000 0.5000 0
vt 0.4844 0.5000 0
vt 0.4857 0.0000 0
vt 0.9688 0.2500 0
vt 1.0000 0.2500 0
vt 1.0000 0.3750 0
vt 0.9688 0.5000 0
vt 0.4910 1.0000 0
vt 0.5000 1.0000 0
vt 1.0000 0.7500 0
vt 1.0000 1.0000 0
vt 0.9840 1.0000 0
vt 1.0000 0.5000 0
vt 0.9688 1.0000 0
vt 0.3704 0.0000 0
vt 0.3750 0.5000 0
vt 0.3594 0.5000 0
vt 0.4375 0.0000 0
vt 0.4375 0.5000 0
vt 0.4219 0.5000 0
vt 0.4665 0.0000 0
vt 0.4688 0.5000 0
vt 0.4531 0.5000 0
vt 0.4474 0.0000 0
vt 0.4092 0.0000 0
vt 0.4063 0.5000 0
vt 0.3906 0.5000 0
vt 0.4283 0.0000 0
vt 0.3899 0.0000 0
vt 0.3101 0.0000 0
vt 0.3125 0.5000 0
vt 0.2969 0.5000 0
vt 0.3507 0.0000 0
vt 0.3438 0.5000 0
vt 0.3281 0.5000 0
vt 0.3594 0.0000 0
vt 0.3306 0.0000 0
vt 0.2891 0.0000 0
vt 0.2813 0.5000 0
vt 0.2656 0.5000 0
vt 0.2674 0.0000 0
vt 0.2500 0.5000 0
vt 0.0938 0.5000 0
vt 0.0938 0.2500 0
vt 0.1250 0.2500 0
vt 0.1563 0.5000 0
vt 0.1563 0.0000 0
vt 0.1719 0.0000 0
vt 0.2217 0.0000 0
vt 0.2188 0.5000 0
vt 0.2031 0.5000 0
vt 0.2450 0.0000 0
vt 0.2344 0.5000 0
vt 0.1974 0.0000 0
vt 0.1875 0.5000 0
vt 0.1250 0.5000 0
vt 0.1250 0.0000 0
vt 0.1450 0.0000 0
vt 0.0313 0.5000 0
vt 0.0313 0.2500 0
vt 0.0625 0.2500 0
vt 0.0625 0.5000 0
vt 0.1197 0.0000 0
vt 0.0930 0.0000 0
vt 0.0647 0.0000 0
vt 0.0000 0.3750 0
vt 0.0000 0.5000 0
vt 0.0347 0.0000 0
vt 0.0000 0.1250 0
vt 0.0000 0.0625 0
vt 0.0000 0.1875 0
vt 0.0000 0.2500 0
vt 0.8438 0.0000 0
vt 0.8530 0.0000 0
vt 0.8750 0.2500 0
vt 0.8438 0.5000 0
vt 0.8750 0.5000 0
vt 0.9375 0.5000 0
vt 0.9063 0.5000 0
vt 0.9063 0.2500 0
vt 0.9375 0.2500 0
vt 0.9632 0.0000 0
vt 1.0000 0.1250 0
vt 1.0000 0.1875 0
vt 0.9955 0.0000 0
vt 1.0000 0.0625 0
vt 0.9334 0.0000 0
vt 0.9053 0.0000 0
vt 0.8750 0.0000 0
vt 0.8785 0.0000 0
vt 0.8052 0.0000 0
vt 0.8287 0.0000 0
vt 0.8125 0.5000 0
vt 0.7608 0.0000 0
vt 0.7826 0.0000 0
vt 0.7813 0.5000 0
vt 0.7969 0.5000 0
vt 0.7395 0.0000 0
vt 0.7656 0.5000 0
vt 0.6094 0.0000 0
vt 0.6205 0.0000 0
vt 0.6250 0.5000 0
vt 0.6986 0.0000 0
vt 0.7188 0.0000 0
vt 0.7188 0.5000 0
vt 0.7344 0.5000 0
vt 0.6787 0.0000 0
vt 0.7031 0.5000 0
vt 0.6397 0.0000 0
vt 0.6591 0.0000 0
vt 0.6563 0.5000 0
vt 0.6719 0.5000 0
vt 0.6406 0.5000 0
vt 0.5439 0.0000 0
vt 0.5632 0.0000 0
vt 0.5625 0.5000 0
vt 0.5823 0.0000 0
vt 0.5938 0.0000 0
vt 0.5938 0.5000 0
vt 0.6014 0.0000 0
vt 0.6094 0.5000 0
vt 0.5781 0.5000 0
vt 0.5313 0.5000 0
vt 0.5156 0.5000 0
vt 0.5156 0.0000 0
vt 0.5245 0.0000 0
vt 0.5313 0.0000 0
vt 0.5469 0.5000 0
vt 0.5050 0.0000 0
vt 0.7446 1.0000 0
vt 0.7276 1.0000 0
vt 0.8750 1.0000 0
vt 0.8608 1.0000 0
vt 0.9375 1.0000 0
vt 0.9311 1.0000 0
vt 0.9568 1.0000 0
vt 0.9065 1.0000 0
vt 0.8832 1.0000 0
vt 0.8190 1.0000 0
vt 0.7993 1.0000 0
vt 0.8438 1.0000 0
vt 0.8395 1.0000 0
vt 0.7804 1.0000 0
vt 0.7622 1.0000 0
vt 0.7500 0.5000 0
vt 0.6215 1.0000 0
vt 0.6078 1.0000 0
vt 0.6797 1.0000 0
vt 0.6646 1.0000 0
vt 0.7111 1.0000 0
vt 0.6952 1.0000 0
vt 0.6875 0.5000 0
vt 0.6499 1.0000 0
vt 0.6356 1.0000 0
vt 0.5625 1.0000 0
vt 0.5549 1.0000 0
vt 0.5943 1.0000 0
vt 0.5810 1.0000 0
vt 0.5678 1.0000 0
vt 0.5292 1.0000 0
vt 0.5469 1.0000 0
vt 0.5420 1.0000 0
vt 0.5165 1.0000 0
vt 0.5038 1.0000 0
vt 0.2362 1.0000 0
vt 0.3550 1.0000 0
vt 0.4259 1.0000 0
vt 0.4654 1.0000 0
vt 0.4524 1.0000 0
vt 0.4688 1.0000 0
vt 0.4782 1.0000 0
vt 0.4844 1.0000 0
vt 0.4392 1.0000 0
vt 0.3985 1.0000 0
vt 0.3906 1.0000 0
vt 0.4063 1.0000 0
vt 0.4123 1.0000 0
vt 0.3843 1.0000 0
vt 0.3698 1.0000 0
vt 0.2908 1.0000 0
vt 0.3239 1.0000 0
vt 0.3397 1.0000 0
vt 0.3076 1.0000 0
vt 0.2733 1.0000 0
vt 0.2551 1.0000 0
vt 0.0938 1.0000 0
vt 0.1250 1.0000 0
vt 0.1048 1.0000 0
vt 0.1563 1.0000 0
vt 0.1958 1.0000 0
vt 0.2164 1.0000 0
vt 0.1741 1.0000 0
vt 0.1299 1.0000 0
vt 0.1514 1.0000 0
vt 0.0299 1.0000 0
vt 0.0625 1.0000 0
vt 0.0562 1.0000 0
vt 0.0811 1.0000 0
vt 0.0000 0.7500 0
vt 0.0000 0.6250 0
vt 0.0000 1.0000 0
vt 1.0000 0.0000 0
vt 0.0000 0.0000 0
vt 0.2500 0.3750 0
vt 0.5000 0.3750 0
vt 0.5000 0.5000 0
vt 0.3750 0.5000 0
vt 0.7500 0.5000 0
vt 1.0000 0.4375 0
vt 1.0000 0.4688 0
vt 0.7500 0.3750 0
vt 1.0000 0.4063 0
vt 1.0000 0.3750 0
vt 0.5000 1.0000 0
vt 0.2500 1.0000 0
vt 0.2500 0.7500 0
vt 0.3750 0.7500 0
vt 1.0000 1.0000 0
vt 0.7500 1.0000 0
vt 0.7500 0.7500 0
vt 0.5000 0.2500 0
vt 0.2500 0.2500 0
vt 0.2500 0.1875 0
vt 0.2500 0.5000 0
vt 0.1250 0.5000 0
vt 0.0000 0.3750 0
vt 0.1250 0.3750 0
vt 0.1250 0.2500 0
vt 0.0000 0.2500 0
vt 0.5000 0.1250 0
vt 0.2500 0.1250 0
vt 0.2500 0.0625 0
vt 0.0000 0.1875 0
vt 0.5000 0.1875 0
vt 0.0000 0.1250 0
vt 0.2500 0.0000 0
vt 0.5000 0.0000 0
vt 0.5000 0.0625 0
vt 0.0000 0.0625 0
vt 0.0000 0.0000 0
vt 1.0000 0.2500 0
vt 0.7500 0.2500 0
vt 0.7500 0.1875 0
vt 1.0000 0.3125 0
vt 1.0000 0.1250 0
vt 0.7500 0.1250 0
vt 0.7500 0.0625 0
vt 1.0000 0.1875 0
vt 1.0000 0.0625 0
vt 0.7500 0.0000 0
vt 1.0000 0.7500 0
vt 0.7500 0.6250 0
vt 0.5000 0.7500 0
vt 0.5000 0.6250 0
vt 1.0000 0.5000 0
vt 1.0000 0.5625 0
vt 0.0000 1.0000 0
vt 0.0000 0.7500 0
vt 0.1250 0.7500 0
vt 0.0000 0.5000 0
vt 1.0000 0.6250 0
vt 1.0000 0.0000 0
vt 0.5000 0.5000 0
vt 0.4688 0.5000 0
vt 0.4688 0.2500 0
vt 0.9375 0.5000 0
vt 0.9375 0.4688 0
vt 1.0000 0.4688 0
vt 0.4882 1.0000 0
vt 0.4844 0.7500 0
vt 0.5000 0.7500 0
vt 1.0000 0.7500 0
vt 1.0000 1.0000 0
vt 0.9688 0.8750 0
vt 0.9722 1.0000 0
vt 0.5000 0.2500 0
vt 0.4809 0.0000 0
vt 0.2500 0.5000 0
vt 0.2188 0.5000 0
vt 0.2188 0.4375 0
vt 0.3750 0.5000 0
vt 0.3438 0.5000 0
vt 0.3438 0.3750 0
vt 0.4375 0.5000 0
vt 0.4063 0.5000 0
vt 0.4063 0.2500 0
vt 0.4375 0.2500 0
vt 0.3750 0.3750 0
vt 0.3125 0.5000 0
vt 0.2813 0.5000 0
vt 0.2813 0.3750 0
vt 0.3125 0.3750 0
vt 0.3438 0.2500 0
vt 0.3125 0.2500 0
vt 0.2656 0.5000 0
vt 0.2500 0.4375 0
vt 0.2500 0.3750 0
vt 0.2813 0.2500 0
vt 0.2500 0.2500 0
vt 0.2188 0.3125 0
vt 0.2188 0.3750 0
vt 0.0625 0.4688 0
vt 0.1250 0.4688 0
vt 0.1250 0.5000 0
vt 0.0938 0.5000 0
vt 0.1875 0.5000 0
vt 0.1563 0.5000 0
vt 0.1563 0.4375 0
vt 0.1875 0.4375 0
vt 0.1875 0.3750 0
vt 0.1563 0.3750 0
vt 0.1250 0.4063 0
vt 0.1250 0.4375 0
vt 0.0625 0.4375 0
vt 0.0625 0.4063 0
vt 0.0000 0.4688 0
vt 0.0625 0.5000 0
vt 0.0313 0.5000 0
vt 0.0000 0.4375 0
vt 0.0000 0.4063 0
vt 0.0625 0.3750 0
vt 0.0938 0.3750 0
vt 0.0000 0.3750 0
vt 0.0313 0.3750 0
vt 0.0938 0.3125 0
vt 0.1250 0.3125 0
vt 0.1250 0.3750 0
vt 0.1563 0.3125 0
vt 0.1875 0.3125 0
vt 0.1875 0.2500 0
vt 0.1563 0.2500 0
vt 0.1250 0.2500 0
vt 0.0313 0.3125 0
vt 0.0625 0.3125 0
vt 0.0938 0.2500 0
vt 0.0625 0.2500 0
vt 0.0000 0.2500 0
vt 0.0313 0.2500 0
vt 0.0000 0.3125 0
vt 0.2188 0.2500 0
vt 0.2188 0.1250 0
vt 0.3750 0.2500 0
vt 0.3438 0.1250 0
vt 0.4063 0.0000 0
vt 0.4166 0.0000 0
vt 0.4489 0.0000 0
vt 0.3750 0.1250 0
vt 0.2813 0.1250 0
vt 0.3125 0.1250 0
vt 0.3506 0.0000 0
vt 0.3839 0.0000 0
vt 0.3167 0.0000 0
vt 0.2500 0.1250 0
vt 0.2819 0.0000 0
vt 0.2461 0.0000 0
vt 0.0938 0.1250 0
vt 0.1250 0.1250 0
vt 0.1563 0.1250 0
vt 0.1875 0.1250 0
vt 0.2188 0.0000 0
vt 0.1875 0.0000 0
vt 0.2092 0.0000 0
vt 0.1563 0.0000 0
vt 0.1708 0.0000 0
vt 0.1308 0.0000 0
vt 0.0313 0.1250 0
vt 0.0625 0.1250 0
vt 0.0888 0.0000 0
vt 0.0625 0.0000 0
vt 0.0447 0.0000 0
vt 0.0000 0.1875 0
vt 0.0000 0.1250 0
vt 0.0000 0.0625 0
vt 0.7188 0.3750 0
vt 0.7500 0.3750 0
vt 0.7500 0.4375 0
vt 0.7188 0.5000 0
vt 0.9688 0.2500 0
vt 0.9688 0.1250 0
vt 1.0000 0.1875 0
vt 1.0000 0.1250 0
vt 0.8438 0.5000 0
vt 0.8438 0.4375 0
vt 0.8750 0.4375 0
vt 1.0000 0.3125 0
vt 1.0000 0.3750 0
vt 0.9688 0.3750 0
vt 0.9063 0.4375 0
vt 0.9375 0.4375 0
vt 0.9063 0.5000 0
vt 1.0000 0.4375 0
vt 0.9688 0.4375 0
vt 0.9063 0.3750 0
vt 0.9375 0.3750 0
vt 0.8750 0.5000 0
vt 0.8750 0.3750 0
vt 0.9375 0.3125 0
vt 1.0000 0.2500 0
vt 0.9688 0.3125 0
vt 0.9375 0.2500 0
vt 0.9063 0.3125 0
vt 0.9063 0.2500 0
vt 0.8750 0.3125 0
vt 0.8438 0.3750 0
vt 0.8438 0.3125 0
vt 0.7813 0.5000 0
vt 0.7813 0.4375 0
vt 0.8125 0.4375 0
vt 0.8125 0.5000 0
vt 0.8125 0.3750 0
vt 0.7813 0.3750 0
vt 0.7500 0.5000 0
vt 0.7813 0.3125 0
vt 0.8125 0.3125 0
vt 0.8594 0.2500 0
vt 0.8750 0.2500 0
vt 0.8438 0.2500 0
vt 0.8281 0.2500 0
vt 0.8125 0.2500 0
vt 0.7500 0.3125 0
vt 0.7969 0.2500 0
vt 0.7813 0.2500 0
vt 0.7656 0.2500 0
vt 0.7500 0.2500 0
vt 0.8750 0.1250 0
vt 0.9375 0.1250 0
vt 0.9631 0.0000 0
vt 1.0000 0.0625 0
vt 1.0000 0.0000 0
vt 0.9063 0.1250 0
vt 0.9375 0.0000 0
vt 0.9063 0.0000 0
vt 0.9225 0.0000 0
vt 0.8750 0.0000 0
vt 0.8835 0.0000 0
vt 0.8125 0.1250 0
vt 0.8438 0.1250 0
vt 0.8594 0.1250 0
vt 0.8438 0.0000 0
vt 0.8459 0.0000 0
vt 0.8281 0.1250 0
vt 0.7656 0.1250 0
vt 0.7813 0.1250 0
vt 0.8096 0.0000 0
vt 0.8125 0.0000 0
vt 0.7813 0.0000 0
vt 0.7969 0.1250 0
vt 0.7500 0.1250 0
vt 0.7742 0.0000 0
vt 0.7500 0.0000 0
vt 0.7188 0.2500 0
vt 0.7188 0.1250 0
vt 0.5938 0.2500 0
vt 0.6250 0.2500 0
vt 0.6250 0.3750 0
vt 0.5938 0.5000 0
vt 0.6563 0.5000 0
vt 0.6563 0.3750 0
vt 0.6875 0.3750 0
vt 0.6875 0.5000 0
vt 0.6875 0.2500 0
vt 0.6250 0.5000 0
vt 0.6563 0.2500 0
vt 0.5313 0.5000 0
vt 0.5313 0.2500 0
vt 0.5625 0.2500 0
vt 0.5625 0.5000 0
vt 0.5938 0.1250 0
vt 0.6250 0.1250 0
vt 0.6563 0.1250 0
vt 0.6875 0.1250 0
vt 0.7398 0.0000 0
vt 0.7188 0.0000 0
vt 0.7061 0.0000 0
vt 0.6875 0.0000 0
vt 0.6730 0.0000 0
vt 0.6563 0.0000 0
vt 0.6404 0.0000 0
vt 0.6250 0.0000 0
vt 0.5444 0.0000 0
vt 0.5762 0.0000 0
vt 0.5938 0.0000 0
vt 0.6082 0.0000 0
vt 0.5127 0.0000 0
vt 0.9688 0.7500 0
vt 0.9688 0.6250 0
vt 1.0000 0.6250 0
vt 0.8438 0.8750 0
vt 0.8750 0.8750 0
vt 0.8750 1.0000 0
vt 0.9063 0.8750 0
vt 0.9375 0.8750 0
vt 0.9378 1.0000 0
vt 0.9375 0.7500 0
vt 0.9055 1.0000 0
vt 0.9063 0.7500 0
vt 0.8750 0.7500 0
vt 0.7813 0.8750 0
vt 0.7969 0.8750 0
vt 0.8125 1.0000 0
vt 0.7920 1.0000 0
vt 0.8125 0.8750 0
vt 0.8460 1.0000 0
vt 0.8184 1.0000 0
vt 0.8438 0.7500 0
vt 0.8125 0.7500 0
vt 0.7656 0.8750 0
vt 0.7969 0.7500 0
vt 0.7813 0.7500 0
vt 0.7656 0.7500 0
vt 0.7500 0.8750 0
vt 0.7667 1.0000 0
vt 0.7500 0.7500 0
vt 0.5938 0.8750 0
vt 0.6250 0.8750 0
vt 0.6250 1.0000 0
vt 0.6098 1.0000 0
vt 0.6563 0.8750 0
vt 0.6875 0.8750 0
vt 0.6875 1.0000 0
vt 0.6737 1.0000 0
vt 0.7188 0.8750 0
vt 0.7188 1.0000 0
vt 0.6959 1.0000 0
vt 0.7188 0.7500 0
vt 0.7344 0.8750 0
vt 0.7423 1.0000 0
vt 0.6875 0.7500 0
vt 0.6520 1.0000 0
vt 0.6307 1.0000 0
vt 0.6563 1.0000 0
vt 0.6563 0.7500 0
vt 0.6250 0.7500 0
vt 0.5469 0.7500 0
vt 0.5625 0.7500 0
vt 0.5688 1.0000 0
vt 0.5938 1.0000 0
vt 0.5892 1.0000 0
vt 0.5781 0.7500 0
vt 0.5938 0.7500 0
vt 0.5284 1.0000 0
vt 0.5083 1.0000 0
vt 0.5156 0.7500 0
vt 0.5313 0.7500 0
vt 0.5486 1.0000 0
vt 0.7188 0.6250 0
vt 0.7500 0.6250 0
vt 0.9688 0.5625 0
vt 1.0000 0.5625 0
vt 0.8438 0.6875 0
vt 0.8750 0.6875 0
vt 0.9063 0.6250 0
vt 0.9375 0.6250 0
vt 0.8125 0.6875 0
vt 0.7813 0.6875 0
vt 0.8438 0.6250 0
vt 0.8750 0.6250 0
vt 0.8125 0.6250 0
vt 0.7813 0.6250 0
vt 0.8438 0.5625 0
vt 0.8750 0.5625 0
vt 1.0000 0.5313 0
vt 0.9375 0.5625 0
vt 0.9063 0.5625 0
vt 0.9375 0.5313 0
vt 1.0000 0.5000 0
vt 0.8750 0.5313 0
vt 0.8125 0.5625 0
vt 0.6250 0.6250 0
vt 0.6563 0.6250 0
vt 0.6875 0.6250 0
vt 0.3750 0.8750 0
vt 0.3626 1.0000 0
vt 0.3438 1.0000 0
vt 0.3750 1.0000 0
vt 0.4375 0.7500 0
vt 0.4475 1.0000 0
vt 0.4268 1.0000 0
vt 0.4688 0.7500 0
vt 0.4679 1.0000 0
vt 0.4063 0.8750 0
vt 0.3845 1.0000 0
vt 0.4058 1.0000 0
vt 0.4219 0.7500 0
vt 0.4063 0.7500 0
vt 0.3125 0.8750 0
vt 0.3169 1.0000 0
vt 0.2929 1.0000 0
vt 0.3438 0.8750 0
vt 0.3401 1.0000 0
vt 0.3750 0.7500 0
vt 0.3438 0.7500 0
vt 0.3281 0.8750 0
vt 0.2813 0.8750 0
vt 0.2680 1.0000 0
vt 0.3125 0.7500 0
vt 0.2969 0.8750 0
vt 0.2969 0.7500 0
vt 0.2813 0.7500 0
vt 0.2656 0.8750 0
vt 0.2420 1.0000 0
vt 0.2656 0.7500 0
vt 0.2500 0.8750 0
vt 0.3438 0.6250 0
vt 0.4063 0.6250 0
vt 0.3750 0.6250 0
vt 0.2813 0.6250 0
vt 0.3125 0.6250 0
vt 0.2656 0.6250 0
vt 0.2500 0.6875 0
vt 0.2500 0.7500 0
vt 0.2500 0.5625 0
vt 0.2500 0.6250 0
vt 0.2188 0.6875 0
vt 0.2344 0.7500 0
vt 0.1250 0.8750 0
vt 0.1302 1.0000 0
vt 0.1000 1.0000 0
vt 0.1875 0.8750 0
vt 0.1859 1.0000 0
vt 0.1588 1.0000 0
vt 0.1875 1.0000 0
vt 0.2188 0.8750 0
vt 0.2146 1.0000 0
vt 0.2031 0.8750 0
vt 0.2344 0.8750 0
vt 0.2188 0.7500 0
vt 0.2031 0.7500 0
vt 0.1563 0.8750 0
vt 0.1875 0.7500 0
vt 0.1563 0.7500 0
vt 0.0938 0.8750 0
vt 0.0679 1.0000 0
vt 0.0625 1.0000 0
vt 0.1250 0.7500 0
vt 0.0938 0.7500 0
vt 0.0625 0.8750 0
vt 0.0938 0.6250 0
vt 0.1250 0.6250 0
vt 0.1250 0.6875 0
vt 0.2188 0.6250 0
vt 0.2188 0.5625 0
vt 0.1875 0.6875 0
vt 0.1875 0.6250 0
vt 0.1563 0.6875 0
vt 0.1563 0.6250 0
vt 0.1563 0.5625 0
vt 0.1875 0.5625 0
vt 0.1250 0.5625 0
vt 0.0938 0.5625 0
vt 0.0625 0.7500 0
vt 0.0313 0.7500 0
vt 0.0313 0.6250 0
vt 0.0625 0.6250 0
vt 0.0000 0.7500 0
vt 0.0000 0.6250 0
vt 0.0313 0.5625 0
vt 0.0625 0.5625 0
vt 0.0000 0.5625 0
vt 0.0000 0.5000 0
vt 0.0313 0.9390 0
vt 0.0313 1.0000 0
vt 0.0467 0.9397 0
vt 0.0130 0.9381 0
vt 0.5071 0.5039 0
vt 0.5092 0.5046 0
vt 0.5156 0.5080 0
vt 0.5141 0.5070 0
vt 0.5223 0.5139 0
vt 0.5311 0.5273 0
vt 0.5255 0.5179 0
vt 0.5045 0.5033 0
vt 0.4783 0.5137 0
vt 0.4746 0.5183 0
vt 0.4846 0.5081 0
vt 0.4912 0.5046 0
vt 0.4879 0.5061 0
vt 0.4949 0.5035 0
vt 0.4973 0.5031 0
vt 0.4531 0.7500 0
vt 0.4660 0.5976 0
vt 0.4706 0.6082 0
vt 0.4630 0.5865 0
vt 0.4654 0.5957 0
vt 0.4612 0.5731 0
vt 0.4615 0.5565 0
vt 0.4612 0.5594 0
vt 0.4610 0.5685 0
vt 0.4635 0.5440 0
vt 0.4671 0.5324 0
vt 0.4644 0.5405 0
vt 0.4694 0.5272 0
vt 0.4972 0.6296 0
vt 0.4917 0.6283 0
vt 0.4882 0.6268 0
vt 0.4903 0.6277 0
vt 0.4763 0.6168 0
vt 0.4801 0.6209 0
vt 0.4740 0.6138 0
vt 0.4817 0.6224 0
vt 0.5204 0.6208 0
vt 0.5240 0.6169 0
vt 0.5262 0.6141 0
vt 0.5168 0.6239 0
vt 0.5074 0.6287 0
vt 0.5086 0.6283 0
vt 0.5006 0.6298 0
vt 0.5103 0.6277 0
vt 0.5347 0.5361 0
vt 0.5379 0.5489 0
vt 0.5360 0.5406 0
vt 0.5394 0.5686 0
vt 0.5394 0.5643 0
vt 0.5393 0.5625 0
vt 0.5383 0.5816 0
vt 0.5345 0.5973 0
vt 0.5356 0.5938 0
vt 0.5303 0.6072 0
vt 0.0000 1.0000 0
vt 0.0308 1.0000 0
vt 0.0000 0.0000 0
vt -0.0787 0.0100 0
vt -0.0787 0.0000 0
vt -0.0061 0.0000 0
vt -0.0050 0.0100 0
vt 3.1416 0.0100 0
vt 3.1416 0.0000 0
vt 3.6502 0.0000 0
vt 3.6502 0.0100 0
vt 4.1588 0.0000 0
vt 4.1588 0.0100 0
vt 4.6675 0.0000 0
vt 4.6675 0.0100 0
vt 5.1761 0.0000 0
vt 5.1761 0.0100 0
vt 5.6847 0.0000 0
vt 5.6847 0.0100 0
vt 6.1933 0.0000 0
vt 6.1933 0.0100 0
vt 0.4187 0.0000 0
vt 0.4187 0.0100 0
vt 0.9274 0.0000 0
vt 0.9274 0.0100 0
vt 1.4360 0.0000 0
vt 1.4360 0.0100 0
vt 1.9446 0.0000 0
vt 1.9446 0.0100 0
vt 2.4532 0.0000 0
vt 2.4532 0.0100 0
vt 0.0769 0.0100 0
vt 0.0049 0.0100 0
vt 0.0056 0.0000 0
vt 0.0769 0.0000 0
vt 0.0799 0.0046 0
vt 0.0849 0.0051 0
vt 0.0846 0.0086 0
vt 0.0793 0.0106 0
vt 0.0838 0.0149 0
vt 0.0783 0.0165 0
vt 0.0785 0.0332 0
vt 0.0725 0.0338 0
vt 0.0749 0.0282 0
vt 0.0743 0.0420 0
vt 0.0697 0.0393 0
vt 0.0719 0.0351 0
vt 0.0456 0.0658 0
vt 0.0496 0.0628 0
vt 0.0523 0.0685 0
vt 0.0824 0.0211 0
vt 0.0768 0.0224 0
vt 0.0807 0.0272 0
vt 0.0772 0.0362 0
vt 0.0539 0.0672 0
vt 0.0472 0.0722 0
vt 0.0445 0.0665 0
vt 0.0391 0.0698 0
vt 0.0457 0.0732 0
vt 0.0335 0.0726 0
vt 0.0376 0.0706 0
vt 0.0393 0.0770 0
vt 0.0711 0.0475 0
vt 0.0664 0.0446 0
vt 0.0615 0.0599 0
vt 0.0570 0.0643 0
vt 0.0543 0.0587 0
vt 0.0526 0.0603 0
vt 0.0499 0.0703 0
vt 0.0418 0.0756 0
vt 0.1351 0.0560 0
vt 0.1303 0.0521 0
vt 0.1309 0.0485 0
vt 0.1289 0.0590 0
vt 0.1322 0.0692 0
vt 0.1316 0.0716 0
vt 0.1265 0.0694 0
vt 0.1290 0.0807 0
vt 0.1244 0.0773 0
vt -0.1366 0.0408 0
vt -0.1381 0.0295 0
vt -0.1321 0.0340 0
vt 0.0588 0.0543 0
vt 0.0634 0.0578 0
vt 0.0366 0.0784 0
vt 0.0337 0.0798 0
vt 0.0279 0.0821 0
vt 0.0277 0.0751 0
vt 0.0290 0.0746 0
vt 0.1393 0.0237 0
vt 0.1339 0.0232 0
vt 0.1343 0.0161 0
vt 0.1391 0.0265 0
vt 0.1336 0.0270 0
vt 0.1383 0.0350 0
vt 0.1325 0.0378 0
vt 0.1375 0.0409 0
vt 0.1368 0.0462 0
vt 0.1346 0.0584 0
vt 0.1270 0.0674 0
vt -0.1254 0.0673 0
vt -0.1227 0.0767 0
vt -0.1293 0.0738 0
vt -0.1282 0.0561 0
vt -0.1255 0.0669 0
vt -0.1321 0.0630 0
vt -0.1291 0.0520 0
vt -0.1338 0.0560 0
vt -0.1346 0.0520 0
vt -0.1304 0.0451 0
vt -0.1317 0.0372 0
vt -0.1334 0.0228 0
vt 0.0675 0.0527 0
vt 0.0628 0.0496 0
vt 0.0216 0.0770 0
vt -0.1299 0.0716 0
vt -0.1385 0.0265 0
vt -0.1342 0.0115 0
vt -0.1392 0.0180 0
vt -0.1396 0.0129 0
vt -0.1399 0.0065 0
vt 0.0220 0.0840 0
vt 0.1399 0.0123 0
vt 0.1346 0.0050 0
vt 0.1254 0.0919 0
vt 0.1215 0.0865 0
vt -0.1345 0.0050 0
vt -0.1400 0.0000 0
vt 0.0154 0.0785 0
vt 0.1214 0.1026 0
vt 0.1182 0.0955 0
vt -0.1260 0.0843 0
vt 0.0159 0.0854 0
vt 0.0126 0.0860 0
vt 0.0065 0.0867 0
vt 0.0003 0.0870 0
vt 0.0027 0.0800 0
vt -0.1223 0.0945 0
vt -0.1193 0.0868 0
vt 0.0091 0.0795 0
vt 0.1147 0.1042 0
vt 0.1169 0.1129 0
vt 0.1108 0.1127 0
vt -0.1182 0.1043 0
vt -0.1155 0.0965 0
vt -0.0059 0.0868 0
vt -0.0038 0.0799 0
vt -0.0456 0.0658 0
vt -0.0409 0.0688 0
vt -0.0460 0.0730 0
vt 0.1121 0.1226 0
vt 0.1066 0.1210 0
vt -0.0931 0.1471 0
vt -0.0987 0.1394 0
vt -0.0922 0.1389 0
vt -0.1041 0.1313 0
vt -0.1091 0.1227 0
vt -0.1019 0.1240 0
vt -0.1138 0.1137 0
vt -0.1114 0.1060 0
vt -0.0102 0.0793 0
vt -0.0376 0.0706 0
vt -0.0351 0.0719 0
vt -0.0394 0.0770 0
vt -0.0434 0.0747 0
vt -0.0502 0.0701 0
vt -0.0464 0.0652 0
vt 0.1069 0.1318 0
vt 0.1020 0.1289 0
vt 0.1014 0.1404 0
vt 0.0973 0.1363 0
vt 0.0956 0.1484 0
vt 0.0925 0.1429 0
vt 0.0833 0.1627 0
vt 0.0789 0.1588 0
vt 0.0823 0.1552 0
vt -0.0966 0.1325 0
vt -0.1068 0.1152 0
vt -0.0121 0.0861 0
vt -0.0161 0.0854 0
vt -0.0370 0.0783 0
vt -0.0416 0.0758 0
vt -0.0486 0.0712 0
vt -0.0535 0.0674 0
vt -0.0843 0.0115 0
vt -0.0849 0.0051 0
vt -0.0798 0.0052 0
vt 0.0768 0.1609 0
vt 0.0769 0.1689 0
vt 0.0711 0.1661 0
vt -0.0166 0.0783 0
vt -0.0221 0.0839 0
vt -0.0280 0.0821 0
vt -0.0338 0.0798 0
vt -0.0291 0.0745 0
vt -0.0517 0.0611 0
vt -0.0781 0.0176 0
vt -0.0832 0.0178 0
vt -0.0839 0.0137 0
vt -0.0798 0.0051 0
vt 0.0896 0.1558 0
vt 0.0875 0.1492 0
vt -0.0873 0.1542 0
vt -0.0867 0.1460 0
vt -0.0229 0.0766 0
vt -0.0783 0.0337 0
vt -0.0745 0.0292 0
vt -0.0721 0.0347 0
vt -0.0765 0.0234 0
vt -0.0817 0.0240 0
vt -0.0826 0.0203 0
vt -0.0792 0.0116 0
vt -0.0793 0.0106 0
vt 0.0541 0.1786 0
vt 0.0600 0.1748 0
vt 0.0606 0.1817 0
vt 0.0568 0.1841 0
vt 0.0529 0.1864 0
vt 0.0511 0.1804 0
vt 0.0480 0.1820 0
vt 0.0216 0.1981 0
vt 0.0198 0.1984 0
vt 0.0191 0.1921 0
vt 0.0145 0.1992 0
vt 0.0145 0.1928 0
vt -0.0420 0.1898 0
vt -0.0391 0.1843 0
vt -0.0338 0.1865 0
vt -0.0622 0.1777 0
vt -0.0598 0.1720 0
vt -0.0535 0.1764 0
vt -0.0687 0.1726 0
vt -0.0623 0.1701 0
vt -0.0813 0.1609 0
vt -0.0810 0.1527 0
vt -0.0582 0.0632 0
vt -0.0626 0.0586 0
vt -0.0566 0.0566 0
vt -0.0756 0.0395 0
vt -0.0797 0.0301 0
vt -0.0807 0.0273 0
vt 0.0048 0.0064 0
vt 0.0015 0.0026 0
vt 0.0026 0.0015 0
vt 0.0703 0.1746 0
vt 0.0657 0.1706 0
vt 0.0636 0.1797 0
vt 0.0499 0.1880 0
vt 0.0287 0.1964 0
vt 0.0210 0.1918 0
vt 0.0107 0.1932 0
vt 0.0111 0.1996 0
vt 0.0074 0.1998 0
vt 0.0079 0.1935 0
vt -0.0069 0.1995 0
vt -0.0061 0.1932 0
vt -0.0025 0.1935 0
vt -0.0405 0.1836 0
vt -0.0488 0.1862 0
vt -0.0471 0.1802 0
vt -0.0751 0.1670 0
vt -0.0688 0.1647 0
vt -0.0750 0.1589 0
vt -0.0950 0.0000 0
vt -0.0920 0.0051 0
vt -0.1047 0.0051 0
vt -0.0689 0.0407 0
vt -0.0744 0.0419 0
vt 0.0073 0.0033 0
vt 0.0011 0.0079 0
vt 0.0000 0.0030 0
vt 0.0429 0.1914 0
vt 0.0418 0.1851 0
vt 0.0358 0.1942 0
vt 0.0354 0.1876 0
vt 0.0014 0.1936 0
vt 0.0023 0.2000 0
vt 0.0002 0.2000 0
vt -0.0093 0.1929 0
vt -0.0225 0.1903 0
vt -0.0237 0.1965 0
vt -0.0281 0.1952 0
vt -0.0291 0.1883 0
vt -0.0322 0.1938 0
vt -0.0350 0.1927 0
vt -0.1100 0.0000 0
vt -0.0611 0.0517 0
vt -0.0653 0.0555 0
vt -0.0691 0.0505 0
vt -0.0652 0.0464 0
vt -0.0699 0.0493 0
vt -0.0725 0.0451 0
vt -0.0719 0.0351 0
vt -0.0029 0.0074 0
vt -0.0015 0.0026 0
vt 0.0338 0.1882 0
vt 0.0274 0.1902 0
vt -0.0140 0.1986 0
vt -0.0159 0.1918 0
vt -0.0555 0.1822 0
vt -0.1247 0.0050 0
vt -0.1250 0.0000 0
vt 0.0950 0.0000 0
vt 0.0921 0.0051 0
vt 0.1084 0.0051 0
vt -0.0080 0.0000 0
vt -0.0026 0.0015 0
vt -0.0070 -0.0039 0
vt -0.0026 -0.0015 0
vt -0.0030 0.0000 0
vt -0.0210 0.1972 0
vt -0.1084 0.0051 0
vt 0.1100 0.0000 0
vt 0.1250 0.0000 0
vt 0.1196 0.0050 0
vt -0.0042 -0.0068 0
vt -0.0015 -0.0026 0
vt -0.0004 -0.0080 0
vt 0.0000 -0.0030 0
vt 0.0036 -0.0072 0
vt 0.0015 -0.0026 0
vt 0.0066 -0.0045 0
vt 0.0026 -0.0015 0
vt 0.0080 -0.0007 0
vt 0.0030 0.0000 0
vt 0.1400 0.0000 0
vt -0.0800 0.0000 0
vt 0.0800 0.0000 0
vt -0.0062 0.0051 0
vt 0.0015 0.0026 0
vt -0.0029 0.0074 0
vt 0.0011 0.0079 0
vt 0.0080 -0.0007 0
vt 0.0066 -0.0045 0
vt 0.0026 -0.0015 0
vt 0.0036 -0.0072 0
vt 0.0015 -0.0026 0
vt -0.0004 -0.0080 0
vt -0.0042 -0.0068 0
vt -0.0015 -0.0026 0
vt -0.0070 -0.0039 0
vt -0.0026 -0.0015 0
vt -0.0790 0.0027 0
vt -0.0788 0.0051 0
vt -0.0062 0.0051 0
vt 0.0048 0.0064 0
vt 0.0073 0.0033 0
vt 0.0026 0.0015 0
vt 0.0000 -0.0030 0
vt -0.0080 0.0000 0
vt -0.0030 0.0000 0
vt 0.0030 0.0000 0
vt -0.0015 0.0026 0
vt -0.0026 0.0015 0
vt 0.0000 0.0030 0
vt -0.0792 0.0000 0
vt -0.5236 0.0100 0
vt 0.0000 0.0100 0
vt 0.0000 0.0000 0
vt -1.0472 0.0100 0
vt -0.5236 0.0000 0
vt 4.7124 0.0100 0
vt -1.0472 0.0000 0
vt 4.1888 0.0100 0
vt 4.7124 0.0000 0
vt 3.6652 0.0100 0
vt 4.1888 0.0000 0
vt 3.1416 0.0100 0
vt 3.6652 0.0000 0
vt 2.6180 0.0100 0
vt 3.1416 0.0000 0
vt 2.0944 0.0100 0
vt 2.6180 0.0000 0
vt 1.5708 0.0100 0
vt 2.0944 0.0000 0
vt 1.0472 0.0100 0
vt 1.5708 0.0000 0
vt 0.5236 0.0100 0
vt 1.0472 0.0000 0
vt 0.5236 0.0000 0
f 3370/3370/3370 3368/3368/3368 3369/3369/3369
f 3368/3368/3368 3370/3370/3370 3371/3371/3371
f 3371/3371/3371 3372/3372/3372 3373/3373/3373
f 3376/3376/3376 3374/3374/3374 3375/3375/3375
f 3379/3379/3379 3377/3377/3377 3378/3378/3378
f 3382/3382/3382 3380/3380/3380 3381/3381/3381
f 3372/3372/3372 3371/3371/3371 3370/3370/3370
f 3373/3373/3373 3383/3383/3383 3384/3384/3384
f 3374/3374/3374 3376/3376/3376 3385/3385/3385
f 3377/3377/3377 3379/3379/3379 3386/3386/3386
f 3382/3382/3382 3381/3381/3381 3387/3387/3387
f 3380/3380/3380 3388/3388/3388 3389/3389/3389
f 3391/3391/3391 3390/3390/3390 3389/3389/3389
f 3394/3394/3394 3392/3392/3392 3393/3393/3393
f 3383/3383/3383 3373/3373/3373 3372/3372/3372
f 3384/3384/3384 3385/3385/3385 3376/3376/3376
f 3386/3386/3386 3379/3379/3379 3375/3375/3375
f 3378/3378/3378 3395/3395/3395 3396/3396/3396
f 3399/3399/3399 3397/3397/3397 3398/3398/3398
f 3400/3400/3400 3387/3387/3387 3381/3381/3381
f 3388/3388/3388 3380/3380/3380 3401/3401/3401
f 3391/3391/3391 3389/3389/3389 3388/3388/3388
f 3394/3394/3394 3393/3393/3393 3402/3402/3402
f 3405/3405/3405 3403/3403/3403 3404/3404/3404
f 3403/3403/3403 3406/3406/3406 3404/3404/3404
f 3409/3409/3409 3407/3407/3407 3408/3408/3408
f 3411/3411/3411 3408/3408/3408 3410/3410/3410
f 3414/3414/3414 3412/3412/3412 3413/3413/3413
f 3385/3385/3385 3384/3384/3384 3383/3383/3383
f 3395/3395/3395 3378/3378/3378 3377/3377/3377
f 3397/3397/3397 3415/3415/3415 3416/3416/3416
f 3387/3387/3387 3400/3400/3400 3398/3398/3398
f 3390/3390/3390 3391/3391/3391 3402/3402/3402
f 3392/3392/3392 3394/3394/3394 3417/3417/3417
f 3418/3418/3418 3392/3392/3392 3417/3417/3417
f 3421/3421/3421 3419/3419/3419 3420/3420/3420
f 3424/3424/3424 3422/3422/3422 3423/3423/3423
f 3425/3425/3425 3423/3423/3423 3422/3422/3422
f 3427/3427/3427 3426/3426/3426 3425/3425/3425
f 3430/3430/3430 3428/3428/3428 3429/3429/3429
f 3406/3406/3406 3403/3403/3403 3431/3431/3431
f 3406/3406/3406 3407/3407/3407 3432/3432/3432
f 3408/3408/3408 3411/3411/3411 3409/3409/3409
f 3435/3435/3435 3433/3433/3433 3434/3434/3434
f 3438/3438/3438 3436/3436/3436 3437/3437/3437
f 3440/3440/3440 3439/3439/3439 3436/3436/3436
f 3442/3442/3442 3441/3441/3441 3412/3412/3412
f 3412/3412/3412 3414/3414/3414 3443/3443/3443
f 3413/3413/3413 3444/3444/3444 3414/3414/3414
f 3375/3375/3375 3374/3374/3374 3386/3386/3386
f 3396/3396/3396 3445/3445/3445 3446/3446/3446
f 3398/3398/3398 3400/3400/3400 3399/3399/3399
f 3402/3402/3402 3393/3393/3393 3390/3390/3390
f 3419/3419/3419 3421/3421/3421 3418/3418/3418
f 3419/3419/3419 3447/3447/3447 3420/3420/3420
f 3423/3423/3423 3425/3425/3425 3426/3426/3426
f 3426/3426/3426 3427/3427/3427 3428/3428/3428
f 3403/3403/3403 3405/3405/3405 3430/3430/3430
f 3407/3407/3407 3409/3409/3409 3432/3432/3432
f 3433/3433/3433 3448/3448/3448 3437/3437/3437
f 3438/3438/3438 3437/3437/3437 3448/3448/3448
f 3441/3441/3441 3442/3442/3442 3439/3439/3439
f 3444/3444/3444 3413/3413/3413 3449/3449/3449
f 3451/3451/3451 3450/3450/3450 3444/3444/3444
f 3453/3453/3453 3450/3450/3450 3452/3452/3452
f 3445/3445/3445 3396/3396/3396 3395/3395/3395
f 3446/3446/3446 3416/3416/3416 3415/3415/3415
f 3380/3380/3380 3382/3382/3382 3401/3401/3401
f 3447/3447/3447 3419/3419/3419 3454/3454/3454
f 3456/3456/3456 3455/3455/3455 3424/3424/3424
f 3428/3428/3428 3427/3427/3427 3429/3429/3429
f 3407/3407/3407 3406/3406/3406 3431/3431/3431
f 3458/3458/3458 3410/3410/3410 3457/3457/3457
f 3436/3436/3436 3438/3438/3438 3440/3440/3440
f 3412/3412/3412 3443/3443/3443 3442/3442/3442
f 3451/3451/3451 3444/3444/3444 3449/3449/3449
f 3450/3450/3450 3453/3453/3453 3459/3459/3459
f 3416/3416/3416 3446/3446/3446 3445/3445/3445
f 3392/3392/3392 3418/3418/3418 3421/3421/3421
f 3422/3422/3422 3424/3424/3424 3455/3455/3455
f 3410/3410/3410 3458/3458/3458 3411/3411/3411
f 3439/3439/3439 3440/3440/3440 3441/3441/3441
f 3459/3459/3459 3453/3453/3453 3460/3460/3460
f 3397/3397/3397 3399/3399/3399 3415/3415/3415
f 3454/3454/3454 3461/3461/3461 3447/3447/3447
f 3428/3428/3428 3430/3430/3430 3405/3405/3405
f 3463/3463/3463 3457/3457/3457 3462/3462/3462
f 3434/3434/3434 3464/3464/3464 3435/3435/3435
f 3450/3450/3450 3451/3451/3451 3452/3452/3452
f 3461/3461/3461 3454/3454/3454 3465/3465/3465
f 3466/3466/3466 3461/3461/3461 3465/3465/3465
f 3469/3469/3469 3467/3467/3467 3468/3468/3468
f 3457/3457/3457 3463/3463/3463 3458/3458/3458
f 3471/3471/3471 3470/3470/3470 3464/3464/3464
f 3433/3433/3433 3435/3435/3435 3448/3448/3448
f 3461/3461/3461 3466/3466/3466 3472/3472/3472
f 3467/3467/3467 3472/3472/3472 3466/3466/3466
f 3463/3463/3463 3462/3462/3462 3473/3473/3473
f 3473/3473/3473 3474/3474/3474 3475/3475/3475
f 3477/3477/3477 3476/3476/3476 3470/3470/3470
f 3464/3464/3464 3434/3434/3434 3471/3471/3471
f 3467/3467/3467 3469/3469/3469 3472/3472/3472
f 3479/3479/3479 3468/3468/3468 3478/3478/3478
f 3482/3482/3482 3480/3480/3480 3481/3481/3481
f 3474/3474/3474 3473/3473/3473 3462/3462/3462
f 3475/3475/3475 3483/3483/3483 3484/3484/3484
f 3487/3487/3487 3485/3485/3485 3486/3486/3486
f 3490/3490/3490 3488/3488/3488 3489/3489/3489
f 3492/3492/3492 3491/3491/3491 3476/3476/3476
f 3470/3470/3470 3471/3471/3471 3477/3477/3477
f 3468/3468/3468 3479/3479/3479 3469/3469/3469
f 3478/3478/3478 3493/3493/3493 3479/3479/3479
f 3496/3496/3496 3494/3494/3494 3495/3495/3495
f 3482/3482/3482 3481/3481/3481 3497/3497/3497
f 3480/3480/3480 3498/3498/3498 3499/3499/3499
f 3483/3483/3483 3475/3475/3475 3474/3474/3474
f 3484/3484/3484 3500/3500/3500 3501/3501/3501
f 3503/3503/3503 3500/3500/3500 3502/3502/3502
f 3505/3505/3505 3502/3502/3502 3504/3504/3504
f 3508/3508/3508 3506/3506/3506 3507/3507/3507
f 3487/3487/3487 3486/3486/3486 3509/3509/3509
f 3488/3488/3488 3509/3509/3509 3486/3486/3486
f 3510/3510/3510 3489/3489/3489 3491/3491/3491
f 3476/3476/3476 3477/3477/3477 3492/3492/3492
f 3493/3493/3493 3478/3478/3478 3511/3511/3511
f 3512/3512/3512 3493/3493/3493 3511/3511/3511
f 3496/3496/3496 3495/3495/3495 3513/3513/3513
f 3497/3497/3497 3494/3494/3494 3514/3514/3514
f 3498/3498/3498 3480/3480/3480 3515/3515/3515
f 3516/3516/3516 3499/3499/3499 3498/3498/3498
f 3519/3519/3519 3517/3517/3517 3518/3518/3518
f 3500/3500/3500 3484/3484/3484 3483/3483/3483
f 3502/3502/3502 3505/3505/3505 3503/3503/3503
f 3507/3507/3507 3506/3506/3506 3520/3520/3520
f 3520/3520/3520 3521/3521/3521 3522/3522/3522
f 3488/3488/3488 3490/3490/3490 3509/3509/3509
f 3491/3491/3491 3492/3492/3492 3510/3510/3510
f 3493/3493/3493 3512/3512/3512 3523/3523/3523
f 3524/3524/3524 3523/3523/3523 3512/3512/3512
f 3527/3527/3527 3525/3525/3525 3526/3526/3526
f 3494/3494/3494 3497/3497/3497 3481/3481/3481
f 3499/3499/3499 3516/3516/3516 3528/3528/3528
f 3531/3531/3531 3529/3529/3529 3530/3530/3530
f 3519/3519/3519 3518/3518/3518 3532/3532/3532
f 3500/3500/3500 3503/3503/3503 3501/3501/3501
f 3534/3534/3534 3504/3504/3504 3533/3533/3533
f 3521/3521/3521 3520/3520/3520 3506/3506/3506
f 3536/3536/3536 3535/3535/3535 3485/3485/3485
f 3489/3489/3489 3510/3510/3510 3490/3490/3490
f 3523/3523/3523 3524/3524/3524 3537/3537/3537
f 3525/3525/3525 3537/3537/3537 3524/3524/3524
f 3526/3526/3526 3495/3495/3495 3527/3527/3527
f 3480/3480/3480 3482/3482/3482 3515/3515/3515
f 3540/3540/3540 3538/3538/3538 3539/3539/3539
f 3543/3543/3543 3541/3541/3541 3542/3542/3542
f 3529/3529/3529 3531/3531/3531 3544/3544/3544
f 3517/3517/3517 3519/3519/3519 3545/3545/3545
f 3504/3504/3504 3534/3534/3534 3505/3505/3505
f 3506/3506/3506 3508/3508/3508 3533/3533/3533
f 3548/3548/3548 3546/3546/3546 3547/3547/3547
f 3551/3551/3551 3549/3549/3549 3550/3550/3550
f 3550/3550/3550 3552/3552/3552 3551/3551/3551
f 3555/3555/3555 3553/3553/3553 3554/3554/3554
f 3557/3557/3557 3554/3554/3554 3556/3556/3556
f 3560/3560/3560 3558/3558/3558 3559/3559/3559
f 3563/3563/3563 3561/3561/3561 3562/3562/3562
f 3565/3565/3565 3561/3561/3561 3564/3564/3564
f 3567/3567/3567 3566/3566/3566 3535/3535/3535
f 3485/3485/3485 3487/3487/3487 3536/3536/3536
f 3525/3525/3525 3527/3527/3527 3537/3537/3537
f 3494/3494/3494 3496/3496/3496 3514/3514/3514
f 3570/3570/3570 3568/3568/3568 3569/3569/3569
f 3538/3538/3538 3540/3540/3540 3571/3571/3571
f 3573/3573/3573 3539/3539/3539 3572/3572/3572
f 3541/3541/3541 3543/3543/3543 3529/3529/3529
f 3517/3517/3517 3545/3545/3545 3544/3544/3544
f 3576/3576/3576 3574/3574/3574 3575/3575/3575
f 3533/3533/3533 3508/3508/3508 3534/3534/3534
f 3522/3522/3522 3577/3577/3577 3578/3578/3578
f 3548/3548/3548 3547/3547/3547 3579/3579/3579
f 3552/3552/3552 3550/3550/3550 3580/3580/3580
f 3582/3582/3582 3581/3581/3581 3553/3553/3553
f 3554/3554/3554 3557/3557/3557 3555/3555/3555
f 3556/3556/3556 3583/3583/3583 3557/3557/3557
f 3586/3586/3586 3584/3584/3584 3585/3585/3585
f 3589/3589/3589 3587/3587/3587 3588/3588/3588
f 3559/3559/3559 3558/3558/3558 3590/3590/3590
f 3590/3590/3590 3591/3591/3591 3592/3592/3592
f 3561/3561/3561 3565/3565/3565 3562/3562/3562
f 3594/3594/3594 3564/3564/3564 3593/3593/3593
f 3595/3595/3595 3593/3593/3593 3566/3566/3566
f 3535/3535/3535 3536/3536/3536 3567/3567/3567
f 3598/3598/3598 3596/3596/3596 3597/3597/3597
f 3495/3495/3495 3526/3526/3526 3513/3513/3513
f 3568/3568/3568 3528/3528/3528 3516/3516/3516
f 3571/3571/3571 3599/3599/3599 3600/3600/3600
f 3539/3539/3539 3538/3538/3538 3572/3572/3572
f 3539/3539/3539 3573/3573/3573 3541/3541/3541
f 3544/3544/3544 3531/3531/3531 3517/3517/3517
f 3574/3574/3574 3576/3576/3576 3601/3601/3601
f 3575/3575/3575 3602/3602/3602 3603/3603/3603
f 3577/3577/3577 3522/3522/3522 3521/3521/3521
f 3578/3578/3578 3579/3579/3579 3547/3547/3547
f 3549/3549/3549 3551/3551/3551 3546/3546/3546
f 3605/3605/3605 3580/3580/3580 3604/3604/3604
f 3607/3607/3607 3604/3604/3604 3606/3606/3606
f 3553/3553/3553 3555/3555/3555 3582/3582/3582
f 3584/3584/3584 3586/3586/3586 3583/3583/3583
f 3610/3610/3610 3608/3608/3608 3609/3609/3609
f 3588/3588/3588 3587/3587/3587 3611/3611/3611
f 3614/3614/3614 3612/3612/3612 3613/3613/3613
f 3617/3617/3617 3615/3615/3615 3616/3616/3616
f 3591/3591/3591 3590/3590/3590 3558/3558/3558
f 3564/3564/3564 3594/3594/3594 3565/3565/3565
f 3566/3566/3566 3567/3567/3567 3595/3595/3595
f 3596/3596/3596 3598/3598/3598 3618/3618/3618
f 3518/3518/3518 3596/3596/3596 3532/3532/3532
f 3568/3568/3568 3570/3570/3570 3528/3528/3528
f 3569/3569/3569 3619/3619/3619 3570/3570/3570
f 3621/3621/3621 3619/3619/3619 3620/3620/3620
f 3624/3624/3624 3622/3622/3622 3623/3623/3623
f 3571/3571/3571 3540/3540/3540 3625/3625/3625
f 3529/3529/3529 3543/3543/3543 3530/3530/3530
f 3602/3602/3602 3575/3575/3575 3574/3574/3574
f 3603/3603/3603 3626/3626/3626 3627/3627/3627
f 3579/3579/3579 3578/3578/3578 3577/3577/3577
f 3580/3580/3580 3605/3605/3605 3552/3552/3552
f 3607/3607/3607 3606/3606/3606 3628/3628/3628
f 3629/3629/3629 3606/3606/3606 3581/3581/3581
f 3583/3583/3583 3556/3556/3556 3584/3584/3584
f 3609/3609/3609 3586/3586/3586 3585/3585/3585
f 3587/3587/3587 3589/3589/3589 3610/3610/3610
f 3611/3611/3611 3630/3630/3630 3631/3631/3631
f 3612/3612/3612 3614/3614/3614 3615/3615/3615
f 3558/3558/3558 3560/3560/3560 3617/3617/3617
f 3592/3592/3592 3632/3632/3632 3563/3563/3563
f 3593/3593/3593 3595/3595/3595 3594/3594/3594
f 3618/3618/3618 3633/3633/3633 3634/3634/3634
f 3596/3596/3596 3518/3518/3518 3597/3597/3597
f 3619/3619/3619 3569/3569/3569 3620/3620/3620
f 3619/3619/3619 3621/3621/3621 3622/3622/3622
f 3622/3622/3622 3624/3624/3624 3599/3599/3599
f 3541/3541/3541 3573/3573/3573 3542/3542/3542
f 3369/3369/3369 3635/3635/3635 3636/3636/3636
f 3635/3635/3635 3637/3637/3637 3636/3636/3636
f 3626/3626/3626 3603/3603/3603 3602/3602/3602
f 3639/3639/3639 3626/3626/3626 3638/3638/3638
f 3642/3642/3642 3640/3640/3640 3641/3641/3641
f 3546/3546/3546 3548/3548/3548 3549/3549/3549
f 3606/3606/3606 3629/3629/3629 3628/3628/3628
f 3586/3586/3586 3609/3609/3609 3608/3608/3608
f 3630/3630/3630 3611/3611/3611 3587/3587/3587
f 3631/3631/3631 3643/3643/3643 3612/3612/3612
f 3615/3615/3615 3617/3617/3617 3560/3560/3560
f 3561/3561/3561 3563/3563/3563 3632/3632/3632
f 3459/3459/3459 3634/3634/3634 3633/3633/3633
f 3618/3618/3618 3598/3598/3598 3644/3644/3644
f 3622/3622/3622 3621/3621/3621 3623/3623/3623
f 3599/3599/3599 3571/3571/3571 3625/3625/3625
f 3637/3637/3637 3635/3635/3635 3645/3645/3645
f 3647/3647/3647 3645/3645/3645 3646/3646/3646
f 3626/3626/3626 3639/3639/3639 3627/3627/3627
f 3640/3640/3640 3642/3642/3642 3638/3638/3638
f 3641/3641/3641 3648/3648/3648 3649/3649/3649
f 3649/3649/3649 3650/3650/3650 3651/3651/3651
f 3651/3651/3651 3652/3652/3652 3653/3653/3653
f 3653/3653/3653 3654/3654/3654 3655/3655/3655
f 3655/3655/3655 3656/3656/3656 3657/3657/3657
f 3604/3604/3604 3607/3607/3607 3605/3605/3605
f 3608/3608/3608 3610/3610/3610 3589/3589/3589
f 3643/3643/3643 3631/3631/3631 3630/3630/3630
f 3632/3632/3632 3592/3592/3592 3591/3591/3591
f 3633/3633/3633 3618/3618/3618 3644/3644/3644
f 3599/3599/3599 3624/3624/3624 3600/3600/3600
f 3645/3645/3645 3647/3647/3647 3637/3637/3637
f 3456/3456/3456 3646/3646/3646 3658/3658/3658
f 3638/3638/3638 3642/3642/3642 3639/3639/3639
f 3650/3650/3650 3649/3649/3649 3648/3648/3648
f 3455/3455/3455 3456/3456/3456 3658/3658/3658
f 3601/3601/3601 3576/3576/3576 3657/3657/3657
f 3532/3532/3532 3638/3638/3638 3661/3661/3661
f 3634/3634/3634 3459/3459/3459 3460/3460/3460
f 3652/3652/3652 3651/3651/3651 3650/3650/3650
f 3635/3635/3635 3369/3369/3369 3660/3660/3660
f 3612/3612/3612 3643/3643/3643 3613/3613/3613
f 3659/3659/3659 3532/3532/3532 3596/3596/3596
f 3657/3657/3657 3656/3656/3656 3601/3601/3601
f 3648/3648/3648 3641/3641/3641 3640/3640/3640
f 3646/3646/3646 3456/3456/3456 3647/3647/3647
f 3369/3369/3369 3368/3368/3368 3660/3660/3660
f 3615/3615/3615 3614/3614/3614 3616/3616/3616
f 3581/3581/3581 3582/3582/3582 3629/3629/3629
f 3638/3638/3638 3532/3532/3532 3659/3659/3659
f 3656/3656/3656 3655/3655/3655 3654/3654/3654
f 3654/3654/3654 3653/3653/3653 3652/3652/3652
f 3661/3661/3661 3638/3638/3638 3626/3626/3626
f 2350/2350/2350 2341/2341/2341 2349/2349/2349
f 2367/2367/2367 2365/2365/2365 2366/2366/2366
f 2370/2370/2370 2368/2368/2368 2369/2369/2369
f 2353/2353/2353 2371/2371/2371 2354/2354/2354
f 2355/2355/2355 2357/2357/2357 2352/2352/2352
f 2356/2356/2356 2372/2372/2372 2357/2357/2357
f 2358/2358/2358 2360/2360/2360 2373/2373/2373
f 2359/2359/2359 2374/2374/2374 2375/2375/2375
f 2378/2378/2378 2376/2376/2376 2377/2377/2377
f 2377/2377/2377 2379/2379/2379 2378/2378/2378
f 2361/2361/2361 2380/2380/2380 2362/2362/2362
f 2342/2342/2342 2344/2344/2344 2363/2363/2363
f 2338/2338/2338 2340/2340/2340 2364/2364/2364
f 2381/2381/2381 2351/2351/2351 2350/2350/2350
f 2384/2384/2384 2382/2382/2382 2383/2383/2383
f 2365/2365/2365 2385/2385/2385 2386/2386/2386
f 2387/2387/2387 2386/2386/2386 2385/2385/2385
f 2368/2368/2368 2370/2370/2370 2388/2388/2388
f 2369/2369/2369 2389/2389/2389 2370/2370/2370
f 2371/2371/2371 2353/2353/2353 2390/2390/2390
f 2372/2372/2372 2356/2356/2356 2391/2391/2391
f 2393/2393/2393 2392/2392/2392 2373/2373/2373
f 2374/2374/2374 2359/2359/2359 2358/2358/2358
f 2376/2376/2376 2394/2394/2394 2395/2395/2395
f 2380/2380/2380 2361/2361/2361 2379/2379/2379
f 2346/2346/2346 2348/2348/2348 2345/2345/2345
f 2351/2351/2351 2381/2381/2381 2396/2396/2396
f 2399/2399/2399 2397/2397/2397 2398/2398/2398
f 2382/2382/2382 2384/2384/2384 2400/2400/2400
f 2402/2402/2402 2400/2400/2400 2401/2401/2401
f 2405/2405/2405 2403/2403/2403 2404/2404/2404
f 2366/2366/2366 2406/2406/2406 2367/2367/2367
f 2386/2386/2386 2387/2387/2387 2407/2407/2407
f 2410/2410/2410 2408/2408/2408 2409/2409/2409
f 2412/2412/2412 2411/2411/2411 2368/2368/2368
f 2389/2389/2389 2369/2369/2369 2413/2413/2413
f 2414/2414/2414 2389/2389/2389 2413/2413/2413
f 2416/2416/2416 2415/2415/2415 2371/2371/2371
f 2352/2352/2352 2354/2354/2354 2355/2355/2355
f 2373/2373/2373 2360/2360/2360 2393/2393/2393
f 2375/2375/2375 2417/2417/2417 2418/2418/2418
f 2420/2420/2420 2394/2394/2394 2419/2419/2419
f 2379/2379/2379 2377/2377/2377 2380/2380/2380
f 2396/2396/2396 2381/2381/2381 2421/2421/2421
f 2397/2397/2397 2399/2399/2399 2382/2382/2382
f 2400/2400/2400 2402/2402/2402 2422/2422/2422
f 2403/2403/2403 2405/2405/2405 2423/2423/2423
f 2425/2425/2425 2424/2424/2424 2406/2406/2406
f 2365/2365/2365 2367/2367/2367 2385/2385/2385
f 2407/2407/2407 2426/2426/2426 2427/2427/2427
f 2408/2408/2408 2410/2410/2410 2428/2428/2428
f 2430/2430/2430 2429/2429/2429 2428/2428/2428
f 2368/2368/2368 2388/2388/2388 2412/2412/2412
f 2389/2389/2389 2414/2414/2414 2431/2431/2431
f 2371/2371/2371 2390/2390/2390 2416/2416/2416
f 2372/2372/2372 2432/2432/2432 2433/2433/2433
f 2433/2433/2433 2392/2392/2392 2434/2434/2434
f 2417/2417/2417 2375/2375/2375 2374/2374/2374
f 2437/2437/2437 2435/2435/2435 2436/2436/2436
f 2440/2440/2440 2438/2438/2438 2439/2439/2439
f 2420/2420/2420 2419/2419/2419 2441/2441/2441
f 2361/2361/2361 2363/2363/2363 2344/2344/2344
f 2442/2442/2442 2396/2396/2396 2421/2421/2421
f 2400/2400/2400 2384/2384/2384 2401/2401/2401
f 2422/2422/2422 2423/2423/2423 2405/2405/2405
f 2424/2424/2424 2425/2425/2425 2404/2404/2404
f 2426/2426/2426 2407/2407/2407 2387/2387/2387
f 2429/2429/2429 2430/2430/2430 2443/2443/2443
f 2445/2445/2445 2443/2443/2443 2444/2444/2444
f 2447/2447/2447 2444/2444/2444 2446/2446/2446
f 2450/2450/2450 2448/2448/2448 2449/2449/2449
f 2453/2453/2453 2451/2451/2451 2452/2452/2452
f 2431/2431/2431 2414/2414/2414 2454/2454/2454
f 2455/2455/2455 2454/2454/2454 2415/2415/2415
f 2432/2432/2432 2372/2372/2372 2391/2391/2391
f 2392/2392/2392 2393/2393/2393 2434/2434/2434
f 2458/2458/2458 2456/2456/2456 2457/2457/2457
f 2460/2460/2460 2459/2459/2459 2457/2457/2457
f 2436/2436/2436 2435/2435/2435 2461/2461/2461
f 2461/2461/2461 2462/2462/2462 2463/2463/2463
f 2463/2463/2463 2464/2464/2464 2465/2465/2465
f 2438/2438/2438 2440/2440/2440 2464/2464/2464
f 2376/2376/2376 2378/2378/2378 2394/2394/2394
f 2396/2396/2396 2442/2442/2442 2397/2397/2397
f 2423/2423/2423 2422/2422/2422 2402/2402/2402
f 2406/2406/2406 2366/2366/2366 2425/2425/2425
f 2468/2468/2468 2466/2466/2466 2467/2467/2467
f 2471/2471/2471 2469/2469/2469 2470/2470/2470
f 2472/2472/2472 2469/2469/2469 2409/2409/2409
f 2473/2473/2473 2409/2409/2409 2408/2408/2408
f 2443/2443/2443 2445/2445/2445 2429/2429/2429
f 2444/2444/2444 2447/2447/2447 2474/2474/2474
f 2450/2450/2450 2449/2449/2449 2475/2475/2475
f 2477/2477/2477 2449/2449/2449 2476/2476/2476
f 2479/2479/2479 2476/2476/2476 2478/2478/2478
f 2481/2481/2481 2480/2480/2480 2451/2451/2451
f 2451/2451/2451 2453/2453/2453 2482/2482/2482
f 2484/2484/2484 2452/2452/2452 2483/2483/2483
f 2485/2485/2485 2483/2483/2483 2411/2411/2411
f 2454/2454/2454 2455/2455/2455 2431/2431/2431
f 2392/2392/2392 2433/2433/2433 2432/2432/2432
f 2487/2487/2487 2456/2456/2456 2486/2486/2486
f 2458/2458/2458 2457/2457/2457 2459/2459/2459
f 2459/2459/2459 2460/2460/2460 2488/2488/2488
f 2462/2462/2462 2461/2461/2461 2435/2435/2435
f 2464/2464/2464 2440/2440/2440 2465/2465/2465
f 2397/2397/2397 2442/2442/2442 2398/2398/2398
f 2404/2404/2404 2403/2403/2403 2424/2424/2424
f 2427/2427/2427 2466/2466/2466 2489/2489/2489
f 2468/2468/2468 2467/2467/2467 2490/2490/2490
f 2493/2493/2493 2491/2491/2491 2492/2492/2492
f 2496/2496/2496 2494/2494/2494 2495/2495/2495
f 2469/2469/2469 2471/2471/2471 2497/2497/2497
f 2409/2409/2409 2473/2473/2473 2472/2472/2472
f 2444/2444/2444 2474/2474/2474 2445/2445/2445
f 2499/2499/2499 2446/2446/2446 2498/2498/2498
f 2502/2502/2502 2500/2500/2500 2501/2501/2501
f 2503/2503/2503 2501/2501/2501 2500/2500/2500
f 2505/2505/2505 2504/2504/2504 2503/2503/2503
f 2507/2507/2507 2448/2448/2448 2506/2506/2506
f 2449/2449/2449 2477/2477/2477 2475/2475/2475
f 2476/2476/2476 2479/2479/2479 2508/2508/2508
f 2509/2509/2509 2478/2478/2478 2480/2480/2480
f 2451/2451/2451 2482/2482/2482 2481/2481/2481
f 2483/2483/2483 2485/2485/2485 2484/2484/2484
f 2415/2415/2415 2416/2416/2416 2455/2455/2455
f 2418/2418/2418 2510/2510/2510 2511/2511/2511
f 2514/2514/2514 2512/2512/2512 2513/2513/2513
f 2456/2456/2456 2487/2487/2487 2515/2515/2515
f 2488/2488/2488 2460/2460/2460 2516/2516/2516
f 2464/2464/2464 2463/2463/2463 2462/2462/2462
f 2439/2439/2439 2517/2517/2517 2518/2518/2518
f 2382/2382/2382 2399/2399/2399 2383/2383/2383
f 2466/2466/2466 2468/2468/2468 2489/2489/2489
f 2493/2493/2493 2492/2492/2492 2519/2519/2519
f 2494/2494/2494 2496/2496/2496 2520/2520/2520
f 2522/2522/2522 2497/2497/2497 2521/2521/2521
f 2469/2469/2469 2472/2472/2472 2470/2470/2470
f 2447/2447/2447 2446/2446/2446 2523/2523/2523
f 2499/2499/2499 2498/2498/2498 2502/2502/2502
f 2501/2501/2501 2503/2503/2503 2504/2504/2504
f 2504/2504/2504 2505/2505/2505 2524/2524/2524
f 2448/2448/2448 2450/2450/2450 2506/2506/2506
f 2478/2478/2478 2509/2509/2509 2479/2479/2479
f 2452/2452/2452 2484/2484/2484 2453/2453/2453
f 2510/2510/2510 2418/2418/2418 2417/2417/2417
f 2514/2514/2514 2513/2513/2513 2525/2525/2525
f 2512/2512/2512 2526/2526/2526 2527/2527/2527
f 2529/2529/2529 2515/2515/2515 2528/2528/2528
f 2456/2456/2456 2458/2458/2458 2486/2486/2486
f 2530/2530/2530 2488/2488/2488 2516/2516/2516
f 2533/2533/2533 2531/2531/2531 2532/2532/2532
f 2532/2532/2532 2534/2534/2534 2437/2437/2437
f 2517/2517/2517 2439/2439/2439 2438/2438/2438
f 2441/2441/2441 2518/2518/2518 2517/2517/2517
f 2466/2466/2466 2427/2427/2427 2426/2426/2426
f 2490/2490/2490 2535/2535/2535 2536/2536/2536
f 2537/2537/2537 2492/2492/2492 2536/2536/2536
f 2491/2491/2491 2493/2493/2493 2538/2538/2538
f 2496/2496/2496 2495/2495/2495 2539/2539/2539
f 2541/2541/2541 2522/2522/2522 2540/2540/2540
f 2497/2497/2497 2471/2471/2471 2521/2521/2521
f 2446/2446/2446 2499/2499/2499 2523/2523/2523
f 2524/2524/2524 2505/2505/2505 2542/2542/2542
f 2543/2543/2543 2524/2524/2524 2542/2542/2542
f 2476/2476/2476 2508/2508/2508 2477/2477/2477
f 2411/2411/2411 2412/2412/2412 2485/2485/2485
f 2526/2526/2526 2512/2512/2512 2544/2544/2544
f 2527/2527/2527 2545/2545/2545 2546/2546/2546
f 2549/2549/2549 2547/2547/2547 2548/2548/2548
f 2548/2548/2548 2550/2550/2550 2529/2529/2529
f 2515/2515/2515 2487/2487/2487 2528/2528/2528
f 2488/2488/2488 2530/2530/2530 2551/2551/2551
f 2534/2534/2534 2532/2532/2532 2531/2531/2531
f 2518/2518/2518 2441/2441/2441 2419/2419/2419
f 2535/2535/2535 2490/2490/2490 2467/2467/2467
f 2537/2537/2537 2536/2536/2536 2535/2535/2535
f 2494/2494/2494 2520/2520/2520 2491/2491/2491
f 2539/2539/2539 2552/2552/2552 2540/2540/2540
f 2541/2541/2541 2540/2540/2540 2552/2552/2552
f 2428/2428/2428 2410/2410/2410 2430/2430/2430
f 2524/2524/2524 2543/2543/2543 2507/2507/2507
f 2480/2480/2480 2481/2481/2481 2509/2509/2509
f 2511/2511/2511 2525/2525/2525 2513/2513/2513
f 2545/2545/2545 2527/2527/2527 2526/2526/2526
f 2550/2550/2550 2548/2548/2548 2547/2547/2547
f 2551/2551/2551 2530/2530/2530 2553/2553/2553
f 2435/2435/2435 2437/2437/2437 2534/2534/2534
f 2492/2492/2492 2537/2537/2537 2519/2519/2519
f 2552/2552/2552 2539/2539/2539 2495/2495/2495
f 2497/2497/2497 2522/2522/2522 2554/2554/2554
f 2448/2448/2448 2507/2507/2507 2543/2543/2543
f 2512/2512/2512 2514/2514/2514 2544/2544/2544
f 2343/2343/2343 2345/2345/2345 2348/2348/2348
f 2515/2515/2515 2529/2529/2529 2550/2550/2550
f 2394/2394/2394 2420/2420/2420 2395/2395/2395
f 2522/2522/2522 2541/2541/2541 2554/2554/2554
f 2525/2525/2525 2511/2511/2511 2510/2510/2510
f 2547/2547/2547 2549/2549/2549 2555/2555/2555
f 2553/2553/2553 2533/2533/2533 2551/2551/2551
f 2491/2491/2491 2538/2538/2538 2494/2494/2494
f 2555/2555/2555 2546/2546/2546 2545/2545/2545
f 2531/2531/2531 2533/2533/2533 2556/2556/2556
f 2533/2533/2533 2553/2553/2553 2556/2556/2556
f 2500/2500/2500 2502/2502/2502 2498/2498/2498
f 2363/2363/2363 2361/2361/2361 2362/2362/2362
f 2360/2360/2360 2358/2358/2358 2359/2359/2359
f 2357/2357/2357 2355/2355/2355 2356/2356/2356
f 2354/2354/2354 2352/2352/2352 2353/2353/2353
f 2341/2341/2341 2350/2350/2350 2351/2351/2351
f 2341/2341/2341 2338/2338/2338 2349/2349/2349
f 2346/2346/2346 2340/2340/2340 2347/2347/2347
f 2348/2348/2348 2346/2346/2346 2347/2347/2347
f 2345/2345/2345 2343/2343/2343 2342/2342/2342
f 2344/2344/2344 2342/2342/2342 2343/2343/2343
f 2338/2338/2338 2341/2341/2341 2339/2339/2339
f 2340/2340/2340 2338/2338/2338 2339/2339/2339
f 2340/2340/2340 2346/2346/2346 2364/2364/2364
f 2546/2546/2546 2555/2555/2555 2549/2549/2549
f 2584/2584/2584 2582/2582/2582 2583/2583/2583
f 2572/2572/2572 2585/2585/2585 2586/2586/2586
f 2587/2587/2587 2572/2572/2572 2582/2582/2582
f 2582/2582/2582 2586/2586/2586 2588/2588/2588
f 2583/2583/2583 2589/2589/2589 2584/2584/2584
f 2583/2583/2583 2588/2588/2588 2590/2590/2590
f 2592/2592/2592 2590/2590/2590 2591/2591/2591
f 2595/2595/2595 2593/2593/2593 2594/2594/2594
f 2562/2562/2562 2560/2560/2560 2557/2557/2557
f 2596/2596/2596 2562/2562/2562 2593/2593/2593
f 2593/2593/2593 2557/2557/2557 2579/2579/2579
f 2599/2599/2599 2597/2597/2597 2598/2598/2598
f 2594/2594/2594 2579/2579/2579 2573/2573/2573
f 2598/2598/2598 2594/2594/2594 2599/2599/2599
f 2599/2599/2599 2573/2573/2573 2587/2587/2587
f 2601/2601/2601 2600/2600/2600 2597/2597/2597
f 2601/2601/2601 2587/2587/2587 2584/2584/2584
f 2584/2584/2584 2602/2602/2602 2601/2601/2601
f 2604/2604/2604 2569/2569/2569 2603/2603/2603
f 2569/2569/2569 2605/2605/2605 2566/2566/2566
f 2603/2603/2603 2566/2566/2566 2606/2606/2606
f 2607/2607/2607 2603/2603/2603 2561/2561/2561
f 2561/2561/2561 2606/2606/2606 2560/2560/2560
f 2567/2567/2567 2608/2608/2608 2609/2609/2609
f 2609/2609/2609 2608/2608/2608 2610/2610/2610
f 2606/2606/2606 2558/2558/2558 2560/2560/2560
f 2558/2558/2558 2606/2606/2606 2565/2565/2565
f 2558/2558/2558 2567/2567/2567 2559/2559/2559
f 2559/2559/2559 2609/2609/2609 2574/2574/2574
f 2612/2612/2612 2574/2574/2574 2611/2611/2611
f 2613/2613/2613 2574/2574/2574 2609/2609/2609
f 2613/2613/2613 2609/2609/2609 2610/2610/2610
f 2574/2574/2574 2613/2613/2613 2611/2611/2611
f 2574/2574/2574 2612/2612/2612 2577/2577/2577
f 2609/2609/2609 2559/2559/2559 2567/2567/2567
f 2567/2567/2567 2558/2558/2558 2565/2565/2565
f 2565/2565/2565 2606/2606/2606 2566/2566/2566
f 2608/2608/2608 2567/2567/2567 2564/2564/2564
f 2606/2606/2606 2561/2561/2561 2603/2603/2603
f 2603/2603/2603 2607/2607/2607 2604/2604/2604
f 2566/2566/2566 2603/2603/2603 2569/2569/2569
f 2605/2605/2605 2569/2569/2569 2568/2568/2568
f 2569/2569/2569 2604/2604/2604 2570/2570/2570
f 2602/2602/2602 2584/2584/2584 2589/2589/2589
f 2587/2587/2587 2601/2601/2601 2599/2599/2599
f 2600/2600/2600 2601/2601/2601 2602/2602/2602
f 2573/2573/2573 2599/2599/2599 2594/2594/2594
f 2594/2594/2594 2598/2598/2598 2595/2595/2595
f 2579/2579/2579 2594/2594/2594 2593/2593/2593
f 2597/2597/2597 2599/2599/2599 2601/2601/2601
f 2557/2557/2557 2593/2593/2593 2562/2562/2562
f 2562/2562/2562 2596/2596/2596 2563/2563/2563
f 2560/2560/2560 2562/2562/2562 2561/2561/2561
f 2593/2593/2593 2595/2595/2595 2596/2596/2596
f 2590/2590/2590 2592/2592/2592 2583/2583/2583
f 2588/2588/2588 2583/2583/2583 2582/2582/2582
f 2589/2589/2589 2583/2583/2583 2592/2592/2592
f 2586/2586/2586 2582/2582/2582 2572/2572/2572
f 2572/2572/2572 2587/2587/2587 2573/2573/2573
f 2585/2585/2585 2572/2572/2572 2571/2571/2571
f 2582/2582/2582 2584/2584/2584 2587/2587/2587
f 2571/2571/2571 2580/2580/2580 2585/2585/2585
f 2578/2578/2578 2579/2579/2579 2557/2557/2557
f 2578/2578/2578 2576/2576/2576 2581/2581/2581
f 2571/2571/2571 2573/2573/2573 2579/2579/2579
f 2568/2568/2568 2570/2570/2570 2614/2614/2614
f 2564/2564/2564 2566/2566/2566 2605/2605/2605
f 2561/2561/2561 2563/2563/2563 2607/2607/2607
f 2557/2557/2557 2559/2559/2559 2578/2578/2578
f 2579/2579/2579 2578/2578/2578 2571/2571/2571
f 2574/2574/2574 2578/2578/2578 2559/2559/2559
f 2574/2574/2574 2576/2576/2576 2578/2578/2578
f 2575/2575/2575 2574/2574/2574 2577/2577/2577
f 2576/2576/2576 2574/2574/2574 2575/2575/2575
f 2573/2573/2573 2571/2571/2571 2572/2572/2572
f 2570/2570/2570 2568/2568/2568 2569/2569/2569
f 2565/2565/2565 2564/2564/2564 2567/2567/2567
f 2566/2566/2566 2564/2564/2564 2565/2565/2565
f 2563/2563/2563 2561/2561/2561 2562/2562/2562
f 2558/2558/2558 2557/2557/2557 2560/2560/2560
f 2559/2559/2559 2557/2557/2557 2558/2558/2558
f 2580/2580/2580 2571/2571/2571 2578/2578/2578
f 2580/2580/2580 2578/2578/2578 2581/2581/2581
f 2640/2640/2640 2642/2642/2642 2634/2634/2634
f 2630/2630/2630 2643/2643/2643 2641/2641/2641
f 2646/2646/2646 2644/2644/2644 2645/2645/2645
f 2649/2649/2649 2647/2647/2647 2648/2648/2648
f 2648/2648/2648 2650/2650/2650 2631/2631/2631
f 2645/2645/2645 2651/2651/2651 2649/2649/2649
f 2654/2654/2654 2652/2652/2652 2653/2653/2653
f 2656/2656/2656 2655/2655/2655 2654/2654/2654
f 2659/2659/2659 2657/2657/2657 2658/2658/2658
f 2662/2662/2662 2660/2660/2660 2661/2661/2661
f 2665/2665/2665 2663/2663/2663 2664/2664/2664
f 2664/2664/2664 2666/2666/2666 2667/2667/2667
f 2669/2669/2669 2668/2668/2668 2665/2665/2665
f 2659/2659/2659 2661/2661/2661 2660/2660/2660
f 2641/2641/2641 2639/2639/2639 2640/2640/2640
f 2672/2672/2672 2659/2659/2659 2671/2671/2671
f 2675/2675/2675 2673/2673/2673 2674/2674/2674
f 2658/2658/2658 2676/2676/2676 2675/2675/2675
f 2671/2671/2671 2658/2658/2658 2677/2677/2677
f 2677/2677/2677 2658/2658/2658 2678/2678/2678
f 2678/2678/2678 2675/2675/2675 2679/2679/2679
f 2680/2680/2680 2674/2674/2674 2673/2673/2673
f 2680/2680/2680 2673/2673/2673 2681/2681/2681
f 2674/2674/2674 2679/2679/2679 2675/2675/2675
f 2683/2683/2683 2682/2682/2682 2674/2674/2674
f 2682/2682/2682 2683/2683/2683 2684/2684/2684
f 2683/2683/2683 2674/2674/2674 2685/2685/2685
f 2685/2685/2685 2674/2674/2674 2686/2686/2686
f 2689/2689/2689 2687/2687/2687 2688/2688/2688
f 2687/2687/2687 2689/2689/2689 2690/2690/2690
f 2690/2690/2690 2689/2689/2689 2691/2691/2691
f 2694/2694/2694 2692/2692/2692 2693/2693/2693
f 2695/2695/2695 2621/2621/2621 2692/2692/2692
f 2697/2697/2697 2618/2618/2618 2696/2696/2696
f 2618/2618/2618 2697/2697/2697 2698/2698/2698
f 2700/2700/2700 2696/2696/2696 2699/2699/2699
f 2696/2696/2696 2700/2700/2700 2697/2697/2697
f 2618/2618/2618 2698/2698/2698 2619/2619/2619
f 2618/2618/2618 2701/2701/2701 2696/2696/2696
f 2689/2689/2689 2693/2693/2693 2691/2691/2691
f 2702/2702/2702 2695/2695/2695 2694/2694/2694
f 2703/2703/2703 2694/2694/2694 2689/2689/2689
f 2694/2694/2694 2703/2703/2703 2704/2704/2704
f 2707/2707/2707 2705/2705/2705 2706/2706/2706
f 2706/2706/2706 2690/2690/2690 2707/2707/2707
f 2710/2710/2710 2708/2708/2708 2709/2709/2709
f 2711/2711/2711 2709/2709/2709 2705/2705/2705
f 2713/2713/2713 2712/2712/2712 2708/2708/2708
f 2716/2716/2716 2714/2714/2714 2715/2715/2715
f 2719/2719/2719 2717/2717/2717 2718/2718/2718
f 2720/2720/2720 2718/2718/2718 2712/2712/2712
f 2722/2722/2722 2721/2721/2721 2717/2717/2717
f 2725/2725/2725 2723/2723/2723 2724/2724/2724
f 2726/2726/2726 2724/2724/2724 2721/2721/2721
f 2727/2727/2727 2715/2715/2715 2723/2723/2723
f 2730/2730/2730 2728/2728/2728 2729/2729/2729
f 2733/2733/2733 2731/2731/2731 2732/2732/2732
f 2735/2735/2735 2732/2732/2732 2734/2734/2734
f 2732/2732/2732 2735/2735/2735 2733/2733/2733
f 2736/2736/2736 2729/2729/2729 2731/2731/2731
f 2739/2739/2739 2737/2737/2737 2738/2738/2738
f 2737/2737/2737 2739/2739/2739 2740/2740/2740
f 2742/2742/2742 2741/2741/2741 2728/2728/2728
f 2743/2743/2743 2738/2738/2738 2615/2615/2615
f 2720/2720/2720 2744/2744/2744 2745/2745/2745
f 2690/2690/2690 2746/2746/2746 2747/2747/2747
f 2746/2746/2746 2690/2690/2690 2691/2691/2691
f 2693/2693/2693 2748/2748/2748 2749/2749/2749
f 2748/2748/2748 2693/2693/2693 2692/2692/2692
f 2692/2692/2692 2628/2628/2628 2750/2750/2750
f 2628/2628/2628 2692/2692/2692 2621/2621/2621
f 2691/2691/2691 2751/2751/2751 2752/2752/2752
f 2751/2751/2751 2691/2691/2691 2693/2693/2693
f 2711/2711/2711 2753/2753/2753 2754/2754/2754
f 2755/2755/2755 2707/2707/2707 2690/2690/2690
f 2707/2707/2707 2755/2755/2755 2756/2756/2756
f 2713/2713/2713 2757/2757/2757 2758/2758/2758
f 2710/2710/2710 2754/2754/2754 2757/2757/2757
f 2759/2759/2759 2758/2758/2758 2744/2744/2744
f 2735/2735/2735 2760/2760/2760 2761/2761/2761
f 2726/2726/2726 2762/2762/2762 2763/2763/2763
f 2722/2722/2722 2764/2764/2764 2765/2765/2765
f 2719/2719/2719 2745/2745/2745 2764/2764/2764
f 2766/2766/2766 2765/2765/2765 2762/2762/2762
f 2727/2727/2727 2767/2767/2767 2768/2768/2768
f 2725/2725/2725 2763/2763/2763 2767/2767/2767
f 2716/2716/2716 2768/2768/2768 2760/2760/2760
f 2769/2769/2769 2742/2742/2742 2730/2730/2730
f 2638/2638/2638 2633/2633/2633 2632/2632/2632
f 2771/2771/2771 2736/2736/2736 2733/2733/2733
f 2733/2733/2733 2761/2761/2761 2771/2771/2771
f 2772/2772/2772 2730/2730/2730 2736/2736/2736
f 2730/2730/2730 2772/2772/2772 2773/2773/2773
f 2774/2774/2774 2738/2738/2738 2737/2737/2737
f 2775/2775/2775 2737/2737/2737 2742/2742/2742
f 2737/2737/2737 2775/2775/2775 2776/2776/2776
f 2777/2777/2777 2615/2615/2615 2738/2738/2738
f 2615/2615/2615 2777/2777/2777 2778/2778/2778
f 2656/2656/2656 2779/2779/2779 2667/2667/2667
f 2630/2630/2630 2780/2780/2780 2631/2631/2631
f 2633/2633/2633 2781/2781/2781 2634/2634/2634
f 2783/2783/2783 2636/2636/2636 2782/2782/2782
f 2782/2782/2782 2636/2636/2636 2784/2784/2784
f 2784/2784/2784 2616/2616/2616 2785/2785/2785
f 2785/2785/2785 2616/2616/2616 2786/2786/2786
f 2787/2787/2787 2637/2637/2637 2783/2783/2783
f 2789/2789/2789 2640/2640/2640 2788/2788/2788
f 2788/2788/2788 2640/2640/2640 2790/2790/2790
f 2790/2790/2790 2634/2634/2634 2791/2791/2791
f 2791/2791/2791 2634/2634/2634 2781/2781/2781
f 2793/2793/2793 2641/2641/2641 2792/2792/2792
f 2792/2792/2792 2641/2641/2641 2789/2789/2789
f 2645/2645/2645 2794/2794/2794 2646/2646/2646
f 2648/2648/2648 2795/2795/2795 2649/2649/2649
f 2631/2631/2631 2796/2796/2796 2648/2648/2648
f 2649/2649/2649 2797/2797/2797 2645/2645/2645
f 2646/2646/2646 2798/2798/2798 2653/2653/2653
f 2654/2654/2654 2799/2799/2799 2656/2656/2656
f 2670/2670/2670 2800/2800/2800 2657/2657/2657
f 2802/2802/2802 2670/2670/2670 2801/2801/2801
f 2669/2669/2669 2803/2803/2803 2660/2660/2660
f 2664/2664/2664 2804/2804/2804 2665/2665/2665
f 2667/2667/2667 2805/2805/2805 2664/2664/2664
f 2665/2665/2665 2806/2806/2806 2669/2669/2669
f 2801/2801/2801 2660/2660/2660 2807/2807/2807
f 2808/2808/2808 2660/2660/2660 2803/2803/2803
f 2660/2660/2660 2808/2808/2808 2807/2807/2807
f 2676/2676/2676 2809/2809/2809 2673/2673/2673
f 2811/2811/2811 2676/2676/2676 2810/2810/2810
f 2657/2657/2657 2810/2810/2810 2676/2676/2676
f 2812/2812/2812 2657/2657/2657 2800/2800/2800
f 2813/2813/2813 2673/2673/2673 2809/2809/2809
f 2673/2673/2673 2813/2813/2813 2814/2814/2814
f 2813/2813/2813 2809/2809/2809 2815/2815/2815
f 2673/2673/2673 2814/2814/2814 2681/2681/2681
f 2810/2810/2810 2657/2657/2657 2812/2812/2812
f 2809/2809/2809 2676/2676/2676 2811/2811/2811
f 2660/2660/2660 2801/2801/2801 2670/2670/2670
f 2806/2806/2806 2665/2665/2665 2804/2804/2804
f 2805/2805/2805 2667/2667/2667 2779/2779/2779
f 2804/2804/2804 2664/2664/2664 2805/2805/2805
f 2803/2803/2803 2669/2669/2669 2806/2806/2806
f 2800/2800/2800 2670/2670/2670 2802/2802/2802
f 2799/2799/2799 2654/2654/2654 2798/2798/2798
f 2798/2798/2798 2646/2646/2646 2794/2794/2794
f 2798/2798/2798 2654/2654/2654 2653/2653/2653
f 2797/2797/2797 2649/2649/2649 2795/2795/2795
f 2796/2796/2796 2631/2631/2631 2780/2780/2780
f 2795/2795/2795 2648/2648/2648 2796/2796/2796
f 2794/2794/2794 2645/2645/2645 2797/2797/2797
f 2641/2641/2641 2793/2793/2793 2630/2630/2630
f 2634/2634/2634 2790/2790/2790 2640/2640/2640
f 2640/2640/2640 2789/2789/2789 2641/2641/2641
f 2637/2637/2637 2787/2787/2787 2633/2633/2633
f 2616/2616/2616 2784/2784/2784 2636/2636/2636
f 2636/2636/2636 2783/2783/2783 2637/2637/2637
f 2781/2781/2781 2633/2633/2633 2787/2787/2787
f 2780/2780/2780 2630/2630/2630 2793/2793/2793
f 2779/2779/2779 2656/2656/2656 2799/2799/2799
f 2615/2615/2615 2778/2778/2778 2623/2623/2623
f 2737/2737/2737 2776/2776/2776 2774/2774/2774
f 2738/2738/2738 2774/2774/2774 2777/2777/2777
f 2730/2730/2730 2773/2773/2773 2769/2769/2769
f 2761/2761/2761 2733/2733/2733 2735/2735/2735
f 2736/2736/2736 2771/2771/2771 2772/2772/2772
f 2742/2742/2742 2770/2770/2770 2775/2775/2775
f 2768/2768/2768 2716/2716/2716 2727/2727/2727
f 2763/2763/2763 2725/2725/2725 2726/2726/2726
f 2767/2767/2767 2727/2727/2727 2725/2725/2725
f 2765/2765/2765 2766/2766/2766 2722/2722/2722
f 2745/2745/2745 2719/2719/2719 2720/2720/2720
f 2764/2764/2764 2722/2722/2722 2719/2719/2719
f 2762/2762/2762 2726/2726/2726 2766/2766/2766
f 2760/2760/2760 2735/2735/2735 2716/2716/2716
f 2758/2758/2758 2759/2759/2759 2713/2713/2713
f 2754/2754/2754 2710/2710/2710 2711/2711/2711
f 2757/2757/2757 2713/2713/2713 2710/2710/2710
f 2707/2707/2707 2756/2756/2756 2753/2753/2753
f 2753/2753/2753 2711/2711/2711 2707/2707/2707
f 2691/2691/2691 2752/2752/2752 2746/2746/2746
f 2692/2692/2692 2750/2750/2750 2748/2748/2748
f 2693/2693/2693 2749/2749/2749 2751/2751/2751
f 2690/2690/2690 2747/2747/2747 2755/2755/2755
f 2744/2744/2744 2720/2720/2720 2759/2759/2759
f 2738/2738/2738 2743/2743/2743 2739/2739/2739
f 2741/2741/2741 2742/2742/2742 2737/2737/2737
f 2737/2737/2737 2740/2740/2740 2741/2741/2741
f 2729/2729/2729 2736/2736/2736 2730/2730/2730
f 2735/2735/2735 2734/2734/2734 2714/2714/2714
f 2731/2731/2731 2733/2733/2733 2736/2736/2736
f 2728/2728/2728 2730/2730/2730 2742/2742/2742
f 2715/2715/2715 2727/2727/2727 2716/2716/2716
f 2724/2724/2724 2726/2726/2726 2725/2725/2725
f 2723/2723/2723 2725/2725/2725 2727/2727/2727
f 2721/2721/2721 2722/2722/2722 2766/2766/2766
f 2718/2718/2718 2720/2720/2720 2719/2719/2719
f 2717/2717/2717 2719/2719/2719 2722/2722/2722
f 2726/2726/2726 2721/2721/2721 2766/2766/2766
f 2714/2714/2714 2716/2716/2716 2735/2735/2735
f 2712/2712/2712 2713/2713/2713 2759/2759/2759
f 2709/2709/2709 2711/2711/2711 2710/2710/2710
f 2708/2708/2708 2710/2710/2710 2713/2713/2713
f 2690/2690/2690 2706/2706/2706 2687/2687/2687
f 2705/2705/2705 2707/2707/2707 2711/2711/2711
f 2694/2694/2694 2704/2704/2704 2702/2702/2702
f 2695/2695/2695 2702/2702/2702 2701/2701/2701
f 2693/2693/2693 2689/2689/2689 2694/2694/2694
f 2701/2701/2701 2618/2618/2618 2695/2695/2695
f 2700/2700/2700 2699/2699/2699 2816/2816/2816
f 2621/2621/2621 2695/2695/2695 2618/2618/2618
f 2692/2692/2692 2694/2694/2694 2695/2695/2695
f 2689/2689/2689 2688/2688/2688 2703/2703/2703
f 2720/2720/2720 2712/2712/2712 2759/2759/2759
f 2682/2682/2682 2684/2684/2684 2817/2817/2817
f 2679/2679/2679 2674/2674/2674 2682/2682/2682
f 2674/2674/2674 2680/2680/2680 2686/2686/2686
f 2675/2675/2675 2678/2678/2678 2658/2658/2658
f 2658/2658/2658 2671/2671/2671 2659/2659/2659
f 2676/2676/2676 2658/2658/2658 2657/2657/2657
f 2673/2673/2673 2675/2675/2675 2676/2676/2676
f 2661/2661/2661 2659/2659/2659 2672/2672/2672
f 2668/2668/2668 2669/2669/2669 2662/2662/2662
f 2666/2666/2666 2664/2664/2664 2663/2663/2663
f 2663/2663/2663 2665/2665/2665 2668/2668/2668
f 2660/2660/2660 2662/2662/2662 2669/2669/2669
f 2657/2657/2657 2659/2659/2659 2670/2670/2670
f 2655/2655/2655 2656/2656/2656 2666/2666/2666
f 2652/2652/2652 2646/2646/2646 2653/2653/2653
f 2652/2652/2652 2654/2654/2654 2655/2655/2655
f 2651/2651/2651 2645/2645/2645 2644/2644/2644
f 2650/2650/2650 2648/2648/2648 2647/2647/2647
f 2647/2647/2647 2649/2649/2649 2651/2651/2651
f 2644/2644/2644 2646/2646/2646 2652/2652/2652
f 2643/2643/2643 2630/2630/2630 2629/2629/2629
f 2642/2642/2642 2640/2640/2640 2639/2639/2639
f 2639/2639/2639 2641/2641/2641 2643/2643/2643
f 2633/2633/2633 2638/2638/2638 2637/2637/2637
f 2617/2617/2617 2636/2636/2636 2635/2635/2635
f 2635/2635/2635 2637/2637/2637 2638/2638/2638
f 2632/2632/2632 2634/2634/2634 2642/2642/2642
f 2629/2629/2629 2631/2631/2631 2650/2650/2650
f 2667/2667/2667 2666/2666/2666 2656/2656/2656
f 2624/2624/2624 2626/2626/2626 2628/2628/2628
f 2616/2616/2616 2622/2622/2622 2786/2786/2786
f 2621/2621/2621 2620/2620/2620 2627/2627/2627
f 2615/2615/2615 2617/2617/2617 2743/2743/2743
f 2636/2636/2636 2617/2617/2617 2616/2616/2616
f 2637/2637/2637 2635/2635/2635 2636/2636/2636
f 2634/2634/2634 2632/2632/2632 2633/2633/2633
f 2631/2631/2631 2629/2629/2629 2630/2630/2630
f 2621/2621/2621 2624/2624/2624 2628/2628/2628
f 2624/2624/2624 2621/2621/2621 2627/2627/2627
f 2626/2626/2626 2624/2624/2624 2625/2625/2625
f 2622/2622/2622 2615/2615/2615 2623/2623/2623
f 2622/2622/2622 2616/2616/2616 2615/2615/2615
f 2618/2618/2618 2620/2620/2620 2621/2621/2621
f 2620/2620/2620 2618/2618/2618 2619/2619/2619
f 2617/2617/2617 2615/2615/2615 2616/2616/2616
f 2742/2742/2742 2769/2769/2769 2770/2770/2770
f 2659/2659/2659 2660/2660/2660 2670/2670/2670
f 2922/2922/2922 2920/2920/2920 2921/2921/2921
f 2915/2915/2915 2910/2910/2910 2894/2894/2894
f 2923/2923/2923 2893/2893/2893 2920/2920/2920
f 2924/2924/2924 2894/2894/2894 2923/2923/2923
f 2925/2925/2925 2923/2923/2923 2922/2922/2922
f 2917/2917/2917 2922/2922/2922 2921/2921/2921
f 2917/2917/2917 2921/2921/2921 2918/2918/2918
f 2926/2926/2926 2925/2925/2925 2922/2922/2922
f 2926/2926/2926 2922/2922/2922 2927/2927/2927
f 2929/2929/2929 2927/2927/2927 2928/2928/2928
f 2931/2931/2931 2930/2930/2930 2916/2916/2916
f 2930/2930/2930 2931/2931/2931 2932/2932/2932
f 2928/2928/2928 2917/2917/2917 2916/2916/2916
f 2933/2933/2933 2916/2916/2916 2930/2930/2930
f 2928/2928/2928 2934/2934/2934 2929/2929/2929
f 2935/2935/2935 2926/2926/2926 2929/2929/2929
f 2926/2926/2926 2935/2935/2935 2936/2936/2936
f 2937/2937/2937 2929/2929/2929 2934/2934/2934
f 2929/2929/2929 2937/2937/2937 2938/2938/2938
f 2941/2941/2941 2939/2939/2939 2940/2940/2940
f 2942/2942/2942 2924/2924/2924 2925/2925/2925
f 2943/2943/2943 2915/2915/2915 2924/2924/2924
f 2944/2944/2944 2914/2914/2914 2943/2943/2943
f 2943/2943/2943 2945/2945/2945 2944/2944/2944
f 2940/2940/2940 2925/2925/2925 2941/2941/2941
f 2942/2942/2942 2946/2946/2946 2945/2945/2945
f 2935/2935/2935 2947/2947/2947 2948/2948/2948
f 2940/2940/2940 2949/2949/2949 2946/2946/2946
f 2936/2936/2936 2948/2948/2948 2939/2939/2939
f 2939/2939/2939 2950/2950/2950 2949/2949/2949
f 2948/2948/2948 2951/2951/2951 2952/2952/2952
f 2951/2951/2951 2948/2948/2948 2947/2947/2947
f 2948/2948/2948 2952/2952/2952 2950/2950/2950
f 2938/2938/2938 2953/2953/2953 2947/2947/2947
f 2955/2955/2955 2913/2913/2913 2954/2954/2954
f 2957/2957/2957 2956/2956/2956 2907/2907/2907
f 2958/2958/2958 2901/2901/2901 2900/2900/2900
f 2901/2901/2901 2958/2958/2958 2959/2959/2959
f 2960/2960/2960 2879/2879/2879 2901/2901/2901
f 2961/2961/2961 2958/2958/2958 2900/2900/2900
f 2961/2961/2961 2900/2900/2900 2956/2956/2956
f 2962/2962/2962 2908/2908/2908 2912/2912/2912
f 2963/2963/2963 2907/2907/2907 2908/2908/2908
f 2961/2961/2961 2964/2964/2964 2965/2965/2965
f 2957/2957/2957 2966/2966/2966 2964/2964/2964
f 2967/2967/2967 2912/2912/2912 2913/2913/2913
f 2963/2963/2963 2968/2968/2968 2966/2966/2966
f 2962/2962/2962 2969/2969/2969 2968/2968/2968
f 2946/2946/2946 2970/2970/2970 2971/2971/2971
f 2944/2944/2944 2972/2972/2972 2973/2973/2973
f 2954/2954/2954 2973/2973/2973 2955/2955/2955
f 2967/2967/2967 2974/2974/2974 2969/2969/2969
f 2975/2975/2975 2955/2955/2955 2973/2973/2973
f 2955/2955/2955 2975/2975/2975 2976/2976/2976
f 2945/2945/2945 2971/2971/2971 2972/2972/2972
f 2977/2977/2977 2973/2973/2973 2972/2972/2972
f 2973/2973/2973 2977/2977/2977 2978/2978/2978
f 2972/2972/2972 2979/2979/2979 2977/2977/2977
f 2950/2950/2950 2980/2980/2980 2981/2981/2981
f 2949/2949/2949 2981/2981/2981 2970/2970/2970
f 2971/2971/2971 2982/2982/2982 2979/2979/2979
f 2970/2970/2970 2983/2983/2983 2982/2982/2982
f 2981/2981/2981 2984/2984/2984 2983/2983/2983
f 2916/2916/2916 2918/2918/2918 2919/2919/2919
f 2952/2952/2952 2985/2985/2985 2980/2980/2980
f 2987/2987/2987 2980/2980/2980 2986/2986/2986
f 2980/2980/2980 2987/2987/2987 2984/2984/2984
f 2990/2990/2990 2988/2988/2988 2989/2989/2989
f 2988/2988/2988 2990/2990/2990 2991/2991/2991
f 2994/2994/2994 2992/2992/2992 2993/2993/2993
f 2994/2994/2994 2993/2993/2993 2995/2995/2995
f 2998/2998/2998 2996/2996/2996 2997/2997/2997
f 3001/3001/3001 2999/2999/2999 3000/3000/3000
f 2881/2881/2881 3002/3002/3002 3003/3003/3003
f 3002/3002/3002 2881/2881/2881 3004/3004/3004
f 3006/3006/3006 3000/3000/3000 3005/3005/3005
f 3005/3005/3005 2881/2881/2881 3006/3006/3006
f 3006/3006/3006 2881/2881/2881 3003/3003/3003
f 3003/3003/3003 3001/3001/3001 3006/3006/3006
f 3008/3008/3008 3002/3002/3002 3007/3007/3007
f 3002/3002/3002 3009/3009/3009 2998/2998/2998
f 3007/3007/3007 2998/2998/2998 3010/3010/3010
f 3007/3007/3007 3011/3011/3011 3008/3008/3008
f 3013/3013/3013 3012/3012/3012 2999/2999/2999
f 3008/3008/3008 3013/3013/3013 3001/3001/3001
f 3011/3011/3011 2992/2992/2992 3013/3013/3013
f 3015/3015/3015 3014/3014/3014 3011/3011/3011
f 3010/3010/3010 3015/3015/3015 3007/3007/3007
f 3017/3017/3017 3016/3016/3016 3015/3015/3015
f 3017/3017/3017 3018/3018/3018 3019/3019/3019
f 3022/3022/3022 3020/3020/3020 3021/3021/3021
f 3010/3010/3010 2997/2997/2997 3018/3018/3018
f 2997/2997/2997 3023/3023/3023 3022/3022/3022
f 3018/3018/3018 3022/3022/3022 3024/3024/3024
f 3024/3024/3024 3021/3021/3021 3025/3025/3025
f 3021/3021/3021 3026/3026/3026 2990/2990/2990
f 3025/3025/3025 2990/2990/2990 2989/2989/2989
f 3028/3028/3028 3025/3025/3025 3027/3027/3027
f 3030/3030/3030 3019/3019/3019 3029/3029/3029
f 3029/3029/3029 3019/3019/3019 3031/3031/3031
f 3019/3019/3019 3024/3024/3024 3028/3028/3028
f 3031/3031/3031 3028/3028/3028 3032/3032/3032
f 3032/3032/3032 3028/3028/3028 3033/3033/3033
f 3027/3027/3027 2989/2989/2989 3034/3034/3034
f 2879/2879/2879 2877/2877/2877 2878/2878/2878
f 2882/2882/2882 2880/2880/2880 2881/2881/2881
f 2885/2885/2885 2883/2883/2883 2884/2884/2884
f 2888/2888/2888 2886/2886/2886 2887/2887/2887
f 2888/2888/2888 2887/2887/2887 2889/2889/2889
f 2891/2891/2891 2890/2890/2890 2879/2879/2879
f 2894/2894/2894 2892/2892/2892 2893/2893/2893
f 2897/2897/2897 2895/2895/2895 2896/2896/2896
f 2900/2900/2900 2898/2898/2898 2899/2899/2899
f 2901/2901/2901 2878/2878/2878 2898/2898/2898
f 2902/2902/2902 2900/2900/2900 2899/2899/2899
f 2902/2902/2902 2899/2899/2899 2895/2895/2895
f 2905/2905/2905 2903/2903/2903 2904/2904/2904
f 2906/2906/2906 2896/2896/2896 2903/2903/2903
f 2907/2907/2907 2902/2902/2902 2897/2897/2897
f 2908/2908/2908 2897/2897/2897 2906/2906/2906
f 2910/2910/2910 2904/2904/2904 2909/2909/2909
f 2904/2904/2904 2910/2910/2910 2905/2905/2905
f 2905/2905/2905 2910/2910/2910 2911/2911/2911
f 2912/2912/2912 2906/2906/2906 2905/2905/2905
f 2913/2913/2913 2905/2905/2905 2911/2911/2911
f 2914/2914/2914 2913/2913/2913 2911/2911/2911
f 2914/2914/2914 2911/2911/2911 2915/2915/2915
f 2985/2985/2985 2952/2952/2952 2951/2951/2951
f 3247/3247/3247 3246/3246/3246 3232/3232/3232
f 2877/2877/2877 2879/2879/2879 2890/2890/2890
f 2880/2880/2880 2882/2882/2882 3180/3180/3180
f 2883/2883/2883 2885/2885/2885 3156/3156/3156
f 2886/2886/2886 2888/2888/2888 3099/3099/3099
f 2890/2890/2890 2891/2891/2891 3098/3098/3098
f 2892/2892/2892 2894/2894/2894 2910/2910/2910
f 2895/2895/2895 2897/2897/2897 2902/2902/2902
f 2898/2898/2898 2900/2900/2900 2901/2901/2901
f 2878/2878/2878 2901/2901/2901 2879/2879/2879
f 2900/2900/2900 2902/2902/2902 2956/2956/2956
f 2903/2903/2903 2905/2905/2905 2906/2906/2906
f 2896/2896/2896 2906/2906/2906 2897/2897/2897
f 2902/2902/2902 2907/2907/2907 2956/2956/2956
f 2897/2897/2897 2908/2908/2908 2907/2907/2907
f 2910/2910/2910 2909/2909/2909 2892/2892/2892
f 2906/2906/2906 2912/2912/2912 2908/2908/2908
f 2905/2905/2905 2913/2913/2913 2912/2912/2912
f 2913/2913/2913 2914/2914/2914 2954/2954/2954
f 2916/2916/2916 2919/2919/2919 2931/2931/2931
f 2920/2920/2920 2922/2922/2922 2923/2923/2923
f 2910/2910/2910 2915/2915/2915 2911/2911/2911
f 2893/2893/2893 2923/2923/2923 2894/2894/2894
f 2894/2894/2894 2924/2924/2924 2915/2915/2915
f 2923/2923/2923 2925/2925/2925 2924/2924/2924
f 2922/2922/2922 2917/2917/2917 2927/2927/2927
f 2925/2925/2925 2926/2926/2926 2941/2941/2941
f 2927/2927/2927 2929/2929/2929 2926/2926/2926
f 2930/2930/2930 2932/2932/2932 3274/3274/3274
f 2917/2917/2917 2928/2928/2928 2927/2927/2927
f 2916/2916/2916 2933/2933/2933 2928/2928/2928
f 2934/2934/2934 2928/2928/2928 2933/2933/2933
f 2926/2926/2926 2936/2936/2936 2941/2941/2941
f 2929/2929/2929 2938/2938/2938 2935/2935/2935
f 2939/2939/2939 2941/2941/2941 2936/2936/2936
f 2924/2924/2924 2942/2942/2942 2943/2943/2943
f 2915/2915/2915 2943/2943/2943 2914/2914/2914
f 2914/2914/2914 2944/2944/2944 2954/2954/2954
f 2945/2945/2945 2943/2943/2943 2942/2942/2942
f 2925/2925/2925 2940/2940/2940 2942/2942/2942
f 2946/2946/2946 2942/2942/2942 2940/2940/2940
f 2947/2947/2947 2935/2935/2935 2938/2938/2938
f 2949/2949/2949 2940/2940/2940 2939/2939/2939
f 2948/2948/2948 2936/2936/2936 2935/2935/2935
f 2950/2950/2950 2939/2939/2939 2948/2948/2948
f 2951/2951/2951 2947/2947/2947 2953/2953/2953
f 2953/2953/2953 2938/2938/2938 2937/2937/2937
f 2913/2913/2913 2955/2955/2955 2967/2967/2967
f 2956/2956/2956 2957/2957/2957 2961/2961/2961
f 2901/2901/2901 2959/2959/2959 2960/2960/2960
f 2879/2879/2879 2960/2960/2960 2891/2891/2891
f 2958/2958/2958 2961/2961/2961 2965/2965/2965
f 2908/2908/2908 2962/2962/2962 2963/2963/2963
f 2907/2907/2907 2963/2963/2963 2957/2957/2957
f 2964/2964/2964 2961/2961/2961 2957/2957/2957
f 2966/2966/2966 2957/2957/2957 2963/2963/2963
f 2912/2912/2912 2967/2967/2967 2962/2962/2962
f 2968/2968/2968 2963/2963/2963 2962/2962/2962
f 2969/2969/2969 2962/2962/2962 2967/2967/2967
f 2970/2970/2970 2946/2946/2946 2949/2949/2949
f 2972/2972/2972 2944/2944/2944 2945/2945/2945
f 2973/2973/2973 2954/2954/2954 2944/2944/2944
f 2974/2974/2974 2967/2967/2967 2955/2955/2955
f 2955/2955/2955 2976/2976/2976 2974/2974/2974
f 2971/2971/2971 2945/2945/2945 2946/2946/2946
f 2973/2973/2973 2978/2978/2978 2975/2975/2975
f 2979/2979/2979 2972/2972/2972 2971/2971/2971
f 2980/2980/2980 2950/2950/2950 2952/2952/2952
f 2981/2981/2981 2949/2949/2949 2950/2950/2950
f 2982/2982/2982 2971/2971/2971 2970/2970/2970
f 2983/2983/2983 2970/2970/2970 2981/2981/2981
f 2984/2984/2984 2981/2981/2981 2980/2980/2980
f 2980/2980/2980 2985/2985/2985 2986/2986/2986
f 2984/2984/2984 2987/2987/2987 3335/3335/3335
f 2991/2991/2991 2990/2990/2990 3026/3026/3026
f 2992/2992/2992 2994/2994/2994 3012/3012/3012
f 2996/2996/2996 2998/2998/2998 3009/3009/3009
f 2999/2999/2999 3001/3001/3001 3013/3013/3013
f 3004/3004/3004 2881/2881/2881 2880/2880/2880
f 3000/3000/3000 3006/3006/3006 3001/3001/3001
f 2881/2881/2881 3005/3005/3005 2882/2882/2882
f 3001/3001/3001 3003/3003/3003 3008/3008/3008
f 3002/3002/3002 3008/3008/3008 3003/3003/3003
f 3009/3009/3009 3002/3002/3002 3004/3004/3004
f 2998/2998/2998 3007/3007/3007 3002/3002/3002
f 3011/3011/3011 3007/3007/3007 3015/3015/3015
f 3012/3012/3012 3013/3013/3013 2992/2992/2992
f 3013/3013/3013 3008/3008/3008 3011/3011/3011
f 2992/2992/2992 3011/3011/3011 3014/3014/3014
f 3014/3014/3014 3015/3015/3015 3016/3016/3016
f 3015/3015/3015 3010/3010/3010 3017/3017/3017
f 3016/3016/3016 3017/3017/3017 3030/3030/3030
f 3018/3018/3018 3017/3017/3017 3010/3010/3010
f 3020/3020/3020 3022/3022/3022 3023/3023/3023
f 2997/2997/2997 3010/3010/3010 2998/2998/2998
f 3023/3023/3023 2997/2997/2997 2996/2996/2996
f 3022/3022/3022 3018/3018/3018 2997/2997/2997
f 3021/3021/3021 3024/3024/3024 3022/3022/3022
f 3026/3026/3026 3021/3021/3021 3020/3020/3020
f 2990/2990/2990 3025/3025/3025 3021/3021/3021
f 3025/3025/3025 3028/3028/3028 3024/3024/3024
f 3019/3019/3019 3030/3030/3030 3017/3017/3017
f 3024/3024/3024 3019/3019/3019 3018/3018/3018
f 3028/3028/3028 3031/3031/3031 3019/3019/3019
f 2989/2989/2989 3027/3027/3027 3025/3025/3025
f 3027/3027/3027 3033/3033/3033 3028/3028/3028
f 3034/3034/3034 3036/3036/3036 3027/3027/3027
f 3039/3039/3039 3029/3029/3029 3052/3052/3052
f 3040/3040/3040 3016/3016/3016 3044/3044/3044
f 2993/2993/2993 3042/3042/3042 2995/2995/2995
f 2993/2993/2993 3014/3014/3014 3040/3040/3040
f 3041/3041/3041 3040/3040/3040 3045/3045/3045
f 3044/3044/3044 3030/3030/3030 3039/3039/3039
f 3045/3045/3045 3044/3044/3044 3047/3047/3047
f 3046/3046/3046 3039/3039/3039 3049/3049/3049
f 3050/3050/3050 3035/3035/3035 3061/3061/3061
f 3051/3051/3051 3032/3032/3032 3055/3055/3055
f 3048/3048/3048 3051/3051/3051 3054/3054/3054
f 3052/3052/3052 3031/3031/3031 3051/3051/3051
f 3053/3053/3053 3050/3050/3050 3059/3059/3059
f 3055/3055/3055 3033/3033/3033 3050/3050/3050
f 3037/3037/3037 3057/3057/3057 3036/3036/3036
f 3057/3057/3057 3059/3059/3059 3061/3061/3061
f 3061/3061/3061 3036/3036/3036 3057/3057/3057
f 3062/3062/3062 3060/3060/3060 3056/3056/3056
f 3038/3038/3038 3056/3056/3056 3037/3037/3037
f 3065/3065/3065 3062/3062/3062 3038/3038/3038
f 3070/3070/3070 3069/3069/3069 3076/3076/3076
f 3071/3071/3071 3073/3073/3073 3074/3074/3074
f 3074/3074/3074 2988/2988/2988 2991/2991/2991
f 2988/2988/2988 3034/3034/3034 2989/2989/2989
f 3073/3073/3073 3065/3065/3065 2988/2988/2988
f 3076/3076/3076 3072/3072/3072 3071/3071/3071
f 3072/3072/3072 3075/3075/3075 3073/3073/3073
f 3069/3069/3069 3077/3077/3077 3072/3072/3072
f 3078/3078/3078 3080/3080/3080 3081/3081/3081
f 3081/3081/3081 3067/3067/3067 3070/3070/3070
f 2877/2877/2877 3079/3079/3079 3078/3078/3078
f 3067/3067/3067 3083/3083/3083 3068/3068/3068
f 3077/3077/3077 3085/3085/3085 3075/3075/3075
f 3075/3075/3075 3066/3066/3066 3065/3065/3065
f 3066/3066/3066 3064/3064/3064 3062/3062/3062
f 3085/3085/3085 3087/3087/3087 3066/3066/3066
f 3068/3068/3068 3084/3084/3084 3077/3077/3077
f 3084/3084/3084 3089/3089/3089 3085/3085/3085
f 3083/3083/3083 3091/3091/3091 3084/3084/3084
f 3079/3079/3079 3095/3095/3095 3080/3080/3080
f 3080/3080/3080 3082/3082/3082 3067/3067/3067
f 3082/3082/3082 3093/3093/3093 3083/3083/3083
f 3098/3098/3098 3079/3079/3079 2890/2890/2890
f 3099/3099/3099 3101/3101/3101 2886/2886/2886
f 3141/3141/3141 3140/3140/3140 3125/3125/3125
f 3102/3102/3102 3104/3104/3104 3117/3117/3117
f 3105/3105/3105 3107/3107/3107 3109/3109/3109
f 3106/3106/3106 2889/2889/2889 3107/3107/3107
f 3108/3108/3108 2888/2888/2888 3106/3106/3106
f 3103/3103/3103 3109/3109/3109 3104/3104/3104
f 3110/3110/3110 3106/3106/3106 3105/3105/3105
f 3111/3111/3111 3105/3105/3105 3103/3103/3103
f 3114/3114/3114 3113/3113/3113 3116/3116/3116
f 3116/3116/3116 3118/3118/3118 3114/3114/3114
f 3119/3119/3119 3103/3103/3103 3102/3102/3102
f 3120/3120/3120 3102/3102/3102 3116/3116/3116
f 3121/3121/3121 3115/3115/3115 3126/3126/3126
f 3122/3122/3122 3116/3116/3116 3113/3113/3113
f 3123/3123/3123 3113/3113/3113 3112/3112/3112
f 3124/3124/3124 3112/3112/3112 3121/3121/3121
f 3125/3125/3125 3126/3126/3126 3141/3141/3141
f 3127/3127/3127 3121/3121/3121 3125/3125/3125
f 3128/3128/3128 3131/3131/3131 3151/3151/3151
f 3132/3132/3132 3135/3135/3135 3145/3145/3145
f 3133/3133/3133 3138/3138/3138 3134/3134/3134
f 3139/3139/3139 3140/3140/3140 3136/3136/3136
f 3136/3136/3136 3141/3141/3141 3137/3137/3137
f 3142/3142/3142 3136/3136/3136 3133/3133/3133
f 3129/3129/3129 3144/3144/3144 3130/3130/3130
f 3146/3146/3146 3133/3133/3133 3132/3132/3132
f 3147/3147/3147 3132/3132/3132 3129/3129/3129
f 3148/3148/3148 3150/3150/3150 3159/3159/3159
f 3128/3128/3128 3152/3152/3152 3150/3150/3150
f 3154/3154/3154 3129/3129/3129 3128/3128/3128
f 3153/3153/3153 3150/3150/3150 3149/3149/3149
f 3155/3155/3155 3157/3157/3157 3158/3158/3158
f 3158/3158/3158 3159/3159/3159 3155/3155/3155
f 3157/3157/3157 3156/3156/3156 2885/2885/2885
f 3139/3139/3139 3161/3161/3161 3127/3127/3127
f 3100/3100/3100 3163/3163/3163 3101/3101/3101
f 3119/3119/3119 3165/3165/3165 3111/3111/3111
f 3110/3110/3110 3167/3167/3167 3108/3108/3108
f 3108/3108/3108 3100/3100/3100 3099/3099/3099
f 3166/3166/3166 3165/3165/3165 3171/3171/3171
f 3169/3169/3169 3122/3122/3122 3123/3123/3123
f 3168/3168/3168 3119/3119/3119 3120/3120/3120
f 3164/3164/3164 3171/3171/3171 3165/3165/3165
f 3168/3168/3168 3170/3170/3170 3164/3164/3164
f 3169/3169/3169 3124/3124/3124 3127/3127/3127
f 3169/3169/3169 3172/3172/3172 3168/3168/3168
f 3170/3170/3170 3175/3175/3175 3171/3171/3171
f 3176/3176/3176 3177/3177/3177 3179/3179/3179
f 3166/3166/3166 3177/3177/3177 3167/3167/3167
f 3167/3167/3167 3162/3162/3162 3100/3100/3100
f 3171/3171/3171 3178/3178/3178 3166/3166/3166
f 3179/3179/3179 3175/3175/3175 3181/3181/3181
f 3179/3179/3179 3180/3180/3180 3176/3176/3176
f 3181/3181/3181 2880/2880/2880 3179/3179/3179
f 3173/3173/3173 3182/3182/3182 3172/3172/3172
f 3172/3172/3172 3174/3174/3174 3170/3170/3170
f 3174/3174/3174 3181/3181/3181 3175/3175/3175
f 3182/3182/3182 2996/2996/2996 3174/3174/3174
f 3161/3161/3161 3020/3020/3020 3173/3173/3173
f 3154/3154/3154 3183/3183/3183 3147/3147/3147
f 3146/3146/3146 3185/3185/3185 3142/3142/3142
f 3142/3142/3142 3160/3160/3160 3139/3139/3139
f 3160/3160/3160 3026/3026/3026 3161/3161/3161
f 3185/3185/3185 2991/2991/2991 3160/3160/3160
f 3147/3147/3147 3184/3184/3184 3146/3146/3146
f 3184/3184/3184 3074/3074/3074 3185/3185/3185
f 3183/3183/3183 3071/3071/3071 3184/3184/3184
f 3081/3081/3081 3153/3153/3153 3149/3149/3149
f 3215/3215/3215 3240/3240/3240 3217/3217/3217
f 3186/3186/3186 3188/3188/3188 3203/3203/3203
f 3190/3190/3190 3192/3192/3192 3198/3198/3198
f 3193/3193/3193 3191/3191/3191 3294/3294/3294
f 2884/2884/2884 3194/3194/3194 3193/3193/3193
f 3294/3294/3294 3191/3191/3191 3190/3190/3190
f 3195/3195/3195 3189/3189/3189 3186/3186/3186
f 3198/3198/3198 3195/3195/3195 3199/3199/3199
f 3199/3199/3199 3186/3186/3186 3205/3205/3205
f 3200/3200/3200 3202/3202/3202 3211/3211/3211
f 3203/3203/3203 3201/3201/3201 3207/3207/3207
f 3205/3205/3205 3203/3203/3203 3206/3206/3206
f 3206/3206/3206 3200/3200/3200 3210/3210/3210
f 3207/3207/3207 3201/3201/3201 3200/3200/3200
f 3208/3208/3208 3209/3209/3209 3214/3214/3214
f 3210/3210/3210 3211/3211/3211 3212/3212/3212
f 3211/3211/3211 3202/3202/3202 3208/3208/3208
f 3212/3212/3212 3208/3208/3208 3213/3213/3213
f 3213/3213/3213 3214/3214/3214 3216/3216/3216
f 3214/3214/3214 3215/3215/3215 3217/3217/3217
f 3216/3216/3216 3217/3217/3217 3225/3225/3225
f 3205/3205/3205 3218/3218/3218 3220/3220/3220
f 2898/2898/2898 3219/3219/3219 2899/2899/2899
f 3199/3199/3199 3220/3220/3220 3219/3219/3219
f 3219/3219/3219 2895/2895/2895 2899/2899/2899
f 3212/3212/3212 3221/3221/3221 3222/3222/3222
f 3206/3206/3206 3222/3222/3222 3218/3218/3218
f 3220/3220/3220 2896/2896/2896 2895/2895/2895
f 3218/3218/3218 2903/2903/2903 2896/2896/2896
f 3213/3213/3213 3223/3223/3223 3221/3221/3221
f 3222/3222/3222 2904/2904/2904 2903/2903/2903
f 3221/3221/3221 2909/2909/2909 2904/2904/2904
f 3223/3223/3223 3224/3224/3224 3227/3227/3227
f 2909/2909/2909 3226/3226/3226 2892/2892/2892
f 3228/3228/3228 3229/3229/3229 3241/3241/3241
f 3230/3230/3230 3232/3232/3232 3246/3246/3246
f 3233/3233/3233 3235/3235/3235 3243/3243/3243
f 3237/3237/3237 3236/3236/3236 3239/3239/3239
f 3225/3225/3225 3240/3240/3240 3229/3229/3229
f 3240/3240/3240 3238/3238/3238 3237/3237/3237
f 3229/3229/3229 3237/3237/3237 3241/3241/3241
f 3241/3241/3241 3239/3239/3239 3242/3242/3242
f 3242/3242/3242 3233/3233/3233 3244/3244/3244
f 3243/3243/3243 3231/3231/3231 3230/3230/3230
f 3244/3244/3244 3243/3243/3243 3245/3245/3245
f 3245/3245/3245 3230/3230/3230 3249/3249/3249
f 3246/3246/3246 3248/3248/3248 3251/3251/3251
f 3249/3249/3249 3246/3246/3246 3250/3250/3250
f 3250/3250/3250 3251/3251/3251 3265/3265/3265
f 3250/3250/3250 3254/3254/3254 3249/3249/3249
f 3227/3227/3227 3256/3256/3256 3226/3226/3226
f 3257/3257/3257 3245/3245/3245 3259/3259/3259
f 3257/3257/3257 3242/3242/3242 3244/3244/3244
f 3224/3224/3224 3255/3255/3255 3227/3227/3227
f 3228/3228/3228 3258/3258/3258 3255/3255/3255
f 3245/3245/3245 3254/3254/3254 3259/3259/3259
f 3257/3257/3257 3260/3260/3260 3258/3258/3258
f 3259/3259/3259 3253/3253/3253 3260/3260/3260
f 3258/3258/3258 3261/3261/3261 3262/3262/3262
f 3255/3255/3255 3262/3262/3262 3256/3256/3256
f 3226/3226/3226 2893/2893/2893 2892/2892/2892
f 3256/3256/3256 2920/2920/2920 2893/2893/2893
f 3260/3260/3260 3263/3263/3263 3261/3261/3261
f 3262/3262/3262 2921/2921/2921 2920/2920/2920
f 3261/3261/3261 2918/2918/2918 2921/2921/2921
f 3253/3253/3253 3264/3264/3264 3263/3263/3263
f 3265/3265/3265 3267/3267/3267 3268/3268/3268
f 3250/3250/3250 3268/3268/3268 3252/3252/3252
f 3266/3266/3266 3270/3270/3270 3267/3267/3267
f 3268/3268/3268 3271/3271/3271 3272/3272/3272
f 3252/3252/3252 3272/3272/3272 3264/3264/3264
f 3263/3263/3263 2919/2919/2919 2918/2918/2918
f 3264/3264/3264 2931/2931/2931 2919/2919/2919
f 3272/3272/3272 2932/2932/2932 2931/2931/2931
f 3267/3267/3267 3273/3273/3273 3271/3271/3271
f 3271/3271/3271 3274/3274/3274 2932/2932/2932
f 3334/3334/3334 3277/3277/3277 3276/3276/3276
f 3275/3275/3275 3251/3251/3251 3277/3277/3277
f 3269/3269/3269 3278/3278/3278 3333/3333/3333
f 2877/2877/2877 3286/3286/3286 3293/3293/3293
f 2878/2878/2878 3288/3288/3288 3306/3306/3306
f 3295/3295/3295 3294/3294/3294 3190/3190/3190
f 2885/2885/2885 3307/3307/3307 3321/3321/3321
f 3158/3158/3158 3317/3317/3317 3332/3332/3332
f 3081/3081/3081 3284/3284/3284 3078/3078/3078
f 3149/3149/3149 3331/3331/3331 3329/3329/3329
f 3148/3148/3148 3332/3332/3332 3330/3330/3330
f 3148/3148/3148 3330/3330/3330 3149/3149/3149
f 3332/3332/3332 3148/3148/3148 3158/3158/3158
f 3331/3331/3331 3149/3149/3149 3330/3330/3330
f 3081/3081/3081 3328/3328/3328 3324/3324/3324
f 3081/3081/3081 3329/3329/3329 3326/3326/3326
f 3329/3329/3329 3081/3081/3081 3149/3149/3149
f 3081/3081/3081 3327/3327/3327 3328/3328/3328
f 3327/3327/3327 3081/3081/3081 3326/3326/3326
f 3081/3081/3081 3325/3325/3325 3323/3323/3323
f 3325/3325/3325 3081/3081/3081 3324/3324/3324
f 3284/3284/3284 3081/3081/3081 3323/3323/3323
f 3158/3158/3158 3322/3322/3322 3318/3318/3318
f 3158/3158/3158 3320/3320/3320 3322/3322/3322
f 3157/3157/3157 3321/3321/3321 3319/3319/3319
f 3157/3157/3157 3319/3319/3319 3158/3158/3158
f 3321/3321/3321 3157/3157/3157 2885/2885/2885
f 3320/3320/3320 3158/3158/3158 3319/3319/3319
f 3315/3315/3315 3158/3158/3158 3318/3318/3318
f 3158/3158/3158 3316/3316/3316 3317/3317/3317
f 3316/3316/3316 3158/3158/3158 3315/3315/3315
f 3308/3308/3308 2884/2884/2884 3193/3193/3193
f 3193/3193/3193 3314/3314/3314 3309/3309/3309
f 3193/3193/3193 3312/3312/3312 3314/3314/3314
f 3193/3193/3193 3313/3313/3313 3311/3311/3311
f 3313/3313/3313 3193/3193/3193 3296/3296/3296
f 3312/3312/3312 3193/3193/3193 3311/3311/3311
f 3193/3193/3193 3310/3310/3310 3308/3308/3308
f 3310/3310/3310 3193/3193/3193 3309/3309/3309
f 2884/2884/2884 3308/3308/3308 3307/3307/3307
f 3307/3307/3307 2885/2885/2885 2884/2884/2884
f 3190/3190/3190 3299/3299/3299 3297/3297/3297
f 2898/2898/2898 3302/3302/3302 3299/3299/3299
f 2898/2898/2898 3306/3306/3306 3304/3304/3304
f 3306/3306/3306 2898/2898/2898 2878/2878/2878
f 2898/2898/2898 3305/3305/3305 3303/3303/3303
f 3305/3305/3305 2898/2898/2898 3304/3304/3304
f 3300/3300/3300 2898/2898/2898 3303/3303/3303
f 2898/2898/2898 3301/3301/3301 3302/3302/3302
f 3301/3301/3301 2898/2898/2898 3300/3300/3300
f 3299/3299/3299 3190/3190/3190 2898/2898/2898
f 3190/3190/3190 3298/3298/3298 3295/3295/3295
f 3298/3298/3298 3190/3190/3190 3297/3297/3297
f 3294/3294/3294 3296/3296/3296 3193/3193/3193
f 3296/3296/3296 3294/3294/3294 3295/3295/3295
f 2878/2878/2878 3291/3291/3291 3289/3289/3289
f 2878/2878/2878 3292/3292/3292 3290/3290/3290
f 3292/3292/3292 2877/2877/2877 3293/3293/3293
f 3292/3292/3292 2878/2878/2878 2877/2877/2877
f 3291/3291/3291 2878/2878/2878 3290/3290/3290
f 3287/3287/3287 2878/2878/2878 3289/3289/3289
f 3288/3288/3288 2878/2878/2878 3287/3287/3287
f 2877/2877/2877 3279/3279/3279 3286/3286/3286
f 3078/3078/3078 3285/3285/3285 3283/3283/3283
f 3285/3285/3285 3078/3078/3078 3284/3284/3284
f 3281/3281/3281 3078/3078/3078 3283/3283/3283
f 3078/3078/3078 3282/3282/3282 3280/3280/3280
f 3282/3282/3282 3078/3078/3078 3281/3281/3281
f 3279/3279/3279 3078/3078/3078 3280/3280/3280
f 3279/3279/3279 2877/2877/2877 3078/3078/3078
f 3266/3266/3266 3278/3278/3278 3269/3269/3269
f 3278/3278/3278 3266/3266/3266 3275/3275/3275
f 3248/3248/3248 3277/3277/3277 3251/3251/3251
f 3277/3277/3277 3248/3248/3248 3276/3276/3276
f 3266/3266/3266 3251/3251/3251 3275/3275/3275
f 3251/3251/3251 3266/3266/3266 3265/3265/3265
f 3274/3274/3274 3271/3271/3271 3273/3273/3273
f 3273/3273/3273 3267/3267/3267 3270/3270/3270
f 2932/2932/2932 3272/3272/3272 3271/3271/3271
f 2931/2931/2931 3264/3264/3264 3272/3272/3272
f 2919/2919/2919 3263/3263/3263 3264/3264/3264
f 3272/3272/3272 3252/3252/3252 3268/3268/3268
f 3271/3271/3271 3268/3268/3268 3267/3267/3267
f 3270/3270/3270 3266/3266/3266 3269/3269/3269
f 3268/3268/3268 3250/3250/3250 3265/3265/3265
f 3267/3267/3267 3265/3265/3265 3266/3266/3266
f 3264/3264/3264 3253/3253/3253 3252/3252/3252
f 2918/2918/2918 3261/3261/3261 3263/3263/3263
f 2921/2921/2921 3262/3262/3262 3261/3261/3261
f 3263/3263/3263 3260/3260/3260 3253/3253/3253
f 2920/2920/2920 3256/3256/3256 3262/3262/3262
f 2893/2893/2893 3226/3226/3226 3256/3256/3256
f 3262/3262/3262 3255/3255/3255 3258/3258/3258
f 3261/3261/3261 3258/3258/3258 3260/3260/3260
f 3253/3253/3253 3259/3259/3259 3254/3254/3254
f 3260/3260/3260 3257/3257/3257 3259/3259/3259
f 3254/3254/3254 3245/3245/3245 3249/3249/3249
f 3258/3258/3258 3228/3228/3228 3257/3257/3257
f 3255/3255/3255 3224/3224/3224 3228/3228/3228
f 3242/3242/3242 3228/3228/3228 3241/3241/3241
f 3242/3242/3242 3257/3257/3257 3228/3228/3228
f 3245/3245/3245 3257/3257/3257 3244/3244/3244
f 3256/3256/3256 3227/3227/3227 3255/3255/3255
f 3252/3252/3252 3254/3254/3254 3250/3250/3250
f 3254/3254/3254 3252/3252/3252 3253/3253/3253
f 3251/3251/3251 3250/3250/3250 3246/3246/3246
f 3246/3246/3246 3249/3249/3249 3230/3230/3230
f 3033/3033/3033 3027/3027/3027 3035/3035/3035
f 3248/3248/3248 3246/3246/3246 3247/3247/3247
f 3230/3230/3230 3245/3245/3245 3243/3243/3243
f 3243/3243/3243 3244/3244/3244 3233/3233/3233
f 3231/3231/3231 3243/3243/3243 3235/3235/3235
f 3233/3233/3233 3242/3242/3242 3239/3239/3239
f 3239/3239/3239 3241/3241/3241 3237/3237/3237
f 3237/3237/3237 3229/3229/3229 3240/3240/3240
f 3238/3238/3238 3240/3240/3240 3215/3215/3215
f 3240/3240/3240 3225/3225/3225 3217/3217/3217
f 3239/3239/3239 3236/3236/3236 3233/3233/3233
f 3236/3236/3236 3237/3237/3237 3238/3238/3238
f 3234/3234/3234 3233/3233/3233 3236/3236/3236
f 3235/3235/3235 3233/3233/3233 3234/3234/3234
f 3232/3232/3232 3230/3230/3230 3231/3231/3231
f 3229/3229/3229 3224/3224/3224 3225/3225/3225
f 3229/3229/3229 3228/3228/3228 3224/3224/3224
f 3226/3226/3226 3223/3223/3223 3227/3227/3227
f 3226/3226/3226 2909/2909/2909 3223/3223/3223
f 3224/3224/3224 3216/3216/3216 3225/3225/3225
f 3224/3224/3224 3223/3223/3223 3216/3216/3216
f 2909/2909/2909 3221/3221/3221 3223/3223/3223
f 2904/2904/2904 3222/3222/3222 3221/3221/3221
f 3223/3223/3223 3213/3213/3213 3216/3216/3216
f 2903/2903/2903 3218/3218/3218 3222/3222/3222
f 2896/2896/2896 3220/3220/3220 3218/3218/3218
f 3222/3222/3222 3206/3206/3206 3210/3210/3210
f 3212/3212/3212 3222/3222/3222 3210/3210/3210
f 3221/3221/3221 3212/3212/3212 3213/3213/3213
f 2895/2895/2895 3219/3219/3219 3220/3220/3220
f 3220/3220/3220 3199/3199/3199 3205/3205/3205
f 3219/3219/3219 3198/3198/3198 3199/3199/3199
f 3198/3198/3198 3219/3219/3219 3190/3190/3190
f 3219/3219/3219 2898/2898/2898 3190/3190/3190
f 3218/3218/3218 3205/3205/3205 3206/3206/3206
f 3217/3217/3217 3216/3216/3216 3214/3214/3214
f 3215/3215/3215 3214/3214/3214 3209/3209/3209
f 3214/3214/3214 3213/3213/3213 3208/3208/3208
f 3208/3208/3208 3212/3212/3212 3211/3211/3211
f 3211/3211/3211 3210/3210/3210 3200/3200/3200
f 3209/3209/3209 3208/3208/3208 3202/3202/3202
f 3207/3207/3207 3206/3206/3206 3203/3203/3203
f 3200/3200/3200 3206/3206/3206 3207/3207/3207
f 3203/3203/3203 3205/3205/3205 3186/3186/3186
f 3204/3204/3204 3203/3203/3203 3188/3188/3188
f 3201/3201/3201 3203/3203/3203 3204/3204/3204
f 3202/3202/3202 3200/3200/3200 3201/3201/3201
f 3186/3186/3186 3199/3199/3199 3195/3195/3195
f 3195/3195/3195 3192/3192/3192 3197/3197/3197
f 3195/3195/3195 3198/3198/3198 3192/3192/3192
f 3196/3196/3196 3195/3195/3195 3197/3197/3197
f 3189/3189/3189 3195/3195/3195 3196/3196/3196
f 3194/3194/3194 2884/2884/2884 2883/2883/2883
f 3191/3191/3191 3193/3193/3193 3194/3194/3194
f 3192/3192/3192 3190/3190/3190 3191/3191/3191
f 3187/3187/3187 3186/3186/3186 3189/3189/3189
f 3188/3188/3188 3186/3186/3186 3187/3187/3187
f 3153/3153/3153 3070/3070/3070 3154/3154/3154
f 3070/3070/3070 3153/3153/3153 3081/3081/3081
f 3071/3071/3071 3183/3183/3183 3076/3076/3076
f 3074/3074/3074 3184/3184/3184 3071/3071/3071
f 3184/3184/3184 3147/3147/3147 3183/3183/3183
f 2991/2991/2991 3185/3185/3185 3074/3074/3074
f 3026/3026/3026 3160/3160/3160 2991/2991/2991
f 3160/3160/3160 3142/3142/3142 3185/3185/3185
f 3185/3185/3185 3146/3146/3146 3184/3184/3184
f 3070/3070/3070 3183/3183/3183 3154/3154/3154
f 3183/3183/3183 3070/3070/3070 3076/3076/3076
f 3020/3020/3020 3161/3161/3161 3026/3026/3026
f 2996/2996/2996 3182/3182/3182 3023/3023/3023
f 2996/2996/2996 3181/3181/3181 3174/3174/3174
f 3181/3181/3181 2996/2996/2996 3009/3009/3009
f 3174/3174/3174 3172/3172/3172 3182/3182/3182
f 3020/3020/3020 3182/3182/3182 3173/3173/3173
f 3182/3182/3182 3020/3020/3020 3023/3023/3023
f 3004/3004/3004 3181/3181/3181 3009/3009/3009
f 2880/2880/2880 3181/3181/3181 3004/3004/3004
f 3180/3180/3180 3179/3179/3179 2880/2880/2880
f 3178/3178/3178 3179/3179/3179 3177/3177/3177
f 3175/3175/3175 3179/3179/3179 3178/3178/3178
f 3178/3178/3178 3171/3171/3171 3175/3175/3175
f 3162/3162/3162 3167/3167/3167 3177/3177/3177
f 3177/3177/3177 3166/3166/3166 3178/3178/3178
f 3162/3162/3162 3176/3176/3176 3163/3163/3163
f 3177/3177/3177 3176/3176/3176 3162/3162/3162
f 3175/3175/3175 3170/3170/3170 3174/3174/3174
f 3172/3172/3172 3169/3169/3169 3173/3173/3173
f 3161/3161/3161 3169/3169/3169 3127/3127/3127
f 3169/3169/3169 3161/3161/3161 3173/3173/3173
f 3124/3124/3124 3169/3169/3169 3123/3123/3123
f 3170/3170/3170 3168/3168/3168 3172/3172/3172
f 3171/3171/3171 3164/3164/3164 3170/3170/3170
f 3119/3119/3119 3168/3168/3168 3164/3164/3164
f 3168/3168/3168 3122/3122/3122 3169/3169/3169
f 3122/3122/3122 3168/3168/3168 3120/3120/3120
f 3165/3165/3165 3110/3110/3110 3111/3111/3111
f 3165/3165/3165 3166/3166/3166 3110/3110/3110
f 3100/3100/3100 3108/3108/3108 3167/3167/3167
f 3167/3167/3167 3110/3110/3110 3166/3166/3166
f 3165/3165/3165 3119/3119/3119 3164/3164/3164
f 3163/3163/3163 3100/3100/3100 3162/3162/3162
f 3161/3161/3161 3139/3139/3139 3160/3160/3160
f 3159/3159/3159 3158/3158/3158 3148/3148/3148
f 3157/3157/3157 3155/3155/3155 3156/3156/3156
f 3129/3129/3129 3154/3154/3154 3147/3147/3147
f 3153/3153/3153 3128/3128/3128 3150/3150/3150
f 3128/3128/3128 3153/3153/3153 3154/3154/3154
f 3152/3152/3152 3128/3128/3128 3151/3151/3151
f 3150/3150/3150 3148/3148/3148 3149/3149/3149
f 3132/3132/3132 3147/3147/3147 3146/3146/3146
f 3133/3133/3133 3146/3146/3146 3142/3142/3142
f 3129/3129/3129 3145/3145/3145 3143/3143/3143
f 3145/3145/3145 3129/3129/3129 3132/3132/3132
f 3144/3144/3144 3129/3129/3129 3143/3143/3143
f 3136/3136/3136 3142/3142/3142 3139/3139/3139
f 3141/3141/3141 3136/3136/3136 3140/3140/3140
f 3139/3139/3139 3125/3125/3125 3140/3140/3140
f 3125/3125/3125 3139/3139/3139 3127/3127/3127
f 3133/3133/3133 3137/3137/3137 3138/3138/3138
f 3137/3137/3137 3133/3133/3133 3136/3136/3136
f 3132/3132/3132 3134/3134/3134 3135/3135/3135
f 3134/3134/3134 3132/3132/3132 3133/3133/3133
f 3128/3128/3128 3130/3130/3130 3131/3131/3131
f 3130/3130/3130 3128/3128/3128 3129/3129/3129
f 3121/3121/3121 3127/3127/3127 3124/3124/3124
f 3126/3126/3126 3125/3125/3125 3121/3121/3121
f 3112/3112/3112 3124/3124/3124 3123/3123/3123
f 3113/3113/3113 3123/3123/3123 3122/3122/3122
f 3116/3116/3116 3122/3122/3122 3120/3120/3120
f 3115/3115/3115 3121/3121/3121 3112/3112/3112
f 3102/3102/3102 3120/3120/3120 3119/3119/3119
f 3103/3103/3103 3119/3119/3119 3111/3111/3111
f 3116/3116/3116 3117/3117/3117 3118/3118/3118
f 3117/3117/3117 3116/3116/3116 3102/3102/3102
f 3112/3112/3112 3114/3114/3114 3115/3115/3115
f 3114/3114/3114 3112/3112/3112 3113/3113/3113
f 3105/3105/3105 3111/3111/3111 3110/3110/3110
f 3106/3106/3106 3110/3110/3110 3108/3108/3108
f 3109/3109/3109 3103/3103/3103 3105/3105/3105
f 2888/2888/2888 3108/3108/3108 3099/3099/3099
f 2889/2889/2889 3106/3106/3106 2888/2888/2888
f 3107/3107/3107 3105/3105/3105 3106/3106/3106
f 3104/3104/3104 3102/3102/3102 3103/3103/3103
f 3101/3101/3101 3099/3099/3099 3100/3100/3100
f 3079/3079/3079 3098/3098/3098 3094/3094/3094
f 3097/3097/3097 3082/3082/3082 3096/3096/3096
f 3093/3093/3093 3082/3082/3082 3097/3097/3097
f 3095/3095/3095 3082/3082/3082 3080/3080/3080
f 3082/3082/3082 3095/3095/3095 3096/3096/3096
f 3095/3095/3095 3079/3079/3079 3094/3094/3094
f 3092/3092/3092 3083/3083/3083 3093/3093/3093
f 3091/3091/3091 3083/3083/3083 3092/3092/3092
f 3090/3090/3090 3084/3084/3084 3091/3091/3091
f 3089/3089/3089 3084/3084/3084 3090/3090/3090
f 3084/3084/3084 3068/3068/3068 3083/3083/3083
f 3088/3088/3088 3085/3085/3085 3089/3089/3089
f 3087/3087/3087 3085/3085/3085 3088/3088/3088
f 3086/3086/3086 3066/3066/3066 3087/3087/3087
f 3064/3064/3064 3066/3066/3066 3086/3086/3086
f 3066/3066/3066 3075/3075/3075 3085/3085/3085
f 3085/3085/3085 3077/3077/3077 3084/3084/3084
f 3083/3083/3083 3067/3067/3067 3082/3082/3082
f 3079/3079/3079 2877/2877/2877 2890/2890/2890
f 3067/3067/3067 3081/3081/3081 3080/3080/3080
f 3080/3080/3080 3078/3078/3078 3079/3079/3079
f 3077/3077/3077 3069/3069/3069 3068/3068/3068
f 3075/3075/3075 3072/3072/3072 3077/3077/3077
f 3072/3072/3072 3076/3076/3076 3069/3069/3069
f 3065/3065/3065 3073/3073/3073 3075/3075/3075
f 3065/3065/3065 3034/3034/3034 2988/2988/2988
f 3034/3034/3034 3065/3065/3065 3038/3038/3038
f 2988/2988/2988 3074/3074/3074 3073/3073/3073
f 3073/3073/3073 3071/3071/3071 3072/3072/3072
f 3067/3067/3067 3069/3069/3069 3070/3070/3070
f 3069/3069/3069 3067/3067/3067 3068/3068/3068
f 3062/3062/3062 3065/3065/3065 3066/3066/3066
f 3056/3056/3056 3038/3038/3038 3062/3062/3062
f 3056/3056/3056 3060/3060/3060 3057/3057/3057
f 3063/3063/3063 3062/3062/3062 3064/3064/3064
f 3060/3060/3060 3062/3062/3062 3063/3063/3063
f 3036/3036/3036 3061/3061/3061 3035/3035/3035
f 3061/3061/3061 3059/3059/3059 3050/3050/3050
f 3058/3058/3058 3057/3057/3057 3060/3060/3060
f 3059/3059/3059 3057/3057/3057 3058/3058/3058
f 3057/3057/3057 3037/3037/3037 3056/3056/3056
f 3033/3033/3033 3055/3055/3055 3032/3032/3032
f 3055/3055/3055 3053/3053/3053 3051/3051/3051
f 3050/3050/3050 3053/3053/3053 3055/3055/3055
f 3031/3031/3031 3052/3052/3052 3029/3029/3029
f 3052/3052/3052 3048/3048/3048 3039/3039/3039
f 3054/3054/3054 3051/3051/3051 3053/3053/3053
f 3051/3051/3051 3048/3048/3048 3052/3052/3052
f 3032/3032/3032 3051/3051/3051 3031/3031/3031
f 3035/3035/3035 3050/3050/3050 3033/3033/3033
f 3049/3049/3049 3039/3039/3039 3048/3048/3048
f 3039/3039/3039 3046/3046/3046 3044/3044/3044
f 3047/3047/3047 3044/3044/3044 3046/3046/3046
f 3044/3044/3044 3045/3045/3045 3040/3040/3040
f 3030/3030/3030 3044/3044/3044 3016/3016/3016
f 3040/3040/3040 3041/3041/3041 2993/2993/2993
f 3014/3014/3014 2993/2993/2993 2992/2992/2992
f 3042/3042/3042 3041/3041/3041 3043/3043/3043
f 3042/3042/3042 2993/2993/2993 3041/3041/3041
f 3016/3016/3016 3040/3040/3040 3014/3014/3014
f 3029/3029/3029 3039/3039/3039 3030/3030/3030
f 3037/3037/3037 3034/3034/3034 3038/3038/3038
f 3036/3036/3036 3034/3034/3034 3037/3037/3037
f 3035/3035/3035 3027/3027/3027 3036/3036/3036
f 2918/2918/2918 2916/2916/2916 2917/2917/2917
f 2842/2842/2842 2818/2818/2818 2841/2841/2841
f 2843/2843/2843 2841/2841/2841 2840/2840/2840
f 2846/2846/2846 2844/2844/2844 2845/2845/2845
f 2836/2836/2836 2847/2847/2847 2837/2837/2837
f 2847/2847/2847 2836/2836/2836 2842/2842/2842
f 2845/2845/2845 2848/2848/2848 2837/2837/2837
f 2849/2849/2849 2837/2837/2837 2847/2847/2847
f 2852/2852/2852 2850/2850/2850 2851/2851/2851
f 2845/2845/2845 2853/2853/2853 2846/2846/2846
f 2846/2846/2846 2854/2854/2854 2850/2850/2850
f 2857/2857/2857 2855/2855/2855 2856/2856/2856
f 2819/2819/2819 2822/2822/2822 2820/2820/2820
f 2836/2836/2836 2819/2819/2819 2818/2818/2818
f 2856/2856/2856 2858/2858/2858 2825/2825/2825
f 2835/2835/2835 2825/2825/2825 2819/2819/2819
f 2861/2861/2861 2859/2859/2859 2860/2860/2860
f 2848/2848/2848 2856/2856/2856 2835/2835/2835
f 2860/2860/2860 2862/2862/2862 2857/2857/2857
f 2844/2844/2844 2857/2857/2857 2848/2848/2848
f 2864/2864/2864 2863/2863/2863 2861/2861/2861
f 2852/2852/2852 2860/2860/2860 2844/2844/2844
f 2861/2861/2861 2851/2851/2851 2864/2864/2864
f 2866/2866/2866 2865/2865/2865 2834/2834/2834
f 2867/2867/2867 2833/2833/2833 2828/2828/2828
f 2868/2868/2868 2834/2834/2834 2867/2867/2867
f 2870/2870/2870 2822/2822/2822 2869/2869/2869
f 2822/2822/2822 2870/2870/2870 2866/2866/2866
f 2820/2820/2820 2866/2866/2866 2868/2868/2868
f 2872/2872/2872 2829/2829/2829 2871/2871/2871
f 2829/2829/2829 2872/2872/2872 2873/2873/2873
f 2868/2868/2868 2821/2821/2821 2820/2820/2820
f 2821/2821/2821 2868/2868/2868 2831/2831/2831
f 2838/2838/2838 2831/2831/2831 2830/2830/2830
f 2839/2839/2839 2830/2830/2830 2873/2873/2873
f 2874/2874/2874 2873/2873/2873 2872/2872/2872
f 2873/2873/2873 2874/2874/2874 2839/2839/2839
f 2830/2830/2830 2839/2839/2839 2838/2838/2838
f 2831/2831/2831 2838/2838/2838 2821/2821/2821
f 2831/2831/2831 2868/2868/2868 2867/2867/2867
f 2829/2829/2829 2873/2873/2873 2830/2830/2830
f 2866/2866/2866 2820/2820/2820 2822/2822/2822
f 2866/2866/2866 2870/2870/2870 2875/2875/2875
f 2834/2834/2834 2868/2868/2868 2866/2866/2866
f 2833/2833/2833 2867/2867/2867 2834/2834/2834
f 2865/2865/2865 2866/2866/2866 2875/2875/2875
f 2851/2851/2851 2861/2861/2861 2852/2852/2852
f 2860/2860/2860 2852/2852/2852 2861/2861/2861
f 2863/2863/2863 2864/2864/2864 2876/2876/2876
f 2857/2857/2857 2844/2844/2844 2860/2860/2860
f 2862/2862/2862 2860/2860/2860 2859/2859/2859
f 2856/2856/2856 2848/2848/2848 2857/2857/2857
f 2859/2859/2859 2861/2861/2861 2863/2863/2863
f 2825/2825/2825 2835/2835/2835 2856/2856/2856
f 2825/2825/2825 2858/2858/2858 2827/2827/2827
f 2822/2822/2822 2819/2819/2819 2825/2825/2825
f 2855/2855/2855 2857/2857/2857 2862/2862/2862
f 2854/2854/2854 2846/2846/2846 2853/2853/2853
f 2853/2853/2853 2845/2845/2845 2849/2849/2849
f 2850/2850/2850 2852/2852/2852 2846/2846/2846
f 2837/2837/2837 2849/2849/2849 2845/2845/2845
f 2848/2848/2848 2845/2845/2845 2844/2844/2844
f 2847/2847/2847 2842/2842/2842 2843/2843/2843
f 2844/2844/2844 2846/2846/2846 2852/2852/2852
f 2841/2841/2841 2843/2843/2843 2842/2842/2842
f 2818/2818/2818 2842/2842/2842 2836/2836/2836
f 2819/2819/2819 2836/2836/2836 2835/2835/2835
f 2840/2840/2840 2839/2839/2839 2874/2874/2874
f 2835/2835/2835 2837/2837/2837 2848/2848/2848
f 2832/2832/2832 2834/2834/2834 2865/2865/2865
f 2828/2828/2828 2831/2831/2831 2867/2867/2867
f 2822/2822/2822 2824/2824/2824 2869/2869/2869
f 2818/2818/2818 2821/2821/2821 2838/2838/2838
f 2858/2858/2858 2856/2856/2856 2855/2855/2855
f 2820/2820/2820 2818/2818/2818 2819/2819/2819
f 2838/2838/2838 2841/2841/2841 2818/2818/2818
f 2838/2838/2838 2840/2840/2840 2841/2841/2841
f 2840/2840/2840 2838/2838/2838 2839/2839/2839
f 2837/2837/2837 2835/2835/2835 2836/2836/2836
f 2834/2834/2834 2832/2832/2832 2833/2833/2833
f 2828/2828/2828 2830/2830/2830 2831/2831/2831
f 2830/2830/2830 2828/2828/2828 2829/2829/2829
f 2825/2825/2825 2823/2823/2823 2822/2822/2822
f 2826/2826/2826 2825/2825/2825 2827/2827/2827
f 2823/2823/2823 2825/2825/2825 2826/2826/2826
f 2824/2824/2824 2822/2822/2822 2823/2823/2823
f 2818/2818/2818 2820/2820/2820 2821/2821/2821
f 1992/1992/1992 1982/1982/1982 1970/1970/1970
f 1989/1989/1989 1991/1991/1991 1992/1992/1992
f 1979/1979/1979 1988/1988/1988 1980/1980/1980
f 1974/1974/1974 1987/1987/1987 1979/1979/1979
f 1973/1973/1973 1986/1986/1986 1974/1974/1974
f 1976/1976/1976 1985/1985/1985 1973/1973/1973
f 1971/1971/1971 1984/1984/1984 1976/1976/1976
f 1970/1970/1970 1983/1983/1983 1971/1971/1971
f 1981/1981/1981 1979/1979/1979 1978/1978/1978
f 1978/1978/1978 1980/1980/1980 1997/1997/1997
f 1977/1977/1977 1973/1973/1973 1972/1972/1972
f 1975/1975/1975 1976/1976/1976 1977/1977/1977
f 1972/1972/1972 1974/1974/1974 1981/1981/1981
f 1969/1969/1969 1971/1971/1971 1975/1975/1975
f 1993/1993/1993 1992/1992/1992 1994/1994/1994
f 1994/1994/1994 1970/1970/1970 1969/1969/1969
f 1995/1995/1995 1980/1980/1980 1988/1988/1988
f 1997/1997/1997 2000/2000/2000 2036/2036/2036
f 2002/2002/2002 1997/1997/1997 2036/2036/2036
f 1981/1981/1981 2003/2003/2003 2006/2006/2006
f 2004/2004/2004 1972/1972/1972 1981/1981/1981
f 1972/1972/1972 2005/2005/2005 1977/1977/1977
f 1975/1975/1975 2007/2007/2007 2011/2011/2011
f 1969/1969/1969 2009/2009/2009 2014/2014/2014
f 1994/1994/1994 2013/2013/2013 2017/2017/2017
f 1994/1994/1994 2018/2018/2018 1993/1993/1993
f 2019/2019/2019 2020/2020/2020 2035/2035/2035
f 2019/2019/2019 1989/1989/1989 1993/1993/1993
f 1990/1990/1990 2021/2021/2021 2022/2022/2022
f 2022/2022/2022 2024/2024/2024 1990/1990/1990
f 2024/2024/2024 1991/1991/1991 1990/1990/1990
f 1991/1991/1991 2025/2025/2025 1982/1982/1982
f 2025/2025/2025 1983/1983/1983 1982/1982/1982
f 1984/1984/1984 2026/2026/2026 2027/2027/2027
f 1984/1984/1984 2028/2028/2028 1985/1985/1985
f 1985/1985/1985 2029/2029/2029 1986/1986/1986
f 1987/1987/1987 2030/2030/2030 2034/2034/2034
f 2031/2031/2031 1987/1987/1987 2034/2034/2034
f 1988/1988/1988 2033/2033/2033 1995/1995/1995
f 2032/2032/2032 1988/1988/1988 2031/2031/2031
f 1988/1988/1988 2032/2032/2032 2033/2033/2033
f 1987/1987/1987 2031/2031/2031 1988/1988/1988
f 2030/2030/2030 1986/1986/1986 2029/2029/2029
f 2030/2030/2030 1987/1987/1987 1986/1986/1986
f 2029/2029/2029 1985/1985/1985 2028/2028/2028
f 2028/2028/2028 1984/1984/1984 2027/2027/2027
f 2026/2026/2026 1984/1984/1984 1983/1983/1983
f 1983/1983/1983 2025/2025/2025 2026/2026/2026
f 1991/1991/1991 2024/2024/2024 2025/2025/2025
f 2024/2024/2024 2022/2022/2022 2023/2023/2023
f 2021/2021/2021 1990/1990/1990 1989/1989/1989
f 1989/1989/1989 2019/2019/2019 2021/2021/2021
f 2020/2020/2020 1993/1993/1993 2018/2018/2018
f 2020/2020/2020 2019/2019/2019 1993/1993/1993
f 2018/2018/2018 1994/1994/1994 2017/2017/2017
f 1969/1969/1969 2016/2016/2016 2013/2013/2013
f 1969/1969/1969 2015/2015/2015 2016/2016/2016
f 2015/2015/2015 1969/1969/1969 2014/2014/2014
f 2013/2013/2013 1994/1994/1994 1969/1969/1969
f 1975/1975/1975 2012/2012/2012 2010/2010/2010
f 2012/2012/2012 1975/1975/1975 2011/2011/2011
f 1975/1975/1975 2008/2008/2008 1969/1969/1969
f 2008/2008/2008 1975/1975/1975 2010/2010/2010
f 2009/2009/2009 1969/1969/1969 2008/2008/2008
f 2007/2007/2007 1977/1977/1977 2005/2005/2005
f 2007/2007/2007 1975/1975/1975 1977/1977/1977
f 2004/2004/2004 1981/1981/1981 2006/2006/2006
f 1972/1972/1972 2004/2004/2004 2005/2005/2005
f 1978/1978/1978 2003/2003/2003 1981/1981/1981
f 2003/2003/2003 1978/1978/1978 2002/2002/2002
f 1997/1997/1997 2002/2002/2002 1978/1978/1978
f 2000/2000/2000 1999/1999/1999 2001/2001/2001
f 2000/2000/2000 1997/1997/1997 1999/1999/1999
f 1997/1997/1997 1996/1996/1996 1998/1998/1998
f 1996/1996/1996 1997/1997/1997 1980/1980/1980
f 1980/1980/1980 1995/1995/1995 1996/1996/1996
f 1970/1970/1970 1994/1994/1994 1992/1992/1992
f 1992/1992/1992 1993/1993/1993 1989/1989/1989
f 1982/1982/1982 1992/1992/1992 1991/1991/1991
f 1991/1991/1991 1989/1989/1989 1990/1990/1990
f 1988/1988/1988 1979/1979/1979 1987/1987/1987
f 1987/1987/1987 1974/1974/1974 1986/1986/1986
f 1986/1986/1986 1973/1973/1973 1985/1985/1985
f 1985/1985/1985 1976/1976/1976 1984/1984/1984
f 1984/1984/1984 1971/1971/1971 1983/1983/1983
f 1983/1983/1983 1970/1970/1970 1982/1982/1982
f 1979/1979/1979 1981/1981/1981 1974/1974/1974
f 1980/1980/1980 1978/1978/1978 1979/1979/1979
f 1973/1973/1973 1977/1977/1977 1976/1976/1976
f 1976/1976/1976 1975/1975/1975 1971/1971/1971
f 1974/1974/1974 1972/1972/1972 1973/1973/1973
f 1971/1971/1971 1969/1969/1969 1970/1970/1970
f 1997/1997/1997 1998/1998/1998 1999/1999/1999
f 2039/2039/2039 2037/2037/2037 2038/2038/2038
f 2043/2043/2043 2041/2041/2041 2037/2037/2037
f 2046/2046/2046 2044/2044/2044 2045/2045/2045
f 2049/2049/2049 2047/2047/2047 2048/2048/2048
f 2048/2048/2048 2050/2050/2050 2051/2051/2051
f 2045/2045/2045 2052/2052/2052 2049/2049/2049
f 2055/2055/2055 2053/2053/2053 2054/2054/2054
f 2054/2054/2054 2053/2053/2053 2056/2056/2056
f 2058/2058/2058 2057/2057/2057 2046/2046/2046
f 2059/2059/2059 2056/2056/2056 2053/2053/2053
f 2061/2061/2061 2060/2060/2060 2059/2059/2059
f 2063/2063/2063 2051/2051/2051 2062/2062/2062
f 2062/2062/2062 2051/2051/2051 2064/2064/2064
f 2066/2066/2066 2048/2048/2048 2065/2065/2065
f 2065/2065/2065 2048/2048/2048 2063/2063/2063
f 2068/2068/2068 2049/2049/2049 2067/2067/2067
f 2067/2067/2067 2049/2049/2049 2066/2066/2066
f 2070/2070/2070 2045/2045/2045 2069/2069/2069
f 2069/2069/2069 2045/2045/2045 2068/2068/2068
f 2071/2071/2071 2046/2046/2046 2070/2070/2070
f 2073/2073/2073 2058/2058/2058 2072/2072/2072
f 2072/2072/2072 2058/2058/2058 2074/2074/2074
f 2074/2074/2074 2058/2058/2058 2071/2071/2071
f 2053/2053/2053 2075/2075/2075 2059/2059/2059
f 2059/2059/2059 2075/2075/2075 2061/2061/2061
f 2076/2076/2076 2053/2053/2053 2073/2073/2073
f 2061/2061/2061 2077/2077/2077 2078/2078/2078
f 2061/2061/2061 2078/2078/2078 2079/2079/2079
f 2078/2078/2078 2080/2080/2080 2081/2081/2081
f 2081/2081/2081 2082/2082/2082 2083/2083/2083
f 2083/2083/2083 2084/2084/2084 2085/2085/2085
f 2086/2086/2086 2083/2083/2083 2082/2082/2082
f 2089/2089/2089 2087/2087/2087 2088/2088/2088
f 2088/2088/2088 2090/2090/2090 2091/2091/2091
f 2091/2091/2091 2092/2092/2092 2093/2093/2093
f 2093/2093/2093 2094/2094/2094 2095/2095/2095
f 2096/2096/2096 2093/2093/2093 2092/2092/2092
f 2095/2095/2095 2097/2097/2097 2098/2098/2098
f 2098/2098/2098 2099/2099/2099 2100/2100/2100
f 2100/2100/2100 2101/2101/2101 2102/2102/2102
f 2102/2102/2102 2103/2103/2103 2104/2104/2104
f 2104/2104/2104 2105/2105/2105 2106/2106/2106
f 2107/2107/2107 2104/2104/2104 2103/2103/2103
f 2109/2109/2109 2106/2106/2106 2108/2108/2108
f 2108/2108/2108 2106/2106/2106 2105/2105/2105
f 2111/2111/2111 2110/2110/2110 2109/2109/2109
f 2113/2113/2113 2112/2112/2112 2111/2111/2111
f 2115/2115/2115 2113/2113/2113 2114/2114/2114
f 2117/2117/2117 2114/2114/2114 2116/2116/2116
f 2119/2119/2119 2116/2116/2116 2118/2118/2118
f 2116/2116/2116 2119/2119/2119 2117/2117/2117
f 2122/2122/2122 2120/2120/2120 2121/2121/2121
f 2124/2124/2124 2121/2121/2121 2123/2123/2123
f 2126/2126/2126 2123/2123/2123 2125/2125/2125
f 2128/2128/2128 2125/2125/2125 2127/2127/2127
f 2130/2130/2130 2127/2127/2127 2129/2129/2129
f 2132/2132/2132 2129/2129/2129 2131/2131/2131
f 2134/2134/2134 2131/2131/2131 2133/2133/2133
f 2136/2136/2136 2133/2133/2133 2135/2135/2135
f 2138/2138/2138 2135/2135/2135 2137/2137/2137
f 2140/2140/2140 2137/2137/2137 2139/2139/2139
f 2142/2142/2142 2139/2139/2139 2141/2141/2141
f 2144/2144/2144 2141/2141/2141 2143/2143/2143
f 2146/2146/2146 2143/2143/2143 2145/2145/2145
f 2143/2143/2143 2146/2146/2146 2147/2147/2147
f 2143/2143/2143 2147/2147/2147 2144/2144/2144
f 2149/2149/2149 2148/2148/2148 2146/2146/2146
f 2148/2148/2148 2149/2149/2149 2150/2150/2150
f 2039/2039/2039 2151/2151/2151 2152/2152/2152
f 2151/2151/2151 2039/2039/2039 2148/2148/2148
f 2043/2043/2043 2152/2152/2152 2153/2153/2153
f 2042/2042/2042 2153/2153/2153 2154/2154/2154
f 2156/2156/2156 2154/2154/2154 2155/2155/2155
f 2158/2158/2158 2155/2155/2155 2157/2157/2157
f 2155/2155/2155 2158/2158/2158 2156/2156/2156
f 2156/2156/2156 2158/2158/2158 2159/2159/2159
f 2161/2161/2161 2155/2155/2155 2160/2160/2160
f 2186/2186/2186 2188/2188/2188 2132/2132/2132
f 2155/2155/2155 2161/2161/2161 2157/2157/2157
f 2162/2162/2162 2040/2040/2040 2156/2156/2156
f 2164/2164/2164 2156/2156/2156 2163/2163/2163
f 2156/2156/2156 2164/2164/2164 2162/2162/2162
f 2166/2166/2166 2040/2040/2040 2165/2165/2165
f 2040/2040/2040 2166/2166/2166 2167/2167/2167
f 2041/2041/2041 2167/2167/2167 2168/2168/2168
f 2037/2037/2037 2168/2168/2168 2169/2169/2169
f 2168/2168/2168 2037/2037/2037 2041/2041/2041
f 2038/2038/2038 2170/2170/2170 2171/2171/2171
f 2170/2170/2170 2038/2038/2038 2037/2037/2037
f 2148/2148/2148 2172/2172/2172 2173/2173/2173
f 2172/2172/2172 2148/2148/2148 2038/2038/2038
f 2174/2174/2174 2146/2146/2146 2148/2148/2148
f 2146/2146/2146 2174/2174/2174 2175/2175/2175
f 2147/2147/2147 2176/2176/2176 2177/2177/2177
f 2144/2144/2144 2177/2177/2177 2178/2178/2178
f 2142/2142/2142 2178/2178/2178 2179/2179/2179
f 2140/2140/2140 2179/2179/2179 2180/2180/2180
f 2042/2042/2042 2040/2040/2040 2041/2041/2041
f 2183/2183/2183 2181/2181/2181 2182/2182/2182
f 2136/2136/2136 2182/2182/2182 2184/2184/2184
f 2134/2134/2134 2184/2184/2184 2185/2185/2185
f 2132/2132/2132 2185/2185/2185 2186/2186/2186
f 2188/2188/2188 2186/2186/2186 2187/2187/2187
f 2037/2037/2037 2039/2039/2039 2043/2043/2043
f 2040/2040/2040 2042/2042/2042 2156/2156/2156
f 2041/2041/2041 2043/2043/2043 2042/2042/2042
f 2044/2044/2044 2046/2046/2046 2057/2057/2057
f 2047/2047/2047 2049/2049/2049 2052/2052/2052
f 2050/2050/2050 2048/2048/2048 2047/2047/2047
f 2052/2052/2052 2045/2045/2045 2044/2044/2044
f 2053/2053/2053 2055/2055/2055 2058/2058/2058
f 2057/2057/2057 2058/2058/2058 2055/2055/2055
f 2056/2056/2056 2059/2059/2059 2060/2060/2060
f 2060/2060/2060 2061/2061/2061 2079/2079/2079
f 2051/2051/2051 2063/2063/2063 2048/2048/2048
f 2048/2048/2048 2066/2066/2066 2049/2049/2049
f 2049/2049/2049 2068/2068/2068 2045/2045/2045
f 2045/2045/2045 2070/2070/2070 2046/2046/2046
f 2046/2046/2046 2071/2071/2071 2058/2058/2058
f 2058/2058/2058 2073/2073/2073 2053/2053/2053
f 2075/2075/2075 2053/2053/2053 2076/2076/2076
f 2077/2077/2077 2061/2061/2061 2075/2075/2075
f 2080/2080/2080 2078/2078/2078 2077/2077/2077
f 2082/2082/2082 2081/2081/2081 2080/2080/2080
f 2084/2084/2084 2083/2083/2083 2086/2086/2086
f 2085/2085/2085 2084/2084/2084 2089/2089/2089
f 2087/2087/2087 2089/2089/2089 2084/2084/2084
f 2090/2090/2090 2088/2088/2088 2087/2087/2087
f 2092/2092/2092 2091/2091/2091 2090/2090/2090
f 2094/2094/2094 2093/2093/2093 2096/2096/2096
f 2097/2097/2097 2095/2095/2095 2094/2094/2094
f 2099/2099/2099 2098/2098/2098 2097/2097/2097
f 2101/2101/2101 2100/2100/2100 2099/2099/2099
f 2103/2103/2103 2102/2102/2102 2101/2101/2101
f 2105/2105/2105 2104/2104/2104 2107/2107/2107
f 2106/2106/2106 2109/2109/2109 2110/2110/2110
f 2110/2110/2110 2111/2111/2111 2112/2112/2112
f 2112/2112/2112 2113/2113/2113 2202/2202/2202
f 2113/2113/2113 2115/2115/2115 2202/2202/2202
f 2114/2114/2114 2117/2117/2117 2115/2115/2115
f 2119/2119/2119 2118/2118/2118 2120/2120/2120
f 2120/2120/2120 2122/2122/2122 2119/2119/2119
f 2121/2121/2121 2124/2124/2124 2122/2122/2122
f 2123/2123/2123 2126/2126/2126 2124/2124/2124
f 2125/2125/2125 2128/2128/2128 2126/2126/2126
f 2127/2127/2127 2130/2130/2130 2128/2128/2128
f 2130/2130/2130 2129/2129/2129 2188/2188/2188
f 2129/2129/2129 2132/2132/2132 2188/2188/2188
f 2131/2131/2131 2134/2134/2134 2132/2132/2132
f 2133/2133/2133 2136/2136/2136 2134/2134/2134
f 2136/2136/2136 2135/2135/2135 2183/2183/2183
f 2135/2135/2135 2138/2138/2138 2183/2183/2183
f 2137/2137/2137 2140/2140/2140 2138/2138/2138
f 2139/2139/2139 2142/2142/2142 2140/2140/2140
f 2141/2141/2141 2144/2144/2144 2142/2142/2142
f 2146/2146/2146 2145/2145/2145 2149/2149/2149
f 2148/2148/2148 2150/2150/2150 2151/2151/2151
f 2148/2148/2148 2039/2039/2039 2038/2038/2038
f 2152/2152/2152 2043/2043/2043 2039/2039/2039
f 2153/2153/2153 2042/2042/2042 2043/2043/2043
f 2154/2154/2154 2156/2156/2156 2042/2042/2042
f 2156/2156/2156 2159/2159/2159 2163/2163/2163
f 2040/2040/2040 2162/2162/2162 2165/2165/2165
f 2167/2167/2167 2166/2166/2166 2255/2255/2255
f 2167/2167/2167 2041/2041/2041 2040/2040/2040
f 2037/2037/2037 2169/2169/2169 2170/2170/2170
f 2038/2038/2038 2171/2171/2171 2172/2172/2172
f 2148/2148/2148 2173/2173/2173 2174/2174/2174
f 2146/2146/2146 2175/2175/2175 2176/2176/2176
f 2176/2176/2176 2147/2147/2147 2146/2146/2146
f 2177/2177/2177 2144/2144/2144 2147/2147/2147
f 2178/2178/2178 2142/2142/2142 2144/2144/2144
f 2179/2179/2179 2140/2140/2140 2142/2142/2142
f 2180/2180/2180 2138/2138/2138 2140/2140/2140
f 2181/2181/2181 2183/2183/2183 2138/2138/2138
f 2182/2182/2182 2136/2136/2136 2183/2183/2183
f 2184/2184/2184 2134/2134/2134 2136/2136/2136
f 2185/2185/2185 2132/2132/2132 2134/2134/2134
f 2188/2188/2188 2187/2187/2187 2189/2189/2189
f 2130/2130/2130 2190/2190/2190 2191/2191/2191
f 2191/2191/2191 2128/2128/2128 2130/2130/2130
f 2192/2192/2192 2126/2126/2126 2128/2128/2128
f 2124/2124/2124 2194/2194/2194 2195/2195/2195
f 2122/2122/2122 2196/2196/2196 2197/2197/2197
f 2197/2197/2197 2119/2119/2119 2122/2122/2122
f 2117/2117/2117 2199/2199/2199 2200/2200/2200
f 2115/2115/2115 2201/2201/2201 2203/2203/2203
f 2202/2202/2202 2204/2204/2204 2207/2207/2207
f 2205/2205/2205 2112/2112/2112 2202/2202/2202
f 2112/2112/2112 2209/2209/2209 2110/2110/2110
f 2110/2110/2110 2211/2211/2211 2106/2106/2106
f 2106/2106/2106 2212/2212/2212 2104/2104/2104
f 2213/2213/2213 2104/2104/2104 2212/2212/2212
f 2102/2102/2102 2215/2215/2215 2100/2100/2100
f 2216/2216/2216 2100/2100/2100 2217/2217/2217
f 2218/2218/2218 2098/2098/2098 2216/2216/2216
f 2095/2095/2095 2220/2220/2220 2093/2093/2093
f 2221/2221/2221 2093/2093/2093 2220/2220/2220
f 2222/2222/2222 2091/2091/2091 2221/2221/2221
f 2223/2223/2223 2088/2088/2088 2222/2222/2222
f 2224/2224/2224 2089/2089/2089 2223/2223/2223
f 2225/2225/2225 2085/2085/2085 2224/2224/2224
f 2226/2226/2226 2083/2083/2083 2225/2225/2225
f 2227/2227/2227 2081/2081/2081 2226/2226/2226
f 2228/2228/2228 2078/2078/2078 2227/2227/2227
f 2229/2229/2229 2079/2079/2079 2228/2228/2228
f 2230/2230/2230 2060/2060/2060 2229/2229/2229
f 2231/2231/2231 2056/2056/2056 2230/2230/2230
f 2232/2232/2232 2054/2054/2054 2231/2231/2231
f 2233/2233/2233 2055/2055/2055 2232/2232/2232
f 2057/2057/2057 2235/2235/2235 2044/2044/2044
f 2237/2237/2237 2044/2044/2044 2238/2238/2238
f 2239/2239/2239 2052/2052/2052 2240/2240/2240
f 2241/2241/2241 2047/2047/2047 2239/2239/2239
f 2241/2241/2241 2243/2243/2243 2050/2050/2050
f 2051/2051/2051 2246/2246/2246 2252/2252/2252
f 2064/2064/2064 2248/2248/2248 2254/2254/2254
f 2254/2254/2254 2248/2248/2248 2253/2253/2253
f 2051/2051/2051 2249/2249/2249 2064/2064/2064
f 2251/2251/2251 2051/2051/2051 2252/2252/2252
f 2250/2250/2250 2051/2051/2051 2251/2251/2251
f 2249/2249/2249 2051/2051/2051 2250/2250/2250
f 2247/2247/2247 2064/2064/2064 2249/2249/2249
f 2248/2248/2248 2064/2064/2064 2247/2247/2247
f 2050/2050/2050 2245/2245/2245 2051/2051/2051
f 2245/2245/2245 2050/2050/2050 2243/2243/2243
f 2246/2246/2246 2051/2051/2051 2245/2245/2245
f 2242/2242/2242 2241/2241/2241 2244/2244/2244
f 2243/2243/2243 2241/2241/2241 2242/2242/2242
f 2047/2047/2047 2241/2241/2241 2050/2050/2050
f 2240/2240/2240 2052/2052/2052 2237/2237/2237
f 2052/2052/2052 2239/2239/2239 2047/2047/2047
f 2238/2238/2238 2044/2044/2044 2235/2235/2235
f 2044/2044/2044 2237/2237/2237 2052/2052/2052
f 2236/2236/2236 2057/2057/2057 2233/2233/2233
f 2234/2234/2234 2057/2057/2057 2236/2236/2236
f 2235/2235/2235 2057/2057/2057 2234/2234/2234
f 2055/2055/2055 2233/2233/2233 2057/2057/2057
f 2054/2054/2054 2232/2232/2232 2055/2055/2055
f 2056/2056/2056 2231/2231/2231 2054/2054/2054
f 2060/2060/2060 2230/2230/2230 2056/2056/2056
f 2079/2079/2079 2229/2229/2229 2060/2060/2060
f 2078/2078/2078 2228/2228/2228 2079/2079/2079
f 2081/2081/2081 2227/2227/2227 2078/2078/2078
f 2083/2083/2083 2226/2226/2226 2081/2081/2081
f 2085/2085/2085 2225/2225/2225 2083/2083/2083
f 2089/2089/2089 2224/2224/2224 2085/2085/2085
f 2088/2088/2088 2223/2223/2223 2089/2089/2089
f 2091/2091/2091 2222/2222/2222 2088/2088/2088
f 2093/2093/2093 2221/2221/2221 2091/2091/2091
f 2219/2219/2219 2095/2095/2095 2218/2218/2218
f 2220/2220/2220 2095/2095/2095 2219/2219/2219
f 2098/2098/2098 2218/2218/2218 2095/2095/2095
f 2217/2217/2217 2100/2100/2100 2215/2215/2215
f 2100/2100/2100 2216/2216/2216 2098/2098/2098
f 2214/2214/2214 2102/2102/2102 2213/2213/2213
f 2215/2215/2215 2102/2102/2102 2214/2214/2214
f 2104/2104/2104 2213/2213/2213 2102/2102/2102
f 2212/2212/2212 2106/2106/2106 2211/2211/2211
f 2210/2210/2210 2110/2110/2110 2209/2209/2209
f 2211/2211/2211 2110/2110/2110 2210/2210/2210
f 2208/2208/2208 2112/2112/2112 2206/2206/2206
f 2209/2209/2209 2112/2112/2112 2208/2208/2208
f 2205/2205/2205 2202/2202/2202 2207/2207/2207
f 2112/2112/2112 2205/2205/2205 2206/2206/2206
f 2202/2202/2202 2203/2203/2203 2204/2204/2204
f 2203/2203/2203 2202/2202/2202 2115/2115/2115
f 2115/2115/2115 2200/2200/2200 2201/2201/2201
f 2200/2200/2200 2115/2115/2115 2117/2117/2117
f 2117/2117/2117 2198/2198/2198 2199/2199/2199
f 2198/2198/2198 2117/2117/2117 2119/2119/2119
f 2119/2119/2119 2197/2197/2197 2198/2198/2198
f 2122/2122/2122 2195/2195/2195 2196/2196/2196
f 2195/2195/2195 2122/2122/2122 2124/2124/2124
f 2124/2124/2124 2193/2193/2193 2194/2194/2194
f 2193/2193/2193 2124/2124/2124 2126/2126/2126
f 2126/2126/2126 2192/2192/2192 2193/2193/2193
f 2128/2128/2128 2191/2191/2191 2192/2192/2192
f 2130/2130/2130 2189/2189/2189 2190/2190/2190
f 2189/2189/2189 2130/2130/2130 2188/2188/2188
f 2138/2138/2138 2180/2180/2180 2181/2181/2181
f 1937/1937/1937 1559/1559/1559 1938/1938/1938
f 1939/1939/1939 1558/1558/1558 1937/1937/1937
f 1940/1940/1940 1560/1560/1560 1939/1939/1939
f 1941/1941/1941 1562/1562/1562 1940/1940/1940
f 1563/1563/1563 1944/1944/1944 1946/1946/1946
f 1557/1557/1557 1947/1947/1947 1948/1948/1948
f 1948/1948/1948 1550/1550/1550 1557/1557/1557
f 1949/1949/1949 1549/1549/1549 1550/1550/1550
f 1950/1950/1950 1538/1538/1538 1549/1549/1549
f 1951/1951/1951 1539/1539/1539 1538/1538/1538
f 1539/1539/1539 1952/1952/1952 1955/1955/1955
f 1953/1953/1953 1955/1955/1955 1952/1952/1952
f 1953/1953/1953 1956/1956/1956 1954/1954/1954
f 1524/1524/1524 1956/1956/1956 1957/1957/1957
f 1757/1757/1757 1957/1957/1957 1962/1962/1962
f 1958/1958/1958 1757/1757/1757 1962/1962/1962
f 1958/1958/1958 1746/1746/1746 1758/1758/1758
f 1742/1742/1742 1959/1959/1959 1744/1744/1744
f 1959/1959/1959 1961/1961/1961 1744/1744/1744
f 1744/1744/1744 1961/1961/1961 1826/1826/1826
f 1960/1960/1960 1826/1826/1826 1961/1961/1961
f 1826/1826/1826 1960/1960/1960 1825/1825/1825
f 1959/1959/1959 1742/1742/1742 1746/1746/1746
f 1746/1746/1746 1958/1958/1958 1959/1959/1959
f 1757/1757/1757 1958/1958/1958 1758/1758/1758
f 1957/1957/1957 1757/1757/1757 1524/1524/1524
f 1527/1527/1527 1954/1954/1954 1524/1524/1524
f 1954/1954/1954 1527/1527/1527 1955/1955/1955
f 1956/1956/1956 1524/1524/1524 1954/1954/1954
f 1955/1955/1955 1953/1953/1953 1954/1954/1954
f 1539/1539/1539 1951/1951/1951 1952/1952/1952
f 1538/1538/1538 1950/1950/1950 1951/1951/1951
f 1549/1549/1549 1949/1949/1949 1950/1950/1950
f 1550/1550/1550 1948/1948/1948 1949/1949/1949
f 1557/1557/1557 1946/1946/1946 1947/1947/1947
f 1946/1946/1946 1557/1557/1557 1563/1563/1563
f 1943/1943/1943 1941/1941/1941 1945/1945/1945
f 1563/1563/1563 1942/1942/1942 1944/1944/1944
f 1942/1942/1942 1941/1941/1941 1943/1943/1943
f 1942/1942/1942 1563/1563/1563 1941/1941/1941
f 1562/1562/1562 1941/1941/1941 1563/1563/1563
f 1560/1560/1560 1940/1940/1940 1562/1562/1562
f 1558/1558/1558 1939/1939/1939 1560/1560/1560
f 1938/1938/1938 1559/1559/1559 1936/1936/1936
f 1559/1559/1559 1937/1937/1937 1558/1558/1558
f 1552/1552/1552 1936/1936/1936 1559/1559/1559
f 1551/1551/1551 1935/1935/1935 1552/1552/1552
f 1556/1556/1556 1934/1934/1934 1551/1551/1551
f 1555/1555/1555 1933/1933/1933 1556/1556/1556
f 1931/1931/1931 1554/1554/1554 1930/1930/1930
f 1932/1932/1932 1554/1554/1554 1931/1931/1931
f 1553/1553/1553 1930/1930/1930 1554/1554/1554
f 1928/1928/1928 1553/1553/1553 1501/1501/1501
f 1553/1553/1553 1928/1928/1928 1929/1929/1929
f 1927/1927/1927 1500/1500/1500 1926/1926/1926
f 1928/1928/1928 1500/1500/1500 1927/1927/1927
f 1926/1926/1926 1794/1794/1794 1925/1925/1925
f 1925/1925/1925 1812/1812/1812 1924/1924/1924
f 1923/1923/1923 1812/1812/1812 1804/1804/1804
f 1922/1922/1922 1804/1804/1804 1813/1813/1813
f 1921/1921/1921 1813/1813/1813 1610/1610/1610
f 1921/1921/1921 1922/1922/1922 1813/1813/1813
f 1920/1920/1920 1921/1921/1921 1625/1625/1625
f 1625/1625/1625 1919/1919/1919 1920/1920/1920
f 1628/1628/1628 1918/1918/1918 1919/1919/1919
f 1626/1626/1626 1916/1916/1916 1917/1917/1917
f 1916/1916/1916 1626/1626/1626 1627/1627/1627
f 1627/1627/1627 1914/1914/1914 1915/1915/1915
f 1914/1914/1914 1627/1627/1627 1609/1609/1609
f 1609/1609/1609 1912/1912/1912 1913/1913/1913
f 1912/1912/1912 1609/1609/1609 1606/1606/1606
f 1606/1606/1606 1910/1910/1910 1911/1911/1911
f 1910/1910/1910 1606/1606/1606 1605/1605/1605
f 1605/1605/1605 1909/1909/1909 1910/1910/1910
f 1906/1906/1906 1600/1600/1600 1907/1907/1907
f 1600/1600/1600 1906/1906/1906 1908/1908/1908
f 1907/1907/1907 1905/1905/1905 1906/1906/1906
f 1604/1604/1604 1900/1900/1900 1905/1905/1905
f 1900/1900/1900 1604/1604/1604 1603/1603/1603
f 1904/1904/1904 1903/1903/1903 1900/1900/1900
f 1900/1900/1900 1901/1901/1901 1902/1902/1902
f 1901/1901/1901 1603/1603/1603 1899/1899/1899
f 1901/1901/1901 1900/1900/1900 1603/1603/1603
f 1898/1898/1898 1602/1602/1602 1897/1897/1897
f 1899/1899/1899 1602/1602/1602 1898/1898/1898
f 1580/1580/1580 1897/1897/1897 1602/1602/1602
f 1896/1896/1896 1578/1578/1578 1894/1894/1894
f 1895/1895/1895 1894/1894/1894 1578/1578/1578
f 1892/1892/1892 1576/1576/1576 1891/1891/1891
f 1893/1893/1893 1576/1576/1576 1892/1892/1892
f 1577/1577/1577 1891/1891/1891 1576/1576/1576
f 1890/1890/1890 1573/1573/1573 1889/1889/1889
f 1572/1572/1572 1886/1886/1886 1888/1888/1888
f 1886/1886/1886 1673/1673/1673 1887/1887/1887
f 1886/1886/1886 1572/1572/1572 1673/1673/1673
f 1885/1885/1885 1673/1673/1673 1664/1664/1664
f 1664/1664/1664 1884/1884/1884 1885/1885/1885
f 1884/1884/1884 1632/1632/1632 1631/1631/1631
f 1630/1630/1630 1882/1882/1882 1883/1883/1883
f 1881/1881/1881 1629/1629/1629 1880/1880/1880
f 1880/1880/1880 1637/1637/1637 1879/1879/1879
f 1637/1637/1637 1640/1640/1640 1879/1879/1879
f 1640/1640/1640 1637/1637/1637 1636/1636/1636
f 1877/1877/1877 1639/1639/1639 1876/1876/1876
f 1878/1878/1878 1639/1639/1639 1877/1877/1877
f 1876/1876/1876 1642/1642/1642 1875/1875/1875
f 1875/1875/1875 1644/1644/1644 1874/1874/1874
f 1644/1644/1644 1873/1873/1873 1874/1874/1874
f 1644/1644/1644 1653/1653/1653 1873/1873/1873
f 1873/1873/1873 1655/1655/1655 1872/1872/1872
f 1872/1872/1872 1657/1657/1657 1871/1871/1871
f 1871/1871/1871 1659/1659/1659 1870/1870/1870
f 1869/1869/1869 1659/1659/1659 1683/1683/1683
f 1659/1659/1659 1869/1869/1869 1870/1870/1870
f 1868/1868/1868 1686/1686/1686 1867/1867/1867
f 1869/1869/1869 1686/1686/1686 1868/1868/1868
f 1866/1866/1866 1689/1689/1689 1865/1865/1865
f 1867/1867/1867 1689/1689/1689 1866/1866/1866
f 1865/1865/1865 1690/1690/1690 1864/1864/1864
f 1863/1863/1863 1681/1681/1681 1862/1862/1862
f 1864/1864/1864 1681/1681/1681 1863/1863/1863
f 1862/1862/1862 1682/1682/1682 1861/1861/1861
f 1861/1861/1861 1692/1692/1692 1860/1860/1860
f 1860/1860/1860 1691/1691/1691 1859/1859/1859
f 1859/1859/1859 1815/1815/1815 1858/1858/1858
f 1858/1858/1858 1763/1763/1763 1857/1857/1857
f 1857/1857/1857 1759/1759/1759 1856/1856/1856
f 1759/1759/1759 1855/1855/1855 1856/1856/1856
f 1762/1762/1762 1854/1854/1854 1855/1855/1855
f 1853/1853/1853 1781/1781/1781 1772/1772/1772
f 1852/1852/1852 1772/1772/1772 1789/1789/1789
f 1851/1851/1851 1789/1789/1789 1792/1792/1792
f 1850/1850/1850 1792/1792/1792 1712/1712/1712
f 1849/1849/1849 1712/1712/1712 1711/1711/1711
f 1848/1848/1848 1711/1711/1711 1714/1714/1714
f 1714/1714/1714 1846/1846/1846 1847/1847/1847
f 1846/1846/1846 1714/1714/1714 1709/1709/1709
f 1709/1709/1709 1844/1844/1844 1845/1845/1845
f 1844/1844/1844 1709/1709/1709 1706/1706/1706
f 1706/1706/1706 1842/1842/1842 1843/1843/1843
f 1842/1842/1842 1706/1706/1706 1705/1705/1705
f 1840/1840/1840 1705/1705/1705 1693/1693/1693
f 1840/1840/1840 1842/1842/1842 1705/1705/1705
f 1841/1841/1841 1840/1840/1840 1695/1695/1695
f 1839/1839/1839 1695/1695/1695 1697/1697/1697
f 1838/1838/1838 1697/1697/1697 1699/1699/1699
f 1837/1837/1837 1699/1699/1699 1701/1701/1701
f 1834/1834/1834 1701/1701/1701 1728/1728/1728
f 1834/1834/1834 1837/1837/1837 1701/1701/1701
f 1834/1834/1834 1835/1835/1835 1836/1836/1836
f 1835/1835/1835 1834/1834/1834 1729/1729/1729
f 1729/1729/1729 1832/1832/1832 1833/1833/1833
f 1832/1832/1832 1729/1729/1729 1731/1731/1731
f 1731/1731/1731 1830/1830/1830 1831/1831/1831
f 1830/1830/1830 1731/1731/1731 1733/1733/1733
f 1733/1733/1733 1829/1829/1829 1830/1830/1830
f 1829/1829/1829 1733/1733/1733 1828/1828/1828
f 1733/1733/1733 1739/1739/1739 1828/1828/1828
f 1739/1739/1739 1824/1824/1824 1827/1827/1827
f 1824/1824/1824 1739/1739/1739 1743/1743/1743
f 1825/1825/1825 1743/1743/1743 1826/1826/1826
f 1825/1825/1825 1824/1824/1824 1743/1743/1743
f 1623/1623/1623 1821/1821/1821 1817/1817/1817
f 1623/1623/1623 1823/1823/1823 1820/1820/1820
f 1823/1823/1823 1623/1623/1623 1822/1822/1822
f 1623/1623/1623 1819/1819/1819 1821/1821/1821
f 1818/1818/1818 1623/1623/1623 1820/1820/1820
f 1819/1819/1819 1623/1623/1623 1818/1818/1818
f 1691/1691/1691 1817/1817/1817 1816/1816/1816
f 1817/1817/1817 1691/1691/1691 1623/1623/1623
f 1815/1815/1815 1771/1771/1771 1763/1763/1763
f 1771/1771/1771 1815/1815/1815 1816/1816/1816
f 1813/1813/1813 1814/1814/1814 1623/1623/1623
f 1814/1814/1814 1813/1813/1813 1804/1804/1804
f 1812/1812/1812 1809/1809/1809 1804/1804/1804
f 1809/1809/1809 1812/1812/1812 1797/1797/1797
f 1804/1804/1804 1811/1811/1811 1805/1805/1805
f 1804/1804/1804 1808/1808/1808 1811/1811/1811
f 1804/1804/1804 1810/1810/1810 1807/1807/1807
f 1810/1810/1810 1804/1804/1804 1809/1809/1809
f 1808/1808/1808 1804/1804/1804 1807/1807/1807
f 1806/1806/1806 1804/1804/1804 1805/1805/1805
f 1794/1794/1794 1803/1803/1803 1799/1799/1799
f 1794/1794/1794 1802/1802/1802 1803/1803/1803
f 1794/1794/1794 1801/1801/1801 1802/1802/1802
f 1801/1801/1801 1794/1794/1794 1793/1793/1793
f 1794/1794/1794 1800/1800/1800 1798/1798/1798
f 1800/1800/1800 1794/1794/1794 1799/1799/1799
f 1796/1796/1796 1794/1794/1794 1798/1798/1798
f 1797/1797/1797 1794/1794/1794 1796/1796/1796
f 1793/1793/1793 1503/1503/1503 1795/1795/1795
f 1500/1500/1500 1793/1793/1793 1794/1794/1794
f 1713/1713/1713 1791/1791/1791 1788/1788/1788
f 1789/1789/1789 1790/1790/1790 1791/1791/1791
f 1789/1789/1789 1713/1713/1713 1792/1792/1792
f 1713/1713/1713 1789/1789/1789 1791/1791/1791
f 1790/1790/1790 1789/1789/1789 1772/1772/1772
f 1713/1713/1713 1785/1785/1785 1503/1503/1503
f 1785/1785/1785 1713/1713/1713 1788/1788/1788
f 1503/1503/1503 1786/1786/1786 1787/1787/1787
f 1503/1503/1503 1784/1784/1784 1786/1786/1786
f 1783/1783/1783 1503/1503/1503 1785/1785/1785
f 1784/1784/1784 1503/1503/1503 1783/1783/1783
f 1762/1762/1762 1782/1782/1782 1781/1781/1781
f 1782/1782/1782 1762/1762/1762 1761/1761/1761
f 1772/1772/1772 1780/1780/1780 1777/1777/1777
f 1772/1772/1772 1782/1782/1782 1779/1779/1779
f 1782/1782/1782 1772/1772/1772 1781/1781/1781
f 1780/1780/1780 1772/1772/1772 1779/1779/1779
f 1772/1772/1772 1774/1774/1774 1778/1778/1778
f 1775/1775/1775 1772/1772/1772 1777/1777/1777
f 1772/1772/1772 1776/1776/1776 1773/1773/1773
f 1776/1776/1776 1772/1772/1772 1775/1775/1775
f 1774/1774/1774 1772/1772/1772 1773/1773/1773
f 1763/1763/1763 1770/1770/1770 1766/1766/1766
f 1769/1769/1769 1763/1763/1763 1771/1771/1771
f 1763/1763/1763 1768/1768/1768 1770/1770/1770
f 1767/1767/1767 1763/1763/1763 1769/1769/1769
f 1768/1768/1768 1763/1763/1763 1767/1767/1767
f 1764/1764/1764 1763/1763/1763 1766/1766/1766
f 1763/1763/1763 1765/1765/1765 1760/1760/1760
f 1765/1765/1765 1763/1763/1763 1764/1764/1764
f 1759/1759/1759 1761/1761/1761 1762/1762/1762
f 1761/1761/1761 1759/1759/1759 1760/1760/1760
f 1524/1524/1524 1756/1756/1756 1525/1525/1525
f 1758/1758/1758 1745/1745/1745 1753/1753/1753
f 1757/1757/1757 1753/1753/1753 1756/1756/1756
f 1525/1525/1525 1755/1755/1755 1529/1529/1529
f 1756/1756/1756 1752/1752/1752 1755/1755/1755
f 1529/1529/1529 1754/1754/1754 1496/1496/1496
f 1496/1496/1496 1747/1747/1747 1495/1495/1495
f 1495/1495/1495 1723/1723/1723 1724/1724/1724
f 1754/1754/1754 1750/1750/1750 1747/1747/1747
f 1755/1755/1755 1751/1751/1751 1754/1754/1754
f 1753/1753/1753 1749/1749/1749 1752/1752/1752
f 1752/1752/1752 1748/1748/1748 1751/1751/1751
f 1745/1745/1745 1740/1740/1740 1749/1749/1749
f 1751/1751/1751 1725/1725/1725 1750/1750/1750
f 1750/1750/1750 1718/1718/1718 1720/1720/1720
f 1748/1748/1748 1736/1736/1736 1725/1725/1725
f 1749/1749/1749 1737/1737/1737 1748/1748/1748
f 1747/1747/1747 1720/1720/1720 1723/1723/1723
f 1746/1746/1746 1741/1741/1741 1745/1745/1745
f 1744/1744/1744 1743/1743/1743 1742/1742/1742
f 1738/1738/1738 1743/1743/1743 1739/1739/1739
f 1738/1738/1738 1742/1742/1742 1743/1743/1743
f 1738/1738/1738 1740/1740/1740 1741/1741/1741
f 1735/1735/1735 1737/1737/1737 1740/1740/1740
f 1739/1739/1739 1735/1735/1735 1738/1738/1738
f 1734/1734/1734 1736/1736/1736 1737/1737/1737
f 1726/1726/1726 1702/1702/1702 1736/1736/1736
f 1730/1730/1730 1726/1726/1726 1734/1734/1734
f 1732/1732/1732 1734/1734/1734 1735/1735/1735
f 1733/1733/1733 1730/1730/1730 1732/1732/1732
f 1731/1731/1731 1727/1727/1727 1730/1730/1730
f 1729/1729/1729 1728/1728/1728 1727/1727/1727
f 1727/1727/1727 1703/1703/1703 1726/1726/1726
f 1725/1725/1725 1702/1702/1702 1718/1718/1718
f 1518/1518/1518 1722/1722/1722 1512/1512/1512
f 1724/1724/1724 1722/1722/1722 1518/1518/1518
f 1516/1516/1516 1721/1721/1721 1506/1506/1506
f 1512/1512/1512 1721/1721/1721 1516/1516/1516
f 1723/1723/1723 1719/1719/1719 1722/1722/1722
f 1509/1509/1509 1721/1721/1721 1708/1708/1708
f 1721/1721/1721 1509/1509/1509 1506/1506/1506
f 1722/1722/1722 1717/1717/1717 1721/1721/1721
f 1720/1720/1720 1715/1715/1715 1719/1719/1719
f 1719/1719/1719 1716/1716/1716 1717/1717/1717
f 1718/1718/1718 1700/1700/1700 1715/1715/1715
f 1700/1700/1700 1718/1718/1718 1702/1702/1702
f 1717/1717/1717 1704/1704/1704 1708/1708/1708
f 1716/1716/1716 1693/1693/1693 1704/1704/1704
f 1693/1693/1693 1716/1716/1716 1694/1694/1694
f 1715/1715/1715 1696/1696/1696 1716/1716/1716
f 1696/1696/1696 1715/1715/1715 1698/1698/1698
f 1509/1509/1509 1707/1707/1707 1497/1497/1497
f 1497/1497/1497 1710/1710/1710 1504/1504/1504
f 1504/1504/1504 1713/1713/1713 1503/1503/1503
f 1707/1707/1707 1714/1714/1714 1710/1710/1710
f 1714/1714/1714 1707/1707/1707 1709/1709/1709
f 1710/1710/1710 1712/1712/1712 1713/1713/1713
f 1712/1712/1712 1710/1710/1710 1711/1711/1711
f 1707/1707/1707 1704/1704/1704 1709/1709/1709
f 1704/1704/1704 1707/1707/1707 1708/1708/1708
f 1706/1706/1706 1704/1704/1704 1705/1705/1705
f 1700/1700/1700 1703/1703/1703 1701/1701/1701
f 1703/1703/1703 1700/1700/1700 1702/1702/1702
f 1701/1701/1701 1698/1698/1698 1700/1700/1700
f 1699/1699/1699 1696/1696/1696 1698/1698/1698
f 1697/1697/1697 1694/1694/1694 1696/1696/1696
f 1695/1695/1695 1693/1693/1693 1694/1694/1694
f 1613/1613/1613 1680/1680/1680 1679/1679/1679
f 1680/1680/1680 1692/1692/1692 1682/1682/1682
f 1692/1692/1692 1680/1680/1680 1691/1691/1691
f 1680/1680/1680 1623/1623/1623 1691/1691/1691
f 1614/1614/1614 1679/1679/1679 1685/1685/1685
f 1615/1615/1615 1685/1685/1685 1684/1684/1684
f 1689/1689/1689 1679/1679/1679 1690/1690/1690
f 1689/1689/1689 1685/1685/1685 1679/1679/1679
f 1617/1617/1617 1684/1684/1684 1688/1688/1688
f 1688/1688/1688 1658/1658/1658 1656/1656/1656
f 1619/1619/1619 1688/1688/1688 1687/1687/1687
f 1565/1565/1565 1687/1687/1687 1660/1660/1660
f 1660/1660/1660 1654/1654/1654 1652/1652/1652
f 1678/1678/1678 1660/1660/1660 1676/1676/1676
f 1678/1678/1678 1565/1565/1565 1660/1660/1660
f 1687/1687/1687 1656/1656/1656 1654/1654/1654
f 1683/1683/1683 1685/1685/1685 1686/1686/1686
f 1684/1684/1684 1683/1683/1683 1658/1658/1658
f 1681/1681/1681 1680/1680/1680 1682/1682/1682
f 1681/1681/1681 1679/1679/1679 1680/1680/1680
f 1586/1586/1586 1678/1678/1678 1677/1677/1677
f 1568/1568/1568 1675/1675/1675 1674/1674/1674
f 1587/1587/1587 1677/1677/1677 1675/1675/1675
f 1677/1677/1677 1676/1676/1676 1671/1671/1671
f 1674/1674/1674 1670/1670/1670 1668/1668/1668
f 1675/1675/1675 1671/1671/1671 1670/1670/1670
f 1569/1569/1569 1674/1674/1674 1672/1672/1672
f 1572/1572/1572 1672/1672/1672 1673/1673/1673
f 1673/1673/1673 1667/1667/1667 1664/1664/1664
f 1672/1672/1672 1668/1668/1668 1667/1667/1667
f 1671/1671/1671 1661/1661/1661 1669/1669/1669
f 1670/1670/1670 1669/1669/1669 1665/1665/1665
f 1669/1669/1669 1651/1651/1651 1650/1650/1650
f 1668/1668/1668 1665/1665/1665 1666/1666/1666
f 1667/1667/1667 1666/1666/1666 1662/1662/1662
f 1666/1666/1666 1648/1648/1648 1647/1647/1647
f 1665/1665/1665 1650/1650/1650 1648/1648/1648
f 1664/1664/1664 1662/1662/1662 1663/1663/1663
f 1663/1663/1663 1633/1633/1633 1632/1632/1632
f 1662/1662/1662 1647/1647/1647 1633/1633/1633
f 1661/1661/1661 1652/1652/1652 1651/1651/1651
f 1661/1661/1661 1660/1660/1660 1652/1652/1652
f 1657/1657/1657 1658/1658/1658 1659/1659/1659
f 1655/1655/1655 1656/1656/1656 1657/1657/1657
f 1653/1653/1653 1654/1654/1654 1655/1655/1655
f 1649/1649/1649 1653/1653/1653 1643/1643/1643
f 1649/1649/1649 1652/1652/1652 1653/1653/1653
f 1645/1645/1645 1651/1651/1651 1649/1649/1649
f 1646/1646/1646 1650/1650/1650 1645/1645/1645
f 1641/1641/1641 1649/1649/1649 1643/1643/1643
f 1635/1635/1635 1648/1648/1648 1646/1646/1646
f 1634/1634/1634 1647/1647/1647 1635/1635/1635
f 1636/1636/1636 1646/1646/1646 1638/1638/1638
f 1638/1638/1638 1645/1645/1645 1641/1641/1641
f 1642/1642/1642 1643/1643/1643 1644/1644/1644
f 1639/1639/1639 1641/1641/1641 1642/1642/1642
f 1640/1640/1640 1638/1638/1638 1639/1639/1639
f 1637/1637/1637 1635/1635/1635 1636/1636/1636
f 1632/1632/1632 1634/1634/1634 1629/1629/1629
f 1634/1634/1634 1632/1632/1632 1633/1633/1633
f 1631/1631/1631 1629/1629/1629 1630/1630/1630
f 1628/1628/1628 1624/1624/1624 1622/1622/1622
f 1627/1627/1627 1621/1621/1621 1608/1608/1608
f 1626/1626/1626 1622/1622/1622 1621/1621/1621
f 1625/1625/1625 1610/1610/1610 1624/1624/1624
f 1610/1610/1610 1623/1623/1623 1611/1611/1611
f 1622/1622/1622 1612/1612/1612 1620/1620/1620
f 1621/1621/1621 1620/1620/1620 1616/1616/1616
f 1620/1620/1620 1613/1613/1613 1614/1614/1614
f 1608/1608/1608 1616/1616/1616 1618/1618/1618
f 1564/1564/1564 1619/1619/1619 1565/1565/1565
f 1618/1618/1618 1597/1597/1597 1608/1608/1608
f 1597/1597/1597 1618/1618/1618 1564/1564/1564
f 1615/1615/1615 1618/1618/1618 1616/1616/1616
f 1618/1618/1618 1615/1615/1615 1617/1617/1617
f 1616/1616/1616 1614/1614/1614 1615/1615/1615
f 1612/1612/1612 1611/1611/1611 1613/1613/1613
f 1612/1612/1612 1610/1610/1610 1611/1611/1611
f 1609/1609/1609 1608/1608/1608 1597/1597/1597
f 1606/1606/1606 1597/1597/1597 1607/1607/1607
f 1596/1596/1596 1600/1600/1600 1605/1605/1605
f 1607/1607/1607 1605/1605/1605 1606/1606/1606
f 1601/1601/1601 1603/1603/1603 1604/1604/1604
f 1603/1603/1603 1601/1601/1601 1602/1602/1602
f 1602/1602/1602 1584/1584/1584 1581/1581/1581
f 1584/1584/1584 1602/1602/1602 1601/1601/1601
f 1601/1601/1601 1594/1594/1594 1584/1584/1584
f 1601/1601/1601 1600/1600/1600 1594/1594/1594
f 1596/1596/1596 1599/1599/1599 1593/1593/1593
f 1599/1599/1599 1598/1598/1598 1592/1592/1592
f 1599/1599/1599 1597/1597/1597 1598/1598/1598
f 1593/1593/1593 1594/1594/1594 1596/1596/1596
f 1595/1595/1595 1591/1591/1591 1585/1585/1585
f 1595/1595/1595 1584/1584/1584 1594/1594/1594
f 1593/1593/1593 1592/1592/1592 1591/1591/1591
f 1592/1592/1592 1566/1566/1566 1590/1590/1590
f 1591/1591/1591 1590/1590/1590 1588/1588/1588
f 1590/1590/1590 1567/1567/1567 1586/1586/1586
f 1585/1585/1585 1588/1588/1588 1589/1589/1589
f 1589/1589/1589 1587/1587/1587 1568/1568/1568
f 1583/1583/1583 1589/1589/1589 1570/1570/1570
f 1588/1588/1588 1586/1586/1586 1587/1587/1587
f 1582/1582/1582 1585/1585/1585 1583/1583/1583
f 1582/1582/1582 1581/1581/1581 1584/1584/1584
f 1583/1583/1583 1579/1579/1579 1582/1582/1582
f 1579/1579/1579 1580/1580/1580 1581/1581/1581
f 1575/1575/1575 1578/1578/1578 1579/1579/1579
f 1575/1575/1575 1570/1570/1570 1571/1571/1571
f 1571/1571/1571 1569/1569/1569 1572/1572/1572
f 1576/1576/1576 1571/1571/1571 1577/1577/1577
f 1576/1576/1576 1575/1575/1575 1571/1571/1571
f 1573/1573/1573 1572/1572/1572 1574/1574/1574
f 1573/1573/1573 1571/1571/1571 1572/1572/1572
f 1570/1570/1570 1568/1568/1568 1569/1569/1569
f 1566/1566/1566 1565/1565/1565 1567/1567/1567
f 1566/1566/1566 1564/1564/1564 1565/1565/1565
f 1562/1562/1562 1561/1561/1561 1560/1560/1560
f 1563/1563/1563 1561/1561/1561 1562/1562/1562
f 1558/1558/1558 1561/1561/1561 1545/1545/1545
f 1561/1561/1561 1558/1558/1558 1560/1560/1560
f 1541/1541/1541 1559/1559/1559 1546/1546/1546
f 1546/1546/1546 1558/1558/1558 1545/1545/1545
f 1548/1548/1548 1557/1557/1557 1550/1550/1550
f 1547/1547/1547 1557/1557/1557 1548/1548/1548
f 1517/1517/1517 1551/1551/1551 1521/1521/1521
f 1515/1515/1515 1551/1551/1551 1517/1517/1517
f 1555/1555/1555 1510/1510/1510 1554/1554/1554
f 1556/1556/1556 1511/1511/1511 1555/1555/1555
f 1554/1554/1554 1505/1505/1505 1553/1553/1553
f 1552/1552/1552 1521/1521/1521 1551/1551/1551
f 1540/1540/1540 1550/1550/1550 1549/1549/1549
f 1537/1537/1537 1549/1549/1549 1538/1538/1538
f 1544/1544/1544 1548/1548/1548 1540/1540/1540
f 1543/1543/1543 1547/1547/1547 1544/1544/1544
f 1546/1546/1546 1523/1523/1523 1541/1541/1541
f 1542/1542/1542 1545/1545/1545 1543/1543/1543
f 1544/1544/1544 1535/1535/1535 1543/1543/1543
f 1542/1542/1542 1528/1528/1528 1523/1523/1523
f 1543/1543/1543 1534/1534/1534 1542/1542/1542
f 1541/1541/1541 1522/1522/1522 1521/1521/1521
f 1536/1536/1536 1540/1540/1540 1537/1537/1537
f 1537/1537/1537 1539/1539/1539 1527/1527/1527
f 1539/1539/1539 1537/1537/1537 1538/1538/1538
f 1537/1537/1537 1533/1533/1533 1536/1536/1536
f 1536/1536/1536 1532/1532/1532 1535/1535/1535
f 1534/1534/1534 1530/1530/1530 1528/1528/1528
f 1535/1535/1535 1531/1531/1531 1534/1534/1534
f 1532/1532/1532 1494/1494/1494 1531/1531/1531
f 1533/1533/1533 1494/1494/1494 1532/1532/1532
f 1530/1530/1530 1493/1493/1493 1519/1519/1519
f 1531/1531/1531 1493/1493/1493 1530/1530/1530
f 1529/1529/1529 1526/1526/1526 1525/1525/1525
f 1496/1496/1496 1526/1526/1526 1529/1529/1529
f 1528/1528/1528 1519/1519/1519 1520/1520/1520
f 1524/1524/1524 1526/1526/1526 1527/1527/1527
f 1495/1495/1495 1493/1493/1493 1494/1494/1494
f 1495/1495/1495 1494/1494/1494 1496/1496/1496
f 1499/1499/1499 1497/1497/1497 1498/1498/1498
f 1502/1502/1502 1500/1500/1500 1501/1501/1501
f 1500/1500/1500 1502/1502/1502 1503/1503/1503
f 1498/1498/1498 1504/1504/1504 1502/1502/1502
f 1505/1505/1505 1502/1502/1502 1501/1501/1501
f 1508/1508/1508 1506/1506/1506 1507/1507/1507
f 1507/1507/1507 1509/1509/1509 1499/1499/1499
f 1510/1510/1510 1498/1498/1498 1505/1505/1505
f 1511/1511/1511 1499/1499/1499 1510/1510/1510
f 1514/1514/1514 1512/1512/1512 1513/1513/1513
f 1507/1507/1507 1515/1515/1515 1508/1508/1508
f 1508/1508/1508 1515/1515/1515 1513/1513/1513
f 1513/1513/1513 1516/1516/1516 1508/1508/1508
f 1517/1517/1517 1513/1513/1513 1515/1515/1515
f 1493/1493/1493 1518/1518/1518 1519/1519/1519
f 1519/1519/1519 1514/1514/1514 1520/1520/1520
f 1514/1514/1514 1519/1519/1519 1518/1518/1518
f 1522/1522/1522 1517/1517/1517 1521/1521/1521
f 1517/1517/1517 1522/1522/1522 1514/1514/1514
f 1523/1523/1523 1520/1520/1520 1522/1522/1522
f 1526/1526/1526 1524/1524/1524 1525/1525/1525
f 1493/1493/1493 1495/1495/1495 1724/1724/1724
f 1936/1936/1936 1552/1552/1552 1935/1935/1935
f 1935/1935/1935 1551/1551/1551 1934/1934/1934
f 1934/1934/1934 1556/1556/1556 1933/1933/1933
f 1933/1933/1933 1555/1555/1555 1932/1932/1932
f 1554/1554/1554 1932/1932/1932 1555/1555/1555
f 1930/1930/1930 1553/1553/1553 1929/1929/1929
f 1501/1501/1501 1553/1553/1553 1505/1505/1505
f 1500/1500/1500 1928/1928/1928 1501/1501/1501
f 1794/1794/1794 1926/1926/1926 1500/1500/1500
f 1812/1812/1812 1925/1925/1925 1794/1794/1794
f 1812/1812/1812 1923/1923/1923 1924/1924/1924
f 1804/1804/1804 1922/1922/1922 1923/1923/1923
f 1922/1922/1922 1921/1921/1921 1963/1963/1963
f 1921/1921/1921 1920/1920/1920 1963/1963/1963
f 1919/1919/1919 1625/1625/1625 1628/1628/1628
f 1918/1918/1918 1628/1628/1628 1626/1626/1626
f 1626/1626/1626 1917/1917/1917 1918/1918/1918
f 1627/1627/1627 1915/1915/1915 1916/1916/1916
f 1609/1609/1609 1913/1913/1913 1914/1914/1914
f 1606/1606/1606 1911/1911/1911 1912/1912/1912
f 1909/1909/1909 1605/1605/1605 1600/1600/1600
f 1600/1600/1600 1908/1908/1908 1909/1909/1909
f 1905/1905/1905 1907/1907/1907 1604/1604/1604
f 1905/1905/1905 1900/1900/1900 1903/1903/1903
f 1903/1903/1903 1904/1904/1904 1964/1964/1964
f 1900/1900/1900 1902/1902/1902 1904/1904/1904
f 1602/1602/1602 1899/1899/1899 1603/1603/1603
f 1897/1897/1897 1580/1580/1580 1896/1896/1896
f 1578/1578/1578 1896/1896/1896 1580/1580/1580
f 1894/1894/1894 1895/1895/1895 1893/1893/1893
f 1576/1576/1576 1893/1893/1893 1895/1895/1895
f 1891/1891/1891 1577/1577/1577 1890/1890/1890
f 1573/1573/1573 1890/1890/1890 1577/1577/1577
f 1574/1574/1574 1889/1889/1889 1573/1573/1573
f 1572/1572/1572 1888/1888/1888 1574/1574/1574
f 1673/1673/1673 1885/1885/1885 1887/1887/1887
f 1884/1884/1884 1664/1664/1664 1663/1663/1663
f 1632/1632/1632 1884/1884/1884 1663/1663/1663
f 1883/1883/1883 1884/1884/1884 1631/1631/1631
f 1630/1630/1630 1883/1883/1883 1631/1631/1631
f 1882/1882/1882 1630/1630/1630 1881/1881/1881
f 1629/1629/1629 1881/1881/1881 1630/1630/1630
f 1637/1637/1637 1880/1880/1880 1629/1629/1629
f 1879/1879/1879 1640/1640/1640 1878/1878/1878
f 1639/1639/1639 1878/1878/1878 1640/1640/1640
f 1642/1642/1642 1876/1876/1876 1639/1639/1639
f 1644/1644/1644 1875/1875/1875 1642/1642/1642
f 1653/1653/1653 1644/1644/1644 1643/1643/1643
f 1655/1655/1655 1873/1873/1873 1653/1653/1653
f 1657/1657/1657 1872/1872/1872 1655/1655/1655
f 1659/1659/1659 1871/1871/1871 1657/1657/1657
f 1683/1683/1683 1659/1659/1659 1658/1658/1658
f 1686/1686/1686 1869/1869/1869 1683/1683/1683
f 1689/1689/1689 1867/1867/1867 1686/1686/1686
f 1690/1690/1690 1865/1865/1865 1689/1689/1689
f 1681/1681/1681 1864/1864/1864 1690/1690/1690
f 1682/1682/1682 1862/1862/1862 1681/1681/1681
f 1692/1692/1692 1861/1861/1861 1682/1682/1682
f 1691/1691/1691 1860/1860/1860 1692/1692/1692
f 1815/1815/1815 1859/1859/1859 1691/1691/1691
f 1763/1763/1763 1858/1858/1858 1815/1815/1815
f 1759/1759/1759 1857/1857/1857 1763/1763/1763
f 1855/1855/1855 1759/1759/1759 1762/1762/1762
f 1854/1854/1854 1762/1762/1762 1781/1781/1781
f 1781/1781/1781 1853/1853/1853 1854/1854/1854
f 1772/1772/1772 1852/1852/1852 1853/1853/1853
f 1789/1789/1789 1851/1851/1851 1852/1852/1852
f 1792/1792/1792 1850/1850/1850 1851/1851/1851
f 1712/1712/1712 1849/1849/1849 1850/1850/1850
f 1711/1711/1711 1848/1848/1848 1849/1849/1849
f 1714/1714/1714 1847/1847/1847 1848/1848/1848
f 1709/1709/1709 1845/1845/1845 1846/1846/1846
f 1706/1706/1706 1843/1843/1843 1844/1844/1844
f 1842/1842/1842 1840/1840/1840 1965/1965/1965
f 1840/1840/1840 1841/1841/1841 1965/1965/1965
f 1695/1695/1695 1839/1839/1839 1841/1841/1841
f 1697/1697/1697 1838/1838/1838 1839/1839/1839
f 1699/1699/1699 1837/1837/1837 1838/1838/1838
f 1837/1837/1837 1834/1834/1834 1966/1966/1966
f 1834/1834/1834 1836/1836/1836 1966/1966/1966
f 1729/1729/1729 1833/1833/1833 1835/1835/1835
f 1731/1731/1731 1831/1831/1831 1832/1832/1832
f 1739/1739/1739 1733/1733/1733 1732/1732/1732
f 1739/1739/1739 1827/1827/1827 1828/1828/1828
f 1824/1824/1824 1825/1825/1825 1967/1967/1967
f 1968/1968/1968 1967/1967/1967 1825/1825/1825
f 1816/1816/1816 1815/1815/1815 1691/1691/1691
f 1623/1623/1623 1814/1814/1814 1822/1822/1822
f 1804/1804/1804 1806/1806/1806 1814/1814/1814
f 1794/1794/1794 1797/1797/1797 1812/1812/1812
f 1793/1793/1793 1500/1500/1500 1503/1503/1503
f 1503/1503/1503 1787/1787/1787 1795/1795/1795
f 1772/1772/1772 1778/1778/1778 1790/1790/1790
f 1760/1760/1760 1759/1759/1759 1763/1763/1763
f 1756/1756/1756 1524/1524/1524 1757/1757/1757
f 1745/1745/1745 1758/1758/1758 1746/1746/1746
f 1753/1753/1753 1757/1757/1757 1758/1758/1758
f 1755/1755/1755 1525/1525/1525 1756/1756/1756
f 1752/1752/1752 1756/1756/1756 1753/1753/1753
f 1754/1754/1754 1529/1529/1529 1755/1755/1755
f 1747/1747/1747 1496/1496/1496 1754/1754/1754
f 1723/1723/1723 1495/1495/1495 1747/1747/1747
f 1750/1750/1750 1754/1754/1754 1751/1751/1751
f 1751/1751/1751 1755/1755/1755 1752/1752/1752
f 1749/1749/1749 1753/1753/1753 1745/1745/1745
f 1748/1748/1748 1752/1752/1752 1749/1749/1749
f 1740/1740/1740 1745/1745/1745 1741/1741/1741
f 1725/1725/1725 1751/1751/1751 1748/1748/1748
f 1718/1718/1718 1750/1750/1750 1725/1725/1725
f 1736/1736/1736 1748/1748/1748 1737/1737/1737
f 1737/1737/1737 1749/1749/1749 1740/1740/1740
f 1720/1720/1720 1747/1747/1747 1750/1750/1750
f 1741/1741/1741 1746/1746/1746 1742/1742/1742
f 1743/1743/1743 1744/1744/1744 1826/1826/1826
f 1742/1742/1742 1738/1738/1738 1741/1741/1741
f 1740/1740/1740 1738/1738/1738 1735/1735/1735
f 1737/1737/1737 1735/1735/1735 1734/1734/1734
f 1735/1735/1735 1739/1739/1739 1732/1732/1732
f 1736/1736/1736 1734/1734/1734 1726/1726/1726
f 1702/1702/1702 1726/1726/1726 1703/1703/1703
f 1726/1726/1726 1730/1730/1730 1727/1727/1727
f 1734/1734/1734 1732/1732/1732 1730/1730/1730
f 1730/1730/1730 1733/1733/1733 1731/1731/1731
f 1727/1727/1727 1731/1731/1731 1729/1729/1729
f 1728/1728/1728 1729/1729/1729 1834/1834/1834
f 1703/1703/1703 1727/1727/1727 1728/1728/1728
f 1702/1702/1702 1725/1725/1725 1736/1736/1736
f 1722/1722/1722 1724/1724/1724 1723/1723/1723
f 1721/1721/1721 1512/1512/1512 1722/1722/1722
f 1719/1719/1719 1723/1723/1723 1720/1720/1720
f 1708/1708/1708 1721/1721/1721 1717/1717/1717
f 1717/1717/1717 1722/1722/1722 1719/1719/1719
f 1715/1715/1715 1720/1720/1720 1718/1718/1718
f 1716/1716/1716 1719/1719/1719 1715/1715/1715
f 1715/1715/1715 1700/1700/1700 1698/1698/1698
f 1704/1704/1704 1717/1717/1717 1716/1716/1716
f 1704/1704/1704 1693/1693/1693 1705/1705/1705
f 1716/1716/1716 1696/1696/1696 1694/1694/1694
f 1707/1707/1707 1509/1509/1509 1708/1708/1708
f 1710/1710/1710 1497/1497/1497 1707/1707/1707
f 1713/1713/1713 1504/1504/1504 1710/1710/1710
f 1710/1710/1710 1714/1714/1714 1711/1711/1711
f 1713/1713/1713 1712/1712/1712 1792/1792/1792
f 1704/1704/1704 1706/1706/1706 1709/1709/1709
f 1701/1701/1701 1703/1703/1703 1728/1728/1728
f 1698/1698/1698 1701/1701/1701 1699/1699/1699
f 1696/1696/1696 1699/1699/1699 1697/1697/1697
f 1694/1694/1694 1697/1697/1697 1695/1695/1695
f 1693/1693/1693 1695/1695/1695 1840/1840/1840
f 1680/1680/1680 1613/1613/1613 1611/1611/1611
f 1623/1623/1623 1680/1680/1680 1611/1611/1611
f 1679/1679/1679 1614/1614/1614 1613/1613/1613
f 1685/1685/1685 1615/1615/1615 1614/1614/1614
f 1685/1685/1685 1689/1689/1689 1686/1686/1686
f 1684/1684/1684 1617/1617/1617 1615/1615/1615
f 1658/1658/1658 1688/1688/1688 1684/1684/1684
f 1688/1688/1688 1619/1619/1619 1617/1617/1617
f 1687/1687/1687 1565/1565/1565 1619/1619/1619
f 1654/1654/1654 1660/1660/1660 1687/1687/1687
f 1565/1565/1565 1678/1678/1678 1567/1567/1567
f 1656/1656/1656 1687/1687/1687 1688/1688/1688
f 1683/1683/1683 1684/1684/1684 1685/1685/1685
f 1679/1679/1679 1681/1681/1681 1690/1690/1690
f 1678/1678/1678 1586/1586/1586 1567/1567/1567
f 1675/1675/1675 1568/1568/1568 1587/1587/1587
f 1677/1677/1677 1587/1587/1587 1586/1586/1586
f 1676/1676/1676 1677/1677/1677 1678/1678/1678
f 1670/1670/1670 1674/1674/1674 1675/1675/1675
f 1671/1671/1671 1675/1675/1675 1677/1677/1677
f 1674/1674/1674 1569/1569/1569 1568/1568/1568
f 1672/1672/1672 1572/1572/1572 1569/1569/1569
f 1667/1667/1667 1673/1673/1673 1672/1672/1672
f 1668/1668/1668 1672/1672/1672 1674/1674/1674
f 1661/1661/1661 1671/1671/1671 1676/1676/1676
f 1669/1669/1669 1670/1670/1670 1671/1671/1671
f 1651/1651/1651 1669/1669/1669 1661/1661/1661
f 1665/1665/1665 1668/1668/1668 1670/1670/1670
f 1666/1666/1666 1667/1667/1667 1668/1668/1668
f 1648/1648/1648 1666/1666/1666 1665/1665/1665
f 1650/1650/1650 1665/1665/1665 1669/1669/1669
f 1662/1662/1662 1664/1664/1664 1667/1667/1667
f 1633/1633/1633 1663/1663/1663 1662/1662/1662
f 1647/1647/1647 1662/1662/1662 1666/1666/1666
f 1660/1660/1660 1661/1661/1661 1676/1676/1676
f 1658/1658/1658 1657/1657/1657 1656/1656/1656
f 1656/1656/1656 1655/1655/1655 1654/1654/1654
f 1654/1654/1654 1653/1653/1653 1652/1652/1652
f 1652/1652/1652 1649/1649/1649 1651/1651/1651
f 1651/1651/1651 1645/1645/1645 1650/1650/1650
f 1650/1650/1650 1646/1646/1646 1648/1648/1648
f 1649/1649/1649 1641/1641/1641 1645/1645/1645
f 1648/1648/1648 1635/1635/1635 1647/1647/1647
f 1647/1647/1647 1634/1634/1634 1633/1633/1633
f 1646/1646/1646 1636/1636/1636 1635/1635/1635
f 1645/1645/1645 1638/1638/1638 1646/1646/1646
f 1643/1643/1643 1642/1642/1642 1641/1641/1641
f 1641/1641/1641 1639/1639/1639 1638/1638/1638
f 1638/1638/1638 1640/1640/1640 1636/1636/1636
f 1635/1635/1635 1637/1637/1637 1634/1634/1634
f 1629/1629/1629 1634/1634/1634 1637/1637/1637
f 1629/1629/1629 1631/1631/1631 1632/1632/1632
f 1624/1624/1624 1628/1628/1628 1625/1625/1625
f 1621/1621/1621 1627/1627/1627 1626/1626/1626
f 1610/1610/1610 1625/1625/1625 1921/1921/1921
f 1623/1623/1623 1610/1610/1610 1813/1813/1813
f 1612/1612/1612 1622/1622/1622 1624/1624/1624
f 1620/1620/1620 1621/1621/1621 1622/1622/1622
f 1613/1613/1613 1620/1620/1620 1612/1612/1612
f 1616/1616/1616 1608/1608/1608 1621/1621/1621
f 1619/1619/1619 1564/1564/1564 1618/1618/1618
f 1597/1597/1597 1564/1564/1564 1598/1598/1598
f 1618/1618/1618 1617/1617/1617 1619/1619/1619
f 1614/1614/1614 1616/1616/1616 1620/1620/1620
f 1610/1610/1610 1612/1612/1612 1624/1624/1624
f 1608/1608/1608 1609/1609/1609 1627/1627/1627
f 1597/1597/1597 1606/1606/1606 1609/1609/1609
f 1600/1600/1600 1596/1596/1596 1594/1594/1594
f 1605/1605/1605 1607/1607/1607 1596/1596/1596
f 1601/1601/1601 1604/1604/1604 1907/1907/1907
f 1602/1602/1602 1581/1581/1581 1580/1580/1580
f 1600/1600/1600 1601/1601/1601 1907/1907/1907
f 1599/1599/1599 1596/1596/1596 1607/1607/1607
f 1597/1597/1597 1599/1599/1599 1607/1607/1607
f 1594/1594/1594 1593/1593/1593 1595/1595/1595
f 1591/1591/1591 1595/1595/1595 1593/1593/1593
f 1584/1584/1584 1595/1595/1595 1582/1582/1582
f 1592/1592/1592 1593/1593/1593 1599/1599/1599
f 1566/1566/1566 1592/1592/1592 1598/1598/1598
f 1590/1590/1590 1591/1591/1591 1592/1592/1592
f 1567/1567/1567 1590/1590/1590 1566/1566/1566
f 1588/1588/1588 1585/1585/1585 1591/1591/1591
f 1587/1587/1587 1589/1589/1589 1588/1588/1588
f 1589/1589/1589 1583/1583/1583 1585/1585/1585
f 1586/1586/1586 1588/1588/1588 1590/1590/1590
f 1585/1585/1585 1582/1582/1582 1595/1595/1595
f 1581/1581/1581 1582/1582/1582 1579/1579/1579
f 1579/1579/1579 1583/1583/1583 1575/1575/1575
f 1580/1580/1580 1579/1579/1579 1578/1578/1578
f 1578/1578/1578 1575/1575/1575 1895/1895/1895
f 1570/1570/1570 1575/1575/1575 1583/1583/1583
f 1569/1569/1569 1571/1571/1571 1570/1570/1570
f 1575/1575/1575 1576/1576/1576 1895/1895/1895
f 1571/1571/1571 1573/1573/1573 1577/1577/1577
f 1568/1568/1568 1570/1570/1570 1589/1589/1589
f 1564/1564/1564 1566/1566/1566 1598/1598/1598
f 1561/1561/1561 1563/1563/1563 1557/1557/1557
f 1545/1545/1545 1561/1561/1561 1547/1547/1547
f 1559/1559/1559 1541/1541/1541 1552/1552/1552
f 1558/1558/1558 1546/1546/1546 1559/1559/1559
f 1557/1557/1557 1547/1547/1547 1561/1561/1561
f 1551/1551/1551 1515/1515/1515 1556/1556/1556
f 1510/1510/1510 1555/1555/1555 1511/1511/1511
f 1511/1511/1511 1556/1556/1556 1515/1515/1515
f 1505/1505/1505 1554/1554/1554 1510/1510/1510
f 1521/1521/1521 1552/1552/1552 1541/1541/1541
f 1550/1550/1550 1540/1540/1540 1548/1548/1548
f 1549/1549/1549 1537/1537/1537 1540/1540/1540
f 1548/1548/1548 1544/1544/1544 1547/1547/1547
f 1547/1547/1547 1543/1543/1543 1545/1545/1545
f 1523/1523/1523 1546/1546/1546 1542/1542/1542
f 1545/1545/1545 1542/1542/1542 1546/1546/1546
f 1535/1535/1535 1544/1544/1544 1536/1536/1536
f 1528/1528/1528 1542/1542/1542 1534/1534/1534
f 1534/1534/1534 1543/1543/1543 1535/1535/1535
f 1522/1522/1522 1541/1541/1541 1523/1523/1523
f 1540/1540/1540 1536/1536/1536 1544/1544/1544
f 1527/1527/1527 1539/1539/1539 1955/1955/1955
f 1533/1533/1533 1537/1537/1537 1527/1527/1527
f 1532/1532/1532 1536/1536/1536 1533/1533/1533
f 1530/1530/1530 1534/1534/1534 1531/1531/1531
f 1531/1531/1531 1535/1535/1535 1532/1532/1532
f 1494/1494/1494 1533/1533/1533 1526/1526/1526
f 1493/1493/1493 1531/1531/1531 1494/1494/1494
f 1526/1526/1526 1496/1496/1496 1494/1494/1494
f 1519/1519/1519 1528/1528/1528 1530/1530/1530
f 1527/1527/1527 1526/1526/1526 1533/1533/1533
f 1520/1520/1520 1523/1523/1523 1528/1528/1528
f 1514/1514/1514 1522/1522/1522 1520/1520/1520
f 1518/1518/1518 1493/1493/1493 1724/1724/1724
f 1513/1513/1513 1517/1517/1517 1514/1514/1514
f 1516/1516/1516 1513/1513/1513 1512/1512/1512
f 1515/1515/1515 1507/1507/1507 1511/1511/1511
f 1512/1512/1512 1514/1514/1514 1518/1518/1518
f 1499/1499/1499 1511/1511/1511 1507/1507/1507
f 1498/1498/1498 1510/1510/1510 1499/1499/1499
f 1509/1509/1509 1507/1507/1507 1506/1506/1506
f 1506/1506/1506 1508/1508/1508 1516/1516/1516
f 1502/1502/1502 1505/1505/1505 1498/1498/1498
f 1504/1504/1504 1498/1498/1498 1497/1497/1497
f 1503/1503/1503 1502/1502/1502 1504/1504/1504
f 1497/1497/1497 1499/1499/1499 1509/1509/1509
f 1622/1622/1622 1626/1626/1626 1628/1628/1628
f 2258/2258/2258 2256/2256/2256 2257/2257/2257
f 2261/2261/2261 2259/2259/2259 2260/2260/2260
f 2263/2263/2263 2257/2257/2257 2262/2262/2262
f 2264/2264/2264 2262/2262/2262 2259/2259/2259
f 2267/2267/2267 2265/2265/2265 2266/2266/2266
f 2268/2268/2268 2260/2260/2260 2265/2265/2265
f 2270/2270/2270 2266/2266/2266 2269/2269/2269
f 2257/2257/2257 2271/2271/2271 2272/2272/2272
f 2262/2262/2262 2272/2272/2272 2273/2273/2273
f 2259/2259/2259 2273/2273/2273 2274/2274/2274
f 2260/2260/2260 2274/2274/2274 2275/2275/2275
f 2265/2265/2265 2275/2275/2275 2276/2276/2276
f 2266/2266/2266 2276/2276/2276 2277/2277/2277
f 2280/2280/2280 2278/2278/2278 2279/2279/2279
f 2256/2256/2256 2279/2279/2279 2271/2271/2271
f 2282/2282/2282 2281/2281/2281 2280/2280/2280
f 2283/2283/2283 2280/2280/2280 2256/2256/2256
f 2285/2285/2285 2284/2284/2284 2281/2281/2281
f 2281/2281/2281 2286/2286/2286 2278/2278/2278
f 2287/2287/2287 2281/2281/2281 2284/2284/2284
f 2290/2290/2290 2288/2288/2288 2289/2289/2289
f 2294/2294/2294 2279/2279/2279 2293/2293/2293
f 2279/2279/2279 2294/2294/2294 2271/2271/2271
f 2296/2296/2296 2272/2272/2272 2295/2295/2295
f 2297/2297/2297 2272/2272/2272 2271/2271/2271
f 2272/2272/2272 2297/2297/2297 2295/2295/2295
f 2299/2299/2299 2271/2271/2271 2298/2298/2298
f 2271/2271/2271 2299/2299/2299 2297/2297/2297
f 2273/2273/2273 2300/2300/2300 2274/2274/2274
f 2300/2300/2300 2273/2273/2273 2301/2301/2301
f 2274/2274/2274 2302/2302/2302 2275/2275/2275
f 2302/2302/2302 2274/2274/2274 2300/2300/2300
f 2304/2304/2304 2275/2275/2275 2303/2303/2303
f 2275/2275/2275 2304/2304/2304 2276/2276/2276
f 2277/2277/2277 2305/2305/2305 2306/2306/2306
f 2308/2308/2308 2306/2306/2306 2307/2307/2307
f 2310/2310/2310 2307/2307/2307 2309/2309/2309
f 2309/2309/2309 2307/2307/2307 2311/2311/2311
f 2308/2308/2308 2312/2312/2312 2269/2269/2269
f 2269/2269/2269 2277/2277/2277 2308/2308/2308
f 2277/2277/2277 2269/2269/2269 2266/2266/2266
f 2314/2314/2314 2269/2269/2269 2313/2313/2313
f 2313/2313/2313 2269/2269/2269 2312/2312/2312
f 2270/2270/2270 2315/2315/2315 2316/2316/2316
f 2267/2267/2267 2316/2316/2316 2317/2317/2317
f 2268/2268/2268 2317/2317/2317 2318/2318/2318
f 2318/2318/2318 2261/2261/2261 2268/2268/2268
f 2261/2261/2261 2318/2318/2318 2319/2319/2319
f 2264/2264/2264 2320/2320/2320 2321/2321/2321
f 2321/2321/2321 2263/2263/2263 2264/2264/2264
f 2323/2323/2323 2263/2263/2263 2322/2322/2322
f 2283/2283/2283 2323/2323/2323 2324/2324/2324
f 2285/2285/2285 2324/2324/2324 2325/2325/2325
f 2325/2325/2325 2326/2326/2326 2285/2285/2285
f 2326/2326/2326 2325/2325/2325 2327/2327/2327
f 2324/2324/2324 2285/2285/2285 2282/2282/2282
f 2283/2283/2283 2324/2324/2324 2282/2282/2282
f 2323/2323/2323 2283/2283/2283 2258/2258/2258
f 2263/2263/2263 2323/2323/2323 2258/2258/2258
f 2263/2263/2263 2321/2321/2321 2322/2322/2322
f 2320/2320/2320 2264/2264/2264 2261/2261/2261
f 2261/2261/2261 2319/2319/2319 2320/2320/2320
f 2317/2317/2317 2268/2268/2268 2267/2267/2267
f 2316/2316/2316 2267/2267/2267 2270/2270/2270
f 2315/2315/2315 2270/2270/2270 2314/2314/2314
f 2269/2269/2269 2314/2314/2314 2270/2270/2270
f 2312/2312/2312 2308/2308/2308 2310/2310/2310
f 2307/2307/2307 2310/2310/2310 2308/2308/2308
f 2306/2306/2306 2308/2308/2308 2277/2277/2277
f 2305/2305/2305 2277/2277/2277 2276/2276/2276
f 2276/2276/2276 2304/2304/2304 2305/2305/2305
f 2275/2275/2275 2302/2302/2302 2303/2303/2303
f 2301/2301/2301 2273/2273/2273 2272/2272/2272
f 2272/2272/2272 2296/2296/2296 2301/2301/2301
f 2271/2271/2271 2294/2294/2294 2298/2298/2298
f 2279/2279/2279 2292/2292/2292 2293/2293/2293
f 2278/2278/2278 2290/2290/2290 2292/2292/2292
f 2286/2286/2286 2281/2281/2281 2287/2287/2287
f 2284/2284/2284 2285/2285/2285 2326/2326/2326
f 2280/2280/2280 2283/2283/2283 2282/2282/2282
f 2281/2281/2281 2282/2282/2282 2285/2285/2285
f 2279/2279/2279 2256/2256/2256 2280/2280/2280
f 2278/2278/2278 2280/2280/2280 2281/2281/2281
f 2276/2276/2276 2266/2266/2266 2265/2265/2265
f 2275/2275/2275 2265/2265/2265 2260/2260/2260
f 2274/2274/2274 2260/2260/2260 2259/2259/2259
f 2273/2273/2273 2259/2259/2259 2262/2262/2262
f 2272/2272/2272 2262/2262/2262 2257/2257/2257
f 2271/2271/2271 2257/2257/2257 2256/2256/2256
f 2266/2266/2266 2270/2270/2270 2267/2267/2267
f 2260/2260/2260 2268/2268/2268 2261/2261/2261
f 2265/2265/2265 2267/2267/2267 2268/2268/2268
f 2262/2262/2262 2264/2264/2264 2263/2263/2263
f 2257/2257/2257 2263/2263/2263 2258/2258/2258
f 2259/2259/2259 2261/2261/2261 2264/2264/2264
f 2256/2256/2256 2258/2258/2258 2283/2283/2283
f 2292/2292/2292 2279/2279/2279 2278/2278/2278
f 2286/2286/2286 2288/2288/2288 2278/2278/2278
f 2288/2288/2288 2286/2286/2286 2291/2291/2291
f 2288/2288/2288 2290/2290/2290 2278/2278/2278
f 1387/1387/1387 1389/1389/1389 1487/1487/1487
f 1395/1395/1395 1397/1397/1397 1391/1391/1391
f 1401/1401/1401 1409/1409/1409 1398/1398/1398
f 1408/1408/1408 1411/1411/1411 1405/1405/1405
f 1420/1420/1420 1422/1422/1422 1418/1418/1418
f 1427/1427/1427 1429/1429/1429 1433/1433/1433
f 1434/1434/1434 1431/1431/1431 1438/1438/1438
f 1442/1442/1442 1439/1439/1439 1447/1447/1447
f 1448/1448/1448 1450/1450/1450 1452/1452/1452
f 1456/1456/1456 1458/1458/1458 1459/1459/1459
f 1468/1468/1468 1467/1467/1467 1480/1480/1480
f 1473/1473/1473 1475/1475/1475 1483/1483/1483
f 1481/1481/1481 1486/1486/1486 1489/1489/1489
f 1487/1487/1487 1492/1492/1492 1387/1387/1387
f 1487/1487/1487 1490/1490/1490 1492/1492/1492
f 1489/1489/1489 1491/1491/1491 1481/1481/1481
f 1489/1489/1489 1488/1488/1488 1491/1491/1491
f 1487/1487/1487 1489/1489/1489 1490/1490/1490
f 1489/1489/1489 1487/1487/1487 1488/1488/1488
f 1481/1481/1481 1484/1484/1484 1486/1486/1486
f 1483/1483/1483 1485/1485/1485 1473/1473/1473
f 1483/1483/1483 1482/1482/1482 1485/1485/1485
f 1481/1481/1481 1483/1483/1483 1484/1484/1484
f 1483/1483/1483 1481/1481/1481 1482/1482/1482
f 1476/1476/1476 1477/1477/1477 1478/1478/1478
f 1480/1480/1480 1479/1479/1479 1468/1468/1468
f 1478/1478/1478 1480/1480/1480 1476/1476/1476
f 1480/1480/1480 1478/1478/1478 1479/1479/1479
f 1476/1476/1476 1473/1473/1473 1477/1477/1477
f 1473/1473/1473 1476/1476/1476 1474/1474/1474
f 1475/1475/1475 1473/1473/1473 1474/1474/1474
f 1471/1471/1471 1466/1466/1466 1470/1470/1470
f 1461/1461/1461 1472/1472/1472 1471/1471/1471
f 1472/1472/1472 1461/1461/1461 1459/1459/1459
f 1466/1466/1466 1471/1471/1471 1472/1472/1472
f 1466/1466/1466 1469/1469/1469 1470/1470/1470
f 1466/1466/1466 1468/1468/1468 1469/1469/1469
f 1468/1468/1468 1466/1466/1466 1467/1467/1467
f 1462/1462/1462 1453/1453/1453 1465/1465/1465
f 1453/1453/1453 1464/1464/1464 1465/1465/1465
f 1464/1464/1464 1453/1453/1453 1450/1450/1450
f 1463/1463/1463 1462/1462/1462 1457/1457/1457
f 1453/1453/1453 1462/1462/1462 1463/1463/1463
f 1458/1458/1458 1457/1457/1457 1462/1462/1462
f 1460/1460/1460 1459/1459/1459 1461/1461/1461
f 1456/1456/1456 1459/1459/1459 1460/1460/1460
f 1458/1458/1458 1456/1456/1456 1457/1457/1457
f 1444/1444/1444 1455/1455/1455 1454/1454/1454
f 1455/1455/1455 1444/1444/1444 1442/1442/1442
f 1449/1449/1449 1444/1444/1444 1454/1454/1454
f 1444/1444/1444 1449/1449/1449 1448/1448/1448
f 1451/1451/1451 1450/1450/1450 1453/1453/1453
f 1452/1452/1452 1450/1450/1450 1451/1451/1451
f 1450/1450/1450 1448/1448/1448 1449/1449/1449
f 1439/1439/1439 1446/1446/1446 1447/1447/1447
f 1446/1446/1446 1439/1439/1439 1434/1434/1434
f 1442/1442/1442 1445/1445/1445 1443/1443/1443
f 1445/1445/1445 1442/1442/1442 1444/1444/1444
f 1439/1439/1439 1442/1442/1442 1443/1443/1443
f 1434/1434/1434 1441/1441/1441 1435/1435/1435
f 1434/1434/1434 1440/1440/1440 1441/1441/1441
f 1440/1440/1440 1434/1434/1434 1439/1439/1439
f 1431/1431/1431 1437/1437/1437 1438/1438/1438
f 1431/1431/1431 1436/1436/1436 1437/1437/1437
f 1436/1436/1436 1431/1431/1431 1429/1429/1429
f 1431/1431/1431 1434/1434/1434 1435/1435/1435
f 1429/1429/1429 1432/1432/1432 1433/1433/1433
f 1432/1432/1432 1429/1429/1429 1431/1431/1431
f 1427/1427/1427 1430/1430/1430 1428/1428/1428
f 1430/1430/1430 1427/1427/1427 1424/1424/1424
f 1429/1429/1429 1427/1427/1427 1428/1428/1428
f 1426/1426/1426 1424/1424/1424 1427/1427/1427
f 1425/1425/1425 1424/1424/1424 1426/1426/1426
f 1421/1421/1421 1425/1425/1425 1422/1422/1422
f 1425/1425/1425 1421/1421/1421 1424/1424/1424
f 1423/1423/1423 1418/1418/1418 1417/1417/1417
f 1420/1420/1420 1418/1418/1418 1423/1423/1423
f 1422/1422/1422 1420/1420/1420 1421/1421/1421
f 1413/1413/1413 1415/1415/1415 1416/1416/1416
f 1413/1413/1413 1417/1417/1417 1419/1419/1419
f 1419/1419/1419 1417/1417/1417 1418/1418/1418
f 1417/1417/1417 1413/1413/1413 1416/1416/1416
f 1413/1413/1413 1414/1414/1414 1415/1415/1415
f 1414/1414/1414 1410/1410/1410 1412/1412/1412
f 1414/1414/1414 1413/1413/1413 1410/1410/1410
f 1410/1410/1410 1408/1408/1408 1412/1412/1412
f 1408/1408/1408 1410/1410/1410 1411/1411/1411
f 1401/1401/1401 1404/1404/1404 1409/1409/1409
f 1402/1402/1402 1404/1404/1404 1401/1401/1401
f 1405/1405/1405 1407/1407/1407 1408/1408/1408
f 1405/1405/1405 1406/1406/1406 1407/1407/1407
f 1405/1405/1405 1402/1402/1402 1406/1406/1406
f 1402/1402/1402 1405/1405/1405 1403/1403/1403
f 1404/1404/1404 1402/1402/1402 1403/1403/1403
f 1398/1398/1398 1400/1400/1400 1401/1401/1401
f 1398/1398/1398 1395/1395/1395 1399/1399/1399
f 1395/1395/1395 1398/1398/1398 1396/1396/1396
f 1400/1400/1400 1398/1398/1398 1399/1399/1399
f 1397/1397/1397 1395/1395/1395 1396/1396/1396
f 1391/1391/1391 1393/1393/1393 1395/1395/1395
f 1391/1391/1391 1387/1387/1387 1394/1394/1394
f 1387/1387/1387 1391/1391/1391 1390/1390/1390
f 1392/1392/1392 1391/1391/1391 1394/1394/1394
f 1393/1393/1393 1391/1391/1391 1392/1392/1392
f 1388/1388/1388 1387/1387/1387 1390/1390/1390
f 1389/1389/1389 1387/1387/1387 1388/1388/1388
f 2328/2328/2328 2330/2330/2330 2331/2331/2331
f 2330/2330/2330 2328/2328/2328 2329/2329/2329
f 2334/2334/2334 2332/2332/2332 2333/2333/2333
f 2337/2337/2337 2335/2335/2335 2336/2336/2336
f 3338/3338/3338 3336/3336/3336 3337/3337/3337
f 3336/3336/3336 3338/3338/3338 3339/3339/3339
f 3342/3342/3342 3340/3340/3340 3341/3341/3341
f 3344/3344/3344 3343/3343/3343 3342/3342/3342
f 3346/3346/3346 3345/3345/3345 3344/3344/3344
f 3348/3348/3348 3347/3347/3347 3346/3346/3346
f 3350/3350/3350 3349/3349/3349 3348/3348/3348
f 3352/3352/3352 3351/3351/3351 3350/3350/3350
f 3354/3354/3354 3353/3353/3353 3352/3352/3352
f 3356/3356/3356 3355/3355/3355 3354/3354/3354
f 3358/3358/3358 3357/3357/3357 3356/3356/3356
f 3360/3360/3360 3359/3359/3359 3358/3358/3358
f 3362/3362/3362 3361/3361/3361 3360/3360/3360
f 3361/3361/3361 3362/3362/3362 3363/3363/3363
f 3359/3359/3359 3360/3360/3360 3361/3361/3361
f 3357/3357/3357 3358/3358/3358 3359/3359/3359
f 3355/3355/3355 3356/3356/3356 3357/3357/3357
f 3353/3353/3353 3354/3354/3354 3355/3355/3355
f 3351/3351/3351 3352/3352/3352 3353/3353/3353
f 3349/3349/3349 3350/3350/3350 3351/3351/3351
f 3347/3347/3347 3348/3348/3348 3349/3349/3349
f 3345/3345/3345 3346/3346/3346 3347/3347/3347
f 3343/3343/3343 3344/3344/3344 3345/3345/3345
f 3340/3340/3340 3342/3342/3342 3343/3343/3343
f 3366/3366/3366 3364/3364/3364 3365/3365/3365
f 3364/3364/3364 3366/3366/3366 3367/3367/3367
f 3683/3683/3683 3677/3677/3677 3686/3686/3686
f 3662/3662/3662 3664/3664/3664 3678/3678/3678
f 3675/3675/3675 3682/3682/3682 3688/3688/3688
f 3687/3687/3687 3677/3677/3677 3662/3662/3662
f 3665/3665/3665 3667/3667/3667 3684/3684/3684
f 3685/3685/3685 3677/3677/3677 3687/3687/3687
f 3670/3670/3670 3672/3672/3672 3681/3681/3681
f 3679/3679/3679 3684/3684/3684 3680/3680/3680
f 3686/3686/3686 3677/3677/3677 3685/3685/3685
f 3673/3673/3673 3683/3683/3683 3674/3674/3674
f 3668/3668/3668 3681/3681/3681 3669/3669/3669
f 3684/3684/3684 3679/3679/3679 3665/3665/3665
f 3678/3678/3678 3680/3680/3680 3662/3662/3662
f 3675/3675/3675 3677/3677/3677 3683/3683/3683
f 3683/3683/3683 3673/3673/3673 3682/3682/3682
f 3671/3671/3671 3674/3674/3674 3672/3672/3672
f 3681/3681/3681 3668/3668/3668 3670/3670/3670
f 3666/3666/3666 3669/3669/3669 3667/3667/3667
f 3680/3680/3680 3678/3678/3678 3679/3679/3679
f 3663/3663/3663 3662/3662/3662 3677/3677/3677
f 3677/3677/3677 3675/3675/3675 3676/3676/3676
f 3674/3674/3674 3671/3671/3671 3673/3673/3673
f 3672/3672/3672 3670/3670/3670 3671/3671/3671
f 3669/3669/3669 3666/3666/3666 3668/3668/3668
f 3667/3667/3667 3665/3665/3665 3666/3666/3666
f 3664/3664/3664 3662/3662/3662 3663/3663/3663
f 3682/3682/3682 3675/3675/3675 3683/3683/3683
f 3689/3689/3689 3691/3691/3691 3693/3693/3693
f 3692/3692/3692 3693/3693/3693 3695/3695/3695
f 3694/3694/3694 3695/3695/3695 3697/3697/3697
f 3696/3696/3696 3697/3697/3697 3699/3699/3699
f 3698/3698/3698 3699/3699/3699 3701/3701/3701
f 3700/3700/3700 3701/3701/3701 3703/3703/3703
f 3702/3702/3702 3703/3703/3703 3705/3705/3705
f 3704/3704/3704 3705/3705/3705 3707/3707/3707
f 3706/3706/3706 3707/3707/3707 3709/3709/3709
f 3708/3708/3708 3709/3709/3709 3711/3711/3711
f 3710/3710/3710 3711/3711/3711 3712/3712/3712
f 3690/3690/3690 3712/3712/3712 3691/3691/3691
f 3712/3712/3712 3690/3690/3690 3710/3710/3710
f 3711/3711/3711 3710/3710/3710 3708/3708/3708
f 3709/3709/3709 3708/3708/3708 3706/3706/3706
f 3707/3707/3707 3706/3706/3706 3704/3704/3704
f 3705/3705/3705 3704/3704/3704 3702/3702/3702
f 3703/3703/3703 3702/3702/3702 3700/3700/3700
f 3701/3701/3701 3700/3700/3700 3698/3698/3698
f 3699/3699/3699 3698/3698/3698 3696/3696/3696
f 3697/3697/3697 3696/3696/3696 3694/3694/3694
f 3695/3695/3695 3694/3694/3694 3692/3692/3692
f 3693/3693/3693 3692/3692/3692 3689/3689/3689
f 3691/3691/3691 3689/3689/3689 3690/3690/3690
